Time,ParticipantID,Scenario,Sequence,HeadX,HeadY,HeadZ,HeadYaw,HeadPitch,VideoX,VideoY,VideoZ,InstX,InstY,InstZ,GazeTarget,HitObjectName,AngleToVideo,AngleToInst,VideoDist,InstDist,VideoOcc,InstOcc,VideoOccHitName,InstOccHitName,VideoInCone,InstInCone,VideoVisible,InstVisible,VideoSpeed,InstSpeed,PanelSeparation,ScreenOverlapPct,BothVisible
0.00,Akash,AUIT_Single,CBA,1.000,0.000,1.000,0.0,0.0,-2.197,1.378,13.812,NaN,NaN,NaN,World,CabinetD01,15.2,NaN,13.277,NaN,1,0,CabinetD01,None,1,0,0,0,0.0000,NaN,NaN,NaN,0
0.35,Akash,AUIT_Single,CBA,1.000,0.000,1.000,0.0,0.0,-2.197,1.378,13.812,NaN,NaN,NaN,World,CabinetD01,15.2,NaN,13.277,NaN,1,0,CabinetD01,None,1,0,0,0,0.0000,NaN,NaN,NaN,0
0.37,Akash,AUIT_Single,CBA,1.000,0.000,1.000,0.0,0.0,-2.197,1.378,13.812,NaN,NaN,NaN,World,CabinetD01,15.2,NaN,13.277,NaN,1,0,CabinetD01,None,1,0,0,0,0.0000,NaN,NaN,NaN,0
0.38,Akash,AUIT_Single,CBA,1.000,0.000,1.000,0.0,0.0,-2.197,1.378,13.812,NaN,NaN,NaN,World,CabinetD01,15.2,NaN,13.277,NaN,1,0,CabinetD01,None,1,0,0,0,0.0000,NaN,NaN,NaN,0
0.41,Akash,AUIT_Single,CBA,1.000,0.000,1.000,0.0,0.0,-2.197,1.378,13.812,NaN,NaN,NaN,World,CabinetD01,15.2,NaN,13.277,NaN,1,0,CabinetD01,None,1,0,0,0,0.0000,NaN,NaN,NaN,0
0.51,Akash,AUIT_Single,CBA,1.000,0.000,1.000,0.0,0.0,-2.197,1.378,13.812,NaN,NaN,NaN,World,CabinetD01,15.2,NaN,13.277,NaN,1,0,CabinetD01,None,1,0,0,0,0.0000,NaN,NaN,NaN,0
0.60,Akash,AUIT_Single,CBA,1.000,0.000,1.000,0.0,0.0,-2.197,1.378,13.812,NaN,NaN,NaN,World,CabinetD01,15.2,NaN,13.277,NaN,1,0,CabinetD01,None,1,0,0,0,0.0000,NaN,NaN,NaN,0
0.71,Akash,AUIT_Single,CBA,1.000,0.000,1.000,0.0,0.0,-2.197,1.378,13.812,NaN,NaN,NaN,World,CabinetD01,15.2,NaN,13.277,NaN,1,0,CabinetD01,None,1,0,0,0,0.0000,NaN,NaN,NaN,0
1.12,Akash,AUIT_Single,CBA,1.000,0.000,1.000,0.0,0.0,-2.197,1.378,13.812,NaN,NaN,NaN,World,CabinetD01,15.2,NaN,13.277,NaN,1,0,CabinetD01,None,1,0,0,0,0.0000,NaN,NaN,NaN,0
1.13,Akash,AUIT_Single,CBA,0.956,1.762,0.984,351.0,7.1,-2.197,1.378,13.812,NaN,NaN,NaN,World,CabinetD05Door,7.2,NaN,13.216,NaN,1,0,CabinetD05Door,None,1,0,0,0,0.0000,NaN,NaN,NaN,0
1.17,Akash,AUIT_Single,CBA,0.956,1.762,0.984,350.8,7.2,-2.197,1.378,13.812,NaN,NaN,NaN,World,CabinetD05Door,7.2,NaN,13.216,NaN,1,0,CabinetD05Door,None,1,0,0,0,0.0000,NaN,NaN,NaN,0
1.18,Akash,AUIT_Single,CBA,0.956,1.762,0.984,350.4,7.4,-2.197,1.378,13.812,NaN,NaN,NaN,World,CabinetD05Door,7.1,NaN,13.216,NaN,1,0,CabinetD05Door,None,1,0,0,0,0.0000,NaN,NaN,NaN,0
1.21,Akash,AUIT_Single,CBA,0.956,1.762,0.984,350.1,7.6,-2.197,1.378,13.812,NaN,NaN,NaN,World,CabinetD05Door,7.1,NaN,13.215,NaN,1,0,CabinetD05Door,None,1,0,0,0,0.0000,NaN,NaN,NaN,0
1.31,Akash,AUIT_Single,CBA,0.956,1.760,0.985,349.8,8.4,-2.197,1.378,13.812,NaN,NaN,NaN,World,CabinetD05Door,7.6,NaN,13.214,NaN,1,0,CabinetD05Door,None,1,0,0,0,0.0000,NaN,NaN,NaN,0
1.41,Akash,AUIT_Single,CBA,0.958,1.760,0.987,350.0,8.9,-2.197,1.378,13.812,NaN,NaN,NaN,World,CabinetD05Door,8.1,NaN,13.213,NaN,1,0,CabinetD05Door,None,1,0,0,0,0.0000,NaN,NaN,NaN,0
1.51,Akash,AUIT_Single,CBA,0.959,1.760,0.988,350.0,9.0,-2.197,1.378,13.812,NaN,NaN,NaN,World,CabinetD05Door,8.3,NaN,13.212,NaN,1,0,CabinetD05Door,None,1,0,0,0,0.0000,NaN,NaN,NaN,0
1.60,Akash,AUIT_Single,CBA,0.959,1.758,0.990,349.3,9.8,-2.197,1.378,13.812,NaN,NaN,NaN,World,CabinetD05Door,8.7,NaN,13.210,NaN,1,0,CabinetD05Door,None,1,0,0,0,0.0000,NaN,NaN,NaN,0
1.76,Akash,AUIT_Single,CBA,0.957,1.757,0.992,347.9,10.2,-2.197,1.378,13.812,NaN,NaN,NaN,World,CabinetD05Door,8.7,NaN,13.208,NaN,1,0,CabinetD05,None,1,0,0,0,0.0000,NaN,NaN,NaN,0
1.81,Akash,AUIT_Single,CBA,0.952,1.757,0.993,345.0,10.8,-2.197,1.378,13.812,NaN,NaN,NaN,World,CabinetD05,9.2,NaN,13.205,NaN,1,0,CabinetD05,None,1,0,0,0,0.0000,NaN,NaN,NaN,0
1.91,Akash,AUIT_Single,CBA,0.941,1.754,0.993,340.8,12.8,-2.197,1.378,13.812,NaN,NaN,NaN,World,CabinetD05,12.4,NaN,13.203,NaN,1,0,CabinetD05,None,1,0,0,0,0.0000,NaN,NaN,NaN,0
2.01,Akash,AUIT_Single,CBA,0.927,1.752,0.992,337.4,14.6,-2.197,1.378,13.812,NaN,NaN,NaN,World,CabinetD06,15.7,NaN,13.201,NaN,1,0,CabinetD05,None,1,0,0,0,0.0000,NaN,NaN,NaN,0
2.10,Akash,AUIT_Single,CBA,0.908,1.749,0.988,334.6,16.9,-2.197,1.378,13.812,NaN,NaN,NaN,World,CabinetD06,19.2,NaN,13.200,NaN,1,0,CabinetD05,None,1,0,0,0,0.0000,NaN,NaN,NaN,0
2.20,Akash,AUIT_Single,CBA,0.888,1.746,0.980,330.7,18.5,-2.197,1.378,13.812,NaN,NaN,NaN,World,CabinetD06,22.9,NaN,13.203,NaN,1,0,CabinetD05,None,1,0,0,0,0.0000,NaN,NaN,NaN,0
2.41,Akash,AUIT_Single,CBA,0.874,1.743,0.958,323.5,20.1,-2.197,1.378,13.812,NaN,NaN,NaN,World,Wall4m,29.2,NaN,13.221,NaN,1,0,CabinetD05,None,0,0,0,0,0.0000,NaN,NaN,NaN,0
2.42,Akash,AUIT_Single,CBA,0.874,1.745,0.947,320.5,18.6,-2.197,1.378,13.812,NaN,NaN,NaN,World,Wall4m,30.7,NaN,13.232,NaN,1,0,CabinetD05,None,0,0,0,0,0.0000,NaN,NaN,NaN,0
2.51,Akash,AUIT_Single,CBA,0.880,1.742,0.934,315.9,19.2,-2.197,1.378,13.812,NaN,NaN,NaN,World,Wall4m,34.8,NaN,13.246,NaN,1,0,CabinetD05,None,0,0,0,0,0.0000,NaN,NaN,NaN,0
2.60,Akash,AUIT_Single,CBA,0.890,1.740,0.924,309.9,22.1,-2.197,1.378,13.812,NaN,NaN,NaN,World,Wall4m,41.1,NaN,13.257,NaN,1,0,CabinetD05,None,0,0,0,0,0.0000,NaN,NaN,NaN,0
2.70,Akash,AUIT_Single,CBA,0.898,1.736,0.925,310.0,22.6,-2.197,1.378,13.812,NaN,NaN,NaN,World,Wall4m,41.2,NaN,13.259,NaN,1,0,CabinetD05,None,0,0,0,0,0.0000,NaN,NaN,NaN,0
2.81,Akash,AUIT_Single,CBA,0.903,1.735,0.920,312.1,24.0,-2.197,1.378,13.812,NaN,NaN,NaN,World,Wall4m,40.1,NaN,13.264,NaN,1,0,CabinetD05,None,0,0,0,0,0.0000,NaN,NaN,NaN,0
3.02,Akash,AUIT_Single,CBA,0.900,1.737,0.909,311.1,23.1,-2.197,1.378,13.812,NaN,NaN,NaN,World,Wall4m,40.5,NaN,13.275,NaN,1,0,CabinetD05,None,0,0,0,0,0.0000,NaN,NaN,NaN,0
3.04,Akash,AUIT_Single,CBA,0.896,1.738,0.904,311.2,22.8,-2.197,1.378,13.812,NaN,NaN,NaN,World,Wall4m,40.3,NaN,13.278,NaN,1,0,CabinetD05,None,0,0,0,0,0.0000,NaN,NaN,NaN,0
3.10,Akash,AUIT_Single,CBA,0.886,1.739,0.901,312.4,22.7,-2.197,1.378,13.812,NaN,NaN,NaN,World,Wall4m,39.3,NaN,13.279,NaN,1,0,CabinetD05,None,0,0,0,0,0.0000,NaN,NaN,NaN,0
3.20,Akash,AUIT_Single,CBA,0.863,1.739,0.898,313.6,22.1,-2.197,1.378,13.812,NaN,NaN,NaN,World,Wall4m,38.1,NaN,13.277,NaN,1,0,CabinetD06,None,0,0,0,0,0.0000,NaN,NaN,NaN,0
3.31,Akash,AUIT_Single,CBA,0.821,1.735,0.894,313.5,22.6,-2.197,1.378,13.812,NaN,NaN,NaN,World,Wall4m,38.7,NaN,13.271,NaN,1,0,CabinetD06,None,0,0,0,0,0.0000,NaN,NaN,NaN,0
3.41,Akash,AUIT_Single,CBA,0.778,1.734,0.892,312.8,23.2,-2.197,1.378,13.812,NaN,NaN,NaN,World,Wall4m,39.6,NaN,13.263,NaN,1,0,CabinetD06,None,0,0,0,0,0.0000,NaN,NaN,NaN,0
3.51,Akash,AUIT_Single,CBA,0.735,1.735,0.890,311.3,21.8,-2.197,1.378,13.812,NaN,NaN,NaN,World,Wall4m,40.4,NaN,13.255,NaN,1,0,CabinetD06,None,0,0,0,0,0.0000,NaN,NaN,NaN,0
3.65,Akash,AUIT_Single,CBA,0.703,1.735,0.893,309.9,22.2,-2.197,1.378,13.812,NaN,NaN,NaN,World,Wall4m,41.8,NaN,13.245,NaN,1,0,CabinetD06,None,0,0,0,0,0.0000,NaN,NaN,NaN,0
3.70,Akash,AUIT_Single,CBA,0.666,1.736,0.901,309.4,23.3,-2.197,1.378,13.812,NaN,NaN,NaN,World,Wall4m,42.8,NaN,13.230,NaN,1,0,CabinetD06,None,0,0,0,0,0.0000,NaN,NaN,NaN,0
3.81,Akash,AUIT_Single,CBA,0.637,1.737,0.913,309.2,24.5,-2.197,1.378,13.812,NaN,NaN,NaN,World,Wall4m,43.6,NaN,13.212,NaN,1,0,CabinetD06,None,0,0,0,0,0.0000,NaN,NaN,NaN,0
3.91,Akash,AUIT_Single,CBA,0.620,1.737,0.926,308.4,24.3,-2.197,1.378,13.812,NaN,NaN,NaN,World,Wall4m,44.3,NaN,13.195,NaN,1,0,CabinetD06,None,0,0,0,0,0.0000,NaN,NaN,NaN,0
4.01,Akash,AUIT_Single,CBA,0.620,1.732,0.938,307.7,25.8,-2.197,1.378,13.812,NaN,NaN,NaN,World,Wall4m,45.5,NaN,13.184,NaN,1,0,CabinetD06,None,0,0,0,0,0.0000,NaN,NaN,NaN,0
4.11,Akash,AUIT_Single,CBA,0.631,1.737,0.951,306.1,24.9,-2.197,1.378,13.812,NaN,NaN,NaN,World,Wall4m,46.3,NaN,13.173,NaN,1,0,CabinetD06,None,0,0,0,0,0.0000,NaN,NaN,NaN,0
4.30,Akash,AUIT_Single,CBA,0.645,1.741,0.981,308.5,23.0,-2.197,1.378,13.812,NaN,NaN,NaN,World,CabinetD06Door,43.5,NaN,13.147,NaN,1,0,CabinetD06,None,0,0,0,0,0.0000,NaN,NaN,NaN,0
4.31,Akash,AUIT_Single,CBA,0.652,1.737,0.998,311.1,24.0,-2.197,1.378,13.812,NaN,NaN,NaN,World,Wall4m,41.7,NaN,13.132,NaN,1,0,CabinetD06,None,0,0,0,0,0.0000,NaN,NaN,NaN,0
4.41,Akash,AUIT_Single,CBA,0.660,1.732,1.016,314.6,25.7,-2.197,1.378,13.812,NaN,NaN,NaN,World,Wall4m,39.8,NaN,13.116,NaN,1,0,CabinetD06,None,0,0,0,0,0.0000,NaN,NaN,NaN,0
4.51,Akash,AUIT_Single,CBA,0.659,1.731,1.023,318.5,26.5,-2.197,1.378,13.812,NaN,NaN,NaN,World,Wall4m,37.3,NaN,13.109,NaN,1,0,CabinetD06,None,0,0,0,0,0.0000,NaN,NaN,NaN,0
4.61,Akash,AUIT_Single,CBA,0.649,1.733,1.023,320.9,24.5,-2.197,1.378,13.812,NaN,NaN,NaN,World,Wall4m,34.5,NaN,13.107,NaN,1,0,CabinetD06,None,0,0,0,0,0.0000,NaN,NaN,NaN,0
4.70,Akash,AUIT_Single,CBA,0.636,1.731,1.016,324.3,24.5,-2.197,1.378,13.812,NaN,NaN,NaN,World,Wall4m,32.1,NaN,13.111,NaN,1,0,CabinetD06,None,0,0,0,0,0.0000,NaN,NaN,NaN,0
4.80,Akash,AUIT_Single,CBA,0.622,1.740,1.007,333.4,21.8,-2.197,1.378,13.812,NaN,NaN,NaN,World,Wall4m,24.4,NaN,13.117,NaN,1,0,CabinetD06,None,1,0,0,0,0.0000,NaN,NaN,NaN,0
4.91,Akash,AUIT_Single,CBA,0.615,1.754,0.998,348.8,13.3,-2.197,1.378,13.812,NaN,NaN,NaN,World,CabinetD06,11.8,NaN,13.124,NaN,1,0,CabinetD06,None,1,0,0,0,0.0000,NaN,NaN,NaN,0
5.01,Akash,AUIT_Single,CBA,0.609,1.763,0.988,358.6,8.6,-2.197,1.378,13.812,NaN,NaN,NaN,World,Wall4m,12.9,NaN,13.133,NaN,1,0,CabinetD06,None,1,0,0,0,0.0000,NaN,NaN,NaN,0
5.11,Akash,AUIT_Single,CBA,0.604,1.768,0.978,2.1,5.5,-2.197,1.378,13.812,NaN,NaN,NaN,World,Wall4m,14.8,NaN,13.142,NaN,1,0,CabinetD06,None,1,0,0,0,0.0000,NaN,NaN,NaN,0
5.20,Akash,AUIT_Single,CBA,0.604,1.772,0.969,2.7,3.6,-2.197,1.378,13.812,NaN,NaN,NaN,World,CabinetD05,15.1,NaN,13.151,NaN,1,0,CabinetD06,None,1,0,0,0,0.0000,NaN,NaN,NaN,0
5.30,Akash,AUIT_Single,CBA,0.605,1.776,0.961,357.7,1.3,-2.197,1.378,13.812,NaN,NaN,NaN,World,Wall4m,10.0,NaN,13.160,NaN,1,0,CabinetD06,None,1,0,0,0,0.0000,NaN,NaN,NaN,0
5.41,Akash,AUIT_Single,CBA,0.603,1.782,0.952,343.3,358.7,-2.197,1.378,13.812,NaN,NaN,NaN,World,CabinetD06,5.4,NaN,13.168,NaN,1,0,CabinetD06,None,1,0,0,0,0.0000,NaN,NaN,NaN,0
5.51,Akash,AUIT_Single,CBA,0.591,1.781,0.935,320.0,358.5,-2.197,1.378,13.812,NaN,NaN,NaN,World,CabinetD06Door,27.9,NaN,13.182,NaN,1,0,CabinetD06,None,0,0,0,0,0.0000,NaN,NaN,NaN,0
5.61,Akash,AUIT_Single,CBA,0.580,1.774,0.904,291.8,2.3,-2.197,1.378,13.812,NaN,NaN,NaN,World,Refrigerator03_Door01,56.0,NaN,13.209,NaN,1,0,CabinetD06,None,0,0,0,0,0.0000,NaN,NaN,NaN,0
5.70,Akash,AUIT_Single,CBA,0.584,1.769,0.872,269.8,5.5,-2.197,1.378,13.812,NaN,NaN,NaN,World,Refrigerator03_Door01,78.0,NaN,13.241,NaN,1,0,CabinetD06,None,0,0,0,0,0.0000,NaN,NaN,NaN,0
5.81,Akash,AUIT_Single,CBA,0.597,1.769,0.850,257.8,5.0,-2.197,1.378,13.812,NaN,NaN,NaN,World,Refrigerator03,89.9,NaN,13.265,NaN,1,0,CabinetD06,None,0,0,0,0,0.0000,NaN,NaN,NaN,0
5.92,Akash,AUIT_Single,CBA,0.607,1.767,0.844,255.6,6.0,-2.197,1.378,13.812,NaN,NaN,NaN,World,Refrigerator03,92.0,NaN,13.273,NaN,1,0,CabinetD06,None,0,0,0,0,0.0000,NaN,NaN,NaN,0
6.01,Akash,AUIT_Single,CBA,0.612,1.766,0.852,259.9,6.6,-2.197,1.378,13.812,NaN,NaN,NaN,World,Refrigerator03,87.7,NaN,13.266,NaN,1,0,CabinetD06,None,0,0,0,0,0.0000,NaN,NaN,NaN,0
6.11,Akash,AUIT_Single,CBA,0.614,1.765,0.871,270.7,7.2,-2.197,1.378,13.812,NaN,NaN,NaN,World,Video Quad,77.0,NaN,13.248,NaN,1,0,CabinetD06,None,0,0,0,0,0.0000,NaN,NaN,NaN,0
6.20,Akash,AUIT_Single,CBA,0.618,1.765,0.899,287.9,7.2,-2.197,1.378,13.812,NaN,NaN,NaN,World,Refrigerator03_Door01,59.8,NaN,13.222,NaN,1,0,CabinetD06,None,0,0,0,0,0.0000,NaN,NaN,NaN,0
6.31,Akash,AUIT_Single,CBA,0.626,1.765,0.916,301.4,7.4,-2.197,1.378,13.812,NaN,NaN,NaN,World,Wall4m,46.4,NaN,13.207,NaN,1,0,CabinetD06,None,0,0,0,0,0.0000,NaN,NaN,NaN,0
6.41,Akash,AUIT_Single,CBA,0.628,1.766,0.917,302.2,6.7,-2.197,1.378,13.812,NaN,NaN,NaN,World,Wall4m,45.6,NaN,13.207,NaN,1,0,CabinetD06,None,0,0,0,0,0.0000,NaN,NaN,NaN,0
6.54,Akash,AUIT_Single,CBA,0.626,1.768,0.912,299.8,5.7,-2.197,1.378,13.812,NaN,NaN,NaN,World,Wall4m,47.9,NaN,13.211,NaN,1,0,CabinetD06,None,0,0,0,0,0.0000,NaN,NaN,NaN,0
6.61,Akash,AUIT_Single,CBA,0.618,1.772,0.894,289.4,2.2,-2.197,1.378,13.812,NaN,NaN,NaN,World,Refrigerator03_Door01,58.2,NaN,13.228,NaN,1,0,CabinetD06,None,0,0,0,0,0.0000,NaN,NaN,NaN,0
6.70,Akash,AUIT_Single,CBA,0.610,1.771,0.883,282.5,2.3,-2.197,1.378,13.812,NaN,NaN,NaN,World,Video Quad,65.2,NaN,13.236,NaN,1,0,CabinetD06,None,0,0,0,0,0.0000,NaN,NaN,NaN,0
6.81,Akash,AUIT_Single,CBA,0.599,1.769,0.882,281.0,4.3,-2.197,1.378,13.812,NaN,NaN,NaN,World,Video Quad,66.8,NaN,13.235,NaN,1,0,CabinetD06,None,0,0,0,0,0.0000,NaN,NaN,NaN,0
6.91,Akash,AUIT_Single,CBA,0.590,1.766,0.886,281.5,5.7,-2.197,1.378,13.812,NaN,NaN,NaN,World,Video Quad,66.2,NaN,13.229,NaN,1,0,CabinetD06,None,0,0,0,0,0.0000,NaN,NaN,NaN,0
7.01,Akash,AUIT_Single,CBA,0.582,1.761,0.895,283.6,8.4,-2.197,1.378,13.812,NaN,NaN,NaN,World,Video Quad,64.3,NaN,13.218,NaN,1,0,CabinetD06,None,0,0,0,0,0.0000,NaN,NaN,NaN,0
7.11,Akash,AUIT_Single,CBA,0.577,1.754,0.910,289.3,12.0,-2.197,1.378,13.812,NaN,NaN,NaN,World,Refrigerator03_Door01,59.0,NaN,13.202,NaN,1,0,CabinetD06,None,0,0,0,0,0.0000,NaN,NaN,NaN,0
7.20,Akash,AUIT_Single,CBA,0.571,1.755,0.919,291.0,11.1,-2.197,1.378,13.812,NaN,NaN,NaN,World,Refrigerator03_Door01,57.2,NaN,13.193,NaN,1,0,CabinetD06,None,0,0,0,0,0.0000,NaN,NaN,NaN,0
7.31,Akash,AUIT_Single,CBA,0.565,1.758,0.913,282.0,8.9,-2.197,1.378,13.812,NaN,NaN,NaN,World,Video Quad,65.9,NaN,13.197,NaN,1,0,CabinetD06,None,0,0,0,0,0.0000,NaN,NaN,NaN,0
7.41,Akash,AUIT_Single,CBA,0.561,1.757,0.908,276.7,8.9,-2.197,1.378,13.812,NaN,NaN,NaN,World,Video Quad,71.3,NaN,13.201,NaN,1,0,CabinetD06,None,0,0,0,0,0.0000,NaN,NaN,NaN,0
7.51,Akash,AUIT_Single,CBA,0.559,1.757,0.904,274.5,8.3,-2.197,1.378,13.812,NaN,NaN,NaN,World,Video Quad,73.4,NaN,13.205,NaN,1,0,CabinetD06,None,0,0,0,0,0.0000,NaN,NaN,NaN,0
7.61,Akash,AUIT_Single,CBA,0.557,1.758,0.900,272.7,7.8,-2.197,1.378,13.812,NaN,NaN,NaN,World,Video Quad,75.2,NaN,13.208,NaN,1,0,CabinetD06,None,0,0,0,0,0.0000,NaN,NaN,NaN,0
7.70,Akash,AUIT_Single,CBA,0.557,1.758,0.898,271.6,7.8,-2.197,1.378,13.812,NaN,NaN,NaN,World,Video Quad,76.3,NaN,13.210,NaN,1,0,CabinetD06,None,0,0,0,0,0.0000,NaN,NaN,NaN,0
7.81,Akash,AUIT_Single,CBA,0.558,1.758,0.899,271.8,7.9,-2.197,1.378,13.812,NaN,NaN,NaN,World,Video Quad,76.1,NaN,13.209,NaN,1,0,CabinetD06,None,0,0,0,0,0.0000,NaN,NaN,NaN,0
7.91,Akash,AUIT_Single,CBA,0.559,1.758,0.902,272.7,7.7,-2.197,1.378,13.812,NaN,NaN,NaN,World,Video Quad,75.1,NaN,13.207,NaN,1,0,CabinetD06,None,0,0,0,0,0.0000,NaN,NaN,NaN,0
8.01,Akash,AUIT_Single,CBA,0.561,1.757,0.911,278.0,9.1,-2.197,1.378,13.812,NaN,NaN,NaN,World,Video Quad,69.9,NaN,13.198,NaN,1,0,CabinetD06,None,0,0,0,0,0.0000,NaN,NaN,NaN,0
8.11,Akash,AUIT_Single,CBA,0.565,1.749,0.930,291.2,13.5,-2.197,1.378,13.812,NaN,NaN,NaN,World,Refrigerator03_Door01,57.3,NaN,13.181,NaN,1,0,CabinetD06,None,0,0,0,0,0.0000,NaN,NaN,NaN,0
8.20,Akash,AUIT_Single,CBA,0.573,1.741,0.951,306.6,18.0,-2.197,1.378,13.812,NaN,NaN,NaN,World,Wall4m,43.7,NaN,13.161,NaN,1,0,CabinetD06,None,0,0,0,0,0.0000,NaN,NaN,NaN,0
8.30,Akash,AUIT_Single,CBA,0.578,1.736,0.968,318.4,19.8,-2.197,1.378,13.812,NaN,NaN,NaN,World,CabinetD06Door,34.1,NaN,13.146,NaN,1,0,CabinetD06,None,0,0,0,0,0.0000,NaN,NaN,NaN,0
8.41,Akash,AUIT_Single,CBA,0.577,1.734,0.977,323.4,20.8,-2.197,1.378,13.812,NaN,NaN,NaN,World,Wall4m,30.6,NaN,13.137,NaN,1,0,CabinetD06,None,0,0,0,0,0.0000,NaN,NaN,NaN,0
8.51,Akash,AUIT_Single,CBA,0.570,1.733,0.979,322.9,21.2,-2.197,1.378,13.812,NaN,NaN,NaN,World,Wall4m,31.3,NaN,13.132,NaN,1,0,CabinetD06,None,0,0,0,0,0.0000,NaN,NaN,NaN,0
8.72,Akash,AUIT_Single,CBA,0.549,1.731,0.982,321.9,22.0,-2.197,1.378,13.812,NaN,NaN,NaN,World,CabinetD06Door,32.6,NaN,13.126,NaN,1,0,CabinetD06,None,0,0,0,0,0.0000,NaN,NaN,NaN,0
8.73,Akash,AUIT_Single,CBA,0.534,1.730,0.983,321.3,22.2,-2.197,1.378,13.812,NaN,NaN,NaN,World,CabinetD06Door,33.1,NaN,13.122,NaN,1,0,CabinetD06,None,0,0,0,0,0.0000,NaN,NaN,NaN,0
8.80,Akash,AUIT_Single,CBA,0.518,1.728,0.983,320.7,22.4,-2.197,1.378,13.812,NaN,NaN,NaN,World,CabinetD06Door,33.8,NaN,13.119,NaN,1,0,CabinetD06,None,0,0,0,0,0.0000,NaN,NaN,NaN,0
8.91,Akash,AUIT_Single,CBA,0.494,1.727,0.978,319.8,22.9,-2.197,1.378,13.812,NaN,NaN,NaN,World,CabinetD06Door,34.8,NaN,13.118,NaN,1,0,CabinetD06,None,0,0,0,0,0.0000,NaN,NaN,NaN,0
9.01,Akash,AUIT_Single,CBA,0.481,1.726,0.970,319.7,24.0,-2.197,1.378,13.812,NaN,NaN,NaN,World,CabinetD06Door,35.6,NaN,13.123,NaN,1,0,CabinetD06,None,0,0,0,0,0.0000,NaN,NaN,NaN,0
9.11,Akash,AUIT_Single,CBA,0.473,1.728,0.961,320.4,23.0,-2.197,1.378,13.812,NaN,NaN,NaN,World,CabinetD06Door,34.5,NaN,13.130,NaN,1,0,CabinetD06,None,0,0,0,0,0.0000,NaN,NaN,NaN,0
9.20,Akash,AUIT_Single,CBA,0.471,1.729,0.956,321.3,22.4,-2.197,1.378,13.812,NaN,NaN,NaN,World,CabinetD06Door,33.5,NaN,13.135,NaN,1,0,CabinetD06,None,0,0,0,0,0.0000,NaN,NaN,NaN,0
9.31,Akash,AUIT_Single,CBA,0.471,1.729,0.954,321.7,22.3,-2.197,1.378,13.812,NaN,NaN,NaN,World,CabinetD06Door,33.2,NaN,13.137,NaN,1,0,CabinetD06,None,0,0,0,0,0.0000,NaN,NaN,NaN,0
9.41,Akash,AUIT_Single,CBA,0.481,1.728,0.952,324.0,23.0,-2.197,1.378,13.812,NaN,NaN,NaN,World,CabinetD06Door,31.9,NaN,13.140,NaN,1,0,CabinetD06,None,0,0,0,0,0.0000,NaN,NaN,NaN,0
9.51,Akash,AUIT_Single,CBA,0.494,1.728,0.955,327.6,23.1,-2.197,1.378,13.812,NaN,NaN,NaN,World,Wall4m,29.5,NaN,13.140,NaN,1,0,CabinetD06,None,0,0,0,0,0.0000,NaN,NaN,NaN,0
9.61,Akash,AUIT_Single,CBA,0.512,1.727,0.962,332.7,23.2,-2.197,1.378,13.812,NaN,NaN,NaN,World,Wall4m,26.4,NaN,13.137,NaN,1,0,CabinetD06,None,0,0,0,0,0.0000,NaN,NaN,NaN,0
9.70,Akash,AUIT_Single,CBA,0.536,1.726,0.973,340.9,24.2,-2.197,1.378,13.812,NaN,NaN,NaN,World,Wall4m,23.7,NaN,13.131,NaN,1,0,CabinetD06,None,1,0,0,0,0.0000,NaN,NaN,NaN,0
9.80,Akash,AUIT_Single,CBA,0.566,1.725,0.985,351.8,24.5,-2.197,1.378,13.812,NaN,NaN,NaN,World,Wall4m,23.3,NaN,13.126,NaN,1,0,CabinetD06,None,1,0,0,0,0.0000,NaN,NaN,NaN,0
9.91,Akash,AUIT_Single,CBA,0.599,1.723,0.996,2.1,25.2,-2.197,1.378,13.812,NaN,NaN,NaN,World,Wall4m,27.5,NaN,13.123,NaN,1,0,CabinetD06,None,0,0,0,0,0.0000,NaN,NaN,NaN,0
10.01,Akash,AUIT_Single,CBA,0.623,1.722,1.003,7.9,25.8,-2.197,1.378,13.812,NaN,NaN,NaN,World,Wall4m,31.2,NaN,13.121,NaN,1,0,CabinetD06,None,0,0,0,0,0.0000,NaN,NaN,NaN,0
10.11,Akash,AUIT_Single,CBA,0.643,1.722,1.007,11.7,25.9,-2.197,1.378,13.812,NaN,NaN,NaN,World,Wall4m,33.7,NaN,13.121,NaN,1,0,CabinetD06,None,0,0,0,0,0.0000,NaN,NaN,NaN,0
10.20,Akash,AUIT_Single,CBA,0.656,1.723,1.009,13.3,25.8,-2.197,1.378,13.812,NaN,NaN,NaN,World,Wall4m,34.8,NaN,13.122,NaN,1,0,CabinetD06,None,0,0,0,0,0.0000,NaN,NaN,NaN,0
10.30,Akash,AUIT_Single,CBA,0.663,1.725,1.009,13.7,25.2,-2.197,1.378,13.812,NaN,NaN,NaN,World,Wall4m,34.7,NaN,13.123,NaN,1,0,CabinetD06,None,0,0,0,0,0.0000,NaN,NaN,NaN,0
10.45,Akash,AUIT_Single,CBA,0.667,1.726,1.010,14.3,24.5,-2.197,1.378,13.812,NaN,NaN,NaN,World,Wall4m,34.7,NaN,13.123,NaN,1,0,CabinetD06,None,0,0,0,0,0.0000,NaN,NaN,NaN,0
10.51,Akash,AUIT_Single,CBA,0.676,1.727,1.012,16.0,23.9,-2.197,1.378,13.812,NaN,NaN,NaN,World,Wall4m,35.7,NaN,13.123,NaN,1,0,CabinetD06,None,0,0,0,0,0.0000,NaN,NaN,NaN,0
10.61,Akash,AUIT_Single,CBA,0.682,1.727,1.015,17.0,24.1,-2.197,1.378,13.812,NaN,NaN,NaN,World,Wall4m,36.5,NaN,13.122,NaN,1,0,CabinetD06,None,0,0,0,0,0.0000,NaN,NaN,NaN,0
10.70,Akash,AUIT_Single,CBA,0.688,1.727,1.019,16.2,24.1,-2.197,1.378,13.812,NaN,NaN,NaN,World,Wall4m,36.0,NaN,13.119,NaN,1,0,CabinetD06,None,0,0,0,0,0.0000,NaN,NaN,NaN,0
10.80,Akash,AUIT_Single,CBA,0.695,1.727,1.023,15.5,24.3,-2.197,1.378,13.812,NaN,NaN,NaN,World,Wall4m,35.5,NaN,13.117,NaN,1,0,CabinetD06,None,0,0,0,0,0.0000,NaN,NaN,NaN,0
10.91,Akash,AUIT_Single,CBA,0.704,1.725,1.029,15.2,24.8,-2.197,1.378,13.812,NaN,NaN,NaN,World,Wall4m,35.6,NaN,13.112,NaN,1,0,CabinetD06,None,0,0,0,0,0.0000,NaN,NaN,NaN,0
11.01,Akash,AUIT_Single,CBA,0.711,1.724,1.035,14.3,25.6,-2.197,1.378,13.812,NaN,NaN,NaN,World,Wall4m,35.5,NaN,13.108,NaN,1,0,CabinetD06,None,0,0,0,0,0.0000,NaN,NaN,NaN,0
11.11,Akash,AUIT_Single,CBA,0.717,1.722,1.040,13.2,26.2,-2.197,1.378,13.812,NaN,NaN,NaN,World,Wall4m,35.2,NaN,13.105,NaN,1,0,CabinetD06,None,0,0,0,0,0.0000,NaN,NaN,NaN,0
11.20,Akash,AUIT_Single,CBA,0.722,1.721,1.045,12.6,26.7,-2.197,1.378,13.812,NaN,NaN,NaN,World,Wall4m,35.1,NaN,13.102,NaN,1,0,CabinetD06,None,0,0,0,0,0.0000,NaN,NaN,NaN,0
11.30,Akash,AUIT_Single,CBA,0.727,1.719,1.047,12.2,27.2,-2.197,1.378,13.812,NaN,NaN,NaN,World,Wall4m,35.2,NaN,13.100,NaN,1,0,CabinetD06,None,0,0,0,0,0.0000,NaN,NaN,NaN,0
11.41,Akash,AUIT_Single,CBA,0.731,1.719,1.049,11.1,27.3,-2.197,1.378,13.812,NaN,NaN,NaN,World,Wall4m,34.6,NaN,13.099,NaN,1,0,CabinetD06,None,0,0,0,0,0.0000,NaN,NaN,NaN,0
11.51,Akash,AUIT_Single,CBA,0.732,1.719,1.048,10.1,27.2,-2.197,1.378,13.812,NaN,NaN,NaN,World,Wall4m,33.9,NaN,13.100,NaN,1,0,CabinetD06,None,0,0,0,0,0.0000,NaN,NaN,NaN,0
11.61,Akash,AUIT_Single,CBA,0.730,1.720,1.047,9.2,26.9,-2.197,1.378,13.812,NaN,NaN,NaN,World,Wall4m,33.1,NaN,13.101,NaN,1,0,CabinetD06,None,0,0,0,0,0.0000,NaN,NaN,NaN,0
11.70,Akash,AUIT_Single,CBA,0.727,1.721,1.044,7.5,26.7,-2.197,1.378,13.812,NaN,NaN,NaN,World,Wall4m,31.9,NaN,13.103,NaN,1,0,CabinetD06,None,0,0,0,0,0.0000,NaN,NaN,NaN,0
11.80,Akash,AUIT_Single,CBA,0.718,1.722,1.042,3.0,26.2,-2.197,1.378,13.812,NaN,NaN,NaN,World,Wall4m,29.0,NaN,13.103,NaN,1,0,CabinetD06,None,0,0,0,0,0.0000,NaN,NaN,NaN,0
11.91,Akash,AUIT_Single,CBA,0.702,1.725,1.036,353.8,24.9,-2.197,1.378,13.812,NaN,NaN,NaN,World,Wall4m,24.3,NaN,13.105,NaN,1,0,CabinetD06,None,1,0,0,0,0.0000,NaN,NaN,NaN,0
12.01,Akash,AUIT_Single,CBA,0.685,1.728,1.028,345.4,23.5,-2.197,1.378,13.812,NaN,NaN,NaN,World,Wall4m,22.0,NaN,13.110,NaN,1,0,CabinetD06,None,1,0,0,0,0.0000,NaN,NaN,NaN,0
12.11,Akash,AUIT_Single,CBA,0.667,1.730,1.018,337.1,22.5,-2.197,1.378,13.812,NaN,NaN,NaN,World,Wall4m,23.3,NaN,13.115,NaN,1,0,CabinetD06,None,1,0,0,0,0.0000,NaN,NaN,NaN,0
12.20,Akash,AUIT_Single,CBA,0.653,1.731,1.009,332.3,22.7,-2.197,1.378,13.812,NaN,NaN,NaN,World,Wall4m,25.8,NaN,13.121,NaN,1,0,CabinetD06,None,0,0,0,0,0.0000,NaN,NaN,NaN,0
12.30,Akash,AUIT_Single,CBA,0.644,1.731,1.001,329.4,23.5,-2.197,1.378,13.812,NaN,NaN,NaN,World,Wall4m,28.0,NaN,13.127,NaN,1,0,CabinetD06,None,0,0,0,0,0.0000,NaN,NaN,NaN,0
12.41,Akash,AUIT_Single,CBA,0.641,1.732,0.991,325.8,23.7,-2.197,1.378,13.812,NaN,NaN,NaN,World,Wall4m,30.5,NaN,13.136,NaN,1,0,CabinetD06,None,0,0,0,0,0.0000,NaN,NaN,NaN,0
12.63,Akash,AUIT_Single,CBA,0.650,1.731,0.974,321.5,25.1,-2.197,1.378,13.812,NaN,NaN,NaN,World,Wall4m,34.4,NaN,13.154,NaN,1,0,CabinetD06,None,0,0,0,0,0.0000,NaN,NaN,NaN,0
12.65,Akash,AUIT_Single,CBA,0.655,1.732,0.965,320.6,24.8,-2.197,1.378,13.812,NaN,NaN,NaN,World,Wall4m,34.8,NaN,13.165,NaN,1,0,CabinetD06,None,0,0,0,0,0.0000,NaN,NaN,NaN,0
12.70,Akash,AUIT_Single,CBA,0.659,1.730,0.953,320.7,25.1,-2.197,1.378,13.812,NaN,NaN,NaN,World,Wall4m,35.0,NaN,13.177,NaN,1,0,CabinetD06,None,0,0,0,0,0.0000,NaN,NaN,NaN,0
12.80,Akash,AUIT_Single,CBA,0.668,1.731,0.923,323.6,25.6,-2.197,1.378,13.812,NaN,NaN,NaN,World,Wall4m,33.3,NaN,13.209,NaN,1,0,CabinetD06,None,0,0,0,0,0.0000,NaN,NaN,NaN,0
12.91,Akash,AUIT_Single,CBA,0.669,1.731,0.876,330.4,22.9,-2.197,1.378,13.812,NaN,NaN,NaN,World,Wall4m,27.1,NaN,13.254,NaN,1,0,CabinetD06,None,0,0,0,0,0.0000,NaN,NaN,NaN,0
13.01,Akash,AUIT_Single,CBA,0.659,1.726,0.830,336.4,23.4,-2.197,1.378,13.812,NaN,NaN,NaN,World,Wall4m,24.5,NaN,13.298,NaN,1,0,CabinetD06,None,1,0,0,0,0.0000,NaN,NaN,NaN,0
13.11,Akash,AUIT_Single,CBA,0.639,1.723,0.783,338.8,23.8,-2.197,1.378,13.812,NaN,NaN,NaN,World,Wall4m,24.0,NaN,13.339,NaN,1,0,CabinetD06,None,1,0,0,0,0.0000,NaN,NaN,NaN,0
13.20,Akash,AUIT_Single,CBA,0.621,1.729,0.737,335.9,26.4,-2.197,1.378,13.812,NaN,NaN,NaN,World,Wall4m,27.4,NaN,13.380,NaN,1,0,CabinetD06,None,0,0,0,0,0.0000,NaN,NaN,NaN,0
13.30,Akash,AUIT_Single,CBA,0.611,1.739,0.702,334.2,22.3,-2.197,1.378,13.812,NaN,NaN,NaN,World,Wall4m,24.7,NaN,13.412,NaN,1,0,CabinetD06,None,1,0,0,0,0.0000,NaN,NaN,NaN,0
13.41,Akash,AUIT_Single,CBA,0.606,1.738,0.669,335.4,23.8,-2.197,1.378,13.812,NaN,NaN,NaN,World,Wall4m,25.4,NaN,13.444,NaN,1,0,CabinetD06,None,0,0,0,0,0.0000,NaN,NaN,NaN,0
13.51,Akash,AUIT_Single,CBA,0.608,1.740,0.642,335.8,23.3,-2.197,1.378,13.812,NaN,NaN,NaN,World,Wall4m,24.8,NaN,13.470,NaN,1,0,CabinetD06,None,1,0,0,0,0.0000,NaN,NaN,NaN,0
13.61,Akash,AUIT_Single,CBA,0.615,1.745,0.619,334.3,20.5,-2.197,1.378,13.812,NaN,NaN,NaN,World,Wall4m,23.1,NaN,13.495,NaN,1,0,CabinetD06,None,1,0,0,0,0.0000,NaN,NaN,NaN,0
13.70,Akash,AUIT_Single,CBA,0.629,1.747,0.600,332.9,18.3,-2.197,1.378,13.812,NaN,NaN,NaN,World,Wall4m,22.3,NaN,13.516,NaN,1,0,CabinetD06,None,1,0,0,0,0.0000,NaN,NaN,NaN,0
13.81,Akash,AUIT_Single,CBA,0.653,1.755,0.584,331.2,13.0,-2.197,1.378,13.812,NaN,NaN,NaN,World,CabinetD06Door,20.0,NaN,13.537,NaN,1,0,CabinetD06,None,1,0,0,0,0.0000,NaN,NaN,NaN,0
13.91,Akash,AUIT_Single,CBA,0.675,1.763,0.570,327.5,10.2,-2.197,1.378,13.812,NaN,NaN,NaN,World,CabinetD06Door,21.9,NaN,13.555,NaN,1,0,CabinetD06,None,1,0,0,0,0.0000,NaN,NaN,NaN,0
14.01,Akash,AUIT_Single,CBA,0.689,1.766,0.556,320.7,6.7,-2.197,1.378,13.812,NaN,NaN,NaN,World,Video Quad,27.4,NaN,13.572,NaN,1,0,CabinetD06,None,0,0,0,0,0.0000,NaN,NaN,NaN,0
14.11,Akash,AUIT_Single,CBA,0.697,1.767,0.540,315.3,7.2,-2.197,1.378,13.812,NaN,NaN,NaN,World,Video Quad,32.8,NaN,13.589,NaN,1,0,CabinetD06,None,0,0,0,0,0.0000,NaN,NaN,NaN,0
14.20,Akash,AUIT_Single,CBA,0.701,1.771,0.527,314.3,5.7,-2.197,1.378,13.812,NaN,NaN,NaN,World,Video Quad,33.6,NaN,13.603,NaN,1,0,CabinetD06,None,0,0,0,0,0.0000,NaN,NaN,NaN,0
14.31,Akash,AUIT_Single,CBA,0.701,1.773,0.516,316.8,3.6,-2.197,1.378,13.812,NaN,NaN,NaN,World,Video Quad,30.9,NaN,13.614,NaN,1,0,CabinetD06,None,0,0,0,0,0.0000,NaN,NaN,NaN,0
14.41,Akash,AUIT_Single,CBA,0.692,1.775,0.510,318.8,2.6,-2.197,1.378,13.812,NaN,NaN,NaN,World,Video Quad,29.0,NaN,13.618,NaN,1,0,CabinetD06,None,0,0,0,0,0.0000,NaN,NaN,NaN,0
14.51,Akash,AUIT_Single,CBA,0.677,1.774,0.506,317.3,2.1,-2.197,1.378,13.812,NaN,NaN,NaN,World,Video Quad,30.5,NaN,13.619,NaN,1,0,CabinetD06,None,0,0,0,0,0.0000,NaN,NaN,NaN,0
14.61,Akash,AUIT_Single,CBA,0.662,1.772,0.501,314.4,2.7,-2.197,1.378,13.812,NaN,NaN,NaN,World,Video Quad,33.5,NaN,13.620,NaN,1,0,CabinetD06,None,0,0,0,0,0.0000,NaN,NaN,NaN,0
14.77,Akash,AUIT_Single,CBA,0.649,1.772,0.500,313.4,2.3,-2.197,1.378,13.812,NaN,NaN,NaN,World,Video Quad,34.5,NaN,13.619,NaN,1,0,CabinetD06,None,0,0,0,0,0.0000,NaN,NaN,NaN,0
14.80,Akash,AUIT_Single,CBA,0.643,1.772,0.502,313.9,2.3,-2.197,1.378,13.812,NaN,NaN,NaN,World,Video Quad,34.1,NaN,13.616,NaN,1,0,CabinetD06,None,0,0,0,0,0.0000,NaN,NaN,NaN,0
14.91,Akash,AUIT_Single,CBA,0.638,1.771,0.506,315.0,3.0,-2.197,1.378,13.812,NaN,NaN,NaN,World,Video Quad,33.0,NaN,13.610,NaN,1,0,CabinetD06,None,0,0,0,0,0.0000,NaN,NaN,NaN,0
15.01,Akash,AUIT_Single,CBA,0.636,1.770,0.509,316.0,3.4,-2.197,1.378,13.812,NaN,NaN,NaN,World,Video Quad,32.0,NaN,13.607,NaN,1,0,CabinetD06,None,0,0,0,0,0.0000,NaN,NaN,NaN,0
15.11,Akash,AUIT_Single,CBA,0.636,1.769,0.510,316.3,3.7,-2.197,1.378,13.812,NaN,NaN,NaN,World,Video Quad,31.7,NaN,13.606,NaN,1,0,CabinetD06,None,0,0,0,0,0.0000,NaN,NaN,NaN,0
15.20,Akash,AUIT_Single,CBA,0.638,1.769,0.510,316.6,3.5,-2.197,1.378,13.812,NaN,NaN,NaN,World,Video Quad,31.4,NaN,13.606,NaN,1,0,CabinetD06,None,0,0,0,0,0.0000,NaN,NaN,NaN,0
15.34,Akash,AUIT_Single,CBA,0.640,1.770,0.511,317.1,3.2,-2.197,1.378,13.812,NaN,NaN,NaN,World,Video Quad,30.9,NaN,13.606,NaN,1,0,CabinetD06,None,0,0,0,0,0.0000,NaN,NaN,NaN,0
15.41,Akash,AUIT_Single,CBA,0.643,1.769,0.512,317.6,3.3,-2.197,1.378,13.812,NaN,NaN,NaN,World,Video Quad,30.3,NaN,13.606,NaN,1,0,CabinetD06,None,0,0,0,0,0.0000,NaN,NaN,NaN,0
15.51,Akash,AUIT_Single,CBA,0.643,1.768,0.512,317.0,3.7,-2.197,1.378,13.812,NaN,NaN,NaN,World,Video Quad,31.0,NaN,13.606,NaN,1,0,CabinetD06,None,0,0,0,0,0.0000,NaN,NaN,NaN,0
15.61,Akash,AUIT_Single,CBA,0.642,1.767,0.511,315.4,4.3,-2.197,1.378,13.812,NaN,NaN,NaN,World,Video Quad,32.6,NaN,13.606,NaN,1,0,CabinetD06,None,0,0,0,0,0.0000,NaN,NaN,NaN,0
15.70,Akash,AUIT_Single,CBA,0.640,1.767,0.511,314.6,4.3,-2.197,1.378,13.812,NaN,NaN,NaN,World,Video Quad,33.4,NaN,13.606,NaN,1,0,CabinetD06,None,0,0,0,0,0.0000,NaN,NaN,NaN,0
15.80,Akash,AUIT_Single,CBA,0.639,1.767,0.511,314.8,4.0,-2.197,1.378,13.812,NaN,NaN,NaN,World,Video Quad,33.2,NaN,13.606,NaN,1,0,CabinetD06,None,0,0,0,0,0.0000,NaN,NaN,NaN,0
15.97,Akash,AUIT_Single,CBA,0.637,1.768,0.510,314.8,3.9,-2.197,1.378,13.812,NaN,NaN,NaN,World,Video Quad,33.2,NaN,13.606,NaN,1,0,CabinetD06,None,0,0,0,0,0.0000,NaN,NaN,NaN,0
16.01,Akash,AUIT_Single,CBA,0.635,1.768,0.509,314.7,3.8,-2.197,1.378,13.812,NaN,NaN,NaN,World,Video Quad,33.3,NaN,13.607,NaN,1,0,CabinetD06,None,0,0,0,0,0.0000,NaN,NaN,NaN,0
16.11,Akash,AUIT_Single,CBA,0.634,1.768,0.508,315.0,3.8,-2.197,1.378,13.812,NaN,NaN,NaN,World,Video Quad,33.1,NaN,13.608,NaN,1,0,CabinetD06,None,0,0,0,0,0.0000,NaN,NaN,NaN,0
16.20,Akash,AUIT_Single,CBA,0.633,1.768,0.507,315.3,3.8,-2.197,1.378,13.812,NaN,NaN,NaN,World,Video Quad,32.7,NaN,13.608,NaN,1,0,CabinetD06,None,0,0,0,0,0.0000,NaN,NaN,NaN,0
16.30,Akash,AUIT_Single,CBA,0.632,1.767,0.506,315.8,3.9,-2.197,1.378,13.812,NaN,NaN,NaN,World,Video Quad,32.3,NaN,13.609,NaN,1,0,CabinetD06,None,0,0,0,0,0.0000,NaN,NaN,NaN,0
16.41,Akash,AUIT_Single,CBA,0.632,1.767,0.506,316.4,4.1,-2.197,1.378,13.812,NaN,NaN,NaN,World,Video Quad,31.6,NaN,13.609,NaN,1,0,CabinetD06,None,0,0,0,0,0.0000,NaN,NaN,NaN,0
16.51,Akash,AUIT_Single,CBA,0.633,1.767,0.506,317.1,4.2,-2.197,1.378,13.812,NaN,NaN,NaN,World,Video Quad,31.0,NaN,13.610,NaN,1,0,CabinetD06,None,0,0,0,0,0.0000,NaN,NaN,NaN,0
16.61,Akash,AUIT_Single,CBA,0.634,1.766,0.505,318.3,4.5,-2.197,1.378,13.812,NaN,NaN,NaN,World,Video Quad,29.8,NaN,13.610,NaN,1,0,CabinetD06,None,0,0,0,0,0.0000,NaN,NaN,NaN,0
16.70,Akash,AUIT_Single,CBA,0.636,1.765,0.506,319.5,5.0,-2.197,1.378,13.812,NaN,NaN,NaN,World,Video Quad,28.6,NaN,13.610,NaN,1,0,CabinetD06,None,0,0,0,0,0.0000,NaN,NaN,NaN,0
16.80,Akash,AUIT_Single,CBA,0.639,1.765,0.506,320.8,5.3,-2.197,1.378,13.812,NaN,NaN,NaN,World,Video Quad,27.4,NaN,13.610,NaN,1,0,CabinetD06,None,0,0,0,0,0.0000,NaN,NaN,NaN,0
16.91,Akash,AUIT_Single,CBA,0.641,1.765,0.506,321.2,5.2,-2.197,1.378,13.812,NaN,NaN,NaN,World,Video Quad,27.0,NaN,13.611,NaN,1,0,CabinetD06,None,0,0,0,0,0.0000,NaN,NaN,NaN,0
17.01,Akash,AUIT_Single,CBA,0.644,1.765,0.506,321.1,5.3,-2.197,1.378,13.812,NaN,NaN,NaN,World,Video Quad,27.0,NaN,13.612,NaN,1,0,CabinetD06,None,0,0,0,0,0.0000,NaN,NaN,NaN,0
17.11,Akash,AUIT_Single,CBA,0.648,1.765,0.506,321.6,5.3,-2.197,1.378,13.812,NaN,NaN,NaN,World,Video Quad,26.5,NaN,13.613,NaN,1,0,CabinetD06,None,0,0,0,0,0.0000,NaN,NaN,NaN,0
17.20,Akash,AUIT_Single,CBA,0.654,1.765,0.506,322.1,5.1,-2.197,1.378,13.812,NaN,NaN,NaN,World,Video Quad,26.0,NaN,13.613,NaN,1,0,CabinetD06,None,0,0,0,0,0.0000,NaN,NaN,NaN,0
17.30,Akash,AUIT_Single,CBA,0.660,1.766,0.507,322.3,4.1,-2.197,1.378,13.812,NaN,NaN,NaN,World,Video Quad,25.7,NaN,13.614,NaN,1,0,CabinetD06,None,0,0,0,0,0.0000,NaN,NaN,NaN,0
17.41,Akash,AUIT_Single,CBA,0.666,1.766,0.511,322.1,3.9,-2.197,1.378,13.812,NaN,NaN,NaN,World,Video Quad,25.8,NaN,13.612,NaN,1,0,CabinetD06,None,0,0,0,0,0.0000,NaN,NaN,NaN,0
17.51,Akash,AUIT_Single,CBA,0.672,1.765,0.515,321.8,5.0,-2.197,1.378,13.812,NaN,NaN,NaN,World,Video Quad,26.2,NaN,13.608,NaN,1,0,CabinetD06,None,0,0,0,0,0.0000,NaN,NaN,NaN,0
17.61,Akash,AUIT_Single,CBA,0.676,1.763,0.520,321.5,5.6,-2.197,1.378,13.812,NaN,NaN,NaN,World,Video Quad,26.6,NaN,13.604,NaN,1,0,CabinetD06,None,0,0,0,0,0.0000,NaN,NaN,NaN,0
17.70,Akash,AUIT_Single,CBA,0.680,1.762,0.525,321.0,6.0,-2.197,1.378,13.812,NaN,NaN,NaN,World,Video Quad,27.1,NaN,13.600,NaN,1,0,CabinetD06,None,0,0,0,0,0.0000,NaN,NaN,NaN,0
17.80,Akash,AUIT_Single,CBA,0.684,1.762,0.529,320.7,6.2,-2.197,1.378,13.812,NaN,NaN,NaN,World,Video Quad,27.4,NaN,13.597,NaN,1,0,CabinetD06,None,0,0,0,0,0.0000,NaN,NaN,NaN,0
17.91,Akash,AUIT_Single,CBA,0.687,1.761,0.533,320.1,6.4,-2.197,1.378,13.812,NaN,NaN,NaN,World,Video Quad,28.0,NaN,13.594,NaN,1,0,CabinetD06,None,0,0,0,0,0.0000,NaN,NaN,NaN,0
18.01,Akash,AUIT_Single,CBA,0.689,1.762,0.536,319.0,6.1,-2.197,1.378,13.812,NaN,NaN,NaN,World,Video Quad,29.0,NaN,13.592,NaN,1,0,CabinetD06,None,0,0,0,0,0.0000,NaN,NaN,NaN,0
18.11,Akash,AUIT_Single,CBA,0.690,1.763,0.537,317.3,5.8,-2.197,1.378,13.812,NaN,NaN,NaN,World,Video Quad,30.6,NaN,13.591,NaN,1,0,CabinetD06,None,0,0,0,0,0.0000,NaN,NaN,NaN,0
18.20,Akash,AUIT_Single,CBA,0.691,1.764,0.539,316.3,5.4,-2.197,1.378,13.812,NaN,NaN,NaN,World,Video Quad,31.6,NaN,13.589,NaN,1,0,CabinetD06,None,0,0,0,0,0.0000,NaN,NaN,NaN,0
18.31,Akash,AUIT_Single,CBA,0.691,1.764,0.541,316.0,5.8,-2.197,1.378,13.812,NaN,NaN,NaN,World,Video Quad,31.9,NaN,13.587,NaN,1,0,CabinetD06,None,0,0,0,0,0.0000,NaN,NaN,NaN,0
18.41,Akash,AUIT_Single,CBA,0.690,1.763,0.542,316.0,5.7,-2.197,1.378,13.812,NaN,NaN,NaN,World,Video Quad,31.9,NaN,13.586,NaN,1,0,CabinetD06,None,0,0,0,0,0.0000,NaN,NaN,NaN,0
18.51,Akash,AUIT_Single,CBA,0.686,1.764,0.539,315.9,5.6,-2.197,1.378,13.812,NaN,NaN,NaN,World,Video Quad,32.0,NaN,13.588,NaN,1,0,CabinetD06,None,0,0,0,0,0.0000,NaN,NaN,NaN,0
18.60,Akash,AUIT_Single,CBA,0.681,1.765,0.537,316.3,5.0,-2.197,1.378,13.812,NaN,NaN,NaN,World,Video Quad,31.6,NaN,13.589,NaN,1,0,CabinetD06,None,0,0,0,0,0.0000,NaN,NaN,NaN,0
18.70,Akash,AUIT_Single,CBA,0.676,1.766,0.535,317.4,4.5,-2.197,1.378,13.812,NaN,NaN,NaN,World,Video Quad,30.5,NaN,13.590,NaN,1,0,CabinetD06,None,0,0,0,0,0.0000,NaN,NaN,NaN,0
18.81,Akash,AUIT_Single,CBA,0.667,1.766,0.531,318.5,4.0,-2.197,1.378,13.812,NaN,NaN,NaN,World,Video Quad,29.4,NaN,13.592,NaN,1,0,CabinetD06,None,0,0,0,0,0.0000,NaN,NaN,NaN,0
18.91,Akash,AUIT_Single,CBA,0.657,1.766,0.527,319.5,3.7,-2.197,1.378,13.812,NaN,NaN,NaN,World,Video Quad,28.5,NaN,13.594,NaN,1,0,CabinetD06,None,0,0,0,0,0.0000,NaN,NaN,NaN,0
19.01,Akash,AUIT_Single,CBA,0.645,1.766,0.523,320.7,3.7,-2.197,1.378,13.812,NaN,NaN,NaN,World,Video Quad,27.3,NaN,13.595,NaN,1,0,CabinetD06,None,0,0,0,0,0.0000,NaN,NaN,NaN,0
19.10,Akash,AUIT_Single,CBA,0.633,1.766,0.519,321.4,4.0,-2.197,1.378,13.812,NaN,NaN,NaN,World,Video Quad,26.6,NaN,13.597,NaN,1,0,CabinetD06,None,0,0,0,0,0.0000,NaN,NaN,NaN,0
19.20,Akash,AUIT_Single,CBA,0.619,1.766,0.515,321.8,3.7,-2.197,1.378,13.812,NaN,NaN,NaN,World,Video Quad,26.3,NaN,13.598,NaN,1,0,CabinetD06,None,0,0,0,0,0.0000,NaN,NaN,NaN,0
19.31,Akash,AUIT_Single,CBA,0.607,1.767,0.510,322.7,2.9,-2.197,1.378,13.812,NaN,NaN,NaN,World,Video Quad,25.4,NaN,13.600,NaN,1,0,CabinetD06,None,0,0,0,0,0.0000,NaN,NaN,NaN,0
19.41,Akash,AUIT_Single,CBA,0.599,1.768,0.508,324.0,2.5,-2.197,1.378,13.812,NaN,NaN,NaN,World,Video Quad,24.1,NaN,13.600,NaN,1,0,CabinetD06,None,1,0,0,0,0.0000,NaN,NaN,NaN,0
19.51,Akash,AUIT_Single,CBA,0.591,1.768,0.509,326.1,2.4,-2.197,1.378,13.812,NaN,NaN,NaN,World,Video Quad,22.1,NaN,13.598,NaN,1,0,CabinetD06,None,1,0,0,0,0.0000,NaN,NaN,NaN,0
19.60,Akash,AUIT_Single,CBA,0.582,1.765,0.513,328.6,2.9,-2.197,1.378,13.812,NaN,NaN,NaN,World,Video Quad,19.7,NaN,13.592,NaN,1,0,CabinetD06,None,1,0,0,0,0.0000,NaN,NaN,NaN,0
19.70,Akash,AUIT_Single,CBA,0.574,1.758,0.518,330.5,5.6,-2.197,1.378,13.812,NaN,NaN,NaN,World,Video Quad,18.2,NaN,13.585,NaN,1,0,CabinetD06,None,1,0,0,0,0.0000,NaN,NaN,NaN,0
19.81,Akash,AUIT_Single,CBA,0.568,1.759,0.519,329.1,5.3,-2.197,1.378,13.812,NaN,NaN,NaN,World,Video Quad,19.5,NaN,13.584,NaN,1,0,CabinetD06,None,1,0,0,0,0.0000,NaN,NaN,NaN,0
19.91,Akash,AUIT_Single,CBA,0.569,1.760,0.515,324.6,4.0,-2.197,1.378,13.812,NaN,NaN,NaN,World,Video Quad,23.8,NaN,13.587,NaN,1,0,CabinetD06,None,1,0,0,0,0.0000,NaN,NaN,NaN,0
20.01,Akash,AUIT_Single,CBA,0.575,1.762,0.514,319.5,4.4,-2.197,1.378,13.812,NaN,NaN,NaN,World,Video Quad,28.8,NaN,13.589,NaN,1,0,CabinetD06,None,0,0,0,0,0.0000,NaN,NaN,NaN,0
20.16,Akash,AUIT_Single,CBA,0.587,1.764,0.517,317.3,4.7,-2.197,1.378,13.812,NaN,NaN,NaN,World,Video Quad,30.9,NaN,13.589,NaN,1,0,CabinetD06,None,0,0,0,0,0.0000,NaN,NaN,NaN,0
20.20,Akash,AUIT_Single,CBA,0.600,1.766,0.520,316.7,4.2,-2.197,1.378,13.812,NaN,NaN,NaN,World,Video Quad,31.4,NaN,13.589,NaN,1,0,CabinetD06,None,0,0,0,0,0.0000,NaN,NaN,NaN,0
20.31,Akash,AUIT_Single,CBA,0.613,1.766,0.526,317.1,4.3,-2.197,1.378,13.812,NaN,NaN,NaN,World,Video Quad,31.1,NaN,13.586,NaN,1,0,CabinetD06,None,0,0,0,0,0.0000,NaN,NaN,NaN,0
20.41,Akash,AUIT_Single,CBA,0.624,1.764,0.533,317.2,4.7,-2.197,1.378,13.812,NaN,NaN,NaN,World,Video Quad,31.0,NaN,13.581,NaN,1,0,CabinetD06,None,0,0,0,0,0.0000,NaN,NaN,NaN,0
20.51,Akash,AUIT_Single,CBA,0.633,1.763,0.540,317.5,4.9,-2.197,1.378,13.812,NaN,NaN,NaN,World,Video Quad,30.6,NaN,13.576,NaN,1,0,CabinetD06,None,0,0,0,0,0.0000,NaN,NaN,NaN,0
20.60,Akash,AUIT_Single,CBA,0.641,1.763,0.549,318.8,5.1,-2.197,1.378,13.812,NaN,NaN,NaN,World,Video Quad,29.3,NaN,13.569,NaN,1,0,CabinetD06,None,0,0,0,0,0.0000,NaN,NaN,NaN,0
20.70,Akash,AUIT_Single,CBA,0.647,1.761,0.556,320.3,5.9,-2.197,1.378,13.812,NaN,NaN,NaN,World,Video Quad,27.8,NaN,13.563,NaN,1,0,CabinetD06,None,0,0,0,0,0.0000,NaN,NaN,NaN,0
20.81,Akash,AUIT_Single,CBA,0.651,1.761,0.562,321.1,6.0,-2.197,1.378,13.812,NaN,NaN,NaN,World,Video Quad,27.0,NaN,13.558,NaN,1,0,CabinetD06,None,0,0,0,0,0.0000,NaN,NaN,NaN,0
20.91,Akash,AUIT_Single,CBA,0.652,1.761,0.565,321.7,5.8,-2.197,1.378,13.812,NaN,NaN,NaN,World,Video Quad,26.5,NaN,13.555,NaN,1,0,CabinetD06,None,0,0,0,0,0.0000,NaN,NaN,NaN,0
21.01,Akash,AUIT_Single,CBA,0.651,1.762,0.567,322.0,5.8,-2.197,1.378,13.812,NaN,NaN,NaN,World,Video Quad,26.2,NaN,13.553,NaN,1,0,CabinetD06,None,0,0,0,0,0.0000,NaN,NaN,NaN,0
21.10,Akash,AUIT_Single,CBA,0.649,1.762,0.567,321.5,5.5,-2.197,1.378,13.812,NaN,NaN,NaN,World,Video Quad,26.6,NaN,13.553,NaN,1,0,CabinetD06,None,0,0,0,0,0.0000,NaN,NaN,NaN,0
21.20,Akash,AUIT_Single,CBA,0.645,1.762,0.566,320.9,5.5,-2.197,1.378,13.812,NaN,NaN,NaN,World,Video Quad,27.2,NaN,13.553,NaN,1,0,CabinetD06,None,0,0,0,0,0.0000,NaN,NaN,NaN,0
21.31,Akash,AUIT_Single,CBA,0.641,1.763,0.564,320.3,5.3,-2.197,1.378,13.812,NaN,NaN,NaN,World,Video Quad,27.8,NaN,13.554,NaN,1,0,CabinetD06,None,0,0,0,0,0.0000,NaN,NaN,NaN,0
21.41,Akash,AUIT_Single,CBA,0.636,1.763,0.561,319.7,5.4,-2.197,1.378,13.812,NaN,NaN,NaN,World,Video Quad,28.5,NaN,13.556,NaN,1,0,CabinetD06,None,0,0,0,0,0.0000,NaN,NaN,NaN,0
21.51,Akash,AUIT_Single,CBA,0.631,1.762,0.558,318.9,5.6,-2.197,1.378,13.812,NaN,NaN,NaN,World,Video Quad,29.3,NaN,13.558,NaN,1,0,CabinetD06,None,0,0,0,0,0.0000,NaN,NaN,NaN,0
21.60,Akash,AUIT_Single,CBA,0.626,1.762,0.553,317.9,5.8,-2.197,1.378,13.812,NaN,NaN,NaN,World,Video Quad,30.3,NaN,13.562,NaN,1,0,CabinetD06,None,0,0,0,0,0.0000,NaN,NaN,NaN,0
21.70,Akash,AUIT_Single,CBA,0.623,1.763,0.549,317.4,5.6,-2.197,1.378,13.812,NaN,NaN,NaN,World,Video Quad,30.7,NaN,13.566,NaN,1,0,CabinetD06,None,0,0,0,0,0.0000,NaN,NaN,NaN,0
21.81,Akash,AUIT_Single,CBA,0.621,1.763,0.543,317.1,5.3,-2.197,1.378,13.812,NaN,NaN,NaN,World,Video Quad,31.1,NaN,13.570,NaN,1,0,CabinetD06,None,0,0,0,0,0.0000,NaN,NaN,NaN,0
21.91,Akash,AUIT_Single,CBA,0.619,1.763,0.540,316.9,5.4,-2.197,1.378,13.812,NaN,NaN,NaN,World,Video Quad,31.3,NaN,13.573,NaN,1,0,CabinetD06,None,0,0,0,0,0.0000,NaN,NaN,NaN,0
22.01,Akash,AUIT_Single,CBA,0.618,1.764,0.536,317.0,4.8,-2.197,1.378,13.812,NaN,NaN,NaN,World,Video Quad,31.1,NaN,13.576,NaN,1,0,CabinetD06,None,0,0,0,0,0.0000,NaN,NaN,NaN,0
22.10,Akash,AUIT_Single,CBA,0.618,1.765,0.534,317.3,4.5,-2.197,1.378,13.812,NaN,NaN,NaN,World,Video Quad,30.9,NaN,13.579,NaN,1,0,CabinetD06,None,0,0,0,0,0.0000,NaN,NaN,NaN,0
22.20,Akash,AUIT_Single,CBA,0.618,1.765,0.533,317.7,4.5,-2.197,1.378,13.812,NaN,NaN,NaN,World,Video Quad,30.4,NaN,13.580,NaN,1,0,CabinetD06,None,0,0,0,0,0.0000,NaN,NaN,NaN,0
22.31,Akash,AUIT_Single,CBA,0.618,1.765,0.533,318.5,4.4,-2.197,1.378,13.812,NaN,NaN,NaN,World,Video Quad,29.6,NaN,13.580,NaN,1,0,CabinetD06,None,0,0,0,0,0.0000,NaN,NaN,NaN,0
22.41,Akash,AUIT_Single,CBA,0.618,1.764,0.534,319.4,4.6,-2.197,1.378,13.812,NaN,NaN,NaN,World,Video Quad,28.8,NaN,13.579,NaN,1,0,CabinetD06,None,0,0,0,0,0.0000,NaN,NaN,NaN,0
22.51,Akash,AUIT_Single,CBA,0.619,1.764,0.535,320.0,4.8,-2.197,1.378,13.812,NaN,NaN,NaN,World,Video Quad,28.2,NaN,13.578,NaN,1,0,CabinetD06,None,0,0,0,0,0.0000,NaN,NaN,NaN,0
22.60,Akash,AUIT_Single,CBA,0.619,1.764,0.536,320.4,4.9,-2.197,1.378,13.812,NaN,NaN,NaN,World,Video Quad,27.8,NaN,13.577,NaN,1,0,CabinetD06,None,0,0,0,0,0.0000,NaN,NaN,NaN,0
22.70,Akash,AUIT_Single,CBA,0.620,1.764,0.538,320.7,4.9,-2.197,1.378,13.812,NaN,NaN,NaN,World,Video Quad,27.4,NaN,13.576,NaN,1,0,CabinetD06,None,0,0,0,0,0.0000,NaN,NaN,NaN,0
22.81,Akash,AUIT_Single,CBA,0.621,1.764,0.539,320.8,4.8,-2.197,1.378,13.812,NaN,NaN,NaN,World,Video Quad,27.4,NaN,13.575,NaN,1,0,CabinetD06,None,0,0,0,0,0.0000,NaN,NaN,NaN,0
22.91,Akash,AUIT_Single,CBA,0.622,1.763,0.540,320.7,4.9,-2.197,1.378,13.812,NaN,NaN,NaN,World,Video Quad,27.4,NaN,13.573,NaN,1,0,CabinetD06,None,0,0,0,0,0.0000,NaN,NaN,NaN,0
23.01,Akash,AUIT_Single,CBA,0.622,1.763,0.542,320.6,4.8,-2.197,1.378,13.812,NaN,NaN,NaN,World,Video Quad,27.6,NaN,13.572,NaN,1,0,CabinetD06,None,0,0,0,0,0.0000,NaN,NaN,NaN,0
23.10,Akash,AUIT_Single,CBA,0.623,1.764,0.543,320.6,4.7,-2.197,1.378,13.812,NaN,NaN,NaN,World,Video Quad,27.6,NaN,13.571,NaN,1,0,CabinetD06,None,0,0,0,0,0.0000,NaN,NaN,NaN,0
23.20,Akash,AUIT_Single,CBA,0.623,1.763,0.545,320.6,4.9,-2.197,1.378,13.812,NaN,NaN,NaN,World,Video Quad,27.6,NaN,13.569,NaN,1,0,CabinetD06,None,0,0,0,0,0.0000,NaN,NaN,NaN,0
23.31,Akash,AUIT_Single,CBA,0.621,1.763,0.547,321.0,4.9,-2.197,1.378,13.812,NaN,NaN,NaN,World,Video Quad,27.2,NaN,13.567,NaN,1,0,CabinetD06,None,0,0,0,0,0.0000,NaN,NaN,NaN,0
23.41,Akash,AUIT_Single,CBA,0.619,1.763,0.549,321.1,5.1,-2.197,1.378,13.812,NaN,NaN,NaN,World,Video Quad,27.1,NaN,13.565,NaN,1,0,CabinetD06,None,0,0,0,0,0.0000,NaN,NaN,NaN,0
23.51,Akash,AUIT_Single,CBA,0.617,1.762,0.550,321.1,5.5,-2.197,1.378,13.812,NaN,NaN,NaN,World,Video Quad,27.2,NaN,13.562,NaN,1,0,CabinetD06,None,0,0,0,0,0.0000,NaN,NaN,NaN,0
23.61,Akash,AUIT_Single,CBA,0.615,1.762,0.552,321.4,5.7,-2.197,1.378,13.812,NaN,NaN,NaN,World,Video Quad,26.9,NaN,13.560,NaN,1,0,CabinetD06,None,0,0,0,0,0.0000,NaN,NaN,NaN,0
23.70,Akash,AUIT_Single,CBA,0.613,1.761,0.554,321.9,6.1,-2.197,1.378,13.812,NaN,NaN,NaN,World,Video Quad,26.5,NaN,13.558,NaN,1,0,CabinetD06,None,0,0,0,0,0.0000,NaN,NaN,NaN,0
23.81,Akash,AUIT_Single,CBA,0.611,1.760,0.556,322.4,6.3,-2.197,1.378,13.812,NaN,NaN,NaN,World,Video Quad,26.0,NaN,13.556,NaN,1,0,CabinetD06,None,0,0,0,0,0.0000,NaN,NaN,NaN,0
23.91,Akash,AUIT_Single,CBA,0.610,1.760,0.557,322.7,6.5,-2.197,1.378,13.812,NaN,NaN,NaN,World,Video Quad,25.7,NaN,13.555,NaN,1,0,CabinetD06,None,0,0,0,0,0.0000,NaN,NaN,NaN,0
24.01,Akash,AUIT_Single,CBA,0.610,1.760,0.557,322.8,6.5,-2.197,1.378,13.812,NaN,NaN,NaN,World,Video Quad,25.6,NaN,13.555,NaN,1,0,CabinetD06,None,0,0,0,0,0.0000,NaN,NaN,NaN,0
24.11,Akash,AUIT_Single,CBA,0.611,1.760,0.557,323.0,6.5,-2.197,1.378,13.812,NaN,NaN,NaN,World,Video Quad,25.4,NaN,13.555,NaN,1,0,CabinetD06,None,0,0,0,0,0.0000,NaN,NaN,NaN,0
24.20,Akash,AUIT_Single,CBA,0.612,1.760,0.557,323.2,6.2,-2.197,1.378,13.812,NaN,NaN,NaN,World,Video Quad,25.2,NaN,13.555,NaN,1,0,CabinetD06,None,0,0,0,0,0.0000,NaN,NaN,NaN,0
24.31,Akash,AUIT_Single,CBA,0.614,1.761,0.556,323.2,6.2,-2.197,1.378,13.812,NaN,NaN,NaN,World,Video Quad,25.2,NaN,13.557,NaN,1,0,CabinetD06,None,0,0,0,0,0.0000,NaN,NaN,NaN,0
24.41,Akash,AUIT_Single,CBA,0.615,1.760,0.555,323.2,6.3,-2.197,1.378,13.812,NaN,NaN,NaN,World,Video Quad,25.2,NaN,13.558,NaN,1,0,CabinetD06,None,0,0,0,0,0.0000,NaN,NaN,NaN,0
24.51,Akash,AUIT_Single,CBA,0.619,1.760,0.555,324.1,6.3,-2.197,1.378,13.812,NaN,NaN,NaN,World,Video Quad,24.3,NaN,13.558,NaN,1,0,CabinetD06,None,1,0,0,0,0.0000,NaN,NaN,NaN,0
24.61,Akash,AUIT_Single,CBA,0.622,1.761,0.555,325.3,6.2,-2.197,1.378,13.812,NaN,NaN,NaN,World,Video Quad,23.1,NaN,13.559,NaN,1,0,CabinetD06,None,1,0,0,0,0.0000,NaN,NaN,NaN,0
24.70,Akash,AUIT_Single,CBA,0.626,1.761,0.554,326.4,6.3,-2.197,1.378,13.812,NaN,NaN,NaN,World,Video Quad,22.1,NaN,13.561,NaN,1,0,CabinetD06,None,1,0,0,0,0.0000,NaN,NaN,NaN,0
24.81,Akash,AUIT_Single,CBA,0.631,1.761,0.553,327.0,5.9,-2.197,1.378,13.812,NaN,NaN,NaN,World,Video Quad,21.4,NaN,13.563,NaN,1,0,CabinetD06,None,1,0,0,0,0.0000,NaN,NaN,NaN,0
24.91,Akash,AUIT_Single,CBA,0.633,1.762,0.551,326.9,5.6,-2.197,1.378,13.812,NaN,NaN,NaN,World,Video Quad,21.4,NaN,13.565,NaN,1,0,CabinetD06,None,1,0,0,0,0.0000,NaN,NaN,NaN,0
25.01,Akash,AUIT_Single,CBA,0.635,1.762,0.550,326.8,5.5,-2.197,1.378,13.812,NaN,NaN,NaN,World,Video Quad,21.5,NaN,13.567,NaN,1,0,CabinetD06,None,1,0,0,0,0.0000,NaN,NaN,NaN,0
25.11,Akash,AUIT_Single,CBA,0.636,1.762,0.548,326.3,5.5,-2.197,1.378,13.812,NaN,NaN,NaN,World,Video Quad,21.9,NaN,13.569,NaN,1,0,CabinetD06,None,1,0,0,0,0.0000,NaN,NaN,NaN,0
25.20,Akash,AUIT_Single,CBA,0.636,1.763,0.546,325.9,5.0,-2.197,1.378,13.812,NaN,NaN,NaN,World,Video Quad,22.3,NaN,13.571,NaN,1,0,CabinetD06,None,1,0,0,0,0.0000,NaN,NaN,NaN,0
25.31,Akash,AUIT_Single,CBA,0.636,1.763,0.545,325.3,5.0,-2.197,1.378,13.812,NaN,NaN,NaN,World,Video Quad,22.9,NaN,13.572,NaN,1,0,CabinetD06,None,1,0,0,0,0.0000,NaN,NaN,NaN,0
25.41,Akash,AUIT_Single,CBA,0.635,1.762,0.545,324.8,5.2,-2.197,1.378,13.812,NaN,NaN,NaN,World,Video Quad,23.3,NaN,13.572,NaN,1,0,CabinetD06,None,1,0,0,0,0.0000,NaN,NaN,NaN,0
25.51,Akash,AUIT_Single,CBA,0.634,1.762,0.544,324.6,5.3,-2.197,1.378,13.812,NaN,NaN,NaN,World,Video Quad,23.6,NaN,13.572,NaN,1,0,CabinetD06,None,1,0,0,0,0.0000,NaN,NaN,NaN,0
25.61,Akash,AUIT_Single,CBA,0.634,1.762,0.545,324.6,5.4,-2.197,1.378,13.812,NaN,NaN,NaN,World,Video Quad,23.6,NaN,13.572,NaN,1,0,CabinetD06,None,1,0,0,0,0.0000,NaN,NaN,NaN,0
25.70,Akash,AUIT_Single,CBA,0.634,1.762,0.545,324.7,5.4,-2.197,1.378,13.812,NaN,NaN,NaN,World,Video Quad,23.6,NaN,13.572,NaN,1,0,CabinetD06,None,1,0,0,0,0.0000,NaN,NaN,NaN,0
25.80,Akash,AUIT_Single,CBA,0.634,1.762,0.545,324.8,5.4,-2.197,1.378,13.812,NaN,NaN,NaN,World,Video Quad,23.4,NaN,13.572,NaN,1,0,CabinetD06,None,1,0,0,0,0.0000,NaN,NaN,NaN,0
25.91,Akash,AUIT_Single,CBA,0.634,1.762,0.545,325.0,5.3,-2.197,1.378,13.812,NaN,NaN,NaN,World,Video Quad,23.2,NaN,13.572,NaN,1,0,CabinetD06,None,1,0,0,0,0.0000,NaN,NaN,NaN,0
26.01,Akash,AUIT_Single,CBA,0.634,1.762,0.544,325.1,5.2,-2.197,1.378,13.812,NaN,NaN,NaN,World,Video Quad,23.1,NaN,13.572,NaN,1,0,CabinetD06,None,1,0,0,0,0.0000,NaN,NaN,NaN,0
26.11,Akash,AUIT_Single,CBA,0.634,1.762,0.544,325.1,5.1,-2.197,1.378,13.812,NaN,NaN,NaN,World,Video Quad,23.1,NaN,13.572,NaN,1,0,CabinetD06,None,1,0,0,0,0.0000,NaN,NaN,NaN,0
26.20,Akash,AUIT_Single,CBA,0.634,1.763,0.544,325.2,5.0,-2.197,1.378,13.812,NaN,NaN,NaN,World,Video Quad,23.0,NaN,13.572,NaN,1,0,CabinetD06,None,1,0,0,0,0.0000,NaN,NaN,NaN,0
26.30,Akash,AUIT_Single,CBA,0.633,1.763,0.544,325.0,5.0,-2.197,1.378,13.812,NaN,NaN,NaN,World,Video Quad,23.2,NaN,13.572,NaN,1,0,CabinetD06,None,1,0,0,0,0.0000,NaN,NaN,NaN,0
26.41,Akash,AUIT_Single,CBA,0.632,1.763,0.544,324.8,4.9,-2.197,1.378,13.812,NaN,NaN,NaN,World,Video Quad,23.3,NaN,13.572,NaN,1,0,CabinetD06,None,1,0,0,0,0.0000,NaN,NaN,NaN,0
26.51,Akash,AUIT_Single,CBA,0.631,1.763,0.545,324.7,4.9,-2.197,1.378,13.812,NaN,NaN,NaN,World,Video Quad,23.4,NaN,13.571,NaN,1,0,CabinetD06,None,1,0,0,0,0.0000,NaN,NaN,NaN,0
26.61,Akash,AUIT_Single,CBA,0.630,1.763,0.545,324.6,4.9,-2.197,1.378,13.812,NaN,NaN,NaN,World,Video Quad,23.6,NaN,13.570,NaN,1,0,CabinetD06,None,1,0,0,0,0.0000,NaN,NaN,NaN,0
26.70,Akash,AUIT_Single,CBA,0.629,1.763,0.547,324.5,4.9,-2.197,1.378,13.812,NaN,NaN,NaN,World,Video Quad,23.6,NaN,13.569,NaN,1,0,CabinetD06,None,1,0,0,0,0.0000,NaN,NaN,NaN,0
26.80,Akash,AUIT_Single,CBA,0.628,1.763,0.548,324.6,5.0,-2.197,1.378,13.812,NaN,NaN,NaN,World,Video Quad,23.6,NaN,13.567,NaN,1,0,CabinetD06,None,1,0,0,0,0.0000,NaN,NaN,NaN,0
26.91,Akash,AUIT_Single,CBA,0.628,1.763,0.550,324.5,5.1,-2.197,1.378,13.812,NaN,NaN,NaN,World,Video Quad,23.7,NaN,13.566,NaN,1,0,CabinetD06,None,1,0,0,0,0.0000,NaN,NaN,NaN,0
27.01,Akash,AUIT_Single,CBA,0.627,1.763,0.551,324.4,5.1,-2.197,1.378,13.812,NaN,NaN,NaN,World,Video Quad,23.7,NaN,13.564,NaN,1,0,CabinetD06,None,1,0,0,0,0.0000,NaN,NaN,NaN,0
27.11,Akash,AUIT_Single,CBA,0.627,1.762,0.552,324.5,5.2,-2.197,1.378,13.812,NaN,NaN,NaN,World,Video Quad,23.7,NaN,13.563,NaN,1,0,CabinetD06,None,1,0,0,0,0.0000,NaN,NaN,NaN,0
27.20,Akash,AUIT_Single,CBA,0.628,1.763,0.553,324.4,5.1,-2.197,1.378,13.812,NaN,NaN,NaN,World,Video Quad,23.8,NaN,13.562,NaN,1,0,CabinetD06,None,1,0,0,0,0.0000,NaN,NaN,NaN,0
27.30,Akash,AUIT_Single,CBA,0.628,1.763,0.554,324.5,4.9,-2.197,1.378,13.812,NaN,NaN,NaN,World,Video Quad,23.7,NaN,13.561,NaN,1,0,CabinetD06,None,1,0,0,0,0.0000,NaN,NaN,NaN,0
27.41,Akash,AUIT_Single,CBA,0.629,1.765,0.554,324.6,3.7,-2.197,1.378,13.812,NaN,NaN,NaN,World,Video Quad,23.4,NaN,13.561,NaN,1,0,CabinetD06,None,1,0,0,0,0.0000,NaN,NaN,NaN,0
27.51,Akash,AUIT_Single,CBA,0.631,1.767,0.554,325.0,2.5,-2.197,1.378,13.812,NaN,NaN,NaN,World,Video Quad,23.0,NaN,13.562,NaN,1,0,CabinetD06,None,1,0,0,0,0.0000,NaN,NaN,NaN,0
27.61,Akash,AUIT_Single,CBA,0.633,1.767,0.553,325.1,2.4,-2.197,1.378,13.812,NaN,NaN,NaN,World,Video Quad,22.8,NaN,13.564,NaN,1,0,CabinetD06,None,1,0,0,0,0.0000,NaN,NaN,NaN,0
27.70,Akash,AUIT_Single,CBA,0.635,1.767,0.553,325.2,2.6,-2.197,1.378,13.812,NaN,NaN,NaN,World,Video Quad,22.7,NaN,13.564,NaN,1,0,CabinetD06,None,1,0,0,0,0.0000,NaN,NaN,NaN,0
27.81,Akash,AUIT_Single,CBA,0.636,1.769,0.552,325.6,1.2,-2.197,1.378,13.812,NaN,NaN,NaN,World,Video Quad,22.3,NaN,13.565,NaN,1,0,CabinetD06,None,1,0,0,0,0.0000,NaN,NaN,NaN,0
27.91,Akash,AUIT_Single,CBA,0.637,1.774,0.551,326.1,357.5,-2.197,1.378,13.812,NaN,NaN,NaN,World,Video Quad,22.2,NaN,13.566,NaN,1,0,CabinetD06,None,1,0,0,0,0.0000,NaN,NaN,NaN,0
28.01,Akash,AUIT_Single,CBA,0.640,1.779,0.549,327.4,353.9,-2.197,1.378,13.812,NaN,NaN,NaN,World,Video Quad,22.0,NaN,13.569,NaN,1,0,CabinetD06,None,1,0,0,0,0.0000,NaN,NaN,NaN,0
28.11,Akash,AUIT_Single,CBA,0.642,1.779,0.547,327.9,354.3,-2.197,1.378,13.812,NaN,NaN,NaN,World,Video Quad,21.3,NaN,13.572,NaN,1,0,CabinetD06,None,1,0,0,0,0.0000,NaN,NaN,NaN,0
28.20,Akash,AUIT_Single,CBA,0.640,1.778,0.546,327.2,355.2,-2.197,1.378,13.812,NaN,NaN,NaN,World,Video Quad,21.7,NaN,13.572,NaN,1,0,CabinetD06,None,1,0,0,0,0.0000,NaN,NaN,NaN,0
28.30,Akash,AUIT_Single,CBA,0.639,1.776,0.544,326.1,356.8,-2.197,1.378,13.812,NaN,NaN,NaN,World,Video Quad,22.3,NaN,13.573,NaN,1,0,CabinetD06,None,1,0,0,0,0.0000,NaN,NaN,NaN,0
28.41,Akash,AUIT_Single,CBA,0.637,1.776,0.543,325.2,356.6,-2.197,1.378,13.812,NaN,NaN,NaN,World,Video Quad,23.3,NaN,13.574,NaN,1,0,CabinetD06,None,1,0,0,0,0.0000,NaN,NaN,NaN,0
28.51,Akash,AUIT_Single,CBA,0.636,1.776,0.543,325.0,356.6,-2.197,1.378,13.812,NaN,NaN,NaN,World,Video Quad,23.5,NaN,13.574,NaN,1,0,CabinetD06,None,1,0,0,0,0.0000,NaN,NaN,NaN,0
28.61,Akash,AUIT_Single,CBA,0.635,1.776,0.543,325.2,356.6,-2.197,1.378,13.812,NaN,NaN,NaN,World,Video Quad,23.4,NaN,13.574,NaN,1,0,CabinetD06,None,1,0,0,0,0.0000,NaN,NaN,NaN,0
28.70,Akash,AUIT_Single,CBA,0.634,1.776,0.543,325.2,356.7,-2.197,1.378,13.812,NaN,NaN,NaN,World,Video Quad,23.3,NaN,13.574,NaN,1,0,CabinetD06,None,1,0,0,0,0.0000,NaN,NaN,NaN,0
28.80,Akash,AUIT_Single,CBA,0.634,1.776,0.543,325.3,356.7,-2.197,1.378,13.812,NaN,NaN,NaN,World,Video Quad,23.2,NaN,13.574,NaN,1,0,CabinetD06,None,1,0,0,0,0.0000,NaN,NaN,NaN,0
28.91,Akash,AUIT_Single,CBA,0.635,1.776,0.544,325.3,356.7,-2.197,1.378,13.812,NaN,NaN,NaN,World,Video Quad,23.2,NaN,13.573,NaN,1,0,CabinetD06,None,1,0,0,0,0.0000,NaN,NaN,NaN,0
29.01,Akash,AUIT_Single,CBA,0.636,1.775,0.544,325.4,357.0,-2.197,1.378,13.812,NaN,NaN,NaN,World,Video Quad,23.1,NaN,13.573,NaN,1,0,CabinetD06,None,1,0,0,0,0.0000,NaN,NaN,NaN,0
29.11,Akash,AUIT_Single,CBA,0.637,1.775,0.545,325.5,357.0,-2.197,1.378,13.812,NaN,NaN,NaN,World,Video Quad,22.9,NaN,13.572,NaN,1,0,CabinetD06,None,1,0,0,0,0.0000,NaN,NaN,NaN,0
29.20,Akash,AUIT_Single,CBA,0.638,1.775,0.545,325.5,356.9,-2.197,1.378,13.812,NaN,NaN,NaN,World,Video Quad,22.9,NaN,13.573,NaN,1,0,CabinetD06,None,1,0,0,0,0.0000,NaN,NaN,NaN,0
29.30,Akash,AUIT_Single,CBA,0.639,1.776,0.544,325.3,356.4,-2.197,1.378,13.812,NaN,NaN,NaN,World,Video Quad,23.2,NaN,13.573,NaN,1,0,CabinetD06,None,1,0,0,0,0.0000,NaN,NaN,NaN,0
29.41,Akash,AUIT_Single,CBA,0.640,1.776,0.544,325.3,356.4,-2.197,1.378,13.812,NaN,NaN,NaN,World,Video Quad,23.3,NaN,13.574,NaN,1,0,CabinetD06,None,1,0,0,0,0.0000,NaN,NaN,NaN,0
29.51,Akash,AUIT_Single,CBA,0.640,1.775,0.544,325.0,357.1,-2.197,1.378,13.812,NaN,NaN,NaN,World,Video Quad,23.4,NaN,13.574,NaN,1,0,CabinetD06,None,1,0,0,0,0.0000,NaN,NaN,NaN,0
29.61,Akash,AUIT_Single,CBA,0.640,1.775,0.544,324.8,357.4,-2.197,1.378,13.812,NaN,NaN,NaN,World,Video Quad,23.5,NaN,13.574,NaN,1,0,CabinetD06,None,1,0,0,0,0.0000,NaN,NaN,NaN,0
29.70,Akash,AUIT_Single,CBA,0.641,1.776,0.544,324.7,357.2,-2.197,1.378,13.812,NaN,NaN,NaN,World,Video Quad,23.7,NaN,13.574,NaN,1,0,CabinetD06,None,1,0,0,0,0.0000,NaN,NaN,NaN,0
29.80,Akash,AUIT_Single,CBA,0.642,1.775,0.546,324.3,357.9,-2.197,1.378,13.812,NaN,NaN,NaN,World,Video Quad,23.9,NaN,13.572,NaN,1,0,CabinetD06,None,1,0,0,0,0.0000,NaN,NaN,NaN,0
29.91,Akash,AUIT_Single,CBA,0.645,1.774,0.549,324.4,358.4,-2.197,1.378,13.812,NaN,NaN,NaN,World,Video Quad,23.7,NaN,13.570,NaN,1,0,CabinetD06,None,1,0,0,0,0.0000,NaN,NaN,NaN,0
30.01,Akash,AUIT_Single,CBA,0.650,1.773,0.552,324.2,358.3,-2.197,1.378,13.812,NaN,NaN,NaN,World,Video Quad,23.9,NaN,13.568,NaN,1,0,CabinetD06,None,1,0,0,0,0.0000,NaN,NaN,NaN,0
30.11,Akash,AUIT_Single,CBA,0.657,1.774,0.556,323.7,357.9,-2.197,1.378,13.812,NaN,NaN,NaN,World,Video Quad,24.5,NaN,13.566,NaN,1,0,CabinetD06,None,1,0,0,0,0.0000,NaN,NaN,NaN,0
30.20,Akash,AUIT_Single,CBA,0.665,1.774,0.560,323.4,357.6,-2.197,1.378,13.812,NaN,NaN,NaN,World,Video Quad,24.8,NaN,13.563,NaN,1,0,CabinetD06,None,1,0,0,0,0.0000,NaN,NaN,NaN,0
30.30,Akash,AUIT_Single,CBA,0.674,1.775,0.565,323.4,356.8,-2.197,1.378,13.812,NaN,NaN,NaN,World,Video Quad,24.8,NaN,13.560,NaN,1,0,CabinetD06,None,1,0,0,0,0.0000,NaN,NaN,NaN,0
30.41,Akash,AUIT_Single,CBA,0.682,1.774,0.571,323.0,356.7,-2.197,1.378,13.812,NaN,NaN,NaN,World,Video Quad,25.2,NaN,13.556,NaN,1,0,CabinetD06,None,0,0,0,0,0.0000,NaN,NaN,NaN,0
30.51,Akash,AUIT_Single,CBA,0.688,1.774,0.577,322.0,357.3,-2.197,1.378,13.812,NaN,NaN,NaN,World,Video Quad,26.0,NaN,13.551,NaN,1,0,CabinetD06,None,0,0,0,0,0.0000,NaN,NaN,NaN,0
30.61,Akash,AUIT_Single,CBA,0.691,1.774,0.583,321.4,357.4,-2.197,1.378,13.812,NaN,NaN,NaN,World,Video Quad,26.6,NaN,13.547,NaN,1,0,CabinetD06,None,0,0,0,0,0.0000,NaN,NaN,NaN,0
30.70,Akash,AUIT_Single,CBA,0.693,1.776,0.586,320.6,357.3,-2.197,1.378,13.812,NaN,NaN,NaN,World,Video Quad,27.4,NaN,13.544,NaN,1,0,CabinetD06,None,0,0,0,0,0.0000,NaN,NaN,NaN,0
30.80,Akash,AUIT_Single,CBA,0.692,1.775,0.588,320.2,357.7,-2.197,1.378,13.812,NaN,NaN,NaN,World,Video Quad,27.8,NaN,13.542,NaN,1,0,CabinetD06,None,0,0,0,0,0.0000,NaN,NaN,NaN,0
30.91,Akash,AUIT_Single,CBA,0.690,1.773,0.588,321.0,358.3,-2.197,1.378,13.812,NaN,NaN,NaN,World,Video Quad,26.9,NaN,13.542,NaN,1,0,CabinetD06,None,0,0,0,0,0.0000,NaN,NaN,NaN,0
31.01,Akash,AUIT_Single,CBA,0.686,1.772,0.584,321.0,358.2,-2.197,1.378,13.812,NaN,NaN,NaN,World,Video Quad,26.9,NaN,13.544,NaN,1,0,CabinetD06,None,0,0,0,0,0.0000,NaN,NaN,NaN,0
31.11,Akash,AUIT_Single,CBA,0.680,1.772,0.579,320.6,357.9,-2.197,1.378,13.812,NaN,NaN,NaN,World,Video Quad,27.4,NaN,13.548,NaN,1,0,CabinetD06,None,0,0,0,0,0.0000,NaN,NaN,NaN,0
31.20,Akash,AUIT_Single,CBA,0.673,1.773,0.574,320.3,357.7,-2.197,1.378,13.812,NaN,NaN,NaN,World,Video Quad,27.8,NaN,13.551,NaN,1,0,CabinetD06,None,0,0,0,0,0.0000,NaN,NaN,NaN,0
31.30,Akash,AUIT_Single,CBA,0.666,1.772,0.570,320.0,358.2,-2.197,1.378,13.812,NaN,NaN,NaN,World,Video Quad,28.0,NaN,13.554,NaN,1,0,CabinetD06,None,0,0,0,0,0.0000,NaN,NaN,NaN,0
31.41,Akash,AUIT_Single,CBA,0.659,1.772,0.566,319.8,358.2,-2.197,1.378,13.812,NaN,NaN,NaN,World,Video Quad,28.2,NaN,13.556,NaN,1,0,CabinetD06,None,0,0,0,0,0.0000,NaN,NaN,NaN,0
31.51,Akash,AUIT_Single,CBA,0.653,1.772,0.563,319.1,358.5,-2.197,1.378,13.812,NaN,NaN,NaN,World,Video Quad,28.9,NaN,13.558,NaN,1,0,CabinetD06,None,0,0,0,0,0.0000,NaN,NaN,NaN,0
31.61,Akash,AUIT_Single,CBA,0.648,1.771,0.562,318.2,358.7,-2.197,1.378,13.812,NaN,NaN,NaN,World,Video Quad,29.9,NaN,13.558,NaN,1,0,CabinetD06,None,0,0,0,0,0.0000,NaN,NaN,NaN,0
31.70,Akash,AUIT_Single,CBA,0.644,1.771,0.561,317.6,359.0,-2.197,1.378,13.812,NaN,NaN,NaN,World,Video Quad,30.4,NaN,13.558,NaN,1,0,CabinetD06,None,0,0,0,0,0.0000,NaN,NaN,NaN,0
31.80,Akash,AUIT_Single,CBA,0.642,1.770,0.562,317.6,359.3,-2.197,1.378,13.812,NaN,NaN,NaN,World,Video Quad,30.4,NaN,13.557,NaN,1,0,CabinetD06,None,0,0,0,0,0.0000,NaN,NaN,NaN,0
31.91,Akash,AUIT_Single,CBA,0.639,1.770,0.562,317.7,359.3,-2.197,1.378,13.812,NaN,NaN,NaN,World,Video Quad,30.3,NaN,13.556,NaN,1,0,CabinetD06,None,0,0,0,0,0.0000,NaN,NaN,NaN,0
32.01,Akash,AUIT_Single,CBA,0.637,1.770,0.563,318.0,359.5,-2.197,1.378,13.812,NaN,NaN,NaN,World,Video Quad,30.0,NaN,13.554,NaN,1,0,CabinetD06,None,0,0,0,0,0.0000,NaN,NaN,NaN,0
32.11,Akash,AUIT_Single,CBA,0.635,1.770,0.564,318.7,359.6,-2.197,1.378,13.812,NaN,NaN,NaN,World,Video Quad,29.3,NaN,13.553,NaN,1,0,CabinetD06,None,0,0,0,0,0.0000,NaN,NaN,NaN,0
32.20,Akash,AUIT_Single,CBA,0.633,1.770,0.565,319.4,359.6,-2.197,1.378,13.812,NaN,NaN,NaN,World,Video Quad,28.6,NaN,13.552,NaN,1,0,CabinetD06,None,0,0,0,0,0.0000,NaN,NaN,NaN,0
32.31,Akash,AUIT_Single,CBA,0.631,1.770,0.565,320.4,359.7,-2.197,1.378,13.812,NaN,NaN,NaN,World,Video Quad,27.6,NaN,13.551,NaN,1,0,CabinetD06,None,0,0,0,0,0.0000,NaN,NaN,NaN,0
32.41,Akash,AUIT_Single,CBA,0.629,1.770,0.566,321.8,359.9,-2.197,1.378,13.812,NaN,NaN,NaN,World,Video Quad,26.2,NaN,13.550,NaN,1,0,CabinetD06,None,0,0,0,0,0.0000,NaN,NaN,NaN,0
32.51,Akash,AUIT_Single,CBA,0.628,1.769,0.567,323.5,0.3,-2.197,1.378,13.812,NaN,NaN,NaN,World,Video Quad,24.5,NaN,13.549,NaN,1,0,CabinetD06,None,1,0,0,0,0.0000,NaN,NaN,NaN,0
32.60,Akash,AUIT_Single,CBA,0.625,1.768,0.566,324.7,0.6,-2.197,1.378,13.812,NaN,NaN,NaN,World,Video Quad,23.3,NaN,13.549,NaN,1,0,CabinetD06,None,1,0,0,0,0.0000,NaN,NaN,NaN,0
32.70,Akash,AUIT_Single,CBA,0.622,1.768,0.566,326.9,1.0,-2.197,1.378,13.812,NaN,NaN,NaN,World,Video Quad,21.1,NaN,13.548,NaN,1,0,CabinetD06,None,1,0,0,0,0.0000,NaN,NaN,NaN,0
32.81,Akash,AUIT_Single,CBA,0.617,1.765,0.569,331.2,2.1,-2.197,1.378,13.812,NaN,NaN,NaN,World,CabinetD06Door,16.8,NaN,13.544,NaN,1,0,CabinetD06,None,1,0,0,0,0.0000,NaN,NaN,NaN,0
32.91,Akash,AUIT_Single,CBA,0.613,1.763,0.572,336.6,3.4,-2.197,1.378,13.812,NaN,NaN,NaN,World,CabinetD06Door,11.5,NaN,13.540,NaN,1,0,CabinetD06,None,1,0,0,0,0.0000,NaN,NaN,NaN,0
33.01,Akash,AUIT_Single,CBA,0.608,1.757,0.577,341.5,4.5,-2.197,1.378,13.812,NaN,NaN,NaN,World,CabinetD06,7.1,NaN,13.535,NaN,1,0,CabinetD06,None,1,0,0,0,0.0000,NaN,NaN,NaN,0
33.10,Akash,AUIT_Single,CBA,0.605,1.749,0.586,343.9,6.8,-2.197,1.378,13.812,NaN,NaN,NaN,World,CabinetD06,6.6,NaN,13.525,NaN,1,0,CabinetD06,None,1,0,0,0,0.0000,NaN,NaN,NaN,0
33.20,Akash,AUIT_Single,CBA,0.609,1.753,0.602,345.6,7.4,-2.197,1.378,13.812,NaN,NaN,NaN,World,CabinetD06,6.2,NaN,13.510,NaN,1,0,CabinetD06,None,1,0,0,0,0.0000,NaN,NaN,NaN,0
33.31,Akash,AUIT_Single,CBA,0.617,1.750,0.633,345.2,6.5,-2.197,1.378,13.812,NaN,NaN,NaN,World,CabinetD06,5.7,NaN,13.481,NaN,1,0,CabinetD06,None,1,0,0,0,0.0000,NaN,NaN,NaN,0
33.41,Akash,AUIT_Single,CBA,0.630,1.744,0.669,343.1,8.2,-2.197,1.378,13.812,NaN,NaN,NaN,World,CabinetD06,8.2,NaN,13.449,NaN,1,0,CabinetD06,None,1,0,0,0,0.0000,NaN,NaN,NaN,0
33.51,Akash,AUIT_Single,CBA,0.646,1.748,0.710,341.8,8.0,-2.197,1.378,13.812,NaN,NaN,NaN,World,CabinetD06,8.8,NaN,13.412,NaN,1,0,CabinetD06,None,1,0,0,0,0.0000,NaN,NaN,NaN,0
33.60,Akash,AUIT_Single,CBA,0.661,1.752,0.750,341.7,7.1,-2.197,1.378,13.812,NaN,NaN,NaN,World,CabinetD06,8.1,NaN,13.377,NaN,1,0,CabinetD06,None,1,0,0,0,0.0000,NaN,NaN,NaN,0
33.70,Akash,AUIT_Single,CBA,0.673,1.755,0.781,341.1,7.3,-2.197,1.378,13.812,NaN,NaN,NaN,World,CabinetD06,8.6,NaN,13.349,NaN,1,0,CabinetD06,None,1,0,0,0,0.0000,NaN,NaN,NaN,0
33.81,Akash,AUIT_Single,CBA,0.684,1.757,0.803,339.6,6.7,-2.197,1.378,13.812,NaN,NaN,NaN,World,CabinetD06,9.4,NaN,13.330,NaN,1,0,CabinetD06,None,1,0,0,0,0.0000,NaN,NaN,NaN,0
33.91,Akash,AUIT_Single,CBA,0.691,1.759,0.814,338.6,6.1,-2.197,1.378,13.812,NaN,NaN,NaN,World,CabinetD06,9.9,NaN,13.321,NaN,1,0,CabinetD06,None,1,0,0,0,0.0000,NaN,NaN,NaN,0
34.01,Akash,AUIT_Single,CBA,0.696,1.760,0.822,338.5,5.1,-2.197,1.378,13.812,NaN,NaN,NaN,World,CabinetD06,9.6,NaN,13.313,NaN,1,0,CabinetD06,None,1,0,0,0,0.0000,NaN,NaN,NaN,0
34.10,Akash,AUIT_Single,CBA,0.695,1.760,0.829,338.6,5.0,-2.197,1.378,13.812,NaN,NaN,NaN,World,CabinetD06,9.5,NaN,13.307,NaN,1,0,CabinetD06,None,1,0,0,0,0.0000,NaN,NaN,NaN,0
34.20,Akash,AUIT_Single,CBA,0.691,1.756,0.833,339.1,6.7,-2.197,1.378,13.812,NaN,NaN,NaN,World,CabinetD06,9.8,NaN,13.302,NaN,1,0,CabinetD06,None,1,0,0,0,0.0000,NaN,NaN,NaN,0
34.31,Akash,AUIT_Single,CBA,0.686,1.754,0.835,341.4,8.2,-2.197,1.378,13.812,NaN,NaN,NaN,World,CabinetD06,8.9,NaN,13.299,NaN,1,0,CabinetD06,None,1,0,0,0,0.0000,NaN,NaN,NaN,0
34.41,Akash,AUIT_Single,CBA,0.683,1.750,0.839,345.3,9.8,-2.197,1.378,13.812,NaN,NaN,NaN,World,CabinetD06,8.5,NaN,13.294,NaN,1,0,CabinetD06,None,1,0,0,0,0.0000,NaN,NaN,NaN,0
34.51,Akash,AUIT_Single,CBA,0.684,1.746,0.846,351.3,12.2,-2.197,1.378,13.812,NaN,NaN,NaN,World,CabinetD06,11.3,NaN,13.287,NaN,1,0,CabinetD06,None,1,0,0,0,0.0000,NaN,NaN,NaN,0
34.60,Akash,AUIT_Single,CBA,0.689,1.739,0.852,358.5,15.4,-2.197,1.378,13.812,NaN,NaN,NaN,World,CabinetD05,17.6,NaN,13.282,NaN,1,0,CabinetD06,None,1,0,0,0,0.0000,NaN,NaN,NaN,0
34.70,Akash,AUIT_Single,CBA,0.698,1.734,0.858,5.2,17.9,-2.197,1.378,13.812,NaN,NaN,NaN,World,CabinetD05,23.9,NaN,13.279,NaN,1,0,CabinetD06,None,1,0,0,0,0.0000,NaN,NaN,NaN,0
34.81,Akash,AUIT_Single,CBA,0.709,1.731,0.862,10.9,19.3,-2.197,1.378,13.812,NaN,NaN,NaN,World,Wall4m,29.1,NaN,13.277,NaN,1,0,CabinetD06,None,0,0,0,0,0.0000,NaN,NaN,NaN,0
34.91,Akash,AUIT_Single,CBA,0.720,1.730,0.865,14.4,19.7,-2.197,1.378,13.812,NaN,NaN,NaN,World,Wall4m,32.2,NaN,13.277,NaN,1,0,CabinetD06,None,0,0,0,0,0.0000,NaN,NaN,NaN,0
35.01,Akash,AUIT_Single,CBA,0.730,1.729,0.867,16.6,20.0,-2.197,1.378,13.812,NaN,NaN,NaN,World,Wall4m,34.1,NaN,13.276,NaN,1,0,CabinetD06,None,0,0,0,0,0.0000,NaN,NaN,NaN,0
35.12,Akash,AUIT_Single,CBA,0.735,1.729,0.869,17.5,20.2,-2.197,1.378,13.812,NaN,NaN,NaN,World,Wall4m,34.9,NaN,13.276,NaN,1,0,CabinetD06,None,0,0,0,0,0.0000,NaN,NaN,NaN,0
35.20,Akash,AUIT_Single,CBA,0.743,1.728,0.873,18.8,20.5,-2.197,1.378,13.812,NaN,NaN,NaN,World,Wall4m,36.2,NaN,13.274,NaN,1,0,CabinetD06,None,0,0,0,0,0.0000,NaN,NaN,NaN,0
35.31,Akash,AUIT_Single,CBA,0.747,1.727,0.877,18.5,20.6,-2.197,1.378,13.812,NaN,NaN,NaN,World,Wall4m,36.0,NaN,13.271,NaN,1,0,CabinetD06,None,0,0,0,0,0.0000,NaN,NaN,NaN,0
35.41,Akash,AUIT_Single,CBA,0.750,1.726,0.881,18.1,21.0,-2.197,1.378,13.812,NaN,NaN,NaN,World,Wall4m,35.9,NaN,13.268,NaN,1,0,CabinetD06,None,0,0,0,0,0.0000,NaN,NaN,NaN,0
35.51,Akash,AUIT_Single,CBA,0.751,1.725,0.884,17.9,21.3,-2.197,1.378,13.812,NaN,NaN,NaN,World,Wall4m,35.9,NaN,13.264,NaN,1,0,CabinetD06,None,0,0,0,0,0.0000,NaN,NaN,NaN,0
35.60,Akash,AUIT_Single,CBA,0.749,1.724,0.888,16.5,21.7,-2.197,1.378,13.812,NaN,NaN,NaN,World,Wall4m,35.0,NaN,13.260,NaN,1,0,CabinetD06,None,0,0,0,0,0.0000,NaN,NaN,NaN,0
35.73,Akash,AUIT_Single,CBA,0.747,1.723,0.890,15.1,22.0,-2.197,1.378,13.812,NaN,NaN,NaN,World,Wall4m,34.1,NaN,13.258,NaN,1,0,CabinetD06,None,0,0,0,0,0.0000,NaN,NaN,NaN,0
35.81,Akash,AUIT_Single,CBA,0.740,1.723,0.890,11.9,22.2,-2.197,1.378,13.812,NaN,NaN,NaN,World,Wall4m,31.8,NaN,13.256,NaN,1,0,CabinetD06,None,0,0,0,0,0.0000,NaN,NaN,NaN,0
35.91,Akash,AUIT_Single,CBA,0.725,1.731,0.886,4.8,19.8,-2.197,1.378,13.812,NaN,NaN,NaN,World,Wall4m,25.0,NaN,13.257,NaN,1,0,CabinetD06,None,0,0,0,0,0.0000,NaN,NaN,NaN,0
36.01,Akash,AUIT_Single,CBA,0.699,1.740,0.877,348.4,14.8,-2.197,1.378,13.812,NaN,NaN,NaN,World,CabinetD06,13.3,NaN,13.261,NaN,1,0,CabinetD06,None,1,0,0,0,0.0000,NaN,NaN,NaN,0
36.10,Akash,AUIT_Single,CBA,0.670,1.748,0.862,328.7,10.0,-2.197,1.378,13.812,NaN,NaN,NaN,World,CabinetD06,20.4,NaN,13.269,NaN,1,0,CabinetD06,None,1,0,0,0,0.0000,NaN,NaN,NaN,0
36.20,Akash,AUIT_Single,CBA,0.651,1.750,0.844,313.3,8.0,-2.197,1.378,13.812,NaN,NaN,NaN,World,CabinetD06Door,34.7,NaN,13.283,NaN,1,0,CabinetD06,None,0,0,0,0,0.0000,NaN,NaN,NaN,0
36.31,Akash,AUIT_Single,CBA,0.641,1.751,0.829,305.6,7.6,-2.197,1.378,13.812,NaN,NaN,NaN,World,Wall4m,42.4,NaN,13.295,NaN,1,0,CabinetD06,None,0,0,0,0,0.0000,NaN,NaN,NaN,0
36.41,Akash,AUIT_Single,CBA,0.638,1.747,0.823,305.9,11.0,-2.197,1.378,13.812,NaN,NaN,NaN,World,Wall4m,42.6,NaN,13.301,NaN,1,0,CabinetD06,None,0,0,0,0,0.0000,NaN,NaN,NaN,0
36.51,Akash,AUIT_Single,CBA,0.639,1.738,0.821,310.2,17.1,-2.197,1.378,13.812,NaN,NaN,NaN,World,Wall4m,40.0,NaN,13.302,NaN,1,0,CabinetD06,None,0,0,0,0,0.0000,NaN,NaN,NaN,0
36.60,Akash,AUIT_Single,CBA,0.639,1.736,0.819,312.6,18.6,-2.197,1.378,13.812,NaN,NaN,NaN,World,CabinetD06Door,38.4,NaN,13.304,NaN,1,0,CabinetD06,None,0,0,0,0,0.0000,NaN,NaN,NaN,0
36.70,Akash,AUIT_Single,CBA,0.638,1.737,0.817,312.3,18.1,-2.197,1.378,13.812,NaN,NaN,NaN,World,Wall4m,38.5,NaN,13.305,NaN,1,0,CabinetD06,None,0,0,0,0,0.0000,NaN,NaN,NaN,0
36.81,Akash,AUIT_Single,CBA,0.636,1.739,0.816,311.0,17.0,-2.197,1.378,13.812,NaN,NaN,NaN,World,Wall4m,39.3,NaN,13.306,NaN,1,0,CabinetD06,None,0,0,0,0,0.0000,NaN,NaN,NaN,0
36.91,Akash,AUIT_Single,CBA,0.633,1.741,0.815,309.7,15.3,-2.197,1.378,13.812,NaN,NaN,NaN,World,Wall4m,39.9,NaN,13.307,NaN,1,0,CabinetD06,None,0,0,0,0,0.0000,NaN,NaN,NaN,0
37.01,Akash,AUIT_Single,CBA,0.631,1.748,0.814,308.0,10.9,-2.197,1.378,13.812,NaN,NaN,NaN,World,Wall4m,40.6,NaN,13.307,NaN,1,0,CabinetD06,None,0,0,0,0,0.0000,NaN,NaN,NaN,0
37.10,Akash,AUIT_Single,CBA,0.629,1.755,0.814,306.1,6.3,-2.197,1.378,13.812,NaN,NaN,NaN,World,Video Quad,41.8,NaN,13.308,NaN,1,0,CabinetD06,None,0,0,0,0,0.0000,NaN,NaN,NaN,0
37.20,Akash,AUIT_Single,CBA,0.629,1.759,0.814,304.8,4.3,-2.197,1.378,13.812,NaN,NaN,NaN,World,Video Quad,43.0,NaN,13.307,NaN,1,0,CabinetD06,None,0,0,0,0,0.0000,NaN,NaN,NaN,0
37.31,Akash,AUIT_Single,CBA,0.625,1.757,0.818,302.9,5.0,-2.197,1.378,13.812,NaN,NaN,NaN,World,Video Quad,44.9,NaN,13.303,NaN,1,0,CabinetD06,None,0,0,0,0,0.0000,NaN,NaN,NaN,0
37.41,Akash,AUIT_Single,CBA,0.621,1.752,0.821,301.0,7.0,-2.197,1.378,13.812,NaN,NaN,NaN,World,Video Quad,47.0,NaN,13.298,NaN,1,0,CabinetD06,None,0,0,0,0,0.0000,NaN,NaN,NaN,0
37.51,Akash,AUIT_Single,CBA,0.616,1.751,0.817,301.0,7.3,-2.197,1.378,13.812,NaN,NaN,NaN,World,Video Quad,47.0,NaN,13.301,NaN,1,0,CabinetD06,None,0,0,0,0,0.0000,NaN,NaN,NaN,0
37.60,Akash,AUIT_Single,CBA,0.612,1.753,0.802,304.6,7.2,-2.197,1.378,13.812,NaN,NaN,NaN,World,Video Quad,43.4,NaN,13.315,NaN,1,0,CabinetD06,None,0,0,0,0,0.0000,NaN,NaN,NaN,0
37.70,Akash,AUIT_Single,CBA,0.605,1.753,0.782,312.8,7.3,-2.197,1.378,13.812,NaN,NaN,NaN,World,Video Quad,35.4,NaN,13.334,NaN,1,0,CabinetD06,None,0,0,0,0,0.0000,NaN,NaN,NaN,0
37.81,Akash,AUIT_Single,CBA,0.591,1.756,0.755,323.5,7.1,-2.197,1.378,13.812,NaN,NaN,NaN,World,Video Quad,24.9,NaN,13.357,NaN,1,0,CabinetD06,None,1,0,0,0,0.0000,NaN,NaN,NaN,0
37.91,Akash,AUIT_Single,CBA,0.572,1.756,0.731,328.7,7.1,-2.197,1.378,13.812,NaN,NaN,NaN,World,Video Quad,20.1,NaN,13.377,NaN,1,0,CabinetD06,None,1,0,0,0,0.0000,NaN,NaN,NaN,0
38.01,Akash,AUIT_Single,CBA,0.553,1.752,0.710,331.3,7.8,-2.197,1.378,13.812,NaN,NaN,NaN,World,Video Quad,17.9,NaN,13.393,NaN,1,0,CabinetD06,None,1,0,0,0,0.0000,NaN,NaN,NaN,0
38.10,Akash,AUIT_Single,CBA,0.542,1.752,0.692,334.0,8.3,-2.197,1.378,13.812,NaN,NaN,NaN,World,Video Quad,15.6,NaN,13.408,NaN,1,0,CabinetD06,None,1,0,0,0,0.0000,NaN,NaN,NaN,0
38.20,Akash,AUIT_Single,CBA,0.542,1.756,0.678,338.6,7.5,-2.197,1.378,13.812,NaN,NaN,NaN,World,Video Quad,11.3,NaN,13.422,NaN,1,0,CabinetD06,None,1,0,0,0,0.0000,NaN,NaN,NaN,0
38.31,Akash,AUIT_Single,CBA,0.558,1.758,0.666,345.4,7.2,-2.197,1.378,13.812,NaN,NaN,NaN,World,CabinetD06,6.2,NaN,13.437,NaN,1,0,CabinetD06,None,1,0,0,0,0.0000,NaN,NaN,NaN,0
38.41,Akash,AUIT_Single,CBA,0.583,1.760,0.660,351.9,6.4,-2.197,1.378,13.812,NaN,NaN,NaN,World,CabinetD06,6.1,NaN,13.448,NaN,1,0,CabinetD06,None,1,0,0,0,0.0000,NaN,NaN,NaN,0
38.51,Akash,AUIT_Single,CBA,0.615,1.759,0.661,356.0,7.6,-2.197,1.378,13.812,NaN,NaN,NaN,World,CabinetD06,10.0,NaN,13.454,NaN,1,0,CabinetD06,None,1,0,0,0,0.0000,NaN,NaN,NaN,0
38.61,Akash,AUIT_Single,CBA,0.651,1.746,0.666,0.0,14.4,-2.197,1.378,13.812,NaN,NaN,NaN,World,Wall4m,17.7,NaN,13.456,NaN,1,0,CabinetD06,None,1,0,0,0,0.0000,NaN,NaN,NaN,0
38.70,Akash,AUIT_Single,CBA,0.684,1.736,0.667,4.5,20.9,-2.197,1.378,13.812,NaN,NaN,NaN,World,Wall4m,25.4,NaN,13.462,NaN,1,0,CabinetD06,None,0,0,0,0,0.0000,NaN,NaN,NaN,0
38.90,Akash,AUIT_Single,CBA,0.716,1.737,0.659,5.5,19.9,-2.197,1.378,13.812,NaN,NaN,NaN,World,Wall4m,25.4,NaN,13.477,NaN,1,0,CabinetD06,None,0,0,0,0,0.0000,NaN,NaN,NaN,0
38.91,Akash,AUIT_Single,CBA,0.725,1.737,0.654,5.1,20.1,-2.197,1.378,13.812,NaN,NaN,NaN,World,Wall4m,25.4,NaN,13.484,NaN,1,0,CabinetD06,None,0,0,0,0,0.0000,NaN,NaN,NaN,0
39.01,Akash,AUIT_Single,CBA,0.730,1.737,0.648,3.5,20.0,-2.197,1.378,13.812,NaN,NaN,NaN,World,Wall4m,24.2,NaN,13.491,NaN,1,0,CabinetD06,None,1,0,0,0,0.0000,NaN,NaN,NaN,0
39.10,Akash,AUIT_Single,CBA,0.727,1.735,0.641,0.4,20.7,-2.197,1.378,13.812,NaN,NaN,NaN,World,Wall4m,22.9,NaN,13.497,NaN,1,0,CabinetD06,None,1,0,0,0,0.0000,NaN,NaN,NaN,0
39.20,Akash,AUIT_Single,CBA,0.719,1.736,0.634,357.5,20.5,-2.197,1.378,13.812,NaN,NaN,NaN,World,Wall4m,21.4,NaN,13.502,NaN,1,0,CabinetD06,None,1,0,0,0,0.0000,NaN,NaN,NaN,0
39.31,Akash,AUIT_Single,CBA,0.709,1.737,0.628,356.2,19.8,-2.197,1.378,13.812,NaN,NaN,NaN,World,Wall4m,20.1,NaN,13.506,NaN,1,0,CabinetD06,None,1,0,0,0,0.0000,NaN,NaN,NaN,0
39.41,Akash,AUIT_Single,CBA,0.698,1.735,0.623,353.9,20.1,-2.197,1.378,13.812,NaN,NaN,NaN,World,Wall4m,19.6,NaN,13.508,NaN,1,0,CabinetD06,None,1,0,0,0,0.0000,NaN,NaN,NaN,0
39.51,Akash,AUIT_Single,CBA,0.689,1.734,0.620,351.8,20.9,-2.197,1.378,13.812,NaN,NaN,NaN,World,Wall4m,19.8,NaN,13.509,NaN,1,0,CabinetD06,None,1,0,0,0,0.0000,NaN,NaN,NaN,0
39.60,Akash,AUIT_Single,CBA,0.683,1.735,0.616,351.2,20.6,-2.197,1.378,13.812,NaN,NaN,NaN,World,Wall4m,19.4,NaN,13.512,NaN,1,0,CabinetD06,None,1,0,0,0,0.0000,NaN,NaN,NaN,0
39.70,Akash,AUIT_Single,CBA,0.678,1.736,0.613,350.9,19.9,-2.197,1.378,13.812,NaN,NaN,NaN,World,Wall4m,18.7,NaN,13.514,NaN,1,0,CabinetD06,None,1,0,0,0,0.0000,NaN,NaN,NaN,0
39.81,Akash,AUIT_Single,CBA,0.673,1.736,0.611,351.0,19.9,-2.197,1.378,13.812,NaN,NaN,NaN,World,Wall4m,18.7,NaN,13.515,NaN,1,0,CabinetD06,None,1,0,0,0,0.0000,NaN,NaN,NaN,0
39.91,Akash,AUIT_Single,CBA,0.672,1.735,0.610,352.2,20.1,-2.197,1.378,13.812,NaN,NaN,NaN,World,Wall4m,19.1,NaN,13.515,NaN,1,0,CabinetD06,None,1,0,0,0,0.0000,NaN,NaN,NaN,0
40.01,Akash,AUIT_Single,CBA,0.671,1.735,0.609,353.8,20.0,-2.197,1.378,13.812,NaN,NaN,NaN,World,Wall4m,19.4,NaN,13.516,NaN,1,0,CabinetD06,None,1,0,0,0,0.0000,NaN,NaN,NaN,0
40.10,Akash,AUIT_Single,CBA,0.671,1.735,0.607,354.3,19.8,-2.197,1.378,13.812,NaN,NaN,NaN,World,Wall4m,19.4,NaN,13.518,NaN,1,0,CabinetD06,None,1,0,0,0,0.0000,NaN,NaN,NaN,0
40.20,Akash,AUIT_Single,CBA,0.670,1.736,0.606,354.3,19.3,-2.197,1.378,13.812,NaN,NaN,NaN,World,Wall4m,18.9,NaN,13.519,NaN,1,0,CabinetD06,None,1,0,0,0,0.0000,NaN,NaN,NaN,0
40.31,Akash,AUIT_Single,CBA,0.669,1.737,0.604,353.8,18.8,-2.197,1.378,13.812,NaN,NaN,NaN,World,Wall4m,18.3,NaN,13.520,NaN,1,0,CabinetD06,None,1,0,0,0,0.0000,NaN,NaN,NaN,0
40.41,Akash,AUIT_Single,CBA,0.668,1.737,0.604,352.6,18.8,-2.197,1.378,13.812,NaN,NaN,NaN,World,Wall4m,17.9,NaN,13.520,NaN,1,0,CabinetD06,None,1,0,0,0,0.0000,NaN,NaN,NaN,0
40.51,Akash,AUIT_Single,CBA,0.667,1.737,0.605,351.2,18.6,-2.197,1.378,13.812,NaN,NaN,NaN,World,Wall4m,17.4,NaN,13.519,NaN,1,0,CabinetD06,None,1,0,0,0,0.0000,NaN,NaN,NaN,0
40.60,Akash,AUIT_Single,CBA,0.666,1.743,0.605,349.3,15.2,-2.197,1.378,13.812,NaN,NaN,NaN,World,Wall4m,13.8,NaN,13.518,NaN,1,0,CabinetD06,None,1,0,0,0,0.0000,NaN,NaN,NaN,0
40.70,Akash,AUIT_Single,CBA,0.662,1.750,0.604,346.1,11.3,-2.197,1.378,13.812,NaN,NaN,NaN,World,CabinetD06,9.8,NaN,13.519,NaN,1,0,CabinetD06,None,1,0,0,0,0.0000,NaN,NaN,NaN,0
40.81,Akash,AUIT_Single,CBA,0.658,1.760,0.603,342.5,5.8,-2.197,1.378,13.812,NaN,NaN,NaN,World,CabinetD06,6.8,NaN,13.520,NaN,1,0,CabinetD06,None,1,0,0,0,0.0000,NaN,NaN,NaN,0
40.91,Akash,AUIT_Single,CBA,0.655,1.767,0.602,341.3,1.3,-2.197,1.378,13.812,NaN,NaN,NaN,World,CabinetD06,6.5,NaN,13.520,NaN,1,0,CabinetD06,None,1,0,0,0,0.0000,NaN,NaN,NaN,0
41.01,Akash,AUIT_Single,CBA,0.652,1.770,0.602,340.3,0.2,-2.197,1.378,13.812,NaN,NaN,NaN,World,CabinetD06,7.7,NaN,13.519,NaN,1,0,CabinetD06,None,1,0,0,0,0.0000,NaN,NaN,NaN,0
41.10,Akash,AUIT_Single,CBA,0.644,1.767,0.603,336.4,1.1,-2.197,1.378,13.812,NaN,NaN,NaN,World,CabinetD06,11.4,NaN,13.517,NaN,1,0,CabinetD06,None,1,0,0,0,0.0000,NaN,NaN,NaN,0
41.20,Akash,AUIT_Single,CBA,0.639,1.766,0.603,334.1,1.9,-2.197,1.378,13.812,NaN,NaN,NaN,World,CabinetD06Door,13.8,NaN,13.516,NaN,1,0,CabinetD06,None,1,0,0,0,0.0000,NaN,NaN,NaN,0
41.31,Akash,AUIT_Single,CBA,0.642,1.766,0.607,337.8,1.8,-2.197,1.378,13.812,NaN,NaN,NaN,World,CabinetD06,10.1,NaN,13.512,NaN,1,0,CabinetD06,None,1,0,0,0,0.0000,NaN,NaN,NaN,0
41.41,Akash,AUIT_Single,CBA,0.650,1.766,0.611,343.9,2.2,-2.197,1.378,13.812,NaN,NaN,NaN,World,CabinetD06,3.9,NaN,13.510,NaN,1,0,CabinetD06,None,1,0,0,0,0.0000,NaN,NaN,NaN,0
41.51,Akash,AUIT_Single,CBA,0.663,1.766,0.614,351.3,2.8,-2.197,1.378,13.812,NaN,NaN,NaN,World,Video Quad,3.7,NaN,13.510,NaN,1,0,CabinetD06,None,1,0,0,0,0.0000,NaN,NaN,NaN,0
41.60,Akash,AUIT_Single,CBA,0.674,1.767,0.617,357.4,3.0,-2.197,1.378,13.812,NaN,NaN,NaN,World,Video Quad,9.7,NaN,13.510,NaN,1,0,CabinetD06,None,1,0,0,0,0.0000,NaN,NaN,NaN,0
41.70,Akash,AUIT_Single,CBA,0.685,1.766,0.620,2.0,3.4,-2.197,1.378,13.812,NaN,NaN,NaN,World,Video Quad,14.4,NaN,13.509,NaN,1,0,CabinetD06,None,1,0,0,0,0.0000,NaN,NaN,NaN,0
41.81,Akash,AUIT_Single,CBA,0.694,1.765,0.622,5.7,4.0,-2.197,1.378,13.812,NaN,NaN,NaN,World,Video Quad,18.2,NaN,13.509,NaN,1,0,CabinetD06,None,1,0,0,0,0.0000,NaN,NaN,NaN,0
41.91,Akash,AUIT_Single,CBA,0.699,1.764,0.624,7.4,4.5,-2.197,1.378,13.812,NaN,NaN,NaN,World,Video Quad,20.0,NaN,13.508,NaN,1,0,CabinetD06,None,1,0,0,0,0.0000,NaN,NaN,NaN,0
42.01,Akash,AUIT_Single,CBA,0.700,1.764,0.626,8.2,4.7,-2.197,1.378,13.812,NaN,NaN,NaN,World,Video Quad,20.8,NaN,13.506,NaN,1,0,CabinetD06,None,1,0,0,0,0.0000,NaN,NaN,NaN,0
42.10,Akash,AUIT_Single,CBA,0.697,1.764,0.629,7.5,4.6,-2.197,1.378,13.812,NaN,NaN,NaN,World,Video Quad,20.1,NaN,13.503,NaN,1,0,CabinetD06,None,1,0,0,0,0.0000,NaN,NaN,NaN,0
42.20,Akash,AUIT_Single,CBA,0.694,1.764,0.633,6.0,5.2,-2.197,1.378,13.812,NaN,NaN,NaN,World,Video Quad,18.6,NaN,13.499,NaN,1,0,CabinetD06,None,1,0,0,0,0.0000,NaN,NaN,NaN,0
42.31,Akash,AUIT_Single,CBA,0.691,1.763,0.637,5.0,5.5,-2.197,1.378,13.812,NaN,NaN,NaN,World,Video Quad,17.8,NaN,13.494,NaN,1,0,CabinetD06,None,1,0,0,0,0.0000,NaN,NaN,NaN,0
42.41,Akash,AUIT_Single,CBA,0.691,1.763,0.640,5.0,5.7,-2.197,1.378,13.812,NaN,NaN,NaN,World,Video Quad,17.7,NaN,13.490,NaN,1,0,CabinetD06,None,1,0,0,0,0.0000,NaN,NaN,NaN,0
42.51,Akash,AUIT_Single,CBA,0.691,1.762,0.644,4.7,5.8,-2.197,1.378,13.812,NaN,NaN,NaN,World,Video Quad,17.5,NaN,13.486,NaN,1,0,CabinetD06,None,1,0,0,0,0.0000,NaN,NaN,NaN,0
42.60,Akash,AUIT_Single,CBA,0.691,1.762,0.648,4.2,5.7,-2.197,1.378,13.812,NaN,NaN,NaN,World,Video Quad,17.0,NaN,13.482,NaN,1,0,CabinetD06,None,1,0,0,0,0.0000,NaN,NaN,NaN,0
42.70,Akash,AUIT_Single,CBA,0.692,1.762,0.652,3.5,5.5,-2.197,1.378,13.812,NaN,NaN,NaN,World,Video Quad,16.4,NaN,13.479,NaN,1,0,CabinetD06,None,1,0,0,0,0.0000,NaN,NaN,NaN,0
42.81,Akash,AUIT_Single,CBA,0.693,1.762,0.656,3.4,5.5,-2.197,1.378,13.812,NaN,NaN,NaN,World,Video Quad,16.2,NaN,13.476,NaN,1,0,CabinetD06,None,1,0,0,0,0.0000,NaN,NaN,NaN,0
42.91,Akash,AUIT_Single,CBA,0.694,1.762,0.658,3.7,5.2,-2.197,1.378,13.812,NaN,NaN,NaN,World,Video Quad,16.4,NaN,13.474,NaN,1,0,CabinetD06,None,1,0,0,0,0.0000,NaN,NaN,NaN,0
43.01,Akash,AUIT_Single,CBA,0.694,1.762,0.660,3.9,5.2,-2.197,1.378,13.812,NaN,NaN,NaN,World,Video Quad,16.6,NaN,13.472,NaN,1,0,CabinetD06,None,1,0,0,0,0.0000,NaN,NaN,NaN,0
43.10,Akash,AUIT_Single,CBA,0.694,1.761,0.661,3.8,5.3,-2.197,1.378,13.812,NaN,NaN,NaN,World,Video Quad,16.6,NaN,13.471,NaN,1,0,CabinetD06,None,1,0,0,0,0.0000,NaN,NaN,NaN,0
43.20,Akash,AUIT_Single,CBA,0.695,1.761,0.662,3.7,5.4,-2.197,1.378,13.812,NaN,NaN,NaN,World,Video Quad,16.5,NaN,13.470,NaN,1,0,CabinetD06,None,1,0,0,0,0.0000,NaN,NaN,NaN,0
43.31,Akash,AUIT_Single,CBA,0.695,1.761,0.662,3.5,5.5,-2.197,1.378,13.812,NaN,NaN,NaN,World,Video Quad,16.4,NaN,13.470,NaN,1,0,CabinetD06,None,1,0,0,0,0.0000,NaN,NaN,NaN,0
43.41,Akash,AUIT_Single,CBA,0.694,1.761,0.662,3.2,5.5,-2.197,1.378,13.812,NaN,NaN,NaN,World,Video Quad,16.0,NaN,13.470,NaN,1,0,CabinetD06,None,1,0,0,0,0.0000,NaN,NaN,NaN,0
43.51,Akash,AUIT_Single,CBA,0.693,1.761,0.661,2.6,5.5,-2.197,1.378,13.812,NaN,NaN,NaN,World,Video Quad,15.4,NaN,13.470,NaN,1,0,CabinetD06,None,1,0,0,0,0.0000,NaN,NaN,NaN,0
43.60,Akash,AUIT_Single,CBA,0.690,1.761,0.659,1.8,5.3,-2.197,1.378,13.812,NaN,NaN,NaN,World,Video Quad,14.6,NaN,13.472,NaN,1,0,CabinetD06,None,1,0,0,0,0.0000,NaN,NaN,NaN,0
43.70,Akash,AUIT_Single,CBA,0.689,1.762,0.657,0.9,5.2,-2.197,1.378,13.812,NaN,NaN,NaN,World,Video Quad,13.7,NaN,13.474,NaN,1,0,CabinetD06,None,1,0,0,0,0.0000,NaN,NaN,NaN,0
43.81,Akash,AUIT_Single,CBA,0.688,1.763,0.652,0.5,4.7,-2.197,1.378,13.812,NaN,NaN,NaN,World,Video Quad,13.2,NaN,13.478,NaN,1,0,CabinetD06,None,1,0,0,0,0.0000,NaN,NaN,NaN,0
43.91,Akash,AUIT_Single,CBA,0.688,1.764,0.648,0.5,4.0,-2.197,1.378,13.812,NaN,NaN,NaN,World,Video Quad,13.1,NaN,13.482,NaN,1,0,CabinetD06,None,1,0,0,0,0.0000,NaN,NaN,NaN,0
44.01,Akash,AUIT_Single,CBA,0.689,1.767,0.644,0.8,2.3,-2.197,1.378,13.812,NaN,NaN,NaN,World,Video Quad,13.2,NaN,13.486,NaN,1,0,CabinetD06,None,1,0,0,0,0.0000,NaN,NaN,NaN,0
44.10,Akash,AUIT_Single,CBA,0.691,1.769,0.638,1.7,0.4,-2.197,1.378,13.812,NaN,NaN,NaN,World,Video Quad,14.1,NaN,13.492,NaN,1,0,CabinetD06,None,1,0,0,0,0.0000,NaN,NaN,NaN,0
44.20,Akash,AUIT_Single,CBA,0.694,1.773,0.633,3.3,358.4,-2.197,1.378,13.812,NaN,NaN,NaN,World,Video Quad,16.1,NaN,13.499,NaN,1,0,CabinetD06,None,1,0,0,0,0.0000,NaN,NaN,NaN,0
44.31,Akash,AUIT_Single,CBA,0.698,1.776,0.627,4.9,355.5,-2.197,1.378,13.812,NaN,NaN,NaN,World,CabinetD05,18.4,NaN,13.506,NaN,1,0,CabinetD06,None,1,0,0,0,0.0000,NaN,NaN,NaN,0
44.41,Akash,AUIT_Single,CBA,0.703,1.782,0.622,6.6,350.6,-2.197,1.378,13.812,NaN,NaN,NaN,World,CabinetD05,21.9,NaN,13.512,NaN,1,0,CabinetD06,None,1,0,0,0,0.0000,NaN,NaN,NaN,0
44.51,Akash,AUIT_Single,CBA,0.706,1.786,0.616,7.2,346.9,-2.197,1.378,13.812,NaN,NaN,NaN,World,CabinetD05,24.5,NaN,13.517,NaN,1,0,CabinetD06,None,1,0,0,0,0.0000,NaN,NaN,NaN,0
44.60,Akash,AUIT_Single,CBA,0.705,1.788,0.612,7.0,345.0,-2.197,1.378,13.812,NaN,NaN,NaN,World,Wall4m,25.5,NaN,13.522,NaN,1,0,CabinetD06,None,0,0,0,0,0.0000,NaN,NaN,NaN,0
44.70,Akash,AUIT_Single,CBA,0.705,1.789,0.608,6.7,344.1,-2.197,1.378,13.812,NaN,NaN,NaN,World,Wall4m,25.8,NaN,13.526,NaN,1,0,CabinetD06,None,0,0,0,0,0.0000,NaN,NaN,NaN,0
44.81,Akash,AUIT_Single,CBA,0.708,1.789,0.603,8.2,343.5,-2.197,1.378,13.812,NaN,NaN,NaN,World,Wall4m,27.4,NaN,13.532,NaN,1,0,CabinetD06,None,0,0,0,0,0.0000,NaN,NaN,NaN,0
44.91,Akash,AUIT_Single,CBA,0.711,1.788,0.599,10.6,343.3,-2.197,1.378,13.812,NaN,NaN,NaN,World,Wall4m,29.2,NaN,13.536,NaN,1,0,CabinetD06,None,0,0,0,0,0.0000,NaN,NaN,NaN,0
45.01,Akash,AUIT_Single,CBA,0.712,1.788,0.597,12.3,343.0,-2.197,1.378,13.812,NaN,NaN,NaN,World,Wall4m,30.7,NaN,13.538,NaN,1,0,CabinetD06,None,0,0,0,0,0.0000,NaN,NaN,NaN,0
45.10,Akash,AUIT_Single,CBA,0.711,1.789,0.596,12.0,342.5,-2.197,1.378,13.812,NaN,NaN,NaN,World,Wall4m,30.8,NaN,13.539,NaN,1,0,CabinetD06,None,0,0,0,0,0.0000,NaN,NaN,NaN,0
45.20,Akash,AUIT_Single,CBA,0.707,1.790,0.594,9.6,341.1,-2.197,1.378,13.812,NaN,NaN,NaN,World,Wall4m,29.9,NaN,13.539,NaN,1,0,CabinetD06,None,0,0,0,0,0.0000,NaN,NaN,NaN,0
45.31,Akash,AUIT_Single,CBA,0.703,1.791,0.595,8.4,341.2,-2.197,1.378,13.812,NaN,NaN,NaN,World,Wall4m,28.9,NaN,13.538,NaN,1,0,CabinetD06,None,0,0,0,0,0.0000,NaN,NaN,NaN,0
45.41,Akash,AUIT_Single,CBA,0.700,1.790,0.597,8.0,342.3,-2.197,1.378,13.812,NaN,NaN,NaN,World,Wall4m,28.0,NaN,13.535,NaN,1,0,CabinetD06,None,0,0,0,0,0.0000,NaN,NaN,NaN,0
45.51,Akash,AUIT_Single,CBA,0.694,1.788,0.602,6.4,344.1,-2.197,1.378,13.812,NaN,NaN,NaN,World,Wall4m,25.6,NaN,13.529,NaN,1,0,CabinetD06,None,0,0,0,0,0.0000,NaN,NaN,NaN,0
45.60,Akash,AUIT_Single,CBA,0.687,1.787,0.605,3.5,344.8,-2.197,1.378,13.812,NaN,NaN,NaN,World,Wall4m,23.0,NaN,13.524,NaN,1,0,CabinetD06,None,1,0,0,0,0.0000,NaN,NaN,NaN,0
45.70,Akash,AUIT_Single,CBA,0.678,1.786,0.608,0.1,345.3,-2.197,1.378,13.812,NaN,NaN,NaN,World,Wall4m,20.5,NaN,13.519,NaN,1,0,CabinetD06,None,1,0,0,0,0.0000,NaN,NaN,NaN,0
45.81,Akash,AUIT_Single,CBA,0.669,1.782,0.613,357.2,348.6,-2.197,1.378,13.812,NaN,NaN,NaN,World,Wall4m,16.1,NaN,13.512,NaN,1,0,CabinetD06,None,1,0,0,0,0.0000,NaN,NaN,NaN,0
45.91,Akash,AUIT_Single,CBA,0.664,1.780,0.617,356.3,350.7,-2.197,1.378,13.812,NaN,NaN,NaN,World,Wall4m,13.9,NaN,13.507,NaN,1,0,CabinetD06,None,1,0,0,0,0.0000,NaN,NaN,NaN,0
46.01,Akash,AUIT_Single,CBA,0.662,1.781,0.620,356.1,350.8,-2.197,1.378,13.812,NaN,NaN,NaN,World,Wall4m,13.7,NaN,13.505,NaN,1,0,CabinetD06,None,1,0,0,0,0.0000,NaN,NaN,NaN,0
46.10,Akash,AUIT_Single,CBA,0.663,1.781,0.621,356.2,350.5,-2.197,1.378,13.812,NaN,NaN,NaN,World,Wall4m,14.0,NaN,13.503,NaN,1,0,CabinetD06,None,1,0,0,0,0.0000,NaN,NaN,NaN,0
46.20,Akash,AUIT_Single,CBA,0.665,1.781,0.624,356.5,350.7,-2.197,1.378,13.812,NaN,NaN,NaN,World,Wall4m,14.0,NaN,13.501,NaN,1,0,CabinetD06,None,1,0,0,0,0.0000,NaN,NaN,NaN,0
46.31,Akash,AUIT_Single,CBA,0.668,1.781,0.627,356.7,351.0,-2.197,1.378,13.812,NaN,NaN,NaN,World,Wall4m,13.9,NaN,13.498,NaN,1,0,CabinetD06,None,1,0,0,0,0.0000,NaN,NaN,NaN,0
46.41,Akash,AUIT_Single,CBA,0.668,1.780,0.630,356.3,351.2,-2.197,1.378,13.812,NaN,NaN,NaN,World,Wall4m,13.5,NaN,13.496,NaN,1,0,CabinetD06,None,1,0,0,0,0.0000,NaN,NaN,NaN,0
46.51,Akash,AUIT_Single,CBA,0.668,1.780,0.633,355.6,351.3,-2.197,1.378,13.812,NaN,NaN,NaN,World,Wall4m,13.1,NaN,13.493,NaN,1,0,CabinetD06,None,1,0,0,0,0.0000,NaN,NaN,NaN,0
46.60,Akash,AUIT_Single,CBA,0.668,1.780,0.635,355.4,351.5,-2.197,1.378,13.812,NaN,NaN,NaN,World,Wall4m,12.7,NaN,13.491,NaN,1,0,CabinetD06,None,1,0,0,0,0.0000,NaN,NaN,NaN,0
46.70,Akash,AUIT_Single,CBA,0.670,1.779,0.637,355.9,351.9,-2.197,1.378,13.812,NaN,NaN,NaN,World,Wall4m,12.7,NaN,13.489,NaN,1,0,CabinetD06,None,1,0,0,0,0.0000,NaN,NaN,NaN,0
46.81,Akash,AUIT_Single,CBA,0.671,1.779,0.638,356.0,352.4,-2.197,1.378,13.812,NaN,NaN,NaN,World,Wall4m,12.4,NaN,13.488,NaN,1,0,CabinetD06,None,1,0,0,0,0.0000,NaN,NaN,NaN,0
46.91,Akash,AUIT_Single,CBA,0.671,1.779,0.638,355.7,352.6,-2.197,1.378,13.812,NaN,NaN,NaN,World,Wall4m,12.1,NaN,13.488,NaN,1,0,CabinetD06,None,1,0,0,0,0.0000,NaN,NaN,NaN,0
47.01,Akash,AUIT_Single,CBA,0.671,1.779,0.638,355.5,352.6,-2.197,1.378,13.812,NaN,NaN,NaN,World,Wall4m,12.0,NaN,13.489,NaN,1,0,CabinetD06,None,1,0,0,0,0.0000,NaN,NaN,NaN,0
47.10,Akash,AUIT_Single,CBA,0.670,1.779,0.637,355.7,352.5,-2.197,1.378,13.812,NaN,NaN,NaN,World,Wall4m,12.1,NaN,13.490,NaN,1,0,CabinetD06,None,1,0,0,0,0.0000,NaN,NaN,NaN,0
47.20,Akash,AUIT_Single,CBA,0.670,1.779,0.636,355.8,353.4,-2.197,1.378,13.812,NaN,NaN,NaN,World,Wall4m,11.6,NaN,13.490,NaN,1,0,CabinetD06,None,1,0,0,0,0.0000,NaN,NaN,NaN,0
47.31,Akash,AUIT_Single,CBA,0.668,1.779,0.635,354.8,353.3,-2.197,1.378,13.812,NaN,NaN,NaN,World,CabinetD06,11.0,NaN,13.491,NaN,1,0,CabinetD06,None,1,0,0,0,0.0000,NaN,NaN,NaN,0
47.41,Akash,AUIT_Single,CBA,0.665,1.780,0.633,353.1,352.5,-2.197,1.378,13.812,NaN,NaN,NaN,World,CabinetD06,10.7,NaN,13.493,NaN,1,0,CabinetD06,None,1,0,0,0,0.0000,NaN,NaN,NaN,0
47.51,Akash,AUIT_Single,CBA,0.664,1.781,0.631,352.3,352.2,-2.197,1.378,13.812,NaN,NaN,NaN,World,CabinetD06,10.5,NaN,13.494,NaN,1,0,CabinetD06,None,1,0,0,0,0.0000,NaN,NaN,NaN,0
47.60,Akash,AUIT_Single,CBA,0.663,1.780,0.631,352.6,352.8,-2.197,1.378,13.812,NaN,NaN,NaN,World,CabinetD06,10.1,NaN,13.494,NaN,1,0,CabinetD06,None,1,0,0,0,0.0000,NaN,NaN,NaN,0
47.70,Akash,AUIT_Single,CBA,0.664,1.779,0.631,353.2,353.1,-2.197,1.378,13.812,NaN,NaN,NaN,World,CabinetD06,10.1,NaN,13.494,NaN,1,0,CabinetD06,None,1,0,0,0,0.0000,NaN,NaN,NaN,0
47.81,Akash,AUIT_Single,CBA,0.665,1.780,0.632,353.5,353.1,-2.197,1.378,13.812,NaN,NaN,NaN,World,CabinetD06,10.3,NaN,13.494,NaN,1,0,CabinetD06,None,1,0,0,0,0.0000,NaN,NaN,NaN,0
47.91,Akash,AUIT_Single,CBA,0.665,1.783,0.632,352.0,350.9,-2.197,1.378,13.812,NaN,NaN,NaN,World,CabinetD06,11.6,NaN,13.494,NaN,1,0,CabinetD06,None,1,0,0,0,0.0000,NaN,NaN,NaN,0
48.01,Akash,AUIT_Single,CBA,0.664,1.785,0.631,349.8,349.4,-2.197,1.378,13.812,NaN,NaN,NaN,World,CabinetD06,12.5,NaN,13.494,NaN,1,0,CabinetD06,None,1,0,0,0,0.0000,NaN,NaN,NaN,0
48.11,Akash,AUIT_Single,CBA,0.665,1.785,0.632,349.8,349.4,-2.197,1.378,13.812,NaN,NaN,NaN,World,CabinetD06,12.5,NaN,13.493,NaN,1,0,CabinetD06,None,1,0,0,0,0.0000,NaN,NaN,NaN,0
48.20,Akash,AUIT_Single,CBA,0.667,1.785,0.636,351.9,350.4,-2.197,1.378,13.812,NaN,NaN,NaN,World,CabinetD06,12.1,NaN,13.490,NaN,1,0,CabinetD06,None,1,0,0,0,0.0000,NaN,NaN,NaN,0
48.31,Akash,AUIT_Single,CBA,0.669,1.786,0.639,353.9,349.2,-2.197,1.378,13.812,NaN,NaN,NaN,World,CabinetD06,14.0,NaN,13.487,NaN,1,0,CabinetD06,None,1,0,0,0,0.0000,NaN,NaN,NaN,0
48.41,Akash,AUIT_Single,CBA,0.669,1.784,0.642,354.6,350.7,-2.197,1.378,13.812,NaN,NaN,NaN,World,CabinetD06,13.0,NaN,13.484,NaN,1,0,CabinetD06,None,1,0,0,0,0.0000,NaN,NaN,NaN,0
48.51,Akash,AUIT_Single,CBA,0.669,1.783,0.645,354.5,351.0,-2.197,1.378,13.812,NaN,NaN,NaN,World,CabinetD06,12.7,NaN,13.482,NaN,1,0,CabinetD06,None,1,0,0,0,0.0000,NaN,NaN,NaN,0
48.61,Akash,AUIT_Single,CBA,0.667,1.786,0.647,353.6,348.6,-2.197,1.378,13.812,NaN,NaN,NaN,World,CabinetD06,14.4,NaN,13.480,NaN,1,0,CabinetD06,None,1,0,0,0,0.0000,NaN,NaN,NaN,0
48.70,Akash,AUIT_Single,CBA,0.666,1.785,0.648,352.8,349.7,-2.197,1.378,13.812,NaN,NaN,NaN,World,CabinetD06,13.1,NaN,13.478,NaN,1,0,CabinetD06,None,1,0,0,0,0.0000,NaN,NaN,NaN,0
48.81,Akash,AUIT_Single,CBA,0.666,1.783,0.649,352.9,350.3,-2.197,1.378,13.812,NaN,NaN,NaN,World,CabinetD06,12.5,NaN,13.478,NaN,1,0,CabinetD06,None,1,0,0,0,0.0000,NaN,NaN,NaN,0
48.91,Akash,AUIT_Single,CBA,0.666,1.783,0.649,353.5,350.7,-2.197,1.378,13.812,NaN,NaN,NaN,World,CabinetD06,12.4,NaN,13.478,NaN,1,0,CabinetD06,None,1,0,0,0,0.0000,NaN,NaN,NaN,0
49.01,Akash,AUIT_Single,CBA,0.666,1.784,0.648,354.1,350.3,-2.197,1.378,13.812,NaN,NaN,NaN,World,CabinetD06,13.1,NaN,13.478,NaN,1,0,CabinetD06,None,1,0,0,0,0.0000,NaN,NaN,NaN,0
49.10,Akash,AUIT_Single,CBA,0.665,1.783,0.648,354.3,350.4,-2.197,1.378,13.812,NaN,NaN,NaN,World,CabinetD06,13.1,NaN,13.478,NaN,1,0,CabinetD06,None,1,0,0,0,0.0000,NaN,NaN,NaN,0
49.20,Akash,AUIT_Single,CBA,0.665,1.783,0.647,354.4,350.4,-2.197,1.378,13.812,NaN,NaN,NaN,World,CabinetD06,13.1,NaN,13.478,NaN,1,0,CabinetD06,None,1,0,0,0,0.0000,NaN,NaN,NaN,0
49.31,Akash,AUIT_Single,CBA,0.664,1.783,0.648,354.7,350.4,-2.197,1.378,13.812,NaN,NaN,NaN,World,CabinetD06,13.3,NaN,13.478,NaN,1,0,CabinetD06,None,1,0,0,0,0.0000,NaN,NaN,NaN,0
49.41,Akash,AUIT_Single,CBA,0.664,1.783,0.649,354.7,350.6,-2.197,1.378,13.812,NaN,NaN,NaN,World,CabinetD06,13.1,NaN,13.477,NaN,1,0,CabinetD06,None,1,0,0,0,0.0000,NaN,NaN,NaN,0
49.51,Akash,AUIT_Single,CBA,0.664,1.783,0.649,354.6,350.7,-2.197,1.378,13.812,NaN,NaN,NaN,World,CabinetD06,13.0,NaN,13.476,NaN,1,0,CabinetD06,None,1,0,0,0,0.0000,NaN,NaN,NaN,0
49.60,Akash,AUIT_Single,CBA,0.664,1.783,0.650,354.8,350.7,-2.197,1.378,13.812,NaN,NaN,NaN,World,CabinetD06,13.1,NaN,13.476,NaN,1,0,CabinetD06,None,1,0,0,0,0.0000,NaN,NaN,NaN,0
49.70,Akash,AUIT_Single,CBA,0.665,1.783,0.650,355.0,350.9,-2.197,1.378,13.812,NaN,NaN,NaN,World,CabinetD06,13.0,NaN,13.475,NaN,1,0,CabinetD06,None,1,0,0,0,0.0000,NaN,NaN,NaN,0
49.81,Akash,AUIT_Single,CBA,0.666,1.782,0.650,355.1,351.4,-2.197,1.378,13.812,NaN,NaN,NaN,World,CabinetD06,12.7,NaN,13.476,NaN,1,0,CabinetD06,None,1,0,0,0,0.0000,NaN,NaN,NaN,0
49.91,Akash,AUIT_Single,CBA,0.667,1.779,0.650,355.0,353.9,-2.197,1.378,13.812,NaN,NaN,NaN,World,CabinetD06,10.6,NaN,13.476,NaN,1,0,CabinetD06,None,1,0,0,0,0.0000,NaN,NaN,NaN,0
50.01,Akash,AUIT_Single,CBA,0.667,1.772,0.651,354.6,359.0,-2.197,1.378,13.812,NaN,NaN,NaN,World,Video Quad,7.4,NaN,13.475,NaN,1,0,CabinetD06,None,1,0,0,0,0.0000,NaN,NaN,NaN,0
50.10,Akash,AUIT_Single,CBA,0.667,1.765,0.651,354.2,3.3,-2.197,1.378,13.812,NaN,NaN,NaN,World,Video Quad,6.7,NaN,13.475,NaN,1,0,CabinetD06,None,1,0,0,0,0.0000,NaN,NaN,NaN,0
50.20,Akash,AUIT_Single,CBA,0.667,1.761,0.650,353.4,5.9,-2.197,1.378,13.812,NaN,NaN,NaN,World,Video Quad,7.1,NaN,13.476,NaN,1,0,CabinetD06,None,1,0,0,0,0.0000,NaN,NaN,NaN,0
50.31,Akash,AUIT_Single,CBA,0.665,1.757,0.649,352.0,8.9,-2.197,1.378,13.812,NaN,NaN,NaN,World,Video Quad,8.5,NaN,13.476,NaN,1,0,CabinetD06,None,1,0,0,0,0.0000,NaN,NaN,NaN,0
50.41,Akash,AUIT_Single,CBA,0.664,1.754,0.647,350.5,11.4,-2.197,1.378,13.812,NaN,NaN,NaN,World,Video Quad,10.2,NaN,13.478,NaN,1,0,CabinetD06,None,1,0,0,0,0.0000,NaN,NaN,NaN,0
50.51,Akash,AUIT_Single,CBA,0.665,1.752,0.646,350.5,12.3,-2.197,1.378,13.812,NaN,NaN,NaN,World,Video Quad,11.1,NaN,13.479,NaN,1,0,CabinetD06,None,1,0,0,0,0.0000,NaN,NaN,NaN,0
50.60,Akash,AUIT_Single,CBA,0.669,1.754,0.645,353.8,11.9,-2.197,1.378,13.812,NaN,NaN,NaN,World,Video Quad,11.9,NaN,13.481,NaN,1,0,CabinetD06,None,1,0,0,0,0.0000,NaN,NaN,NaN,0
50.70,Akash,AUIT_Single,CBA,0.678,1.755,0.643,0.0,11.3,-2.197,1.378,13.812,NaN,NaN,NaN,World,Video Quad,15.6,NaN,13.484,NaN,1,0,CabinetD06,None,1,0,0,0,0.0000,NaN,NaN,NaN,0
50.81,Akash,AUIT_Single,CBA,0.692,1.756,0.641,9.4,10.9,-2.197,1.378,13.812,NaN,NaN,NaN,World,Video Quad,23.5,NaN,13.490,NaN,1,0,CabinetD06,None,1,0,0,0,0.0000,NaN,NaN,NaN,0
50.91,Akash,AUIT_Single,CBA,0.706,1.757,0.637,17.9,10.4,-2.197,1.378,13.812,NaN,NaN,NaN,World,Video Quad,31.3,NaN,13.497,NaN,1,0,CabinetD06,None,0,0,0,0,0.0000,NaN,NaN,NaN,0
51.01,Akash,AUIT_Single,CBA,0.717,1.757,0.633,23.5,10.0,-2.197,1.378,13.812,NaN,NaN,NaN,World,CabinetD05Door,36.7,NaN,13.503,NaN,1,0,CabinetD06,None,0,0,0,0,0.0000,NaN,NaN,NaN,0
51.10,Akash,AUIT_Single,CBA,0.722,1.757,0.631,25.1,10.1,-2.197,1.378,13.812,NaN,NaN,NaN,World,CabinetD05Door,38.3,NaN,13.506,NaN,1,0,CabinetD06,None,0,0,0,0,0.0000,NaN,NaN,NaN,0
51.20,Akash,AUIT_Single,CBA,0.721,1.757,0.632,22.5,10.4,-2.197,1.378,13.812,NaN,NaN,NaN,World,CabinetD05Door,35.9,NaN,13.505,NaN,1,0,CabinetD06,None,0,0,0,0,0.0000,NaN,NaN,NaN,0
51.31,Akash,AUIT_Single,CBA,0.712,1.757,0.635,15.3,10.3,-2.197,1.378,13.812,NaN,NaN,NaN,World,Video Quad,28.9,NaN,13.499,NaN,1,0,CabinetD06,None,0,0,0,0,0.0000,NaN,NaN,NaN,0
51.41,Akash,AUIT_Single,CBA,0.697,1.758,0.638,6.3,9.5,-2.197,1.378,13.812,NaN,NaN,NaN,World,Video Quad,20.2,NaN,13.494,NaN,1,0,CabinetD06,None,1,0,0,0,0.0000,NaN,NaN,NaN,0
51.51,Akash,AUIT_Single,CBA,0.683,1.758,0.639,358.6,8.9,-2.197,1.378,13.812,NaN,NaN,NaN,World,Video Quad,13.1,NaN,13.490,NaN,1,0,CabinetD06,None,1,0,0,0,0.0000,NaN,NaN,NaN,0
51.60,Akash,AUIT_Single,CBA,0.671,1.759,0.639,353.1,8.5,-2.197,1.378,13.812,NaN,NaN,NaN,World,Video Quad,8.7,NaN,13.487,NaN,1,0,CabinetD06,None,1,0,0,0,0.0000,NaN,NaN,NaN,0
51.70,Akash,AUIT_Single,CBA,0.662,1.759,0.639,349.7,8.3,-2.197,1.378,13.812,NaN,NaN,NaN,World,Video Quad,7.0,NaN,13.485,NaN,1,0,CabinetD06,None,1,0,0,0,0.0000,NaN,NaN,NaN,0
51.81,Akash,AUIT_Single,CBA,0.654,1.759,0.638,346.5,8.2,-2.197,1.378,13.812,NaN,NaN,NaN,World,CabinetD06,6.7,NaN,13.484,NaN,1,0,CabinetD06,None,1,0,0,0,0.0000,NaN,NaN,NaN,0
51.91,Akash,AUIT_Single,CBA,0.646,1.761,0.636,342.4,7.9,-2.197,1.378,13.812,NaN,NaN,NaN,World,CabinetD06,8.3,NaN,13.485,NaN,1,0,CabinetD06,None,1,0,0,0,0.0000,NaN,NaN,NaN,0
52.01,Akash,AUIT_Single,CBA,0.636,1.769,0.631,335.3,2.8,-2.197,1.378,13.812,NaN,NaN,NaN,World,CabinetD06,12.6,NaN,13.488,NaN,1,0,CabinetD06,None,1,0,0,0,0.0000,NaN,NaN,NaN,0
52.10,Akash,AUIT_Single,CBA,0.632,1.786,0.621,329.4,351.3,-2.197,1.378,13.812,NaN,NaN,NaN,World,CabinetD06Door,21.2,NaN,13.497,NaN,1,0,CabinetD06,None,1,0,0,0,0.0000,NaN,NaN,NaN,0
52.20,Akash,AUIT_Single,CBA,0.631,1.798,0.608,324.9,341.1,-2.197,1.378,13.812,NaN,NaN,NaN,World,Wall4m,30.6,NaN,13.510,NaN,1,0,CabinetD06,None,0,0,0,0,0.0000,NaN,NaN,NaN,0
52.34,Akash,AUIT_Single,CBA,0.632,1.806,0.595,320.5,333.6,-2.197,1.378,13.812,NaN,NaN,NaN,World,Wall4m,38.7,NaN,13.523,NaN,1,0,CabinetD06,None,0,0,0,0,0.0000,NaN,NaN,NaN,0
52.41,Akash,AUIT_Single,CBA,0.638,1.812,0.576,315.0,323.6,-2.197,1.378,13.812,NaN,NaN,NaN,World,Wall4m,48.9,NaN,13.544,NaN,1,0,CabinetD06,None,0,0,0,0,0.0000,NaN,NaN,NaN,0
52.51,Akash,AUIT_Single,CBA,0.644,1.814,0.566,314.3,319.1,-2.197,1.378,13.812,NaN,NaN,NaN,World,Wall4m,52.6,NaN,13.554,NaN,1,0,CabinetD06,None,0,0,0,0,0.0000,NaN,NaN,NaN,0
52.61,Akash,AUIT_Single,CBA,0.647,1.815,0.561,313.6,317.5,-2.197,1.378,13.812,NaN,NaN,NaN,World,Wall4m,54.1,NaN,13.560,NaN,1,0,CabinetD06,None,0,0,0,0,0.0000,NaN,NaN,NaN,0
52.70,Akash,AUIT_Single,CBA,0.648,1.815,0.558,313.0,317.1,-2.197,1.378,13.812,NaN,NaN,NaN,World,Wall4m,54.7,NaN,13.563,NaN,1,0,CabinetD06,None,0,0,0,0,0.0000,NaN,NaN,NaN,0
52.80,Akash,AUIT_Single,CBA,0.649,1.816,0.554,312.4,315.2,-2.197,1.378,13.812,NaN,NaN,NaN,World,None,56.3,NaN,13.567,NaN,1,0,CabinetD06,None,0,0,0,0,0.0000,NaN,NaN,NaN,0
52.91,Akash,AUIT_Single,CBA,0.648,1.816,0.551,311.5,314.4,-2.197,1.378,13.812,NaN,NaN,NaN,World,None,57.3,NaN,13.570,NaN,1,0,CabinetD06,None,0,0,0,0,0.0000,NaN,NaN,NaN,0
53.01,Akash,AUIT_Single,CBA,0.645,1.816,0.552,310.5,315.1,-2.197,1.378,13.812,NaN,NaN,NaN,World,Wall4m,57.3,NaN,13.568,NaN,1,0,CabinetD06,None,0,0,0,0,0.0000,NaN,NaN,NaN,0
53.11,Akash,AUIT_Single,CBA,0.641,1.816,0.554,310.0,316.7,-2.197,1.378,13.812,NaN,NaN,NaN,World,Wall4m,56.5,NaN,13.565,NaN,1,0,CabinetD06,None,0,0,0,0,0.0000,NaN,NaN,NaN,0
53.20,Akash,AUIT_Single,CBA,0.636,1.814,0.558,309.8,318.6,-2.197,1.378,13.812,NaN,NaN,NaN,World,Wall4m,55.4,NaN,13.561,NaN,1,0,CabinetD06,None,0,0,0,0,0.0000,NaN,NaN,NaN,0
53.31,Akash,AUIT_Single,CBA,0.629,1.812,0.565,309.6,322.3,-2.197,1.378,13.812,NaN,NaN,NaN,World,Wall4m,53.1,NaN,13.553,NaN,1,0,CabinetD06,None,0,0,0,0,0.0000,NaN,NaN,NaN,0
53.41,Akash,AUIT_Single,CBA,0.622,1.808,0.572,310.1,326.5,-2.197,1.378,13.812,NaN,NaN,NaN,World,Wall4m,50.2,NaN,13.544,NaN,1,0,CabinetD06,None,0,0,0,0,0.0000,NaN,NaN,NaN,0
53.51,Akash,AUIT_Single,CBA,0.616,1.806,0.578,310.3,329.7,-2.197,1.378,13.812,NaN,NaN,NaN,World,Wall4m,48.2,NaN,13.537,NaN,1,0,CabinetD06,None,0,0,0,0,0.0000,NaN,NaN,NaN,0
53.61,Akash,AUIT_Single,CBA,0.620,1.810,0.576,310.5,325.0,-2.197,1.378,13.812,NaN,NaN,NaN,World,Wall4m,50.8,NaN,13.540,NaN,1,0,CabinetD06,None,0,0,0,0,0.0000,NaN,NaN,NaN,0
53.70,Akash,AUIT_Single,CBA,0.632,1.816,0.569,312.2,317.8,-2.197,1.378,13.812,NaN,NaN,NaN,World,Wall4m,54.6,NaN,13.549,NaN,1,0,CabinetD06,None,0,0,0,0,0.0000,NaN,NaN,NaN,0
53.80,Akash,AUIT_Single,CBA,0.644,1.819,0.562,314.6,311.6,-2.197,1.378,13.812,NaN,NaN,NaN,World,None,58.0,NaN,13.559,NaN,1,0,CabinetD06,None,0,0,0,0,0.0000,NaN,NaN,NaN,0
54.02,Akash,AUIT_Single,CBA,0.658,1.821,0.547,314.5,304.3,-2.197,1.378,13.812,NaN,NaN,NaN,World,None,63.7,NaN,13.576,NaN,1,0,CabinetD06,None,0,0,0,0,0.0000,NaN,NaN,NaN,0
54.04,Akash,AUIT_Single,CBA,0.659,1.821,0.544,314.3,303.1,-2.197,1.378,13.812,NaN,NaN,NaN,World,None,64.7,NaN,13.580,NaN,1,0,CabinetD06,None,0,0,0,0,0.0000,NaN,NaN,NaN,0
54.11,Akash,AUIT_Single,CBA,0.657,1.821,0.543,313.0,303.3,-2.197,1.378,13.812,NaN,NaN,NaN,World,None,64.9,NaN,13.580,NaN,1,0,CabinetD06,None,0,0,0,0,0.0000,NaN,NaN,NaN,0
54.20,Akash,AUIT_Single,CBA,0.652,1.821,0.543,311.5,304.7,-2.197,1.378,13.812,NaN,NaN,NaN,World,None,64.5,NaN,13.579,NaN,1,0,CabinetD06,None,0,0,0,0,0.0000,NaN,NaN,NaN,0
54.30,Akash,AUIT_Single,CBA,0.650,1.821,0.543,311.3,304.5,-2.197,1.378,13.812,NaN,NaN,NaN,World,None,64.6,NaN,13.579,NaN,1,0,CabinetD06,None,0,0,0,0,0.0000,NaN,NaN,NaN,0
54.41,Akash,AUIT_Single,CBA,0.645,1.820,0.547,311.4,305.6,-2.197,1.378,13.812,NaN,NaN,NaN,World,None,63.8,NaN,13.574,NaN,1,0,CabinetD06,None,0,0,0,0,0.0000,NaN,NaN,NaN,0
54.51,Akash,AUIT_Single,CBA,0.636,1.817,0.557,311.6,309.9,-2.197,1.378,13.812,NaN,NaN,NaN,World,None,60.6,NaN,13.562,NaN,1,0,CabinetD06,None,0,0,0,0,0.0000,NaN,NaN,NaN,0
54.66,Akash,AUIT_Single,CBA,0.624,1.813,0.571,313.0,319.1,-2.197,1.378,13.812,NaN,NaN,NaN,World,Wall4m,53.3,NaN,13.546,NaN,1,0,CabinetD06,None,0,0,0,0,0.0000,NaN,NaN,NaN,0
54.70,Akash,AUIT_Single,CBA,0.616,1.807,0.584,315.1,327.5,-2.197,1.378,13.812,NaN,NaN,NaN,World,Wall4m,46.3,NaN,13.531,NaN,1,0,CabinetD06,None,0,0,0,0,0.0000,NaN,NaN,NaN,0
54.80,Akash,AUIT_Single,CBA,0.612,1.801,0.595,317.2,335.4,-2.197,1.378,13.812,NaN,NaN,NaN,World,Wall4m,39.9,NaN,13.519,NaN,1,0,CabinetD06,None,0,0,0,0,0.0000,NaN,NaN,NaN,0
54.91,Akash,AUIT_Single,CBA,0.609,1.792,0.606,319.8,343.6,-2.197,1.378,13.812,NaN,NaN,NaN,World,Video Quad,33.3,NaN,13.507,NaN,1,0,CabinetD06,None,0,0,0,0,0.0000,NaN,NaN,NaN,0
55.01,Akash,AUIT_Single,CBA,0.608,1.786,0.614,322.2,349.4,-2.197,1.378,13.812,NaN,NaN,NaN,World,Video Quad,28.5,NaN,13.499,NaN,1,0,CabinetD06,None,0,0,0,0,0.0000,NaN,NaN,NaN,0
55.11,Akash,AUIT_Single,CBA,0.609,1.779,0.622,324.0,354.8,-2.197,1.378,13.812,NaN,NaN,NaN,World,Video Quad,24.9,NaN,13.492,NaN,1,0,CabinetD06,None,1,0,0,0,0.0000,NaN,NaN,NaN,0
55.20,Akash,AUIT_Single,CBA,0.608,1.773,0.625,323.9,359.2,-2.197,1.378,13.812,NaN,NaN,NaN,World,CabinetD06Door,24.2,NaN,13.488,NaN,1,0,CabinetD06,None,1,0,0,0,0.0000,NaN,NaN,NaN,0
55.30,Akash,AUIT_Single,CBA,0.607,1.768,0.627,323.6,3.0,-2.197,1.378,13.812,NaN,NaN,NaN,World,CabinetD06Door,24.4,NaN,13.485,NaN,1,0,CabinetD06,None,1,0,0,0,0.0000,NaN,NaN,NaN,0
55.41,Akash,AUIT_Single,CBA,0.608,1.766,0.628,324.1,4.5,-2.197,1.378,13.812,NaN,NaN,NaN,World,CabinetD06Door,24.0,NaN,13.485,NaN,1,0,CabinetD06,None,1,0,0,0,0.0000,NaN,NaN,NaN,0
55.51,Akash,AUIT_Single,CBA,0.610,1.765,0.626,324.6,5.2,-2.197,1.378,13.812,NaN,NaN,NaN,World,CabinetD06Door,23.6,NaN,13.487,NaN,1,0,CabinetD06,None,1,0,0,0,0.0000,NaN,NaN,NaN,0
55.61,Akash,AUIT_Single,CBA,0.608,1.763,0.621,323.0,5.9,-2.197,1.378,13.812,NaN,NaN,NaN,World,CabinetD06Door,25.3,NaN,13.492,NaN,1,0,CabinetD06,None,0,0,0,0,0.0000,NaN,NaN,NaN,0
55.70,Akash,AUIT_Single,CBA,0.608,1.759,0.615,321.0,8.5,-2.197,1.378,13.812,NaN,NaN,NaN,World,CabinetD07,27.8,NaN,13.498,NaN,1,0,CabinetD06,None,0,0,0,0,0.0000,NaN,NaN,NaN,0
55.80,Akash,AUIT_Single,CBA,0.611,1.757,0.610,320.1,10.0,-2.197,1.378,13.812,NaN,NaN,NaN,World,CabinetD07,29.0,NaN,13.503,NaN,1,0,CabinetD06,None,0,0,0,0,0.0000,NaN,NaN,NaN,0
55.91,Akash,AUIT_Single,CBA,0.613,1.757,0.607,320.7,9.7,-2.197,1.378,13.812,NaN,NaN,NaN,World,CabinetD07,28.3,NaN,13.506,NaN,1,0,CabinetD06,None,0,0,0,0,0.0000,NaN,NaN,NaN,0
56.01,Akash,AUIT_Single,CBA,0.614,1.756,0.604,320.9,9.9,-2.197,1.378,13.812,NaN,NaN,NaN,World,CabinetD07,28.2,NaN,13.509,NaN,1,0,CabinetD06,None,0,0,0,0,0.0000,NaN,NaN,NaN,0
56.11,Akash,AUIT_Single,CBA,0.618,1.757,0.606,322.2,10.1,-2.197,1.378,13.812,NaN,NaN,NaN,World,CabinetD07,27.0,NaN,13.508,NaN,1,0,CabinetD06,None,0,0,0,0,0.0000,NaN,NaN,NaN,0
56.20,Akash,AUIT_Single,CBA,0.622,1.756,0.609,325.2,10.3,-2.197,1.378,13.812,NaN,NaN,NaN,World,CabinetD06Door,24.2,NaN,13.506,NaN,1,0,CabinetD06,None,1,0,0,0,0.0000,NaN,NaN,NaN,0
56.30,Akash,AUIT_Single,CBA,0.625,1.758,0.613,327.3,9.0,-2.197,1.378,13.812,NaN,NaN,NaN,World,CabinetD06Door,21.9,NaN,13.503,NaN,1,0,CabinetD06,None,1,0,0,0,0.0000,NaN,NaN,NaN,0
56.41,Akash,AUIT_Single,CBA,0.627,1.760,0.615,328.4,7.8,-2.197,1.378,13.812,NaN,NaN,NaN,World,CabinetD06Door,20.4,NaN,13.501,NaN,1,0,CabinetD06,None,1,0,0,0,0.0000,NaN,NaN,NaN,0
56.51,Akash,AUIT_Single,CBA,0.627,1.761,0.616,329.3,7.0,-2.197,1.378,13.812,NaN,NaN,NaN,World,CabinetD06Door,19.4,NaN,13.501,NaN,1,0,CabinetD06,None,1,0,0,0,0.0000,NaN,NaN,NaN,0
56.61,Akash,AUIT_Single,CBA,0.629,1.761,0.617,330.5,7.0,-2.197,1.378,13.812,NaN,NaN,NaN,World,CabinetD06Door,18.2,NaN,13.500,NaN,1,0,CabinetD06,None,1,0,0,0,0.0000,NaN,NaN,NaN,0
56.70,Akash,AUIT_Single,CBA,0.629,1.762,0.617,329.1,6.4,-2.197,1.378,13.812,NaN,NaN,NaN,World,CabinetD06Door,19.4,NaN,13.500,NaN,1,0,CabinetD06,None,1,0,0,0,0.0000,NaN,NaN,NaN,0
56.81,Akash,AUIT_Single,CBA,0.627,1.766,0.615,328.8,3.9,-2.197,1.378,13.812,NaN,NaN,NaN,World,CabinetD06Door,19.3,NaN,13.502,NaN,1,0,CabinetD06,None,1,0,0,0,0.0000,NaN,NaN,NaN,0
56.91,Akash,AUIT_Single,CBA,0.629,1.768,0.615,330.2,2.9,-2.197,1.378,13.812,NaN,NaN,NaN,World,CabinetD06Door,17.8,NaN,13.502,NaN,1,0,CabinetD06,None,1,0,0,0,0.0000,NaN,NaN,NaN,0
57.01,Akash,AUIT_Single,CBA,0.630,1.769,0.614,330.7,1.8,-2.197,1.378,13.812,NaN,NaN,NaN,World,CabinetD06Door,17.2,NaN,13.503,NaN,1,0,CabinetD06,None,1,0,0,0,0.0000,NaN,NaN,NaN,0
57.10,Akash,AUIT_Single,CBA,0.629,1.772,0.611,329.8,359.8,-2.197,1.378,13.812,NaN,NaN,NaN,World,CabinetD06Door,18.2,NaN,13.506,NaN,1,0,CabinetD06,None,1,0,0,0,0.0000,NaN,NaN,NaN,0
57.20,Akash,AUIT_Single,CBA,0.631,1.773,0.610,329.5,358.8,-2.197,1.378,13.812,NaN,NaN,NaN,World,Video Quad,18.7,NaN,13.508,NaN,1,0,CabinetD06,None,1,0,0,0,0.0000,NaN,NaN,NaN,0
57.31,Akash,AUIT_Single,CBA,0.636,1.775,0.611,330.5,357.7,-2.197,1.378,13.812,NaN,NaN,NaN,World,Video Quad,17.9,NaN,13.507,NaN,1,0,CabinetD06,None,1,0,0,0,0.0000,NaN,NaN,NaN,0
57.41,Akash,AUIT_Single,CBA,0.639,1.776,0.613,331.0,357.0,-2.197,1.378,13.812,NaN,NaN,NaN,World,Video Quad,17.5,NaN,13.506,NaN,1,0,CabinetD06,None,1,0,0,0,0.0000,NaN,NaN,NaN,0
57.51,Akash,AUIT_Single,CBA,0.639,1.776,0.616,330.5,356.0,-2.197,1.378,13.812,NaN,NaN,NaN,World,Video Quad,18.3,NaN,13.504,NaN,1,0,CabinetD06,None,1,0,0,0,0.0000,NaN,NaN,NaN,0
57.61,Akash,AUIT_Single,CBA,0.634,1.776,0.616,328.2,356.6,-2.197,1.378,13.812,NaN,NaN,NaN,World,Video Quad,20.3,NaN,13.502,NaN,1,0,CabinetD06,None,1,0,0,0,0.0000,NaN,NaN,NaN,0
57.70,Akash,AUIT_Single,CBA,0.631,1.775,0.616,326.3,356.8,-2.197,1.378,13.812,NaN,NaN,NaN,World,Video Quad,22.1,NaN,13.501,NaN,1,0,CabinetD06,None,1,0,0,0,0.0000,NaN,NaN,NaN,0
57.80,Akash,AUIT_Single,CBA,0.628,1.776,0.618,327.2,356.5,-2.197,1.378,13.812,NaN,NaN,NaN,World,Video Quad,21.4,NaN,13.499,NaN,1,0,CabinetD06,None,1,0,0,0,0.0000,NaN,NaN,NaN,0
57.91,Akash,AUIT_Single,CBA,0.624,1.774,0.620,328.0,357.4,-2.197,1.378,13.812,NaN,NaN,NaN,World,Video Quad,20.4,NaN,13.496,NaN,1,0,CabinetD06,None,1,0,0,0,0.0000,NaN,NaN,NaN,0
58.01,Akash,AUIT_Single,CBA,0.622,1.774,0.621,328.0,357.4,-2.197,1.378,13.812,NaN,NaN,NaN,World,Video Quad,20.4,NaN,13.495,NaN,1,0,CabinetD06,None,1,0,0,0,0.0000,NaN,NaN,NaN,0
58.10,Akash,AUIT_Single,CBA,0.624,1.777,0.621,328.7,355.3,-2.197,1.378,13.812,NaN,NaN,NaN,World,Video Quad,20.2,NaN,13.495,NaN,1,0,CabinetD06,None,1,0,0,0,0.0000,NaN,NaN,NaN,0
58.20,Akash,AUIT_Single,CBA,0.631,1.783,0.622,332.7,351.1,-2.197,1.378,13.812,NaN,NaN,NaN,World,Video Quad,18.5,NaN,13.496,NaN,1,0,CabinetD06,None,1,0,0,0,0.0000,NaN,NaN,NaN,0
58.31,Akash,AUIT_Single,CBA,0.635,1.785,0.622,335.4,348.7,-2.197,1.378,13.812,NaN,NaN,NaN,World,Video Quad,18.0,NaN,13.497,NaN,1,0,CabinetD06,None,1,0,0,0,0.0000,NaN,NaN,NaN,0
58.41,Akash,AUIT_Single,CBA,0.635,1.786,0.622,335.0,348.5,-2.197,1.378,13.812,NaN,NaN,NaN,World,Video Quad,18.4,NaN,13.497,NaN,1,0,CabinetD06,None,1,0,0,0,0.0000,NaN,NaN,NaN,0
58.51,Akash,AUIT_Single,CBA,0.634,1.785,0.624,334.5,348.9,-2.197,1.378,13.812,NaN,NaN,NaN,World,Video Quad,18.5,NaN,13.495,NaN,1,0,CabinetD06,None,1,0,0,0,0.0000,NaN,NaN,NaN,0
58.60,Akash,AUIT_Single,CBA,0.634,1.784,0.625,334.9,349.2,-2.197,1.378,13.812,NaN,NaN,NaN,World,Video Quad,18.0,NaN,13.493,NaN,1,0,CabinetD06,None,1,0,0,0,0.0000,NaN,NaN,NaN,0
58.70,Akash,AUIT_Single,CBA,0.634,1.784,0.627,336.0,348.9,-2.197,1.378,13.812,NaN,NaN,NaN,World,Video Quad,17.4,NaN,13.492,NaN,1,0,CabinetD06,None,1,0,0,0,0.0000,NaN,NaN,NaN,0
58.81,Akash,AUIT_Single,CBA,0.635,1.784,0.628,336.8,349.3,-2.197,1.378,13.812,NaN,NaN,NaN,World,Video Quad,16.6,NaN,13.491,NaN,1,0,CabinetD06,None,1,0,0,0,0.0000,NaN,NaN,NaN,0
58.91,Akash,AUIT_Single,CBA,0.634,1.784,0.629,336.5,349.4,-2.197,1.378,13.812,NaN,NaN,NaN,World,Video Quad,16.7,NaN,13.490,NaN,1,0,CabinetD06,None,1,0,0,0,0.0000,NaN,NaN,NaN,0
59.01,Akash,AUIT_Single,CBA,0.633,1.785,0.628,336.1,348.8,-2.197,1.378,13.812,NaN,NaN,NaN,World,Video Quad,17.5,NaN,13.490,NaN,1,0,CabinetD06,None,1,0,0,0,0.0000,NaN,NaN,NaN,0
59.10,Akash,AUIT_Single,CBA,0.633,1.786,0.628,335.8,348.4,-2.197,1.378,13.812,NaN,NaN,NaN,World,Video Quad,17.9,NaN,13.491,NaN,1,0,CabinetD06,None,1,0,0,0,0.0000,NaN,NaN,NaN,0
59.20,Akash,AUIT_Single,CBA,0.633,1.786,0.628,335.7,348.4,-2.197,1.378,13.812,NaN,NaN,NaN,World,Video Quad,18.0,NaN,13.490,NaN,1,0,CabinetD06,None,1,0,0,0,0.0000,NaN,NaN,NaN,0
59.31,Akash,AUIT_Single,CBA,0.633,1.786,0.628,335.6,348.6,-2.197,1.378,13.812,NaN,NaN,NaN,World,Video Quad,17.9,NaN,13.491,NaN,1,0,CabinetD06,None,1,0,0,0,0.0000,NaN,NaN,NaN,0
59.41,Akash,AUIT_Single,CBA,0.634,1.787,0.627,334.9,348.6,-2.197,1.378,13.812,NaN,NaN,NaN,World,Video Quad,18.4,NaN,13.492,NaN,1,0,CabinetD06,None,1,0,0,0,0.0000,NaN,NaN,NaN,0
59.51,Akash,AUIT_Single,CBA,0.634,1.787,0.625,333.9,348.2,-2.197,1.378,13.812,NaN,NaN,NaN,World,Video Quad,19.4,NaN,13.494,NaN,1,0,CabinetD06,None,1,0,0,0,0.0000,NaN,NaN,NaN,0
59.60,Akash,AUIT_Single,CBA,0.633,1.787,0.623,332.8,348.1,-2.197,1.378,13.812,NaN,NaN,NaN,World,Video Quad,20.3,NaN,13.496,NaN,1,0,CabinetD06,None,1,0,0,0,0.0000,NaN,NaN,NaN,0
59.70,Akash,AUIT_Single,CBA,0.633,1.787,0.622,332.3,348.2,-2.197,1.378,13.812,NaN,NaN,NaN,World,Video Quad,20.6,NaN,13.497,NaN,1,0,CabinetD06,None,1,0,0,0,0.0000,NaN,NaN,NaN,0
59.81,Akash,AUIT_Single,CBA,0.633,1.787,0.621,331.9,348.2,-2.197,1.378,13.812,NaN,NaN,NaN,World,Video Quad,20.9,NaN,13.497,NaN,1,0,CabinetD06,None,1,0,0,0,0.0000,NaN,NaN,NaN,0
59.91,Akash,AUIT_Single,CBA,0.633,1.787,0.621,331.4,348.5,-2.197,1.378,13.812,NaN,NaN,NaN,World,Video Quad,21.1,NaN,13.497,NaN,1,0,CabinetD06,None,1,0,0,0,0.0000,NaN,NaN,NaN,0
60.01,Akash,AUIT_Single,CBA,0.632,1.786,0.621,330.9,348.8,-2.197,1.378,13.812,NaN,NaN,NaN,World,Video Quad,21.2,NaN,13.497,NaN,1,0,CabinetD06,None,1,0,0,0,0.0000,NaN,NaN,NaN,0
60.11,Akash,AUIT_Single,CBA,0.631,1.786,0.620,330.7,348.7,-2.197,1.378,13.812,NaN,NaN,NaN,World,Video Quad,21.5,NaN,13.498,NaN,1,0,CabinetD06,None,1,0,0,0,0.0000,NaN,NaN,NaN,0
60.20,Akash,AUIT_Single,CBA,0.631,1.787,0.620,330.8,348.3,-2.197,1.378,13.812,NaN,NaN,NaN,World,Video Quad,21.6,NaN,13.499,NaN,1,0,CabinetD06,None,1,0,0,0,0.0000,NaN,NaN,NaN,0
60.31,Akash,AUIT_Single,CBA,0.632,1.787,0.619,331.0,347.9,-2.197,1.378,13.812,NaN,NaN,NaN,World,Video Quad,21.7,NaN,13.500,NaN,1,0,CabinetD06,None,1,0,0,0,0.0000,NaN,NaN,NaN,0
60.41,Akash,AUIT_Single,CBA,0.631,1.787,0.619,331.2,347.9,-2.197,1.378,13.812,NaN,NaN,NaN,World,Video Quad,21.6,NaN,13.500,NaN,1,0,CabinetD06,None,1,0,0,0,0.0000,NaN,NaN,NaN,0
60.51,Akash,AUIT_Single,CBA,0.631,1.787,0.619,331.3,347.9,-2.197,1.378,13.812,NaN,NaN,NaN,World,Video Quad,21.5,NaN,13.499,NaN,1,0,CabinetD06,None,1,0,0,0,0.0000,NaN,NaN,NaN,0
60.61,Akash,AUIT_Single,CBA,0.630,1.787,0.620,331.2,347.9,-2.197,1.378,13.812,NaN,NaN,NaN,World,Video Quad,21.6,NaN,13.498,NaN,1,0,CabinetD06,None,1,0,0,0,0.0000,NaN,NaN,NaN,0
60.70,Akash,AUIT_Single,CBA,0.629,1.787,0.620,330.9,348.3,-2.197,1.378,13.812,NaN,NaN,NaN,World,Video Quad,21.6,NaN,13.497,NaN,1,0,CabinetD06,None,1,0,0,0,0.0000,NaN,NaN,NaN,0
60.80,Akash,AUIT_Single,CBA,0.628,1.786,0.622,330.6,348.5,-2.197,1.378,13.812,NaN,NaN,NaN,World,Video Quad,21.7,NaN,13.496,NaN,1,0,CabinetD06,None,1,0,0,0,0.0000,NaN,NaN,NaN,0
60.91,Akash,AUIT_Single,CBA,0.628,1.786,0.623,330.7,348.6,-2.197,1.378,13.812,NaN,NaN,NaN,World,Video Quad,21.6,NaN,13.494,NaN,1,0,CabinetD06,None,1,0,0,0,0.0000,NaN,NaN,NaN,0
61.01,Akash,AUIT_Single,CBA,0.628,1.786,0.624,330.8,348.7,-2.197,1.378,13.812,NaN,NaN,NaN,World,Video Quad,21.5,NaN,13.493,NaN,1,0,CabinetD06,None,1,0,0,0,0.0000,NaN,NaN,NaN,0
61.11,Akash,AUIT_Single,CBA,0.628,1.786,0.625,330.6,348.7,-2.197,1.378,13.812,NaN,NaN,NaN,World,Video Quad,21.6,NaN,13.493,NaN,1,0,CabinetD06,None,1,0,0,0,0.0000,NaN,NaN,NaN,0
61.20,Akash,AUIT_Single,CBA,0.627,1.786,0.625,329.9,348.9,-2.197,1.378,13.812,NaN,NaN,NaN,World,Video Quad,22.0,NaN,13.493,NaN,1,0,CabinetD06,None,1,0,0,0,0.0000,NaN,NaN,NaN,0
61.30,Akash,AUIT_Single,CBA,0.626,1.786,0.624,329.2,348.9,-2.197,1.378,13.812,NaN,NaN,NaN,World,Video Quad,22.6,NaN,13.493,NaN,1,0,CabinetD06,None,1,0,0,0,0.0000,NaN,NaN,NaN,0
61.41,Akash,AUIT_Single,CBA,0.625,1.786,0.623,328.8,348.8,-2.197,1.378,13.812,NaN,NaN,NaN,World,Video Quad,23.1,NaN,13.494,NaN,1,0,CabinetD06,None,1,0,0,0,0.0000,NaN,NaN,NaN,0
61.51,Akash,AUIT_Single,CBA,0.624,1.786,0.621,328.3,348.6,-2.197,1.378,13.812,NaN,NaN,NaN,World,Video Quad,23.5,NaN,13.495,NaN,1,0,CabinetD06,None,1,0,0,0,0.0000,NaN,NaN,NaN,0
61.61,Akash,AUIT_Single,CBA,0.624,1.787,0.620,328.1,348.2,-2.197,1.378,13.812,NaN,NaN,NaN,World,Video Quad,23.9,NaN,13.496,NaN,1,0,CabinetD06,None,1,0,0,0,0.0000,NaN,NaN,NaN,0
61.70,Akash,AUIT_Single,CBA,0.624,1.787,0.619,328.1,347.9,-2.197,1.378,13.812,NaN,NaN,NaN,World,Video Quad,24.1,NaN,13.498,NaN,1,0,CabinetD06,None,1,0,0,0,0.0000,NaN,NaN,NaN,0
61.80,Akash,AUIT_Single,CBA,0.624,1.787,0.619,328.2,347.9,-2.197,1.378,13.812,NaN,NaN,NaN,World,Video Quad,23.9,NaN,13.498,NaN,1,0,CabinetD06,None,1,0,0,0,0.0000,NaN,NaN,NaN,0
61.91,Akash,AUIT_Single,CBA,0.624,1.786,0.619,328.7,348.4,-2.197,1.378,13.812,NaN,NaN,NaN,World,Video Quad,23.3,NaN,13.498,NaN,1,0,CabinetD06,None,1,0,0,0,0.0000,NaN,NaN,NaN,0
62.01,Akash,AUIT_Single,CBA,0.624,1.786,0.620,329.1,348.7,-2.197,1.378,13.812,NaN,NaN,NaN,World,Video Quad,22.9,NaN,13.497,NaN,1,0,CabinetD06,None,1,0,0,0,0.0000,NaN,NaN,NaN,0
62.11,Akash,AUIT_Single,CBA,0.624,1.786,0.620,329.2,348.9,-2.197,1.378,13.812,NaN,NaN,NaN,World,Video Quad,22.6,NaN,13.497,NaN,1,0,CabinetD06,None,1,0,0,0,0.0000,NaN,NaN,NaN,0
62.20,Akash,AUIT_Single,CBA,0.624,1.786,0.620,329.6,349.1,-2.197,1.378,13.812,NaN,NaN,NaN,World,Video Quad,22.2,NaN,13.497,NaN,1,0,CabinetD06,None,1,0,0,0,0.0000,NaN,NaN,NaN,0
62.30,Akash,AUIT_Single,CBA,0.624,1.785,0.620,329.8,349.3,-2.197,1.378,13.812,NaN,NaN,NaN,World,Video Quad,21.9,NaN,13.497,NaN,1,0,CabinetD06,None,1,0,0,0,0.0000,NaN,NaN,NaN,0
62.41,Akash,AUIT_Single,CBA,0.625,1.785,0.619,330.1,349.3,-2.197,1.378,13.812,NaN,NaN,NaN,World,Video Quad,21.7,NaN,13.497,NaN,1,0,CabinetD06,None,1,0,0,0,0.0000,NaN,NaN,NaN,0
62.51,Akash,AUIT_Single,CBA,0.625,1.786,0.618,330.1,348.8,-2.197,1.378,13.812,NaN,NaN,NaN,World,Video Quad,21.9,NaN,13.498,NaN,1,0,CabinetD06,None,1,0,0,0,0.0000,NaN,NaN,NaN,0
62.61,Akash,AUIT_Single,CBA,0.623,1.788,0.615,327.6,346.6,-2.197,1.378,13.812,NaN,NaN,NaN,World,Video Quad,25.2,NaN,13.502,NaN,1,0,CabinetD06,None,0,0,0,0,0.0000,NaN,NaN,NaN,0
62.70,Akash,AUIT_Single,CBA,0.621,1.789,0.612,325.3,346.0,-2.197,1.378,13.812,NaN,NaN,NaN,World,Video Quad,27.4,NaN,13.504,NaN,1,0,CabinetD06,None,0,0,0,0,0.0000,NaN,NaN,NaN,0
62.80,Akash,AUIT_Single,CBA,0.620,1.788,0.610,325.0,346.5,-2.197,1.378,13.812,NaN,NaN,NaN,World,Video Quad,27.4,NaN,13.506,NaN,1,0,CabinetD06,None,0,0,0,0,0.0000,NaN,NaN,NaN,0
62.91,Akash,AUIT_Single,CBA,0.620,1.787,0.608,325.5,346.9,-2.197,1.378,13.812,NaN,NaN,NaN,World,Video Quad,26.7,NaN,13.507,NaN,1,0,CabinetD06,None,0,0,0,0,0.0000,NaN,NaN,NaN,0
63.01,Akash,AUIT_Single,CBA,0.619,1.788,0.607,325.7,346.5,-2.197,1.378,13.812,NaN,NaN,NaN,World,Video Quad,26.9,NaN,13.508,NaN,1,0,CabinetD06,None,0,0,0,0,0.0000,NaN,NaN,NaN,0
63.10,Akash,AUIT_Single,CBA,0.618,1.787,0.606,325.8,346.8,-2.197,1.378,13.812,NaN,NaN,NaN,World,Video Quad,26.6,NaN,13.509,NaN,1,0,CabinetD06,None,0,0,0,0,0.0000,NaN,NaN,NaN,0
63.20,Akash,AUIT_Single,CBA,0.617,1.787,0.606,326.5,347.2,-2.197,1.378,13.812,NaN,NaN,NaN,World,Video Quad,25.8,NaN,13.509,NaN,1,0,CabinetD06,None,0,0,0,0,0.0000,NaN,NaN,NaN,0
63.31,Akash,AUIT_Single,CBA,0.617,1.786,0.605,327.4,347.9,-2.197,1.378,13.812,NaN,NaN,NaN,World,Video Quad,24.7,NaN,13.510,NaN,1,0,CabinetD06,None,1,0,0,0,0.0000,NaN,NaN,NaN,0
63.41,Akash,AUIT_Single,CBA,0.619,1.786,0.605,327.8,348.2,-2.197,1.378,13.812,NaN,NaN,NaN,World,Video Quad,24.2,NaN,13.511,NaN,1,0,CabinetD06,None,1,0,0,0,0.0000,NaN,NaN,NaN,0
63.51,Akash,AUIT_Single,CBA,0.620,1.786,0.604,327.9,348.3,-2.197,1.378,13.812,NaN,NaN,NaN,World,Video Quad,24.1,NaN,13.512,NaN,1,0,CabinetD06,None,1,0,0,0,0.0000,NaN,NaN,NaN,0
63.60,Akash,AUIT_Single,CBA,0.621,1.786,0.603,327.3,348.3,-2.197,1.378,13.812,NaN,NaN,NaN,World,Video Quad,24.5,NaN,13.512,NaN,1,0,CabinetD06,None,1,0,0,0,0.0000,NaN,NaN,NaN,0
63.70,Akash,AUIT_Single,CBA,0.621,1.786,0.603,326.2,348.2,-2.197,1.378,13.812,NaN,NaN,NaN,World,Video Quad,25.5,NaN,13.513,NaN,1,0,CabinetD06,None,0,0,0,0,0.0000,NaN,NaN,NaN,0
63.81,Akash,AUIT_Single,CBA,0.622,1.786,0.604,325.6,348.2,-2.197,1.378,13.812,NaN,NaN,NaN,World,Video Quad,26.1,NaN,13.512,NaN,1,0,CabinetD06,None,0,0,0,0,0.0000,NaN,NaN,NaN,0
63.91,Akash,AUIT_Single,CBA,0.622,1.786,0.605,325.2,348.7,-2.197,1.378,13.812,NaN,NaN,NaN,World,Video Quad,26.1,NaN,13.511,NaN,1,0,CabinetD06,None,0,0,0,0,0.0000,NaN,NaN,NaN,0
64.01,Akash,AUIT_Single,CBA,0.622,1.786,0.605,324.8,348.6,-2.197,1.378,13.812,NaN,NaN,NaN,World,Video Quad,26.5,NaN,13.511,NaN,1,0,CabinetD06,None,0,0,0,0,0.0000,NaN,NaN,NaN,0
64.10,Akash,AUIT_Single,CBA,0.622,1.786,0.605,324.7,348.9,-2.197,1.378,13.812,NaN,NaN,NaN,World,Video Quad,26.4,NaN,13.511,NaN,1,0,CabinetD06,None,0,0,0,0,0.0000,NaN,NaN,NaN,0
64.20,Akash,AUIT_Single,CBA,0.621,1.785,0.605,324.8,349.5,-2.197,1.378,13.812,NaN,NaN,NaN,World,Video Quad,26.1,NaN,13.511,NaN,1,0,CabinetD06,None,0,0,0,0,0.0000,NaN,NaN,NaN,0
64.31,Akash,AUIT_Single,CBA,0.622,1.785,0.605,324.4,349.3,-2.197,1.378,13.812,NaN,NaN,NaN,World,Video Quad,26.5,NaN,13.511,NaN,1,0,CabinetD06,None,0,0,0,0,0.0000,NaN,NaN,NaN,0
64.41,Akash,AUIT_Single,CBA,0.624,1.785,0.607,325.1,349.7,-2.197,1.378,13.812,NaN,NaN,NaN,World,Video Quad,25.8,NaN,13.510,NaN,1,0,CabinetD06,None,0,0,0,0,0.0000,NaN,NaN,NaN,0
64.51,Akash,AUIT_Single,CBA,0.627,1.784,0.609,326.8,350.2,-2.197,1.378,13.812,NaN,NaN,NaN,World,Video Quad,24.0,NaN,13.508,NaN,1,0,CabinetD06,None,1,0,0,0,0.0000,NaN,NaN,NaN,0
64.60,Akash,AUIT_Single,CBA,0.629,1.783,0.611,328.4,350.7,-2.197,1.378,13.812,NaN,NaN,NaN,World,Video Quad,22.3,NaN,13.506,NaN,1,0,CabinetD06,None,1,0,0,0,0.0000,NaN,NaN,NaN,0
64.70,Akash,AUIT_Single,CBA,0.631,1.782,0.613,328.8,351.3,-2.197,1.378,13.812,NaN,NaN,NaN,World,Video Quad,21.7,NaN,13.504,NaN,1,0,CabinetD06,None,1,0,0,0,0.0000,NaN,NaN,NaN,0
64.81,Akash,AUIT_Single,CBA,0.633,1.782,0.615,328.1,351.3,-2.197,1.378,13.812,NaN,NaN,NaN,World,Video Quad,22.3,NaN,13.503,NaN,1,0,CabinetD06,None,1,0,0,0,0.0000,NaN,NaN,NaN,0
64.91,Akash,AUIT_Single,CBA,0.633,1.781,0.617,327.6,351.1,-2.197,1.378,13.812,NaN,NaN,NaN,World,Video Quad,22.8,NaN,13.501,NaN,1,0,CabinetD06,None,1,0,0,0,0.0000,NaN,NaN,NaN,0
65.01,Akash,AUIT_Single,CBA,0.634,1.780,0.621,327.3,351.3,-2.197,1.378,13.812,NaN,NaN,NaN,World,Video Quad,23.0,NaN,13.498,NaN,1,0,CabinetD06,None,1,0,0,0,0.0000,NaN,NaN,NaN,0
65.10,Akash,AUIT_Single,CBA,0.636,1.780,0.624,327.6,351.5,-2.197,1.378,13.812,NaN,NaN,NaN,World,Video Quad,22.6,NaN,13.495,NaN,1,0,CabinetD06,None,1,0,0,0,0.0000,NaN,NaN,NaN,0
65.20,Akash,AUIT_Single,CBA,0.636,1.779,0.627,328.3,351.9,-2.197,1.378,13.812,NaN,NaN,NaN,World,Video Quad,21.9,NaN,13.492,NaN,1,0,CabinetD06,None,1,0,0,0,0.0000,NaN,NaN,NaN,0
65.31,Akash,AUIT_Single,CBA,0.636,1.779,0.629,328.6,352.4,-2.197,1.378,13.812,NaN,NaN,NaN,World,Video Quad,21.4,NaN,13.490,NaN,1,0,CabinetD06,None,1,0,0,0,0.0000,NaN,NaN,NaN,0
65.41,Akash,AUIT_Single,CBA,0.634,1.778,0.630,328.9,353.0,-2.197,1.378,13.812,NaN,NaN,NaN,World,Video Quad,20.9,NaN,13.489,NaN,1,0,CabinetD06,None,1,0,0,0,0.0000,NaN,NaN,NaN,0
65.51,Akash,AUIT_Single,CBA,0.631,1.778,0.629,328.6,353.0,-2.197,1.378,13.812,NaN,NaN,NaN,World,Video Quad,21.2,NaN,13.489,NaN,1,0,CabinetD06,None,1,0,0,0,0.0000,NaN,NaN,NaN,0
65.60,Akash,AUIT_Single,CBA,0.629,1.778,0.629,328.4,353.0,-2.197,1.378,13.812,NaN,NaN,NaN,World,Video Quad,21.4,NaN,13.489,NaN,1,0,CabinetD06,None,1,0,0,0,0.0000,NaN,NaN,NaN,0
65.70,Akash,AUIT_Single,CBA,0.627,1.777,0.629,329.2,353.2,-2.197,1.378,13.812,NaN,NaN,NaN,World,Video Quad,20.5,NaN,13.489,NaN,1,0,CabinetD06,None,1,0,0,0,0.0000,NaN,NaN,NaN,0
65.81,Akash,AUIT_Single,CBA,0.628,1.777,0.629,330.7,353.3,-2.197,1.378,13.812,NaN,NaN,NaN,World,Video Quad,19.1,NaN,13.488,NaN,1,0,CabinetD06,None,1,0,0,0,0.0000,NaN,NaN,NaN,0
65.91,Akash,AUIT_Single,CBA,0.627,1.777,0.629,331.5,353.3,-2.197,1.378,13.812,NaN,NaN,NaN,World,Video Quad,18.4,NaN,13.489,NaN,1,0,CabinetD06,None,1,0,0,0,0.0000,NaN,NaN,NaN,0
66.01,Akash,AUIT_Single,CBA,0.626,1.777,0.627,330.9,353.3,-2.197,1.378,13.812,NaN,NaN,NaN,World,Video Quad,18.9,NaN,13.490,NaN,1,0,CabinetD06,None,1,0,0,0,0.0000,NaN,NaN,NaN,0
66.10,Akash,AUIT_Single,CBA,0.624,1.778,0.625,330.1,353.3,-2.197,1.378,13.812,NaN,NaN,NaN,World,Video Quad,19.6,NaN,13.491,NaN,1,0,CabinetD06,None,1,0,0,0,0.0000,NaN,NaN,NaN,0
66.20,Akash,AUIT_Single,CBA,0.624,1.777,0.624,329.7,353.3,-2.197,1.378,13.812,NaN,NaN,NaN,World,Video Quad,20.0,NaN,13.493,NaN,1,0,CabinetD06,None,1,0,0,0,0.0000,NaN,NaN,NaN,0
66.31,Akash,AUIT_Single,CBA,0.623,1.777,0.622,329.4,353.3,-2.197,1.378,13.812,NaN,NaN,NaN,World,Video Quad,20.4,NaN,13.494,NaN,1,0,CabinetD06,None,1,0,0,0,0.0000,NaN,NaN,NaN,0
66.41,Akash,AUIT_Single,CBA,0.623,1.778,0.621,329.1,353.1,-2.197,1.378,13.812,NaN,NaN,NaN,World,Video Quad,20.6,NaN,13.495,NaN,1,0,CabinetD06,None,1,0,0,0,0.0000,NaN,NaN,NaN,0
66.51,Akash,AUIT_Single,CBA,0.624,1.778,0.621,329.0,353.1,-2.197,1.378,13.812,NaN,NaN,NaN,World,Video Quad,20.7,NaN,13.496,NaN,1,0,CabinetD06,None,1,0,0,0,0.0000,NaN,NaN,NaN,0
66.60,Akash,AUIT_Single,CBA,0.624,1.778,0.620,329.1,353.1,-2.197,1.378,13.812,NaN,NaN,NaN,World,Video Quad,20.7,NaN,13.496,NaN,1,0,CabinetD06,None,1,0,0,0,0.0000,NaN,NaN,NaN,0
66.70,Akash,AUIT_Single,CBA,0.624,1.778,0.620,329.3,353.1,-2.197,1.378,13.812,NaN,NaN,NaN,World,Video Quad,20.5,NaN,13.497,NaN,1,0,CabinetD06,None,1,0,0,0,0.0000,NaN,NaN,NaN,0
66.81,Akash,AUIT_Single,CBA,0.623,1.778,0.619,329.3,353.0,-2.197,1.378,13.812,NaN,NaN,NaN,World,Video Quad,20.5,NaN,13.497,NaN,1,0,CabinetD06,None,1,0,0,0,0.0000,NaN,NaN,NaN,0
66.91,Akash,AUIT_Single,CBA,0.622,1.778,0.617,328.6,353.1,-2.197,1.378,13.812,NaN,NaN,NaN,World,Video Quad,21.2,NaN,13.499,NaN,1,0,CabinetD06,None,1,0,0,0,0.0000,NaN,NaN,NaN,0
67.01,Akash,AUIT_Single,CBA,0.622,1.778,0.616,328.1,353.1,-2.197,1.378,13.812,NaN,NaN,NaN,World,Video Quad,21.6,NaN,13.500,NaN,1,0,CabinetD06,None,1,0,0,0,0.0000,NaN,NaN,NaN,0
67.10,Akash,AUIT_Single,CBA,0.622,1.778,0.615,327.9,353.1,-2.197,1.378,13.812,NaN,NaN,NaN,World,Video Quad,21.8,NaN,13.501,NaN,1,0,CabinetD06,None,1,0,0,0,0.0000,NaN,NaN,NaN,0
67.20,Akash,AUIT_Single,CBA,0.622,1.778,0.613,327.3,352.8,-2.197,1.378,13.812,NaN,NaN,NaN,World,Video Quad,22.4,NaN,13.503,NaN,1,0,CabinetD06,None,1,0,0,0,0.0000,NaN,NaN,NaN,0
67.31,Akash,AUIT_Single,CBA,0.621,1.779,0.610,326.4,352.6,-2.197,1.378,13.812,NaN,NaN,NaN,World,Video Quad,23.3,NaN,13.506,NaN,1,0,CabinetD06,None,1,0,0,0,0.0000,NaN,NaN,NaN,0
67.41,Akash,AUIT_Single,CBA,0.621,1.779,0.608,326.0,352.3,-2.197,1.378,13.812,NaN,NaN,NaN,World,Video Quad,23.9,NaN,13.508,NaN,1,0,CabinetD06,None,1,0,0,0,0.0000,NaN,NaN,NaN,0
67.51,Akash,AUIT_Single,CBA,0.622,1.780,0.605,325.7,351.8,-2.197,1.378,13.812,NaN,NaN,NaN,World,Video Quad,24.3,NaN,13.510,NaN,1,0,CabinetD06,None,1,0,0,0,0.0000,NaN,NaN,NaN,0
67.60,Akash,AUIT_Single,CBA,0.622,1.780,0.603,325.6,351.4,-2.197,1.378,13.812,NaN,NaN,NaN,World,Video Quad,24.6,NaN,13.512,NaN,1,0,CabinetD06,None,1,0,0,0,0.0000,NaN,NaN,NaN,0
67.70,Akash,AUIT_Single,CBA,0.623,1.780,0.602,325.4,351.3,-2.197,1.378,13.812,NaN,NaN,NaN,World,Video Quad,24.7,NaN,13.514,NaN,1,0,CabinetD06,None,1,0,0,0,0.0000,NaN,NaN,NaN,0
67.81,Akash,AUIT_Single,CBA,0.623,1.780,0.602,325.3,351.4,-2.197,1.378,13.812,NaN,NaN,NaN,World,Video Quad,24.8,NaN,13.514,NaN,1,0,CabinetD06,None,1,0,0,0,0.0000,NaN,NaN,NaN,0
67.91,Akash,AUIT_Single,CBA,0.624,1.780,0.602,325.3,351.4,-2.197,1.378,13.812,NaN,NaN,NaN,World,Video Quad,24.8,NaN,13.514,NaN,1,0,CabinetD06,None,1,0,0,0,0.0000,NaN,NaN,NaN,0
68.01,Akash,AUIT_Single,CBA,0.624,1.780,0.603,325.3,351.4,-2.197,1.378,13.812,NaN,NaN,NaN,World,Video Quad,24.8,NaN,13.513,NaN,1,0,CabinetD06,None,1,0,0,0,0.0000,NaN,NaN,NaN,0
68.10,Akash,AUIT_Single,CBA,0.624,1.780,0.604,325.4,351.1,-2.197,1.378,13.812,NaN,NaN,NaN,World,Video Quad,24.8,NaN,13.512,NaN,1,0,CabinetD06,None,1,0,0,0,0.0000,NaN,NaN,NaN,0
68.20,Akash,AUIT_Single,CBA,0.624,1.781,0.606,325.5,350.9,-2.197,1.378,13.812,NaN,NaN,NaN,World,Video Quad,24.8,NaN,13.511,NaN,1,0,CabinetD06,None,1,0,0,0,0.0000,NaN,NaN,NaN,0
68.31,Akash,AUIT_Single,CBA,0.624,1.780,0.608,325.6,351.0,-2.197,1.378,13.812,NaN,NaN,NaN,World,Video Quad,24.7,NaN,13.508,NaN,1,0,CabinetD06,None,1,0,0,0,0.0000,NaN,NaN,NaN,0
68.41,Akash,AUIT_Single,CBA,0.623,1.780,0.610,325.7,351.1,-2.197,1.378,13.812,NaN,NaN,NaN,World,Video Quad,24.6,NaN,13.506,NaN,1,0,CabinetD06,None,1,0,0,0,0.0000,NaN,NaN,NaN,0
68.51,Akash,AUIT_Single,CBA,0.622,1.780,0.612,326.0,351.2,-2.197,1.378,13.812,NaN,NaN,NaN,World,Video Quad,24.2,NaN,13.504,NaN,1,0,CabinetD06,None,1,0,0,0,0.0000,NaN,NaN,NaN,0
68.60,Akash,AUIT_Single,CBA,0.621,1.780,0.615,326.4,351.5,-2.197,1.378,13.812,NaN,NaN,NaN,World,Video Quad,23.8,NaN,13.501,NaN,1,0,CabinetD06,None,1,0,0,0,0.0000,NaN,NaN,NaN,0
68.70,Akash,AUIT_Single,CBA,0.620,1.780,0.617,326.5,351.8,-2.197,1.378,13.812,NaN,NaN,NaN,World,Video Quad,23.6,NaN,13.499,NaN,1,0,CabinetD06,None,1,0,0,0,0.0000,NaN,NaN,NaN,0
68.81,Akash,AUIT_Single,CBA,0.619,1.779,0.619,326.7,351.9,-2.197,1.378,13.812,NaN,NaN,NaN,World,Video Quad,23.3,NaN,13.497,NaN,1,0,CabinetD06,None,1,0,0,0,0.0000,NaN,NaN,NaN,0
68.91,Akash,AUIT_Single,CBA,0.618,1.779,0.620,327.1,352.0,-2.197,1.378,13.812,NaN,NaN,NaN,World,Video Quad,22.9,NaN,13.495,NaN,1,0,CabinetD06,None,1,0,0,0,0.0000,NaN,NaN,NaN,0
69.01,Akash,AUIT_Single,CBA,0.617,1.779,0.620,327.4,352.0,-2.197,1.378,13.812,NaN,NaN,NaN,World,Video Quad,22.7,NaN,13.495,NaN,1,0,CabinetD06,None,1,0,0,0,0.0000,NaN,NaN,NaN,0
69.10,Akash,AUIT_Single,CBA,0.616,1.779,0.621,327.6,352.1,-2.197,1.378,13.812,NaN,NaN,NaN,World,Video Quad,22.5,NaN,13.494,NaN,1,0,CabinetD06,None,1,0,0,0,0.0000,NaN,NaN,NaN,0
69.20,Akash,AUIT_Single,CBA,0.615,1.779,0.622,327.6,352.2,-2.197,1.378,13.812,NaN,NaN,NaN,World,Video Quad,22.5,NaN,13.493,NaN,1,0,CabinetD06,None,1,0,0,0,0.0000,NaN,NaN,NaN,0
69.31,Akash,AUIT_Single,CBA,0.615,1.779,0.623,327.4,352.3,-2.197,1.378,13.812,NaN,NaN,NaN,World,Video Quad,22.5,NaN,13.492,NaN,1,0,CabinetD06,None,1,0,0,0,0.0000,NaN,NaN,NaN,0
69.41,Akash,AUIT_Single,CBA,0.615,1.779,0.623,327.3,352.5,-2.197,1.378,13.812,NaN,NaN,NaN,World,Video Quad,22.6,NaN,13.491,NaN,1,0,CabinetD06,None,1,0,0,0,0.0000,NaN,NaN,NaN,0
69.51,Akash,AUIT_Single,CBA,0.615,1.779,0.624,327.3,352.5,-2.197,1.378,13.812,NaN,NaN,NaN,World,Video Quad,22.6,NaN,13.490,NaN,1,0,CabinetD06,None,1,0,0,0,0.0000,NaN,NaN,NaN,0
69.60,Akash,AUIT_Single,CBA,0.617,1.779,0.625,327.4,352.5,-2.197,1.378,13.812,NaN,NaN,NaN,World,Video Quad,22.4,NaN,13.490,NaN,1,0,CabinetD06,None,1,0,0,0,0.0000,NaN,NaN,NaN,0
69.70,Akash,AUIT_Single,CBA,0.618,1.779,0.627,327.6,352.5,-2.197,1.378,13.812,NaN,NaN,NaN,World,Video Quad,22.3,NaN,13.489,NaN,1,0,CabinetD06,None,1,0,0,0,0.0000,NaN,NaN,NaN,0
69.81,Akash,AUIT_Single,CBA,0.619,1.779,0.627,327.6,352.7,-2.197,1.378,13.812,NaN,NaN,NaN,World,Video Quad,22.2,NaN,13.488,NaN,1,0,CabinetD06,None,1,0,0,0,0.0000,NaN,NaN,NaN,0
69.91,Akash,AUIT_Single,CBA,0.621,1.779,0.628,327.6,352.6,-2.197,1.378,13.812,NaN,NaN,NaN,World,Video Quad,22.2,NaN,13.488,NaN,1,0,CabinetD06,None,1,0,0,0,0.0000,NaN,NaN,NaN,0
70.01,Akash,AUIT_Single,CBA,0.622,1.779,0.628,327.6,352.5,-2.197,1.378,13.812,NaN,NaN,NaN,World,Video Quad,22.3,NaN,13.488,NaN,1,0,CabinetD06,None,1,0,0,0,0.0000,NaN,NaN,NaN,0
70.10,Akash,AUIT_Single,CBA,0.623,1.779,0.628,327.6,352.4,-2.197,1.378,13.812,NaN,NaN,NaN,World,Video Quad,22.3,NaN,13.488,NaN,1,0,CabinetD06,None,1,0,0,0,0.0000,NaN,NaN,NaN,0
70.20,Akash,AUIT_Single,CBA,0.625,1.779,0.628,327.6,352.4,-2.197,1.378,13.812,NaN,NaN,NaN,World,Video Quad,22.3,NaN,13.489,NaN,1,0,CabinetD06,None,1,0,0,0,0.0000,NaN,NaN,NaN,0
70.31,Akash,AUIT_Single,CBA,0.625,1.779,0.628,327.7,352.3,-2.197,1.378,13.812,NaN,NaN,NaN,World,Video Quad,22.3,NaN,13.489,NaN,1,0,CabinetD06,None,1,0,0,0,0.0000,NaN,NaN,NaN,0
70.41,Akash,AUIT_Single,CBA,0.626,1.779,0.627,327.6,352.3,-2.197,1.378,13.812,NaN,NaN,NaN,World,Video Quad,22.3,NaN,13.490,NaN,1,0,CabinetD06,None,1,0,0,0,0.0000,NaN,NaN,NaN,0
70.51,Akash,AUIT_Single,CBA,0.626,1.779,0.626,327.7,352.3,-2.197,1.378,13.812,NaN,NaN,NaN,World,Video Quad,22.2,NaN,13.491,NaN,1,0,CabinetD06,None,1,0,0,0,0.0000,NaN,NaN,NaN,0
70.60,Akash,AUIT_Single,CBA,0.628,1.779,0.626,328.4,352.5,-2.197,1.378,13.812,NaN,NaN,NaN,World,Video Quad,21.5,NaN,13.491,NaN,1,0,CabinetD06,None,1,0,0,0,0.0000,NaN,NaN,NaN,0
70.70,Akash,AUIT_Single,CBA,0.628,1.779,0.626,328.5,352.5,-2.197,1.378,13.812,NaN,NaN,NaN,World,Video Quad,21.4,NaN,13.492,NaN,1,0,CabinetD06,None,1,0,0,0,0.0000,NaN,NaN,NaN,0
70.81,Akash,AUIT_Single,CBA,0.629,1.779,0.625,328.4,352.5,-2.197,1.378,13.812,NaN,NaN,NaN,World,Video Quad,21.5,NaN,13.493,NaN,1,0,CabinetD06,None,1,0,0,0,0.0000,NaN,NaN,NaN,0
70.91,Akash,AUIT_Single,CBA,0.630,1.779,0.624,328.5,352.5,-2.197,1.378,13.812,NaN,NaN,NaN,World,Video Quad,21.4,NaN,13.493,NaN,1,0,CabinetD06,None,1,0,0,0,0.0000,NaN,NaN,NaN,0
71.01,Akash,AUIT_Single,CBA,0.630,1.779,0.624,328.6,352.6,-2.197,1.378,13.812,NaN,NaN,NaN,World,Video Quad,21.3,NaN,13.494,NaN,1,0,CabinetD06,None,1,0,0,0,0.0000,NaN,NaN,NaN,0
71.10,Akash,AUIT_Single,CBA,0.629,1.778,0.623,328.6,352.7,-2.197,1.378,13.812,NaN,NaN,NaN,World,Video Quad,21.3,NaN,13.494,NaN,1,0,CabinetD06,None,1,0,0,0,0.0000,NaN,NaN,NaN,0
71.20,Akash,AUIT_Single,CBA,0.628,1.778,0.622,328.5,352.8,-2.197,1.378,13.812,NaN,NaN,NaN,World,Video Quad,21.3,NaN,13.495,NaN,1,0,CabinetD06,None,1,0,0,0,0.0000,NaN,NaN,NaN,0
71.31,Akash,AUIT_Single,CBA,0.626,1.778,0.621,328.4,352.8,-2.197,1.378,13.812,NaN,NaN,NaN,World,Video Quad,21.4,NaN,13.496,NaN,1,0,CabinetD06,None,1,0,0,0,0.0000,NaN,NaN,NaN,0
71.41,Akash,AUIT_Single,CBA,0.625,1.778,0.620,328.2,352.8,-2.197,1.378,13.812,NaN,NaN,NaN,World,Video Quad,21.6,NaN,13.496,NaN,1,0,CabinetD06,None,1,0,0,0,0.0000,NaN,NaN,NaN,0
71.51,Akash,AUIT_Single,CBA,0.625,1.778,0.620,328.3,352.8,-2.197,1.378,13.812,NaN,NaN,NaN,World,Video Quad,21.5,NaN,13.497,NaN,1,0,CabinetD06,None,1,0,0,0,0.0000,NaN,NaN,NaN,0
71.60,Akash,AUIT_Single,CBA,0.625,1.778,0.619,328.4,352.9,-2.197,1.378,13.812,NaN,NaN,NaN,World,Video Quad,21.4,NaN,13.497,NaN,1,0,CabinetD06,None,1,0,0,0,0.0000,NaN,NaN,NaN,0
71.70,Akash,AUIT_Single,CBA,0.625,1.779,0.619,328.5,352.8,-2.197,1.378,13.812,NaN,NaN,NaN,World,Video Quad,21.3,NaN,13.498,NaN,1,0,CabinetD06,None,1,0,0,0,0.0000,NaN,NaN,NaN,0
71.81,Akash,AUIT_Single,CBA,0.626,1.779,0.618,328.9,352.8,-2.197,1.378,13.812,NaN,NaN,NaN,World,Video Quad,20.9,NaN,13.498,NaN,1,0,CabinetD06,None,1,0,0,0,0.0000,NaN,NaN,NaN,0
71.91,Akash,AUIT_Single,CBA,0.622,1.780,0.618,328.8,353.2,-2.197,1.378,13.812,NaN,NaN,NaN,World,Video Quad,20.9,NaN,13.498,NaN,1,0,CabinetD06,None,1,0,0,0,0.0000,NaN,NaN,NaN,0
72.01,Akash,AUIT_Single,CBA,0.615,1.780,0.617,326.8,353.7,-2.197,1.378,13.812,NaN,NaN,NaN,World,Video Quad,22.6,NaN,13.498,NaN,1,0,CabinetD06,None,1,0,0,0,0.0000,NaN,NaN,NaN,0
72.10,Akash,AUIT_Single,CBA,0.605,1.778,0.617,323.1,355.5,-2.197,1.378,13.812,NaN,NaN,NaN,World,Video Quad,25.7,NaN,13.496,NaN,1,0,CabinetD06,None,0,0,0,0,0.0000,NaN,NaN,NaN,0
72.20,Akash,AUIT_Single,CBA,0.594,1.775,0.614,315.4,357.9,-2.197,1.378,13.812,NaN,NaN,NaN,World,Video Quad,32.9,NaN,13.496,NaN,1,0,CabinetD06,None,0,0,0,0,0.0000,NaN,NaN,NaN,0
72.31,Akash,AUIT_Single,CBA,0.581,1.763,0.601,299.8,2.3,-2.197,1.378,13.812,NaN,NaN,NaN,World,Refrigerator03_Door01,48.3,NaN,13.506,NaN,1,0,CabinetD06,None,0,0,0,0,0.0000,NaN,NaN,NaN,0
72.41,Akash,AUIT_Single,CBA,0.574,1.752,0.580,282.4,8.8,-2.197,1.378,13.812,NaN,NaN,NaN,World,Refrigerator03_Door01,65.9,NaN,13.524,NaN,1,0,CabinetD06,None,0,0,0,0,0.0000,NaN,NaN,NaN,0
72.51,Akash,AUIT_Single,CBA,0.573,1.740,0.556,267.5,13.4,-2.197,1.378,13.812,NaN,NaN,NaN,World,Refrigerator03,80.6,NaN,13.547,NaN,1,0,CabinetD06,None,0,0,0,0,0.0000,NaN,NaN,NaN,0
72.60,Akash,AUIT_Single,CBA,0.573,1.737,0.534,259.9,14.3,-2.197,1.378,13.812,NaN,NaN,NaN,World,Refrigerator03,88.0,NaN,13.569,NaN,1,0,CabinetD06,None,0,0,0,0,0.0000,NaN,NaN,NaN,0
72.70,Akash,AUIT_Single,CBA,0.572,1.738,0.511,255.5,13.8,-2.197,1.378,13.812,NaN,NaN,NaN,World,Refrigerator03,92.3,NaN,13.591,NaN,1,0,CabinetD06,None,0,0,0,0,0.0000,NaN,NaN,NaN,0
72.81,Akash,AUIT_Single,CBA,0.562,1.738,0.487,252.6,13.7,-2.197,1.378,13.812,NaN,NaN,NaN,World,Refrigerator03,95.2,NaN,13.613,NaN,1,0,CabinetD06,None,0,0,0,0,0.0000,NaN,NaN,NaN,0
72.91,Akash,AUIT_Single,CBA,0.545,1.736,0.464,251.4,14.2,-2.197,1.378,13.812,NaN,NaN,NaN,World,Refrigerator03,96.4,NaN,13.631,NaN,1,0,CabinetD06,None,0,0,0,0,0.0000,NaN,NaN,NaN,0
73.01,Akash,AUIT_Single,CBA,0.518,1.735,0.434,251.2,14.0,-2.197,1.378,13.812,NaN,NaN,NaN,World,Refrigerator03,96.8,NaN,13.655,NaN,1,0,CabinetD06,None,0,0,0,0,0.0000,NaN,NaN,NaN,0
73.10,Akash,AUIT_Single,CBA,0.484,1.735,0.397,250.7,14.3,-2.197,1.378,13.812,NaN,NaN,NaN,World,Refrigerator03,97.4,NaN,13.685,NaN,1,0,CabinetD06,None,0,0,0,0,0.0000,NaN,NaN,NaN,0
73.20,Akash,AUIT_Single,CBA,0.451,1.735,0.357,249.9,13.7,-2.197,1.378,13.812,NaN,NaN,NaN,World,Refrigerator03,98.3,NaN,13.718,NaN,1,0,CabinetD06,None,0,0,0,0,0.0000,NaN,NaN,NaN,0
73.31,Akash,AUIT_Single,CBA,0.415,1.736,0.316,249.0,14.1,-2.197,1.378,13.812,NaN,NaN,NaN,World,Refrigerator03,99.4,NaN,13.751,NaN,1,0,CabinetD06,None,0,0,0,0,0.0000,NaN,NaN,NaN,0
73.41,Akash,AUIT_Single,CBA,0.388,1.738,0.287,248.9,13.5,-2.197,1.378,13.812,NaN,NaN,NaN,World,Refrigerator03,99.6,NaN,13.775,NaN,1,0,CabinetD06Door,None,0,0,0,0,0.0000,NaN,NaN,NaN,0
73.51,Akash,AUIT_Single,CBA,0.368,1.735,0.264,249.7,14.3,-2.197,1.378,13.812,NaN,NaN,NaN,World,Refrigerator03,98.9,NaN,13.793,NaN,1,0,CabinetD06Door,None,0,0,0,0,0.0000,NaN,NaN,NaN,0
73.60,Akash,AUIT_Single,CBA,0.355,1.730,0.251,251.2,16.2,-2.197,1.378,13.812,NaN,NaN,NaN,World,Refrigerator03,97.4,NaN,13.803,NaN,1,0,CabinetD06Door,None,0,0,0,0,0.0000,NaN,NaN,NaN,0
73.72,Akash,AUIT_Single,CBA,0.349,1.728,0.254,255.1,17.0,-2.197,1.378,13.812,NaN,NaN,NaN,World,Refrigerator03,93.6,NaN,13.799,NaN,1,0,CabinetD06Door,None,0,0,0,0,0.0000,NaN,NaN,NaN,0
73.81,Akash,AUIT_Single,CBA,0.346,1.724,0.281,266.2,17.2,-2.197,1.378,13.812,NaN,NaN,NaN,World,Refrigerator03,83.0,NaN,13.772,NaN,1,0,CabinetD06Door,None,0,0,0,0,0.0000,NaN,NaN,NaN,0
73.91,Akash,AUIT_Single,CBA,0.353,1.722,0.319,280.8,17.6,-2.197,1.378,13.812,NaN,NaN,NaN,World,Refrigerator03,69.1,NaN,13.736,NaN,1,0,CabinetD06Door,None,0,0,0,0,0.0000,NaN,NaN,NaN,0
74.01,Akash,AUIT_Single,CBA,0.374,1.718,0.369,302.3,17.8,-2.197,1.378,13.812,NaN,NaN,NaN,World,Milk,48.8,NaN,13.691,NaN,1,0,CabinetD06Door,None,0,0,0,0,0.0000,NaN,NaN,NaN,0
74.10,Akash,AUIT_Single,CBA,0.412,1.715,0.418,325.2,17.8,-2.197,1.378,13.812,NaN,NaN,NaN,World,Wall4m,28.6,NaN,13.650,NaN,1,0,CabinetD06,None,0,0,0,0,0.0000,NaN,NaN,NaN,0
74.20,Akash,AUIT_Single,CBA,0.459,1.716,0.453,345.1,17.9,-2.197,1.378,13.812,NaN,NaN,NaN,World,Wall4m,16.8,NaN,13.625,NaN,1,0,CabinetD06,None,1,0,0,0,0.0000,NaN,NaN,NaN,0
74.31,Akash,AUIT_Single,CBA,0.507,1.718,0.476,1.3,16.3,-2.197,1.378,13.812,NaN,NaN,NaN,World,Wall4m,19.5,NaN,13.612,NaN,1,0,CabinetD06,None,1,0,0,0,0.0000,NaN,NaN,NaN,0
74.41,Akash,AUIT_Single,CBA,0.535,1.715,0.479,9.5,17.3,-2.197,1.378,13.812,NaN,NaN,NaN,World,Wall4m,26.1,NaN,13.614,NaN,1,0,CabinetD06,None,0,0,0,0,0.0000,NaN,NaN,NaN,0
74.51,Akash,AUIT_Single,CBA,0.555,1.716,0.480,15.1,16.2,-2.197,1.378,13.812,NaN,NaN,NaN,World,Wall4m,30.2,NaN,13.617,NaN,1,0,CabinetD06,None,0,0,0,0,0.0000,NaN,NaN,NaN,0
74.60,Akash,AUIT_Single,CBA,0.569,1.715,0.481,17.8,16.5,-2.197,1.378,13.812,NaN,NaN,NaN,World,Wall4m,32.7,NaN,13.620,NaN,1,0,CabinetD06,None,0,0,0,0,0.0000,NaN,NaN,NaN,0
74.70,Akash,AUIT_Single,CBA,0.580,1.714,0.483,19.3,16.4,-2.197,1.378,13.812,NaN,NaN,NaN,World,Wall4m,34.1,NaN,13.620,NaN,1,0,CabinetD06,None,0,0,0,0,0.0000,NaN,NaN,NaN,0
74.81,Akash,AUIT_Single,CBA,0.589,1.715,0.491,18.9,16.9,-2.197,1.378,13.812,NaN,NaN,NaN,World,Wall4m,34.0,NaN,13.614,NaN,1,0,CabinetD06,None,0,0,0,0,0.0000,NaN,NaN,NaN,0
74.91,Akash,AUIT_Single,CBA,0.600,1.718,0.504,16.9,13.6,-2.197,1.378,13.812,NaN,NaN,NaN,World,Wall4m,30.9,NaN,13.603,NaN,1,0,CabinetD06,None,0,0,0,0,0.0000,NaN,NaN,NaN,0
75.01,Akash,AUIT_Single,CBA,0.622,1.715,0.524,15.5,6.6,-2.197,1.378,13.812,NaN,NaN,NaN,World,CabinetD05,27.9,NaN,13.589,NaN,1,0,CabinetD06,None,0,0,0,0,0.0000,NaN,NaN,NaN,0
75.10,Akash,AUIT_Single,CBA,0.641,1.702,0.544,15.0,9.7,-2.197,1.378,13.812,NaN,NaN,NaN,World,CabinetD05,28.2,NaN,13.572,NaN,1,0,CabinetD06,None,0,0,0,0,0.0000,NaN,NaN,NaN,0
75.20,Akash,AUIT_Single,CBA,0.645,1.699,0.551,16.0,14.0,-2.197,1.378,13.812,NaN,NaN,NaN,World,Wall4m,30.5,NaN,13.566,NaN,1,0,CabinetD06,None,0,0,0,0,0.0000,NaN,NaN,NaN,0
75.31,Akash,AUIT_Single,CBA,0.645,1.702,0.550,18.4,14.1,-2.197,1.378,13.812,NaN,NaN,NaN,World,Wall4m,32.7,NaN,13.567,NaN,1,0,CabinetD06,None,0,0,0,0,0.0000,NaN,NaN,NaN,0
75.41,Akash,AUIT_Single,CBA,0.643,1.704,0.551,18.4,14.2,-2.197,1.378,13.812,NaN,NaN,NaN,World,Wall4m,32.7,NaN,13.566,NaN,1,0,CabinetD06,None,0,0,0,0,0.0000,NaN,NaN,NaN,0
75.51,Akash,AUIT_Single,CBA,0.644,1.718,0.573,16.6,12.9,-2.197,1.378,13.812,NaN,NaN,NaN,World,Video Quad,30.7,NaN,13.545,NaN,1,0,CabinetD06,None,0,0,0,0,0.0000,NaN,NaN,NaN,0
75.60,Akash,AUIT_Single,CBA,0.658,1.715,0.605,13.4,13.1,-2.197,1.378,13.812,NaN,NaN,NaN,World,Video Quad,27.9,NaN,13.517,NaN,1,0,CabinetD06,None,0,0,0,0,0.0000,NaN,NaN,NaN,0
75.70,Akash,AUIT_Single,CBA,0.670,1.709,0.636,13.0,13.3,-2.197,1.378,13.812,NaN,NaN,NaN,World,Video Quad,27.7,NaN,13.488,NaN,1,0,CabinetD06,None,0,0,0,0,0.0000,NaN,NaN,NaN,0
75.81,Akash,AUIT_Single,CBA,0.672,1.704,0.659,13.6,13.3,-2.197,1.378,13.812,NaN,NaN,NaN,World,Video Quad,28.3,NaN,13.467,NaN,1,0,CabinetD06,None,0,0,0,0,0.0000,NaN,NaN,NaN,0
75.91,Akash,AUIT_Single,CBA,0.676,1.702,0.669,14.0,14.9,-2.197,1.378,13.812,NaN,NaN,NaN,World,Video Quad,29.2,NaN,13.457,NaN,1,0,CabinetD06,None,0,0,0,0,0.0000,NaN,NaN,NaN,0
76.01,Akash,AUIT_Single,CBA,0.679,1.705,0.678,14.9,12.9,-2.197,1.378,13.812,NaN,NaN,NaN,World,Video Quad,29.3,NaN,13.450,NaN,1,0,CabinetD06,None,0,0,0,0,0.0000,NaN,NaN,NaN,0
76.10,Akash,AUIT_Single,CBA,0.680,1.705,0.684,14.7,13.0,-2.197,1.378,13.812,NaN,NaN,NaN,World,CabinetD05,29.2,NaN,13.444,NaN,1,0,CabinetD06,None,0,0,0,0,0.0000,NaN,NaN,NaN,0
76.20,Akash,AUIT_Single,CBA,0.683,1.707,0.694,14.2,12.0,-2.197,1.378,13.812,NaN,NaN,NaN,World,CabinetD05,28.4,NaN,13.435,NaN,1,0,CabinetD06,None,0,0,0,0,0.0000,NaN,NaN,NaN,0
76.31,Akash,AUIT_Single,CBA,0.687,1.714,0.712,12.4,11.1,-2.197,1.378,13.812,NaN,NaN,NaN,World,CabinetD05,26.5,NaN,13.418,NaN,1,0,CabinetD06,None,0,0,0,0,0.0000,NaN,NaN,NaN,0
76.41,Akash,AUIT_Single,CBA,0.694,1.720,0.731,9.5,10.4,-2.197,1.378,13.812,NaN,NaN,NaN,World,CabinetD05,23.6,NaN,13.401,NaN,1,0,CabinetD06,None,1,0,0,0,0.0000,NaN,NaN,NaN,0
76.51,Akash,AUIT_Single,CBA,0.701,1.719,0.748,7.9,11.1,-2.197,1.378,13.812,NaN,NaN,NaN,World,Video Quad,22.4,NaN,13.386,NaN,1,0,CabinetD06,None,1,0,0,0,0.0000,NaN,NaN,NaN,0
76.60,Akash,AUIT_Single,CBA,0.707,1.714,0.759,6.4,12.6,-2.197,1.378,13.812,NaN,NaN,NaN,World,CabinetD05,21.9,NaN,13.377,NaN,1,0,CabinetD06,None,1,0,0,0,0.0000,NaN,NaN,NaN,0
76.70,Akash,AUIT_Single,CBA,0.712,1.714,0.763,4.7,13.4,-2.197,1.378,13.812,NaN,NaN,NaN,World,CabinetD05,20.9,NaN,13.374,NaN,1,0,CabinetD06,None,1,0,0,0,0.0000,NaN,NaN,NaN,0
76.81,Akash,AUIT_Single,CBA,0.719,1.721,0.759,3.5,13.2,-2.197,1.378,13.812,NaN,NaN,NaN,World,CabinetD05,19.8,NaN,13.379,NaN,1,0,CabinetD06,None,1,0,0,0,0.0000,NaN,NaN,NaN,0
76.91,Akash,AUIT_Single,CBA,0.722,1.728,0.750,3.0,13.2,-2.197,1.378,13.812,NaN,NaN,NaN,World,CabinetD05,19.4,NaN,13.389,NaN,1,0,CabinetD06,None,1,0,0,0,0.0000,NaN,NaN,NaN,0
77.01,Akash,AUIT_Single,CBA,0.719,1.737,0.740,2.5,12.2,-2.197,1.378,13.812,NaN,NaN,NaN,World,Video Quad,18.4,NaN,13.398,NaN,1,0,CabinetD06,None,1,0,0,0,0.0000,NaN,NaN,NaN,0
77.10,Akash,AUIT_Single,CBA,0.710,1.744,0.734,0.9,9.8,-2.197,1.378,13.812,NaN,NaN,NaN,World,Video Quad,15.7,NaN,13.403,NaN,1,0,CabinetD06,None,1,0,0,0,0.0000,NaN,NaN,NaN,0
77.20,Akash,AUIT_Single,CBA,0.697,1.745,0.723,0.6,10.7,-2.197,1.378,13.812,NaN,NaN,NaN,World,Video Quad,15.9,NaN,13.411,NaN,1,0,CabinetD06,None,1,0,0,0,0.0000,NaN,NaN,NaN,0
77.31,Akash,AUIT_Single,CBA,0.675,1.750,0.701,1.6,8.4,-2.197,1.378,13.812,NaN,NaN,NaN,World,Video Quad,15.5,NaN,13.427,NaN,1,0,CabinetD06,None,1,0,0,0,0.0000,NaN,NaN,NaN,0
77.41,Akash,AUIT_Single,CBA,0.652,1.755,0.683,1.5,6.3,-2.197,1.378,13.812,NaN,NaN,NaN,World,Video Quad,14.4,NaN,13.440,NaN,1,0,CabinetD06,None,1,0,0,0,0.0000,NaN,NaN,NaN,0
77.51,Akash,AUIT_Single,CBA,0.629,1.753,0.669,2.0,6.1,-2.197,1.378,13.812,NaN,NaN,NaN,World,Video Quad,14.8,NaN,13.449,NaN,1,0,CabinetD06,None,1,0,0,0,0.0000,NaN,NaN,NaN,0
77.60,Akash,AUIT_Single,CBA,0.608,1.752,0.664,2.0,6.5,-2.197,1.378,13.812,NaN,NaN,NaN,World,Video Quad,14.8,NaN,13.449,NaN,1,0,CabinetD06,None,1,0,0,0,0.0000,NaN,NaN,NaN,0
77.70,Akash,AUIT_Single,CBA,0.594,1.753,0.666,1.2,6.9,-2.197,1.378,13.812,NaN,NaN,NaN,World,Video Quad,14.2,NaN,13.444,NaN,1,0,CabinetD06,None,1,0,0,0,0.0000,NaN,NaN,NaN,0
77.81,Akash,AUIT_Single,CBA,0.587,1.754,0.680,1.1,5.4,-2.197,1.378,13.812,NaN,NaN,NaN,World,Video Quad,13.6,NaN,13.429,NaN,1,0,CabinetD06,None,1,0,0,0,0.0000,NaN,NaN,NaN,0
77.91,Akash,AUIT_Single,CBA,0.592,1.752,0.705,1.2,5.3,-2.197,1.378,13.812,NaN,NaN,NaN,World,Video Quad,13.7,NaN,13.406,NaN,1,0,CabinetD06,None,1,0,0,0,0.0000,NaN,NaN,NaN,0
78.01,Akash,AUIT_Single,CBA,0.609,1.747,0.737,2.1,6.5,-2.197,1.378,13.812,NaN,NaN,NaN,World,Video Quad,15.0,NaN,13.378,NaN,1,0,CabinetD06,None,1,0,0,0,0.0000,NaN,NaN,NaN,0
78.10,Akash,AUIT_Single,CBA,0.632,1.744,0.771,1.6,7.5,-2.197,1.378,13.812,NaN,NaN,NaN,World,Video Quad,15.0,NaN,13.350,NaN,1,0,CabinetD06,None,1,0,0,0,0.0000,NaN,NaN,NaN,0
78.20,Akash,AUIT_Single,CBA,0.658,1.747,0.804,359.3,6.7,-2.197,1.378,13.812,NaN,NaN,NaN,World,Video Quad,12.8,NaN,13.323,NaN,1,0,CabinetD06,None,1,0,0,0,0.0000,NaN,NaN,NaN,0
78.31,Akash,AUIT_Single,CBA,0.683,1.752,0.839,356.5,7.6,-2.197,1.378,13.812,NaN,NaN,NaN,World,Video Quad,10.8,NaN,13.295,NaN,1,0,CabinetD06,None,1,0,0,0,0.0000,NaN,NaN,NaN,0
78.41,Akash,AUIT_Single,CBA,0.702,1.755,0.864,353.5,8.3,-2.197,1.378,13.812,NaN,NaN,NaN,World,Video Quad,9.0,NaN,13.274,NaN,1,0,CabinetD06,None,1,0,0,0,0.0000,NaN,NaN,NaN,0
78.51,Akash,AUIT_Single,CBA,0.718,1.755,0.885,350.8,9.8,-2.197,1.378,13.812,NaN,NaN,NaN,World,Video Quad,8.9,NaN,13.257,NaN,1,0,CabinetD06,None,1,0,0,0,0.0000,NaN,NaN,NaN,0
78.60,Akash,AUIT_Single,CBA,0.719,1.751,0.898,343.7,12.6,-2.197,1.378,13.812,NaN,NaN,NaN,World,Video Quad,11.5,NaN,13.245,NaN,1,0,CabinetD06,None,1,0,0,0,0.0000,NaN,NaN,NaN,0
78.70,Akash,AUIT_Single,CBA,0.698,1.741,0.895,325.6,17.4,-2.197,1.378,13.812,NaN,NaN,NaN,World,Wall4m,26.6,NaN,13.243,NaN,1,0,CabinetD06,None,0,0,0,0,0.0000,NaN,NaN,NaN,0
78.81,Akash,AUIT_Single,CBA,0.663,1.735,0.860,297.6,19.8,-2.197,1.378,13.812,NaN,NaN,NaN,World,Wall4m,52.1,NaN,13.269,NaN,1,0,CabinetD06,None,0,0,0,0,0.0000,NaN,NaN,NaN,0
78.91,Akash,AUIT_Single,CBA,0.638,1.733,0.806,272.3,20.4,-2.197,1.378,13.812,NaN,NaN,NaN,World,Refrigerator03_Door01,75.8,NaN,13.316,NaN,1,0,CabinetD06,None,0,0,0,0,0.0000,NaN,NaN,NaN,0
79.01,Akash,AUIT_Single,CBA,0.621,1.734,0.749,252.0,19.6,-2.197,1.378,13.812,NaN,NaN,NaN,World,Refrigerator03,94.9,NaN,13.369,NaN,1,0,CabinetD06,None,0,0,0,0,0.0000,NaN,NaN,NaN,0
79.15,Akash,AUIT_Single,CBA,0.603,1.733,0.700,244.5,17.8,-2.197,1.378,13.812,NaN,NaN,NaN,World,Refrigerator03,102.3,NaN,13.412,NaN,1,0,CabinetD06,None,0,0,0,0,0.0000,NaN,NaN,NaN,0
79.20,Akash,AUIT_Single,CBA,0.568,1.722,0.634,241.2,16.4,-2.197,1.378,13.812,NaN,NaN,NaN,World,Refrigerator03,105.8,NaN,13.469,NaN,1,0,CabinetD06,None,0,0,0,0,0.0000,NaN,NaN,NaN,0
79.31,Akash,AUIT_Single,CBA,0.520,1.708,0.559,242.9,16.9,-2.197,1.378,13.812,NaN,NaN,NaN,World,Refrigerator03,104.4,NaN,13.533,NaN,1,0,CabinetD06,None,0,0,0,0,0.0000,NaN,NaN,NaN,0
79.41,Akash,AUIT_Single,CBA,0.472,1.704,0.490,245.7,15.2,-2.197,1.378,13.812,NaN,NaN,NaN,World,Refrigerator03,102.2,NaN,13.591,NaN,1,0,CabinetD06,None,0,0,0,0,0.0000,NaN,NaN,NaN,0
79.51,Akash,AUIT_Single,CBA,0.441,1.706,0.436,244.8,19.4,-2.197,1.378,13.812,NaN,NaN,NaN,World,Refrigerator03,102.7,NaN,13.638,NaN,1,0,CabinetD06,None,0,0,0,0,0.0000,NaN,NaN,NaN,0
79.60,Akash,AUIT_Single,CBA,0.426,1.719,0.389,246.1,15.3,-2.197,1.378,13.812,NaN,NaN,NaN,World,Refrigerator03,102.0,NaN,13.682,NaN,1,0,CabinetD06,None,0,0,0,0,0.0000,NaN,NaN,NaN,0
79.71,Akash,AUIT_Single,CBA,0.430,1.721,0.366,246.5,15.3,-2.197,1.378,13.812,NaN,NaN,NaN,World,Refrigerator03,101.6,NaN,13.705,NaN,1,0,CabinetD06,None,0,0,0,0,0.0000,NaN,NaN,NaN,0
79.81,Akash,AUIT_Single,CBA,0.464,1.723,0.332,238.4,13.6,-2.197,1.378,13.812,NaN,NaN,NaN,World,Refrigerator03_Door02,109.5,NaN,13.745,NaN,1,0,CabinetD06,None,0,0,0,0,0.0000,NaN,NaN,NaN,0
79.91,Akash,AUIT_Single,CBA,0.475,1.719,0.348,234.8,13.7,-2.197,1.378,13.812,NaN,NaN,NaN,World,Refrigerator03_Door02,112.9,NaN,13.731,NaN,1,0,CabinetD06,None,0,0,0,0,0.0000,NaN,NaN,NaN,0
80.01,Akash,AUIT_Single,CBA,0.475,1.716,0.383,239.4,15.0,-2.197,1.378,13.812,NaN,NaN,NaN,World,Video Quad,108.3,NaN,13.697,NaN,1,0,CabinetD06,None,0,0,0,0,0.0000,NaN,NaN,NaN,0
80.10,Akash,AUIT_Single,CBA,0.476,1.710,0.430,246.2,16.5,-2.197,1.378,13.812,NaN,NaN,NaN,World,Video Quad,101.6,NaN,13.651,NaN,1,0,CabinetD06,None,0,0,0,0,0.0000,NaN,NaN,NaN,0
80.20,Akash,AUIT_Single,CBA,0.482,1.716,0.474,250.8,17.4,-2.197,1.378,13.812,NaN,NaN,NaN,World,Video Quad,97.1,NaN,13.609,NaN,1,0,CabinetD06,None,0,0,0,0,0.0000,NaN,NaN,NaN,0
80.31,Akash,AUIT_Single,CBA,0.476,1.721,0.505,251.8,16.2,-2.197,1.378,13.812,NaN,NaN,NaN,World,Video Quad,96.1,NaN,13.577,NaN,1,0,CabinetD06,None,0,0,0,0,0.0000,NaN,NaN,NaN,0
80.41,Akash,AUIT_Single,CBA,0.459,1.724,0.516,251.5,16.7,-2.197,1.378,13.812,NaN,NaN,NaN,World,Video Quad,96.5,NaN,13.563,NaN,1,0,CabinetD06,None,0,0,0,0,0.0000,NaN,NaN,NaN,0
80.51,Akash,AUIT_Single,CBA,0.430,1.725,0.512,250.6,16.3,-2.197,1.378,13.812,NaN,NaN,NaN,World,Video Quad,97.5,NaN,13.562,NaN,1,0,CabinetD06,None,0,0,0,0,0.0000,NaN,NaN,NaN,0
80.60,Akash,AUIT_Single,CBA,0.392,1.725,0.492,250.2,16.9,-2.197,1.378,13.812,NaN,NaN,NaN,World,Video Quad,97.9,NaN,13.574,NaN,1,0,CabinetD06,None,0,0,0,0,0.0000,NaN,NaN,NaN,0
80.70,Akash,AUIT_Single,CBA,0.354,1.724,0.459,250.2,16.2,-2.197,1.378,13.812,NaN,NaN,NaN,World,Video Quad,98.2,NaN,13.599,NaN,1,0,CabinetD06Door,None,0,0,0,0,0.0000,NaN,NaN,NaN,0
80.81,Akash,AUIT_Single,CBA,0.312,1.722,0.416,248.0,14.8,-2.197,1.378,13.812,NaN,NaN,NaN,World,Video Quad,100.6,NaN,13.633,NaN,1,0,CabinetD06Door,None,0,0,0,0,0.0000,NaN,NaN,NaN,0
80.91,Akash,AUIT_Single,CBA,0.281,1.718,0.381,247.6,13.8,-2.197,1.378,13.812,NaN,NaN,NaN,World,Video Quad,101.2,NaN,13.662,NaN,1,0,CabinetD06Door,None,0,0,0,0,0.0000,NaN,NaN,NaN,0
81.01,Akash,AUIT_Single,CBA,0.259,1.712,0.351,246.6,13.7,-2.197,1.378,13.812,NaN,NaN,NaN,World,Video Quad,102.3,NaN,13.687,NaN,1,0,CabinetD06Door,None,0,0,0,0,0.0000,NaN,NaN,NaN,0
81.10,Akash,AUIT_Single,CBA,0.246,1.706,0.331,245.3,15.0,-2.197,1.378,13.812,NaN,NaN,NaN,World,Video Quad,103.6,NaN,13.705,NaN,1,0,CabinetD07,None,0,0,0,0,0.0000,NaN,NaN,NaN,0
81.20,Akash,AUIT_Single,CBA,0.242,1.703,0.322,245.1,17.3,-2.197,1.378,13.812,NaN,NaN,NaN,World,Video Quad,103.6,NaN,13.713,NaN,1,0,CabinetD07,None,0,0,0,0,0.0000,NaN,NaN,NaN,0
81.31,Akash,AUIT_Single,CBA,0.247,1.707,0.324,246.7,16.8,-2.197,1.378,13.812,NaN,NaN,NaN,World,Video Quad,102.1,NaN,13.712,NaN,1,0,CabinetD07,None,0,0,0,0,0.0000,NaN,NaN,NaN,0
81.41,Akash,AUIT_Single,CBA,0.259,1.713,0.333,248.2,16.2,-2.197,1.378,13.812,NaN,NaN,NaN,World,Video Quad,100.7,NaN,13.705,NaN,1,0,CabinetD06Door,None,0,0,0,0,0.0000,NaN,NaN,NaN,0
81.51,Akash,AUIT_Single,CBA,0.276,1.718,0.347,249.0,15.7,-2.197,1.378,13.812,NaN,NaN,NaN,World,Video Quad,99.8,NaN,13.694,NaN,1,0,CabinetD06Door,None,0,0,0,0,0.0000,NaN,NaN,NaN,0
81.60,Akash,AUIT_Single,CBA,0.294,1.721,0.360,249.6,14.9,-2.197,1.378,13.812,NaN,NaN,NaN,World,Video Quad,99.2,NaN,13.685,NaN,1,0,CabinetD06Door,None,0,0,0,0,0.0000,NaN,NaN,NaN,0
81.70,Akash,AUIT_Single,CBA,0.314,1.728,0.372,249.7,13.7,-2.197,1.378,13.812,NaN,NaN,NaN,World,Video Quad,99.1,NaN,13.677,NaN,1,0,CabinetD06Door,None,0,0,0,0,0.0000,NaN,NaN,NaN,0
81.81,Akash,AUIT_Single,CBA,0.338,1.733,0.384,249.5,12.5,-2.197,1.378,13.812,NaN,NaN,NaN,World,Video Quad,99.2,NaN,13.670,NaN,1,0,CabinetD06Door,None,0,0,0,0,0.0000,NaN,NaN,NaN,0
81.91,Akash,AUIT_Single,CBA,0.361,1.735,0.399,250.2,12.6,-2.197,1.378,13.812,NaN,NaN,NaN,World,Video Quad,98.4,NaN,13.660,NaN,1,0,CabinetD06Door,None,0,0,0,0,0.0000,NaN,NaN,NaN,0
82.01,Akash,AUIT_Single,CBA,0.386,1.737,0.424,253.3,12.8,-2.197,1.378,13.812,NaN,NaN,NaN,World,Video Quad,95.3,NaN,13.640,NaN,1,0,CabinetD06,None,0,0,0,0,0.0000,NaN,NaN,NaN,0
82.10,Akash,AUIT_Single,CBA,0.414,1.735,0.463,261.8,14.2,-2.197,1.378,13.812,NaN,NaN,NaN,World,Refrigerator03,86.9,NaN,13.607,NaN,1,0,CabinetD06,None,0,0,0,0,0.0000,NaN,NaN,NaN,0
82.20,Akash,AUIT_Single,CBA,0.451,1.730,0.516,275.2,15.5,-2.197,1.378,13.812,NaN,NaN,NaN,World,Refrigerator03,73.8,NaN,13.562,NaN,1,0,CabinetD06,None,0,0,0,0,0.0000,NaN,NaN,NaN,0
82.31,Akash,AUIT_Single,CBA,0.500,1.727,0.586,293.4,16.2,-2.197,1.378,13.812,NaN,NaN,NaN,World,Refrigerator03_Door01,56.1,NaN,13.503,NaN,1,0,CabinetD06,None,0,0,0,0,0.0000,NaN,NaN,NaN,0
82.41,Akash,AUIT_Single,CBA,0.550,1.727,0.649,313.1,17.9,-2.197,1.378,13.812,NaN,NaN,NaN,World,Wall4m,38.2,NaN,13.452,NaN,1,0,CabinetD06,None,0,0,0,0,0.0000,NaN,NaN,NaN,0
82.51,Akash,AUIT_Single,CBA,0.599,1.731,0.701,333.7,17.7,-2.197,1.378,13.812,NaN,NaN,NaN,World,Wall4m,21.4,NaN,13.410,NaN,1,0,CabinetD06,None,1,0,0,0,0.0000,NaN,NaN,NaN,0
82.60,Akash,AUIT_Single,CBA,0.636,1.735,0.738,348.0,18.5,-2.197,1.378,13.812,NaN,NaN,NaN,World,Wall4m,17.0,NaN,13.383,NaN,1,0,CabinetD06,None,1,0,0,0,0.0000,NaN,NaN,NaN,0
82.70,Akash,AUIT_Single,CBA,0.656,1.737,0.762,357.2,18.3,-2.197,1.378,13.812,NaN,NaN,NaN,World,Wall4m,19.2,NaN,13.363,NaN,1,0,CabinetD06,None,1,0,0,0,0.0000,NaN,NaN,NaN,0
82.87,Akash,AUIT_Single,CBA,0.663,1.733,0.779,8.3,18.4,-2.197,1.378,13.812,NaN,NaN,NaN,World,Wall4m,26.4,NaN,13.348,NaN,1,0,CabinetD06,None,0,0,0,0,0.0000,NaN,NaN,NaN,0
82.91,Akash,AUIT_Single,CBA,0.662,1.735,0.791,14.2,17.4,-2.197,1.378,13.812,NaN,NaN,NaN,World,Wall4m,30.6,NaN,13.336,NaN,1,0,CabinetD06,None,0,0,0,0,0.0000,NaN,NaN,NaN,0
83.01,Akash,AUIT_Single,CBA,0.666,1.735,0.809,15.1,17.9,-2.197,1.378,13.812,NaN,NaN,NaN,World,Video Quad,31.6,NaN,13.319,NaN,1,0,CabinetD06,None,0,0,0,0,0.0000,NaN,NaN,NaN,0
83.10,Akash,AUIT_Single,CBA,0.676,1.739,0.839,14.7,17.7,-2.197,1.378,13.812,NaN,NaN,NaN,World,Video Quad,31.2,NaN,13.292,NaN,1,0,CabinetD06,None,0,0,0,0,0.0000,NaN,NaN,NaN,0
83.20,Akash,AUIT_Single,CBA,0.698,1.734,0.878,13.8,16.5,-2.197,1.378,13.812,NaN,NaN,NaN,World,Video Quad,30.0,NaN,13.259,NaN,1,0,CabinetD06,None,0,0,0,0,0.0000,NaN,NaN,NaN,0
83.31,Akash,AUIT_Single,CBA,0.736,1.727,0.926,13.1,19.2,-2.197,1.378,13.812,NaN,NaN,NaN,World,Video Quad,30.9,NaN,13.220,NaN,1,0,CabinetD06,None,0,0,0,0,0.0000,NaN,NaN,NaN,0
83.41,Akash,AUIT_Single,CBA,0.767,1.729,0.963,13.9,18.6,-2.197,1.378,13.812,NaN,NaN,NaN,World,Video Quad,31.4,NaN,13.192,NaN,1,0,CabinetD06,None,0,0,0,0,0.0000,NaN,NaN,NaN,0
83.51,Akash,AUIT_Single,CBA,0.789,1.731,0.994,13.6,17.9,-2.197,1.378,13.812,NaN,NaN,NaN,World,Video Quad,31.0,NaN,13.166,NaN,1,0,CabinetD06,None,0,0,0,0,0.0000,NaN,NaN,NaN,0
83.60,Akash,AUIT_Single,CBA,0.807,1.730,1.019,12.4,18.7,-2.197,1.378,13.812,NaN,NaN,NaN,World,Video Quad,30.4,NaN,13.146,NaN,1,0,CabinetD06,None,0,0,0,0,0.0000,NaN,NaN,NaN,0
83.70,Akash,AUIT_Single,CBA,0.820,1.729,1.034,11.8,19.6,-2.197,1.378,13.812,NaN,NaN,NaN,World,CabinetD05,30.5,NaN,13.134,NaN,1,0,CabinetD05,None,0,0,0,0,0.0000,NaN,NaN,NaN,0
83.81,Akash,AUIT_Single,CBA,0.828,1.729,1.045,10.8,19.5,-2.197,1.378,13.812,NaN,NaN,NaN,World,CabinetD05,29.6,NaN,13.125,NaN,1,0,CabinetD05,None,0,0,0,0,0.0000,NaN,NaN,NaN,0
83.91,Akash,AUIT_Single,CBA,0.831,1.728,1.049,10.2,19.6,-2.197,1.378,13.812,NaN,NaN,NaN,World,CabinetD05,29.2,NaN,13.123,NaN,1,0,CabinetD05,None,0,0,0,0,0.0000,NaN,NaN,NaN,0
84.01,Akash,AUIT_Single,CBA,0.832,1.726,1.049,9.1,20.4,-2.197,1.378,13.812,NaN,NaN,NaN,World,CabinetD05,28.9,NaN,13.122,NaN,1,0,CabinetD05,None,0,0,0,0,0.0000,NaN,NaN,NaN,0
84.10,Akash,AUIT_Single,CBA,0.829,1.727,1.040,8.5,20.5,-2.197,1.378,13.812,NaN,NaN,NaN,World,CabinetD05,28.6,NaN,13.130,NaN,1,0,CabinetD05,None,0,0,0,0,0.0000,NaN,NaN,NaN,0
84.20,Akash,AUIT_Single,CBA,0.821,1.731,1.023,7.8,19.3,-2.197,1.378,13.812,NaN,NaN,NaN,World,CabinetD05,27.3,NaN,13.145,NaN,1,0,CabinetD06,None,0,0,0,0,0.0000,NaN,NaN,NaN,0
84.31,Akash,AUIT_Single,CBA,0.805,1.737,0.997,6.0,17.6,-2.197,1.378,13.812,NaN,NaN,NaN,World,Video Quad,24.7,NaN,13.167,NaN,1,0,CabinetD06,None,1,0,0,0,0.0000,NaN,NaN,NaN,0
84.41,Akash,AUIT_Single,CBA,0.785,1.742,0.971,3.4,15.4,-2.197,1.378,13.812,NaN,NaN,NaN,World,Video Quad,21.4,NaN,13.188,NaN,1,0,CabinetD06,None,1,0,0,0,0.0000,NaN,NaN,NaN,0
84.51,Akash,AUIT_Single,CBA,0.761,1.746,0.940,1.8,12.7,-2.197,1.378,13.812,NaN,NaN,NaN,World,Video Quad,18.4,NaN,13.213,NaN,1,0,CabinetD06,None,1,0,0,0,0.0000,NaN,NaN,NaN,0
84.60,Akash,AUIT_Single,CBA,0.735,1.749,0.907,2.8,11.4,-2.197,1.378,13.812,NaN,NaN,NaN,World,Video Quad,18.3,NaN,13.239,NaN,1,0,CabinetD06,None,1,0,0,0,0.0000,NaN,NaN,NaN,0
84.70,Akash,AUIT_Single,CBA,0.707,1.753,0.875,4.4,10.3,-2.197,1.378,13.812,NaN,NaN,NaN,World,Video Quad,19.0,NaN,13.265,NaN,1,0,CabinetD06,None,1,0,0,0,0.0000,NaN,NaN,NaN,0
84.81,Akash,AUIT_Single,CBA,0.682,1.755,0.842,7.5,8.9,-2.197,1.378,13.812,NaN,NaN,NaN,World,Video Quad,21.2,NaN,13.291,NaN,1,0,CabinetD06,None,1,0,0,0,0.0000,NaN,NaN,NaN,0
84.91,Akash,AUIT_Single,CBA,0.663,1.755,0.824,11.9,8.3,-2.197,1.378,13.812,NaN,NaN,NaN,World,Video Quad,25.1,NaN,13.305,NaN,1,0,CabinetD06,None,0,0,0,0,0.0000,NaN,NaN,NaN,0
85.01,Akash,AUIT_Single,CBA,0.645,1.756,0.812,14.0,8.3,-2.197,1.378,13.812,NaN,NaN,NaN,World,Video Quad,27.0,NaN,13.312,NaN,1,0,CabinetD06,None,0,0,0,0,0.0000,NaN,NaN,NaN,0
85.10,Akash,AUIT_Single,CBA,0.632,1.758,0.805,11.7,8.2,-2.197,1.378,13.812,NaN,NaN,NaN,World,Video Quad,24.8,NaN,13.317,NaN,1,0,CabinetD06,None,1,0,0,0,0.0000,NaN,NaN,NaN,0
85.20,Akash,AUIT_Single,CBA,0.623,1.760,0.799,5.4,8.0,-2.197,1.378,13.812,NaN,NaN,NaN,World,CabinetD05,18.7,NaN,13.321,NaN,1,0,CabinetD06,None,1,0,0,0,0.0000,NaN,NaN,NaN,0
85.31,Akash,AUIT_Single,CBA,0.611,1.762,0.793,348.6,7.6,-2.197,1.378,13.812,NaN,NaN,NaN,World,CabinetD06,6.0,NaN,13.325,NaN,1,0,CabinetD06,None,1,0,0,0,0.0000,NaN,NaN,NaN,0
85.41,Akash,AUIT_Single,CBA,0.617,1.764,0.792,339.2,8.1,-2.197,1.378,13.812,NaN,NaN,NaN,World,CabinetD06,10.7,NaN,13.327,NaN,1,0,CabinetD06,None,1,0,0,0,0.0000,NaN,NaN,NaN,0
85.51,Akash,AUIT_Single,CBA,0.644,1.764,0.800,346.7,8.7,-2.197,1.378,13.812,NaN,NaN,NaN,World,CabinetD06,7.1,NaN,13.325,NaN,1,0,CabinetD06,None,1,0,0,0,0.0000,NaN,NaN,NaN,0
85.60,Akash,AUIT_Single,CBA,0.681,1.762,0.808,360.0,10.9,-2.197,1.378,13.812,NaN,NaN,NaN,World,CabinetD05,15.4,NaN,13.324,NaN,1,0,CabinetD06,None,1,0,0,0,0.0000,NaN,NaN,NaN,0
85.70,Akash,AUIT_Single,CBA,0.715,1.763,0.813,11.5,10.4,-2.197,1.378,13.812,NaN,NaN,NaN,World,Video Quad,25.5,NaN,13.327,NaN,1,0,CabinetD06,None,0,0,0,0,0.0000,NaN,NaN,NaN,0
85.81,Akash,AUIT_Single,CBA,0.743,1.761,0.813,20.9,10.7,-2.197,1.378,13.812,NaN,NaN,NaN,World,Video Quad,34.6,NaN,13.333,NaN,1,0,CabinetD06,None,0,0,0,0,0.0000,NaN,NaN,NaN,0
85.91,Akash,AUIT_Single,CBA,0.754,1.761,0.810,25.8,11.2,-2.197,1.378,13.812,NaN,NaN,NaN,World,Video Quad,39.5,NaN,13.339,NaN,1,0,CabinetD06,None,0,0,0,0,0.0000,NaN,NaN,NaN,0
86.01,Akash,AUIT_Single,CBA,0.755,1.761,0.808,25.3,10.8,-2.197,1.378,13.812,NaN,NaN,NaN,World,Video Quad,38.9,NaN,13.340,NaN,1,0,CabinetD06,None,0,0,0,0,0.0000,NaN,NaN,NaN,0
86.10,Akash,AUIT_Single,CBA,0.745,1.759,0.811,21.4,11.2,-2.197,1.378,13.812,NaN,NaN,NaN,World,Video Quad,35.2,NaN,13.335,NaN,1,0,CabinetD06,None,0,0,0,0,0.0000,NaN,NaN,NaN,0
86.20,Akash,AUIT_Single,CBA,0.732,1.758,0.814,15.9,11.6,-2.197,1.378,13.812,NaN,NaN,NaN,World,Video Quad,30.1,NaN,13.329,NaN,1,0,CabinetD06,None,0,0,0,0,0.0000,NaN,NaN,NaN,0
86.31,Akash,AUIT_Single,CBA,0.719,1.757,0.816,12.8,12.0,-2.197,1.378,13.812,NaN,NaN,NaN,World,Video Quad,27.2,NaN,13.325,NaN,1,0,CabinetD06,None,0,0,0,0,0.0000,NaN,NaN,NaN,0
86.41,Akash,AUIT_Single,CBA,0.709,1.756,0.816,12.2,12.2,-2.197,1.378,13.812,NaN,NaN,NaN,World,Video Quad,26.7,NaN,13.323,NaN,1,0,CabinetD06,None,0,0,0,0,0.0000,NaN,NaN,NaN,0
86.51,Akash,AUIT_Single,CBA,0.701,1.755,0.815,11.4,12.6,-2.197,1.378,13.812,NaN,NaN,NaN,World,Video Quad,26.2,NaN,13.322,NaN,1,0,CabinetD06,None,0,0,0,0,0.0000,NaN,NaN,NaN,0
86.60,Akash,AUIT_Single,CBA,0.693,1.754,0.812,10.1,13.0,-2.197,1.378,13.812,NaN,NaN,NaN,World,Video Quad,25.2,NaN,13.323,NaN,1,0,CabinetD06,None,0,0,0,0,0.0000,NaN,NaN,NaN,0
86.70,Akash,AUIT_Single,CBA,0.687,1.753,0.808,9.1,12.8,-2.197,1.378,13.812,NaN,NaN,NaN,World,Video Quad,24.2,NaN,13.326,NaN,1,0,CabinetD06,None,1,0,0,0,0.0000,NaN,NaN,NaN,0
86.81,Akash,AUIT_Single,CBA,0.682,1.753,0.803,8.5,12.9,-2.197,1.378,13.812,NaN,NaN,NaN,World,Video Quad,23.6,NaN,13.329,NaN,1,0,CabinetD06,None,1,0,0,0,0.0000,NaN,NaN,NaN,0
86.91,Akash,AUIT_Single,CBA,0.678,1.753,0.799,7.9,12.5,-2.197,1.378,13.812,NaN,NaN,NaN,World,Video Quad,22.9,NaN,13.333,NaN,1,0,CabinetD06,None,1,0,0,0,0.0000,NaN,NaN,NaN,0
87.01,Akash,AUIT_Single,CBA,0.676,1.755,0.794,7.5,11.8,-2.197,1.378,13.812,NaN,NaN,NaN,World,Video Quad,22.2,NaN,13.337,NaN,1,0,CabinetD06,None,1,0,0,0,0.0000,NaN,NaN,NaN,0
87.10,Akash,AUIT_Single,CBA,0.676,1.756,0.790,7.8,11.0,-2.197,1.378,13.812,NaN,NaN,NaN,World,Video Quad,22.2,NaN,13.341,NaN,1,0,CabinetD06,None,1,0,0,0,0.0000,NaN,NaN,NaN,0
87.20,Akash,AUIT_Single,CBA,0.677,1.756,0.786,7.9,10.4,-2.197,1.378,13.812,NaN,NaN,NaN,World,Video Quad,22.0,NaN,13.345,NaN,1,0,CabinetD06,None,1,0,0,0,0.0000,NaN,NaN,NaN,0
87.31,Akash,AUIT_Single,CBA,0.679,1.758,0.783,8.3,9.4,-2.197,1.378,13.812,NaN,NaN,NaN,World,Video Quad,22.0,NaN,13.349,NaN,1,0,CabinetD06,None,1,0,0,0,0.0000,NaN,NaN,NaN,0
87.41,Akash,AUIT_Single,CBA,0.681,1.760,0.780,9.3,8.2,-2.197,1.378,13.812,NaN,NaN,NaN,World,Video Quad,22.6,NaN,13.352,NaN,1,0,CabinetD06,None,1,0,0,0,0.0000,NaN,NaN,NaN,0
87.51,Akash,AUIT_Single,CBA,0.683,1.761,0.778,10.3,7.6,-2.197,1.378,13.812,NaN,NaN,NaN,World,Video Quad,23.5,NaN,13.354,NaN,1,0,CabinetD06,None,1,0,0,0,0.0000,NaN,NaN,NaN,0
87.60,Akash,AUIT_Single,CBA,0.680,1.760,0.779,7.5,7.9,-2.197,1.378,13.812,NaN,NaN,NaN,World,Video Quad,20.8,NaN,13.353,NaN,1,0,CabinetD06,None,1,0,0,0,0.0000,NaN,NaN,NaN,0
87.70,Akash,AUIT_Single,CBA,0.677,1.759,0.781,3.3,8.3,-2.197,1.378,13.812,NaN,NaN,NaN,World,Video Quad,17.0,NaN,13.350,NaN,1,0,CabinetD06,None,1,0,0,0,0.0000,NaN,NaN,NaN,0
87.81,Akash,AUIT_Single,CBA,0.678,1.758,0.782,3.6,8.8,-2.197,1.378,13.812,NaN,NaN,NaN,World,Video Quad,17.5,NaN,13.349,NaN,1,0,CabinetD06,None,1,0,0,0,0.0000,NaN,NaN,NaN,0
87.91,Akash,AUIT_Single,CBA,0.680,1.758,0.783,5.2,9.1,-2.197,1.378,13.812,NaN,NaN,NaN,World,Video Quad,19.1,NaN,13.348,NaN,1,0,CabinetD06,None,1,0,0,0,0.0000,NaN,NaN,NaN,0
88.01,Akash,AUIT_Single,CBA,0.681,1.758,0.784,6.5,9.2,-2.197,1.378,13.812,NaN,NaN,NaN,World,Video Quad,20.3,NaN,13.348,NaN,1,0,CabinetD06,None,1,0,0,0,0.0000,NaN,NaN,NaN,0
88.10,Akash,AUIT_Single,CBA,0.681,1.757,0.784,7.1,9.3,-2.197,1.378,13.812,NaN,NaN,NaN,World,Video Quad,20.9,NaN,13.347,NaN,1,0,CabinetD06,None,1,0,0,0,0.0000,NaN,NaN,NaN,0
88.20,Akash,AUIT_Single,CBA,0.680,1.758,0.785,7.1,9.2,-2.197,1.378,13.812,NaN,NaN,NaN,World,Video Quad,20.8,NaN,13.347,NaN,1,0,CabinetD06,None,1,0,0,0,0.0000,NaN,NaN,NaN,0
88.31,Akash,AUIT_Single,CBA,0.680,1.758,0.786,6.5,9.2,-2.197,1.378,13.812,NaN,NaN,NaN,World,Video Quad,20.3,NaN,13.346,NaN,1,0,CabinetD06,None,1,0,0,0,0.0000,NaN,NaN,NaN,0
88.41,Akash,AUIT_Single,CBA,0.678,1.759,0.787,5.0,8.7,-2.197,1.378,13.812,NaN,NaN,NaN,World,Video Quad,18.7,NaN,13.345,NaN,1,0,CabinetD06,None,1,0,0,0,0.0000,NaN,NaN,NaN,0
88.51,Akash,AUIT_Single,CBA,0.678,1.759,0.787,3.4,8.5,-2.197,1.378,13.812,NaN,NaN,NaN,World,Video Quad,17.2,NaN,13.344,NaN,1,0,CabinetD06,None,1,0,0,0,0.0000,NaN,NaN,NaN,0
88.60,Akash,AUIT_Single,CBA,0.679,1.759,0.788,3.4,8.7,-2.197,1.378,13.812,NaN,NaN,NaN,World,Video Quad,17.3,NaN,13.344,NaN,1,0,CabinetD06,None,1,0,0,0,0.0000,NaN,NaN,NaN,0
88.70,Akash,AUIT_Single,CBA,0.681,1.758,0.788,3.9,8.9,-2.197,1.378,13.812,NaN,NaN,NaN,World,Video Quad,17.8,NaN,13.344,NaN,1,0,CabinetD06,None,1,0,0,0,0.0000,NaN,NaN,NaN,0
88.81,Akash,AUIT_Single,CBA,0.682,1.759,0.787,4.1,8.7,-2.197,1.378,13.812,NaN,NaN,NaN,World,Video Quad,17.9,NaN,13.345,NaN,1,0,CabinetD06,None,1,0,0,0,0.0000,NaN,NaN,NaN,0
88.91,Akash,AUIT_Single,CBA,0.682,1.759,0.786,4.1,8.4,-2.197,1.378,13.812,NaN,NaN,NaN,World,Video Quad,17.9,NaN,13.346,NaN,1,0,CabinetD06,None,1,0,0,0,0.0000,NaN,NaN,NaN,0
89.01,Akash,AUIT_Single,CBA,0.683,1.760,0.786,4.3,7.6,-2.197,1.378,13.812,NaN,NaN,NaN,World,Video Quad,17.7,NaN,13.346,NaN,1,0,CabinetD06,None,1,0,0,0,0.0000,NaN,NaN,NaN,0
89.10,Akash,AUIT_Single,CBA,0.684,1.763,0.785,4.4,5.2,-2.197,1.378,13.812,NaN,NaN,NaN,World,Video Quad,17.2,NaN,13.347,NaN,1,0,CabinetD06,None,1,0,0,0,0.0000,NaN,NaN,NaN,0
89.20,Akash,AUIT_Single,CBA,0.684,1.764,0.785,4.3,4.7,-2.197,1.378,13.812,NaN,NaN,NaN,World,Video Quad,17.1,NaN,13.347,NaN,1,0,CabinetD06,None,1,0,0,0,0.0000,NaN,NaN,NaN,0
89.32,Akash,AUIT_Single,CBA,0.682,1.764,0.787,3.5,4.7,-2.197,1.378,13.812,NaN,NaN,NaN,World,Video Quad,16.2,NaN,13.345,NaN,1,0,CabinetD06,None,1,0,0,0,0.0000,NaN,NaN,NaN,0
89.41,Akash,AUIT_Single,CBA,0.678,1.768,0.789,1.0,1.6,-2.197,1.378,13.812,NaN,NaN,NaN,World,CabinetD05,13.5,NaN,13.343,NaN,1,0,CabinetD06,None,1,0,0,0,0.0000,NaN,NaN,NaN,0
89.51,Akash,AUIT_Single,CBA,0.673,1.771,0.790,359.5,359.7,-2.197,1.378,13.812,NaN,NaN,NaN,World,CabinetD05,12.1,NaN,13.341,NaN,1,0,CabinetD06,None,1,0,0,0,0.0000,NaN,NaN,NaN,0
89.60,Akash,AUIT_Single,CBA,0.670,1.771,0.791,359.4,359.8,-2.197,1.378,13.812,NaN,NaN,NaN,World,CabinetD05,11.9,NaN,13.339,NaN,1,0,CabinetD06,None,1,0,0,0,0.0000,NaN,NaN,NaN,0
89.70,Akash,AUIT_Single,CBA,0.667,1.769,0.792,359.7,1.1,-2.197,1.378,13.812,NaN,NaN,NaN,World,CabinetD05,12.1,NaN,13.337,NaN,1,0,CabinetD06,None,1,0,0,0,0.0000,NaN,NaN,NaN,0
89.81,Akash,AUIT_Single,CBA,0.659,1.767,0.790,356.9,2.3,-2.197,1.378,13.812,NaN,NaN,NaN,World,Wall4m,9.3,NaN,13.337,NaN,1,0,CabinetD06,None,1,0,0,0,0.0000,NaN,NaN,NaN,0
89.91,Akash,AUIT_Single,CBA,0.644,1.767,0.786,349.0,3.0,-2.197,1.378,13.812,NaN,NaN,NaN,World,CabinetD06,1.9,NaN,13.338,NaN,1,0,CabinetD06,None,1,0,0,0,0.0000,NaN,NaN,NaN,0
90.01,Akash,AUIT_Single,CBA,0.619,1.765,0.776,333.5,3.9,-2.197,1.378,13.812,NaN,NaN,NaN,World,CabinetD06,14.4,NaN,13.343,NaN,1,0,CabinetD06,None,1,0,0,0,0.0000,NaN,NaN,NaN,0
90.10,Akash,AUIT_Single,CBA,0.594,1.764,0.760,318.1,4.3,-2.197,1.378,13.812,NaN,NaN,NaN,World,CabinetD06Door,29.9,NaN,13.353,NaN,1,0,CabinetD06,None,0,0,0,0,0.0000,NaN,NaN,NaN,0
90.20,Akash,AUIT_Single,CBA,0.576,1.764,0.742,305.7,4.2,-2.197,1.378,13.812,NaN,NaN,NaN,World,Wall4m,42.3,NaN,13.367,NaN,1,0,CabinetD06,None,0,0,0,0,0.0000,NaN,NaN,NaN,0
90.31,Akash,AUIT_Single,CBA,0.564,1.764,0.726,297.5,4.6,-2.197,1.378,13.812,NaN,NaN,NaN,World,Refrigerator03_Door01,50.6,NaN,13.379,NaN,1,0,CabinetD06,None,0,0,0,0,0.0000,NaN,NaN,NaN,0
90.41,Akash,AUIT_Single,CBA,0.559,1.764,0.721,294.7,4.9,-2.197,1.378,13.812,NaN,NaN,NaN,World,Refrigerator03_Door01,53.4,NaN,13.384,NaN,1,0,CabinetD06,None,0,0,0,0,0.0000,NaN,NaN,NaN,0
90.51,Akash,AUIT_Single,CBA,0.559,1.764,0.722,295.3,4.8,-2.197,1.378,13.812,NaN,NaN,NaN,World,Refrigerator03_Door01,52.8,NaN,13.383,NaN,1,0,CabinetD06,None,0,0,0,0,0.0000,NaN,NaN,NaN,0
90.60,Akash,AUIT_Single,CBA,0.563,1.764,0.730,298.5,5.1,-2.197,1.378,13.812,NaN,NaN,NaN,World,Refrigerator03_Door01,49.6,NaN,13.375,NaN,1,0,CabinetD06,None,0,0,0,0,0.0000,NaN,NaN,NaN,0
90.72,Akash,AUIT_Single,CBA,0.568,1.764,0.739,303.9,5.2,-2.197,1.378,13.812,NaN,NaN,NaN,World,Wall4m,44.3,NaN,13.368,NaN,1,0,CabinetD06,None,0,0,0,0,0.0000,NaN,NaN,NaN,0
90.81,Akash,AUIT_Single,CBA,0.594,1.763,0.771,323.9,5.8,-2.197,1.378,13.812,NaN,NaN,NaN,World,Video Quad,24.3,NaN,13.342,NaN,1,0,CabinetD06,None,1,0,0,0,0.0000,NaN,NaN,NaN,0
90.91,Akash,AUIT_Single,CBA,0.615,1.761,0.787,335.3,7.0,-2.197,1.378,13.812,NaN,NaN,NaN,World,Video Quad,13.6,NaN,13.331,NaN,1,0,CabinetD06,None,1,0,0,0,0.0000,NaN,NaN,NaN,0
91.01,Akash,AUIT_Single,CBA,0.636,1.760,0.798,345.8,7.7,-2.197,1.378,13.812,NaN,NaN,NaN,World,Video Quad,6.3,NaN,13.324,NaN,1,0,CabinetD06,None,1,0,0,0,0.0000,NaN,NaN,NaN,0
91.10,Akash,AUIT_Single,CBA,0.658,1.759,0.806,355.5,7.9,-2.197,1.378,13.812,NaN,NaN,NaN,World,Wall4m,10.0,NaN,13.322,NaN,1,0,CabinetD06,None,1,0,0,0,0.0000,NaN,NaN,NaN,0
91.20,Akash,AUIT_Single,CBA,0.675,1.758,0.809,2.2,8.3,-2.197,1.378,13.812,NaN,NaN,NaN,World,CabinetD05,16.0,NaN,13.322,NaN,1,0,CabinetD06,None,1,0,0,0,0.0000,NaN,NaN,NaN,0
91.31,Akash,AUIT_Single,CBA,0.684,1.758,0.810,3.8,8.3,-2.197,1.378,13.812,NaN,NaN,NaN,World,CabinetD05,17.5,NaN,13.323,NaN,1,0,CabinetD06,None,1,0,0,0,0.0000,NaN,NaN,NaN,0
91.41,Akash,AUIT_Single,CBA,0.685,1.759,0.810,0.7,7.7,-2.197,1.378,13.812,NaN,NaN,NaN,World,CabinetD05,14.5,NaN,13.324,NaN,1,0,CabinetD06,None,1,0,0,0,0.0000,NaN,NaN,NaN,0
91.51,Akash,AUIT_Single,CBA,0.677,1.760,0.807,354.4,7.0,-2.197,1.378,13.812,NaN,NaN,NaN,World,Wall4m,8.7,NaN,13.324,NaN,1,0,CabinetD06,None,1,0,0,0,0.0000,NaN,NaN,NaN,0
91.60,Akash,AUIT_Single,CBA,0.668,1.760,0.804,349.3,7.0,-2.197,1.378,13.812,NaN,NaN,NaN,World,CabinetD06,5.6,NaN,13.326,NaN,1,0,CabinetD06,None,1,0,0,0,0.0000,NaN,NaN,NaN,0
91.70,Akash,AUIT_Single,CBA,0.660,1.761,0.799,346.6,6.9,-2.197,1.378,13.812,NaN,NaN,NaN,World,CabinetD06,5.3,NaN,13.328,NaN,1,0,CabinetD06,None,1,0,0,0,0.0000,NaN,NaN,NaN,0
91.81,Akash,AUIT_Single,CBA,0.652,1.762,0.794,344.1,6.4,-2.197,1.378,13.812,NaN,NaN,NaN,World,Video Quad,6.0,NaN,13.332,NaN,1,0,CabinetD06,None,1,0,0,0,0.0000,NaN,NaN,NaN,0
91.91,Akash,AUIT_Single,CBA,0.646,1.763,0.790,341.7,5.9,-2.197,1.378,13.812,NaN,NaN,NaN,World,Video Quad,7.3,NaN,13.335,NaN,1,0,CabinetD06,None,1,0,0,0,0.0000,NaN,NaN,NaN,0
92.01,Akash,AUIT_Single,CBA,0.641,1.763,0.787,339.1,6.0,-2.197,1.378,13.812,NaN,NaN,NaN,World,Video Quad,9.6,NaN,13.337,NaN,1,0,CabinetD06,None,1,0,0,0,0.0000,NaN,NaN,NaN,0
92.10,Akash,AUIT_Single,CBA,0.637,1.762,0.785,338.0,6.1,-2.197,1.378,13.812,NaN,NaN,NaN,World,Video Quad,10.6,NaN,13.337,NaN,1,0,CabinetD06,None,1,0,0,0,0.0000,NaN,NaN,NaN,0
92.20,Akash,AUIT_Single,CBA,0.634,1.762,0.785,338.7,6.4,-2.197,1.378,13.812,NaN,NaN,NaN,World,Video Quad,10.1,NaN,13.337,NaN,1,0,CabinetD06,None,1,0,0,0,0.0000,NaN,NaN,NaN,0
92.31,Akash,AUIT_Single,CBA,0.633,1.762,0.786,342.1,6.7,-2.197,1.378,13.812,NaN,NaN,NaN,World,Video Quad,7.6,NaN,13.336,NaN,1,0,CabinetD06,None,1,0,0,0,0.0000,NaN,NaN,NaN,0
92.41,Akash,AUIT_Single,CBA,0.638,1.762,0.788,348.8,6.7,-2.197,1.378,13.812,NaN,NaN,NaN,World,CabinetD06,5.1,NaN,13.335,NaN,1,0,CabinetD06,None,1,0,0,0,0.0000,NaN,NaN,NaN,0
92.51,Akash,AUIT_Single,CBA,0.646,1.761,0.789,356.4,7.1,-2.197,1.378,13.812,NaN,NaN,NaN,World,Wall4m,10.2,NaN,13.335,NaN,1,0,CabinetD06,None,1,0,0,0,0.0000,NaN,NaN,NaN,0
92.60,Akash,AUIT_Single,CBA,0.655,1.761,0.791,2.1,7.0,-2.197,1.378,13.812,NaN,NaN,NaN,World,CabinetD05,15.4,NaN,13.336,NaN,1,0,CabinetD06,None,1,0,0,0,0.0000,NaN,NaN,NaN,0
92.70,Akash,AUIT_Single,CBA,0.664,1.761,0.792,5.4,7.4,-2.197,1.378,13.812,NaN,NaN,NaN,World,CabinetD05,18.7,NaN,13.336,NaN,1,0,CabinetD06,None,1,0,0,0,0.0000,NaN,NaN,NaN,0
92.81,Akash,AUIT_Single,CBA,0.674,1.761,0.796,6.2,7.4,-2.197,1.378,13.812,NaN,NaN,NaN,World,CabinetD05,19.4,NaN,13.334,NaN,1,0,CabinetD06,None,1,0,0,0,0.0000,NaN,NaN,NaN,0
92.91,Akash,AUIT_Single,CBA,0.683,1.763,0.805,5.5,6.5,-2.197,1.378,13.812,NaN,NaN,NaN,World,CabinetD05,18.5,NaN,13.328,NaN,1,0,CabinetD06,None,1,0,0,0,0.0000,NaN,NaN,NaN,0
93.01,Akash,AUIT_Single,CBA,0.693,1.765,0.819,3.9,5.8,-2.197,1.378,13.812,NaN,NaN,NaN,World,CabinetD05,16.9,NaN,13.317,NaN,1,0,CabinetD06,None,1,0,0,0,0.0000,NaN,NaN,NaN,0
93.10,Akash,AUIT_Single,CBA,0.701,1.767,0.834,2.3,5.3,-2.197,1.378,13.812,NaN,NaN,NaN,World,CabinetD05,15.3,NaN,13.303,NaN,1,0,CabinetD06,None,1,0,0,0,0.0000,NaN,NaN,NaN,0
93.20,Akash,AUIT_Single,CBA,0.707,1.767,0.849,1.2,3.5,-2.197,1.378,13.812,NaN,NaN,NaN,World,CabinetD05,13.9,NaN,13.290,NaN,1,0,CabinetD06,None,1,0,0,0,0.0000,NaN,NaN,NaN,0
93.31,Akash,AUIT_Single,CBA,0.708,1.769,0.859,0.6,2.9,-2.197,1.378,13.812,NaN,NaN,NaN,World,CabinetD05,13.3,NaN,13.281,NaN,1,0,CabinetD06,None,1,0,0,0,0.0000,NaN,NaN,NaN,0
93.41,Akash,AUIT_Single,CBA,0.700,1.768,0.865,0.7,1.7,-2.197,1.378,13.812,NaN,NaN,NaN,World,Video Quad,13.3,NaN,13.273,NaN,1,0,CabinetD06,None,1,0,0,0,0.0000,NaN,NaN,NaN,0
93.51,Akash,AUIT_Single,CBA,0.683,1.766,0.863,1.9,4.0,-2.197,1.378,13.812,NaN,NaN,NaN,World,Video Quad,14.6,NaN,13.272,NaN,1,0,CabinetD06,None,1,0,0,0,0.0000,NaN,NaN,NaN,0
93.60,Akash,AUIT_Single,CBA,0.663,1.767,0.858,3.5,4.1,-2.197,1.378,13.812,NaN,NaN,NaN,World,Video Quad,16.1,NaN,13.272,NaN,1,0,CabinetD06,None,1,0,0,0,0.0000,NaN,NaN,NaN,0
93.70,Akash,AUIT_Single,CBA,0.643,1.766,0.855,6.3,4.6,-2.197,1.378,13.812,NaN,NaN,NaN,World,Video Quad,18.9,NaN,13.271,NaN,1,0,CabinetD06,None,1,0,0,0,0.0000,NaN,NaN,NaN,0
93.81,Akash,AUIT_Single,CBA,0.627,1.760,0.855,10.6,7.3,-2.197,1.378,13.812,NaN,NaN,NaN,World,Video Quad,23.5,NaN,13.267,NaN,1,0,CabinetD06,None,1,0,0,0,0.0000,NaN,NaN,NaN,0
93.91,Akash,AUIT_Single,CBA,0.621,1.755,0.857,14.7,9.8,-2.197,1.378,13.812,NaN,NaN,NaN,World,CabinetD05,28.0,NaN,13.264,NaN,1,0,CabinetD06,None,0,0,0,0,0.0000,NaN,NaN,NaN,0
94.01,Akash,AUIT_Single,CBA,0.626,1.752,0.862,18.2,11.5,-2.197,1.378,13.812,NaN,NaN,NaN,World,CabinetD05,31.8,NaN,13.260,NaN,1,0,CabinetD06,None,0,0,0,0,0.0000,NaN,NaN,NaN,0
94.10,Akash,AUIT_Single,CBA,0.638,1.750,0.871,20.1,12.2,-2.197,1.378,13.812,NaN,NaN,NaN,World,CabinetD05,33.9,NaN,13.253,NaN,1,0,CabinetD06,None,0,0,0,0,0.0000,NaN,NaN,NaN,0
94.20,Akash,AUIT_Single,CBA,0.656,1.747,0.883,21.1,13.9,-2.197,1.378,13.812,NaN,NaN,NaN,World,CabinetD05,35.4,NaN,13.246,NaN,1,0,CabinetD06,None,0,0,0,0,0.0000,NaN,NaN,NaN,0
94.31,Akash,AUIT_Single,CBA,0.681,1.745,0.898,21.2,15.5,-2.197,1.378,13.812,NaN,NaN,NaN,World,CabinetD05,36.1,NaN,13.236,NaN,1,0,CabinetD06,None,0,0,0,0,0.0000,NaN,NaN,NaN,0
94.41,Akash,AUIT_Single,CBA,0.704,1.745,0.913,20.4,15.9,-2.197,1.378,13.812,NaN,NaN,NaN,World,CabinetD05,35.6,NaN,13.226,NaN,1,0,CabinetD06,None,0,0,0,0,0.0000,NaN,NaN,NaN,0
94.51,Akash,AUIT_Single,CBA,0.728,1.744,0.931,19.4,16.5,-2.197,1.378,13.812,NaN,NaN,NaN,World,CabinetD05,35.0,NaN,13.215,NaN,1,0,CabinetD06,None,0,0,0,0,0.0000,NaN,NaN,NaN,0
94.60,Akash,AUIT_Single,CBA,0.751,1.742,0.949,18.1,16.7,-2.197,1.378,13.812,NaN,NaN,NaN,World,CabinetD05,34.0,NaN,13.202,NaN,1,0,CabinetD06,None,0,0,0,0,0.0000,NaN,NaN,NaN,0
94.70,Akash,AUIT_Single,CBA,0.770,1.739,0.967,16.6,17.3,-2.197,1.378,13.812,NaN,NaN,NaN,World,CabinetD05,33.1,NaN,13.189,NaN,1,0,CabinetD06,None,0,0,0,0,0.0000,NaN,NaN,NaN,0
94.81,Akash,AUIT_Single,CBA,0.784,1.736,0.984,14.8,18.3,-2.197,1.378,13.812,NaN,NaN,NaN,World,CabinetD05,32.1,NaN,13.175,NaN,1,0,CabinetD06,None,0,0,0,0,0.0000,NaN,NaN,NaN,0
94.91,Akash,AUIT_Single,CBA,0.793,1.733,0.997,13.2,18.9,-2.197,1.378,13.812,NaN,NaN,NaN,World,CabinetD05,31.1,NaN,13.164,NaN,1,0,CabinetD06,None,0,0,0,0,0.0000,NaN,NaN,NaN,0
95.01,Akash,AUIT_Single,CBA,0.800,1.730,1.007,12.2,19.6,-2.197,1.378,13.812,NaN,NaN,NaN,World,CabinetD05,30.7,NaN,13.156,NaN,1,0,CabinetD06,None,0,0,0,0,0.0000,NaN,NaN,NaN,0
95.10,Akash,AUIT_Single,CBA,0.805,1.727,1.011,12.1,20.6,-2.197,1.378,13.812,NaN,NaN,NaN,World,CabinetD05,31.2,NaN,13.153,NaN,1,0,CabinetD06,None,0,0,0,0,0.0000,NaN,NaN,NaN,0
95.20,Akash,AUIT_Single,CBA,0.806,1.726,1.012,12.1,20.7,-2.197,1.378,13.812,NaN,NaN,NaN,World,Wall4m,31.3,NaN,13.153,NaN,1,0,CabinetD06,None,0,0,0,0,0.0000,NaN,NaN,NaN,0
95.31,Akash,AUIT_Single,CBA,0.801,1.731,1.005,11.5,19.1,-2.197,1.378,13.812,NaN,NaN,NaN,World,CabinetD05,29.9,NaN,13.158,NaN,1,0,CabinetD06,None,0,0,0,0,0.0000,NaN,NaN,NaN,0
95.41,Akash,AUIT_Single,CBA,0.792,1.739,0.995,10.1,16.1,-2.197,1.378,13.812,NaN,NaN,NaN,World,Video Quad,27.2,NaN,13.166,NaN,1,0,CabinetD06,None,0,0,0,0,0.0000,NaN,NaN,NaN,0
95.51,Akash,AUIT_Single,CBA,0.778,1.748,0.981,8.3,11.9,-2.197,1.378,13.812,NaN,NaN,NaN,World,Video Quad,23.5,NaN,13.177,NaN,1,0,CabinetD06,None,1,0,0,0,0.0000,NaN,NaN,NaN,0
95.60,Akash,AUIT_Single,CBA,0.764,1.757,0.967,7.6,8.6,-2.197,1.378,13.812,NaN,NaN,NaN,World,Video Quad,21.6,NaN,13.188,NaN,1,0,CabinetD06,None,1,0,0,0,0.0000,NaN,NaN,NaN,0
95.70,Akash,AUIT_Single,CBA,0.750,1.762,0.953,7.0,6.8,-2.197,1.378,13.812,NaN,NaN,NaN,World,Video Quad,20.5,NaN,13.198,NaN,1,0,CabinetD06,None,1,0,0,0,0.0000,NaN,NaN,NaN,0
95.81,Akash,AUIT_Single,CBA,0.733,1.765,0.938,7.2,5.9,-2.197,1.378,13.812,NaN,NaN,NaN,World,Video Quad,20.4,NaN,13.209,NaN,1,0,CabinetD06,None,1,0,0,0,0.0000,NaN,NaN,NaN,0
95.91,Akash,AUIT_Single,CBA,0.719,1.766,0.927,7.0,5.3,-2.197,1.378,13.812,NaN,NaN,NaN,World,Video Quad,20.1,NaN,13.217,NaN,1,0,CabinetD06,None,1,0,0,0,0.0000,NaN,NaN,NaN,0
96.01,Akash,AUIT_Single,CBA,0.706,1.768,0.919,7.0,4.3,-2.197,1.378,13.812,NaN,NaN,NaN,World,Video Quad,19.8,NaN,13.222,NaN,1,0,CabinetD06,None,1,0,0,0,0.0000,NaN,NaN,NaN,0
96.10,Akash,AUIT_Single,CBA,0.695,1.767,0.912,7.7,4.5,-2.197,1.378,13.812,NaN,NaN,NaN,World,Video Quad,20.5,NaN,13.226,NaN,1,0,CabinetD06,None,1,0,0,0,0.0000,NaN,NaN,NaN,0
96.20,Akash,AUIT_Single,CBA,0.690,1.765,0.906,10.7,6.0,-2.197,1.378,13.812,NaN,NaN,NaN,World,Video Quad,23.6,NaN,13.230,NaN,1,0,CabinetD06,None,1,0,0,0,0.0000,NaN,NaN,NaN,0
96.31,Akash,AUIT_Single,CBA,0.687,1.765,0.898,14.6,5.3,-2.197,1.378,13.812,NaN,NaN,NaN,World,Video Quad,27.4,NaN,13.238,NaN,1,0,CabinetD06,None,0,0,0,0,0.0000,NaN,NaN,NaN,0
96.41,Akash,AUIT_Single,CBA,0.685,1.765,0.891,16.9,5.5,-2.197,1.378,13.812,NaN,NaN,NaN,World,Video Quad,29.7,NaN,13.244,NaN,1,0,CabinetD06,None,0,0,0,0,0.0000,NaN,NaN,NaN,0
96.51,Akash,AUIT_Single,CBA,0.684,1.762,0.885,19.7,6.9,-2.197,1.378,13.812,NaN,NaN,NaN,World,Video Quad,32.6,NaN,13.250,NaN,1,0,CabinetD06,None,0,0,0,0,0.0000,NaN,NaN,NaN,0
96.60,Akash,AUIT_Single,CBA,0.685,1.758,0.879,23.9,8.8,-2.197,1.378,13.812,NaN,NaN,NaN,World,Video Quad,37.0,NaN,13.256,NaN,1,0,CabinetD06,None,0,0,0,0,0.0000,NaN,NaN,NaN,0
96.70,Akash,AUIT_Single,CBA,0.686,1.755,0.875,27.1,10.2,-2.197,1.378,13.812,NaN,NaN,NaN,World,Video Quad,40.3,NaN,13.260,NaN,1,0,CabinetD06,None,0,0,0,0,0.0000,NaN,NaN,NaN,0
96.81,Akash,AUIT_Single,CBA,0.683,1.753,0.872,28.1,10.5,-2.197,1.378,13.812,NaN,NaN,NaN,World,Video Quad,41.4,NaN,13.263,NaN,1,0,CabinetD06,None,0,0,0,0,0.0000,NaN,NaN,NaN,0
96.91,Akash,AUIT_Single,CBA,0.676,1.751,0.870,28.5,10.9,-2.197,1.378,13.812,NaN,NaN,NaN,World,Video Quad,41.8,NaN,13.262,NaN,1,0,CabinetD06,None,0,0,0,0,0.0000,NaN,NaN,NaN,0
97.01,Akash,AUIT_Single,CBA,0.669,1.748,0.871,28.3,12.2,-2.197,1.378,13.812,NaN,NaN,NaN,World,Video Quad,41.8,NaN,13.260,NaN,1,0,CabinetD06,None,0,0,0,0,0.0000,NaN,NaN,NaN,0
97.10,Akash,AUIT_Single,CBA,0.665,1.745,0.874,28.4,13.7,-2.197,1.378,13.812,NaN,NaN,NaN,World,Video Quad,42.1,NaN,13.256,NaN,1,0,CabinetD06,None,0,0,0,0,0.0000,NaN,NaN,NaN,0
97.20,Akash,AUIT_Single,CBA,0.666,1.743,0.880,27.3,14.9,-2.197,1.378,13.812,NaN,NaN,NaN,World,Video Quad,41.5,NaN,13.250,NaN,1,0,CabinetD06,None,0,0,0,0,0.0000,NaN,NaN,NaN,0
97.31,Akash,AUIT_Single,CBA,0.672,1.741,0.891,24.5,15.9,-2.197,1.378,13.812,NaN,NaN,NaN,World,CabinetD05,39.1,NaN,13.241,NaN,1,0,CabinetD06,None,0,0,0,0,0.0000,NaN,NaN,NaN,0
97.41,Akash,AUIT_Single,CBA,0.684,1.740,0.904,22.6,16.6,-2.197,1.378,13.812,NaN,NaN,NaN,World,CabinetD05,37.7,NaN,13.231,NaN,1,0,CabinetD06,None,0,0,0,0,0.0000,NaN,NaN,NaN,0
97.51,Akash,AUIT_Single,CBA,0.698,1.739,0.920,21.4,17.2,-2.197,1.378,13.812,NaN,NaN,NaN,World,CabinetD05,37.0,NaN,13.218,NaN,1,0,CabinetD06,None,0,0,0,0,0.0000,NaN,NaN,NaN,0
97.61,Akash,AUIT_Single,CBA,0.714,1.737,0.939,19.7,18.2,-2.197,1.378,13.812,NaN,NaN,NaN,World,CabinetD05,35.9,NaN,13.204,NaN,1,0,CabinetD06,None,0,0,0,0,0.0000,NaN,NaN,NaN,0
97.70,Akash,AUIT_Single,CBA,0.734,1.734,0.961,17.9,18.6,-2.197,1.378,13.812,NaN,NaN,NaN,World,CabinetD05,34.6,NaN,13.186,NaN,1,0,CabinetD06,None,0,0,0,0,0.0000,NaN,NaN,NaN,0
97.81,Akash,AUIT_Single,CBA,0.760,1.727,0.990,16.9,19.8,-2.197,1.378,13.812,NaN,NaN,NaN,World,Wall4m,34.4,NaN,13.164,NaN,1,0,CabinetD06,None,0,0,0,0,0.0000,NaN,NaN,NaN,0
97.91,Akash,AUIT_Single,CBA,0.781,1.716,1.008,17.0,21.8,-2.197,1.378,13.812,NaN,NaN,NaN,World,Wall4m,35.7,NaN,13.151,NaN,1,0,CabinetD06,None,0,0,0,0,0.0000,NaN,NaN,NaN,0
98.01,Akash,AUIT_Single,CBA,0.797,1.708,1.011,18.5,24.4,-2.197,1.378,13.812,NaN,NaN,NaN,World,Wall4m,38.2,NaN,13.151,NaN,1,0,CabinetD06,None,0,0,0,0,0.0000,NaN,NaN,NaN,0
98.10,Akash,AUIT_Single,CBA,0.809,1.709,1.000,21.2,24.3,-2.197,1.378,13.812,NaN,NaN,NaN,World,Wall4m,40.3,NaN,13.164,NaN,1,0,CabinetD06,None,0,0,0,0,0.0000,NaN,NaN,NaN,0
98.20,Akash,AUIT_Single,CBA,0.819,1.714,0.979,27.7,24.1,-2.197,1.378,13.812,NaN,NaN,NaN,World,CabinetD05Door,45.6,NaN,13.187,NaN,1,0,CabinetD06,None,0,0,0,0,0.0000,NaN,NaN,NaN,0
98.31,Akash,AUIT_Single,CBA,0.824,1.713,0.952,37.4,23.5,-2.197,1.378,13.812,NaN,NaN,NaN,World,CabinetDCorner02,53.8,NaN,13.215,NaN,1,0,CabinetD06,None,0,0,0,0,0.0000,NaN,NaN,NaN,0
98.41,Akash,AUIT_Single,CBA,0.826,1.710,0.932,44.3,24.1,-2.197,1.378,13.812,NaN,NaN,NaN,World,KitchenOven07,60.0,NaN,13.234,NaN,1,0,CabinetD06,None,0,0,0,0,0.0000,NaN,NaN,NaN,0
98.52,Akash,AUIT_Single,CBA,0.828,1.709,0.923,45.6,25.0,-2.197,1.378,13.812,NaN,NaN,NaN,World,KitchenOven07,61.3,NaN,13.244,NaN,1,0,CabinetD06,None,0,0,0,0,0.0000,NaN,NaN,NaN,0
98.60,Akash,AUIT_Single,CBA,0.842,1.706,0.904,47.3,25.5,-2.197,1.378,13.812,NaN,NaN,NaN,World,KitchenOven07,63.0,NaN,13.265,NaN,1,0,CabinetD05,None,0,0,0,0,0.0000,NaN,NaN,NaN,0
98.70,Akash,AUIT_Single,CBA,0.864,1.702,0.891,46.7,25.6,-2.197,1.378,13.812,NaN,NaN,NaN,World,KitchenOven07,62.5,NaN,13.283,NaN,1,0,CabinetD05,None,0,0,0,0,0.0000,NaN,NaN,NaN,0
98.81,Akash,AUIT_Single,CBA,0.900,1.698,0.874,45.2,25.9,-2.197,1.378,13.812,NaN,NaN,NaN,World,KitchenOven07,61.5,NaN,13.308,NaN,1,0,CabinetD05,None,0,0,0,0,0.0000,NaN,NaN,NaN,0
98.91,Akash,AUIT_Single,CBA,0.946,1.690,0.862,43.7,25.5,-2.197,1.378,13.812,NaN,NaN,NaN,World,KitchenOven07,60.2,NaN,13.330,NaN,1,0,CabinetD05,None,0,0,0,0,0.0000,NaN,NaN,NaN,0
99.01,Akash,AUIT_Single,CBA,1.005,1.676,0.851,42.5,25.9,-2.197,1.378,13.812,NaN,NaN,NaN,World,KitchenOven07,59.5,NaN,13.355,NaN,1,0,CabinetD05,None,0,0,0,0,0.0000,NaN,NaN,NaN,0
99.13,Akash,AUIT_Single,CBA,1.054,1.665,0.846,42.2,26.3,-2.197,1.378,13.812,NaN,NaN,NaN,World,KitchenOven07,59.5,NaN,13.371,NaN,1,0,CabinetD05,None,0,0,0,0,0.0000,NaN,NaN,NaN,0
99.20,Akash,AUIT_Single,CBA,1.122,1.644,0.848,43.4,27.7,-2.197,1.378,13.812,NaN,NaN,NaN,World,KitchenOven07,61.2,NaN,13.385,NaN,1,0,CabinetD05,None,0,0,0,0,0.0000,NaN,NaN,NaN,0
99.31,Akash,AUIT_Single,CBA,1.162,1.630,0.861,43.4,28.9,-2.197,1.378,13.812,NaN,NaN,NaN,World,KitchenOven07,61.7,NaN,13.382,NaN,1,0,CabinetD05,None,0,0,0,0,0.0000,NaN,NaN,NaN,0
99.41,Akash,AUIT_Single,CBA,1.177,1.623,0.872,42.3,28.4,-2.197,1.378,13.812,NaN,NaN,NaN,World,KitchenOven07,60.7,NaN,13.375,NaN,1,0,CabinetD05,None,0,0,0,0,0.0000,NaN,NaN,NaN,0
99.51,Akash,AUIT_Single,CBA,1.179,1.606,0.878,40.8,27.3,-2.197,1.378,13.812,NaN,NaN,NaN,World,KitchenOven07,59.2,NaN,13.370,NaN,1,0,CabinetD05,None,0,0,0,0,0.0000,NaN,NaN,NaN,0
99.60,Akash,AUIT_Single,CBA,1.189,1.586,0.892,36.5,26.3,-2.197,1.378,13.812,NaN,NaN,NaN,World,KitchenOven07,55.3,NaN,13.358,NaN,1,0,CabinetD05Door,None,0,0,0,0,0.0000,NaN,NaN,NaN,0
99.77,Akash,AUIT_Single,CBA,1.217,1.548,0.920,32.5,25.4,-2.197,1.378,13.812,NaN,NaN,NaN,World,KitchenOven07,51.9,NaN,13.338,NaN,1,0,CabinetD05Door,None,0,0,0,0,0.0000,NaN,NaN,NaN,0
99.80,Akash,AUIT_Single,CBA,1.240,1.512,0.942,30.6,25.1,-2.197,1.378,13.812,NaN,NaN,NaN,World,KitchenOven07,50.3,NaN,13.322,NaN,1,0,CabinetD05Door,None,0,0,0,0,0.0000,NaN,NaN,NaN,0
99.91,Akash,AUIT_Single,CBA,1.277,1.461,0.979,29.7,26.9,-2.197,1.378,13.812,NaN,NaN,NaN,World,KitchenOven07,50.5,NaN,13.295,NaN,1,0,CabinetD05Door,None,0,0,0,0,0.0000,NaN,NaN,NaN,0
100.01,Akash,AUIT_Single,CBA,1.304,1.425,1.014,28.7,27.6,-2.197,1.378,13.812,NaN,NaN,NaN,World,KitchenOven07,50.2,NaN,13.268,NaN,1,0,Wall4m,None,0,0,0,0,0.0000,NaN,NaN,NaN,0
100.10,Akash,AUIT_Single,CBA,1.324,1.396,1.046,26.8,27.4,-2.197,1.378,13.812,NaN,NaN,NaN,World,KitchenOven07,48.9,NaN,13.243,NaN,1,0,Wall4m,None,0,0,0,0,0.0000,NaN,NaN,NaN,0
100.20,Akash,AUIT_Single,CBA,1.344,1.370,1.073,25.8,25.9,-2.197,1.378,13.812,NaN,NaN,NaN,World,KitchenOven07,47.5,NaN,13.222,NaN,1,0,Wall4m,None,0,0,0,0,0.0000,NaN,NaN,NaN,0
100.31,Akash,AUIT_Single,CBA,1.358,1.345,1.089,25.8,25.2,-2.197,1.378,13.812,NaN,NaN,NaN,World,KitchenOven07,47.4,NaN,13.210,NaN,1,0,Wall4m,None,0,0,0,0,0.0000,NaN,NaN,NaN,0
100.41,Akash,AUIT_Single,CBA,1.375,1.293,1.115,24.3,27.0,-2.197,1.378,13.812,NaN,NaN,NaN,World,KitchenOven07,47.2,NaN,13.190,NaN,1,0,Wall4m,None,0,0,0,0,0.0000,NaN,NaN,NaN,0
100.51,Akash,AUIT_Single,CBA,1.383,1.264,1.129,23.5,26.2,-2.197,1.378,13.812,NaN,NaN,NaN,World,KitchenOven07,46.3,NaN,13.180,NaN,1,0,Wall4m,None,0,0,0,0,0.0000,NaN,NaN,NaN,0
100.60,Akash,AUIT_Single,CBA,1.390,1.239,1.140,23.1,25.0,-2.197,1.378,13.812,NaN,NaN,NaN,World,KitchenOven07,45.5,NaN,13.171,NaN,1,0,Wall4m,None,0,0,0,0,0.0000,NaN,NaN,NaN,0
100.70,Akash,AUIT_Single,CBA,1.395,1.214,1.150,22.8,23.4,-2.197,1.378,13.812,NaN,NaN,NaN,World,KitchenOven07,44.6,NaN,13.163,NaN,1,0,Wall4m,None,0,0,0,0,0.0000,NaN,NaN,NaN,0
100.81,Akash,AUIT_Single,CBA,1.401,1.181,1.162,22.3,22.7,-2.197,1.378,13.812,NaN,NaN,NaN,World,KitchenOven07,44.0,NaN,13.153,NaN,1,0,Wall4m,None,0,0,0,0,0.0000,NaN,NaN,NaN,0
100.91,Akash,AUIT_Single,CBA,1.407,1.149,1.172,21.7,25.8,-2.197,1.378,13.812,NaN,NaN,NaN,World,KitchenOven07,45.1,NaN,13.146,NaN,1,0,Wall4m,None,0,0,0,0,0.0000,NaN,NaN,NaN,0
101.01,Akash,AUIT_Single,CBA,1.412,1.134,1.179,22.0,30.1,-2.197,1.378,13.812,NaN,NaN,NaN,World,CabinetDCorner01,47.7,NaN,13.141,NaN,1,0,Wall4m,None,0,0,0,0,0.0000,NaN,NaN,NaN,0
101.10,Akash,AUIT_Single,CBA,1.417,1.140,1.181,22.4,32.2,-2.197,1.378,13.812,NaN,NaN,NaN,World,KitchenOven07,49.2,NaN,13.140,NaN,1,0,Wall4m,None,0,0,0,0,0.0000,NaN,NaN,NaN,0
101.20,Akash,AUIT_Single,CBA,1.424,1.167,1.175,23.5,31.7,-2.197,1.378,13.812,NaN,NaN,NaN,World,KitchenOven07,49.6,NaN,13.147,NaN,1,0,Wall4m,None,0,0,0,0,0.0000,NaN,NaN,NaN,0
101.31,Akash,AUIT_Single,CBA,1.433,1.212,1.162,24.5,31.3,-2.197,1.378,13.812,NaN,NaN,NaN,World,KitchenOven07,49.9,NaN,13.162,NaN,1,0,Wall4m,None,0,0,0,0,0.0000,NaN,NaN,NaN,0
101.41,Akash,AUIT_Single,CBA,1.443,1.247,1.145,29.6,31.7,-2.197,1.378,13.812,NaN,NaN,NaN,World,KitchenOven07,53.9,NaN,13.181,NaN,1,0,Wall4m,None,0,0,0,0,0.0000,NaN,NaN,NaN,0
101.50,Akash,AUIT_Single,CBA,1.459,1.260,1.120,38.7,36.1,-2.197,1.378,13.812,NaN,NaN,NaN,World,KitchenOven07,62.5,NaN,13.209,NaN,1,0,Wall4m,None,0,0,0,0,0.0000,NaN,NaN,NaN,0
101.60,Akash,AUIT_Single,CBA,1.475,1.263,1.094,45.9,39.7,-2.197,1.378,13.812,NaN,NaN,NaN,World,KitchenOven07,69.1,NaN,13.238,NaN,1,0,Wall4m,None,0,0,0,0,0.0000,NaN,NaN,NaN,0
101.70,Akash,AUIT_Single,CBA,1.489,1.262,1.066,50.7,41.2,-2.197,1.378,13.812,NaN,NaN,NaN,World,KitchenOven07,73.1,NaN,13.269,NaN,1,0,Wall4m,None,0,0,0,0,0.0000,NaN,NaN,NaN,0
101.81,Akash,AUIT_Single,CBA,1.502,1.251,1.033,57.1,40.6,-2.197,1.378,13.812,NaN,NaN,NaN,World,KitchenOven07,77.8,NaN,13.305,NaN,1,0,Wall4m,None,0,0,0,0,0.0000,NaN,NaN,NaN,0
101.95,Akash,AUIT_Single,CBA,1.508,1.234,1.011,60.1,41.7,-2.197,1.378,13.812,NaN,NaN,NaN,World,Floor,80.2,NaN,13.327,NaN,1,0,Wall4m,None,0,0,0,0,0.0000,NaN,NaN,NaN,0
102.00,Akash,AUIT_Single,CBA,1.513,1.208,0.990,61.2,44.6,-2.197,1.378,13.812,NaN,NaN,NaN,World,Floor,81.6,NaN,13.349,NaN,1,0,Wall4m,None,0,0,0,0,0.0000,NaN,NaN,NaN,0
102.10,Akash,AUIT_Single,CBA,1.514,1.196,0.976,62.9,47.9,-2.197,1.378,13.812,NaN,NaN,NaN,World,Floor,83.3,NaN,13.363,NaN,1,0,Wall4m,None,0,0,0,0,0.0000,NaN,NaN,NaN,0
102.20,Akash,AUIT_Single,CBA,1.513,1.218,0.967,62.5,47.8,-2.197,1.378,13.812,NaN,NaN,NaN,World,Floor,82.9,NaN,13.371,NaN,1,0,Wall4m,None,0,0,0,0,0.0000,NaN,NaN,NaN,0
102.31,Akash,AUIT_Single,CBA,1.507,1.271,0.955,60.6,45.1,-2.197,1.378,13.812,NaN,NaN,NaN,World,Floor,81.0,NaN,13.380,NaN,1,0,Wall4m,None,0,0,0,0,0.0000,NaN,NaN,NaN,0
102.41,Akash,AUIT_Single,CBA,1.496,1.334,0.942,59.9,40.5,-2.197,1.378,13.812,NaN,NaN,NaN,World,Wall4m,79.5,NaN,13.389,NaN,1,0,Wall4m,None,0,0,0,0,0.0000,NaN,NaN,NaN,0
102.50,Akash,AUIT_Single,CBA,1.478,1.394,0.934,56.9,35.7,-2.197,1.378,13.812,NaN,NaN,NaN,World,Video Quad,76.1,NaN,13.392,NaN,1,0,Wall4m,None,0,0,0,0,0.0000,NaN,NaN,NaN,0
102.60,Akash,AUIT_Single,CBA,1.454,1.442,0.931,53.8,32.4,-2.197,1.378,13.812,NaN,NaN,NaN,World,Video Quad,72.7,NaN,13.389,NaN,1,0,CabinetDCorner02,None,0,0,0,0,0.0000,NaN,NaN,NaN,0
102.70,Akash,AUIT_Single,CBA,1.429,1.474,0.934,50.7,30.2,-2.197,1.378,13.812,NaN,NaN,NaN,World,Video Quad,69.6,NaN,13.380,NaN,1,0,CabinetDCorner02,None,0,0,0,0,0.0000,NaN,NaN,NaN,0
102.81,Akash,AUIT_Single,CBA,1.397,1.501,0.940,47.5,28.7,-2.197,1.378,13.812,NaN,NaN,NaN,World,Video Quad,66.3,NaN,13.365,NaN,1,0,CabinetDCorner02,None,0,0,0,0,0.0000,NaN,NaN,NaN,0
102.91,Akash,AUIT_Single,CBA,1.367,1.523,0.944,44.9,27.7,-2.197,1.378,13.812,NaN,NaN,NaN,World,Video Quad,63.7,NaN,13.353,NaN,1,0,CabinetDCorner02,None,0,0,0,0,0.0000,NaN,NaN,NaN,0
103.09,Akash,AUIT_Single,CBA,1.335,1.550,0.939,44.2,27.4,-2.197,1.378,13.812,NaN,NaN,NaN,World,Video Quad,62.9,NaN,13.350,NaN,1,0,CabinetD05Door,None,0,0,0,0,0.0000,NaN,NaN,NaN,0
103.10,Akash,AUIT_Single,CBA,1.317,1.568,0.931,44.9,27.0,-2.197,1.378,13.812,NaN,NaN,NaN,World,Video Quad,63.2,NaN,13.353,NaN,1,0,CabinetD05Door,None,0,0,0,0,0.0000,NaN,NaN,NaN,0
103.20,Akash,AUIT_Single,CBA,1.289,1.599,0.917,45.3,25.3,-2.197,1.378,13.812,NaN,NaN,NaN,World,KitchenOven07,63.1,NaN,13.360,NaN,1,0,CabinetD05Door,None,0,0,0,0,0.0000,NaN,NaN,NaN,0
103.31,Akash,AUIT_Single,CBA,1.248,1.637,0.897,45.3,21.6,-2.197,1.378,13.812,NaN,NaN,NaN,World,KitchenOven07,62.0,NaN,13.370,NaN,1,0,CabinetD05Door,None,0,0,0,0,0.0000,NaN,NaN,NaN,0
103.41,Akash,AUIT_Single,CBA,1.207,1.659,0.882,42.2,20.9,-2.197,1.378,13.812,NaN,NaN,NaN,World,KitchenOven07,58.8,NaN,13.374,NaN,1,0,CabinetD05Door,None,0,0,0,0,0.0000,NaN,NaN,NaN,0
103.50,Akash,AUIT_Single,CBA,1.162,1.672,0.871,35.6,23.6,-2.197,1.378,13.812,NaN,NaN,NaN,World,KitchenOven07,53.4,NaN,13.373,NaN,1,0,CabinetD05,None,0,0,0,0,0.0000,NaN,NaN,NaN,0
103.70,Akash,AUIT_Single,CBA,1.096,1.692,0.857,21.7,25.4,-2.197,1.378,13.812,NaN,NaN,NaN,World,KitchenOven07,42.2,NaN,13.371,NaN,1,0,CabinetD05,None,0,0,0,0,0.0000,NaN,NaN,NaN,0
103.71,Akash,AUIT_Single,CBA,1.069,1.703,0.848,16.7,24.9,-2.197,1.378,13.812,NaN,NaN,NaN,World,CabinetDCorner02,38.0,NaN,13.374,NaN,1,0,CabinetD05,None,0,0,0,0,0.0000,NaN,NaN,NaN,0
103.81,Akash,AUIT_Single,CBA,1.046,1.717,0.835,17.9,23.1,-2.197,1.378,13.812,NaN,NaN,NaN,World,CabinetDCorner02,37.8,NaN,13.380,NaN,1,0,CabinetD05,None,0,0,0,0,0.0000,NaN,NaN,NaN,0
103.91,Akash,AUIT_Single,CBA,1.029,1.724,0.824,19.8,23.2,-2.197,1.378,13.812,NaN,NaN,NaN,World,CabinetDCorner02,39.3,NaN,13.388,NaN,1,0,CabinetD05,None,0,0,0,0,0.0000,NaN,NaN,NaN,0
104.00,Akash,AUIT_Single,CBA,1.016,1.728,0.814,15.8,22.8,-2.197,1.378,13.812,NaN,NaN,NaN,World,Wall4m,35.8,NaN,13.394,NaN,1,0,CabinetD05,None,0,0,0,0,0.0000,NaN,NaN,NaN,0
104.10,Akash,AUIT_Single,CBA,1.011,1.731,0.800,11.9,22.9,-2.197,1.378,13.812,NaN,NaN,NaN,World,Wall4m,32.9,NaN,13.407,NaN,1,0,CabinetD05,None,0,0,0,0,0.0000,NaN,NaN,NaN,0
104.20,Akash,AUIT_Single,CBA,1.018,1.732,0.785,7.2,22.0,-2.197,1.378,13.812,NaN,NaN,NaN,World,CabinetD05Door,28.9,NaN,13.423,NaN,1,0,CabinetD05,None,0,0,0,0,0.0000,NaN,NaN,NaN,0
104.31,Akash,AUIT_Single,CBA,1.052,1.730,0.770,8.6,24.8,-2.197,1.378,13.812,NaN,NaN,NaN,World,Wall4m,31.9,NaN,13.446,NaN,1,0,CabinetD05,None,0,0,0,0,0.0000,NaN,NaN,NaN,0
104.41,Akash,AUIT_Single,CBA,1.093,1.727,0.759,17.0,26.9,-2.197,1.378,13.812,NaN,NaN,NaN,World,Video Quad,39.2,NaN,13.466,NaN,1,0,CabinetD05,None,0,0,0,0,0.0000,NaN,NaN,NaN,0
104.51,Akash,AUIT_Single,CBA,1.125,1.721,0.748,29.6,28.0,-2.197,1.378,13.812,NaN,NaN,NaN,World,Video Quad,49.6,NaN,13.484,NaN,1,0,CabinetD05,None,0,0,0,0,0.0000,NaN,NaN,NaN,0
104.60,Akash,AUIT_Single,CBA,1.138,1.723,0.737,37.1,28.8,-2.197,1.378,13.812,NaN,NaN,NaN,World,Video Quad,56.0,NaN,13.498,NaN,1,0,CabinetD05,None,0,0,0,0,0.0000,NaN,NaN,NaN,0
104.70,Akash,AUIT_Single,CBA,1.137,1.725,0.730,39.1,27.7,-2.197,1.378,13.812,NaN,NaN,NaN,World,Video Quad,57.3,NaN,13.505,NaN,1,0,CabinetD05,None,0,0,0,0,0.0000,NaN,NaN,NaN,0
104.81,Akash,AUIT_Single,CBA,1.126,1.722,0.728,39.4,28.0,-2.197,1.378,13.812,NaN,NaN,NaN,World,Video Quad,57.6,NaN,13.504,NaN,1,0,CabinetD05,None,0,0,0,0,0.0000,NaN,NaN,NaN,0
104.91,Akash,AUIT_Single,CBA,1.108,1.725,0.730,39.9,27.6,-2.197,1.378,13.812,NaN,NaN,NaN,World,Video Quad,57.9,NaN,13.498,NaN,1,0,CabinetD05,None,0,0,0,0,0.0000,NaN,NaN,NaN,0
105.01,Akash,AUIT_Single,CBA,1.086,1.732,0.736,36.8,24.5,-2.197,1.378,13.812,NaN,NaN,NaN,World,Video Quad,54.2,NaN,13.487,NaN,1,0,CabinetD05,None,0,0,0,0,0.0000,NaN,NaN,NaN,0
105.10,Akash,AUIT_Single,CBA,1.058,1.734,0.742,31.5,24.7,-2.197,1.378,13.812,NaN,NaN,NaN,World,Video Quad,49.6,NaN,13.475,NaN,1,0,CabinetD05,None,0,0,0,0,0.0000,NaN,NaN,NaN,0
105.20,Akash,AUIT_Single,CBA,1.027,1.737,0.748,25.3,23.9,-2.197,1.378,13.812,NaN,NaN,NaN,World,Video Quad,44.0,NaN,13.461,NaN,1,0,CabinetD05,None,0,0,0,0,0.0000,NaN,NaN,NaN,0
105.31,Akash,AUIT_Single,CBA,0.991,1.742,0.750,20.6,21.5,-2.197,1.378,13.812,NaN,NaN,NaN,World,Video Quad,39.0,NaN,13.450,NaN,1,0,CabinetD05,None,0,0,0,0,0.0000,NaN,NaN,NaN,0
105.41,Akash,AUIT_Single,CBA,0.955,1.745,0.751,15.5,19.8,-2.197,1.378,13.812,NaN,NaN,NaN,World,CabinetD05Door,33.7,NaN,13.441,NaN,1,0,CabinetD05,None,0,0,0,0,0.0000,NaN,NaN,NaN,0
105.51,Akash,AUIT_Single,CBA,0.921,1.746,0.751,9.9,18.7,-2.197,1.378,13.812,NaN,NaN,NaN,World,CabinetD05Door,28.6,NaN,13.434,NaN,1,0,CabinetD05,None,0,0,0,0,0.0000,NaN,NaN,NaN,0
105.60,Akash,AUIT_Single,CBA,0.899,1.743,0.752,11.1,18.7,-2.197,1.378,13.812,NaN,NaN,NaN,World,Wall4m,29.4,NaN,13.427,NaN,1,0,CabinetD05,None,0,0,0,0,0.0000,NaN,NaN,NaN,0
105.70,Akash,AUIT_Single,CBA,0.890,1.742,0.754,16.0,19.8,-2.197,1.378,13.812,NaN,NaN,NaN,World,CabinetD05Door,34.0,NaN,13.423,NaN,1,0,CabinetD05,None,0,0,0,0,0.0000,NaN,NaN,NaN,0
105.81,Akash,AUIT_Single,CBA,0.890,1.743,0.758,19.7,20.2,-2.197,1.378,13.812,NaN,NaN,NaN,World,CabinetD05Door,37.2,NaN,13.419,NaN,1,0,CabinetD05,None,0,0,0,0,0.0000,NaN,NaN,NaN,0
105.91,Akash,AUIT_Single,CBA,0.898,1.742,0.762,19.9,21.5,-2.197,1.378,13.812,NaN,NaN,NaN,World,CabinetD05Door,38.1,NaN,13.417,NaN,1,0,CabinetD05,None,0,0,0,0,0.0000,NaN,NaN,NaN,0
106.01,Akash,AUIT_Single,CBA,0.909,1.740,0.765,18.4,22.0,-2.197,1.378,13.812,NaN,NaN,NaN,World,CabinetD05Door,37.1,NaN,13.417,NaN,1,0,CabinetD05,None,0,0,0,0,0.0000,NaN,NaN,NaN,0
106.10,Akash,AUIT_Single,CBA,0.905,1.742,0.770,20.7,21.5,-2.197,1.378,13.812,NaN,NaN,NaN,World,CabinetD05Door,38.7,NaN,13.411,NaN,1,0,CabinetD05,None,0,0,0,0,0.0000,NaN,NaN,NaN,0
106.20,Akash,AUIT_Single,CBA,0.884,1.742,0.774,21.4,22.0,-2.197,1.378,13.812,NaN,NaN,NaN,World,CabinetD05Door,39.5,NaN,13.402,NaN,1,0,CabinetD05,None,0,0,0,0,0.0000,NaN,NaN,NaN,0
106.31,Akash,AUIT_Single,CBA,0.842,1.742,0.777,17.4,21.2,-2.197,1.378,13.812,NaN,NaN,NaN,World,CabinetD05Door,35.7,NaN,13.390,NaN,1,0,CabinetD06,None,0,0,0,0,0.0000,NaN,NaN,NaN,0
106.41,Akash,AUIT_Single,CBA,0.789,1.741,0.778,12.9,20.1,-2.197,1.378,13.812,NaN,NaN,NaN,World,Wall4m,31.3,NaN,13.377,NaN,1,0,CabinetD06,None,0,0,0,0,0.0000,NaN,NaN,NaN,0
106.51,Akash,AUIT_Single,CBA,0.722,1.741,0.777,3.3,19.6,-2.197,1.378,13.812,NaN,NaN,NaN,World,Wall4m,23.8,NaN,13.363,NaN,1,0,CabinetD06,None,1,0,0,0,0.0000,NaN,NaN,NaN,0
106.60,Akash,AUIT_Single,CBA,0.652,1.739,0.770,344.6,19.5,-2.197,1.378,13.812,NaN,NaN,NaN,World,Wall4m,18.2,NaN,13.354,NaN,1,0,CabinetD06,None,1,0,0,0,0.0000,NaN,NaN,NaN,0
106.70,Akash,AUIT_Single,CBA,0.591,1.740,0.760,327.9,20.5,-2.197,1.378,13.812,NaN,NaN,NaN,World,Wall4m,27.3,NaN,13.352,NaN,1,0,CabinetD06,None,0,0,0,0,0.0000,NaN,NaN,NaN,0
106.83,Akash,AUIT_Single,CBA,0.550,1.742,0.750,319.3,20.0,-2.197,1.378,13.812,NaN,NaN,NaN,World,Wall4m,33.6,NaN,13.353,NaN,1,0,CabinetD06,None,0,0,0,0,0.0000,NaN,NaN,NaN,0
106.91,Akash,AUIT_Single,CBA,0.509,1.744,0.744,311.8,19.6,-2.197,1.378,13.812,NaN,NaN,NaN,World,Wall4m,40.0,NaN,13.351,NaN,1,0,CabinetD06,None,0,0,0,0,0.0000,NaN,NaN,NaN,0
107.01,Akash,AUIT_Single,CBA,0.493,1.744,0.751,310.4,20.0,-2.197,1.378,13.812,NaN,NaN,NaN,World,Wall4m,41.4,NaN,13.341,NaN,1,0,CabinetD06,None,0,0,0,0,0.0000,NaN,NaN,NaN,0
107.10,Akash,AUIT_Single,CBA,0.491,1.744,0.765,309.6,21.0,-2.197,1.378,13.812,NaN,NaN,NaN,World,Wall4m,42.5,NaN,13.326,NaN,1,0,CabinetD06,None,0,0,0,0,0.0000,NaN,NaN,NaN,0
107.20,Akash,AUIT_Single,CBA,0.502,1.744,0.787,309.9,20.9,-2.197,1.378,13.812,NaN,NaN,NaN,World,Wall4m,42.1,NaN,13.307,NaN,1,0,CabinetD06,None,0,0,0,0,0.0000,NaN,NaN,NaN,0
107.31,Akash,AUIT_Single,CBA,0.529,1.747,0.818,314.2,20.7,-2.197,1.378,13.812,NaN,NaN,NaN,World,Wall4m,38.2,NaN,13.282,NaN,1,0,CabinetD06,None,0,0,0,0,0.0000,NaN,NaN,NaN,0
107.41,Akash,AUIT_Single,CBA,0.554,1.749,0.849,318.6,19.3,-2.197,1.378,13.812,NaN,NaN,NaN,World,CabinetD06Door,33.8,NaN,13.257,NaN,1,0,CabinetD06,None,0,0,0,0,0.0000,NaN,NaN,NaN,0
107.51,Akash,AUIT_Single,CBA,0.575,1.748,0.879,323.4,19.8,-2.197,1.378,13.812,NaN,NaN,NaN,World,CabinetD06Door,30.1,NaN,13.232,NaN,1,0,CabinetD06,None,0,0,0,0,0.0000,NaN,NaN,NaN,0
107.60,Akash,AUIT_Single,CBA,0.591,1.741,0.902,326.7,22.5,-2.197,1.378,13.812,NaN,NaN,NaN,World,Wall4m,29.3,NaN,13.213,NaN,1,0,CabinetD06,None,0,0,0,0,0.0000,NaN,NaN,NaN,0
107.70,Akash,AUIT_Single,CBA,0.602,1.734,0.913,327.8,26.2,-2.197,1.378,13.812,NaN,NaN,NaN,World,Wall4m,31.3,NaN,13.205,NaN,1,0,CabinetD06,None,0,0,0,0,0.0000,NaN,NaN,NaN,0
107.81,Akash,AUIT_Single,CBA,0.604,1.732,0.914,328.7,26.9,-2.197,1.378,13.812,NaN,NaN,NaN,World,Wall4m,31.3,NaN,13.203,NaN,1,0,CabinetD06,None,0,0,0,0,0.0000,NaN,NaN,NaN,0
107.96,Akash,AUIT_Single,CBA,0.596,1.734,0.906,326.6,26.5,-2.197,1.378,13.812,NaN,NaN,NaN,World,Wall4m,32.2,NaN,13.209,NaN,1,0,CabinetD06,None,0,0,0,0,0.0000,NaN,NaN,NaN,0
108.00,Akash,AUIT_Single,CBA,0.587,1.733,0.898,322.9,26.9,-2.197,1.378,13.812,NaN,NaN,NaN,World,Wall4m,34.8,NaN,13.216,NaN,1,0,CabinetD06,None,0,0,0,0,0.0000,NaN,NaN,NaN,0
108.10,Akash,AUIT_Single,CBA,0.577,1.730,0.890,319.5,28.1,-2.197,1.378,13.812,NaN,NaN,NaN,World,CabinetD04,38.0,NaN,13.222,NaN,1,0,CabinetD06,None,0,0,0,0,0.0000,NaN,NaN,NaN,0
108.21,Akash,AUIT_Single,CBA,0.565,1.728,0.880,316.1,28.7,-2.197,1.378,13.812,NaN,NaN,NaN,World,CabinetD04,40.7,NaN,13.229,NaN,1,0,CabinetD06,None,0,0,0,0,0.0000,NaN,NaN,NaN,0
108.31,Akash,AUIT_Single,CBA,0.558,1.726,0.874,314.1,29.7,-2.197,1.378,13.812,NaN,NaN,NaN,World,CabinetD04,42.7,NaN,13.233,NaN,1,0,CabinetD06,None,0,0,0,0,0.0000,NaN,NaN,NaN,0
108.41,Akash,AUIT_Single,CBA,0.550,1.724,0.868,313.2,30.3,-2.197,1.378,13.812,NaN,NaN,NaN,World,CabinetD04,43.8,NaN,13.237,NaN,1,0,CabinetD06,None,0,0,0,0,0.0000,NaN,NaN,NaN,0
108.50,Akash,AUIT_Single,CBA,0.544,1.724,0.864,311.5,30.1,-2.197,1.378,13.812,NaN,NaN,NaN,World,CabinetD04,44.9,NaN,13.240,NaN,1,0,CabinetD06,None,0,0,0,0,0.0000,NaN,NaN,NaN,0
108.60,Akash,AUIT_Single,CBA,0.541,1.724,0.861,310.4,30.1,-2.197,1.378,13.812,NaN,NaN,NaN,World,CabinetD04,45.8,NaN,13.242,NaN,1,0,CabinetD06,None,0,0,0,0,0.0000,NaN,NaN,NaN,0
108.70,Akash,AUIT_Single,CBA,0.539,1.725,0.858,310.2,29.3,-2.197,1.378,13.812,NaN,NaN,NaN,World,CabinetD04,45.5,NaN,13.244,NaN,1,0,CabinetD06,None,0,0,0,0,0.0000,NaN,NaN,NaN,0
108.81,Akash,AUIT_Single,CBA,0.536,1.731,0.854,310.1,26.4,-2.197,1.378,13.812,NaN,NaN,NaN,World,Wall4m,44.1,NaN,13.248,NaN,1,0,CabinetD06,None,0,0,0,0,0.0000,NaN,NaN,NaN,0
108.91,Akash,AUIT_Single,CBA,0.534,1.738,0.850,309.2,22.2,-2.197,1.378,13.812,NaN,NaN,NaN,World,Wall4m,43.1,NaN,13.251,NaN,1,0,CabinetD06,None,0,0,0,0,0.0000,NaN,NaN,NaN,0
109.00,Akash,AUIT_Single,CBA,0.533,1.745,0.847,308.0,18.4,-2.197,1.378,13.812,NaN,NaN,NaN,World,Wall4m,42.8,NaN,13.254,NaN,1,0,CabinetD06,None,0,0,0,0,0.0000,NaN,NaN,NaN,0
109.10,Akash,AUIT_Single,CBA,0.533,1.749,0.846,307.0,16.6,-2.197,1.378,13.812,NaN,NaN,NaN,World,Video Quad,43.2,NaN,13.256,NaN,1,0,CabinetD06,None,0,0,0,0,0.0000,NaN,NaN,NaN,0
109.20,Akash,AUIT_Single,CBA,0.533,1.748,0.847,307.2,17.6,-2.197,1.378,13.812,NaN,NaN,NaN,World,Wall4m,43.2,NaN,13.254,NaN,1,0,CabinetD06,None,0,0,0,0,0.0000,NaN,NaN,NaN,0
109.31,Akash,AUIT_Single,CBA,0.533,1.744,0.849,307.5,19.1,-2.197,1.378,13.812,NaN,NaN,NaN,World,Wall4m,43.4,NaN,13.253,NaN,1,0,CabinetD06,None,0,0,0,0,0.0000,NaN,NaN,NaN,0
109.41,Akash,AUIT_Single,CBA,0.534,1.744,0.850,307.6,18.9,-2.197,1.378,13.812,NaN,NaN,NaN,World,Wall4m,43.3,NaN,13.252,NaN,1,0,CabinetD06,None,0,0,0,0,0.0000,NaN,NaN,NaN,0
109.50,Akash,AUIT_Single,CBA,0.534,1.747,0.853,308.2,14.5,-2.197,1.378,13.812,NaN,NaN,NaN,World,Video Quad,41.5,NaN,13.249,NaN,1,0,CabinetD06,None,0,0,0,0,0.0000,NaN,NaN,NaN,0
109.60,Akash,AUIT_Single,CBA,0.537,1.755,0.856,310.4,11.3,-2.197,1.378,13.812,NaN,NaN,NaN,World,Video Quad,38.7,NaN,13.247,NaN,1,0,CabinetD06,None,0,0,0,0,0.0000,NaN,NaN,NaN,0
109.71,Akash,AUIT_Single,CBA,0.537,1.764,0.859,309.4,6.0,-2.197,1.378,13.812,NaN,NaN,NaN,World,Video Quad,38.9,NaN,13.244,NaN,1,0,CabinetD06,None,0,0,0,0,0.0000,NaN,NaN,NaN,0
109.81,Akash,AUIT_Single,CBA,0.537,1.774,0.860,307.7,0.5,-2.197,1.378,13.812,NaN,NaN,NaN,World,Video Quad,40.4,NaN,13.243,NaN,1,0,CabinetD06,None,0,0,0,0,0.0000,NaN,NaN,NaN,0
109.93,Akash,AUIT_Single,CBA,1.000,0.000,1.000,0.0,0.0,-2.197,1.378,13.812,NaN,NaN,NaN,World,CabinetD01,15.2,NaN,13.277,NaN,1,0,CabinetD01,None,1,0,0,0,0.0000,NaN,NaN,NaN,0
