Time,ParticipantID,Scenario,Sequence,HeadX,HeadY,HeadZ,HeadYaw,HeadPitch,VideoX,VideoY,VideoZ,InstX,InstY,InstZ,GazeTarget,HitObjectName,AngleToVideo,AngleToInst,VideoDist,InstDist,VideoOcc,InstOcc,VideoOccHitName,InstOccHitName,VideoInCone,InstInCone,VideoVisible,InstVisible,VideoSpeed,InstSpeed,PanelSeparation,ScreenOverlapPct,BothVisible
0.00,Akash,AUIT_Multi,CBA,1.000,0.000,1.000,0.0,0.0,-2.197,1.378,13.812,-26.067,0.000,792.755,World,CabinetD01,15.2,2.0,13.277,792.217,1,1,CabinetD01,CabinetD01,1,1,0,0,0.0000,0.0000,779.309,0.000,0
0.18,Akash,AUIT_Multi,CBA,1.000,0.000,1.000,0.0,0.0,-1.422,1.055,10.573,-18.765,0.000,583.367,World,CabinetD01,15.4,1.9,9.931,582.703,1,1,CabinetD01,CabinetD01,1,1,0,0,18.5001,1158.4730,573.057,0.047,0
0.21,Akash,AUIT_Multi,CBA,1.000,0.000,1.000,0.0,0.0,0.295,0.118,2.981,1.303,0.000,6.224,World,CabinetD01,19.8,3.3,2.106,5.233,1,1,CabinetD01,CabinetDCorner01,1,1,0,0,247.1992,18208.2800,3.398,0.000,0
0.30,Akash,AUIT_Multi,CBA,1.000,0.000,1.000,0.0,0.0,0.479,0.011,2.172,1.222,0.014,1.368,World,CabinetD01,24.0,31.1,1.282,0.430,1,0,CabinetD01,None,1,0,0,0,9.0670,52.6137,1.095,0.000,0
0.40,Akash,AUIT_Multi,CBA,1.000,0.000,1.000,0.0,0.0,0.494,0.001,2.098,1.277,0.100,0.028,World,CabinetD01,24.7,163.1,1.209,1.016,1,0,CabinetD01,None,1,0,0,0,0.7717,13.7035,2.216,0.109,0
0.51,Akash,AUIT_Multi,CBA,1.000,0.000,1.000,0.0,0.0,0.493,0.000,2.088,1.229,0.118,1.283,World,CabinetD01,25.0,42.4,1.201,0.383,1,0,CabinetD01,None,1,0,0,0,0.0886,11.3577,1.098,0.000,0
0.61,Akash,AUIT_Multi,CBA,1.000,0.000,1.000,0.0,0.0,0.493,0.000,2.088,1.225,0.120,1.455,World,CabinetD01,25.0,29.2,1.200,0.522,1,0,CabinetD01,None,1,0,0,0,0.0084,1.7742,0.975,0.000,0
0.71,Akash,AUIT_Multi,CBA,1.000,0.000,1.000,0.0,0.0,0.536,0.001,2.026,1.154,0.080,1.393,World,CabinetD01,24.3,23.8,1.126,0.430,1,0,CabinetD01,None,1,1,0,0,0.7735,1.0528,0.888,0.000,0
0.81,Akash,AUIT_Multi,CBA,1.000,0.000,1.000,0.0,0.0,0.578,0.001,1.967,1.086,0.042,1.337,World,CabinetD01,23.6,15.9,1.055,0.350,1,0,CabinetD01,None,1,1,0,0,0.7429,0.9923,0.811,0.000,0
0.90,Akash,AUIT_Multi,CBA,1.000,0.000,1.000,0.0,0.0,0.620,0.002,1.908,1.142,0.080,1.411,World,CabinetD01,22.7,21.6,0.984,0.442,1,0,CabinetD01,None,1,1,0,0,0.7517,1.0281,0.725,0.000,0
1.00,Akash,AUIT_Multi,CBA,0.745,1.755,1.115,264.5,8.7,0.534,0.604,1.481,0.566,0.762,1.492,World,Wall4m,73.6,74.4,1.225,1.076,0,0,None,None,0,0,0,0,7.2951,8.7958,0.162,1.000,0
1.10,Akash,AUIT_Multi,CBA,0.741,1.755,1.096,264.9,8.0,0.672,0.290,1.583,-0.214,1.574,1.507,World,Wall4m,81.5,28.1,1.546,1.055,1,0,CabinetD01,None,0,0,0,0,3.6273,11.4083,1.562,0.888,0
1.20,Akash,AUIT_Multi,CBA,0.739,1.757,1.085,267.0,7.6,0.607,0.288,1.581,-0.064,1.644,1.259,World,Wall4m,78.9,15.1,1.556,0.829,1,0,CabinetD02,None,0,1,0,1,0.6467,2.9615,1.547,0.650,0
1.31,Akash,AUIT_Multi,CBA,0.743,1.761,1.080,268.5,6.3,0.644,0.289,1.565,0.147,1.696,1.023,World,Wall4m,80.8,3.9,1.554,0.602,0,0,None,None,0,1,0,0,0.3670,2.9428,1.588,0.451,0
1.41,Akash,AUIT_Multi,CBA,0.746,1.762,1.079,266.6,4.7,0.686,0.286,1.503,0.060,1.744,0.778,World,Refrigerator03_Door01,84.2,20.5,1.537,0.750,0,0,None,None,0,1,0,0,0.7748,2.7130,1.745,0.630,0
1.51,Akash,AUIT_Multi,CBA,0.746,1.763,1.081,260.3,5.5,0.719,0.289,1.427,-0.222,1.760,0.529,World,Refrigerator03_Door01,85.9,20.7,1.515,1.114,0,0,None,None,0,1,0,1,0.8524,3.8660,1.964,0.504,0
1.60,Akash,AUIT_Multi,CBA,0.742,1.758,1.088,254.5,7.3,0.753,0.288,1.347,-0.222,1.761,0.395,World,Refrigerator03_Door01,85.9,21.5,1.492,1.187,0,0,None,None,0,1,0,1,0.8874,1.3719,2.007,0.565,0
1.70,Akash,AUIT_Multi,CBA,0.736,1.751,1.097,249.7,10.8,0.632,0.633,1.293,-0.075,1.746,0.537,World,Refrigerator03,77.9,17.6,1.141,0.986,0,0,None,None,0,1,0,1,3.7913,2.1025,1.520,0.609,0
1.80,Akash,AUIT_Multi,CBA,0.730,1.747,1.107,246.1,13.1,0.673,0.755,1.259,0.082,1.728,0.712,World,Refrigerator03,77.6,13.9,1.004,0.760,0,0,None,None,0,1,0,0,1.3702,2.4097,1.263,0.683,0
1.91,Akash,AUIT_Multi,CBA,0.725,1.745,1.127,246.7,13.9,0.618,0.895,1.232,0.040,1.734,0.461,World,Refrigerator03,72.5,24.5,0.863,0.956,0,0,None,None,0,1,0,1,1.3762,2.2980,1.278,0.903,0
2.01,Akash,AUIT_Multi,CBA,0.723,1.744,1.151,252.0,14.7,0.591,1.020,1.211,-0.071,1.743,0.284,World,Refrigerator03_Door01,67.1,32.6,0.738,1.175,0,0,None,None,0,0,0,0,1.3334,2.1392,1.349,0.000,0
2.11,Akash,AUIT_Multi,CBA,0.722,1.740,1.179,262.5,16.1,0.569,1.138,1.195,-0.172,1.743,0.367,World,Refrigerator03_Door01,60.0,37.9,0.622,1.208,0,0,None,None,0,0,0,0,1.2387,1.3439,1.266,0.000,0
2.20,Akash,AUIT_Multi,CBA,0.724,1.736,1.206,274.1,18.2,0.535,1.267,1.186,-0.254,1.740,0.591,World,Refrigerator03_Door01,50.2,40.1,0.506,1.155,0,0,None,None,0,0,0,0,1.3748,2.4453,1.095,0.000,0
2.30,Akash,AUIT_Multi,CBA,0.729,1.735,1.221,280.3,18.9,0.496,1.393,1.180,-0.196,1.736,0.851,World,Wall4m,39.6,36.8,0.415,0.996,0,0,None,None,0,0,0,0,1.3606,2.7428,0.840,0.000,0
2.41,Akash,AUIT_Multi,CBA,0.732,1.737,1.219,278.4,17.8,0.458,1.531,1.156,-0.178,1.735,0.971,World,Wall4m,26.4,29.2,0.348,0.944,0,0,None,None,0,0,0,0,1.3033,1.0920,0.694,0.000,0
2.51,Akash,AUIT_Multi,CBA,0.731,1.740,1.192,263.6,16.0,0.360,1.655,1.020,0.082,1.738,1.270,World,Quad,18.3,20.6,0.417,0.655,0,0,None,None,1,1,0,0,2.1409,4.0770,0.383,0.000,0
2.61,Akash,AUIT_Multi,CBA,0.735,1.743,1.156,246.8,13.7,0.328,1.778,0.920,-0.059,1.740,1.324,World,Refrigerator03,19.3,37.3,0.472,0.812,0,0,None,None,1,0,0,0,1.6657,1.5386,0.560,0.000,0
2.70,Akash,AUIT_Multi,CBA,0.741,1.746,1.127,237.4,12.3,0.054,1.752,0.341,-0.163,1.743,1.159,World,Refrigerator03,20.5,36.4,1.043,0.904,0,0,None,None,1,0,1,0,6.5670,1.9932,0.846,0.000,0
2.80,Akash,AUIT_Multi,CBA,0.744,1.746,1.101,231.5,12.2,0.115,1.747,0.126,-0.189,1.746,0.996,World,Refrigerator03,22.2,34.1,1.160,0.939,0,0,None,None,1,0,1,0,2.3088,1.6998,0.922,0.000,0
2.91,Akash,AUIT_Multi,CBA,0.746,1.745,1.078,226.0,12.4,0.233,1.746,0.015,-0.201,1.746,0.848,World,Refrigerator03,23.6,32.6,1.181,0.974,0,0,None,None,1,0,1,0,1.4543,1.3401,0.939,0.000,0
3.01,Akash,AUIT_Multi,CBA,0.743,1.744,1.065,223.5,12.7,0.315,1.745,-0.041,-0.307,1.745,0.713,World,Refrigerator03_Door02,25.6,30.5,1.186,1.107,0,0,None,None,0,0,0,0,1.0240,1.7699,0.977,0.000,0
3.11,Akash,AUIT_Multi,CBA,0.737,1.744,1.056,222.9,12.5,0.359,1.744,-0.072,-0.362,1.744,0.632,World,Refrigerator03_Door02,27.2,28.7,1.190,1.178,0,0,None,None,0,0,0,0,0.5499,1.0091,1.007,0.000,0
3.20,Akash,AUIT_Multi,CBA,0.727,1.743,1.053,224.6,12.8,0.360,1.743,-0.083,-0.345,1.743,0.625,World,Refrigerator03,29.4,26.7,1.194,1.154,0,0,None,None,0,0,0,0,0.1137,0.1911,0.999,0.000,0
3.30,Akash,AUIT_Multi,CBA,0.714,1.742,1.056,230.9,13.4,0.300,1.742,-0.068,-0.273,1.742,0.703,World,Refrigerator03,33.3,23.4,1.197,1.048,0,0,None,None,0,1,0,1,0.6293,1.0865,0.960,0.000,0
3.41,Akash,AUIT_Multi,CBA,0.697,1.739,1.072,246.3,14.1,0.137,1.741,0.040,-0.209,1.741,0.884,World,Refrigerator03,40.0,18.5,1.174,0.924,0,0,None,None,0,1,0,1,1.7576,1.7343,0.912,0.000,0
3.51,Akash,AUIT_Multi,CBA,0.689,1.737,1.098,265.0,15.0,0.015,1.739,0.344,-0.216,1.739,1.139,World,Refrigerator03_Door01,45.3,16.8,1.012,0.905,0,0,None,None,0,1,0,1,3.3672,2.6245,0.828,0.000,0
3.61,Akash,AUIT_Multi,CBA,0.693,1.738,1.129,286.1,14.8,0.007,1.738,0.726,0.076,1.738,1.330,World,Wall4m,48.3,14.9,0.796,0.649,0,0,None,None,0,1,0,0,3.9282,3.5831,0.609,0.000,0
3.70,Akash,AUIT_Multi,CBA,0.711,1.740,1.150,300.0,13.3,0.082,1.736,0.897,0.184,1.721,1.401,World,CabinetD06Door,53.1,12.3,0.678,0.584,0,0,None,None,0,1,0,0,1.9117,1.3339,0.515,0.000,0
3.80,Akash,AUIT_Multi,CBA,0.740,1.749,1.167,309.0,10.1,0.122,1.734,0.941,0.255,1.694,1.339,World,CabinetD06Door,59.3,19.6,0.657,0.518,0,0,None,None,0,1,0,0,0.6238,1.0069,0.421,0.000,0
3.91,Akash,AUIT_Multi,CBA,0.775,1.760,1.181,317.0,5.0,0.161,1.733,0.993,0.403,1.700,1.418,World,CabinetD06,64.0,14.7,0.643,0.445,0,0,None,None,0,1,0,0,0.5770,1.5098,0.491,0.000,0
4.01,Akash,AUIT_Multi,CBA,0.799,1.766,1.191,319.2,1.8,0.191,1.731,1.033,0.583,1.752,1.667,World,CabinetD06,63.7,16.4,0.629,0.523,0,0,None,None,0,1,0,0,0.5175,3.2004,0.746,0.000,0
4.11,Akash,AUIT_Multi,CBA,0.811,1.767,1.197,316.5,1.2,0.221,1.728,1.068,0.654,1.765,1.659,World,CabinetD06,58.8,24.7,0.605,0.488,0,0,None,None,0,1,0,0,0.4729,0.7444,0.734,0.000,0
4.20,Akash,AUIT_Multi,CBA,0.814,1.763,1.198,310.7,1.8,0.251,1.724,1.095,0.619,1.766,1.723,World,CabinetD06,51.0,28.9,0.574,0.560,0,0,None,None,0,0,0,0,0.4188,0.7479,0.729,0.000,0
4.30,Akash,AUIT_Multi,CBA,0.819,1.764,1.202,311.3,1.7,0.281,1.721,1.127,0.598,1.764,1.690,World,CabinetD06,49.2,24.4,0.545,0.535,0,0,None,None,0,1,0,0,0.4510,0.4041,0.647,0.000,0
4.41,Akash,AUIT_Multi,CBA,0.821,1.769,1.214,320.7,359.8,0.314,1.718,1.178,0.629,1.766,1.700,World,CabinetD06,55.0,17.7,0.512,0.522,0,0,None,None,0,1,0,0,0.5443,0.2886,0.611,0.000,0
4.51,Akash,AUIT_Multi,CBA,0.820,1.767,1.224,329.7,357.9,0.342,1.716,1.231,0.715,1.769,1.661,World,CabinetD06,59.4,16.8,0.481,0.449,0,0,None,None,0,1,0,0,0.6144,0.9701,0.571,0.000,0
4.61,Akash,AUIT_Multi,CBA,0.813,1.771,1.226,336.5,357.8,0.387,1.713,1.268,0.784,1.769,1.653,World,CabinetD06,61.6,19.8,0.432,0.428,0,0,None,None,0,1,0,0,0.5971,0.7216,0.556,0.000,0
4.70,Akash,AUIT_Multi,CBA,0.807,1.772,1.227,338.5,356.8,0.439,1.753,1.461,0.804,1.774,1.637,World,CabinetD06,36.4,21.4,0.436,0.410,0,0,None,None,0,1,0,0,2.1043,0.2668,0.406,0.000,0
4.80,Akash,AUIT_Multi,CBA,0.805,1.770,1.229,341.2,358.0,0.462,1.769,1.545,0.781,1.784,1.589,World,CabinetD06,28.5,15.1,0.466,0.361,0,0,None,None,0,1,0,0,0.9070,0.5588,0.322,0.000,0
4.91,Akash,AUIT_Multi,CBA,0.804,1.769,1.229,343.3,358.2,0.487,1.770,1.564,0.754,1.795,1.534,World,CabinetD06,26.8,8.0,0.461,0.310,0,0,None,None,0,1,0,0,0.2768,0.5595,0.270,0.000,0
5.01,Akash,AUIT_Multi,CBA,0.804,1.768,1.228,344.2,358.4,0.504,1.769,1.565,0.846,1.773,1.632,World,CabinetD06,26.0,21.8,0.451,0.406,0,0,None,None,0,1,0,0,0.1761,1.4048,0.349,0.000,0
5.11,Akash,AUIT_Multi,CBA,0.806,1.765,1.229,345.1,359.5,0.516,1.767,1.564,0.872,1.768,1.651,World,CabinetD05,26.0,23.8,0.443,0.427,0,0,None,None,0,1,0,0,0.1297,0.3256,0.366,0.000,0
5.21,Akash,AUIT_Multi,CBA,0.807,1.763,1.228,345.5,0.5,0.526,1.765,1.563,0.881,1.765,1.653,World,CabinetD05,25.5,24.4,0.438,0.431,0,0,None,None,0,1,0,0,0.0983,0.1017,0.366,0.000,0
5.30,Akash,AUIT_Multi,CBA,0.809,1.764,1.224,346.1,0.4,0.531,1.764,1.563,0.887,1.764,1.653,World,CabinetD05,25.5,24.1,0.438,0.436,0,0,None,None,0,1,0,0,0.0596,0.0607,0.367,0.000,0
5.41,Akash,AUIT_Multi,CBA,0.813,1.764,1.220,347.2,0.3,0.541,1.764,1.561,0.897,1.764,1.653,World,CabinetD05,25.8,23.8,0.437,0.442,0,0,None,None,0,1,0,0,0.0872,0.0932,0.368,0.000,0
5.51,Akash,AUIT_Multi,CBA,0.814,1.764,1.215,347.0,0.4,0.548,1.764,1.559,0.906,1.764,1.653,World,CabinetD05,24.8,24.8,0.435,0.447,0,0,None,None,1,1,0,0,0.0751,0.0906,0.370,0.000,0
5.61,Akash,AUIT_Multi,CBA,0.815,1.765,1.211,346.6,359.6,0.545,1.764,1.558,0.906,1.764,1.653,World,CabinetD05,24.4,25.1,0.440,0.452,0,0,None,None,1,0,0,0,0.0315,0.0057,0.374,0.000,0
5.71,Akash,AUIT_Multi,CBA,0.816,1.765,1.208,347.1,359.4,0.542,1.765,1.557,0.906,1.765,1.653,World,CabinetD05,25.1,24.5,0.444,0.454,0,0,None,None,0,1,0,0,0.0306,0.0082,0.376,0.000,0
5.80,Akash,AUIT_Multi,CBA,0.817,1.764,1.206,347.6,359.7,0.545,1.765,1.556,0.911,1.765,1.653,World,CabinetD05,25.4,24.3,0.444,0.457,0,0,None,None,0,1,0,0,0.0317,0.0525,0.379,0.000,0
5.90,Akash,AUIT_Multi,CBA,0.817,1.764,1.203,347.4,360.0,0.548,1.764,1.556,0.916,1.764,1.653,World,CabinetD05,24.7,25.0,0.443,0.460,0,0,None,None,1,0,0,0,0.0339,0.0467,0.380,0.000,0
6.01,Akash,AUIT_Multi,CBA,0.818,1.766,1.201,348.6,359.1,0.549,1.765,1.555,0.918,1.765,1.653,World,CabinetD05,25.9,24.0,0.444,0.462,0,0,None,None,0,1,0,0,0.0122,0.0222,0.382,0.000,0
6.11,Akash,AUIT_Multi,CBA,0.822,1.767,1.200,351.5,358.9,0.564,1.766,1.553,0.932,1.766,1.653,World,CabinetD05,27.6,22.2,0.438,0.466,0,0,None,None,0,1,0,0,0.1511,0.1450,0.382,0.000,0
6.21,Akash,AUIT_Multi,CBA,0.827,1.767,1.199,355.1,358.8,0.593,1.767,1.554,0.962,1.767,1.654,World,CabinetD05,28.5,21.4,0.426,0.475,0,0,None,None,0,1,0,0,0.2984,0.3071,0.383,0.000,0
6.30,Akash,AUIT_Multi,CBA,0.832,1.768,1.197,357.6,358.5,0.613,1.767,1.551,0.912,1.772,1.609,World,CabinetD05,29.4,13.4,0.416,0.420,0,0,None,None,0,1,0,0,0.2068,0.6995,0.305,0.000,0
6.40,Akash,AUIT_Multi,CBA,0.836,1.768,1.196,359.4,358.6,0.630,1.766,1.545,0.846,1.777,1.552,World,CabinetD05,29.9,2.2,0.406,0.357,0,0,None,None,0,1,0,0,0.1874,0.8940,0.216,0.000,0
6.51,Akash,AUIT_Multi,CBA,0.840,1.768,1.194,1.0,359.0,0.649,1.766,1.540,0.898,1.775,1.531,World,CabinetD05,30.0,8.7,0.395,0.342,0,0,None,None,0,1,0,0,0.1770,0.5064,0.249,0.000,0
6.61,Akash,AUIT_Multi,CBA,0.842,1.768,1.193,1.4,358.9,0.664,1.766,1.536,0.990,1.769,1.532,World,CabinetD05,28.9,22.1,0.387,0.370,0,0,None,None,0,1,0,0,0.1602,0.9474,0.326,0.000,0
6.71,Akash,AUIT_Multi,CBA,0.844,1.769,1.191,1.5,358.7,0.678,1.765,1.532,1.005,1.769,1.525,World,CabinetD05,27.4,24.3,0.379,0.371,0,0,None,None,0,1,0,0,0.1486,0.1657,0.327,0.000,0
6.80,Akash,AUIT_Multi,CBA,0.845,1.769,1.189,2.6,358.6,0.693,1.765,1.528,1.006,1.769,1.514,World,CabinetD05,26.9,23.8,0.371,0.362,0,0,None,None,0,1,0,0,0.1616,0.1189,0.313,0.000,0
6.90,Akash,AUIT_Multi,CBA,0.845,1.769,1.188,2.8,358.8,0.708,1.765,1.524,1.006,1.769,1.497,World,CabinetD05,25.1,24.7,0.363,0.348,0,0,None,None,0,1,0,0,0.1574,0.1688,0.299,0.000,0
7.01,Akash,AUIT_Multi,CBA,0.843,1.769,1.187,2.2,358.9,0.723,1.764,1.519,1.006,1.769,1.499,World,CabinetD05,22.3,25.3,0.354,0.352,0,0,None,None,1,0,0,0,0.1388,0.0141,0.284,0.000,0
7.11,Akash,AUIT_Multi,CBA,0.843,1.769,1.186,2.7,358.7,0.737,1.764,1.515,1.006,1.769,1.501,World,CabinetD05,20.7,24.6,0.346,0.355,0,0,None,None,1,1,0,0,0.1532,0.0283,0.269,0.000,0
7.21,Akash,AUIT_Multi,CBA,0.844,1.769,1.186,3.9,358.7,0.753,1.763,1.511,1.006,1.769,1.501,World,CabinetD05,19.6,23.3,0.338,0.354,0,0,None,None,1,1,0,0,0.1737,0.0010,0.253,0.000,0
7.30,Akash,AUIT_Multi,CBA,0.847,1.769,1.186,6.1,358.7,0.730,1.768,1.540,1.006,1.769,1.494,World,CabinetD05,24.4,21.3,0.373,0.346,0,0,None,None,1,1,0,0,0.3869,0.0796,0.279,0.000,0
7.40,Akash,AUIT_Multi,CBA,0.851,1.768,1.186,8.4,359.2,0.732,1.768,1.542,1.003,1.769,1.448,World,CabinetD05,26.8,21.7,0.375,0.303,0,0,None,None,0,1,0,0,0.0265,0.4668,0.286,0.000,0
7.51,Akash,AUIT_Multi,CBA,0.857,1.768,1.186,12.8,359.5,0.754,1.768,1.540,1.000,1.768,1.404,World,CabinetD05,29.1,20.5,0.369,0.260,0,0,None,None,0,1,0,0,0.1914,0.4011,0.282,0.000,0
7.61,Akash,AUIT_Multi,CBA,0.862,1.768,1.186,15.8,359.5,0.783,1.768,1.539,0.997,1.768,1.365,World,CabinetD05,28.4,21.2,0.362,0.224,0,0,None,None,0,1,0,0,0.3024,0.3989,0.276,0.000,0
7.71,Akash,AUIT_Multi,CBA,0.864,1.767,1.187,16.6,359.8,0.803,1.768,1.539,0.996,1.768,1.343,World,CabinetD05,26.4,23.6,0.357,0.204,0,0,None,None,0,1,0,0,0.2081,0.2307,0.275,0.000,0
7.80,Akash,AUIT_Multi,CBA,0.864,1.766,1.188,16.6,0.1,0.811,1.767,1.539,0.995,1.767,1.336,World,CabinetD05,25.3,24.9,0.355,0.198,0,0,None,None,0,1,0,0,0.0751,0.0663,0.274,0.000,0
7.90,Akash,AUIT_Multi,CBA,0.864,1.766,1.190,16.6,0.1,0.812,1.766,1.540,0.995,1.766,1.336,World,CabinetD05,25.1,25.2,0.354,0.197,0,0,None,None,0,0,0,0,0.0208,0.0093,0.274,0.000,0
8.01,Akash,AUIT_Multi,CBA,0.863,1.766,1.190,16.6,0.0,0.812,1.766,1.540,0.995,1.766,1.338,World,CabinetD05,24.9,25.2,0.354,0.198,0,0,None,None,1,0,0,0,0.0059,0.0161,0.273,0.000,0
8.11,Akash,AUIT_Multi,CBA,0.863,1.766,1.190,17.1,359.5,0.813,1.766,1.540,0.995,1.766,1.338,World,CabinetD05,25.4,24.6,0.354,0.198,0,0,None,None,0,1,0,0,0.0048,0.0022,0.273,0.000,0
8.21,Akash,AUIT_Multi,CBA,0.863,1.768,1.189,17.9,358.7,0.816,1.767,1.540,0.995,1.767,1.334,World,CabinetD05,25.6,24.4,0.354,0.196,0,0,None,None,0,1,0,0,0.0320,0.0385,0.273,0.000,0
8.30,Akash,AUIT_Multi,CBA,0.863,1.769,1.188,19.4,357.5,0.821,1.768,1.539,0.994,1.768,1.329,World,CabinetD05,26.5,23.5,0.354,0.192,0,0,None,None,0,1,0,0,0.0535,0.0604,0.273,0.000,0
8.40,Akash,AUIT_Multi,CBA,0.866,1.772,1.185,22.9,355.9,0.833,1.770,1.539,0.992,1.770,1.316,World,CabinetD05Door,28.6,21.5,0.356,0.182,0,0,None,None,0,1,0,0,0.1306,0.1361,0.274,0.000,0
8.51,Akash,AUIT_Multi,CBA,0.870,1.774,1.180,27.1,354.3,0.860,1.772,1.538,0.991,1.772,1.292,World,CabinetD05Door,29.2,21.0,0.358,0.166,0,0,None,None,0,1,0,0,0.2458,0.2102,0.278,0.000,0
8.61,Akash,AUIT_Multi,CBA,0.876,1.776,1.174,32.2,353.1,0.888,1.774,1.536,1.005,1.774,1.281,World,CabinetD05Door,31.0,19.6,0.362,0.168,0,0,None,None,0,1,0,0,0.2899,0.1864,0.281,0.000,0
8.71,Akash,AUIT_Multi,CBA,0.882,1.777,1.168,37.1,352.7,0.913,1.776,1.453,1.119,1.776,1.319,World,CabinetD05Door,31.6,21.6,0.287,0.281,0,0,None,None,0,1,0,0,0.8888,1.2365,0.245,0.000,0
8.80,Akash,AUIT_Multi,CBA,0.885,1.777,1.166,38.5,352.6,0.934,1.777,1.418,1.184,1.783,1.391,World,CabinetD05Door,28.4,16.0,0.257,0.375,0,0,None,None,0,1,0,0,0.4176,1.0004,0.252,0.000,0
8.90,Akash,AUIT_Multi,CBA,0.885,1.777,1.167,37.3,353.1,0.943,1.777,1.419,1.169,1.794,1.465,World,CabinetD05Door,25.2,7.7,0.259,0.412,0,1,None,CabinetD05Door,0,1,0,0,0.0975,0.7904,0.231,0.000,0
9.01,Akash,AUIT_Multi,CBA,0.879,1.775,1.172,32.0,353.8,0.944,1.776,1.422,1.087,1.794,1.434,World,Quad,18.4,7.1,0.258,0.335,0,1,None,CabinetD05Door,1,1,0,0,0.0230,0.7908,0.144,0.000,0
9.11,Akash,AUIT_Multi,CBA,0.871,1.775,1.177,25.5,354.3,0.942,1.775,1.474,1.011,1.778,1.306,World,Quad,13.2,22.3,0.305,0.191,0,0,None,None,1,1,0,0,0.5342,1.5407,0.181,0.000,0
9.21,Akash,AUIT_Multi,CBA,0.861,1.775,1.180,19.6,354.1,0.882,1.775,1.534,0.994,1.776,1.293,World,Quad,17.3,30.2,0.355,0.175,0,0,None,None,1,0,0,0,0.8756,0.2176,0.265,0.000,0
9.30,Akash,AUIT_Multi,CBA,0.851,1.775,1.181,14.4,354.3,0.825,1.775,1.538,0.994,1.775,1.321,World,CabinetD05,19.4,31.7,0.357,0.200,0,0,None,None,1,0,0,0,0.5847,0.2875,0.275,0.000,0
9.40,Akash,AUIT_Multi,CBA,0.840,1.775,1.183,9.6,354.2,0.780,1.775,1.539,0.998,1.775,1.367,World,CabinetD05,20.0,31.4,0.361,0.242,0,0,None,None,1,0,0,0,0.4616,0.4696,0.277,0.000,0
9.51,Akash,AUIT_Multi,CBA,0.831,1.774,1.184,5.8,354.9,0.735,1.775,1.540,1.002,1.775,1.428,World,CabinetD05,21.4,29.6,0.369,0.298,0,0,None,None,1,0,0,0,0.4066,0.5505,0.289,0.000,0
9.61,Akash,AUIT_Multi,CBA,0.819,1.770,1.186,0.3,357.1,0.699,1.773,1.542,1.005,1.773,1.491,World,CabinetD05,19.1,31.1,0.375,0.356,0,0,None,None,1,0,0,0,0.3708,0.6438,0.310,0.000,0
9.71,Akash,AUIT_Multi,CBA,0.810,1.768,1.188,355.5,358.1,0.646,1.770,1.551,1.006,1.770,1.600,World,CabinetD05,19.9,30.0,0.398,0.456,0,0,None,None,1,0,0,0,0.5572,1.1250,0.363,0.000,0
9.80,Akash,AUIT_Multi,CBA,0.805,1.767,1.191,354.2,358.4,0.607,1.768,1.550,0.968,1.770,1.637,World,CabinetD05,23.2,25.8,0.410,0.475,0,0,None,None,1,0,0,0,0.4031,0.5408,0.372,0.000,0
9.90,Akash,AUIT_Multi,CBA,0.804,1.767,1.195,355.1,358.7,0.599,1.768,1.550,0.917,1.772,1.643,World,CabinetD05,25.1,19.0,0.411,0.462,0,0,None,None,0,1,0,0,0.0815,0.5329,0.331,0.000,0
10.01,Akash,AUIT_Multi,CBA,0.803,1.766,1.199,355.9,358.2,0.601,1.766,1.552,0.859,1.774,1.651,World,CabinetD05,25.6,11.2,0.406,0.455,0,0,None,None,0,1,0,0,0.0284,0.5268,0.276,0.000,0
10.11,Akash,AUIT_Multi,CBA,0.799,1.763,1.201,354.4,359.3,0.603,1.765,1.553,0.949,1.767,1.655,World,CabinetD05,23.3,24.0,0.403,0.478,0,0,None,None,1,1,0,0,0.0276,0.9333,0.360,0.000,0
10.21,Akash,AUIT_Multi,CBA,0.791,1.761,1.197,349.7,0.0,0.582,1.763,1.552,0.944,1.763,1.654,World,CabinetD05,20.1,28.8,0.412,0.482,0,0,None,None,1,0,0,0,0.2187,0.0653,0.376,0.000,0
10.30,Akash,AUIT_Multi,CBA,0.782,1.758,1.190,344.6,2.5,0.531,1.760,1.553,0.904,1.760,1.652,World,CabinetD06,19.5,30.4,0.441,0.478,0,0,None,None,1,0,0,0,0.5297,0.4095,0.386,0.000,0
10.40,Akash,AUIT_Multi,CBA,0.769,1.756,1.183,335.8,3.3,0.451,1.758,1.555,0.847,1.758,1.651,World,Quad,16.7,33.8,0.490,0.475,0,0,None,None,1,0,0,0,0.8275,0.5934,0.408,0.000,0
10.51,Akash,AUIT_Multi,CBA,0.758,1.754,1.174,325.8,4.0,0.351,1.756,1.511,0.753,1.756,1.651,World,Quad,16.7,33.9,0.528,0.477,0,0,None,None,1,0,0,0,0.9839,0.8401,0.426,0.000,0
10.61,Akash,AUIT_Multi,CBA,0.751,1.753,1.167,319.9,4.0,0.344,1.754,1.419,0.668,1.754,1.685,World,Quad,18.6,31.3,0.478,0.525,0,0,None,None,1,0,0,0,0.9501,0.9446,0.419,0.000,0
10.71,Akash,AUIT_Multi,CBA,0.748,1.753,1.162,316.8,4.3,0.346,1.753,1.356,0.603,1.753,1.716,World,CabinetD06,21.4,28.8,0.446,0.573,0,0,None,None,1,0,0,0,0.6414,0.7446,0.442,0.000,0
10.80,Akash,AUIT_Multi,CBA,0.747,1.757,1.156,314.7,2.4,0.346,1.754,1.322,0.575,1.754,1.674,World,CabinetD06,22.4,26.9,0.434,0.546,0,0,None,None,1,0,0,0,0.3545,0.5132,0.420,0.000,0
10.90,Akash,AUIT_Multi,CBA,0.751,1.761,1.151,313.5,0.6,0.346,1.757,1.304,0.518,1.753,1.662,World,CabinetD06Door,22.8,22.0,0.434,0.562,0,0,None,None,1,1,0,0,0.1848,0.5915,0.397,0.000,0
11.01,Akash,AUIT_Multi,CBA,0.756,1.766,1.145,312.2,357.8,0.347,1.762,1.303,0.456,1.753,1.648,World,CabinetD06Door,21.2,17.4,0.438,0.585,0,0,None,None,1,1,0,0,0.0426,0.5779,0.361,0.000,0
11.11,Akash,AUIT_Multi,CBA,0.760,1.770,1.141,311.5,356.1,0.348,1.767,1.303,0.479,1.764,1.653,World,CabinetD06Door,20.5,20.2,0.443,0.584,0,0,None,None,1,1,0,0,0.0491,0.2630,0.373,0.000,0
11.21,Akash,AUIT_Multi,CBA,0.765,1.768,1.141,312.9,356.8,0.349,1.769,1.302,0.489,1.769,1.655,World,CabinetD06Door,21.9,19.1,0.446,0.584,0,0,None,None,1,1,0,0,0.0281,0.1172,0.379,0.000,0
11.30,Akash,AUIT_Multi,CBA,0.769,1.769,1.140,314.0,356.9,0.350,1.768,1.302,0.524,1.768,1.654,World,CabinetD06,23.0,20.8,0.449,0.570,0,0,None,None,1,1,0,0,0.0150,0.3622,0.392,0.000,0
11.40,Akash,AUIT_Multi,CBA,0.772,1.771,1.138,315.0,355.4,0.351,1.769,1.302,0.548,1.769,1.653,World,CabinetD06,24.3,21.9,0.452,0.562,0,0,None,None,1,1,0,0,0.0152,0.2486,0.403,0.000,0
11.51,Akash,AUIT_Multi,CBA,0.776,1.771,1.137,317.1,355.5,0.352,1.771,1.303,0.579,1.771,1.672,World,CabinetD06,26.1,23.1,0.454,0.570,0,0,None,None,0,1,0,0,0.0182,0.3236,0.433,0.000,0
11.61,Akash,AUIT_Multi,CBA,0.777,1.772,1.135,317.1,355.0,0.353,1.771,1.307,0.589,1.771,1.703,World,CabinetD06,25.5,25.1,0.457,0.598,0,0,None,None,0,0,0,0,0.0485,0.3338,0.461,0.000,0
11.71,Akash,AUIT_Multi,CBA,0.778,1.773,1.132,317.6,354.1,0.354,1.772,1.307,0.592,1.772,1.711,World,CabinetD06,25.8,25.2,0.459,0.608,0,0,None,None,0,0,0,0,0.0120,0.0887,0.468,0.000,0
11.80,Akash,AUIT_Multi,CBA,0.779,1.773,1.131,318.7,354.3,0.354,1.773,1.311,0.592,1.773,1.736,World,CabinetD06,26.3,24.7,0.462,0.634,0,0,None,None,0,1,0,0,0.0355,0.2615,0.487,0.000,0
11.90,Akash,AUIT_Multi,CBA,0.780,1.773,1.130,319.7,354.4,0.354,1.773,1.319,0.591,1.773,1.780,World,CabinetD06,26.4,24.7,0.466,0.677,0,0,None,None,0,1,0,0,0.0809,0.4528,0.519,0.000,0
12.01,Akash,AUIT_Multi,CBA,0.779,1.773,1.130,320.1,354.1,0.353,1.773,1.327,0.622,1.773,1.709,World,CabinetD06,25.9,25.4,0.469,0.600,0,0,None,None,0,0,0,0,0.0707,0.6980,0.467,0.000,0
12.11,Akash,AUIT_Multi,CBA,0.777,1.772,1.131,319.8,354.5,0.353,1.773,1.328,0.601,1.773,1.791,World,CabinetD06,25.4,25.8,0.467,0.683,0,0,None,None,0,0,0,0,0.0149,0.8640,0.525,0.000,0
12.21,Akash,AUIT_Multi,CBA,0.774,1.765,1.137,320.3,357.9,0.353,1.771,1.329,0.599,1.771,1.790,World,CabinetD06,25.8,24.8,0.463,0.676,0,0,None,None,0,1,0,0,0.0294,0.0332,0.522,0.000,0
12.30,Akash,AUIT_Multi,CBA,0.771,1.754,1.147,322.5,5.0,0.351,1.763,1.343,0.635,1.763,1.686,World,CabinetD06,28.0,24.1,0.464,0.557,0,0,None,None,0,1,0,0,0.1667,1.1283,0.445,0.000,0
12.40,Akash,AUIT_Multi,CBA,0.766,1.738,1.157,323.4,13.6,0.350,1.751,1.367,0.658,1.751,1.656,World,CabinetD06,30.5,28.5,0.466,0.510,0,0,None,None,0,0,0,0,0.2740,0.4084,0.422,0.000,0
12.51,Akash,AUIT_Multi,CBA,0.752,1.725,1.169,322.1,19.9,0.347,1.735,1.381,0.658,1.735,1.654,World,CabinetD06,32.0,33.6,0.457,0.494,0,0,None,None,0,0,0,0,0.1940,0.1513,0.413,0.000,0
12.61,Akash,AUIT_Multi,CBA,0.738,1.720,1.179,321.9,22.3,0.344,1.726,1.378,0.609,1.726,1.783,World,Wall4m,33.6,34.2,0.441,0.618,0,0,None,None,0,0,0,0,0.1035,1.4310,0.484,0.000,0
12.70,Akash,AUIT_Multi,CBA,0.721,1.716,1.185,321.9,24.0,0.340,1.720,1.380,0.590,1.720,1.808,World,Wall4m,34.2,35.2,0.427,0.637,0,0,None,None,0,0,0,0,0.0784,0.3294,0.495,0.000,0
12.80,Akash,AUIT_Multi,CBA,0.698,1.714,1.188,319.5,25.4,0.336,1.716,1.375,0.586,1.716,1.732,World,Wall4m,33.6,37.9,0.407,0.555,0,0,None,None,0,0,0,0,0.0830,0.7880,0.436,0.000,0
12.91,Akash,AUIT_Multi,CBA,0.668,1.710,1.190,316.0,26.5,0.346,1.707,1.370,0.520,1.681,1.666,World,Wall4m,30.6,34.5,0.368,0.499,0,0,None,None,0,0,0,0,0.1342,0.8909,0.344,0.000,0
13.01,Akash,AUIT_Multi,CBA,0.641,1.708,1.190,315.4,25.7,0.359,1.697,1.377,0.447,1.642,1.620,World,Wall4m,26.4,26.2,0.339,0.477,0,0,None,None,0,0,0,0,0.1802,0.9744,0.264,0.000,0
13.11,Akash,AUIT_Multi,CBA,0.617,1.710,1.189,314.4,26.8,0.371,1.688,1.388,0.380,1.645,1.611,World,Wall4m,23.4,24.6,0.317,0.489,0,0,None,None,1,1,0,0,0.1888,0.7108,0.227,0.000,0
13.20,Akash,AUIT_Multi,CBA,0.595,1.712,1.193,312.1,25.6,0.384,1.679,1.386,0.357,1.700,1.651,World,Wall4m,19.0,31.3,0.288,0.517,0,0,None,None,1,0,0,0,0.1649,0.7336,0.268,0.660,0
13.30,Akash,AUIT_Multi,CBA,0.587,1.709,1.200,308.2,24.8,0.398,1.669,1.385,0.354,1.710,1.657,World,Wall4m,17.1,34.5,0.267,0.513,0,0,None,None,1,0,0,0,0.1765,0.1196,0.278,1.000,0
13.41,Akash,AUIT_Multi,CBA,0.589,1.715,1.207,301.2,23.4,0.408,1.659,1.385,0.337,1.710,1.659,World,CabinetD06Door,16.7,36.7,0.260,0.517,0,0,None,None,1,0,0,0,0.1273,0.1557,0.287,1.000,0
13.51,Akash,AUIT_Multi,CBA,0.585,1.716,1.208,294.1,22.7,0.362,1.650,1.384,0.265,1.715,1.663,World,CabinetD06Door,16.4,37.5,0.292,0.556,0,0,None,None,1,0,0,0,0.4774,0.7351,0.303,1.000,0
13.61,Akash,AUIT_Multi,CBA,0.572,1.719,1.211,290.4,23.7,0.372,1.641,1.378,0.212,1.717,1.636,World,Quad,19.4,36.8,0.272,0.557,0,0,None,None,1,0,0,0,0.1486,0.6165,0.313,0.000,0
13.71,Akash,AUIT_Multi,CBA,0.553,1.719,1.219,289.7,23.1,0.389,1.632,1.383,0.202,1.719,1.591,World,CabinetD06Door,23.5,34.9,0.248,0.511,0,0,None,None,1,0,0,0,0.2117,0.4732,0.293,0.000,0
13.80,Akash,AUIT_Multi,CBA,0.528,1.716,1.227,291.5,23.4,0.401,1.622,1.390,0.200,1.718,1.573,World,CabinetD06Door,27.9,33.9,0.227,0.477,0,0,None,None,0,0,0,0,0.1741,0.1834,0.288,0.000,0
13.91,Akash,AUIT_Multi,CBA,0.495,1.709,1.233,295.5,24.2,0.215,1.661,1.311,0.208,1.691,1.536,World,CabinetD06Door,17.5,29.8,0.295,0.418,0,0,None,None,1,0,0,0,1.8740,0.4242,0.227,0.000,0
14.01,Akash,AUIT_Multi,CBA,0.460,1.711,1.231,297.5,24.1,0.218,1.658,1.319,0.224,1.650,1.469,World,CabinetD06Door,14.4,21.9,0.262,0.340,0,0,None,None,1,1,0,0,0.0959,0.8191,0.150,0.000,0
14.11,Akash,AUIT_Multi,CBA,0.425,1.713,1.232,297.0,23.6,0.216,1.656,1.324,0.230,1.632,1.419,World,Quad,10.1,17.3,0.236,0.282,0,0,None,None,1,1,0,0,0.0599,0.5535,0.099,1.000,0
14.20,Akash,AUIT_Multi,CBA,0.395,1.709,1.238,297.5,25.8,0.210,1.653,1.327,0.198,1.697,1.450,World,CabinetD06Door,10.6,30.1,0.213,0.290,0,0,None,None,1,0,0,0,0.0681,0.8065,0.131,0.000,0
14.30,Akash,AUIT_Multi,CBA,0.369,1.708,1.244,297.5,26.3,0.206,1.650,1.331,0.190,1.707,1.459,World,Quad,9.0,34.1,0.194,0.280,0,0,None,None,1,0,0,0,0.0692,0.1645,0.141,0.000,0
14.41,Akash,AUIT_Multi,CBA,0.348,1.704,1.249,296.3,27.4,0.166,1.646,1.336,0.186,1.707,1.463,World,CabinetD06Door,11.5,37.8,0.210,0.268,0,0,None,None,1,0,0,0,0.3615,0.0535,0.142,0.000,0
14.51,Akash,AUIT_Multi,CBA,0.337,1.702,1.252,296.2,28.5,0.147,1.643,1.340,0.184,1.703,1.451,World,CabinetD06Door,13.0,38.4,0.217,0.250,0,0,None,None,1,0,0,0,0.2007,0.1269,0.131,0.000,0
14.61,Akash,AUIT_Multi,CBA,0.333,1.703,1.255,297.5,28.2,0.182,1.641,1.345,0.183,1.702,1.445,World,Quad,9.1,36.5,0.187,0.242,0,0,None,None,1,0,0,0,0.3634,0.0569,0.118,0.000,0
14.70,Akash,AUIT_Multi,CBA,0.331,1.704,1.258,298.5,27.8,0.197,1.639,1.350,0.183,1.703,1.446,World,Quad,8.0,35.6,0.175,0.239,0,0,None,None,1,0,0,0,0.1623,0.0159,0.117,0.000,0
14.80,Akash,AUIT_Multi,CBA,0.330,1.703,1.261,298.3,28.1,0.199,1.636,1.354,0.183,1.704,1.446,World,Quad,8.5,36.0,0.174,0.237,0,0,None,None,1,0,0,0,0.0606,0.0023,0.115,0.000,0
14.91,Akash,AUIT_Multi,CBA,0.329,1.701,1.266,297.7,28.5,0.199,1.681,1.300,0.183,1.703,1.446,World,CabinetD06Door,23.3,36.4,0.136,0.232,0,0,None,None,1,0,0,0,0.6348,0.0098,0.148,0.000,0
15.01,Akash,AUIT_Multi,CBA,0.329,1.700,1.269,297.7,29.0,0.201,1.698,1.280,0.183,1.701,1.445,World,CabinetD06Door,35.6,36.4,0.129,0.229,0,0,None,None,0,0,0,0,0.2706,0.0167,0.166,0.000,0
15.11,Akash,AUIT_Multi,CBA,0.331,1.700,1.272,297.9,29.1,0.203,1.700,1.279,0.183,1.700,1.451,World,CabinetD06Door,37.3,36.3,0.129,0.233,0,0,None,None,0,0,0,0,0.0273,0.0608,0.173,0.000,0
15.20,Akash,AUIT_Multi,CBA,0.335,1.699,1.274,298.8,29.3,0.203,1.700,1.280,0.182,1.700,1.468,World,CabinetD06Door,38.8,36.5,0.132,0.247,0,0,None,None,0,0,0,0,0.0070,0.1699,0.189,0.000,0
15.30,Akash,AUIT_Multi,CBA,0.344,1.699,1.279,301.7,29.7,0.216,1.699,1.284,0.180,1.699,1.492,World,CabinetD06Door,40.8,35.7,0.128,0.269,0,0,None,None,0,0,0,0,0.1333,0.2527,0.211,0.000,0
15.41,Akash,AUIT_Multi,CBA,0.362,1.699,1.289,307.9,29.7,0.234,1.699,1.298,0.177,1.699,1.562,World,CabinetD06Door,44.0,34.3,0.128,0.330,0,0,None,None,0,0,0,0,0.2074,0.6256,0.270,0.000,0
15.51,Akash,AUIT_Multi,CBA,0.388,1.698,1.299,312.3,29.8,0.246,1.699,1.320,0.193,1.699,1.639,World,CabinetD06Door,44.3,34.5,0.144,0.392,0,0,None,None,0,0,0,0,0.2517,0.8159,0.324,0.000,0
15.61,Akash,AUIT_Multi,CBA,0.426,1.699,1.310,317.8,30.2,0.253,1.698,1.346,0.249,1.698,1.656,World,Wall4m,45.4,33.3,0.177,0.389,0,0,None,None,0,0,0,0,0.2854,0.6026,0.310,0.000,0
15.71,Akash,AUIT_Multi,CBA,0.474,1.700,1.322,326.3,30.3,0.261,1.699,1.390,0.334,1.699,1.656,World,Wall4m,47.4,32.0,0.224,0.363,0,0,None,None,0,0,0,0,0.4609,0.8690,0.276,0.000,0
15.80,Akash,AUIT_Multi,CBA,0.524,1.699,1.331,334.4,30.6,0.269,1.700,1.459,0.434,1.700,1.655,World,Wall4m,47.0,32.1,0.285,0.337,0,0,None,None,0,0,0,0,0.7100,1.0287,0.256,0.000,0
15.91,Akash,AUIT_Multi,CBA,0.578,1.698,1.336,343.1,31.0,0.287,1.699,1.552,0.537,1.693,1.817,World,Wall4m,46.5,32.4,0.362,0.483,0,0,None,None,0,0,0,0,0.8530,1.7277,0.364,0.000,0
16.01,Akash,AUIT_Multi,CBA,0.618,1.697,1.337,353.0,31.0,0.372,1.698,1.580,0.541,1.651,1.698,World,Wall4m,47.8,24.3,0.346,0.372,0,0,None,None,0,1,0,0,0.9210,1.2907,0.211,0.000,0
16.11,Akash,AUIT_Multi,CBA,0.650,1.700,1.333,0.6,31.2,0.467,1.698,1.586,0.547,1.611,1.616,World,Wall4m,46.3,23.9,0.312,0.314,0,0,None,None,0,1,0,0,0.9761,0.9468,0.122,0.000,0
16.21,Akash,AUIT_Multi,CBA,0.674,1.703,1.328,6.7,30.4,0.538,1.700,1.583,0.746,1.668,1.640,World,CabinetD05,44.5,24.9,0.288,0.322,0,0,None,None,0,1,0,0,0.7365,2.1416,0.218,0.000,0
16.30,Akash,AUIT_Multi,CBA,0.694,1.709,1.328,13.6,29.7,0.594,1.704,1.587,0.884,1.700,1.664,World,CabinetD05,43.8,32.1,0.278,0.386,0,0,None,None,0,0,0,0,0.5752,1.4798,0.300,0.000,0
16.41,Akash,AUIT_Multi,CBA,0.715,1.708,1.329,18.9,29.4,0.652,1.708,1.578,0.968,1.708,1.656,World,CabinetD05,43.1,34.4,0.257,0.413,0,0,None,None,0,0,0,0,0.5283,0.7673,0.326,0.000,0
16.51,Akash,AUIT_Multi,CBA,0.730,1.709,1.333,21.7,29.1,0.690,1.709,1.577,0.922,1.662,1.657,World,CabinetD05,41.4,23.5,0.248,0.380,0,0,None,None,0,1,0,0,0.3914,0.6718,0.250,0.000,0
16.61,Akash,AUIT_Multi,CBA,0.740,1.708,1.337,22.7,29.5,0.715,1.709,1.578,0.879,1.617,1.662,World,CabinetD05,40.3,15.1,0.243,0.365,0,0,None,None,0,1,0,0,0.2615,0.6408,0.206,0.000,0
16.71,Akash,AUIT_Multi,CBA,0.747,1.706,1.342,22.7,30.2,0.730,1.708,1.579,0.915,1.645,1.614,World,CabinetD05,39.9,21.3,0.237,0.325,0,0,None,None,0,1,0,0,0.1487,0.6822,0.198,0.000,0
16.80,Akash,AUIT_Multi,CBA,0.751,1.703,1.349,22.1,30.9,0.737,1.705,1.581,0.974,1.696,1.569,World,Wall4m,39.8,36.8,0.232,0.313,0,0,None,None,0,0,0,0,0.0764,0.9208,0.238,0.000,0
16.90,Akash,AUIT_Multi,CBA,0.753,1.701,1.354,21.4,31.7,0.739,1.703,1.583,0.984,1.702,1.569,World,Wall4m,39.9,40.1,0.228,0.316,0,0,None,None,0,0,0,0,0.0359,0.1242,0.246,0.000,0
17.01,Akash,AUIT_Multi,CBA,0.752,1.699,1.359,20.7,32.2,0.753,1.690,1.593,0.942,1.657,1.603,World,Wall4m,35.5,29.2,0.235,0.313,0,0,None,None,0,0,0,0,0.2005,0.6296,0.193,0.000,0
17.11,Akash,AUIT_Multi,CBA,0.749,1.699,1.360,20.2,32.1,0.769,1.675,1.605,0.892,1.607,1.639,World,Wall4m,30.2,16.9,0.247,0.327,0,0,None,None,0,1,0,0,0.2524,0.8215,0.145,0.000,0
17.21,Akash,AUIT_Multi,CBA,0.744,1.700,1.359,19.7,31.9,0.782,1.661,1.616,0.909,1.635,1.663,World,Wall4m,25.7,22.8,0.263,0.352,0,0,None,None,0,1,0,0,0.2315,0.4217,0.138,1.000,0
17.30,Akash,AUIT_Multi,CBA,0.739,1.701,1.357,18.3,31.4,0.794,1.647,1.627,0.947,1.690,1.668,World,CabinetD05,21.2,33.1,0.281,0.374,0,0,None,None,1,0,0,0,0.2233,0.6877,0.164,0.000,0
17.40,Akash,AUIT_Multi,CBA,0.732,1.708,1.356,15.5,29.0,0.804,1.633,1.638,0.948,1.701,1.668,World,CabinetD05,14.6,33.4,0.300,0.379,0,0,None,None,1,0,0,0,0.2076,0.1172,0.162,0.000,0
17.51,Akash,AUIT_Multi,CBA,0.716,1.727,1.354,7.2,18.9,0.808,1.620,1.650,0.944,1.714,1.668,World,Quad,9.5,32.9,0.328,0.388,0,0,None,None,1,0,0,0,0.1622,0.1228,0.166,0.000,0
17.61,Akash,AUIT_Multi,CBA,0.704,1.740,1.348,3.5,12.1,0.817,1.607,1.663,0.907,1.728,1.665,World,Quad,18.2,30.6,0.360,0.377,0,0,None,None,1,0,0,0,0.2120,0.4090,0.151,0.000,0
17.71,Akash,AUIT_Multi,CBA,0.695,1.749,1.340,3.1,7.4,0.828,1.595,1.674,0.878,1.741,1.664,World,CabinetD05,23.9,27.0,0.391,0.372,0,0,None,None,1,0,0,0,0.2017,0.3259,0.155,0.000,0
17.80,Akash,AUIT_Multi,CBA,0.686,1.756,1.335,3.4,4.1,0.841,1.581,1.684,0.868,1.750,1.664,World,CabinetD05,28.4,25.7,0.420,0.376,0,0,None,None,0,0,0,0,0.2195,0.1320,0.172,0.000,0
17.90,Akash,AUIT_Multi,CBA,0.677,1.761,1.330,2.7,1.7,0.854,1.568,1.695,0.862,1.756,1.663,World,CabinetD05,32.6,26.3,0.449,0.381,0,0,None,None,0,0,0,0,0.2205,0.0937,0.192,0.000,0
18.01,Akash,AUIT_Multi,CBA,0.666,1.762,1.326,1.0,1.5,0.628,1.725,1.581,0.846,1.760,1.662,World,Quad,11.5,27.2,0.260,0.381,0,0,None,None,1,0,0,0,2.6749,0.1496,0.235,0.000,0
18.11,Akash,AUIT_Multi,CBA,0.661,1.764,1.324,1.5,0.3,0.562,1.757,1.579,0.831,1.762,1.662,World,CabinetD05,22.7,25.2,0.274,0.378,0,0,None,None,1,0,0,0,0.7628,0.1579,0.281,0.000,0
18.21,Akash,AUIT_Multi,CBA,0.665,1.765,1.322,6.0,359.9,0.557,1.764,1.580,0.838,1.764,1.663,World,CabinetD05,28.8,20.8,0.280,0.382,0,0,None,None,0,1,0,0,0.0796,0.0730,0.292,0.000,0
18.30,Akash,AUIT_Multi,CBA,0.673,1.766,1.319,12.3,359.4,0.582,1.765,1.583,0.883,1.765,1.666,World,CabinetD05,31.3,18.9,0.279,0.405,0,0,None,None,0,1,0,0,0.2615,0.4690,0.312,0.000,0
18.40,Akash,AUIT_Multi,CBA,0.676,1.771,1.316,15.2,357.1,0.614,1.768,1.582,0.941,1.768,1.669,World,CabinetD05,28.6,21.9,0.274,0.441,0,0,None,None,0,1,0,0,0.3242,0.5977,0.339,0.000,0
18.51,Akash,AUIT_Multi,CBA,0.671,1.773,1.313,13.2,356.4,0.626,1.772,1.579,0.967,1.772,1.669,World,CabinetD05,23.3,26.6,0.270,0.463,0,0,None,None,1,0,0,0,0.1176,0.2332,0.353,0.000,0
18.61,Akash,AUIT_Multi,CBA,0.662,1.773,1.313,9.4,356.4,0.610,1.773,1.584,0.942,1.773,1.667,World,CabinetD05,20.8,29.0,0.276,0.451,0,0,None,None,1,0,0,0,0.1713,0.2567,0.342,0.000,0
18.71,Akash,AUIT_Multi,CBA,0.654,1.774,1.311,6.7,355.8,0.586,1.773,1.578,0.901,1.773,1.665,World,CabinetD05,21.5,28.5,0.276,0.431,0,0,None,None,1,0,0,0,0.2474,0.4132,0.327,0.000,0
18.80,Akash,AUIT_Multi,CBA,0.648,1.774,1.311,5.7,355.9,0.567,1.774,1.576,0.873,1.774,1.664,World,CabinetD05,23.1,27.0,0.277,0.419,0,0,None,None,1,0,0,0,0.1998,0.2969,0.318,0.000,0
18.90,Akash,AUIT_Multi,CBA,0.644,1.773,1.310,5.7,356.1,0.556,1.773,1.575,0.859,1.773,1.664,World,CabinetD05,24.3,25.8,0.280,0.414,0,0,None,None,1,0,0,0,0.1139,0.1438,0.315,0.000,0
19.01,Akash,AUIT_Multi,CBA,0.644,1.774,1.308,8.0,355.2,0.553,1.773,1.575,0.859,1.773,1.664,World,CabinetD05,27.2,23.5,0.282,0.416,0,0,None,None,0,1,0,0,0.0223,0.0035,0.318,0.000,0
19.11,Akash,AUIT_Multi,CBA,0.649,1.774,1.306,12.9,355.2,0.568,1.774,1.575,0.887,1.774,1.666,World,CabinetD05,30.0,21.1,0.282,0.432,0,0,None,None,0,1,0,0,0.1472,0.2893,0.332,0.000,0
19.21,Akash,AUIT_Multi,CBA,0.654,1.774,1.303,16.8,355.2,0.592,1.774,1.581,0.936,1.774,1.669,World,CabinetD05,29.7,21.5,0.285,0.462,0,0,None,None,0,1,0,0,0.2545,0.5126,0.356,0.000,0
19.30,Akash,AUIT_Multi,CBA,0.658,1.775,1.301,20.0,354.8,0.616,1.774,1.576,0.974,1.774,1.657,World,CabinetD05,29.2,22.1,0.278,0.475,0,0,None,None,0,1,0,0,0.2553,0.4014,0.367,0.000,0
19.40,Akash,AUIT_Multi,CBA,0.662,1.775,1.299,22.0,354.9,0.635,1.775,1.571,0.980,1.775,1.622,World,CabinetD05,28.0,23.1,0.272,0.453,0,0,None,None,0,1,0,0,0.2081,0.3638,0.349,0.000,0
19.51,Akash,AUIT_Multi,CBA,0.665,1.775,1.298,23.6,355.0,0.650,1.775,1.569,0.980,1.775,1.593,World,CabinetD05,27.2,23.8,0.271,0.432,0,0,None,None,0,1,0,0,0.1277,0.2594,0.332,0.000,0
19.61,Akash,AUIT_Multi,CBA,0.667,1.775,1.296,25.2,354.5,0.659,1.775,1.568,0.980,1.775,1.574,World,CabinetD05,27.4,23.8,0.273,0.418,0,0,None,None,0,1,0,0,0.0982,0.2009,0.321,0.000,0
19.71,Akash,AUIT_Multi,CBA,0.669,1.776,1.293,26.6,354.2,0.669,1.775,1.568,0.979,1.775,1.553,World,CabinetD05,27.1,24.1,0.275,0.405,0,0,None,None,0,1,0,0,0.1026,0.2092,0.310,0.000,0
19.80,Akash,AUIT_Multi,CBA,0.668,1.776,1.291,27.0,354.2,0.676,1.776,1.567,0.978,1.776,1.539,World,CabinetD05,26.0,25.0,0.276,0.397,0,0,None,None,0,0,0,0,0.0683,0.1471,0.304,0.000,0
19.90,Akash,AUIT_Multi,CBA,0.666,1.776,1.290,26.7,354.2,0.677,1.776,1.567,0.978,1.776,1.536,World,CabinetD05,25.2,25.7,0.277,0.397,0,0,None,None,0,0,0,0,0.0117,0.0365,0.303,0.000,0
20.01,Akash,AUIT_Multi,CBA,0.664,1.776,1.289,26.2,354.3,0.674,1.776,1.566,0.978,1.776,1.538,World,CabinetD05,24.9,26.0,0.277,0.401,0,0,None,None,1,0,0,0,0.0279,0.0199,0.306,0.000,0
20.11,Akash,AUIT_Multi,CBA,0.662,1.776,1.288,25.5,354.3,0.669,1.776,1.566,0.979,1.776,1.543,World,CabinetD05,24.6,26.3,0.278,0.406,0,0,None,None,1,0,0,0,0.0430,0.0502,0.310,0.000,0
20.21,Akash,AUIT_Multi,CBA,0.659,1.776,1.287,24.5,354.1,0.663,1.776,1.566,0.979,1.776,1.551,World,CabinetD05,24.3,26.6,0.279,0.415,0,0,None,None,1,0,0,0,0.0612,0.0843,0.316,0.000,0
20.30,Akash,AUIT_Multi,CBA,0.657,1.776,1.286,23.7,354.0,0.656,1.776,1.565,0.980,1.776,1.561,World,CabinetD05,24.6,26.4,0.280,0.424,0,0,None,None,1,0,0,0,0.0726,0.1069,0.323,0.000,0
20.40,Akash,AUIT_Multi,CBA,0.656,1.777,1.284,23.3,353.9,0.651,1.776,1.565,0.980,1.776,1.569,World,CabinetD05,25.0,26.1,0.281,0.431,0,0,None,None,1,0,0,0,0.0555,0.0773,0.329,0.000,0
20.51,Akash,AUIT_Multi,CBA,0.655,1.777,1.282,22.8,353.7,0.647,1.777,1.565,0.980,1.777,1.574,World,CabinetD05,25.3,26.0,0.283,0.437,0,0,None,None,0,0,0,0,0.0400,0.0512,0.334,0.000,0
20.61,Akash,AUIT_Multi,CBA,0.655,1.777,1.280,22.7,353.6,0.645,1.777,1.565,0.980,1.777,1.576,World,CabinetD05,25.6,25.7,0.285,0.440,0,0,None,None,0,0,0,0,0.0221,0.0204,0.336,0.000,0
20.71,Akash,AUIT_Multi,CBA,0.656,1.777,1.278,22.4,353.6,0.644,1.777,1.564,0.981,1.777,1.576,World,CabinetD05,25.6,25.8,0.286,0.441,0,0,None,None,0,0,0,0,0.0095,0.0011,0.337,0.000,0
20.80,Akash,AUIT_Multi,CBA,0.656,1.777,1.276,22.1,353.5,0.643,1.777,1.564,0.981,1.777,1.577,World,CabinetD05,25.6,25.8,0.288,0.443,0,0,None,None,0,0,0,0,0.0119,0.0042,0.338,0.000,0
20.90,Akash,AUIT_Multi,CBA,0.657,1.777,1.274,21.9,353.5,0.642,1.777,1.563,0.981,1.777,1.577,World,CabinetD05,25.6,25.8,0.290,0.444,0,0,None,None,0,0,0,0,0.0093,0.0040,0.339,0.000,0
21.01,Akash,AUIT_Multi,CBA,0.657,1.778,1.272,21.4,353.3,0.641,1.777,1.563,0.981,1.777,1.578,World,CabinetD05,25.5,26.0,0.291,0.446,0,0,None,None,0,0,0,0,0.0131,0.0115,0.341,0.000,0
21.11,Akash,AUIT_Multi,CBA,0.657,1.778,1.270,20.9,353.3,0.638,1.778,1.563,0.982,1.778,1.581,World,CabinetD05,25.4,26.1,0.293,0.450,0,0,None,None,0,0,0,0,0.0227,0.0310,0.344,0.000,0
21.21,Akash,AUIT_Multi,CBA,0.657,1.778,1.268,20.5,353.2,0.636,1.778,1.563,0.982,1.778,1.585,World,CabinetD05,25.5,26.1,0.295,0.453,0,0,None,None,0,0,0,0,0.0249,0.0354,0.347,0.000,0
21.30,Akash,AUIT_Multi,CBA,0.657,1.778,1.267,20.1,353.2,0.634,1.778,1.563,0.982,1.778,1.588,World,CabinetD05,25.5,26.1,0.297,0.457,0,0,None,None,0,0,0,0,0.0248,0.0353,0.350,0.000,0
21.40,Akash,AUIT_Multi,CBA,0.657,1.778,1.265,19.6,353.0,0.631,1.778,1.563,0.982,1.778,1.592,World,CabinetD05,25.5,26.2,0.299,0.461,0,0,None,None,0,0,0,0,0.0262,0.0378,0.353,0.000,0
21.51,Akash,AUIT_Multi,CBA,0.657,1.779,1.264,19.2,353.0,0.628,1.778,1.563,0.983,1.778,1.597,World,CabinetD05,25.6,26.1,0.300,0.466,0,0,None,None,0,0,0,0,0.0276,0.0462,0.356,0.000,0
21.61,Akash,AUIT_Multi,CBA,0.657,1.778,1.264,18.9,353.1,0.626,1.778,1.563,0.983,1.778,1.601,World,CabinetD05,25.7,26.0,0.301,0.469,0,0,None,None,0,0,0,0,0.0193,0.0365,0.359,0.000,0
21.71,Akash,AUIT_Multi,CBA,0.658,1.778,1.264,18.8,353.2,0.625,1.778,1.563,0.983,1.778,1.602,World,CabinetD05,25.9,25.9,0.301,0.469,0,0,None,None,0,0,0,0,0.0064,0.0158,0.360,0.000,0
21.80,Akash,AUIT_Multi,CBA,0.659,1.778,1.264,18.6,353.3,0.625,1.778,1.563,0.983,1.778,1.603,World,CabinetD05,25.7,26.0,0.301,0.469,0,0,None,None,0,0,0,0,0.0006,0.0089,0.360,0.000,0
21.90,Akash,AUIT_Multi,CBA,0.659,1.778,1.265,18.4,353.2,0.625,1.778,1.564,0.983,1.778,1.606,World,CabinetD05,25.8,26.0,0.301,0.471,0,0,None,None,0,0,0,0,0.0077,0.0284,0.361,0.000,0
22.01,Akash,AUIT_Multi,CBA,0.659,1.778,1.265,18.5,353.3,0.625,1.778,1.564,0.983,1.778,1.607,World,CabinetD05,25.8,25.9,0.300,0.471,0,0,None,None,0,0,0,0,0.0015,0.0105,0.361,0.000,0
22.11,Akash,AUIT_Multi,CBA,0.658,1.778,1.267,18.0,353.5,0.624,1.778,1.564,0.984,1.778,1.609,World,CabinetD05,25.3,26.2,0.300,0.472,0,0,None,None,0,0,0,0,0.0089,0.0251,0.362,0.000,0
22.21,Akash,AUIT_Multi,CBA,0.656,1.777,1.269,17.1,353.8,0.621,1.778,1.566,0.984,1.778,1.618,World,CabinetD05,24.7,26.7,0.300,0.479,0,0,None,None,1,0,0,0,0.0415,0.0924,0.367,0.000,0
22.30,Akash,AUIT_Multi,CBA,0.654,1.777,1.270,15.7,353.7,0.613,1.777,1.570,0.985,1.777,1.636,World,CabinetD05,24.3,27.1,0.302,0.493,0,0,None,None,1,0,0,0,0.0879,0.1805,0.378,0.000,0
22.40,Akash,AUIT_Multi,CBA,0.652,1.777,1.272,14.6,353.7,0.604,1.777,1.573,0.985,1.777,1.657,World,CabinetD05,24.5,26.9,0.304,0.509,0,0,None,None,1,0,0,0,0.1016,0.2217,0.390,0.000,0
22.51,Akash,AUIT_Multi,CBA,0.651,1.776,1.274,13.6,354.1,0.596,1.777,1.572,0.975,1.777,1.666,World,CabinetD05,24.7,26.6,0.302,0.508,0,0,None,None,1,0,0,0,0.0688,0.1181,0.390,0.000,0
22.61,Akash,AUIT_Multi,CBA,0.651,1.777,1.276,13.3,353.9,0.592,1.777,1.571,0.965,1.777,1.666,World,CabinetD05,25.4,26.1,0.301,0.501,0,0,None,None,0,0,0,0,0.0426,0.0984,0.385,0.000,0
22.71,Akash,AUIT_Multi,CBA,0.654,1.777,1.277,13.4,353.6,0.591,1.777,1.571,0.961,1.777,1.666,World,CabinetD05,26.1,25.7,0.300,0.496,0,0,None,None,0,0,0,0,0.0104,0.0419,0.382,0.000,0
22.81,Akash,AUIT_Multi,CBA,0.656,1.776,1.279,13.8,354.1,0.594,1.776,1.573,0.964,1.776,1.667,World,CabinetD05,26.4,25.2,0.301,0.495,0,0,None,None,0,0,0,0,0.0336,0.0280,0.382,0.000,0
22.90,Akash,AUIT_Multi,CBA,0.659,1.775,1.280,14.2,354.6,0.599,1.776,1.575,0.970,1.776,1.667,World,CabinetD05,26.2,25.1,0.301,0.497,0,0,None,None,0,0,0,0,0.0549,0.0689,0.383,0.000,0
23.01,Akash,AUIT_Multi,CBA,0.659,1.775,1.282,12.9,354.7,0.601,1.775,1.576,0.971,1.775,1.667,World,CabinetD05,24.6,26.6,0.300,0.496,0,0,None,None,1,0,0,0,0.0189,0.0034,0.381,0.000,0
23.11,Akash,AUIT_Multi,CBA,0.656,1.775,1.284,9.7,354.8,0.593,1.775,1.572,0.951,1.775,1.666,World,CabinetD05,22.6,28.4,0.295,0.483,0,0,None,None,1,0,0,0,0.0878,0.2015,0.370,0.000,0
23.21,Akash,AUIT_Multi,CBA,0.652,1.774,1.287,5.3,355.4,0.574,1.775,1.569,0.912,1.775,1.664,World,CabinetD05,21.3,29.6,0.293,0.458,0,0,None,None,1,0,0,0,0.1991,0.4032,0.351,0.000,0
23.31,Akash,AUIT_Multi,CBA,0.650,1.774,1.289,1.6,355.6,0.549,1.774,1.569,0.869,1.774,1.662,World,CabinetD05,21.9,29.1,0.298,0.432,0,0,None,None,1,0,0,0,0.2544,0.4445,0.333,0.000,0
23.40,Akash,AUIT_Multi,CBA,0.650,1.774,1.292,358.7,355.7,0.527,1.774,1.571,0.835,1.774,1.660,World,Wall4m,22.9,28.2,0.306,0.412,0,0,None,None,1,0,0,0,0.2244,0.3471,0.320,0.000,0
23.51,Akash,AUIT_Multi,CBA,0.651,1.773,1.294,355.9,355.9,0.508,1.773,1.574,0.808,1.773,1.659,World,Wall4m,23.3,27.6,0.314,0.398,0,0,None,None,1,0,0,0,0.1704,0.2411,0.312,0.000,0
23.61,Akash,AUIT_Multi,CBA,0.649,1.772,1.295,352.7,356.1,0.492,1.773,1.575,0.783,1.773,1.661,World,CabinetD06,22.4,27.7,0.321,0.390,0,0,None,None,1,0,0,0,0.1744,0.2566,0.304,0.000,0
23.71,Akash,AUIT_Multi,CBA,0.645,1.771,1.297,348.0,356.7,0.466,1.772,1.578,0.734,1.772,1.679,World,CabinetD06,20.8,25.3,0.333,0.392,0,0,None,None,1,0,0,0,0.2665,0.5417,0.287,0.000,0
23.81,Akash,AUIT_Multi,CBA,0.640,1.768,1.300,342.0,357.7,0.434,1.770,1.581,0.682,1.771,1.697,World,Quad,18.4,24.2,0.348,0.399,0,0,None,None,1,1,0,0,0.3306,0.5607,0.275,0.000,0
23.90,Akash,AUIT_Multi,CBA,0.631,1.767,1.294,331.4,0.0,0.364,1.768,1.585,0.658,1.768,1.671,World,Quad,13.9,32.8,0.395,0.377,0,0,None,None,1,0,0,0,0.7160,0.3699,0.306,0.000,0
24.01,Akash,AUIT_Multi,CBA,0.615,1.764,1.283,315.3,2.2,0.311,1.767,1.496,0.570,1.767,1.724,World,Quad,10.7,38.9,0.371,0.443,0,0,None,None,1,0,0,0,0.9367,0.9255,0.345,0.000,0
24.11,Akash,AUIT_Multi,CBA,0.599,1.757,1.277,308.0,6.7,0.311,1.762,1.397,0.475,1.762,1.669,World,Quad,17.2,35.1,0.312,0.411,0,0,None,None,1,0,0,0,1.0111,1.1291,0.318,0.000,0
24.21,Akash,AUIT_Multi,CBA,0.580,1.754,1.272,306.0,7.6,0.308,1.757,1.348,0.422,1.758,1.636,World,CabinetD06Door,22.0,31.5,0.282,0.397,0,0,None,None,1,0,0,0,0.5137,0.6468,0.310,0.000,0
24.31,Akash,AUIT_Multi,CBA,0.559,1.753,1.266,304.8,7.1,0.303,1.754,1.326,0.370,1.755,1.602,World,CabinetD06Door,23.0,26.7,0.263,0.385,0,0,None,None,1,0,0,0,0.2350,0.6404,0.284,0.000,0
24.40,Akash,AUIT_Multi,CBA,0.534,1.749,1.259,303.7,8.4,0.296,1.752,1.316,0.311,1.751,1.622,World,CabinetD06Door,22.1,26.1,0.245,0.426,0,0,None,None,1,0,0,0,0.1218,0.6391,0.306,0.000,0
24.50,Akash,AUIT_Multi,CBA,0.505,1.750,1.250,302.4,8.3,0.283,1.749,1.297,0.278,1.749,1.657,World,CabinetD06Door,22.0,29.4,0.227,0.466,0,0,None,None,1,0,0,0,0.2353,0.4972,0.360,0.000,0
24.61,Akash,AUIT_Multi,CBA,0.476,1.751,1.245,300.1,7.3,0.264,1.750,1.278,0.227,1.750,1.663,World,CabinetD06Door,22.5,29.9,0.215,0.487,0,0,None,None,1,0,0,0,0.2509,0.4601,0.387,0.000,0
24.71,Akash,AUIT_Multi,CBA,0.452,1.752,1.246,298.8,7.3,0.235,1.749,1.302,0.209,1.745,1.606,World,Quad,15.6,27.8,0.224,0.435,0,0,None,None,1,0,0,0,0.3867,0.6210,0.304,0.000,0
24.81,Akash,AUIT_Multi,CBA,0.431,1.752,1.250,297.9,7.6,0.209,1.748,1.333,0.195,1.739,1.539,World,Quad,9.8,23.4,0.238,0.373,0,0,None,None,1,1,0,0,0.4196,0.7028,0.206,0.000,0
24.90,Akash,AUIT_Multi,CBA,0.415,1.751,1.255,297.4,8.0,0.184,1.746,1.366,0.189,1.743,1.496,World,Quad,7.1,20.5,0.257,0.330,0,0,None,None,1,1,0,0,0.4229,0.4420,0.131,0.000,0
25.00,Akash,AUIT_Multi,CBA,0.406,1.751,1.262,298.0,8.2,0.157,1.745,1.397,0.191,1.750,1.495,World,Quad,6.8,20.8,0.284,0.318,0,0,None,None,1,1,0,0,0.4202,0.0705,0.104,1.000,0
25.11,Akash,AUIT_Multi,CBA,0.402,1.752,1.268,298.8,7.5,0.128,1.743,1.433,0.190,1.752,1.495,World,Quad,6.3,19.5,0.320,0.310,0,0,None,None,1,1,0,0,0.4200,0.0145,0.088,1.000,0
25.21,Akash,AUIT_Multi,CBA,0.403,1.752,1.274,298.9,7.3,0.102,1.742,1.465,0.191,1.752,1.495,World,CabinetD06Door,6.7,18.7,0.357,0.307,1,0,CabinetD06Door,None,1,1,0,0,0.4161,0.0041,0.094,1.000,0
25.31,Akash,AUIT_Multi,CBA,0.408,1.753,1.278,299.1,6.2,0.076,1.740,1.496,0.191,1.752,1.494,World,CabinetD06Door,6.0,16.9,0.398,0.306,1,0,CabinetD06Door,None,1,1,0,0,0.4261,0.0112,0.116,1.000,0
25.40,Akash,AUIT_Multi,CBA,0.418,1.754,1.281,299.4,6.0,0.051,1.739,1.527,0.193,1.753,1.494,World,CabinetD06Door,6.1,15.2,0.442,0.310,1,0,CabinetD06Door,None,1,1,0,0,0.4101,0.0165,0.146,1.000,0
25.50,Akash,AUIT_Multi,CBA,0.431,1.753,1.283,300.1,6.4,0.025,1.738,1.559,0.193,1.753,1.505,World,CabinetD06Door,6.1,14.4,0.492,0.325,1,0,CabinetD06Door,None,1,1,0,0,0.4221,0.1100,0.178,1.000,0
25.61,Akash,AUIT_Multi,CBA,0.453,1.753,1.284,302.3,5.9,-0.003,1.736,1.594,0.193,1.753,1.533,World,CabinetD06Door,4.5,12.7,0.551,0.359,1,0,CabinetD06Door,None,1,1,0,0,0.4045,0.2506,0.206,1.000,0
25.71,Akash,AUIT_Multi,CBA,0.476,1.754,1.285,305.3,4.9,0.261,1.750,1.380,0.192,1.753,1.576,World,Quad,12.0,11.4,0.235,0.407,0,0,None,None,1,1,0,0,3.4983,0.4466,0.207,0.000,0
25.81,Akash,AUIT_Multi,CBA,0.502,1.755,1.286,308.6,4.0,0.278,1.754,1.362,0.202,1.754,1.636,World,CabinetD06Door,20.2,11.5,0.237,0.461,0,0,None,None,1,1,0,0,0.2593,0.6280,0.284,0.000,0
25.90,Akash,AUIT_Multi,CBA,0.531,1.756,1.289,312.3,3.8,0.283,1.755,1.360,0.288,1.755,1.657,World,CabinetD06Door,26.3,14.8,0.258,0.441,0,0,None,None,0,1,0,0,0.0604,0.9101,0.297,0.000,0
26.00,Akash,AUIT_Multi,CBA,0.559,1.756,1.290,315.7,3.4,0.291,1.756,1.370,0.375,1.756,1.658,World,CabinetD06Door,29.2,18.1,0.280,0.411,0,0,None,None,0,1,0,0,0.1245,0.8940,0.300,0.000,0
26.11,Akash,AUIT_Multi,CBA,0.587,1.757,1.289,317.4,2.6,0.298,1.757,1.393,0.437,1.757,1.657,World,CabinetD06,27.8,20.7,0.307,0.397,0,0,None,None,0,1,0,0,0.2140,0.5584,0.299,0.000,0
26.21,Akash,AUIT_Multi,CBA,0.608,1.758,1.288,317.5,2.4,0.304,1.757,1.405,0.470,1.757,1.657,World,CabinetD06,26.5,22.2,0.326,0.394,0,0,None,None,0,1,0,0,0.1427,0.3397,0.302,0.000,0
26.31,Akash,AUIT_Multi,CBA,0.626,1.759,1.289,317.9,1.0,0.309,1.758,1.413,0.493,1.758,1.657,World,CabinetD06,26.5,22.3,0.340,0.392,0,0,None,None,0,1,0,0,0.0955,0.2375,0.306,0.000,0
26.40,Akash,AUIT_Multi,CBA,0.641,1.762,1.289,317.9,358.5,0.314,1.759,1.421,0.514,1.759,1.657,World,CabinetD06,26.0,23.1,0.353,0.389,0,0,None,None,0,1,0,0,0.0998,0.2139,0.309,0.000,0
26.50,Akash,AUIT_Multi,CBA,0.650,1.767,1.285,317.8,355.1,0.318,1.763,1.425,0.528,1.763,1.657,World,CabinetD06,25.5,24.7,0.360,0.392,0,0,None,None,0,1,0,0,0.0646,0.1459,0.313,0.000,0
26.61,Akash,AUIT_Multi,CBA,0.652,1.776,1.275,317.8,348.6,0.320,1.769,1.424,0.533,1.769,1.657,World,CabinetD06,26.7,27.6,0.364,0.400,0,0,None,None,0,0,0,0,0.0615,0.0734,0.316,0.000,0
26.71,Akash,AUIT_Multi,CBA,0.645,1.781,1.263,317.3,345.3,0.320,1.776,1.413,0.530,1.776,1.657,World,CabinetD06,27.2,30.3,0.358,0.410,0,0,None,None,0,0,0,0,0.1341,0.0765,0.322,0.000,0
26.81,Akash,AUIT_Multi,CBA,0.631,1.784,1.250,316.1,346.3,0.318,1.781,1.393,0.515,1.781,1.657,World,CabinetD06,25.7,31.0,0.344,0.422,0,0,None,None,0,0,0,0,0.2080,0.1694,0.329,0.000,0
26.90,Akash,AUIT_Multi,CBA,0.614,1.782,1.241,315.2,347.9,0.314,1.783,1.371,0.489,1.783,1.657,World,CabinetD06Door,24.8,30.2,0.327,0.434,0,0,None,None,1,0,0,0,0.2346,0.2663,0.335,0.000,0
27.00,Akash,AUIT_Multi,CBA,0.597,1.781,1.233,313.8,349.8,0.310,1.782,1.351,0.461,1.782,1.657,World,CabinetD06Door,23.7,29.9,0.310,0.445,0,0,None,None,1,0,0,0,0.2101,0.2874,0.341,0.000,0
27.11,Akash,AUIT_Multi,CBA,0.585,1.782,1.229,311.9,348.9,0.306,1.781,1.329,0.426,1.781,1.657,World,CabinetD06Door,24.9,29.7,0.296,0.456,0,0,None,None,1,0,0,0,0.2048,0.3160,0.350,0.000,0
27.21,Akash,AUIT_Multi,CBA,0.578,1.783,1.227,312.2,348.7,0.303,1.782,1.317,0.406,1.782,1.657,World,CabinetD06Door,26.6,28.1,0.289,0.463,0,0,None,None,0,0,0,0,0.1220,0.2111,0.355,0.000,0
27.30,Akash,AUIT_Multi,CBA,0.573,1.783,1.226,313.2,348.5,0.301,1.783,1.315,0.400,1.783,1.657,World,CabinetD06Door,27.5,27.3,0.286,0.464,0,0,None,None,0,0,0,0,0.0316,0.0596,0.356,0.000,0
27.40,Akash,AUIT_Multi,CBA,0.570,1.783,1.225,315.1,348.3,0.300,1.783,1.318,0.404,1.783,1.656,World,CabinetD06Door,28.4,26.4,0.285,0.462,0,0,None,None,0,0,0,0,0.0325,0.0402,0.354,0.000,0
27.51,Akash,AUIT_Multi,CBA,0.566,1.783,1.222,316.0,348.2,0.298,1.782,1.325,0.415,1.782,1.655,World,CabinetD06Door,27.5,27.3,0.287,0.459,0,0,None,None,0,0,0,0,0.0668,0.1030,0.351,0.000,0
27.61,Akash,AUIT_Multi,CBA,0.565,1.785,1.218,315.0,346.3,0.298,1.783,1.322,0.413,1.783,1.655,World,CabinetD06Door,27.4,29.2,0.286,0.463,0,0,None,None,0,0,0,0,0.0323,0.0254,0.353,0.000,0
27.71,Akash,AUIT_Multi,CBA,0.565,1.788,1.215,313.9,344.3,0.297,1.785,1.315,0.405,1.785,1.655,World,CabinetD06Door,28.3,30.3,0.286,0.469,0,0,None,None,0,0,0,0,0.0769,0.0861,0.357,0.000,0
27.80,Akash,AUIT_Multi,CBA,0.568,1.791,1.216,314.4,341.7,0.297,1.788,1.309,0.398,1.788,1.656,World,CabinetD06Door,31.3,30.4,0.286,0.472,0,0,None,None,0,0,0,0,0.0703,0.0799,0.361,0.000,0
27.90,Akash,AUIT_Multi,CBA,0.571,1.792,1.218,315.7,340.7,0.298,1.791,1.313,0.405,1.791,1.655,World,CabinetD06Door,32.6,30.2,0.289,0.468,0,0,None,None,0,0,0,0,0.0504,0.0853,0.359,0.000,0
28.01,Akash,AUIT_Multi,CBA,0.574,1.793,1.222,317.4,339.5,0.299,1.792,1.325,0.424,1.792,1.655,World,CabinetD06Door,33.5,30.7,0.294,0.458,0,0,None,None,0,0,0,0,0.1133,0.1635,0.353,0.000,0
28.11,Akash,AUIT_Multi,CBA,0.574,1.793,1.225,317.8,338.7,0.299,1.793,1.335,0.436,1.793,1.655,World,Wall4m,33.2,31.9,0.296,0.451,0,0,None,None,0,0,0,0,0.1078,0.1307,0.347,0.000,0
28.21,Akash,AUIT_Multi,CBA,0.574,1.792,1.231,319.6,339.2,0.299,1.793,1.344,0.444,1.793,1.655,World,CabinetD06,33.8,30.7,0.298,0.443,0,0,None,None,0,0,0,0,0.0834,0.0792,0.343,0.000,0
28.30,Akash,AUIT_Multi,CBA,0.575,1.792,1.237,321.9,339.3,0.298,1.792,1.360,0.460,1.792,1.654,World,CabinetD06,34.2,30.3,0.303,0.433,0,0,None,None,0,0,0,0,0.1660,0.1645,0.336,0.000,0
28.40,Akash,AUIT_Multi,CBA,0.575,1.790,1.243,324.1,340.2,0.297,1.791,1.380,0.480,1.791,1.654,World,CabinetD06,33.6,29.7,0.310,0.421,0,0,None,None,0,0,0,0,0.2128,0.2057,0.329,0.000,0
28.51,Akash,AUIT_Multi,CBA,0.575,1.788,1.250,326.8,341.4,0.296,1.790,1.405,0.502,1.790,1.654,World,CabinetD06,32.7,29.1,0.320,0.410,0,0,None,None,0,0,0,0,0.2255,0.1998,0.323,0.000,0
28.61,Akash,AUIT_Multi,CBA,0.573,1.788,1.252,326.9,340.7,0.295,1.789,1.421,0.515,1.789,1.654,World,CabinetD06,31.5,31.1,0.325,0.406,0,0,None,None,0,0,0,0,0.1654,0.1302,0.320,0.000,0
28.71,Akash,AUIT_Multi,CBA,0.568,1.785,1.252,325.8,343.2,0.294,1.788,1.423,0.513,1.788,1.654,World,CabinetD06,28.7,30.7,0.323,0.405,0,0,None,None,0,0,0,0,0.0186,0.0187,0.318,0.000,0
28.80,Akash,AUIT_Multi,CBA,0.567,1.782,1.257,326.9,345.7,0.294,1.785,1.419,0.506,1.785,1.654,World,CabinetD06,29.3,27.8,0.318,0.402,0,0,None,None,0,0,0,0,0.0489,0.0821,0.316,0.000,0
28.90,Akash,AUIT_Multi,CBA,0.568,1.778,1.261,329.2,348.2,0.293,1.781,1.432,0.514,1.781,1.654,World,CabinetD06,29.5,25.5,0.324,0.396,0,0,None,None,0,0,0,0,0.1346,0.0947,0.314,0.000,0
29.01,Akash,AUIT_Multi,CBA,0.571,1.777,1.266,332.3,348.8,0.291,1.779,1.457,0.535,1.779,1.655,World,CabinetD06,29.8,24.8,0.339,0.391,0,0,None,None,0,1,0,0,0.2308,0.1864,0.314,0.000,0
29.11,Akash,AUIT_Multi,CBA,0.574,1.775,1.270,334.1,350.4,0.291,1.777,1.481,0.553,1.777,1.682,World,CabinetD06,28.7,24.7,0.353,0.413,0,0,None,None,0,1,0,0,0.2475,0.3349,0.330,0.000,0
29.21,Akash,AUIT_Multi,CBA,0.578,1.774,1.273,336.2,351.4,0.290,1.775,1.504,0.570,1.775,2.100,World,CabinetD06,28.7,24.7,0.369,0.827,0,0,None,None,0,1,0,1,0.2327,4.3060,0.659,0.000,0
29.30,Akash,AUIT_Multi,CBA,0.581,1.772,1.276,339.0,352.1,0.290,1.774,1.531,0.593,1.774,1.933,World,CabinetD06,28.8,23.4,0.387,0.657,0,0,None,None,0,1,0,0,0.2818,1.7303,0.504,0.000,0
29.40,Akash,AUIT_Multi,CBA,0.580,1.772,1.276,339.6,352.6,0.289,1.773,1.555,0.607,1.773,1.715,World,CabinetD06,26.7,25.0,0.403,0.440,0,0,None,None,0,1,0,0,0.2515,2.2474,0.356,0.000,0
29.51,Akash,AUIT_Multi,CBA,0.580,1.773,1.276,339.4,351.8,0.288,1.772,1.563,0.612,1.772,1.681,World,CabinetD06,26.1,26.4,0.409,0.407,0,0,None,None,0,0,0,0,0.0694,0.3064,0.344,0.000,0
29.61,Akash,AUIT_Multi,CBA,0.582,1.774,1.275,340.0,351.2,0.289,1.773,1.561,0.612,1.773,1.686,World,CabinetD06,27.1,25.7,0.409,0.411,0,0,None,None,0,0,0,0,0.0203,0.0467,0.346,0.000,0
29.71,Akash,AUIT_Multi,CBA,0.585,1.772,1.277,343.4,351.8,0.292,1.773,1.573,0.621,1.773,1.667,World,CabinetD06,29.1,23.2,0.417,0.392,0,0,None,None,0,1,0,0,0.1272,0.2115,0.342,0.000,0
29.80,Akash,AUIT_Multi,CBA,0.586,1.774,1.274,342.2,351.9,0.315,1.773,1.577,0.614,1.774,1.642,World,CabinetD06,25.3,23.4,0.407,0.369,0,0,None,None,0,1,0,0,0.2380,0.2731,0.306,0.000,0
29.90,Akash,AUIT_Multi,CBA,0.581,1.776,1.265,335.4,351.4,0.315,1.774,1.576,0.562,1.776,1.640,World,Quad,18.2,23.2,0.410,0.376,0,0,None,None,1,1,0,0,0.0218,0.5327,0.255,0.000,0
30.01,Akash,AUIT_Multi,CBA,0.573,1.779,1.252,325.9,350.4,0.298,1.777,1.522,0.509,1.778,1.582,World,Quad,15.1,25.0,0.385,0.336,0,0,None,None,1,1,0,0,0.5135,0.7092,0.219,0.000,0
30.11,Akash,AUIT_Multi,CBA,0.569,1.781,1.242,320.3,349.3,0.296,1.779,1.429,0.490,1.779,1.643,World,CabinetD06,19.3,30.4,0.330,0.408,0,0,None,None,1,0,0,0,0.9565,0.6586,0.289,0.000,0
30.21,Akash,AUIT_Multi,CBA,0.568,1.782,1.237,318.6,348.9,0.297,1.781,1.374,0.458,1.781,1.654,World,CabinetD06Door,24.4,28.8,0.303,0.431,0,0,None,None,1,0,0,0,0.5688,0.3469,0.323,0.000,0
30.30,Akash,AUIT_Multi,CBA,0.568,1.782,1.233,318.5,349.0,0.297,1.781,1.357,0.446,1.781,1.655,World,CabinetD06Door,26.3,27.5,0.298,0.439,0,0,None,None,0,0,0,0,0.1748,0.1231,0.333,0.000,0
30.40,Akash,AUIT_Multi,CBA,0.569,1.780,1.229,316.8,349.9,0.297,1.781,1.349,0.441,1.781,1.655,World,CabinetD06Door,24.9,28.2,0.297,0.444,0,0,None,None,1,0,0,0,0.0792,0.0554,0.338,0.000,0
30.51,Akash,AUIT_Multi,CBA,0.570,1.779,1.228,315.5,350.5,0.299,1.780,1.335,0.425,1.780,1.656,World,CabinetD06Door,25.8,27.2,0.292,0.451,0,0,None,None,0,0,0,0,0.1302,0.1471,0.345,0.000,0
30.61,Akash,AUIT_Multi,CBA,0.572,1.777,1.232,318.2,352.0,0.299,1.779,1.335,0.426,1.779,1.655,World,CabinetD06Door,28.4,24.1,0.292,0.448,0,0,None,None,0,1,0,0,0.0178,0.0249,0.345,0.000,0
30.71,Akash,AUIT_Multi,CBA,0.573,1.776,1.236,322.1,352.8,0.298,1.777,1.354,0.450,1.777,1.655,World,CabinetD06,29.5,22.7,0.300,0.437,0,0,None,None,0,1,0,0,0.1949,0.2458,0.337,0.000,0
30.80,Akash,AUIT_Multi,CBA,0.572,1.774,1.237,325.0,353.8,0.296,1.775,1.379,0.479,1.775,1.654,World,CabinetD06,28.4,23.1,0.310,0.427,0,0,None,None,0,1,0,0,0.2510,0.2910,0.330,0.000,0
30.90,Akash,AUIT_Multi,CBA,0.570,1.772,1.237,325.7,354.9,0.295,1.774,1.396,0.497,1.774,1.653,World,CabinetD06,26.1,24.8,0.318,0.423,0,0,None,None,0,1,0,0,0.1771,0.1905,0.327,0.000,0
31.01,Akash,AUIT_Multi,CBA,0.570,1.770,1.238,325.2,355.8,0.295,1.771,1.399,0.499,1.771,1.653,World,CabinetD06,25.2,25.5,0.319,0.421,0,0,None,None,0,0,0,0,0.0326,0.0291,0.327,0.000,0
31.11,Akash,AUIT_Multi,CBA,0.571,1.768,1.238,324.7,356.6,0.295,1.770,1.397,0.497,1.770,1.653,World,CabinetD06,24.9,25.5,0.318,0.422,0,0,None,None,1,0,0,0,0.0219,0.0276,0.327,0.000,0
31.21,Akash,AUIT_Multi,CBA,0.574,1.769,1.239,326.2,356.3,0.295,1.769,1.400,0.500,1.769,1.653,World,CabinetD06,26.7,23.8,0.322,0.421,0,0,None,None,0,1,0,0,0.0261,0.0293,0.326,0.000,0
31.30,Akash,AUIT_Multi,CBA,0.576,1.769,1.239,326.6,357.0,0.295,1.769,1.408,0.510,1.769,1.653,World,CabinetD06,25.6,24.6,0.328,0.420,0,0,None,None,0,1,0,0,0.0859,0.1031,0.326,0.000,0
31.40,Akash,AUIT_Multi,CBA,0.580,1.770,1.240,328.0,357.6,0.296,1.769,1.413,0.517,1.769,1.653,World,CabinetD06,26.7,23.5,0.333,0.418,0,0,None,None,0,1,0,0,0.0567,0.0716,0.326,0.000,0
31.51,Akash,AUIT_Multi,CBA,0.579,1.771,1.241,327.9,356.7,0.296,1.770,1.424,0.528,1.770,1.653,World,CabinetD06,25.3,25.2,0.338,0.415,0,0,None,None,0,0,0,0,0.0931,0.0977,0.326,0.000,0
31.61,Akash,AUIT_Multi,CBA,0.578,1.770,1.242,326.7,358.0,0.296,1.771,1.421,0.524,1.771,1.653,World,CabinetD06,24.3,25.9,0.334,0.415,0,0,None,None,1,0,0,0,0.0294,0.0361,0.326,0.000,0
31.71,Akash,AUIT_Multi,CBA,0.578,1.770,1.243,328.1,358.2,0.296,1.770,1.419,0.521,1.770,1.653,World,CabinetD06,26.2,24.1,0.332,0.414,0,0,None,None,0,1,0,0,0.0197,0.0325,0.325,0.000,0
31.80,Akash,AUIT_Multi,CBA,0.577,1.767,1.244,328.5,0.3,0.295,1.769,1.427,0.528,1.769,1.653,World,CabinetD06,25.5,24.6,0.337,0.412,0,0,None,None,0,1,0,0,0.0839,0.0691,0.324,0.000,0
31.90,Akash,AUIT_Multi,CBA,0.577,1.768,1.245,328.7,0.6,0.295,1.768,1.431,0.531,1.768,1.653,World,CabinetD06,25.3,24.9,0.338,0.411,0,0,None,None,0,1,0,0,0.0396,0.0315,0.324,0.000,0
32.01,Akash,AUIT_Multi,CBA,0.574,1.770,1.246,329.0,359.1,0.294,1.768,1.434,0.532,1.768,1.653,World,CabinetD06,25.0,25.2,0.337,0.410,0,0,None,None,0,0,0,0,0.0294,0.0137,0.323,0.000,0
32.11,Akash,AUIT_Multi,CBA,0.573,1.771,1.246,328.7,359.7,0.294,1.770,1.433,0.529,1.770,1.653,World,CabinetD06,24.8,25.3,0.336,0.409,0,0,None,None,1,0,0,0,0.0227,0.0344,0.322,0.000,0
32.21,Akash,AUIT_Multi,CBA,0.572,1.770,1.247,328.7,0.5,0.293,1.771,1.432,0.527,1.771,1.653,World,CabinetD06,25.1,25.0,0.334,0.409,0,0,None,None,0,0,0,0,0.0127,0.0226,0.322,0.000,0
32.30,Akash,AUIT_Multi,CBA,0.572,1.767,1.247,329.8,1.5,0.293,1.769,1.434,0.528,1.769,1.653,World,CabinetD06,26.1,24.0,0.336,0.408,0,0,None,None,0,1,0,0,0.0268,0.0172,0.321,0.000,0
32.40,Akash,AUIT_Multi,CBA,0.575,1.763,1.248,331.3,3.5,0.293,1.766,1.445,0.538,1.766,1.654,World,CabinetD06,26.7,23.8,0.344,0.408,0,0,None,None,0,1,0,0,0.1112,0.1064,0.323,0.000,0
32.51,Akash,AUIT_Multi,CBA,0.576,1.763,1.247,331.8,3.3,0.292,1.763,1.455,0.548,1.763,1.658,World,CabinetD06,25.7,24.6,0.352,0.412,0,0,None,None,0,1,0,0,0.0957,0.0991,0.327,0.000,0
32.61,Akash,AUIT_Multi,CBA,0.579,1.763,1.247,332.8,3.5,0.292,1.763,1.461,0.554,1.763,1.664,World,CabinetD06,26.2,24.1,0.357,0.418,0,0,None,None,0,1,0,0,0.0613,0.0869,0.331,0.000,0
32.71,Akash,AUIT_Multi,CBA,0.580,1.763,1.246,333.3,3.3,0.293,1.763,1.468,0.561,1.763,1.697,World,CabinetD06,25.8,24.5,0.364,0.452,0,0,None,None,0,1,0,0,0.0794,0.3536,0.353,0.000,0
32.80,Akash,AUIT_Multi,CBA,0.581,1.762,1.245,333.8,3.7,0.293,1.763,1.473,0.565,1.763,1.791,World,CabinetD06,25.7,24.7,0.368,0.546,0,0,None,None,0,1,0,0,0.0488,0.9582,0.418,0.000,0
32.90,Akash,AUIT_Multi,CBA,0.582,1.762,1.245,333.8,3.7,0.293,1.762,1.477,0.568,1.762,1.858,World,CabinetD06,25.4,25.2,0.370,0.613,0,0,None,None,0,0,0,0,0.0358,0.6921,0.470,0.000,0
33.01,Akash,AUIT_Multi,CBA,0.582,1.762,1.245,333.7,3.7,0.293,1.762,1.477,0.569,1.762,1.826,World,CabinetD06,25.3,25.2,0.371,0.582,0,0,None,None,0,0,0,0,0.0017,0.2857,0.445,0.000,0
33.11,Akash,AUIT_Multi,CBA,0.582,1.762,1.245,333.4,3.5,0.293,1.762,1.476,0.569,1.762,1.795,World,CabinetD06,25.0,25.5,0.370,0.550,0,0,None,None,1,0,0,0,0.0109,0.3212,0.422,0.000,0
33.21,Akash,AUIT_Multi,CBA,0.582,1.762,1.244,333.4,3.0,0.293,1.762,1.473,0.568,1.762,1.746,World,CabinetD06,25.1,25.1,0.369,0.503,0,0,None,None,0,0,0,0,0.0267,0.4998,0.387,0.000,0
33.30,Akash,AUIT_Multi,CBA,0.583,1.763,1.243,333.4,2.4,0.293,1.763,1.473,0.568,1.763,1.795,World,CabinetD06,25.1,25.1,0.370,0.552,0,0,None,None,0,0,0,0,0.0061,0.4981,0.423,0.000,0
33.40,Akash,AUIT_Multi,CBA,0.583,1.763,1.242,333.3,2.3,0.293,1.763,1.472,0.568,1.763,1.776,World,CabinetD06,25.0,25.1,0.370,0.534,0,0,None,None,1,0,0,0,0.0123,0.1983,0.409,0.000,0
33.51,Akash,AUIT_Multi,CBA,0.583,1.763,1.241,333.5,2.3,0.293,1.763,1.471,0.567,1.763,1.794,World,CabinetD06,25.1,25.0,0.370,0.553,0,0,None,None,0,1,0,0,0.0059,0.1630,0.423,0.000,0
33.61,Akash,AUIT_Multi,CBA,0.583,1.763,1.241,333.4,1.9,0.293,1.763,1.471,0.568,1.763,1.793,World,CabinetD06,25.0,25.1,0.370,0.552,0,0,None,None,1,0,0,0,0.0020,0.0069,0.423,0.000,0
33.71,Akash,AUIT_Multi,CBA,0.582,1.763,1.240,332.9,2.0,0.293,1.763,1.469,0.568,1.763,1.736,World,CabinetD06,24.5,25.6,0.368,0.496,0,0,None,None,1,0,0,0,0.0219,0.5895,0.383,0.000,0
33.80,Akash,AUIT_Multi,CBA,0.581,1.762,1.241,332.5,2.2,0.293,1.763,1.464,0.565,1.763,1.687,World,CabinetD06,24.7,25.6,0.364,0.447,0,0,None,None,1,0,0,0,0.0490,0.5044,0.351,0.000,0
33.90,Akash,AUIT_Multi,CBA,0.580,1.762,1.241,332.0,2.1,0.293,1.762,1.460,0.561,1.762,1.672,World,CabinetD06,24.6,25.6,0.361,0.432,0,0,None,None,1,0,0,0,0.0448,0.1601,0.341,0.000,0
34.01,Akash,AUIT_Multi,CBA,0.579,1.763,1.240,331.1,1.7,0.294,1.763,1.454,0.556,1.763,1.664,World,CabinetD06,24.3,25.8,0.357,0.424,0,0,None,None,1,0,0,0,0.0519,0.0876,0.336,0.000,0
34.11,Akash,AUIT_Multi,CBA,0.579,1.763,1.240,330.2,1.7,0.294,1.763,1.447,0.550,1.763,1.658,World,CabinetD06,24.2,25.9,0.352,0.419,0,0,None,None,1,0,0,0,0.0710,0.0837,0.331,0.000,0
34.21,Akash,AUIT_Multi,CBA,0.577,1.763,1.239,329.0,1.7,0.294,1.763,1.439,0.542,1.763,1.655,World,CabinetD06,23.8,26.3,0.346,0.417,0,0,None,None,1,0,0,0,0.0851,0.0845,0.329,0.000,0
34.30,Akash,AUIT_Multi,CBA,0.577,1.764,1.240,327.9,1.5,0.295,1.763,1.429,0.533,1.763,1.653,World,CabinetD06,24.0,26.1,0.340,0.416,0,0,None,None,1,0,0,0,0.1003,0.0968,0.327,0.000,0
34.40,Akash,AUIT_Multi,CBA,0.575,1.764,1.239,326.6,1.4,0.295,1.764,1.420,0.524,1.764,1.653,World,CabinetD06,23.7,26.4,0.333,0.417,0,0,None,None,1,0,0,0,0.0935,0.0985,0.326,0.000,0
34.51,Akash,AUIT_Multi,CBA,0.574,1.764,1.239,325.6,1.3,0.295,1.764,1.409,0.511,1.764,1.653,World,CabinetD06,24.2,25.8,0.327,0.419,0,0,None,None,1,0,0,0,0.1021,0.1097,0.326,0.000,0
34.61,Akash,AUIT_Multi,CBA,0.575,1.764,1.238,325.5,1.4,0.296,1.764,1.404,0.506,1.764,1.653,World,CabinetD06,24.8,25.2,0.325,0.420,0,0,None,None,1,0,0,0,0.0499,0.0517,0.326,0.000,0
34.71,Akash,AUIT_Multi,CBA,0.576,1.764,1.238,325.9,1.9,0.296,1.764,1.403,0.506,1.764,1.653,World,CabinetD06,25.5,24.6,0.325,0.421,0,0,None,None,0,1,0,0,0.0089,0.0026,0.327,0.000,0
34.80,Akash,AUIT_Multi,CBA,0.580,1.762,1.239,327.3,2.7,0.296,1.763,1.409,0.513,1.763,1.653,World,CabinetD06,26.7,23.6,0.331,0.419,0,0,None,None,0,1,0,0,0.0549,0.0668,0.327,0.000,0
34.90,Akash,AUIT_Multi,CBA,0.583,1.761,1.240,328.9,3.4,0.296,1.762,1.421,0.527,1.762,1.653,World,CabinetD06,26.8,23.6,0.340,0.417,0,0,None,None,0,1,0,0,0.1304,0.1438,0.327,0.000,0
35.01,Akash,AUIT_Multi,CBA,0.586,1.759,1.239,329.5,4.4,0.296,1.760,1.433,0.540,1.760,1.654,World,CabinetD06,26.1,24.5,0.349,0.417,0,0,None,None,0,1,0,0,0.1066,0.1189,0.329,0.000,0
35.11,Akash,AUIT_Multi,CBA,0.587,1.756,1.239,330.0,5.7,0.297,1.758,1.438,0.546,1.758,1.655,World,CabinetD06,26.2,25.0,0.353,0.419,0,0,None,None,0,0,0,0,0.0570,0.0710,0.331,0.000,0
35.21,Akash,AUIT_Multi,CBA,0.589,1.756,1.238,330.6,6.0,0.297,1.757,1.443,0.552,1.757,1.659,World,CabinetD06,26.3,25.0,0.357,0.422,0,0,None,None,0,1,0,0,0.0528,0.0678,0.334,0.000,0
35.30,Akash,AUIT_Multi,CBA,0.591,1.757,1.236,330.6,5.3,0.297,1.756,1.447,0.556,1.756,1.662,World,CabinetD06,25.5,25.3,0.361,0.427,0,0,None,None,0,0,0,0,0.0385,0.0642,0.337,0.000,0
35.40,Akash,AUIT_Multi,CBA,0.590,1.757,1.236,331.3,4.9,0.297,1.757,1.446,0.557,1.757,1.663,World,CabinetD06,26.0,24.8,0.361,0.429,0,0,None,None,0,1,0,0,0.0081,0.0154,0.339,0.000,0
35.51,Akash,AUIT_Multi,CBA,0.595,1.757,1.240,335.8,4.6,0.296,1.757,1.461,0.567,1.757,1.830,World,CabinetD06,29.7,21.9,0.372,0.591,0,0,None,None,0,1,0,0,0.1316,1.5013,0.458,0.000,0
35.61,Akash,AUIT_Multi,CBA,0.602,1.758,1.245,341.1,4.0,0.294,1.757,1.509,0.606,1.757,1.807,World,CabinetD06,30.6,19.7,0.406,0.563,0,0,None,None,0,1,0,0,0.4995,0.4728,0.432,0.000,0
35.71,Akash,AUIT_Multi,CBA,0.612,1.759,1.249,347.4,3.7,0.310,1.758,1.559,0.652,1.758,1.677,World,CabinetD06,31.9,18.3,0.433,0.430,0,0,None,None,0,1,0,0,0.5367,1.4221,0.362,0.000,0
35.80,Akash,AUIT_Multi,CBA,0.621,1.759,1.253,351.8,4.0,0.371,1.759,1.567,0.705,1.759,1.657,World,CabinetD06,30.6,20.3,0.402,0.413,0,0,None,None,0,1,0,0,0.6330,0.5842,0.346,0.000,0
35.90,Akash,AUIT_Multi,CBA,0.625,1.759,1.254,352.5,4.2,0.414,1.759,1.566,0.741,1.759,1.656,World,CabinetD06,27.0,23.9,0.377,0.419,0,0,None,None,0,1,0,0,0.4396,0.3685,0.340,0.000,0
36.01,Akash,AUIT_Multi,CBA,0.625,1.758,1.252,350.2,4.6,0.421,1.759,1.566,0.748,1.759,1.656,World,CabinetD06,23.7,27.0,0.375,0.422,0,0,None,None,1,0,0,0,0.0670,0.0580,0.338,0.000,0
36.11,Akash,AUIT_Multi,CBA,0.622,1.757,1.248,346.9,5.2,0.401,1.758,1.567,0.731,1.758,1.655,World,CabinetD06,22.3,28.4,0.388,0.421,0,0,None,None,1,0,0,0,0.2072,0.1729,0.341,0.000,0
36.21,Akash,AUIT_Multi,CBA,0.619,1.757,1.242,343.7,6.0,0.367,1.757,1.568,0.706,1.757,1.654,World,CabinetD06,22.2,28.7,0.412,0.421,0,0,None,None,1,0,0,0,0.3478,0.2606,0.349,0.000,0
36.30,Akash,AUIT_Multi,CBA,0.614,1.761,1.234,340.6,4.5,0.328,1.758,1.568,0.679,1.758,1.653,World,CabinetD06,21.6,28.5,0.440,0.424,0,0,None,None,1,0,0,0,0.4080,0.2686,0.362,0.000,0
36.40,Akash,AUIT_Multi,CBA,0.607,1.764,1.225,336.9,2.9,0.307,1.761,1.541,0.651,1.761,1.653,World,CabinetD06,20.6,29.1,0.436,0.431,0,0,None,None,1,0,0,0,0.3523,0.2946,0.362,0.000,0
36.51,Akash,AUIT_Multi,CBA,0.596,1.765,1.214,331.9,1.7,0.299,1.764,1.486,0.606,1.764,1.983,World,CabinetD06,19.5,28.9,0.403,0.769,0,0,None,None,1,0,0,0,0.4982,2.9922,0.585,0.000,0
36.61,Akash,AUIT_Multi,CBA,0.589,1.767,1.206,327.8,0.8,0.298,1.765,1.434,0.567,1.765,1.750,World,CabinetD06,19.7,29.9,0.370,0.544,0,0,None,None,1,0,0,0,0.5363,2.4392,0.414,0.000,0
36.71,Akash,AUIT_Multi,CBA,0.583,1.771,1.199,324.9,359.1,0.299,1.768,1.392,0.531,1.768,1.665,World,CabinetD06,20.8,28.8,0.344,0.469,0,0,None,None,1,0,0,0,0.4321,0.9472,0.358,0.000,0
36.80,Akash,AUIT_Multi,CBA,0.577,1.772,1.195,322.8,358.2,0.298,1.771,1.362,0.501,1.771,1.653,World,CabinetD06,22.0,27.9,0.325,0.465,0,0,None,None,1,0,0,0,0.3124,0.3370,0.355,0.000,0
36.90,Akash,AUIT_Multi,CBA,0.571,1.771,1.194,321.7,359.0,0.298,1.772,1.343,0.477,1.772,1.653,World,CabinetD06,23.3,26.8,0.311,0.468,0,0,None,None,1,0,0,0,0.1997,0.2404,0.358,0.000,0
37.01,Akash,AUIT_Multi,CBA,0.566,1.768,1.198,322.1,0.6,0.296,1.770,1.334,0.463,1.770,1.653,World,CabinetD06,25.4,25.1,0.302,0.467,0,0,None,None,0,0,0,0,0.0830,0.1327,0.360,0.000,0
37.11,Akash,AUIT_Multi,CBA,0.564,1.766,1.204,324.0,1.7,0.295,1.768,1.340,0.466,1.768,1.652,World,CabinetD06,27.2,23.7,0.302,0.459,0,0,None,None,0,1,0,0,0.0723,0.0402,0.356,0.000,0
37.21,Akash,AUIT_Multi,CBA,0.565,1.760,1.214,327.5,4.7,0.293,1.765,1.359,0.481,1.765,1.652,World,CabinetD06,29.9,22.4,0.308,0.446,0,0,None,None,0,1,0,0,0.1938,0.1622,0.349,0.000,0
37.30,Akash,AUIT_Multi,CBA,0.570,1.753,1.228,333.6,8.9,0.291,1.759,1.398,0.515,1.759,1.653,World,CabinetD06,33.6,21.3,0.327,0.428,0,0,None,None,0,1,0,0,0.4089,0.3532,0.339,0.000,0
37.40,Akash,AUIT_Multi,CBA,0.581,1.751,1.242,341.0,10.0,0.289,1.753,1.466,0.573,1.753,1.901,World,CabinetD06,34.8,20.9,0.368,0.659,0,0,None,None,0,1,0,0,0.7077,2.6230,0.519,0.000,0
37.51,Akash,AUIT_Multi,CBA,0.598,1.748,1.253,349.3,11.1,0.307,1.750,1.554,0.642,1.750,1.697,World,CabinetD06,35.2,19.8,0.418,0.446,0,0,None,None,0,1,0,0,0.7992,1.9352,0.365,0.000,0
37.61,Akash,AUIT_Multi,CBA,0.616,1.745,1.261,357.1,12.5,0.382,1.748,1.567,0.710,1.748,1.661,World,Wall4m,36.6,20.6,0.385,0.411,0,0,None,None,0,1,0,0,0.7833,0.7958,0.342,0.000,0
37.71,Akash,AUIT_Multi,CBA,0.634,1.745,1.266,4.8,12.5,0.460,1.746,1.565,0.786,1.746,1.660,World,CabinetD05,36.9,20.6,0.345,0.422,0,0,None,None,0,1,0,0,0.8104,0.7820,0.340,0.000,0
37.80,Akash,AUIT_Multi,CBA,0.653,1.741,1.268,12.9,14.8,0.531,1.744,1.563,0.875,1.744,1.664,World,CabinetD05,38.1,22.3,0.319,0.454,0,0,None,None,0,1,0,0,0.7261,0.9088,0.358,0.000,0
37.90,Akash,AUIT_Multi,CBA,0.667,1.738,1.268,17.8,17.2,0.590,1.740,1.569,0.958,1.740,1.655,World,CabinetD05,36.3,25.8,0.310,0.484,0,0,None,None,0,0,0,0,0.6094,0.8637,0.378,0.000,0
38.01,Akash,AUIT_Multi,CBA,0.679,1.738,1.265,21.7,17.6,0.636,1.738,1.562,0.961,1.734,1.613,World,CabinetD05,34.3,24.1,0.299,0.447,0,0,None,None,0,1,0,0,0.4156,0.3800,0.329,0.000,0
38.11,Akash,AUIT_Multi,CBA,0.685,1.739,1.264,24.3,17.0,0.663,1.738,1.560,0.905,1.720,1.616,World,CabinetD05,32.7,16.2,0.297,0.416,0,0,None,None,0,1,0,0,0.2833,0.5877,0.250,0.000,0
38.21,Akash,AUIT_Multi,CBA,0.688,1.740,1.265,25.2,16.2,0.681,1.740,1.559,0.851,1.706,1.622,World,CabinetD05,30.8,11.1,0.294,0.393,0,0,None,None,0,1,0,0,0.1815,0.5813,0.185,0.000,0
38.30,Akash,AUIT_Multi,CBA,0.692,1.742,1.268,25.2,15.6,0.689,1.741,1.560,0.946,1.732,1.537,World,CabinetD05,29.7,22.7,0.292,0.370,0,0,None,None,0,1,0,0,0.0861,1.3367,0.258,0.000,0
38.40,Akash,AUIT_Multi,CBA,0.694,1.742,1.271,25.1,15.6,0.693,1.742,1.561,0.976,1.740,1.513,World,CabinetD05,29.5,28.5,0.289,0.371,0,0,None,None,0,0,0,0,0.0400,0.4021,0.287,0.000,0
38.51,Akash,AUIT_Multi,CBA,0.697,1.739,1.276,24.4,16.7,0.695,1.739,1.564,0.972,1.738,1.520,World,CabinetD05,29.5,28.8,0.288,0.368,0,0,None,None,0,0,0,0,0.0445,0.0747,0.280,0.000,0
38.61,Akash,AUIT_Multi,CBA,0.697,1.738,1.279,23.6,17.3,0.704,1.727,1.577,0.919,1.719,1.566,World,CabinetD05,26.6,19.9,0.298,0.363,0,0,None,None,0,1,0,0,0.2070,0.7493,0.215,0.000,0
38.71,Akash,AUIT_Multi,CBA,0.697,1.737,1.280,22.9,17.5,0.713,1.715,1.590,0.867,1.700,1.612,World,CabinetD05,23.8,12.5,0.311,0.374,0,0,None,None,1,1,0,0,0.2014,0.7407,0.156,0.000,0
38.80,Akash,AUIT_Multi,CBA,0.696,1.737,1.280,22.4,17.3,0.722,1.704,1.603,0.928,1.718,1.620,World,CabinetD05,20.9,18.7,0.326,0.412,0,0,None,None,1,1,0,0,0.2000,0.6642,0.207,0.000,0
38.90,Akash,AUIT_Multi,CBA,0.692,1.739,1.279,20.6,16.9,0.729,1.693,1.616,0.980,1.735,1.636,World,Quad,16.7,24.4,0.342,0.459,0,0,None,None,1,1,0,0,0.1899,0.5902,0.256,0.000,0
39.01,Akash,AUIT_Multi,CBA,0.681,1.745,1.280,12.8,13.5,0.727,1.680,1.631,0.987,1.740,1.645,World,Quad,5.9,29.8,0.360,0.477,0,0,None,None,1,0,0,0,0.1775,0.1131,0.267,0.000,0
39.11,Akash,AUIT_Multi,CBA,0.664,1.754,1.278,2.2,8.9,0.724,1.670,1.645,0.946,1.747,1.658,World,Quad,7.9,35.1,0.380,0.473,0,0,None,None,1,0,0,0,0.1769,0.4543,0.235,0.000,0
39.21,Akash,AUIT_Multi,CBA,0.647,1.759,1.274,352.6,5.5,0.720,1.659,1.658,0.850,1.754,1.658,World,Quad,20.0,35.5,0.403,0.434,0,0,None,None,1,0,0,0,0.1788,0.9906,0.161,0.000,0
39.30,Akash,AUIT_Multi,CBA,0.635,1.763,1.269,347.0,3.3,0.717,1.648,1.671,0.765,1.759,1.656,World,CabinetD06,27.2,31.7,0.426,0.408,0,0,None,None,0,0,0,0,0.1810,0.8759,0.122,0.000,0
39.40,Akash,AUIT_Multi,CBA,0.627,1.767,1.266,344.8,1.0,0.721,1.637,1.685,0.717,1.764,1.654,World,CabinetD06,31.7,28.3,0.448,0.399,0,0,None,None,0,0,0,0,0.1847,0.4898,0.130,0.000,0
39.51,Akash,AUIT_Multi,CBA,0.623,1.768,1.264,345.4,359.8,0.669,1.652,1.665,0.696,1.767,1.654,World,CabinetD06,26.4,25.2,0.420,0.397,0,0,None,None,0,0,0,0,0.5199,0.1941,0.118,0.000,0
39.61,Akash,AUIT_Multi,CBA,0.619,1.770,1.261,344.5,358.7,0.461,1.749,1.569,0.626,1.766,1.642,World,Quad,12.6,16.7,0.347,0.381,0,0,None,None,1,1,0,0,2.5573,0.7284,0.182,0.000,0
39.71,Akash,AUIT_Multi,CBA,0.614,1.771,1.258,342.6,357.9,0.433,1.768,1.566,0.558,1.765,1.731,World,Quad,13.3,10.9,0.358,0.477,0,0,None,None,1,1,0,0,0.3497,1.1596,0.207,0.000,0
39.80,Akash,AUIT_Multi,CBA,0.610,1.772,1.255,341.1,358.0,0.416,1.771,1.567,0.541,1.768,1.885,World,Quad,13.1,13.0,0.367,0.634,0,0,None,None,1,1,0,0,0.1818,1.5973,0.342,0.000,0
39.90,Akash,AUIT_Multi,CBA,0.604,1.772,1.252,339.3,357.5,0.394,1.772,1.567,0.568,1.771,1.767,World,Quad,13.2,16.9,0.379,0.517,0,0,None,None,1,1,0,0,0.2229,1.2425,0.265,0.000,0
40.01,Akash,AUIT_Multi,CBA,0.598,1.773,1.248,337.0,356.9,0.348,1.772,1.569,0.569,1.772,1.748,World,Quad,15.2,20.0,0.407,0.500,0,0,None,None,1,1,0,0,0.4155,0.1798,0.284,0.000,0
40.11,Akash,AUIT_Multi,CBA,0.592,1.773,1.244,334.0,357.0,0.309,1.773,1.549,0.569,1.773,1.760,World,Quad,17.1,23.6,0.416,0.517,0,0,None,None,1,1,0,0,0.4458,0.1304,0.334,0.000,0
40.21,Akash,AUIT_Multi,CBA,0.583,1.773,1.238,329.1,356.9,0.297,1.773,1.489,0.565,1.773,1.727,World,Quad,18.1,28.9,0.380,0.489,0,0,None,None,1,0,0,0,0.6311,0.3437,0.358,0.000,0
40.30,Akash,AUIT_Multi,CBA,0.572,1.773,1.230,321.9,357.0,0.297,1.773,1.425,0.527,1.773,1.666,World,Quad,16.9,32.3,0.338,0.439,0,0,None,None,1,0,0,0,0.6637,0.7387,0.334,0.000,0
40.40,Akash,AUIT_Multi,CBA,0.564,1.772,1.223,317.1,357.5,0.297,1.772,1.367,0.468,1.772,1.656,World,CabinetD06Door,18.8,30.6,0.303,0.444,0,0,None,None,1,0,0,0,0.5913,0.6180,0.335,0.000,0
40.51,Akash,AUIT_Multi,CBA,0.559,1.771,1.218,315.2,357.7,0.297,1.771,1.329,0.421,1.771,1.655,World,CabinetD06Door,22.3,27.4,0.285,0.459,0,0,None,None,1,0,0,0,0.3404,0.4266,0.349,0.000,0
40.61,Akash,AUIT_Multi,CBA,0.556,1.771,1.215,314.3,357.5,0.298,1.771,1.340,0.397,1.773,1.620,World,CabinetD06Door,18.7,24.3,0.287,0.435,0,0,None,None,1,1,0,0,0.1090,0.4398,0.297,0.000,0
40.71,Akash,AUIT_Multi,CBA,0.555,1.771,1.212,313.2,357.4,0.300,1.770,1.363,0.366,1.776,1.573,World,Quad,13.0,19.2,0.296,0.407,0,0,None,None,1,1,0,0,0.2399,0.5758,0.221,0.000,0
40.80,Akash,AUIT_Multi,CBA,0.555,1.771,1.211,312.7,357.7,0.301,1.769,1.388,0.326,1.777,1.556,World,Quad,8.2,13.8,0.309,0.414,0,0,None,None,1,1,0,0,0.2552,0.4517,0.170,0.000,0
40.90,Akash,AUIT_Multi,CBA,0.554,1.771,1.209,312.3,357.8,0.303,1.769,1.408,0.277,1.772,1.644,World,Quad,4.6,15.4,0.320,0.516,0,0,None,None,1,1,0,0,0.2084,1.0343,0.238,0.000,0
41.01,Akash,AUIT_Multi,CBA,0.554,1.771,1.208,312.2,357.8,0.306,1.768,1.431,0.267,1.771,1.659,World,Quad,2.7,15.5,0.334,0.535,0,0,None,None,1,1,0,0,0.2092,0.1598,0.232,0.823,0
41.11,Akash,AUIT_Multi,CBA,0.555,1.770,1.207,312.2,358.0,0.308,1.767,1.452,0.267,1.770,1.660,World,Quad,3.6,15.5,0.348,0.537,0,0,None,None,1,1,0,0,0.2174,0.0128,0.212,0.810,0
41.21,Akash,AUIT_Multi,CBA,0.555,1.770,1.205,312.3,357.9,0.311,1.767,1.472,0.267,1.770,1.660,World,Quad,5.9,15.5,0.362,0.539,0,0,None,None,1,1,0,0,0.2110,0.0035,0.193,0.813,0
41.30,Akash,AUIT_Multi,CBA,0.556,1.771,1.204,312.5,357.6,0.314,1.766,1.492,0.267,1.770,1.660,World,Quad,8.1,15.3,0.376,0.540,0,0,None,None,1,1,0,0,0.2100,0.0020,0.175,0.837,0
41.40,Akash,AUIT_Multi,CBA,0.556,1.771,1.204,313.1,357.5,0.318,1.765,1.514,0.268,1.771,1.660,World,Quad,9.9,14.9,0.391,0.540,0,0,None,None,1,1,0,0,0.2203,0.0138,0.155,0.846,0
41.51,Akash,AUIT_Multi,CBA,0.557,1.770,1.204,313.7,357.8,0.322,1.765,1.537,0.274,1.771,1.660,World,Quad,11.5,14.7,0.408,0.536,0,0,None,None,1,1,0,0,0.2137,0.0538,0.132,0.855,0
41.61,Akash,AUIT_Multi,CBA,0.558,1.770,1.204,314.3,357.9,0.304,1.769,1.394,0.280,1.770,1.660,World,Quad,7.7,14.6,0.317,0.533,0,0,None,None,1,1,0,0,1.4822,0.0637,0.267,0.000,0
41.71,Akash,AUIT_Multi,CBA,0.559,1.770,1.205,314.8,357.8,0.292,1.770,1.361,0.288,1.770,1.659,World,Quad,14.7,14.5,0.309,0.529,0,0,None,None,1,1,0,0,0.3672,0.0753,0.299,0.000,0
41.80,Akash,AUIT_Multi,CBA,0.560,1.770,1.206,315.3,357.8,0.292,1.770,1.358,0.297,1.770,1.659,World,Quad,15.9,14.7,0.308,0.524,0,0,None,None,1,1,0,0,0.0268,0.0939,0.301,0.000,0
41.90,Akash,AUIT_Multi,CBA,0.560,1.770,1.207,315.6,357.7,0.292,1.770,1.358,0.310,1.770,1.659,World,Quad,16.4,15.5,0.308,0.516,0,0,None,None,1,1,0,0,0.0063,0.1323,0.301,0.000,0
42.01,Akash,AUIT_Multi,CBA,0.560,1.770,1.209,315.7,358.0,0.293,1.770,1.358,0.320,1.770,1.658,World,Quad,16.7,16.3,0.306,0.510,0,0,None,None,1,1,0,0,0.0027,0.0904,0.302,0.000,0
42.11,Akash,AUIT_Multi,CBA,0.560,1.769,1.210,316.0,358.0,0.293,1.770,1.358,0.325,1.770,1.658,World,Quad,17.2,16.4,0.306,0.506,0,0,None,None,1,1,0,0,0.0037,0.0556,0.302,0.000,0
42.21,Akash,AUIT_Multi,CBA,0.561,1.770,1.212,316.7,357.8,0.293,1.770,1.358,0.337,1.770,1.658,World,Quad,18.4,16.6,0.306,0.499,0,0,None,None,1,1,0,0,0.0026,0.1187,0.303,0.000,0
42.30,Akash,AUIT_Multi,CBA,0.562,1.770,1.213,317.6,357.7,0.293,1.770,1.357,0.356,1.770,1.657,World,CabinetD06Door,19.4,17.6,0.306,0.490,0,0,None,None,1,1,0,0,0.0056,0.1963,0.306,0.000,0
42.40,Akash,AUIT_Multi,CBA,0.564,1.770,1.213,318.6,357.6,0.294,1.770,1.357,0.376,1.770,1.656,World,CabinetD06Door,20.7,18.5,0.306,0.481,0,0,None,None,1,1,0,0,0.0047,0.2089,0.310,0.000,0
42.51,Akash,AUIT_Multi,CBA,0.566,1.771,1.214,319.6,357.3,0.294,1.770,1.357,0.401,1.770,1.655,World,CabinetD06Door,22.0,20.1,0.307,0.471,0,0,None,None,1,1,0,0,0.0079,0.2291,0.317,0.000,0
42.61,Akash,AUIT_Multi,CBA,0.567,1.771,1.214,320.1,357.0,0.295,1.771,1.356,0.419,1.771,1.655,World,CabinetD06Door,22.7,21.5,0.307,0.465,0,0,None,None,1,1,0,0,0.0075,0.1781,0.323,0.000,0
42.71,Akash,AUIT_Multi,CBA,0.568,1.771,1.213,320.1,357.0,0.295,1.771,1.356,0.428,1.771,1.654,World,CabinetD06Door,22.6,22.5,0.308,0.463,0,0,None,None,1,1,0,0,0.0052,0.0977,0.326,0.000,0
42.80,Akash,AUIT_Multi,CBA,0.566,1.770,1.211,319.0,357.5,0.296,1.771,1.352,0.429,1.771,1.654,World,CabinetD06Door,21.6,24.0,0.305,0.464,0,0,None,None,1,1,0,0,0.0466,0.0115,0.331,0.000,0
42.90,Akash,AUIT_Multi,CBA,0.564,1.770,1.207,317.0,357.9,0.296,1.770,1.333,0.428,1.770,1.654,World,CabinetD06Door,21.9,26.2,0.296,0.467,0,0,None,None,1,0,0,0,0.1920,0.0120,0.347,0.000,0
43.01,Akash,AUIT_Multi,CBA,0.562,1.769,1.203,314.2,358.3,0.296,1.769,1.311,0.411,1.769,1.655,World,CabinetD06Door,22.1,27.4,0.287,0.476,0,0,None,None,1,0,0,0,0.1950,0.1554,0.362,0.000,0
43.11,Akash,AUIT_Multi,CBA,0.560,1.769,1.200,312.0,358.8,0.294,1.769,1.295,0.387,1.769,1.656,World,CabinetD06Door,22.5,27.2,0.282,0.487,0,0,None,None,1,0,0,0,0.1721,0.2481,0.373,0.000,0
43.21,Akash,AUIT_Multi,CBA,0.559,1.768,1.199,311.2,359.1,0.290,1.768,1.283,0.367,1.768,1.656,World,CabinetD06Door,23.9,26.0,0.281,0.496,0,0,None,None,1,0,0,0,0.1296,0.2116,0.381,0.000,0
43.30,Akash,AUIT_Multi,CBA,0.559,1.768,1.199,311.1,359.5,0.289,1.768,1.278,0.359,1.768,1.656,World,CabinetD06Door,24.8,25.2,0.281,0.499,0,0,None,None,1,0,0,0,0.0493,0.0824,0.384,0.000,0
43.40,Akash,AUIT_Multi,CBA,0.560,1.769,1.200,311.3,359.3,0.289,1.768,1.277,0.357,1.768,1.656,World,CabinetD06Door,25.4,24.7,0.281,0.499,0,0,None,None,0,1,0,0,0.0091,0.0185,0.385,0.000,0
43.51,Akash,AUIT_Multi,CBA,0.560,1.770,1.202,311.5,359.5,0.291,1.769,1.281,0.362,1.769,1.656,World,CabinetD06Door,25.1,25.0,0.281,0.496,0,0,None,None,0,1,0,0,0.0349,0.0517,0.382,0.000,0
43.61,Akash,AUIT_Multi,CBA,0.559,1.769,1.201,309.2,0.3,0.290,1.769,1.279,0.358,1.769,1.656,World,CabinetD06Door,23.1,26.9,0.280,0.497,0,0,None,None,1,0,0,0,0.0190,0.0479,0.383,0.000,0
43.71,Akash,AUIT_Multi,CBA,0.556,1.770,1.199,305.9,0.2,0.283,1.769,1.268,0.333,1.769,1.658,World,CabinetD06Door,21.6,28.2,0.282,0.510,0,0,None,None,1,0,0,0,0.1307,0.2518,0.392,0.000,0
43.80,Akash,AUIT_Multi,CBA,0.554,1.771,1.195,302.5,359.4,0.270,1.770,1.252,0.295,1.770,1.659,World,CabinetD06Door,21.3,28.4,0.290,0.531,0,0,None,None,1,0,0,0,0.2232,0.3904,0.409,0.000,0
43.90,Akash,AUIT_Multi,CBA,0.552,1.772,1.193,299.7,358.8,0.249,1.771,1.234,0.254,1.771,1.661,World,CabinetD06Door,22.0,27.9,0.306,0.555,0,0,None,None,1,0,0,0,0.2808,0.4283,0.427,0.000,0
44.01,Akash,AUIT_Multi,CBA,0.549,1.771,1.191,297.3,358.8,0.219,1.771,1.216,0.212,1.771,1.661,World,CabinetD06Door,22.9,27.1,0.331,0.579,0,0,None,None,1,0,0,0,0.3121,0.3726,0.445,0.000,0
44.11,Akash,AUIT_Multi,CBA,0.547,1.769,1.191,296.7,359.4,0.201,1.771,1.206,0.198,1.771,1.647,World,CabinetD06Door,24.4,25.8,0.346,0.574,0,0,None,None,1,0,0,0,0.2156,0.2125,0.441,0.000,0
44.21,Akash,AUIT_Multi,CBA,0.544,1.769,1.193,296.9,359.8,0.205,1.769,1.203,0.195,1.769,1.639,World,CabinetD06Door,25.2,25.1,0.339,0.567,0,0,None,None,0,0,0,0,0.0527,0.0815,0.436,0.000,0
44.30,Akash,AUIT_Multi,CBA,0.542,1.768,1.195,296.9,0.1,0.208,1.768,1.205,0.195,1.768,1.639,World,CabinetD06Door,25.3,25.0,0.335,0.564,0,0,None,None,0,0,0,0,0.0337,0.0121,0.435,0.000,0
44.40,Akash,AUIT_Multi,CBA,0.541,1.768,1.197,296.7,0.0,0.208,1.768,1.206,0.195,1.768,1.638,World,CabinetD06Door,25.1,25.2,0.333,0.561,0,0,None,None,0,0,0,0,0.0165,0.0130,0.432,0.000,0
44.51,Akash,AUIT_Multi,CBA,0.540,1.768,1.198,296.7,359.9,0.207,1.768,1.207,0.195,1.768,1.634,World,CabinetD06Door,25.2,25.0,0.333,0.557,0,0,None,None,0,1,0,0,0.0122,0.0307,0.428,0.000,0
44.61,Akash,AUIT_Multi,CBA,0.540,1.768,1.199,297.5,359.8,0.214,1.768,1.208,0.194,1.768,1.638,World,CabinetD06Door,25.9,24.3,0.326,0.559,0,0,None,None,0,1,0,0,0.0780,0.0353,0.430,0.000,0
44.71,Akash,AUIT_Multi,CBA,0.541,1.768,1.201,298.5,359.8,0.227,1.768,1.214,0.194,1.768,1.653,World,CabinetD06Door,26.2,24.0,0.315,0.570,0,0,None,None,0,1,0,0,0.1451,0.1564,0.440,0.000,0
44.80,Akash,AUIT_Multi,CBA,0.543,1.768,1.202,299.5,359.8,0.237,1.768,1.220,0.203,1.768,1.661,World,CabinetD06Door,26.1,24.0,0.306,0.570,0,0,None,None,0,1,0,0,0.1272,0.1224,0.441,0.000,0
44.90,Akash,AUIT_Multi,CBA,0.544,1.768,1.204,300.1,0.0,0.245,1.768,1.226,0.216,1.768,1.661,World,CabinetD06Door,25.7,24.3,0.300,0.563,0,0,None,None,0,1,0,0,0.0944,0.1282,0.436,0.000,0
45.01,Akash,AUIT_Multi,CBA,0.544,1.767,1.203,299.7,0.4,0.246,1.767,1.229,0.222,1.767,1.662,World,CabinetD06Door,24.8,25.2,0.299,0.560,0,0,None,None,1,0,0,0,0.0282,0.0526,0.433,0.000,0
45.11,Akash,AUIT_Multi,CBA,0.543,1.766,1.202,299.1,0.3,0.242,1.767,1.227,0.217,1.767,1.662,World,CabinetD06Door,24.4,25.6,0.302,0.563,0,0,None,None,1,0,0,0,0.0436,0.0430,0.435,0.000,0
45.21,Akash,AUIT_Multi,CBA,0.543,1.766,1.200,298.1,0.6,0.234,1.766,1.223,0.208,1.766,1.662,World,CabinetD06Door,23.9,25.9,0.310,0.571,0,0,None,None,1,0,0,0,0.0943,0.0989,0.440,0.000,0
45.30,Akash,AUIT_Multi,CBA,0.543,1.766,1.199,298.2,0.7,0.226,1.766,1.218,0.197,1.766,1.662,World,CabinetD06Door,24.9,25.0,0.317,0.578,0,0,None,None,1,0,0,0,0.0969,0.1083,0.445,0.000,0
45.40,Akash,AUIT_Multi,CBA,0.544,1.766,1.200,298.9,0.8,0.233,1.766,1.218,0.200,1.766,1.662,World,CabinetD06Door,25.6,24.5,0.312,0.576,0,0,None,None,0,1,0,0,0.0655,0.0317,0.445,0.000,0
45.51,Akash,AUIT_Multi,CBA,0.544,1.766,1.200,299.1,0.6,0.237,1.766,1.221,0.208,1.766,1.662,World,CabinetD06Door,25.2,24.8,0.308,0.572,0,0,None,None,0,1,0,0,0.0453,0.0649,0.442,0.000,0
45.61,Akash,AUIT_Multi,CBA,0.544,1.767,1.200,298.4,0.4,0.234,1.766,1.221,0.207,1.766,1.662,World,CabinetD06Door,24.5,25.4,0.311,0.572,0,0,None,None,1,0,0,0,0.0264,0.0082,0.442,0.000,0
45.71,Akash,AUIT_Multi,CBA,0.545,1.768,1.199,297.5,359.7,0.227,1.767,1.218,0.200,1.767,1.662,World,CabinetD06Door,24.1,25.8,0.318,0.578,0,0,None,None,1,0,0,0,0.0777,0.0743,0.445,0.000,0
45.80,Akash,AUIT_Multi,CBA,0.546,1.771,1.198,296.1,357.3,0.208,1.768,1.212,0.196,1.768,1.650,World,CabinetD06Door,24.0,26.2,0.338,0.572,0,0,None,None,1,0,0,0,0.2075,0.1365,0.438,0.000,0
45.90,Akash,AUIT_Multi,CBA,0.547,1.773,1.198,296.2,355.3,0.206,1.771,1.206,0.196,1.771,1.636,World,CabinetD06Door,25.4,25.5,0.341,0.562,0,0,None,None,0,0,0,0,0.0700,0.1402,0.431,0.000,0
46.01,Akash,AUIT_Multi,CBA,0.546,1.773,1.199,296.9,355.4,0.213,1.773,1.207,0.195,1.773,1.639,World,CabinetD06Door,25.9,25.0,0.333,0.564,0,0,None,None,0,1,0,0,0.0696,0.0327,0.433,0.000,0
46.11,Akash,AUIT_Multi,CBA,0.545,1.772,1.200,297.3,355.6,0.220,1.773,1.210,0.195,1.773,1.647,World,CabinetD06Door,25.9,25.0,0.325,0.568,0,0,None,None,0,1,0,0,0.0766,0.0830,0.438,0.000,0
46.21,Akash,AUIT_Multi,CBA,0.543,1.772,1.201,297.5,356.3,0.224,1.772,1.213,0.194,1.772,1.654,World,CabinetD06Door,25.6,25.1,0.319,0.571,0,0,None,None,0,0,0,0,0.0548,0.0652,0.442,0.000,0
46.30,Akash,AUIT_Multi,CBA,0.542,1.772,1.202,297.4,356.5,0.224,1.772,1.215,0.194,1.772,1.655,World,CabinetD06Door,25.3,25.3,0.318,0.571,0,0,None,None,0,0,0,0,0.0197,0.0146,0.441,0.000,0
46.40,Akash,AUIT_Multi,CBA,0.541,1.772,1.202,297.2,356.0,0.222,1.772,1.215,0.194,1.772,1.652,World,CabinetD06Door,25.2,25.5,0.320,0.568,0,0,None,None,0,0,0,0,0.0298,0.0351,0.438,0.000,0
46.51,Akash,AUIT_Multi,CBA,0.541,1.772,1.203,297.3,356.0,0.222,1.772,1.214,0.194,1.772,1.650,World,CabinetD06Door,25.5,25.2,0.319,0.566,0,0,None,None,0,0,0,0,0.0074,0.0163,0.436,0.000,0
46.61,Akash,AUIT_Multi,CBA,0.541,1.772,1.204,297.6,356.0,0.225,1.772,1.216,0.194,1.772,1.653,World,CabinetD06Door,25.7,25.1,0.316,0.567,0,0,None,None,0,0,0,0,0.0367,0.0302,0.438,0.000,0
46.71,Akash,AUIT_Multi,CBA,0.541,1.772,1.205,297.5,356.2,0.229,1.772,1.218,0.194,1.772,1.657,World,CabinetD06Door,25.4,25.2,0.312,0.569,0,0,None,None,0,0,0,0,0.0387,0.0415,0.440,0.000,0
46.80,Akash,AUIT_Multi,CBA,0.540,1.772,1.205,297.1,356.3,0.226,1.772,1.218,0.194,1.772,1.655,World,CabinetD06Door,25.0,25.6,0.313,0.567,0,0,None,None,0,0,0,0,0.0224,0.0183,0.438,0.000,0
46.90,Akash,AUIT_Multi,CBA,0.539,1.772,1.205,296.6,356.6,0.221,1.772,1.216,0.194,1.772,1.647,World,CabinetD06Door,24.7,25.7,0.318,0.561,0,0,None,None,1,0,0,0,0.0604,0.0774,0.432,0.000,0
47.01,Akash,AUIT_Multi,CBA,0.538,1.772,1.204,296.0,356.5,0.212,1.772,1.213,0.195,1.772,1.636,World,CabinetD06Door,24.6,25.8,0.326,0.552,0,0,None,None,1,0,0,0,0.0863,0.1027,0.423,0.000,0
47.11,Akash,AUIT_Multi,CBA,0.539,1.772,1.201,294.5,355.9,0.167,1.772,1.209,0.195,1.772,1.625,World,CabinetD06Door,23.7,26.8,0.372,0.545,0,0,None,None,1,0,0,0,0.4675,0.1131,0.417,0.000,0
47.21,Akash,AUIT_Multi,CBA,0.538,1.773,1.195,290.1,355.1,0.085,1.772,1.189,0.197,1.772,1.589,World,CabinetD06Door,21.5,29.3,0.453,0.521,0,0,None,None,1,0,0,0,0.8634,0.3691,0.416,0.000,0
47.30,Akash,AUIT_Multi,CBA,0.538,1.772,1.191,286.6,355.7,-0.008,1.773,1.142,0.200,1.773,1.531,World,Wall4m,22.1,28.9,0.548,0.480,0,0,None,None,1,0,0,0,1.0718,0.5992,0.441,0.000,0
47.40,Akash,AUIT_Multi,CBA,0.538,1.771,1.190,287.0,356.5,-0.008,1.772,1.115,0.201,1.772,1.496,World,Wall4m,24.9,25.5,0.552,0.455,0,0,None,None,1,0,0,0,0.2773,0.3602,0.435,0.000,0
47.51,Akash,AUIT_Multi,CBA,0.538,1.770,1.190,287.7,357.2,0.012,1.771,1.120,0.200,1.771,1.498,World,Wall4m,25.4,24.9,0.531,0.458,0,0,None,None,0,1,0,0,0.1859,0.0256,0.423,0.000,0
47.61,Akash,AUIT_Multi,CBA,0.537,1.769,1.186,285.8,357.7,-0.017,1.770,1.112,0.201,1.770,1.495,World,Wall4m,23.5,26.8,0.559,0.456,0,0,None,None,1,0,0,0,0.3099,0.0415,0.440,0.000,0
47.71,Akash,AUIT_Multi,CBA,0.536,1.769,1.184,284.4,357.7,-0.030,1.769,1.093,0.202,1.769,1.474,World,Wall4m,23.7,26.6,0.573,0.442,0,0,None,None,1,0,0,0,0.2408,0.2152,0.446,0.000,0
47.80,Akash,AUIT_Multi,CBA,0.535,1.770,1.183,283.7,356.8,-0.030,1.769,1.083,0.193,1.769,1.407,World,Wall4m,24.0,19.8,0.573,0.408,0,0,None,None,1,1,0,0,0.0947,0.6935,0.393,0.000,0
47.90,Akash,AUIT_Multi,CBA,0.534,1.770,1.181,281.0,356.3,-0.030,1.770,1.083,0.182,1.768,1.319,World,Wall4m,21.2,11.2,0.572,0.378,0,0,None,None,1,1,0,0,0.0063,0.9068,0.317,0.000,0
48.01,Akash,AUIT_Multi,CBA,0.533,1.769,1.180,279.1,356.5,-0.030,1.770,1.083,0.190,1.768,1.305,World,Wall4m,19.2,11.5,0.571,0.365,0,0,None,None,1,1,0,0,0.0028,0.1496,0.312,0.000,0
48.11,Akash,AUIT_Multi,CBA,0.532,1.769,1.182,279.6,356.7,-0.030,1.769,1.083,0.206,1.769,1.346,World,Wall4m,19.7,17.5,0.571,0.366,0,0,None,None,1,1,0,0,0.0033,0.4568,0.354,0.000,0
48.21,Akash,AUIT_Multi,CBA,0.532,1.769,1.184,280.6,356.7,-0.031,1.769,1.083,0.207,1.769,1.365,World,Wall4m,21.1,18.8,0.572,0.372,0,0,None,None,1,1,0,0,0.0034,0.1958,0.369,0.000,0
48.30,Akash,AUIT_Multi,CBA,0.531,1.768,1.185,280.6,357.2,-0.031,1.769,1.083,0.207,1.769,1.380,World,Wall4m,21.1,20.6,0.571,0.379,0,0,None,None,1,1,0,0,0.0034,0.1497,0.380,0.000,0
48.40,Akash,AUIT_Multi,CBA,0.531,1.768,1.186,281.0,357.5,-0.031,1.768,1.083,0.207,1.768,1.385,World,Wall4m,21.5,20.7,0.571,0.380,0,0,None,None,1,1,0,0,0.0070,0.0476,0.384,0.000,0
48.51,Akash,AUIT_Multi,CBA,0.530,1.768,1.188,281.8,357.7,-0.031,1.768,1.083,0.206,1.768,1.396,World,Wall4m,22.5,21.0,0.571,0.385,0,0,None,None,1,1,0,0,0.0047,0.0995,0.392,0.000,0
48.61,Akash,AUIT_Multi,CBA,0.530,1.767,1.191,283.5,357.9,-0.031,1.768,1.083,0.204,1.768,1.414,World,Wall4m,24.5,21.0,0.572,0.395,0,0,None,None,1,1,0,0,0.0025,0.1929,0.407,0.000,0
48.71,Akash,AUIT_Multi,CBA,0.532,1.767,1.196,287.3,358.3,0.031,1.767,1.100,0.202,1.767,1.454,World,Wall4m,28.2,20.8,0.510,0.419,0,0,None,None,0,1,0,0,0.6632,0.4111,0.393,0.000,0
48.80,Akash,AUIT_Multi,CBA,0.535,1.766,1.202,292.3,358.8,0.137,1.767,1.146,0.199,1.767,1.509,World,CabinetD06Door,30.3,20.1,0.402,0.455,0,0,None,None,0,1,0,0,1.1836,0.5623,0.368,0.000,0
48.90,Akash,AUIT_Multi,CBA,0.540,1.767,1.208,297.1,358.8,0.198,1.766,1.187,0.195,1.766,1.579,World,CabinetD06Door,30.6,20.1,0.343,0.507,0,0,None,None,0,1,0,0,0.7573,0.7281,0.392,0.000,0
49.01,Akash,AUIT_Multi,CBA,0.547,1.767,1.216,303.9,358.5,0.255,1.767,1.226,0.218,1.767,1.648,World,CabinetD06Door,31.9,18.9,0.293,0.543,0,0,None,None,0,1,0,0,0.6221,0.6487,0.423,0.000,0
49.11,Akash,AUIT_Multi,CBA,0.556,1.768,1.223,310.9,357.9,0.282,1.768,1.261,0.289,1.768,1.657,World,CabinetD06Door,33.0,17.7,0.277,0.509,0,0,None,None,0,1,0,0,0.4579,0.7369,0.396,0.000,0
49.21,Akash,AUIT_Multi,CBA,0.565,1.769,1.230,317.4,357.7,0.295,1.769,1.302,0.368,1.769,1.656,World,CabinetD06Door,32.5,17.9,0.279,0.469,0,0,None,None,0,1,0,0,0.4393,0.8103,0.361,0.000,0
49.30,Akash,AUIT_Multi,CBA,0.571,1.769,1.234,321.3,358.1,0.297,1.769,1.342,0.378,1.769,1.648,World,CabinetD06,29.8,13.8,0.295,0.458,0,0,None,None,0,1,0,0,0.4103,0.1255,0.317,0.000,0
49.40,Akash,AUIT_Multi,CBA,0.574,1.768,1.235,321.8,359.0,0.297,1.769,1.367,0.313,1.769,1.634,World,CabinetD06,26.3,5.2,0.307,0.477,0,0,None,None,0,1,0,0,0.2536,0.6798,0.268,0.000,0
49.52,Akash,AUIT_Multi,CBA,0.574,1.769,1.234,321.5,359.0,0.297,1.769,1.373,0.238,1.768,1.617,World,CabinetD06,24.9,2.9,0.309,0.509,0,0,None,None,1,1,0,0,0.0534,0.6702,0.252,0.000,0
49.61,Akash,AUIT_Multi,CBA,0.575,1.769,1.234,321.7,358.9,0.298,1.769,1.373,0.431,1.769,1.646,World,CabinetD06,25.2,19.1,0.310,0.436,0,0,None,None,0,1,0,0,0.0024,2.0014,0.305,0.000,0
49.72,Akash,AUIT_Multi,CBA,0.575,1.769,1.234,321.9,358.9,0.298,1.769,1.374,0.471,1.769,1.653,World,CabinetD06,25.2,24.0,0.311,0.432,0,0,None,None,0,1,0,0,0.0128,0.3596,0.328,0.000,0
49.81,Akash,AUIT_Multi,CBA,0.576,1.769,1.234,322.0,358.9,0.298,1.769,1.375,0.477,1.769,1.654,World,CabinetD06,25.1,24.9,0.312,0.432,0,0,None,None,0,1,0,0,0.0095,0.0767,0.332,0.000,0
49.91,Akash,AUIT_Multi,CBA,0.576,1.769,1.233,322.0,359.0,0.298,1.769,1.375,0.478,1.769,1.654,World,CabinetD06,25.0,25.0,0.312,0.431,0,0,None,None,1,0,0,0,0.0020,0.0121,0.332,0.000,0
50.01,Akash,AUIT_Multi,CBA,0.576,1.769,1.234,322.5,358.9,0.298,1.769,1.375,0.479,1.769,1.654,World,CabinetD06,25.6,24.5,0.313,0.431,0,0,None,None,0,1,0,0,0.0019,0.0044,0.332,0.000,0
50.11,Akash,AUIT_Multi,CBA,0.578,1.769,1.234,323.9,358.9,0.298,1.769,1.381,0.486,1.769,1.654,World,CabinetD06,26.3,23.7,0.317,0.429,0,0,None,None,0,1,0,0,0.0585,0.0717,0.331,0.000,0
50.21,Akash,AUIT_Multi,CBA,0.580,1.770,1.235,325.0,358.7,0.297,1.769,1.390,0.497,1.769,1.653,World,CabinetD06,26.3,23.7,0.323,0.427,0,0,None,None,0,1,0,0,0.0932,0.1128,0.330,0.000,0
50.30,Akash,AUIT_Multi,CBA,0.585,1.770,1.237,328.8,358.7,0.297,1.770,1.403,0.512,1.770,1.653,World,CabinetD06,28.7,21.3,0.332,0.423,0,0,None,None,0,1,0,0,0.1353,0.1540,0.329,0.000,0
50.40,Akash,AUIT_Multi,CBA,0.592,1.770,1.240,335.3,358.8,0.296,1.770,1.440,0.546,1.770,1.752,World,CabinetD06,31.2,19.6,0.358,0.514,0,0,None,None,0,1,0,0,0.3825,1.0787,0.400,0.000,0
50.51,Akash,AUIT_Multi,CBA,0.599,1.771,1.243,341.2,358.3,0.293,1.770,1.509,0.604,1.770,1.791,World,CabinetD06,30.3,19.4,0.405,0.548,0,0,None,None,0,1,0,0,0.6172,0.6343,0.420,0.000,0
50.61,Akash,AUIT_Multi,CBA,0.604,1.771,1.244,344.6,358.1,0.299,1.771,1.559,0.645,1.771,1.674,World,CabinetD06,28.7,21.0,0.438,0.432,0,0,None,None,0,1,0,0,0.5194,1.2750,0.365,0.000,0
50.71,Akash,AUIT_Multi,CBA,0.606,1.771,1.245,345.6,358.2,0.326,1.771,1.568,0.672,1.771,1.656,World,CabinetD06,26.6,23.5,0.428,0.416,0,0,None,None,0,1,0,0,0.2967,0.3335,0.356,0.000,0
50.80,Akash,AUIT_Multi,CBA,0.607,1.771,1.245,345.1,358.5,0.338,1.771,1.568,0.680,1.771,1.654,World,CabinetD06,25.0,25.1,0.420,0.415,0,0,None,None,1,0,0,0,0.1173,0.0891,0.353,0.000,0
50.90,Akash,AUIT_Multi,CBA,0.608,1.770,1.245,345.2,358.7,0.337,1.771,1.568,0.680,1.771,1.654,World,CabinetD06,25.2,24.9,0.421,0.415,0,0,None,None,0,1,0,0,0.0070,0.0054,0.353,0.000,0
51.01,Akash,AUIT_Multi,CBA,0.608,1.770,1.245,345.3,358.8,0.340,1.770,1.568,0.682,1.770,1.654,World,CabinetD06,25.1,24.9,0.420,0.415,0,0,None,None,0,1,0,0,0.0218,0.0168,0.353,0.000,0
51.11,Akash,AUIT_Multi,CBA,0.608,1.769,1.245,344.9,359.1,0.340,1.770,1.568,0.682,1.770,1.654,World,CabinetD06,24.7,25.3,0.420,0.415,0,0,None,None,1,0,0,0,0.0037,0.0037,0.353,0.000,0
51.21,Akash,AUIT_Multi,CBA,0.608,1.769,1.245,344.6,359.2,0.335,1.769,1.568,0.679,1.769,1.654,World,CabinetD06,24.7,25.3,0.423,0.415,0,0,None,None,1,0,0,0,0.0417,0.0288,0.354,0.000,0
51.30,Akash,AUIT_Multi,CBA,0.607,1.769,1.244,344.3,359.3,0.332,1.769,1.568,0.677,1.769,1.654,World,CabinetD06,24.7,25.3,0.425,0.416,0,0,None,None,1,0,0,0,0.0365,0.0245,0.355,0.000,0
51.40,Akash,AUIT_Multi,CBA,0.607,1.769,1.243,343.8,359.4,0.327,1.769,1.568,0.674,1.769,1.654,World,CabinetD06,24.5,25.5,0.429,0.416,0,0,None,None,1,0,0,0,0.0470,0.0302,0.357,0.000,0
51.51,Akash,AUIT_Multi,CBA,0.606,1.769,1.242,343.4,359.4,0.320,1.769,1.568,0.669,1.769,1.653,World,CabinetD06,24.7,25.3,0.434,0.416,0,0,None,None,1,0,0,0,0.0641,0.0419,0.359,0.000,0
51.61,Akash,AUIT_Multi,CBA,0.606,1.769,1.242,343.6,359.3,0.317,1.769,1.568,0.667,1.769,1.653,World,CabinetD06,25.2,24.8,0.436,0.416,0,0,None,None,0,1,0,0,0.0298,0.0185,0.360,0.000,0
51.71,Akash,AUIT_Multi,CBA,0.609,1.769,1.242,345.2,359.5,0.323,1.769,1.568,0.672,1.769,1.653,World,CabinetD06,26.5,23.4,0.433,0.416,0,0,None,None,0,1,0,0,0.0585,0.0433,0.359,0.000,0
51.80,Akash,AUIT_Multi,CBA,0.613,1.769,1.243,347.9,359.6,0.344,1.769,1.567,0.688,1.769,1.654,World,CabinetD06,27.7,22.3,0.421,0.417,0,0,None,None,0,1,0,0,0.2193,0.1653,0.354,0.000,0
51.90,Akash,AUIT_Multi,CBA,0.618,1.768,1.243,350.1,359.8,0.373,1.768,1.565,0.711,1.768,1.654,World,CabinetD06,27.4,22.7,0.404,0.421,0,0,None,None,0,1,0,0,0.2955,0.2380,0.349,0.000,0
52.01,Akash,AUIT_Multi,CBA,0.618,1.768,1.243,349.1,359.8,0.391,1.768,1.564,0.726,1.768,1.655,World,CabinetD06,24.2,25.7,0.394,0.426,0,0,None,None,1,0,0,0,0.1627,0.1415,0.347,0.000,0
52.11,Akash,AUIT_Multi,CBA,0.613,1.769,1.240,344.8,359.1,0.374,1.769,1.565,0.713,1.769,1.654,World,CabinetD06,21.1,28.8,0.404,0.426,0,0,None,None,1,0,0,0,0.1812,0.1426,0.350,0.000,0
52.21,Akash,AUIT_Multi,CBA,0.608,1.770,1.237,340.8,358.9,0.329,1.769,1.567,0.679,1.769,1.653,World,CabinetD06,21.1,29.0,0.432,0.422,0,0,None,None,1,0,0,0,0.4579,0.3416,0.361,0.000,0
52.30,Akash,AUIT_Multi,CBA,0.603,1.769,1.235,338.7,359.2,0.305,1.770,1.548,0.650,1.770,1.653,World,CabinetD06,22.3,27.7,0.432,0.421,0,0,None,None,1,0,0,0,0.3123,0.3048,0.360,0.000,0
52.40,Akash,AUIT_Multi,CBA,0.597,1.769,1.233,336.0,359.2,0.297,1.769,1.523,0.628,1.769,1.679,World,CabinetD06,22.0,27.9,0.418,0.447,0,0,None,None,1,0,0,0,0.2692,0.3531,0.365,0.000,0
52.51,Akash,AUIT_Multi,CBA,0.591,1.769,1.231,333.6,359.3,0.296,1.769,1.489,0.599,1.769,2.130,World,CabinetD06,22.5,26.9,0.392,0.899,0,0,None,None,1,0,0,0,0.3047,4.0615,0.709,0.000,0
52.61,Akash,AUIT_Multi,CBA,0.587,1.768,1.231,332.4,359.9,0.296,1.769,1.467,0.579,1.769,1.810,World,CabinetD06,23.4,26.8,0.375,0.578,0,0,None,None,1,0,0,0,0.2272,3.3026,0.445,0.000,0
52.71,Akash,AUIT_Multi,CBA,0.586,1.768,1.233,333.0,0.2,0.295,1.768,1.458,0.569,1.768,1.707,World,CabinetD06,25.3,24.9,0.368,0.475,0,0,None,None,0,1,0,0,0.0996,1.0572,0.371,0.000,0
52.80,Akash,AUIT_Multi,CBA,0.586,1.767,1.234,334.1,0.4,0.294,1.768,1.463,0.567,1.768,1.889,World,CabinetD06,26.1,24.2,0.371,0.655,0,0,None,None,0,1,0,0,0.0554,1.8609,0.506,0.000,0
52.90,Akash,AUIT_Multi,CBA,0.590,1.767,1.237,336.5,0.7,0.294,1.767,1.477,0.579,1.767,2.170,World,CabinetD06,27.6,22.8,0.381,0.932,0,0,None,None,0,1,0,1,0.1402,2.8901,0.750,0.000,0
53.01,Akash,AUIT_Multi,CBA,0.598,1.765,1.242,341.5,1.7,0.292,1.766,1.517,0.612,1.766,1.761,World,CabinetD06,29.7,20.1,0.411,0.519,0,0,None,None,0,1,0,0,0.3626,3.6897,0.402,0.000,0
53.11,Akash,AUIT_Multi,CBA,0.606,1.763,1.247,346.4,2.9,0.305,1.765,1.561,0.651,1.765,1.667,World,CabinetD06,30.4,19.8,0.435,0.422,0,0,None,None,0,1,0,0,0.4709,1.0488,0.361,0.000,0
53.21,Akash,AUIT_Multi,CBA,0.612,1.763,1.250,349.5,3.3,0.353,1.763,1.567,0.691,1.763,1.656,World,CabinetD06,28.9,21.8,0.410,0.414,0,0,None,None,0,1,0,0,0.4979,0.4334,0.349,0.000,0
53.30,Akash,AUIT_Multi,CBA,0.615,1.763,1.251,350.7,3.3,0.384,1.763,1.566,0.716,1.763,1.655,World,CabinetD06,27.1,23.5,0.390,0.416,0,0,None,None,0,1,0,0,0.3208,0.2506,0.343,0.000,0
53.40,Akash,AUIT_Multi,CBA,0.617,1.762,1.252,351.6,3.4,0.401,1.763,1.566,0.729,1.763,1.655,World,CabinetD06,26.3,24.3,0.381,0.419,0,0,None,None,0,1,0,0,0.1683,0.1391,0.340,0.000,0
53.51,Akash,AUIT_Multi,CBA,0.616,1.763,1.252,351.4,3.1,0.409,1.763,1.566,0.736,1.763,1.655,World,CabinetD06,25.0,25.3,0.376,0.420,0,0,None,None,0,0,0,0,0.0689,0.0580,0.339,0.000,0
53.61,Akash,AUIT_Multi,CBA,0.615,1.763,1.252,351.0,2.9,0.406,1.763,1.566,0.733,1.763,1.655,World,CabinetD06,24.8,25.5,0.378,0.421,0,0,None,None,1,0,0,0,0.0241,0.0222,0.339,0.000,0
53.71,Akash,AUIT_Multi,CBA,0.614,1.763,1.251,351.0,2.8,0.403,1.763,1.566,0.731,1.763,1.655,World,CabinetD06,25.0,25.3,0.379,0.421,0,0,None,None,1,0,0,0,0.0284,0.0230,0.340,0.000,0
53.80,Akash,AUIT_Multi,CBA,0.613,1.763,1.251,350.7,2.5,0.401,1.763,1.566,0.730,1.763,1.655,World,CabinetD06,24.7,25.5,0.380,0.421,0,0,None,None,1,0,0,0,0.0200,0.0152,0.340,0.000,0
53.90,Akash,AUIT_Multi,CBA,0.611,1.764,1.250,350.1,2.4,0.397,1.763,1.566,0.726,1.763,1.655,World,CabinetD06,24.3,25.8,0.382,0.421,0,0,None,None,1,0,0,0,0.0498,0.0414,0.341,0.000,0
54.01,Akash,AUIT_Multi,CBA,0.609,1.764,1.249,349.6,2.3,0.389,1.764,1.566,0.719,1.764,1.655,World,CabinetD06,24.4,25.7,0.386,0.421,0,0,None,None,1,0,0,0,0.0717,0.0608,0.342,0.000,0
54.11,Akash,AUIT_Multi,CBA,0.607,1.764,1.248,348.8,2.2,0.382,1.764,1.566,0.713,1.764,1.655,World,CabinetD06,24.2,25.9,0.390,0.420,0,0,None,None,1,0,0,0,0.0683,0.0572,0.343,0.000,0
54.21,Akash,AUIT_Multi,CBA,0.606,1.764,1.247,348.0,2.1,0.373,1.764,1.567,0.706,1.764,1.654,World,CabinetD06,24.2,25.9,0.395,0.419,0,0,None,None,1,0,0,0,0.0924,0.0757,0.344,0.000,0
54.30,Akash,AUIT_Multi,CBA,0.605,1.764,1.247,347.6,1.9,0.365,1.764,1.567,0.700,1.764,1.654,World,CabinetD06,24.5,25.5,0.400,0.419,0,0,None,None,1,0,0,0,0.0800,0.0631,0.346,0.000,0
54.40,Akash,AUIT_Multi,CBA,0.604,1.764,1.246,347.1,1.8,0.360,1.764,1.567,0.696,1.764,1.654,World,CabinetD06,24.4,25.6,0.403,0.419,0,0,None,None,1,0,0,0,0.0565,0.0415,0.347,0.000,0
54.51,Akash,AUIT_Multi,CBA,0.601,1.765,1.244,345.9,1.5,0.350,1.764,1.567,0.689,1.764,1.654,World,CabinetD06,23.8,26.2,0.409,0.419,0,0,None,None,1,0,0,0,0.0855,0.0631,0.350,0.000,0
54.61,Akash,AUIT_Multi,CBA,0.599,1.765,1.242,344.7,1.2,0.337,1.765,1.567,0.679,1.765,1.654,World,CabinetD06,23.6,26.3,0.418,0.419,0,0,None,None,1,0,0,0,0.1413,0.1030,0.353,0.000,0
54.71,Akash,AUIT_Multi,CBA,0.597,1.766,1.241,343.8,0.9,0.322,1.765,1.568,0.668,1.765,1.653,World,CabinetD06,23.9,26.1,0.427,0.418,0,0,None,None,1,0,0,0,0.1502,0.1068,0.357,0.000,0
54.80,Akash,AUIT_Multi,CBA,0.596,1.766,1.240,343.1,0.7,0.310,1.766,1.568,0.660,1.766,1.653,World,CabinetD06,24.2,25.8,0.434,0.418,0,0,None,None,1,0,0,0,0.1211,0.0844,0.360,0.000,0
54.90,Akash,AUIT_Multi,CBA,0.594,1.766,1.239,342.4,0.5,0.302,1.766,1.567,0.654,1.766,1.653,World,CabinetD06,24.1,25.9,0.439,0.418,0,0,None,None,1,0,0,0,0.0877,0.0667,0.362,0.000,0
55.01,Akash,AUIT_Multi,CBA,0.590,1.770,1.237,339.5,357.5,0.299,1.768,1.550,0.641,1.768,1.654,World,CabinetD06,22.6,27.6,0.428,0.420,0,0,None,None,1,0,0,0,0.1543,0.1177,0.358,0.000,0
55.11,Akash,AUIT_Multi,CBA,0.588,1.771,1.235,338.3,357.3,0.295,1.770,1.527,0.623,1.770,1.665,World,CabinetD06,23.7,26.5,0.414,0.431,0,0,None,None,1,0,0,0,0.2467,0.2131,0.356,0.000,0
55.21,Akash,AUIT_Multi,CBA,0.588,1.769,1.236,338.8,358.2,0.292,1.770,1.519,0.616,1.770,1.672,World,CabinetD06,25.3,24.9,0.410,0.437,0,0,None,None,0,1,0,0,0.0865,0.1058,0.359,0.000,0
55.30,Akash,AUIT_Multi,CBA,0.588,1.769,1.237,338.9,358.4,0.291,1.769,1.522,0.618,1.769,1.668,World,CabinetD06,25.2,25.0,0.412,0.432,0,0,None,None,0,1,0,0,0.0339,0.0447,0.358,0.000,0
55.40,Akash,AUIT_Multi,CBA,0.588,1.769,1.236,338.5,358.0,0.291,1.769,1.522,0.617,1.769,1.669,World,CabinetD06,24.7,25.4,0.412,0.433,0,0,None,None,1,0,0,0,0.0052,0.0094,0.358,0.000,0
55.51,Akash,AUIT_Multi,CBA,0.588,1.769,1.237,338.3,358.1,0.291,1.769,1.518,0.614,1.769,1.675,World,CabinetD06,25.0,25.2,0.408,0.439,0,0,None,None,1,0,0,0,0.0355,0.0608,0.359,0.000,0
55.61,Akash,AUIT_Multi,CBA,0.588,1.769,1.238,338.4,358.2,0.291,1.769,1.517,0.614,1.769,1.677,World,CabinetD06,25.1,25.0,0.407,0.440,0,0,None,None,0,0,0,0,0.0043,0.0231,0.360,0.000,0
55.71,Akash,AUIT_Multi,CBA,0.587,1.769,1.238,338.2,358.1,0.291,1.769,1.518,0.613,1.769,1.678,World,CabinetD06,24.9,25.2,0.407,0.441,0,0,None,None,1,0,0,0,0.0036,0.0042,0.360,0.000,0
55.80,Akash,AUIT_Multi,CBA,0.587,1.770,1.238,338.0,357.9,0.291,1.769,1.515,0.613,1.769,1.692,World,CabinetD06,24.8,25.4,0.406,0.456,0,0,None,None,1,0,0,0,0.0222,0.1534,0.367,0.000,0
55.90,Akash,AUIT_Multi,CBA,0.587,1.770,1.237,337.7,357.9,0.291,1.770,1.513,0.612,1.770,1.722,World,CabinetD06,24.8,25.3,0.404,0.485,0,0,None,None,1,0,0,0,0.0292,0.3041,0.383,0.000,0
56.01,Akash,AUIT_Multi,CBA,0.586,1.770,1.237,337.5,358.0,0.292,1.770,1.509,0.611,1.770,1.759,World,CabinetD06,24.8,25.3,0.401,0.522,0,0,None,None,1,0,0,0,0.0296,0.3303,0.405,0.000,0
56.11,Akash,AUIT_Multi,CBA,0.586,1.770,1.236,337.3,357.9,0.292,1.770,1.506,0.610,1.770,1.793,World,CabinetD06,24.8,25.3,0.400,0.557,0,0,None,None,1,0,0,0,0.0306,0.3555,0.429,0.000,0
56.21,Akash,AUIT_Multi,CBA,0.586,1.770,1.235,337.2,357.9,0.292,1.770,1.504,0.609,1.770,1.810,World,CabinetD06,24.9,25.2,0.399,0.575,0,0,None,None,1,0,0,0,0.0236,0.1710,0.441,0.000,0
56.30,Akash,AUIT_Multi,CBA,0.587,1.770,1.235,337.2,357.7,0.292,1.770,1.502,0.609,1.770,1.817,World,CabinetD06,25.0,25.1,0.398,0.582,0,0,None,None,0,0,0,0,0.0159,0.0699,0.446,0.000,0
56.40,Akash,AUIT_Multi,CBA,0.587,1.770,1.234,337.1,357.6,0.292,1.770,1.501,0.608,1.770,1.815,World,CabinetD06,25.1,25.1,0.398,0.582,0,0,None,None,0,0,0,0,0.0117,0.0123,0.446,0.000,0
56.51,Akash,AUIT_Multi,CBA,0.587,1.770,1.233,336.9,357.5,0.292,1.770,1.500,0.609,1.770,1.822,World,CabinetD06,24.8,25.3,0.398,0.589,0,0,None,None,1,0,0,0,0.0099,0.0595,0.451,0.000,0
56.61,Akash,AUIT_Multi,CBA,0.587,1.770,1.233,336.9,357.8,0.292,1.770,1.497,0.608,1.770,1.876,World,CabinetD06,25.0,25.1,0.396,0.643,0,0,None,None,0,0,0,0,0.0304,0.5521,0.493,0.000,0
56.71,Akash,AUIT_Multi,CBA,0.590,1.771,1.233,338.4,357.1,0.292,1.770,1.502,0.608,1.770,1.763,World,CabinetD06,26.5,23.7,0.402,0.530,0,0,None,None,0,1,0,0,0.0464,1.1619,0.410,0.000,0
56.80,Akash,AUIT_Multi,CBA,0.592,1.772,1.232,338.6,356.8,0.292,1.771,1.514,0.616,1.771,1.680,World,CabinetD06,25.5,24.7,0.412,0.449,0,0,None,None,0,1,0,0,0.1278,0.8491,0.364,0.000,0
56.90,Akash,AUIT_Multi,CBA,0.591,1.772,1.230,336.9,356.4,0.293,1.772,1.512,0.616,1.772,1.687,World,CabinetD06,23.8,26.5,0.410,0.457,0,0,None,None,1,0,0,0,0.0275,0.0624,0.368,0.000,0
57.01,Akash,AUIT_Multi,CBA,0.588,1.776,1.225,334.1,353.8,0.294,1.773,1.488,0.604,1.773,2.119,World,CabinetD06,23.2,27.6,0.395,0.894,0,0,None,None,1,0,0,0,0.2135,3.8983,0.703,0.000,0
57.11,Akash,AUIT_Multi,CBA,0.586,1.778,1.221,332.0,352.3,0.295,1.776,1.462,0.580,1.776,1.837,World,CabinetD06,23.9,28.4,0.378,0.616,0,0,None,None,1,0,0,0,0.2752,2.9083,0.472,0.000,0
57.21,Akash,AUIT_Multi,CBA,0.586,1.779,1.219,331.2,351.6,0.295,1.778,1.441,0.564,1.778,1.689,World,CabinetD06,25.2,27.4,0.365,0.470,0,0,None,None,0,0,0,0,0.2120,1.5352,0.365,0.000,0
57.30,Akash,AUIT_Multi,CBA,0.586,1.779,1.219,331.4,351.9,0.296,1.779,1.432,0.557,1.779,1.664,World,CabinetD06,26.2,26.2,0.360,0.447,0,0,None,None,0,0,0,0,0.0897,0.2610,0.350,0.000,0
57.40,Akash,AUIT_Multi,CBA,0.586,1.777,1.219,331.9,352.6,0.295,1.778,1.434,0.559,1.778,1.665,World,CabinetD06,26.4,25.6,0.361,0.447,0,0,None,None,0,0,0,0,0.0169,0.0169,0.350,0.000,0
57.51,Akash,AUIT_Multi,CBA,0.586,1.777,1.220,332.1,353.0,0.295,1.777,1.438,0.562,1.777,1.671,World,CabinetD06,26.1,25.7,0.363,0.451,0,0,None,None,0,0,0,0,0.0422,0.0585,0.354,0.000,0
57.61,Akash,AUIT_Multi,CBA,0.586,1.776,1.222,332.2,353.4,0.295,1.777,1.440,0.563,1.777,1.673,World,CabinetD06,26.0,25.7,0.364,0.452,0,0,None,None,0,0,0,0,0.0224,0.0231,0.354,0.000,0
57.71,Akash,AUIT_Multi,CBA,0.587,1.776,1.223,332.8,353.6,0.295,1.776,1.444,0.564,1.776,1.683,World,CabinetD06,26.5,25.2,0.366,0.461,0,0,None,None,0,0,0,0,0.0315,0.1116,0.361,0.000,0
57.80,Akash,AUIT_Multi,CBA,0.589,1.776,1.225,334.5,353.7,0.295,1.776,1.453,0.567,1.776,1.936,World,CabinetD06,27.4,24.4,0.373,0.712,0,0,None,None,0,1,0,0,0.1000,2.6017,0.554,0.000,0
57.90,Akash,AUIT_Multi,CBA,0.591,1.776,1.227,336.5,353.9,0.294,1.776,1.472,0.587,1.776,2.051,World,CabinetD06,27.6,24.0,0.385,0.824,0,0,None,None,0,1,0,1,0.1973,1.1936,0.648,0.000,0
58.01,Akash,AUIT_Multi,CBA,0.592,1.775,1.229,336.9,354.0,0.293,1.776,1.491,0.604,1.776,1.765,World,CabinetD06,26.2,25.1,0.397,0.537,0,0,None,None,0,0,0,0,0.1649,2.5702,0.414,0.000,0
58.11,Akash,AUIT_Multi,CBA,0.591,1.775,1.230,336.6,354.1,0.293,1.775,1.494,0.609,1.775,1.833,World,CabinetD06,25.6,25.8,0.398,0.603,0,0,None,None,0,0,0,0,0.0360,0.6983,0.463,0.000,0
58.21,Akash,AUIT_Multi,CBA,0.590,1.775,1.231,336.6,354.2,0.293,1.775,1.494,0.608,1.775,1.850,World,CabinetD06,25.7,25.6,0.397,0.619,0,0,None,None,0,0,0,0,0.0021,0.1785,0.475,0.000,0
58.30,Akash,AUIT_Multi,CBA,0.589,1.775,1.232,336.3,354.3,0.293,1.775,1.494,0.608,1.775,1.884,World,CabinetD06,25.3,25.9,0.396,0.652,0,0,None,None,0,0,0,0,0.0024,0.3432,0.501,0.000,0
58.40,Akash,AUIT_Multi,CBA,0.588,1.775,1.232,335.8,354.4,0.293,1.775,1.491,0.606,1.775,2.054,World,CabinetD06,25.0,26.1,0.392,0.822,0,0,None,None,0,0,0,0,0.0371,1.7518,0.644,0.000,0
58.51,Akash,AUIT_Multi,CBA,0.586,1.775,1.232,335.1,354.5,0.293,1.775,1.484,0.598,1.775,2.250,World,CabinetD06,24.9,26.1,0.387,1.019,0,0,None,None,1,0,0,0,0.0580,1.7671,0.825,0.000,0
58.61,Akash,AUIT_Multi,CBA,0.583,1.775,1.231,334.1,354.6,0.293,1.775,1.477,0.587,1.775,2.003,World,CabinetD06,24.4,26.7,0.380,0.772,0,0,None,None,1,0,0,0,0.0800,2.5508,0.603,0.000,0
58.71,Akash,AUIT_Multi,CBA,0.579,1.775,1.228,331.5,354.2,0.293,1.775,1.462,0.572,1.775,1.744,World,CabinetD06,22.9,28.3,0.369,0.516,0,0,None,None,1,0,0,0,0.1535,2.6704,0.397,0.000,0
58.80,Akash,AUIT_Multi,CBA,0.575,1.775,1.225,328.3,354.6,0.294,1.775,1.435,0.549,1.775,1.667,World,CabinetD06,22.2,28.8,0.350,0.443,0,0,None,None,1,0,0,0,0.2747,0.8252,0.345,0.000,0
58.90,Akash,AUIT_Multi,CBA,0.571,1.774,1.223,326.0,355.0,0.294,1.774,1.408,0.523,1.774,1.654,World,CabinetD06,22.7,28.0,0.333,0.434,0,0,None,None,1,0,0,0,0.2800,0.3014,0.336,0.000,0
59.01,Akash,AUIT_Multi,CBA,0.568,1.773,1.221,325.0,355.3,0.295,1.774,1.388,0.501,1.774,1.653,World,CabinetD06,24.1,26.6,0.320,0.437,0,0,None,None,1,0,0,0,0.1821,0.1926,0.336,0.000,0
59.11,Akash,AUIT_Multi,CBA,0.567,1.773,1.221,324.9,355.4,0.294,1.773,1.380,0.493,1.773,1.653,World,CabinetD06,25.0,25.7,0.316,0.439,0,0,None,None,1,0,0,0,0.0774,0.0871,0.337,0.000,0
59.21,Akash,AUIT_Multi,CBA,0.566,1.773,1.220,324.9,355.6,0.294,1.773,1.378,0.490,1.773,1.653,World,CabinetD06,25.1,25.5,0.315,0.440,0,0,None,None,0,0,0,0,0.0240,0.0273,0.338,0.000,0
59.30,Akash,AUIT_Multi,CBA,0.565,1.773,1.219,324.6,355.6,0.294,1.773,1.376,0.488,1.773,1.653,World,CabinetD06,25.0,25.7,0.314,0.441,0,0,None,None,1,0,0,0,0.0200,0.0201,0.338,0.000,0
59.40,Akash,AUIT_Multi,CBA,0.565,1.773,1.218,324.0,355.6,0.294,1.773,1.372,0.485,1.773,1.653,World,CabinetD06,24.7,25.9,0.312,0.443,0,0,None,None,1,0,0,0,0.0358,0.0354,0.339,0.000,0
59.51,Akash,AUIT_Multi,CBA,0.565,1.773,1.215,323.0,355.5,0.294,1.773,1.366,0.478,1.773,1.653,World,CabinetD06,24.3,26.3,0.309,0.446,0,0,None,None,1,0,0,0,0.0601,0.0587,0.341,0.000,0
59.61,Akash,AUIT_Multi,CBA,0.564,1.773,1.213,322.1,355.3,0.294,1.773,1.358,0.470,1.773,1.653,World,CabinetD06,24.3,26.2,0.306,0.450,0,0,None,None,1,0,0,0,0.0816,0.0826,0.344,0.000,0
59.71,Akash,AUIT_Multi,CBA,0.565,1.774,1.212,322.0,355.1,0.295,1.773,1.352,0.464,1.773,1.653,World,CabinetD06,25.1,25.6,0.304,0.452,0,0,None,None,0,0,0,0,0.0627,0.0607,0.346,0.000,0
59.80,Akash,AUIT_Multi,CBA,0.566,1.773,1.212,322.2,355.3,0.295,1.774,1.351,0.464,1.774,1.653,World,CabinetD06,25.5,25.2,0.305,0.453,0,0,None,None,0,0,0,0,0.0106,0.0024,0.347,0.000,0
59.90,Akash,AUIT_Multi,CBA,0.566,1.773,1.212,322.1,355.7,0.295,1.773,1.351,0.465,1.773,1.653,World,CabinetD06,25.3,25.3,0.305,0.453,0,0,None,None,0,0,0,0,0.0044,0.0106,0.347,0.000,0
60.01,Akash,AUIT_Multi,CBA,0.567,1.773,1.212,322.3,355.8,0.295,1.773,1.351,0.466,1.773,1.653,World,CabinetD06,25.5,25.2,0.305,0.452,0,0,None,None,0,0,0,0,0.0060,0.0067,0.347,0.000,0
60.11,Akash,AUIT_Multi,CBA,0.567,1.772,1.212,322.4,355.8,0.295,1.773,1.352,0.467,1.773,1.653,World,CabinetD06,25.5,25.2,0.305,0.452,0,0,None,None,0,0,0,0,0.0094,0.0119,0.347,0.000,0
60.21,Akash,AUIT_Multi,CBA,0.567,1.772,1.213,323.0,355.9,0.295,1.772,1.354,0.469,1.772,1.653,World,CabinetD06,26.0,24.7,0.306,0.451,0,0,None,None,0,1,0,0,0.0158,0.0168,0.346,0.000,0
60.30,Akash,AUIT_Multi,CBA,0.568,1.772,1.215,324.8,356.2,0.295,1.772,1.360,0.476,1.772,1.653,World,CabinetD06,27.0,23.6,0.310,0.448,0,0,None,None,0,1,0,0,0.0701,0.0817,0.344,0.000,0
60.40,Akash,AUIT_Multi,CBA,0.570,1.771,1.217,326.2,356.8,0.294,1.772,1.373,0.491,1.772,1.653,World,CabinetD06,26.7,23.8,0.317,0.443,0,0,None,None,0,1,0,0,0.1337,0.1515,0.342,0.000,0
60.51,Akash,AUIT_Multi,CBA,0.570,1.771,1.217,326.1,357.0,0.294,1.771,1.383,0.501,1.771,1.653,World,CabinetD06,25.3,25.0,0.322,0.441,0,0,None,None,0,0,0,0,0.0851,0.0903,0.340,0.000,0
60.61,Akash,AUIT_Multi,CBA,0.570,1.771,1.218,326.1,356.8,0.294,1.771,1.383,0.502,1.771,1.653,World,CabinetD06,25.2,25.2,0.322,0.440,0,0,None,None,0,0,0,0,0.0082,0.0057,0.340,0.000,0
60.71,Akash,AUIT_Multi,CBA,0.570,1.771,1.218,326.0,356.9,0.294,1.771,1.384,0.502,1.771,1.653,World,CabinetD06,25.2,25.2,0.322,0.440,0,0,None,None,0,0,0,0,0.0034,0.0018,0.340,0.000,0
60.80,Akash,AUIT_Multi,CBA,0.569,1.771,1.218,325.6,357.1,0.294,1.771,1.383,0.500,1.771,1.653,World,CabinetD06,24.7,25.6,0.321,0.440,0,0,None,None,1,0,0,0,0.0082,0.0132,0.339,0.000,0
60.90,Akash,AUIT_Multi,CBA,0.568,1.771,1.217,325.0,357.1,0.294,1.771,1.379,0.496,1.771,1.653,World,CabinetD06,24.5,25.8,0.318,0.441,0,0,None,None,1,0,0,0,0.0375,0.0461,0.340,0.000,0
61.01,Akash,AUIT_Multi,CBA,0.566,1.771,1.216,324.1,356.9,0.294,1.771,1.373,0.489,1.771,1.653,World,CabinetD06,24.4,25.9,0.314,0.443,0,0,None,None,1,0,0,0,0.0553,0.0654,0.340,0.000,0
61.11,Akash,AUIT_Multi,CBA,0.566,1.771,1.216,323.7,356.8,0.294,1.771,1.368,0.482,1.771,1.653,World,CabinetD06,24.7,25.6,0.311,0.445,0,0,None,None,1,0,0,0,0.0558,0.0661,0.341,0.000,0
61.21,Akash,AUIT_Multi,CBA,0.566,1.771,1.216,323.9,356.7,0.294,1.771,1.366,0.480,1.771,1.653,World,CabinetD06,25.3,25.1,0.310,0.445,0,0,None,None,0,0,0,0,0.0226,0.0272,0.342,0.000,0
61.30,Akash,AUIT_Multi,CBA,0.566,1.771,1.216,323.9,356.6,0.294,1.771,1.366,0.480,1.771,1.653,World,CabinetD06,25.2,25.2,0.310,0.445,0,0,None,None,0,0,0,0,0.0053,0.0083,0.342,0.000,0
61.40,Akash,AUIT_Multi,CBA,0.565,1.771,1.215,323.8,356.5,0.294,1.771,1.366,0.480,1.771,1.653,World,CabinetD06,25.1,25.4,0.310,0.446,0,0,None,None,0,0,0,0,0.0048,0.0034,0.342,0.000,0
61.51,Akash,AUIT_Multi,CBA,0.564,1.771,1.214,323.5,356.4,0.294,1.771,1.364,0.478,1.771,1.653,World,CabinetD06,24.8,25.7,0.309,0.447,0,0,None,None,1,0,0,0,0.0169,0.0171,0.343,0.000,0
61.61,Akash,AUIT_Multi,CBA,0.562,1.771,1.213,323.1,356.4,0.294,1.771,1.360,0.474,1.771,1.653,World,CabinetD06,24.6,25.8,0.306,0.448,0,0,None,None,1,0,0,0,0.0367,0.0442,0.343,0.000,0
61.71,Akash,AUIT_Multi,CBA,0.561,1.771,1.213,322.8,356.4,0.294,1.771,1.356,0.469,1.771,1.653,World,CabinetD06,24.8,25.7,0.303,0.449,0,0,None,None,1,0,0,0,0.0390,0.0500,0.344,0.000,0
61.80,Akash,AUIT_Multi,CBA,0.560,1.771,1.213,322.6,356.4,0.293,1.771,1.354,0.465,1.771,1.653,World,CabinetD06,25.0,25.5,0.302,0.450,0,0,None,None,1,0,0,0,0.0281,0.0371,0.345,0.000,0
61.90,Akash,AUIT_Multi,CBA,0.560,1.771,1.213,322.5,356.2,0.293,1.771,1.352,0.463,1.771,1.653,World,CabinetD06,25.1,25.4,0.301,0.451,0,0,None,None,0,0,0,0,0.0165,0.0229,0.345,0.000,0
62.01,Akash,AUIT_Multi,CBA,0.560,1.772,1.213,322.5,356.1,0.293,1.771,1.351,0.462,1.771,1.653,World,CabinetD06,25.3,25.3,0.301,0.451,0,0,None,None,0,0,0,0,0.0088,0.0110,0.346,0.000,0
62.11,Akash,AUIT_Multi,CBA,0.560,1.771,1.213,322.6,356.1,0.293,1.771,1.351,0.462,1.771,1.653,World,CabinetD06,25.4,25.2,0.301,0.451,0,0,None,None,0,0,0,0,0.0029,0.0044,0.346,0.000,0
62.21,Akash,AUIT_Multi,CBA,0.560,1.772,1.213,322.7,356.0,0.293,1.771,1.352,0.463,1.771,1.653,World,CabinetD06,25.4,25.2,0.301,0.450,0,0,None,None,0,0,0,0,0.0094,0.0103,0.345,0.000,0
62.30,Akash,AUIT_Multi,CBA,0.561,1.771,1.214,322.7,356.1,0.293,1.771,1.354,0.464,1.771,1.653,World,CabinetD06,25.4,25.2,0.301,0.449,0,0,None,None,0,0,0,0,0.0116,0.0094,0.345,0.000,0
62.40,Akash,AUIT_Multi,CBA,0.561,1.771,1.215,322.7,356.3,0.293,1.771,1.355,0.465,1.771,1.653,World,CabinetD06,25.3,25.2,0.302,0.448,0,0,None,None,0,0,0,0,0.0121,0.0074,0.344,0.000,0
62.51,Akash,AUIT_Multi,CBA,0.561,1.771,1.216,322.0,356.3,0.294,1.771,1.354,0.464,1.771,1.653,World,CabinetD06,24.8,25.7,0.301,0.448,0,0,None,None,1,0,0,0,0.0048,0.0121,0.344,0.000,0
62.61,Akash,AUIT_Multi,CBA,0.561,1.772,1.216,320.8,356.2,0.294,1.771,1.350,0.458,1.771,1.653,World,CabinetD06,24.3,26.3,0.299,0.450,0,0,None,None,1,0,0,0,0.0398,0.0556,0.345,0.000,0
62.71,Akash,AUIT_Multi,CBA,0.561,1.771,1.215,319.2,356.4,0.295,1.771,1.343,0.448,1.771,1.654,World,CabinetD06Door,23.9,26.6,0.295,0.453,0,0,None,None,1,0,0,0,0.0770,0.1051,0.347,0.000,0
62.80,Akash,AUIT_Multi,CBA,0.560,1.771,1.216,318.0,356.8,0.295,1.771,1.334,0.436,1.771,1.654,World,CabinetD06Door,24.1,26.3,0.290,0.456,0,0,None,None,1,0,0,0,0.0881,0.1263,0.349,0.000,0
62.90,Akash,AUIT_Multi,CBA,0.560,1.770,1.217,317.1,357.0,0.295,1.771,1.328,0.426,1.771,1.654,World,CabinetD06Door,24.4,26.0,0.287,0.458,0,0,None,None,1,0,0,0,0.0641,0.1036,0.351,0.000,0
63.01,Akash,AUIT_Multi,CBA,0.559,1.771,1.217,316.4,356.9,0.296,1.771,1.323,0.417,1.771,1.655,World,CabinetD06Door,24.7,25.7,0.284,0.460,0,0,None,None,1,0,0,0,0.0441,0.0791,0.353,0.000,0
63.11,Akash,AUIT_Multi,CBA,0.559,1.771,1.218,316.5,356.9,0.296,1.771,1.322,0.413,1.771,1.655,World,CabinetD06Door,25.3,25.2,0.283,0.460,0,0,None,None,0,0,0,0,0.0182,0.0402,0.353,0.000,0
63.21,Akash,AUIT_Multi,CBA,0.560,1.771,1.219,316.8,357.0,0.296,1.771,1.323,0.414,1.771,1.655,World,CabinetD06Door,25.6,24.9,0.283,0.459,0,0,None,None,0,1,0,0,0.0136,0.0084,0.352,0.000,0
63.30,Akash,AUIT_Multi,CBA,0.560,1.771,1.220,316.9,356.9,0.296,1.771,1.325,0.416,1.771,1.655,World,CabinetD06Door,25.4,25.0,0.284,0.458,0,0,None,None,0,0,0,0,0.0222,0.0242,0.351,0.000,0
63.40,Akash,AUIT_Multi,CBA,0.560,1.771,1.221,317.0,356.8,0.296,1.771,1.326,0.418,1.771,1.655,World,CabinetD06Door,25.4,25.1,0.284,0.457,0,0,None,None,0,0,0,0,0.0133,0.0129,0.350,0.000,0
63.51,Akash,AUIT_Multi,CBA,0.559,1.771,1.222,317.0,356.7,0.296,1.771,1.327,0.418,1.771,1.655,World,CabinetD06Door,25.4,25.2,0.284,0.456,0,0,None,None,0,0,0,0,0.0101,0.0062,0.350,0.000,0
63.61,Akash,AUIT_Multi,CBA,0.559,1.771,1.222,316.9,356.7,0.295,1.771,1.328,0.418,1.771,1.655,World,CabinetD06Door,25.3,25.2,0.284,0.455,0,0,None,None,0,0,0,0,0.0083,0.0007,0.349,0.000,0
63.71,Akash,AUIT_Multi,CBA,0.559,1.771,1.223,316.9,356.7,0.295,1.771,1.329,0.418,1.771,1.655,World,CabinetD06Door,25.3,25.2,0.284,0.454,0,0,None,None,0,0,0,0,0.0047,0.0045,0.348,0.000,0
63.80,Akash,AUIT_Multi,CBA,0.559,1.771,1.224,317.0,356.6,0.295,1.771,1.329,0.418,1.771,1.655,World,CabinetD06Door,25.5,25.1,0.284,0.453,0,0,None,None,0,0,0,0,0.0068,0.0011,0.348,0.000,0
63.90,Akash,AUIT_Multi,CBA,0.559,1.771,1.225,317.2,356.5,0.295,1.771,1.331,0.419,1.771,1.655,World,CabinetD06Door,25.5,25.1,0.284,0.452,0,0,None,None,0,0,0,0,0.0171,0.0158,0.347,0.000,0
64.01,Akash,AUIT_Multi,CBA,0.559,1.771,1.225,317.4,356.5,0.295,1.771,1.333,0.421,1.771,1.655,World,CabinetD06Door,25.4,25.1,0.284,0.451,0,0,None,None,0,0,0,0,0.0144,0.0129,0.346,0.000,0
64.11,Akash,AUIT_Multi,CBA,0.558,1.771,1.225,317.3,356.5,0.295,1.771,1.333,0.422,1.771,1.655,World,CabinetD06Door,25.2,25.2,0.285,0.451,0,0,None,None,0,0,0,0,0.0076,0.0071,0.346,0.000,0
64.21,Akash,AUIT_Multi,CBA,0.558,1.771,1.225,316.9,356.5,0.295,1.771,1.333,0.421,1.771,1.655,World,CabinetD06Door,24.8,25.6,0.284,0.452,0,0,None,None,1,0,0,0,0.0075,0.0101,0.346,0.000,0
64.30,Akash,AUIT_Multi,CBA,0.557,1.771,1.224,316.3,356.6,0.295,1.771,1.330,0.416,1.771,1.655,World,CabinetD06Door,24.6,25.8,0.282,0.453,0,0,None,None,1,0,0,0,0.0295,0.0435,0.347,0.000,0
64.40,Akash,AUIT_Multi,CBA,0.556,1.771,1.224,316.3,356.4,0.295,1.771,1.327,0.411,1.771,1.655,World,CabinetD06Door,25.1,25.4,0.281,0.454,0,0,None,None,0,0,0,0,0.0320,0.0517,0.349,0.000,0
64.51,Akash,AUIT_Multi,CBA,0.556,1.771,1.224,316.2,356.4,0.295,1.771,1.326,0.410,1.771,1.655,World,CabinetD06Door,25.2,25.3,0.280,0.455,0,0,None,None,0,0,0,0,0.0033,0.0095,0.349,0.000,0
64.61,Akash,AUIT_Multi,CBA,0.556,1.771,1.224,316.0,356.6,0.295,1.771,1.325,0.409,1.771,1.655,World,CabinetD06Door,24.9,25.4,0.280,0.456,0,0,None,None,1,0,0,0,0.0080,0.0114,0.349,0.000,0
64.71,Akash,AUIT_Multi,CBA,0.556,1.771,1.223,316.2,356.5,0.295,1.771,1.325,0.408,1.771,1.655,World,CabinetD06Door,25.2,25.2,0.280,0.457,0,0,None,None,0,0,0,0,0.0104,0.0106,0.350,0.000,0
64.80,Akash,AUIT_Multi,CBA,0.556,1.771,1.222,316.4,356.3,0.295,1.771,1.325,0.409,1.771,1.655,World,CabinetD06Door,25.3,25.1,0.281,0.457,0,0,None,None,0,0,0,0,0.0019,0.0098,0.350,0.000,0
64.90,Akash,AUIT_Multi,CBA,0.556,1.771,1.221,316.5,356.4,0.295,1.771,1.325,0.410,1.771,1.655,World,CabinetD06Door,25.2,25.2,0.281,0.458,0,0,None,None,0,0,0,0,0.0020,0.0118,0.350,0.000,0
65.01,Akash,AUIT_Multi,CBA,0.556,1.771,1.220,316.5,356.4,0.295,1.771,1.324,0.410,1.771,1.655,World,CabinetD06Door,25.1,25.3,0.281,0.458,0,0,None,None,0,0,0,0,0.0056,0.0008,0.351,0.000,0
65.11,Akash,AUIT_Multi,CBA,0.555,1.771,1.220,316.4,356.4,0.295,1.771,1.323,0.410,1.771,1.655,World,CabinetD06Door,25.0,25.3,0.280,0.459,0,0,None,None,0,0,0,0,0.0104,0.0051,0.352,0.000,0
65.20,Akash,AUIT_Multi,CBA,0.556,1.771,1.219,316.4,356.5,0.295,1.771,1.322,0.409,1.771,1.655,World,CabinetD06Door,25.2,25.2,0.280,0.460,0,0,None,None,0,0,0,0,0.0101,0.0084,0.352,0.000,0
65.30,Akash,AUIT_Multi,CBA,0.556,1.771,1.219,316.6,356.4,0.295,1.771,1.322,0.410,1.771,1.655,World,CabinetD06Door,25.3,25.1,0.281,0.460,0,0,None,None,0,0,0,0,0.0011,0.0059,0.352,0.000,0
65.41,Akash,AUIT_Multi,CBA,0.556,1.771,1.219,316.6,356.4,0.295,1.771,1.323,0.411,1.771,1.655,World,CabinetD06Door,25.2,25.2,0.281,0.460,0,0,None,None,0,0,0,0,0.0042,0.0120,0.352,0.000,0
65.51,Akash,AUIT_Multi,CBA,0.556,1.771,1.219,316.7,356.4,0.295,1.771,1.323,0.412,1.771,1.655,World,CabinetD06Door,25.3,25.2,0.282,0.460,0,0,None,None,0,0,0,0,0.0015,0.0065,0.352,0.000,0
65.61,Akash,AUIT_Multi,CBA,0.556,1.771,1.218,316.7,356.4,0.295,1.771,1.323,0.412,1.771,1.655,World,CabinetD06Door,25.2,25.3,0.282,0.460,0,0,None,None,0,0,0,0,0.0015,0.0064,0.352,0.000,0
65.70,Akash,AUIT_Multi,CBA,0.556,1.771,1.218,316.6,356.5,0.295,1.771,1.322,0.412,1.771,1.655,World,CabinetD06Door,25.1,25.3,0.281,0.460,0,0,None,None,0,0,0,0,0.0058,0.0053,0.353,0.000,0
65.80,Akash,AUIT_Multi,CBA,0.556,1.771,1.217,316.6,356.4,0.295,1.771,1.321,0.411,1.771,1.655,World,CabinetD06Door,25.1,25.3,0.281,0.461,0,0,None,None,0,0,0,0,0.0076,0.0069,0.353,0.000,0
65.91,Akash,AUIT_Multi,CBA,0.556,1.771,1.217,316.6,356.4,0.295,1.771,1.321,0.411,1.771,1.655,World,CabinetD06Door,25.2,25.3,0.281,0.462,0,0,None,None,0,0,0,0,0.0064,0.0031,0.354,0.000,0
66.01,Akash,AUIT_Multi,CBA,0.557,1.771,1.216,316.6,356.4,0.295,1.771,1.320,0.411,1.771,1.655,World,CabinetD06Door,25.2,25.2,0.282,0.462,0,0,None,None,0,0,0,0,0.0043,0.0006,0.354,0.000,0
66.11,Akash,AUIT_Multi,CBA,0.557,1.771,1.216,316.6,356.4,0.295,1.771,1.320,0.411,1.771,1.655,World,CabinetD06Door,25.1,25.2,0.282,0.463,0,0,None,None,0,0,0,0,0.0030,0.0011,0.354,0.000,0
66.20,Akash,AUIT_Multi,CBA,0.557,1.771,1.215,316.4,356.5,0.295,1.771,1.319,0.411,1.771,1.655,World,CabinetD06Door,24.9,25.4,0.282,0.464,0,0,None,None,1,0,0,0,0.0084,0.0007,0.355,0.000,0
66.30,Akash,AUIT_Multi,CBA,0.557,1.771,1.213,315.5,356.5,0.295,1.771,1.316,0.407,1.771,1.655,World,CabinetD06Door,24.1,26.1,0.281,0.467,0,0,None,None,1,0,0,0,0.0318,0.0343,0.357,0.000,0
66.41,Akash,AUIT_Multi,CBA,0.555,1.771,1.209,313.8,356.3,0.295,1.771,1.308,0.396,1.771,1.655,World,CabinetD06Door,23.4,26.8,0.279,0.473,0,0,None,None,1,0,0,0,0.0743,0.1006,0.362,0.000,0
66.51,Akash,AUIT_Multi,CBA,0.552,1.771,1.205,310.4,356.7,0.292,1.771,1.296,0.377,1.771,1.656,World,CabinetD06Door,21.3,28.5,0.276,0.484,0,0,None,None,1,0,0,0,0.1291,0.2003,0.370,0.000,0
66.61,Akash,AUIT_Multi,CBA,0.547,1.769,1.197,304.8,357.7,0.281,1.770,1.273,0.334,1.770,1.658,World,CabinetD06Door,19.0,30.4,0.276,0.507,0,0,None,None,1,0,0,0,0.2578,0.4424,0.388,0.000,0
66.70,Akash,AUIT_Multi,CBA,0.543,1.769,1.193,301.3,358.0,0.257,1.769,1.245,0.273,1.769,1.660,World,CabinetD06Door,21.0,28.8,0.292,0.540,0,0,None,None,1,0,0,0,0.3808,0.6214,0.415,0.000,0
66.80,Akash,AUIT_Multi,CBA,0.541,1.769,1.190,299.7,357.9,0.236,1.769,1.227,0.231,1.769,1.661,World,CabinetD06Door,23.0,27.0,0.307,0.564,0,0,None,None,1,0,0,0,0.2833,0.4309,0.434,0.000,0
66.91,Akash,AUIT_Multi,CBA,0.538,1.768,1.188,298.1,358.3,0.216,1.768,1.215,0.204,1.768,1.660,World,CabinetD06Door,23.4,26.7,0.324,0.579,0,0,None,None,1,0,0,0,0.2128,0.2499,0.446,0.000,0
67.01,Akash,AUIT_Multi,CBA,0.537,1.768,1.188,297.2,358.4,0.193,1.768,1.206,0.196,1.768,1.643,World,CabinetD06Door,24.2,26.0,0.344,0.569,0,0,None,None,1,0,0,0,0.2511,0.1975,0.437,0.000,0
67.11,Akash,AUIT_Multi,CBA,0.537,1.768,1.190,297.8,358.5,0.200,1.768,1.203,0.194,1.768,1.634,World,CabinetD06Door,25.6,24.7,0.337,0.561,0,0,None,None,0,1,0,0,0.0798,0.0970,0.431,0.000,0
67.20,Akash,AUIT_Multi,CBA,0.536,1.767,1.192,298.4,358.8,0.213,1.767,1.206,0.193,1.767,1.643,World,CabinetD06Door,25.8,24.4,0.324,0.567,0,0,None,None,0,1,0,0,0.1359,0.0971,0.437,0.000,0
67.30,Akash,AUIT_Multi,CBA,0.536,1.767,1.193,298.8,358.9,0.219,1.767,1.211,0.193,1.767,1.654,World,CabinetD06Door,25.6,24.6,0.317,0.575,0,0,None,None,0,1,0,0,0.0820,0.1130,0.444,0.000,0
67.41,Akash,AUIT_Multi,CBA,0.536,1.767,1.194,298.9,358.8,0.223,1.767,1.214,0.193,1.767,1.661,World,CabinetD06Door,25.2,24.9,0.314,0.579,0,0,None,None,0,1,0,0,0.0426,0.0599,0.448,0.000,0
67.51,Akash,AUIT_Multi,CBA,0.535,1.767,1.194,298.9,358.8,0.223,1.767,1.215,0.194,1.767,1.662,World,CabinetD06Door,25.1,25.1,0.313,0.579,0,0,None,None,0,0,0,0,0.0128,0.0125,0.448,0.000,0
67.61,Akash,AUIT_Multi,CBA,0.534,1.767,1.194,298.7,358.9,0.221,1.767,1.215,0.193,1.767,1.661,World,CabinetD06Door,24.9,25.2,0.314,0.578,0,0,None,None,1,0,0,0,0.0195,0.0104,0.447,0.000,0
67.70,Akash,AUIT_Multi,CBA,0.534,1.767,1.194,298.6,359.0,0.220,1.767,1.214,0.193,1.767,1.658,World,CabinetD06Door,25.0,25.1,0.315,0.575,0,0,None,None,1,0,0,0,0.0196,0.0320,0.445,0.000,0
67.80,Akash,AUIT_Multi,CBA,0.534,1.766,1.195,298.7,359.2,0.221,1.767,1.214,0.193,1.767,1.657,World,CabinetD06Door,25.2,24.9,0.314,0.574,0,0,None,None,0,1,0,0,0.0126,0.0065,0.444,0.000,0
67.91,Akash,AUIT_Multi,CBA,0.534,1.766,1.197,299.1,359.4,0.225,1.766,1.216,0.194,1.766,1.660,World,CabinetD06Door,25.6,24.6,0.310,0.575,0,0,None,None,0,1,0,0,0.0404,0.0297,0.446,0.000,0
68.01,Akash,AUIT_Multi,CBA,0.534,1.766,1.198,299.7,359.4,0.231,1.766,1.219,0.199,1.766,1.661,World,CabinetD06Door,25.7,24.5,0.304,0.572,0,0,None,None,0,1,0,0,0.0678,0.0549,0.444,0.000,0
68.11,Akash,AUIT_Multi,CBA,0.534,1.766,1.199,300.1,359.4,0.236,1.766,1.222,0.206,1.766,1.661,World,CabinetD06Door,25.6,24.5,0.300,0.567,0,0,None,None,0,1,0,0,0.0633,0.0751,0.440,0.000,0
68.20,Akash,AUIT_Multi,CBA,0.535,1.766,1.199,300.3,359.5,0.239,1.766,1.225,0.212,1.766,1.661,World,CabinetD06Door,25.3,24.7,0.297,0.563,0,0,None,None,0,1,0,0,0.0467,0.0629,0.437,0.000,0
68.30,Akash,AUIT_Multi,CBA,0.535,1.766,1.199,300.4,359.4,0.241,1.766,1.227,0.215,1.766,1.661,World,CabinetD06Door,25.1,24.9,0.296,0.562,0,0,None,None,0,1,0,0,0.0199,0.0322,0.435,0.000,0
68.41,Akash,AUIT_Multi,CBA,0.536,1.766,1.200,301.0,359.4,0.242,1.766,1.228,0.218,1.766,1.661,World,CabinetD06Door,25.6,24.5,0.295,0.560,0,0,None,None,0,1,0,0,0.0167,0.0251,0.434,0.000,0
68.51,Akash,AUIT_Multi,CBA,0.538,1.766,1.203,303.4,359.6,0.251,1.766,1.233,0.230,1.766,1.661,World,CabinetD06Door,27.6,22.7,0.289,0.551,0,0,None,None,0,1,0,0,0.1002,0.1262,0.429,0.000,0
68.61,Akash,AUIT_Multi,CBA,0.541,1.765,1.208,306.8,359.9,0.267,1.765,1.246,0.264,1.765,1.659,World,CabinetD06Door,28.7,21.7,0.277,0.530,0,0,None,None,0,1,0,0,0.2227,0.3470,0.413,0.000,0
68.70,Akash,AUIT_Multi,CBA,0.545,1.764,1.212,310.0,0.5,0.280,1.765,1.264,0.303,1.765,1.658,World,CabinetD06Door,28.9,21.6,0.270,0.507,0,0,None,None,0,1,0,0,0.2229,0.4005,0.394,0.000,0
68.80,Akash,AUIT_Multi,CBA,0.549,1.763,1.218,314.5,1.7,0.289,1.764,1.284,0.344,1.764,1.656,World,CabinetD06Door,30.3,20.5,0.269,0.484,0,0,None,None,0,1,0,0,0.2285,0.4163,0.376,0.000,0
68.91,Akash,AUIT_Multi,CBA,0.554,1.756,1.227,319.7,6.3,0.293,1.761,1.318,0.398,1.761,1.655,World,CabinetD06Door,31.4,21.3,0.277,0.455,0,0,None,None,0,1,0,0,0.3055,0.4887,0.353,0.000,0
69.01,Akash,AUIT_Multi,CBA,0.557,1.748,1.235,323.0,10.6,0.293,1.754,1.350,0.439,1.754,1.654,World,CabinetD06,31.5,24.1,0.289,0.436,0,0,None,None,0,1,0,0,0.3372,0.4338,0.337,0.000,0
69.11,Akash,AUIT_Multi,CBA,0.561,1.741,1.241,326.2,14.9,0.292,1.747,1.378,0.470,1.747,1.653,World,CabinetD06,33.1,26.4,0.302,0.422,0,0,None,None,0,0,0,0,0.2981,0.3277,0.328,0.000,0
69.20,Akash,AUIT_Multi,CBA,0.565,1.738,1.246,329.2,16.9,0.291,1.741,1.407,0.500,1.741,1.653,World,CabinetD06,33.1,27.6,0.318,0.413,0,0,None,None,0,0,0,0,0.3072,0.3098,0.322,0.000,0
69.30,Akash,AUIT_Multi,CBA,0.566,1.737,1.247,330.0,17.2,0.291,1.738,1.430,0.522,1.738,1.653,World,CabinetD06,31.2,29.1,0.331,0.409,0,0,None,None,0,0,0,0,0.2384,0.2278,0.321,0.000,0
69.41,Akash,AUIT_Multi,CBA,0.566,1.737,1.244,328.9,17.3,0.291,1.737,1.436,0.528,1.737,1.653,World,CabinetD06,29.2,30.8,0.335,0.411,0,0,None,None,0,0,0,0,0.0542,0.0554,0.321,0.000,0
69.51,Akash,AUIT_Multi,CBA,0.564,1.739,1.240,327.2,16.0,0.292,1.737,1.425,0.519,1.737,1.653,World,CabinetD06,27.6,30.6,0.330,0.415,0,0,None,None,0,0,0,0,0.1116,0.0893,0.322,0.000,0
69.61,Akash,AUIT_Multi,CBA,0.564,1.743,1.235,326.1,13.9,0.292,1.740,1.411,0.507,1.740,1.653,World,CabinetD06,26.7,29.2,0.323,0.422,0,0,None,None,0,0,0,0,0.1533,0.1254,0.324,0.000,0
69.71,Akash,AUIT_Multi,CBA,0.564,1.746,1.231,325.6,12.4,0.293,1.743,1.399,0.499,1.743,1.653,World,CabinetD06,26.5,28.2,0.319,0.427,0,0,None,None,0,0,0,0,0.1231,0.0905,0.327,0.000,0
69.80,Akash,AUIT_Multi,CBA,0.563,1.747,1.227,324.5,11.8,0.293,1.745,1.390,0.493,1.745,1.653,World,CabinetD06,26.0,28.4,0.316,0.432,0,0,None,None,0,0,0,0,0.1002,0.0697,0.331,0.000,0
69.90,Akash,AUIT_Multi,CBA,0.563,1.747,1.223,323.2,11.6,0.293,1.746,1.378,0.483,1.746,1.653,World,CabinetD06,25.8,28.5,0.311,0.437,0,0,None,None,0,0,0,0,0.1218,0.1023,0.334,0.000,0
70.01,Akash,AUIT_Multi,CBA,0.562,1.748,1.220,322.6,10.8,0.294,1.747,1.366,0.472,1.747,1.653,World,CabinetD06,26.2,27.6,0.305,0.442,0,0,None,None,0,0,0,0,0.1065,0.0993,0.338,0.000,0
70.11,Akash,AUIT_Multi,CBA,0.562,1.750,1.219,322.4,10.0,0.294,1.749,1.361,0.467,1.749,1.653,World,CabinetD06,26.3,27.0,0.304,0.445,0,0,None,None,0,0,0,0,0.0566,0.0492,0.340,0.000,0
70.21,Akash,AUIT_Multi,CBA,0.563,1.751,1.218,322.9,9.0,0.294,1.750,1.359,0.466,1.750,1.653,World,CabinetD06,26.7,26.0,0.303,0.445,0,0,None,None,0,0,0,0,0.0233,0.0164,0.341,0.000,0
70.30,Akash,AUIT_Multi,CBA,0.564,1.752,1.218,323.3,8.9,0.294,1.751,1.361,0.470,1.751,1.653,World,CabinetD06,26.8,26.0,0.306,0.445,0,0,None,None,0,0,0,0,0.0276,0.0427,0.341,0.000,0
70.40,Akash,AUIT_Multi,CBA,0.564,1.752,1.217,323.1,8.8,0.294,1.752,1.363,0.473,1.752,1.653,World,CabinetD06,26.2,26.5,0.307,0.445,0,0,None,None,0,0,0,0,0.0171,0.0305,0.341,0.000,0
70.51,Akash,AUIT_Multi,CBA,0.564,1.752,1.216,322.8,8.5,0.294,1.752,1.361,0.471,1.752,1.653,World,CabinetD06,26.0,26.5,0.306,0.446,0,0,None,None,0,0,0,0,0.0198,0.0155,0.342,0.000,0
70.61,Akash,AUIT_Multi,CBA,0.564,1.753,1.216,322.6,8.6,0.294,1.752,1.359,0.470,1.752,1.653,World,CabinetD06,26.1,26.5,0.305,0.448,0,0,None,None,0,0,0,0,0.0222,0.0198,0.343,0.000,0
70.71,Akash,AUIT_Multi,CBA,0.561,1.754,1.214,321.1,9.0,0.294,1.753,1.355,0.466,1.753,1.653,World,CabinetD06,24.8,27.9,0.302,0.449,0,0,None,None,1,0,0,0,0.0349,0.0383,0.344,0.000,0
70.80,Akash,AUIT_Multi,CBA,0.554,1.756,1.210,315.2,9.4,0.295,1.755,1.339,0.443,1.755,1.654,World,CabinetD06Door,20.9,31.9,0.290,0.457,0,0,None,None,1,0,0,0,0.1720,0.2353,0.348,0.000,0
70.90,Akash,AUIT_Multi,CBA,0.547,1.751,1.198,303.8,11.4,0.288,1.754,1.297,0.374,1.754,1.657,World,CabinetD06Door,17.6,37.3,0.278,0.490,0,0,None,None,1,0,0,0,0.4349,0.7088,0.370,0.000,0
71.01,Akash,AUIT_Multi,CBA,0.543,1.746,1.171,284.1,14.2,0.037,1.750,1.208,0.241,1.750,1.613,World,Wall4m,17.7,43.6,0.508,0.535,0,0,None,None,1,0,0,0,2.3933,1.2579,0.454,0.000,0
71.11,Akash,AUIT_Multi,CBA,0.545,1.739,1.141,264.3,16.7,-0.033,1.745,1.023,0.213,1.745,1.426,World,Refrigerator03_Door01,18.2,48.9,0.590,0.438,0,0,None,None,1,0,0,0,2.0347,1.9465,0.472,0.000,0
71.21,Akash,AUIT_Multi,CBA,0.554,1.743,1.111,248.1,15.5,-0.085,1.741,0.714,-0.143,1.741,1.329,World,Refrigerator03,18.2,41.6,0.753,0.731,0,0,None,None,1,0,0,0,3.2239,3.7991,0.618,0.000,0
71.30,Akash,AUIT_Multi,CBA,0.564,1.743,1.087,242.1,14.1,-0.124,1.742,0.382,-0.122,1.736,1.176,World,Refrigerator03,22.6,37.4,0.985,0.692,0,0,None,None,1,0,1,0,3.4337,1.5907,0.794,0.000,0
71.40,Akash,AUIT_Multi,CBA,0.569,1.741,1.061,239.5,14.3,-0.102,1.742,0.206,-0.021,1.728,1.049,World,Refrigerator03,25.6,31.8,1.087,0.590,0,0,None,None,0,0,0,0,1.8217,1.6680,0.847,0.000,0
71.51,Akash,AUIT_Multi,CBA,0.571,1.740,1.028,237.2,15.0,-0.058,1.741,0.177,-0.027,1.727,0.925,World,Refrigerator03,25.4,26.6,1.058,0.607,0,0,None,None,0,0,0,0,0.4722,1.1189,0.749,0.000,0
71.61,Akash,AUIT_Multi,CBA,0.569,1.741,0.995,234.7,14.1,-0.015,1.740,0.113,-0.182,1.738,0.893,World,Refrigerator03,25.2,30.6,1.057,0.758,0,0,None,None,0,0,0,0,0.7879,1.6270,0.797,0.000,0
71.71,Akash,AUIT_Multi,CBA,0.563,1.740,0.956,233.9,13.5,0.027,1.740,0.051,-0.206,1.740,0.847,World,Refrigerator03,26.7,30.8,1.051,0.776,0,0,None,None,0,0,0,0,0.7722,0.5325,0.829,0.000,0
71.80,Akash,AUIT_Multi,CBA,0.557,1.740,0.910,232.8,13.2,0.048,1.739,0.051,-0.148,1.730,0.808,World,Refrigerator03,25.6,31.3,0.998,0.712,0,0,None,None,0,0,0,0,0.2143,0.7240,0.782,0.000,0
71.90,Akash,AUIT_Multi,CBA,0.555,1.744,0.866,230.7,12.9,0.065,1.737,0.081,-0.030,1.708,0.775,World,Refrigerator03,22.3,31.5,0.925,0.594,0,0,None,None,1,0,1,0,0.3573,1.2767,0.700,0.000,0
72.01,Akash,AUIT_Multi,CBA,0.555,1.753,0.820,228.5,9.5,0.095,1.736,0.130,0.024,1.699,0.714,World,Quad,16.9,30.1,0.829,0.544,0,0,None,None,1,0,1,0,0.5163,0.7376,0.589,0.000,0
72.11,Akash,AUIT_Multi,CBA,0.552,1.755,0.782,226.8,10.1,0.121,1.734,0.176,-0.260,1.744,0.570,World,Quad,14.1,29.9,0.744,0.839,0,0,None,None,1,0,0,0,0.5434,3.3075,0.548,0.000,0
72.21,Akash,AUIT_Multi,CBA,0.548,1.753,0.748,224.6,11.1,0.147,1.731,0.225,-0.308,1.753,0.491,World,Quad,11.5,30.6,0.659,0.893,0,0,None,None,1,0,0,0,0.5704,0.9485,0.527,0.000,0
72.30,Akash,AUIT_Multi,CBA,0.540,1.752,0.717,221.2,10.8,0.177,1.728,0.265,-0.264,1.752,0.425,World,Quad,8.8,30.6,0.581,0.855,0,0,None,None,1,0,0,0,0.5089,0.8185,0.469,0.000,0
72.40,Akash,AUIT_Multi,CBA,0.526,1.751,0.694,218.4,10.7,0.205,1.725,0.317,-0.108,1.749,0.382,World,Quad,8.0,27.4,0.496,0.707,0,0,None,None,1,0,0,0,0.6154,1.6613,0.321,0.000,0
72.51,Akash,AUIT_Multi,CBA,0.501,1.750,0.672,216.6,9.6,0.160,1.722,0.491,0.156,1.747,0.231,World,Refrigerator03_Door02,25.8,9.3,0.388,0.561,0,0,None,None,0,1,0,0,1.6175,2.7379,0.261,0.000,0
72.61,Akash,AUIT_Multi,CBA,0.469,1.750,0.652,215.7,9.3,0.174,1.720,0.550,0.241,1.749,-0.332,World,Refrigerator03_Door02,35.1,24.4,0.313,1.010,0,0,None,None,0,1,0,1,0.6277,5.8571,0.885,0.000,0
72.71,Akash,AUIT_Multi,CBA,0.431,1.754,0.629,215.3,8.6,0.191,1.718,0.601,0.241,1.751,-0.507,World,Refrigerator03_Door02,47.5,27.1,0.244,1.151,0,0,None,None,0,0,0,0,0.5521,1.7940,1.109,0.000,0
72.80,Akash,AUIT_Multi,CBA,0.397,1.755,0.607,216.5,8.6,-0.005,1.734,0.452,0.207,1.753,-0.498,World,Refrigerator03_Door02,32.6,28.0,0.431,1.121,0,0,None,None,0,0,0,0,2.5406,0.3610,0.973,0.000,0
72.90,Akash,AUIT_Multi,CBA,0.370,1.754,0.592,216.5,9.3,0.012,1.734,0.447,0.184,1.750,-0.203,World,Refrigerator03_Door02,31.8,25.0,0.387,0.816,0,0,None,None,0,1,0,1,0.1813,3.0485,0.672,0.000,0
73.01,Akash,AUIT_Multi,CBA,0.349,1.754,0.584,216.1,9.4,0.022,1.734,0.434,0.163,1.747,0.133,World,Refrigerator03_Door02,29.8,16.1,0.360,0.488,0,0,None,None,0,1,0,0,0.1499,3.0239,0.333,0.000,0
73.11,Akash,AUIT_Multi,CBA,0.339,1.753,0.581,215.6,9.9,0.028,1.734,0.420,0.130,1.751,-0.334,World,Refrigerator03_Door02,27.8,24.6,0.351,0.938,0,0,None,None,0,1,0,1,0.1533,4.8011,0.761,0.000,0
73.21,Akash,AUIT_Multi,CBA,0.334,1.751,0.583,215.3,11.2,0.036,1.734,0.408,0.121,1.752,-0.560,World,Refrigerator03_Door02,25.6,27.0,0.346,1.163,0,0,None,None,0,0,0,0,0.1509,2.3334,0.972,0.000,0
73.30,Akash,AUIT_Multi,CBA,0.336,1.751,0.589,216.0,11.3,0.045,1.734,0.398,0.116,1.751,-0.591,World,Refrigerator03_Door02,22.3,27.7,0.349,1.201,0,0,None,None,1,0,0,0,0.1331,0.3200,0.992,0.000,0
73.40,Akash,AUIT_Multi,CBA,0.346,1.749,0.601,218.5,11.4,0.053,1.734,0.392,0.100,1.750,-0.585,World,Quad,18.2,29.0,0.360,1.211,0,0,None,None,1,0,0,0,0.1111,0.1760,0.978,0.000,0
73.51,Akash,AUIT_Multi,CBA,0.367,1.747,0.626,224.1,11.6,0.065,1.734,0.392,0.044,1.749,-0.552,World,Quad,12.6,30.9,0.382,1.221,0,0,None,None,1,0,0,0,0.1058,0.5857,0.944,0.000,0
73.61,Akash,AUIT_Multi,CBA,0.389,1.745,0.652,231.3,11.2,0.075,1.734,0.396,-0.042,1.747,-0.496,World,Quad,9.7,32.5,0.405,1.226,0,0,None,None,1,0,0,0,0.1150,1.0582,0.900,0.000,0
73.71,Akash,AUIT_Multi,CBA,0.413,1.739,0.680,238.9,12.8,0.085,1.734,0.402,-0.152,1.744,-0.411,World,Refrigerator03,15.1,33.8,0.430,1.229,0,0,None,None,1,0,0,0,0.1202,1.4283,0.847,0.000,0
73.80,Akash,AUIT_Multi,CBA,0.435,1.734,0.715,247.4,15.1,0.017,1.734,0.502,-0.214,1.738,-0.233,World,Refrigerator03,15.7,36.0,0.469,1.149,0,0,None,None,1,0,0,0,1.2462,1.9410,0.771,0.000,0
73.90,Akash,AUIT_Multi,CBA,0.451,1.732,0.759,259.7,17.1,-0.059,1.733,0.733,-0.279,1.734,-0.026,World,Refrigerator03,18.7,40.1,0.511,1.073,0,0,None,None,1,0,0,0,2.4974,2.2280,0.790,0.000,0
74.01,Akash,AUIT_Multi,CBA,0.472,1.729,0.819,276.8,20.0,-0.054,1.731,0.944,-0.311,1.731,0.292,World,Refrigerator03_Door01,21.2,44.7,0.541,0.944,0,0,None,None,1,0,0,0,1.8994,2.8707,0.701,0.000,0
74.11,Akash,AUIT_Multi,CBA,0.496,1.731,0.874,292.8,21.3,0.082,1.730,1.075,-0.283,1.730,0.592,World,Refrigerator03_Door01,21.4,46.7,0.460,0.828,0,0,None,None,1,0,0,0,1.9494,3.1134,0.605,0.000,0
74.21,Akash,AUIT_Multi,CBA,0.524,1.734,0.930,306.9,20.8,0.233,1.732,1.183,-0.222,1.732,0.863,World,Wall4m,20.8,45.9,0.386,0.749,0,0,None,None,1,0,0,0,1.9025,2.8550,0.556,0.000,0
74.30,Akash,AUIT_Multi,CBA,0.555,1.735,0.986,322.4,20.6,0.296,1.734,1.429,-0.230,1.734,1.130,World,CabinetD06Door,21.7,45.9,0.514,0.799,0,0,None,None,1,0,0,0,2.6140,2.7431,0.605,0.000,0
74.40,Akash,AUIT_Multi,CBA,0.584,1.734,1.036,336.8,20.0,0.457,1.735,1.491,-0.051,1.716,1.245,World,CabinetD06,21.5,50.9,0.473,0.669,0,0,None,None,1,0,0,0,1.7804,2.2027,0.565,0.000,0
74.51,Akash,AUIT_Multi,CBA,0.616,1.727,1.080,347.9,21.0,0.618,1.732,1.504,0.170,1.688,1.345,World,CabinetD06,24.8,48.8,0.424,0.520,0,0,None,None,1,0,0,0,1.4480,2.1946,0.477,0.000,0
74.61,Akash,AUIT_Multi,CBA,0.639,1.729,1.107,357.7,21.5,0.723,1.728,1.514,0.308,1.689,1.490,World,Wall4m,25.2,41.1,0.415,0.508,0,0,None,None,0,0,0,0,1.0875,2.0597,0.418,0.000,0
74.71,Akash,AUIT_Multi,CBA,0.654,1.735,1.126,5.1,20.0,0.819,1.731,1.523,0.378,1.724,1.629,World,CabinetD05,25.9,38.2,0.430,0.573,0,0,None,None,0,0,0,0,0.9914,1.6426,0.453,0.000,0
74.80,Akash,AUIT_Multi,CBA,0.661,1.732,1.135,10.6,21.0,0.863,1.733,1.487,0.466,1.732,1.648,World,CabinetD05,28.4,37.2,0.406,0.549,0,0,None,None,0,0,0,0,0.5911,0.9323,0.429,0.000,0
74.90,Akash,AUIT_Multi,CBA,0.661,1.732,1.137,15.1,21.4,0.881,1.732,1.441,0.553,1.714,1.612,World,CabinetD05,29.6,33.3,0.375,0.487,0,0,None,None,0,0,0,0,0.5031,0.9922,0.370,0.000,0
75.01,Akash,AUIT_Multi,CBA,0.663,1.735,1.134,19.7,20.9,0.895,1.733,1.424,0.670,1.681,1.548,World,CabinetD05,27.7,22.5,0.371,0.417,0,0,None,None,0,1,0,0,0.1990,1.2344,0.262,0.000,0
75.11,Akash,AUIT_Multi,CBA,0.663,1.735,1.133,23.0,20.4,0.898,1.735,1.428,0.736,1.685,1.546,World,CabinetD05,25.4,18.6,0.377,0.423,0,0,None,None,0,1,0,0,0.0512,0.6777,0.208,0.000,0
75.21,Akash,AUIT_Multi,CBA,0.665,1.735,1.130,23.4,20.8,0.898,1.735,1.426,0.735,1.727,1.634,World,CabinetD05,25.4,25.0,0.377,0.509,0,0,None,None,0,1,0,0,0.0177,1.0018,0.265,0.000,0
75.30,Akash,AUIT_Multi,CBA,0.667,1.735,1.126,24.4,21.0,0.897,1.735,1.413,0.737,1.733,1.648,World,CabinetD05,25.2,26.5,0.368,0.526,0,0,None,None,0,0,0,0,0.1301,0.1549,0.284,0.000,0
75.40,Akash,AUIT_Multi,CBA,0.669,1.736,1.122,25.1,20.0,0.896,1.732,1.401,0.742,1.721,1.619,World,CabinetD05,23.8,24.5,0.359,0.502,0,0,None,None,1,1,0,0,0.1281,0.3237,0.268,0.000,0
75.51,Akash,AUIT_Multi,CBA,0.670,1.737,1.119,24.6,19.6,0.891,1.726,1.408,0.755,1.686,1.547,World,CabinetD05,21.9,18.2,0.364,0.439,0,0,None,None,1,1,0,0,0.0936,0.7329,0.199,0.000,0
75.61,Akash,AUIT_Multi,CBA,0.668,1.739,1.118,23.6,18.9,0.887,1.721,1.413,0.763,1.655,1.483,World,CabinetD05,20.6,10.8,0.368,0.387,0,0,None,None,1,1,0,0,0.0880,0.7288,0.157,0.000,0
75.71,Akash,AUIT_Multi,CBA,0.662,1.739,1.118,21.7,18.4,0.883,1.716,1.420,0.746,1.723,1.620,World,CabinetD05,20.4,20.5,0.375,0.509,0,0,None,None,1,1,0,0,0.1010,1.5748,0.242,0.000,0
75.80,Akash,AUIT_Multi,CBA,0.656,1.741,1.119,19.0,17.7,0.878,1.710,1.429,0.720,1.737,1.645,World,CabinetD05,20.9,20.9,0.383,0.531,0,0,None,None,1,1,0,0,0.1125,0.3993,0.270,0.000,0
75.90,Akash,AUIT_Multi,CBA,0.646,1.750,1.118,14.1,12.6,0.874,1.706,1.434,0.655,1.742,1.704,World,CabinetD05,22.2,17.7,0.392,0.586,0,0,None,None,1,1,0,0,0.0853,0.9042,0.350,0.000,0
76.01,Akash,AUIT_Multi,CBA,0.632,1.758,1.115,8.3,7.9,0.869,1.701,1.442,0.548,1.752,1.678,World,CabinetD05,27.4,18.2,0.407,0.569,0,0,None,None,0,1,0,0,0.0959,1.0022,0.402,0.000,0
76.11,Akash,AUIT_Multi,CBA,0.619,1.764,1.115,1.6,4.1,0.860,1.696,1.457,0.464,1.758,1.655,World,Wall4m,33.8,18.0,0.424,0.562,0,0,None,None,0,1,0,0,0.1819,0.8956,0.448,0.000,0
76.21,Akash,AUIT_Multi,CBA,0.610,1.768,1.116,356.0,1.7,0.845,1.692,1.460,0.379,1.764,1.654,World,Wall4m,39.0,19.3,0.424,0.586,0,0,None,None,0,1,0,0,0.1710,0.8785,0.510,0.000,0
76.30,Akash,AUIT_Multi,CBA,0.603,1.769,1.117,352.8,1.3,0.834,1.686,1.464,0.309,1.768,1.656,World,CabinetD06,41.7,21.4,0.424,0.614,0,0,None,None,0,1,0,0,0.1284,0.7157,0.565,0.000,0
76.40,Akash,AUIT_Multi,CBA,0.595,1.771,1.118,348.2,0.3,0.775,1.725,1.501,0.254,1.769,1.658,World,CabinetD06,37.3,20.5,0.426,0.639,0,0,None,None,0,1,0,0,0.8165,0.5732,0.546,0.000,0
76.51,Akash,AUIT_Multi,CBA,0.584,1.773,1.117,341.9,359.3,0.683,1.766,1.522,0.207,1.772,1.608,World,CabinetD06,31.9,19.4,0.417,0.619,0,0,None,None,0,1,0,0,0.9258,0.6110,0.484,0.000,0
76.61,Akash,AUIT_Multi,CBA,0.574,1.773,1.115,336.5,358.7,0.629,1.772,1.523,0.203,1.773,1.517,World,CabinetD06,31.1,19.3,0.411,0.547,0,0,None,None,0,1,0,0,0.5680,0.9441,0.425,0.000,0
76.71,Akash,AUIT_Multi,CBA,0.566,1.773,1.114,331.5,358.8,0.581,1.773,1.523,0.205,1.773,1.438,World,CabinetD06,30.6,19.6,0.410,0.486,0,0,None,None,0,1,0,0,0.4854,0.8047,0.386,0.000,0
76.80,Akash,AUIT_Multi,CBA,0.561,1.774,1.113,328.2,358.4,0.539,1.773,1.519,0.207,1.773,1.378,World,CabinetD06,28.8,21.4,0.407,0.442,0,0,None,None,0,1,0,0,0.4359,0.6203,0.361,0.000,0
76.90,Akash,AUIT_Multi,CBA,0.559,1.775,1.115,328.2,358.0,0.516,1.774,1.519,0.219,1.775,1.355,World,CabinetD06,25.8,23.0,0.407,0.417,0,0,None,None,0,1,0,0,0.2407,0.2656,0.339,0.000,0
77.01,Akash,AUIT_Multi,CBA,0.559,1.774,1.119,330.1,358.4,0.512,1.774,1.520,0.301,1.781,1.385,World,CabinetD06,23.2,14.3,0.404,0.371,0,0,None,None,1,1,0,0,0.0345,0.7857,0.251,0.000,0
77.11,Akash,AUIT_Multi,CBA,0.561,1.775,1.122,332.0,358.8,0.512,1.774,1.521,0.372,1.786,1.415,World,CabinetD06,21.0,4.9,0.402,0.348,0,0,None,None,1,1,0,0,0.0113,0.7979,0.176,0.000,0
77.21,Akash,AUIT_Multi,CBA,0.561,1.775,1.124,333.5,358.5,0.512,1.775,1.522,0.260,1.779,1.445,World,CabinetD06,19.4,16.7,0.401,0.440,0,0,None,None,1,1,0,0,0.0094,1.1921,0.263,0.000,0
77.30,Akash,AUIT_Multi,CBA,0.561,1.774,1.124,334.8,358.4,0.514,1.775,1.522,0.207,1.775,1.475,World,CabinetD06,18.5,20.1,0.401,0.498,0,0,None,None,1,1,0,0,0.0253,0.6271,0.310,0.000,0
77.40,Akash,AUIT_Multi,CBA,0.557,1.773,1.122,335.1,358.5,0.524,1.774,1.522,0.200,1.774,1.482,World,CabinetD06,20.1,19.9,0.401,0.507,0,0,None,None,1,1,0,0,0.0976,0.1005,0.326,0.000,0
77.51,Akash,AUIT_Multi,CBA,0.552,1.772,1.118,333.0,358.9,0.524,1.773,1.521,0.201,1.773,1.458,World,CabinetD06,23.0,18.9,0.405,0.489,0,0,None,None,1,1,0,0,0.0153,0.2138,0.329,0.000,0
77.61,Akash,AUIT_Multi,CBA,0.550,1.772,1.113,331.1,358.8,0.524,1.772,1.520,0.204,1.772,1.405,World,CabinetD06,25.4,21.0,0.408,0.452,0,0,None,None,0,1,0,0,0.0146,0.5489,0.341,0.000,0
77.71,Akash,AUIT_Multi,CBA,0.547,1.773,1.108,328.3,358.2,0.518,1.772,1.519,0.206,1.772,1.364,World,CabinetD06,27.8,21.4,0.412,0.427,0,0,None,None,0,1,0,0,0.0706,0.4176,0.348,0.000,0
77.80,Akash,AUIT_Multi,CBA,0.542,1.774,1.101,323.8,357.8,0.492,1.773,1.518,0.207,1.773,1.324,World,CabinetD06Door,29.4,20.3,0.419,0.403,0,0,None,None,0,1,0,0,0.2664,0.4116,0.344,0.000,0
77.90,Akash,AUIT_Multi,CBA,0.539,1.773,1.097,320.6,357.9,0.457,1.774,1.517,0.192,1.774,1.291,World,CabinetD06Door,28.4,21.5,0.428,0.398,0,0,None,None,0,1,0,0,0.3570,0.3729,0.348,0.000,0
78.01,Akash,AUIT_Multi,CBA,0.538,1.774,1.095,319.2,357.5,0.444,1.773,1.504,0.242,1.778,1.327,World,CabinetD06Door,28.1,11.2,0.420,0.376,0,0,None,None,0,1,0,0,0.1617,0.5545,0.269,0.000,0
78.11,Akash,AUIT_Multi,CBA,0.537,1.774,1.094,317.9,357.2,0.435,1.773,1.493,0.191,1.783,1.408,World,CabinetD06Door,27.9,5.9,0.412,0.468,0,0,None,None,0,1,0,0,0.1523,0.9894,0.259,0.000,0
78.21,Akash,AUIT_Multi,CBA,0.537,1.774,1.094,317.9,357.2,0.427,1.773,1.481,-0.154,1.780,1.491,World,CabinetD06Door,26.3,18.2,0.402,0.798,0,1,None,CabinetD06Door,0,1,0,0,0.1445,3.6504,0.582,0.000,0
78.30,Akash,AUIT_Multi,CBA,0.539,1.773,1.096,318.7,357.3,0.420,1.773,1.470,-0.012,1.775,1.346,World,CabinetD06Door,23.9,24.4,0.392,0.605,0,0,None,None,1,1,0,0,0.1385,2.0934,0.449,0.000,0
78.40,Akash,AUIT_Multi,CBA,0.540,1.773,1.098,319.4,357.4,0.415,1.773,1.458,0.115,1.774,1.287,World,CabinetD06Door,21.6,25.5,0.381,0.465,0,0,None,None,1,0,0,0,0.1332,1.4368,0.345,0.000,0
78.51,Akash,AUIT_Multi,CBA,0.542,1.773,1.099,320.5,357.4,0.409,1.773,1.444,0.145,1.773,1.280,World,CabinetD06Door,18.6,26.1,0.370,0.436,0,0,None,None,1,0,0,0,0.1322,0.2775,0.311,0.000,0
78.61,Akash,AUIT_Multi,CBA,0.542,1.773,1.099,321.2,357.4,0.403,1.773,1.433,0.166,1.773,1.279,World,Quad,16.4,25.8,0.361,0.417,0,0,None,None,1,0,0,0,0.1350,0.2141,0.283,0.000,0
78.71,Akash,AUIT_Multi,CBA,0.541,1.773,1.099,320.7,357.4,0.396,1.773,1.421,0.174,1.773,1.279,World,Quad,15.2,24.7,0.353,0.409,0,0,None,None,1,1,0,0,0.1405,0.0840,0.263,0.000,0
78.80,Akash,AUIT_Multi,CBA,0.538,1.773,1.097,318.8,357.3,0.384,1.773,1.410,0.174,1.773,1.279,World,Quad,15.2,22.4,0.349,0.407,0,0,None,None,1,1,0,0,0.1704,0.0021,0.247,0.000,0
78.90,Akash,AUIT_Multi,CBA,0.534,1.773,1.094,316.1,357.4,0.367,1.773,1.398,0.175,1.773,1.279,World,Quad,15.4,19.1,0.346,0.404,0,0,None,None,1,1,0,0,0.2105,0.0095,0.226,0.000,0
79.01,Akash,AUIT_Multi,CBA,0.530,1.772,1.092,313.9,357.6,0.320,1.772,1.516,0.127,1.772,1.294,World,CabinetD06Door,19.9,17.4,0.473,0.451,0,0,None,None,1,1,0,0,1.1471,0.4554,0.294,0.000,0
79.11,Akash,AUIT_Multi,CBA,0.527,1.772,1.091,312.9,357.7,0.318,1.772,1.519,-0.404,1.772,1.497,World,CabinetD06Door,21.2,19.5,0.476,1.015,0,0,None,None,1,1,0,1,0.0399,5.8390,0.722,0.000,0
79.21,Akash,AUIT_Multi,CBA,0.525,1.772,1.090,311.9,357.7,0.318,1.772,1.519,-0.564,1.772,1.522,World,CabinetD06Door,22.5,20.4,0.476,1.172,0,0,None,None,1,1,0,1,0.0045,1.6681,0.883,0.000,0
79.30,Akash,AUIT_Multi,CBA,0.523,1.772,1.088,310.6,357.7,0.319,1.772,1.518,-0.586,1.772,1.476,World,CabinetD06Door,24.0,21.5,0.476,1.175,0,0,None,None,1,1,0,1,0.0059,0.5223,0.905,0.000,0
79.40,Akash,AUIT_Multi,CBA,0.522,1.772,1.087,309.7,357.6,0.319,1.772,1.518,-0.302,1.772,1.338,World,CabinetD06Door,25.2,22.9,0.476,0.861,0,0,None,None,0,1,0,1,0.0058,3.2321,0.646,0.000,0
79.51,Akash,AUIT_Multi,CBA,0.521,1.772,1.086,308.9,357.6,0.318,1.772,1.513,-0.219,1.772,1.281,World,CabinetD06Door,25.7,24.2,0.473,0.765,0,0,None,None,0,1,0,0,0.0469,0.9087,0.584,0.000,0
79.61,Akash,AUIT_Multi,CBA,0.521,1.772,1.086,309.1,357.5,0.316,1.772,1.507,-0.211,1.772,1.269,World,CabinetD06Door,25.0,25.1,0.469,0.755,0,0,None,None,0,0,0,0,0.0583,0.1471,0.578,0.000,0
79.71,Akash,AUIT_Multi,CBA,0.523,1.772,1.088,310.4,357.6,0.316,1.772,1.515,-0.211,1.772,1.274,World,CabinetD06Door,23.9,26.2,0.475,0.757,0,0,None,None,1,0,0,0,0.0763,0.0446,0.579,0.000,0
79.80,Akash,AUIT_Multi,CBA,0.526,1.772,1.090,312.7,357.7,0.330,1.772,1.517,-0.331,1.772,1.331,World,CabinetD06Door,22.8,27.1,0.470,0.890,0,0,None,None,1,0,0,0,0.1467,1.3706,0.686,0.000,0
79.90,Akash,AUIT_Multi,CBA,0.529,1.772,1.094,315.5,357.8,0.354,1.772,1.517,-0.557,1.772,1.446,World,CabinetD06Door,22.1,27.6,0.458,1.142,0,0,None,None,1,0,0,0,0.2488,2.6101,0.914,0.000,0
80.01,Akash,AUIT_Multi,CBA,0.534,1.771,1.098,319.7,358.0,0.388,1.771,1.517,-0.206,1.771,1.374,World,CabinetD06Door,21.2,29.2,0.444,0.790,0,0,None,None,1,0,0,0,0.3072,3.2249,0.611,0.000,0
80.11,Akash,AUIT_Multi,CBA,0.540,1.771,1.102,324.0,358.3,0.424,1.771,1.517,0.115,1.771,1.289,World,CabinetD06Door,20.5,30.2,0.431,0.465,0,0,None,None,1,0,0,0,0.3709,3.4131,0.384,0.000,0
80.21,Akash,AUIT_Multi,CBA,0.546,1.770,1.104,327.3,358.7,0.462,1.771,1.517,0.192,1.771,1.295,World,CabinetD06,21.3,28.8,0.421,0.402,0,0,None,None,1,0,0,0,0.3890,0.8011,0.349,0.000,0
80.30,Akash,AUIT_Multi,CBA,0.548,1.770,1.103,327.1,359.0,0.487,1.771,1.517,0.205,1.771,1.316,World,CabinetD06,24.6,25.3,0.418,0.403,0,0,None,None,1,0,0,0,0.2564,0.2454,0.346,0.000,0
80.40,Akash,AUIT_Multi,CBA,0.542,1.769,1.098,322.0,359.7,0.480,1.770,1.517,0.206,1.770,1.307,World,CabinetD06Door,29.6,20.2,0.423,0.396,0,0,None,None,0,1,0,0,0.0708,0.0944,0.346,0.000,0
80.51,Akash,AUIT_Multi,CBA,0.531,1.768,1.085,311.1,0.5,0.421,1.769,1.517,-0.213,1.769,1.411,World,CabinetD06Door,34.5,17.5,0.445,0.812,0,0,None,None,0,1,0,1,0.5310,3.8828,0.643,0.000,0
80.61,Akash,AUIT_Multi,CBA,0.520,1.768,1.067,298.2,1.2,0.347,1.768,1.469,-0.261,1.768,1.290,World,Wall4m,38.6,12.3,0.438,0.812,0,0,None,None,0,1,0,1,0.9042,1.3449,0.634,0.000,0
80.71,Akash,AUIT_Multi,CBA,0.511,1.765,1.043,283.0,2.9,0.314,1.767,1.330,-0.217,1.767,1.085,World,Refrigerator03_Door01,42.6,10.2,0.348,0.729,0,0,None,None,0,1,0,0,1.4687,2.1520,0.585,0.000,0
80.80,Akash,AUIT_Multi,CBA,0.508,1.761,1.016,267.3,5.3,0.237,1.764,1.238,-0.243,1.764,0.847,World,Refrigerator03_Door01,42.3,11.4,0.350,0.769,0,0,None,None,0,1,0,0,1.2422,2.4593,0.618,0.000,0
80.90,Akash,AUIT_Multi,CBA,0.511,1.758,0.989,252.6,6.7,-0.010,1.761,1.195,-0.309,1.761,0.539,World,Refrigerator03,39.4,13.3,0.560,0.935,0,0,None,None,0,1,0,1,2.5754,3.2429,0.720,0.000,0
81.01,Akash,AUIT_Multi,CBA,0.522,1.755,0.963,238.8,7.9,-0.037,1.757,1.029,-0.258,1.758,0.298,World,Refrigerator03,38.7,12.2,0.563,1.025,0,0,None,None,0,1,0,1,1.5120,2.2153,0.763,0.000,0
81.11,Akash,AUIT_Multi,CBA,0.532,1.751,0.945,229.4,9.5,-0.033,1.754,0.894,-0.082,1.757,0.464,World,Refrigerator03,36.6,10.2,0.568,0.780,0,0,None,None,0,1,0,0,1.3904,2.5066,0.433,0.000,0
81.21,Akash,AUIT_Multi,CBA,0.543,1.749,0.933,222.6,10.6,-0.036,1.751,0.780,0.089,1.756,0.633,World,Refrigerator03_Door02,34.2,17.9,0.599,0.543,0,0,None,None,0,1,0,0,1.1813,2.4840,0.193,0.662,0
81.30,Akash,AUIT_Multi,CBA,0.552,1.749,0.925,217.5,10.7,-0.077,1.749,0.669,0.203,1.751,0.067,World,Refrigerator03_Door02,32.1,18.7,0.680,0.926,0,0,None,None,0,1,0,1,1.2174,5.9461,0.664,0.000,0
81.40,Akash,AUIT_Multi,CBA,0.559,1.751,0.921,214.4,10.1,-0.108,1.750,0.577,0.298,1.750,-0.205,World,Refrigerator03_Door02,30.0,23.4,0.751,1.156,0,0,None,None,0,1,0,1,0.9982,2.9676,0.882,0.000,0
81.51,Akash,AUIT_Multi,CBA,0.562,1.753,0.920,213.2,9.2,-0.109,1.751,0.521,0.365,1.750,-0.213,World,Refrigerator03_Door02,27.5,25.0,0.780,1.150,0,0,None,None,0,1,0,1,0.5048,0.6063,0.874,0.000,0
81.61,Akash,AUIT_Multi,CBA,0.560,1.754,0.922,214.0,8.8,-0.108,1.753,0.509,0.377,1.744,0.059,World,Refrigerator03_Door02,25.8,23.4,0.785,0.882,0,0,None,None,0,1,0,1,0.1254,2.8104,0.662,0.000,0
81.70,Akash,AUIT_Multi,CBA,0.557,1.755,0.924,215.3,8.2,-0.109,1.754,0.508,0.383,1.738,0.326,World,Refrigerator03_Door02,24.1,20.1,0.785,0.622,0,0,None,None,1,1,0,0,0.0178,2.7719,0.525,0.000,0
81.80,Akash,AUIT_Multi,CBA,0.555,1.757,0.924,216.0,7.6,-0.110,1.755,0.508,0.325,1.747,0.046,World,Refrigerator03_Door02,23.1,22.4,0.784,0.908,0,0,None,None,1,1,0,1,0.0177,2.9652,0.635,0.000,0
81.91,Akash,AUIT_Multi,CBA,0.553,1.758,0.924,217.7,6.5,-0.110,1.757,0.522,0.270,1.756,-0.207,World,Refrigerator03_Door02,21.9,24.5,0.775,1.166,0,0,None,None,1,1,0,1,0.1265,2.3433,0.822,0.000,0
82.01,Akash,AUIT_Multi,CBA,0.550,1.761,0.925,221.0,5.0,-0.091,1.759,0.585,0.258,1.759,-0.235,World,Refrigerator03_Door02,21.5,27.3,0.726,1.196,0,0,None,None,1,0,0,0,0.6760,0.3072,0.891,0.000,0
82.11,Akash,AUIT_Multi,CBA,0.545,1.765,0.930,226.8,2.6,-0.063,1.758,0.599,0.277,1.750,0.054,World,Quad,14.8,29.8,0.692,0.917,0,0,None,None,1,0,0,0,0.3256,2.9698,0.642,0.000,0
82.20,Akash,AUIT_Multi,CBA,0.539,1.771,0.942,236.6,359.2,-0.039,1.758,0.621,0.282,1.742,0.338,World,Quad,4.7,33.6,0.661,0.657,0,0,None,None,1,0,0,0,0.3338,2.9321,0.427,0.000,0
82.30,Akash,AUIT_Multi,CBA,0.534,1.778,0.960,249.2,355.3,-0.017,1.758,0.647,0.052,1.755,0.274,World,Quad,10.9,34.6,0.634,0.839,0,0,None,None,1,0,0,0,0.3528,2.4526,0.379,0.000,0
82.41,Akash,AUIT_Multi,CBA,0.533,1.783,0.986,265.0,351.5,0.016,1.758,0.678,-0.269,1.777,0.248,World,Wall4m,28.0,38.6,0.602,1.090,0,0,None,None,0,0,0,0,0.4073,2.9023,0.516,1.000,0
82.51,Akash,AUIT_Multi,CBA,0.535,1.785,1.008,277.9,350.5,0.081,1.758,0.688,-0.303,1.783,0.523,World,Wall4m,44.7,39.0,0.556,0.968,0,0,None,None,0,0,0,0,0.6707,2.8470,0.418,1.000,0
82.61,Akash,AUIT_Multi,CBA,0.539,1.784,1.028,289.6,351.2,0.112,1.757,0.702,-0.145,1.784,0.737,World,Wall4m,58.0,43.4,0.538,0.744,0,0,None,None,0,0,0,0,0.3573,2.7315,0.261,1.000,0
82.70,Akash,AUIT_Multi,CBA,0.547,1.782,1.048,303.0,352.3,0.136,1.755,0.727,0.012,1.784,0.937,World,CabinetD06Door,71.6,45.2,0.522,0.546,0,0,None,None,0,0,0,0,0.3527,2.6085,0.245,1.000,0
82.80,Akash,AUIT_Multi,CBA,0.557,1.781,1.065,316.4,353.0,0.165,1.754,0.760,-0.046,1.783,1.175,World,CabinetD06Door,84.6,36.6,0.498,0.613,0,0,None,None,0,0,0,0,0.4525,2.5251,0.465,0.622,0
82.91,Akash,AUIT_Multi,CBA,0.572,1.780,1.079,329.9,353.1,0.213,1.753,0.767,-0.021,1.781,1.314,World,CabinetD06,101.2,38.8,0.476,0.638,0,0,None,None,0,0,0,0,0.4393,1.2737,0.595,1.000,0
83.01,Akash,AUIT_Multi,CBA,0.585,1.780,1.087,340.1,352.7,0.252,1.752,0.774,0.169,1.780,1.364,World,CabinetD06,113.6,37.0,0.458,0.499,0,0,None,None,0,0,0,0,0.4054,2.0198,0.597,0.000,0
83.11,Akash,AUIT_Multi,CBA,0.597,1.780,1.093,349.0,353.5,0.583,1.775,1.431,0.264,1.781,1.441,World,Quad,11.3,33.2,0.339,0.482,0,0,None,None,1,0,0,0,7.5988,1.2615,0.319,0.000,0
83.20,Akash,AUIT_Multi,CBA,0.603,1.779,1.095,354.5,353.6,0.702,1.779,1.522,0.387,1.782,1.491,World,CabinetD06,19.5,23.9,0.437,0.451,0,0,None,None,1,1,0,0,1.5307,1.3654,0.316,0.000,0
83.30,Akash,AUIT_Multi,CBA,0.606,1.780,1.095,357.0,353.0,0.714,1.779,1.517,0.448,1.782,1.567,World,Quad,18.7,16.9,0.436,0.498,0,0,None,None,1,1,0,0,0.1343,0.9954,0.271,0.000,0
83.41,Akash,AUIT_Multi,CBA,0.610,1.779,1.094,2.0,353.2,0.739,1.780,1.517,0.408,1.780,1.643,World,Quad,16.4,23.1,0.442,0.585,0,0,None,None,1,1,0,0,0.2242,0.7736,0.354,0.000,0
83.51,Akash,AUIT_Multi,CBA,0.610,1.779,1.094,4.6,352.8,0.806,1.779,1.520,0.405,1.779,1.650,World,CabinetD05,21.3,25.8,0.469,0.593,0,0,None,None,1,0,0,0,0.6894,0.0826,0.421,0.000,0
83.61,Akash,AUIT_Multi,CBA,0.604,1.779,1.094,4.9,352.8,0.821,1.781,1.529,0.441,1.784,1.620,World,CabinetD05,22.7,22.9,0.486,0.551,0,0,None,None,1,1,0,0,0.1831,0.4860,0.390,0.000,0
83.70,Akash,AUIT_Multi,CBA,0.596,1.778,1.095,3.2,353.7,0.812,1.784,1.542,0.497,1.793,1.571,World,CabinetD05,23.2,15.7,0.496,0.486,0,0,None,None,1,1,0,0,0.1650,0.7650,0.317,0.000,0
83.80,Akash,AUIT_Multi,CBA,0.590,1.777,1.097,1.4,354.6,0.806,1.787,1.555,0.508,1.796,1.551,World,Wall4m,24.2,12.0,0.506,0.462,0,0,None,None,1,1,0,0,0.1528,0.2393,0.298,0.000,0
83.91,Akash,AUIT_Multi,CBA,0.588,1.777,1.099,1.2,354.5,0.799,1.790,1.570,0.379,1.779,1.641,World,Wall4m,23.3,22.9,0.516,0.581,0,0,None,None,1,1,0,0,0.1509,1.4226,0.426,0.000,0
84.01,Akash,AUIT_Multi,CBA,0.589,1.775,1.100,1.6,355.8,0.795,1.793,1.583,0.369,1.777,1.651,World,Wall4m,21.6,23.7,0.526,0.593,0,0,None,None,1,1,0,0,0.1440,0.1443,0.432,0.000,0
84.11,Akash,AUIT_Multi,CBA,0.590,1.773,1.102,1.8,356.9,0.793,1.796,1.597,0.369,1.775,1.652,World,Wall4m,20.5,24.0,0.535,0.592,0,0,None,None,1,1,0,0,0.1430,0.0226,0.428,0.000,0
84.20,Akash,AUIT_Multi,CBA,0.588,1.770,1.102,0.2,359.5,0.787,1.798,1.610,0.369,1.772,1.652,World,Wall4m,21.3,22.0,0.546,0.592,0,0,None,None,1,1,0,0,0.1527,0.0280,0.421,0.000,0
84.30,Akash,AUIT_Multi,CBA,0.583,1.770,1.101,356.2,359.9,0.777,1.801,1.622,0.352,1.770,1.652,World,CabinetD06,24.4,18.9,0.557,0.597,0,0,None,None,1,1,0,0,0.1629,0.1698,0.427,0.000,0
84.41,Akash,AUIT_Multi,CBA,0.579,1.769,1.100,351.8,0.4,0.769,1.804,1.637,0.270,1.770,1.656,World,CabinetD06,28.0,20.8,0.571,0.636,0,0,None,None,0,1,0,0,0.1528,0.7406,0.500,0.000,0
84.51,Akash,AUIT_Multi,CBA,0.578,1.769,1.098,350.0,0.4,0.762,1.808,1.650,0.215,1.769,1.656,World,CabinetD06,28.7,23.1,0.583,0.666,0,0,None,None,0,1,0,0,0.1622,0.5696,0.549,0.000,0
84.61,Akash,AUIT_Multi,CBA,0.578,1.770,1.097,348.8,359.7,0.703,1.782,1.536,0.198,1.769,1.641,World,CabinetD06,27.2,23.7,0.456,0.663,0,0,None,None,0,1,0,0,1.3522,0.2310,0.516,0.000,0
84.70,Akash,AUIT_Multi,CBA,0.580,1.772,1.098,350.1,359.8,0.686,1.772,1.514,0.196,1.771,1.629,World,CabinetD06,24.2,26.0,0.430,0.655,0,0,None,None,1,0,0,0,0.3012,0.1250,0.503,0.000,0
84.80,Akash,AUIT_Multi,CBA,0.582,1.770,1.102,352.5,2.3,0.699,1.771,1.517,0.207,1.771,1.649,World,CabinetD06,23.4,27.0,0.431,0.663,0,0,None,None,1,0,0,0,0.1425,0.2372,0.509,0.000,0
84.91,Akash,AUIT_Multi,CBA,0.581,1.770,1.103,351.0,2.9,0.706,1.770,1.518,0.217,1.770,1.656,World,CabinetD06,25.9,24.5,0.433,0.662,0,0,None,None,0,1,0,0,0.0597,0.1030,0.508,0.000,0
85.01,Akash,AUIT_Multi,CBA,0.577,1.773,1.104,349.3,1.1,0.696,1.771,1.518,0.203,1.771,1.655,World,CabinetD06,26.7,23.5,0.431,0.666,0,0,None,None,0,1,0,0,0.0942,0.1346,0.512,0.000,0
85.11,Akash,AUIT_Multi,CBA,0.576,1.771,1.106,348.5,1.8,0.682,1.772,1.518,0.197,1.772,1.633,World,CabinetD06,26.1,24.3,0.425,0.648,0,0,None,None,0,1,0,0,0.1463,0.2405,0.498,0.000,0
85.20,Akash,AUIT_Multi,CBA,0.575,1.772,1.109,348.0,1.0,0.676,1.772,1.519,0.196,1.772,1.622,World,CabinetD06,25.8,24.4,0.422,0.638,0,0,None,None,0,1,0,0,0.0682,0.1086,0.491,0.000,0
85.30,Akash,AUIT_Multi,CBA,0.574,1.776,1.110,347.5,359.3,0.669,1.773,1.519,0.196,1.773,1.610,World,CabinetD06,25.6,24.6,0.420,0.626,0,0,None,None,0,1,0,0,0.0714,0.1260,0.481,0.000,0
85.41,Akash,AUIT_Multi,CBA,0.572,1.777,1.112,346.9,359.4,0.664,1.776,1.520,0.196,1.776,1.602,World,CabinetD06,25.8,24.4,0.418,0.618,0,0,None,None,0,1,0,0,0.0523,0.0727,0.475,0.000,0
85.51,Akash,AUIT_Multi,CBA,0.570,1.776,1.114,346.2,0.2,0.657,1.777,1.520,0.197,1.777,1.590,World,CabinetD06,26.0,24.3,0.415,0.605,0,0,None,None,0,1,0,0,0.0680,0.1239,0.466,0.000,0
85.61,Akash,AUIT_Multi,CBA,0.569,1.774,1.115,345.2,1.0,0.649,1.776,1.520,0.197,1.776,1.575,World,CabinetD06,26.0,24.2,0.414,0.592,0,0,None,None,0,1,0,0,0.0851,0.1550,0.455,0.000,0
85.70,Akash,AUIT_Multi,CBA,0.568,1.773,1.112,344.1,1.7,0.641,1.774,1.520,0.198,1.774,1.557,World,CabinetD06,26.1,23.9,0.415,0.579,0,0,None,None,0,1,0,0,0.0894,0.1911,0.445,0.000,0
85.80,Akash,AUIT_Multi,CBA,0.569,1.774,1.110,344.8,0.3,0.635,1.773,1.519,0.198,1.773,1.544,World,CabinetD06,24.4,25.4,0.415,0.570,0,0,None,None,1,0,0,0,0.0551,0.1357,0.438,0.000,0
85.91,Akash,AUIT_Multi,CBA,0.569,1.773,1.108,346.1,0.6,0.643,1.774,1.519,0.197,1.774,1.558,World,CabinetD06,24.1,25.7,0.418,0.584,0,0,None,None,1,0,0,0,0.0698,0.1266,0.448,0.000,0
86.01,Akash,AUIT_Multi,CBA,0.568,1.774,1.105,344.8,0.4,0.645,1.774,1.518,0.197,1.774,1.560,World,CabinetD06,25.8,24.0,0.420,0.587,0,0,None,None,0,1,0,0,0.0235,0.0195,0.451,0.000,0
86.11,Akash,AUIT_Multi,CBA,0.568,1.774,1.104,344.9,0.3,0.640,1.774,1.517,0.197,1.774,1.545,World,CabinetD06,25.0,24.9,0.419,0.575,0,0,None,None,1,1,0,0,0.0608,0.1552,0.443,0.000,0
86.20,Akash,AUIT_Multi,CBA,0.567,1.774,1.104,344.7,359.5,0.639,1.774,1.517,0.197,1.774,1.543,World,CabinetD06,25.2,24.8,0.420,0.574,0,0,None,None,0,1,0,0,0.0045,0.0129,0.443,0.000,0
86.30,Akash,AUIT_Multi,CBA,0.565,1.774,1.103,343.4,358.4,0.636,1.775,1.517,0.198,1.775,1.536,World,CabinetD06,26.3,23.8,0.420,0.567,0,0,None,None,0,1,0,0,0.0358,0.0769,0.439,0.000,0
86.41,Akash,AUIT_Multi,CBA,0.564,1.772,1.105,342.7,359.9,0.625,1.773,1.518,0.198,1.773,1.516,World,CabinetD06,25.7,24.4,0.417,0.550,0,0,None,None,0,1,0,0,0.0939,0.1809,0.427,0.000,0
86.51,Akash,AUIT_Multi,CBA,0.563,1.772,1.105,342.5,359.8,0.621,1.772,1.518,0.198,1.772,1.508,World,CabinetD06,25.5,24.6,0.417,0.544,0,0,None,None,0,1,0,0,0.0479,0.0768,0.423,0.000,0
86.61,Akash,AUIT_Multi,CBA,0.562,1.773,1.103,342.0,359.9,0.616,1.772,1.519,0.199,1.772,1.499,World,CabinetD06,25.4,24.5,0.420,0.537,0,0,None,None,0,1,0,0,0.0505,0.0972,0.418,0.000,0
86.70,Akash,AUIT_Multi,CBA,0.562,1.772,1.102,343.0,0.2,0.616,1.773,1.518,0.198,1.773,1.498,World,CabinetD06,24.5,25.5,0.419,0.537,0,0,None,None,1,0,0,0,0.0079,0.0092,0.418,0.000,0
86.80,Akash,AUIT_Multi,CBA,0.561,1.772,1.102,343.2,0.9,0.621,1.772,1.517,0.198,1.772,1.508,World,CabinetD06,25.0,25.1,0.420,0.545,0,0,None,None,1,0,0,0,0.0525,0.1051,0.423,0.000,0
86.91,Akash,AUIT_Multi,CBA,0.559,1.772,1.101,341.9,0.2,0.618,1.772,1.518,0.198,1.772,1.502,World,CabinetD06,26.2,23.9,0.421,0.540,0,0,None,None,0,1,0,0,0.0251,0.0546,0.420,0.000,0
87.01,Akash,AUIT_Multi,CBA,0.559,1.772,1.100,341.7,359.5,0.611,1.772,1.518,0.199,1.772,1.487,World,CabinetD06,25.4,24.5,0.422,0.529,0,0,None,None,0,1,0,0,0.0800,0.1538,0.413,0.000,0
87.11,Akash,AUIT_Multi,CBA,0.558,1.772,1.099,341.5,358.9,0.608,1.772,1.518,0.199,1.772,1.482,World,CabinetD06,25.3,24.7,0.422,0.525,0,0,None,None,0,1,0,0,0.0266,0.0589,0.411,0.000,0
87.20,Akash,AUIT_Multi,CBA,0.559,1.772,1.098,341.7,359.8,0.607,1.772,1.518,0.199,1.772,1.479,World,CabinetD06,24.7,25.2,0.423,0.524,0,0,None,None,1,0,0,0,0.0131,0.0320,0.410,0.000,0
87.30,Akash,AUIT_Multi,CBA,0.561,1.771,1.099,341.7,360.0,0.609,1.772,1.518,0.199,1.772,1.482,World,CabinetD06,24.7,25.2,0.422,0.528,0,0,None,None,1,0,0,0,0.0257,0.0333,0.412,0.000,0
87.41,Akash,AUIT_Multi,CBA,0.562,1.771,1.098,342.1,359.7,0.612,1.771,1.517,0.199,1.771,1.486,World,CabinetD06,24.7,25.3,0.422,0.531,0,0,None,None,1,0,0,0,0.0261,0.0361,0.414,0.000,0
87.51,Akash,AUIT_Multi,CBA,0.561,1.774,1.096,341.5,358.5,0.613,1.772,1.517,0.199,1.772,1.486,World,CabinetD06,25.6,24.4,0.424,0.532,0,0,None,None,0,1,0,0,0.0131,0.0103,0.415,0.000,0
87.61,Akash,AUIT_Multi,CBA,0.559,1.774,1.094,339.9,357.7,0.606,1.774,1.518,0.199,1.774,1.472,World,CabinetD06,26.5,23.6,0.427,0.521,0,0,None,None,0,1,0,0,0.0732,0.1484,0.409,0.000,0
87.71,Akash,AUIT_Multi,CBA,0.557,1.774,1.092,338.8,357.7,0.594,1.774,1.520,0.200,1.774,1.450,World,CabinetD06,26.2,23.9,0.430,0.505,0,0,None,None,0,1,0,0,0.1216,0.2280,0.400,0.000,0
87.80,Akash,AUIT_Multi,CBA,0.558,1.774,1.092,338.5,357.5,0.587,1.774,1.522,0.201,1.774,1.436,World,CabinetD06,25.5,24.7,0.431,0.496,0,0,None,None,0,1,0,0,0.0788,0.1444,0.395,0.000,0
87.91,Akash,AUIT_Multi,CBA,0.558,1.774,1.091,337.9,357.1,0.583,1.774,1.521,0.201,1.774,1.429,World,CabinetD06,25.6,24.6,0.431,0.492,0,0,None,None,0,1,0,0,0.0315,0.0619,0.393,0.000,0
88.01,Akash,AUIT_Multi,CBA,0.560,1.774,1.091,338.3,357.3,0.581,1.774,1.520,0.201,1.774,1.424,World,CabinetD06,24.6,25.6,0.430,0.490,0,0,None,None,1,0,0,0,0.0233,0.0479,0.392,0.000,0
88.11,Akash,AUIT_Multi,CBA,0.562,1.774,1.092,339.5,357.3,0.587,1.774,1.520,0.201,1.774,1.433,World,CabinetD06,24.0,26.2,0.429,0.498,0,0,None,None,1,0,0,0,0.0620,0.0952,0.396,0.000,0
88.20,Akash,AUIT_Multi,CBA,0.564,1.774,1.093,339.9,357.4,0.596,1.774,1.518,0.200,1.774,1.448,World,CabinetD06,24.5,25.7,0.427,0.508,0,0,None,None,1,0,0,0,0.0904,0.1476,0.402,0.000,0
88.30,Akash,AUIT_Multi,CBA,0.565,1.774,1.093,339.9,357.5,0.600,1.774,1.518,0.200,1.774,1.455,World,CabinetD06,25.0,25.2,0.426,0.513,0,0,None,None,0,0,0,0,0.0436,0.0735,0.405,0.000,0
88.41,Akash,AUIT_Multi,CBA,0.564,1.773,1.095,339.6,357.4,0.600,1.774,1.518,0.200,1.774,1.456,World,CabinetD06,25.4,25.0,0.425,0.513,0,0,None,None,0,1,0,0,0.0062,0.0130,0.405,0.000,0
88.51,Akash,AUIT_Multi,CBA,0.564,1.774,1.095,339.5,357.0,0.598,1.773,1.519,0.200,1.773,1.454,World,CabinetD06,25.3,25.1,0.425,0.511,0,0,None,None,0,0,0,0,0.0220,0.0248,0.403,0.000,0
88.61,Akash,AUIT_Multi,CBA,0.566,1.775,1.095,339.9,356.7,0.598,1.774,1.519,0.200,1.774,1.454,World,CabinetD06,24.7,25.6,0.425,0.512,0,0,None,None,1,0,0,0,0.0069,0.0076,0.403,0.000,0
88.70,Akash,AUIT_Multi,CBA,0.566,1.774,1.096,340.3,357.0,0.602,1.774,1.518,0.200,1.774,1.461,World,CabinetD06,24.8,25.6,0.424,0.517,0,0,None,None,1,0,0,0,0.0413,0.0694,0.406,0.000,0
88.80,Akash,AUIT_Multi,CBA,0.567,1.774,1.096,340.6,357.2,0.606,1.774,1.518,0.200,1.774,1.467,World,CabinetD06,24.7,25.6,0.423,0.522,0,0,None,None,1,0,0,0,0.0351,0.0603,0.409,0.000,0
88.91,Akash,AUIT_Multi,CBA,0.569,1.774,1.097,341.8,356.9,0.611,1.774,1.517,0.199,1.774,1.477,World,CabinetD06,24.1,26.3,0.422,0.530,0,0,None,None,1,0,0,0,0.0487,0.0890,0.414,0.000,0
89.01,Akash,AUIT_Multi,CBA,0.571,1.773,1.099,343.3,357.7,0.621,1.774,1.516,0.199,1.774,1.497,World,CabinetD06,23.6,26.6,0.420,0.545,0,0,None,None,1,0,0,0,0.1063,0.2067,0.423,0.000,0
89.11,Akash,AUIT_Multi,CBA,0.571,1.772,1.101,343.9,358.5,0.632,1.773,1.516,0.198,1.773,1.519,World,CabinetD06,24.4,25.8,0.419,0.560,0,0,None,None,1,0,0,0,0.1084,0.2273,0.434,0.000,0
89.20,Akash,AUIT_Multi,CBA,0.571,1.772,1.103,343.9,358.6,0.636,1.772,1.517,0.198,1.772,1.529,World,CabinetD06,25.1,25.1,0.419,0.567,0,0,None,None,0,0,0,0,0.0458,0.1092,0.439,0.000,0
89.30,Akash,AUIT_Multi,CBA,0.570,1.772,1.104,342.8,358.1,0.634,1.772,1.517,0.198,1.772,1.527,World,CabinetD06,26.1,24.2,0.418,0.563,0,0,None,None,0,1,0,0,0.0205,0.0254,0.436,0.000,0
89.40,Akash,AUIT_Multi,CBA,0.567,1.772,1.103,341.0,358.3,0.624,1.772,1.518,0.199,1.772,1.507,World,CabinetD06,26.9,23.3,0.419,0.546,0,0,None,None,0,1,0,0,0.1095,0.2028,0.425,0.000,0
89.51,Akash,AUIT_Multi,CBA,0.564,1.773,1.101,339.8,357.9,0.608,1.772,1.520,0.200,1.772,1.478,World,CabinetD06,26.3,23.8,0.421,0.524,0,0,None,None,0,1,0,0,0.1416,0.2592,0.410,0.000,0
89.61,Akash,AUIT_Multi,CBA,0.562,1.774,1.099,339.2,357.2,0.599,1.773,1.521,0.201,1.773,1.461,World,CabinetD06,26.0,24.3,0.423,0.512,0,0,None,None,0,1,0,0,0.0953,0.1739,0.403,0.000,0
89.70,Akash,AUIT_Multi,CBA,0.561,1.773,1.098,339.3,357.1,0.593,1.773,1.522,0.201,1.773,1.451,World,CabinetD06,25.2,25.0,0.425,0.505,0,0,None,None,0,0,0,0,0.0559,0.1031,0.399,0.000,0
89.80,Akash,AUIT_Multi,CBA,0.559,1.773,1.096,338.9,357.4,0.593,1.773,1.521,0.200,1.773,1.450,World,CabinetD06,25.8,24.4,0.426,0.504,0,0,None,None,0,1,0,0,0.0097,0.0191,0.399,0.000,0
89.90,Akash,AUIT_Multi,CBA,0.558,1.773,1.095,338.5,357.5,0.587,1.773,1.522,0.201,1.773,1.440,World,CabinetD06,25.5,24.7,0.428,0.497,0,0,None,None,0,1,0,0,0.0549,0.0998,0.395,0.000,0
90.01,Akash,AUIT_Multi,CBA,0.559,1.772,1.097,338.8,357.6,0.586,1.773,1.522,0.201,1.773,1.438,World,CabinetD06,24.9,25.4,0.426,0.495,0,0,None,None,1,0,0,0,0.0109,0.0163,0.395,0.000,0
90.11,Akash,AUIT_Multi,CBA,0.561,1.772,1.099,338.9,357.8,0.589,1.772,1.522,0.200,1.772,1.443,World,CabinetD06,24.9,25.3,0.424,0.498,0,0,None,None,1,0,0,0,0.0238,0.0504,0.396,0.000,0
90.21,Akash,AUIT_Multi,CBA,0.562,1.772,1.100,338.7,358.1,0.589,1.772,1.522,0.200,1.772,1.445,World,CabinetD06,25.1,25.1,0.423,0.500,0,0,None,None,0,0,0,0,0.0094,0.0233,0.396,0.000,0
90.30,Akash,AUIT_Multi,CBA,0.563,1.772,1.101,338.3,358.0,0.588,1.772,1.523,0.201,1.772,1.444,World,CabinetD06,25.3,24.8,0.423,0.499,0,0,None,None,0,1,0,0,0.0125,0.0145,0.396,0.000,0
90.40,Akash,AUIT_Multi,CBA,0.563,1.772,1.101,337.7,357.5,0.586,1.772,1.524,0.201,1.772,1.439,World,CabinetD06,25.5,24.7,0.424,0.496,0,0,None,None,0,1,0,0,0.0290,0.0485,0.394,0.000,0
90.51,Akash,AUIT_Multi,CBA,0.562,1.776,1.099,335.0,354.9,0.578,1.774,1.522,0.202,1.774,1.426,World,CabinetD06,27.7,23.3,0.423,0.486,0,0,None,None,0,1,0,0,0.0754,0.1211,0.388,0.000,0
90.61,Akash,AUIT_Multi,CBA,0.562,1.778,1.097,333.6,353.6,0.560,1.777,1.517,0.204,1.777,1.397,World,CabinetD06,26.9,24.6,0.419,0.467,0,0,None,None,0,1,0,0,0.1924,0.3007,0.376,0.000,0
90.71,Akash,AUIT_Multi,CBA,0.568,1.778,1.099,337.5,354.0,0.560,1.778,1.518,0.203,1.778,1.396,World,CabinetD06,22.2,29.0,0.418,0.470,0,0,None,None,1,0,0,0,0.0178,0.0172,0.377,0.000,0
90.80,Akash,AUIT_Multi,CBA,0.578,1.776,1.104,344.3,355.1,0.597,1.778,1.519,0.200,1.778,1.456,World,Quad,18.8,31.7,0.416,0.517,0,0,None,None,1,0,0,0,0.3735,0.6164,0.402,0.000,0
90.90,Akash,AUIT_Multi,CBA,0.592,1.773,1.108,352.9,357.4,0.657,1.775,1.518,0.198,1.775,1.574,World,Quad,16.2,33.2,0.415,0.610,0,0,None,None,1,0,0,0,0.6183,1.2102,0.462,0.000,0
91.01,Akash,AUIT_Multi,CBA,0.609,1.771,1.111,1.5,358.9,0.747,1.772,1.522,0.286,1.772,1.644,World,Quad,17.1,32.7,0.433,0.623,0,0,None,None,1,0,0,0,0.8120,1.0138,0.477,0.000,0
91.11,Akash,AUIT_Multi,CBA,0.618,1.773,1.112,5.1,358.4,0.816,1.772,1.525,0.373,1.772,1.650,World,CabinetD05,20.6,29.6,0.458,0.591,0,0,None,None,1,0,0,0,0.7165,0.9052,0.460,0.000,0
91.21,Akash,AUIT_Multi,CBA,0.625,1.773,1.112,7.5,357.9,0.853,1.773,1.516,0.424,1.773,1.651,World,CabinetD05,22.1,28.0,0.464,0.575,0,0,None,None,1,0,0,0,0.3923,0.5167,0.450,0.000,0
91.30,Akash,AUIT_Multi,CBA,0.627,1.774,1.111,8.7,357.5,0.865,1.773,1.490,0.455,1.773,1.650,World,CabinetD05,23.6,26.6,0.447,0.566,0,0,None,None,1,0,0,0,0.2981,0.3176,0.441,0.000,0
91.40,Akash,AUIT_Multi,CBA,0.628,1.775,1.111,8.7,357.1,0.872,1.774,1.482,0.467,1.774,1.650,World,CabinetD05,24.8,25.5,0.445,0.563,0,0,None,None,1,0,0,0,0.1093,0.1297,0.439,0.000,0
91.51,Akash,AUIT_Multi,CBA,0.626,1.776,1.112,8.5,356.6,0.875,1.775,1.483,0.469,1.775,1.650,World,CabinetD05,25.6,25.0,0.447,0.561,0,0,None,None,0,1,0,0,0.0283,0.0178,0.439,0.000,0
91.61,Akash,AUIT_Multi,CBA,0.623,1.775,1.116,7.4,356.9,0.875,1.776,1.495,0.463,1.776,1.651,World,CabinetD05,26.4,24.3,0.454,0.557,0,0,None,None,0,1,0,0,0.1173,0.0591,0.441,0.000,0
91.71,Akash,AUIT_Multi,CBA,0.622,1.772,1.121,7.0,358.7,0.873,1.775,1.512,0.453,1.775,1.651,World,CabinetD05,25.8,24.7,0.464,0.556,0,0,None,None,0,1,0,0,0.1791,0.1014,0.442,0.000,0
91.80,Akash,AUIT_Multi,CBA,0.621,1.771,1.126,7.4,359.8,0.870,1.772,1.518,0.451,1.772,1.651,World,CabinetD05,25.0,25.4,0.464,0.552,0,0,None,None,0,0,0,0,0.0732,0.0361,0.440,0.000,0
91.90,Akash,AUIT_Multi,CBA,0.622,1.767,1.129,9.1,2.2,0.869,1.770,1.512,0.458,1.770,1.651,World,CabinetD05,23.9,26.7,0.456,0.547,0,0,None,None,1,0,0,0,0.0605,0.0753,0.434,0.000,0
92.01,Akash,AUIT_Multi,CBA,0.627,1.763,1.130,13.2,5.0,0.872,1.766,1.484,0.484,1.766,1.650,World,CabinetD05,22.1,29.0,0.430,0.540,0,0,None,None,1,0,0,0,0.2603,0.2418,0.422,0.000,0
92.11,Akash,AUIT_Multi,CBA,0.633,1.763,1.129,17.1,5.0,0.878,1.763,1.444,0.523,1.763,1.650,World,CabinetD05,21.3,29.4,0.400,0.533,0,0,None,None,1,0,0,0,0.4137,0.4005,0.410,0.000,0
92.21,Akash,AUIT_Multi,CBA,0.640,1.760,1.126,21.1,6.6,0.888,1.762,1.406,0.559,1.762,1.710,World,CabinetD05,21.6,29.6,0.374,0.589,0,0,None,None,1,0,0,0,0.4041,0.7266,0.447,0.000,0
92.30,Akash,AUIT_Multi,CBA,0.646,1.757,1.124,24.3,8.5,0.897,1.760,1.371,0.598,1.760,1.795,World,CabinetD05,22.9,29.7,0.352,0.673,0,0,None,None,1,0,0,0,0.3755,0.9529,0.519,0.000,0
92.40,Akash,AUIT_Multi,CBA,0.651,1.756,1.121,25.5,9.0,0.901,1.757,1.344,0.637,1.757,1.674,World,CabinetD05,24.5,28.3,0.335,0.553,0,0,None,None,1,0,0,0,0.2800,1.3091,0.423,0.000,0
92.51,Akash,AUIT_Multi,CBA,0.657,1.756,1.118,25.6,8.9,0.902,1.756,1.328,0.655,1.756,1.650,World,CabinetD05,25.4,27.2,0.323,0.532,0,0,None,None,0,0,0,0,0.1467,0.2694,0.406,0.000,0
92.61,Akash,AUIT_Multi,CBA,0.665,1.756,1.117,25.9,8.8,0.904,1.756,1.320,0.664,1.756,1.648,World,CabinetD05,25.3,27.3,0.314,0.531,0,0,None,None,0,0,0,0,0.0803,0.0883,0.407,0.000,0
92.71,Akash,AUIT_Multi,CBA,0.674,1.756,1.119,26.1,8.9,0.906,1.756,1.313,0.674,1.756,1.648,World,CabinetD05,25.5,27.5,0.302,0.530,0,0,None,None,0,0,0,0,0.0793,0.1100,0.407,0.000,0
92.80,Akash,AUIT_Multi,CBA,0.684,1.756,1.122,25.6,9.0,0.908,1.756,1.309,0.684,1.756,1.648,World,CabinetD05,26.2,27.0,0.292,0.526,0,0,None,None,0,0,0,0,0.0521,0.1000,0.407,0.000,0
92.90,Akash,AUIT_Multi,CBA,0.693,1.755,1.127,25.0,9.6,0.911,1.756,1.310,0.689,1.756,1.648,World,CabinetD05,26.8,27.1,0.285,0.522,0,0,None,None,0,0,0,0,0.0340,0.0526,0.405,0.000,0
93.01,Akash,AUIT_Multi,CBA,0.700,1.753,1.131,24.4,10.5,0.914,1.754,1.313,0.693,1.754,1.648,World,CabinetD05,27.4,27.1,0.282,0.518,0,0,None,None,0,0,0,0,0.0398,0.0394,0.402,0.000,0
93.11,Akash,AUIT_Multi,CBA,0.701,1.752,1.133,23.0,10.8,0.916,1.753,1.319,0.692,1.753,1.649,World,CabinetD05,28.3,26.3,0.284,0.515,0,0,None,None,0,0,0,0,0.0621,0.0213,0.399,0.000,0
93.20,Akash,AUIT_Multi,CBA,0.701,1.752,1.133,21.9,10.7,0.917,1.752,1.329,0.682,1.752,1.649,World,CabinetD05,28.0,26.2,0.292,0.516,0,0,None,None,0,0,0,0,0.1085,0.1019,0.397,0.000,0
93.30,Akash,AUIT_Multi,CBA,0.698,1.754,1.133,21.0,9.9,0.918,1.753,1.337,0.672,1.753,1.649,World,CabinetD05,27.8,25.7,0.300,0.516,0,0,None,None,0,0,0,0,0.0839,0.1001,0.397,0.000,0
93.41,Akash,AUIT_Multi,CBA,0.690,1.756,1.134,17.6,8.4,0.918,1.754,1.353,0.654,1.754,1.651,World,CabinetD05,29.6,23.0,0.316,0.519,0,0,None,None,0,1,0,0,0.1408,0.1681,0.399,0.000,0
93.51,Akash,AUIT_Multi,CBA,0.678,1.761,1.133,11.4,5.7,0.918,1.757,1.396,0.597,1.757,1.738,World,CabinetD05,31.5,19.6,0.356,0.610,0,0,None,None,0,1,0,0,0.4422,1.0616,0.469,0.000,0
93.61,Akash,AUIT_Multi,CBA,0.663,1.765,1.129,5.8,3.1,0.909,1.762,1.457,0.542,1.762,1.669,World,CabinetD05,31.1,18.6,0.410,0.553,0,0,None,None,0,1,0,0,0.6384,0.9113,0.423,0.000,0
93.70,Akash,AUIT_Multi,CBA,0.647,1.770,1.123,0.1,0.3,0.887,1.766,1.517,0.472,1.766,1.655,World,Wall4m,31.2,18.3,0.462,0.560,0,0,None,None,0,1,0,0,0.6636,0.7335,0.437,0.000,0
93.80,Akash,AUIT_Multi,CBA,0.634,1.774,1.118,355.9,357.3,0.833,1.771,1.527,0.395,1.771,1.655,World,Wall4m,30.3,20.0,0.455,0.588,0,0,None,None,0,1,0,0,0.5636,0.7963,0.457,0.000,0
93.91,Akash,AUIT_Multi,CBA,0.621,1.776,1.113,353.5,355.7,0.784,1.775,1.523,0.327,1.775,1.656,World,CabinetD06,28.6,22.3,0.441,0.617,0,0,None,None,0,1,0,0,0.4432,0.6124,0.476,0.000,0
94.01,Akash,AUIT_Multi,CBA,0.610,1.775,1.110,349.9,356.5,0.752,1.776,1.521,0.279,1.776,1.657,World,CabinetD06,29.4,21.3,0.435,0.640,0,0,None,None,0,1,0,0,0.3309,0.4993,0.493,0.000,0
94.11,Akash,AUIT_Multi,CBA,0.600,1.775,1.106,346.0,356.9,0.714,1.775,1.519,0.221,1.775,1.650,World,CabinetD06,29.6,21.1,0.429,0.663,0,0,None,None,0,1,0,0,0.3939,0.5973,0.510,0.000,0
94.20,Akash,AUIT_Multi,CBA,0.594,1.774,1.104,344.1,356.9,0.680,1.775,1.518,0.203,1.775,1.596,World,CabinetD06,27.7,22.7,0.423,0.629,0,0,None,None,0,1,0,0,0.3552,0.5800,0.483,0.000,0
94.30,Akash,AUIT_Multi,CBA,0.591,1.774,1.101,343.8,357.1,0.662,1.774,1.517,0.200,1.774,1.562,World,CabinetD06,26.0,24.3,0.422,0.604,0,0,None,None,0,1,0,0,0.1819,0.3529,0.464,0.000,0
94.41,Akash,AUIT_Multi,CBA,0.586,1.773,1.098,342.4,357.0,0.652,1.774,1.516,0.200,1.774,1.541,World,CabinetD06,26.7,23.6,0.423,0.588,0,0,None,None,0,1,0,0,0.0916,0.1879,0.453,0.000,0
94.51,Akash,AUIT_Multi,CBA,0.581,1.771,1.095,340.8,357.3,0.638,1.773,1.515,0.200,1.773,1.513,World,CabinetD06,27.0,23.3,0.424,0.566,0,0,None,None,0,1,0,0,0.1393,0.2870,0.438,0.000,0
94.61,Akash,AUIT_Multi,CBA,0.578,1.771,1.094,341.0,356.6,0.626,1.771,1.515,0.201,1.771,1.490,World,CabinetD06,25.7,24.8,0.424,0.547,0,0,None,None,0,1,0,0,0.1288,0.2370,0.426,0.000,0
94.70,Akash,AUIT_Multi,CBA,0.577,1.772,1.092,339.9,356.1,0.621,1.771,1.515,0.200,1.771,1.482,World,CabinetD06,26.4,24.2,0.425,0.542,0,0,None,None,0,1,0,0,0.0472,0.0829,0.422,0.000,0
94.80,Akash,AUIT_Multi,CBA,0.575,1.772,1.092,339.0,355.8,0.612,1.772,1.516,0.201,1.772,1.465,World,CabinetD06,26.3,24.5,0.426,0.528,0,0,None,None,0,1,0,0,0.0947,0.1743,0.414,0.000,0
94.91,Akash,AUIT_Multi,CBA,0.573,1.771,1.095,338.8,355.5,0.605,1.771,1.518,0.201,1.771,1.455,World,CabinetD06,25.9,25.0,0.424,0.518,0,0,None,None,0,0,0,0,0.0645,0.0891,0.409,0.000,0
95.01,Akash,AUIT_Multi,CBA,0.569,1.770,1.094,337.1,355.7,0.598,1.771,1.520,0.202,1.771,1.447,World,CabinetD06,27.1,23.7,0.426,0.509,0,0,None,None,0,1,0,0,0.0734,0.0905,0.404,0.000,0
95.11,Akash,AUIT_Multi,CBA,0.566,1.771,1.092,334.9,355.6,0.582,1.770,1.520,0.203,1.770,1.421,World,CabinetD06,27.6,23.2,0.428,0.490,0,0,None,None,0,1,0,0,0.1682,0.2625,0.392,0.000,0
95.20,Akash,AUIT_Multi,CBA,0.566,1.772,1.091,333.5,355.6,0.566,1.771,1.516,0.204,1.771,1.395,World,CabinetD06,26.8,23.8,0.425,0.473,0,0,None,None,0,1,0,0,0.1741,0.2655,0.381,0.000,0
95.30,Akash,AUIT_Multi,CBA,0.569,1.775,1.091,333.2,354.9,0.556,1.773,1.514,0.204,1.773,1.380,World,CabinetD06,25.5,25.4,0.424,0.465,0,0,None,None,0,0,0,0,0.0996,0.1630,0.377,0.000,0
95.41,Akash,AUIT_Multi,CBA,0.576,1.776,1.093,334.9,354.4,0.561,1.775,1.516,0.204,1.775,1.385,World,CabinetD06,23.7,27.4,0.423,0.473,0,0,None,None,1,0,0,0,0.0526,0.0551,0.380,0.000,0
95.51,Akash,AUIT_Multi,CBA,0.582,1.776,1.097,337.2,354.1,0.579,1.776,1.521,0.203,1.776,1.411,World,CabinetD06,23.1,28.2,0.423,0.492,0,0,None,None,1,0,0,0,0.1889,0.2664,0.392,0.000,0
95.61,Akash,AUIT_Multi,CBA,0.586,1.776,1.100,339.0,354.5,0.600,1.776,1.519,0.202,1.776,1.446,World,CabinetD06,23.6,27.4,0.420,0.517,0,0,None,None,1,0,0,0,0.2184,0.3598,0.405,0.000,0
95.70,Akash,AUIT_Multi,CBA,0.586,1.774,1.100,338.6,355.2,0.613,1.775,1.518,0.201,1.775,1.467,World,CabinetD06,25.4,25.4,0.418,0.532,0,0,None,None,0,0,0,0,0.1289,0.2162,0.414,0.000,0
95.80,Akash,AUIT_Multi,CBA,0.583,1.774,1.099,337.4,355.5,0.610,1.774,1.519,0.202,1.774,1.461,World,CabinetD06,26.6,24.2,0.420,0.525,0,0,None,None,0,1,0,0,0.0351,0.0650,0.412,0.000,0
95.91,Akash,AUIT_Multi,CBA,0.582,1.775,1.105,337.1,354.5,0.598,1.775,1.522,0.203,1.775,1.445,World,CabinetD06,25.7,25.8,0.417,0.509,0,0,None,None,0,0,0,0,0.1061,0.1469,0.403,0.000,0
96.01,Akash,AUIT_Multi,CBA,0.580,1.774,1.109,338.4,355.8,0.600,1.775,1.522,0.202,1.775,1.453,World,CabinetD06,24.6,26.4,0.414,0.511,0,0,None,None,1,0,0,0,0.0119,0.0843,0.403,0.000,0
96.11,Akash,AUIT_Multi,CBA,0.580,1.775,1.111,339.0,355.4,0.605,1.775,1.522,0.201,1.775,1.467,World,CabinetD06,24.9,26.1,0.412,0.519,0,0,None,None,1,0,0,0,0.0526,0.1424,0.407,0.000,0
96.20,Akash,AUIT_Multi,CBA,0.579,1.775,1.111,339.4,355.2,0.608,1.775,1.521,0.201,1.775,1.476,World,CabinetD06,25.2,25.8,0.412,0.525,0,0,None,None,0,0,0,0,0.0383,0.0978,0.410,0.000,0
96.30,Akash,AUIT_Multi,CBA,0.577,1.775,1.111,339.0,355.0,0.609,1.775,1.521,0.201,1.775,1.479,World,CabinetD06,25.9,25.2,0.412,0.526,0,0,None,None,0,0,0,0,0.0096,0.0279,0.410,0.000,0
96.40,Akash,AUIT_Multi,CBA,0.576,1.775,1.114,339.0,354.8,0.606,1.775,1.522,0.201,1.775,1.475,World,CabinetD06,25.6,25.5,0.410,0.521,0,0,None,None,0,0,0,0,0.0330,0.0372,0.408,0.000,0
96.51,Akash,AUIT_Multi,CBA,0.576,1.775,1.116,339.1,355.0,0.605,1.775,1.523,0.201,1.775,1.477,World,CabinetD06,25.5,25.6,0.408,0.520,0,0,None,None,0,0,0,0,0.0117,0.0145,0.407,0.000,0
96.61,Akash,AUIT_Multi,CBA,0.578,1.778,1.117,340.3,352.6,0.606,1.776,1.523,0.201,1.776,1.482,World,CabinetD06,24.9,27.4,0.407,0.524,0,0,None,None,1,0,0,0,0.0148,0.0495,0.408,0.000,0
96.70,Akash,AUIT_Multi,CBA,0.586,1.780,1.119,344.2,351.1,0.622,1.778,1.521,0.199,1.778,1.512,World,CabinetD06,22.7,30.1,0.404,0.552,0,0,None,None,1,0,0,0,0.1655,0.3123,0.423,0.000,0
96.80,Akash,AUIT_Multi,CBA,0.595,1.780,1.121,349.1,351.0,0.658,1.780,1.522,0.197,1.780,1.587,World,CabinetD06,21.8,30.9,0.405,0.614,0,0,None,None,1,0,0,0,0.3728,0.7744,0.467,0.000,0
96.90,Akash,AUIT_Multi,CBA,0.600,1.780,1.123,351.8,351.3,0.698,1.780,1.523,0.220,1.780,1.645,World,CabinetD06,23.6,29.0,0.413,0.646,0,0,None,None,1,0,0,0,0.4105,0.6420,0.493,0.000,0
97.01,Akash,AUIT_Multi,CBA,0.599,1.779,1.123,351.2,351.5,0.717,1.780,1.524,0.245,1.780,1.656,World,CabinetD06,26.6,26.1,0.418,0.640,0,0,None,None,0,0,0,0,0.1687,0.2411,0.491,0.000,0
97.11,Akash,AUIT_Multi,CBA,0.596,1.779,1.123,350.6,351.9,0.713,1.779,1.524,0.239,1.779,1.658,World,CabinetD06,26.9,25.6,0.417,0.643,0,0,None,None,0,0,0,0,0.0368,0.0638,0.493,0.000,0
97.21,Akash,AUIT_Multi,CBA,0.593,1.779,1.124,350.2,352.5,0.708,1.779,1.524,0.230,1.779,1.658,World,CabinetD06,26.7,25.4,0.416,0.646,0,0,None,None,0,0,0,0,0.0596,0.0870,0.496,0.000,0
97.30,Akash,AUIT_Multi,CBA,0.589,1.778,1.123,348.9,352.6,0.700,1.778,1.524,0.218,1.778,1.658,World,CabinetD06,27.5,24.7,0.416,0.652,0,0,None,None,0,1,0,0,0.0825,0.1253,0.500,0.000,0
97.40,Akash,AUIT_Multi,CBA,0.585,1.778,1.121,346.5,352.7,0.685,1.778,1.523,0.202,1.778,1.645,World,CabinetD06,28.3,23.8,0.414,0.649,0,0,None,None,0,1,0,0,0.1563,0.2169,0.498,0.000,0
97.51,Akash,AUIT_Multi,CBA,0.582,1.778,1.119,344.9,353.5,0.663,1.778,1.522,0.199,1.778,1.599,World,CabinetD06,27.2,24.3,0.411,0.614,0,0,None,None,0,1,0,0,0.1932,0.4160,0.471,0.000,0
97.61,Akash,AUIT_Multi,CBA,0.581,1.778,1.119,344.8,353.2,0.653,1.778,1.521,0.198,1.778,1.577,World,CabinetD06,26.2,25.6,0.409,0.597,0,0,None,None,0,0,0,0,0.1000,0.2199,0.458,0.000,0
97.71,Akash,AUIT_Multi,CBA,0.581,1.778,1.119,345.2,353.1,0.652,1.778,1.521,0.198,1.778,1.575,World,CabinetD06,25.7,26.1,0.408,0.596,0,0,None,None,0,0,0,0,0.0129,0.0255,0.457,0.000,0
97.80,Akash,AUIT_Multi,CBA,0.581,1.778,1.119,345.0,352.8,0.654,1.778,1.521,0.198,1.778,1.579,World,CabinetD06,26.3,25.7,0.409,0.599,0,0,None,None,0,0,0,0,0.0178,0.0455,0.460,0.000,0
97.90,Akash,AUIT_Multi,CBA,0.575,1.779,1.116,341.0,352.2,0.644,1.779,1.521,0.199,1.779,1.559,World,CabinetD06,29.7,22.7,0.411,0.581,0,0,None,None,0,1,0,0,0.0984,0.2151,0.447,0.000,0
98.01,Akash,AUIT_Multi,CBA,0.569,1.779,1.114,336.8,352.2,0.607,1.779,1.525,0.202,1.779,1.484,World,CabinetD06,29.4,22.9,0.413,0.522,0,0,None,None,0,1,0,0,0.3415,0.6726,0.407,0.000,0
98.11,Akash,AUIT_Multi,CBA,0.568,1.779,1.112,336.6,352.3,0.585,1.779,1.526,0.203,1.779,1.446,World,CabinetD06,26.8,25.3,0.414,0.494,0,0,None,None,0,0,0,0,0.2258,0.3971,0.390,0.000,0
98.20,Akash,AUIT_Multi,CBA,0.568,1.779,1.112,337.0,352.5,0.581,1.779,1.526,0.202,1.779,1.440,World,CabinetD06,25.9,26.1,0.414,0.491,0,0,None,None,0,0,0,0,0.0373,0.0615,0.389,0.000,0
98.30,Akash,AUIT_Multi,CBA,0.568,1.778,1.112,337.0,352.5,0.582,1.779,1.527,0.202,1.779,1.441,World,CabinetD06,26.0,26.0,0.415,0.492,0,0,None,None,0,0,0,0,0.0117,0.0162,0.390,0.000,0
98.41,Akash,AUIT_Multi,CBA,0.569,1.779,1.112,337.5,352.3,0.583,1.778,1.527,0.202,1.778,1.442,World,CabinetD06,25.6,26.6,0.415,0.494,0,0,None,None,0,0,0,0,0.0085,0.0111,0.390,0.000,0
98.51,Akash,AUIT_Multi,CBA,0.572,1.779,1.113,339.4,352.2,0.590,1.779,1.526,0.201,1.779,1.454,World,CabinetD06,24.3,27.9,0.413,0.503,0,0,None,None,1,0,0,0,0.0711,0.1165,0.395,0.000,0
98.61,Akash,AUIT_Multi,CBA,0.576,1.779,1.114,343.0,352.0,0.609,1.779,1.522,0.200,1.779,1.488,World,CabinetD06,22.9,29.3,0.409,0.530,0,0,None,None,1,0,0,0,0.1956,0.3479,0.410,0.000,0
98.70,Akash,AUIT_Multi,CBA,0.579,1.779,1.115,345.5,352.1,0.635,1.779,1.520,0.197,1.779,1.540,World,CabinetD06,23.7,28.4,0.409,0.571,0,0,None,None,1,0,0,0,0.2719,0.5367,0.438,0.000,0
98.80,Akash,AUIT_Multi,CBA,0.578,1.779,1.114,344.6,352.0,0.650,1.779,1.520,0.197,1.779,1.570,World,CabinetD06,26.5,25.7,0.412,0.595,0,0,None,None,0,0,0,0,0.1567,0.3152,0.456,0.000,0
98.91,Akash,AUIT_Multi,CBA,0.578,1.779,1.113,343.7,352.2,0.645,1.779,1.520,0.198,1.779,1.556,World,CabinetD06,26.7,25.5,0.412,0.583,0,0,None,None,0,0,0,0,0.0500,0.1323,0.448,0.000,0
99.01,Akash,AUIT_Multi,CBA,0.579,1.778,1.114,344.8,352.9,0.643,1.779,1.520,0.198,1.779,1.551,World,CabinetD06,25.1,26.7,0.410,0.580,0,0,None,None,0,0,0,0,0.0195,0.0472,0.445,0.000,0
99.11,Akash,AUIT_Multi,CBA,0.582,1.777,1.114,345.8,353.8,0.651,1.778,1.520,0.197,1.778,1.568,World,CabinetD06,24.5,26.7,0.411,0.595,0,0,None,None,1,0,0,0,0.0824,0.1781,0.456,0.000,0
99.20,Akash,AUIT_Multi,CBA,0.585,1.777,1.115,347.1,354.1,0.661,1.777,1.520,0.197,1.777,1.589,World,CabinetD06,24.1,27.0,0.412,0.613,0,0,None,None,1,0,0,0,0.1018,0.2157,0.469,0.000,0
99.30,Akash,AUIT_Multi,CBA,0.590,1.776,1.116,349.8,354.5,0.676,1.777,1.521,0.196,1.777,1.625,World,CabinetD06,22.9,28.0,0.414,0.644,0,0,None,None,1,0,0,0,0.1621,0.3678,0.491,0.000,0
99.41,Akash,AUIT_Multi,CBA,0.596,1.776,1.116,352.8,354.6,0.704,1.777,1.522,0.222,1.777,1.653,World,CabinetD06,22.7,28.2,0.420,0.654,0,0,None,None,1,0,0,0,0.2483,0.3432,0.499,0.000,0
99.51,Akash,AUIT_Multi,CBA,0.600,1.776,1.116,354.6,355.0,0.728,1.776,1.523,0.259,1.776,1.655,World,CabinetD06,23.4,27.4,0.426,0.638,0,0,None,None,1,0,0,0,0.2487,0.3759,0.488,0.000,0
99.61,Akash,AUIT_Multi,CBA,0.602,1.775,1.116,354.6,355.5,0.744,1.776,1.523,0.282,1.776,1.655,World,CabinetD06,25.0,25.7,0.431,0.627,0,0,None,None,1,0,0,0,0.1606,0.2366,0.481,0.000,0
99.70,Akash,AUIT_Multi,CBA,0.601,1.776,1.115,353.1,355.3,0.744,1.775,1.523,0.280,1.775,1.656,World,CabinetD06,26.6,24.2,0.432,0.629,0,0,None,None,0,1,0,0,0.0052,0.0148,0.482,0.000,0
99.80,Akash,AUIT_Multi,CBA,0.600,1.776,1.113,351.8,354.9,0.733,1.776,1.522,0.261,1.776,1.657,World,CabinetD06,26.7,24.3,0.430,0.640,0,0,None,None,0,1,0,0,0.1152,0.1992,0.491,0.000,0
99.91,Akash,AUIT_Multi,CBA,0.599,1.776,1.113,351.2,355.1,0.722,1.776,1.521,0.243,1.776,1.657,World,CabinetD06,26.1,24.8,0.427,0.650,0,0,None,None,0,1,0,0,0.0932,0.1613,0.498,0.000,0
100.01,Akash,AUIT_Multi,CBA,0.597,1.776,1.113,350.7,355.6,0.716,1.776,1.521,0.233,1.776,1.657,World,CabinetD06,26.0,24.8,0.425,0.654,0,0,None,None,0,1,0,0,0.0598,0.0974,0.502,0.000,0
100.11,Akash,AUIT_Multi,CBA,0.596,1.775,1.114,350.7,355.9,0.711,1.776,1.521,0.226,1.776,1.657,World,CabinetD06,25.5,25.2,0.423,0.657,0,0,None,None,0,0,0,0,0.0520,0.0773,0.504,0.000,0
100.20,Akash,AUIT_Multi,CBA,0.598,1.775,1.115,352.4,355.9,0.713,1.775,1.521,0.230,1.775,1.657,World,CabinetD06,23.8,26.8,0.423,0.655,0,0,None,None,1,0,0,0,0.0194,0.0447,0.502,0.000,0
100.30,Akash,AUIT_Multi,CBA,0.604,1.775,1.116,356.4,356.1,0.733,1.775,1.522,0.263,1.775,1.656,World,Wall4m,21.5,28.9,0.427,0.639,0,0,None,None,1,0,0,0,0.2021,0.3357,0.489,0.000,0
100.41,Akash,AUIT_Multi,CBA,0.614,1.774,1.117,2.7,356.8,0.779,1.775,1.525,0.330,1.775,1.653,World,CabinetD05,19.5,30.8,0.439,0.607,0,0,None,None,1,0,0,0,0.4143,0.6031,0.467,0.000,0
100.51,Akash,AUIT_Multi,CBA,0.626,1.773,1.117,9.2,357.4,0.836,1.774,1.520,0.405,1.774,1.651,World,Quad,18.5,31.7,0.454,0.578,0,0,None,None,1,0,0,0,0.5843,0.7707,0.450,0.000,0
100.61,Akash,AUIT_Multi,CBA,0.637,1.772,1.117,14.6,357.5,0.863,1.773,1.460,0.480,1.773,1.650,World,CabinetD05,18.8,31.1,0.411,0.555,0,0,None,None,1,0,0,0,0.6740,0.7740,0.427,0.000,0
100.70,Akash,AUIT_Multi,CBA,0.647,1.772,1.117,19.7,358.0,0.880,1.772,1.406,0.543,1.772,1.669,World,CabinetD05,19.1,30.5,0.371,0.562,0,0,None,None,1,0,0,0,0.5905,0.6753,0.428,0.000,0
100.80,Akash,AUIT_Multi,CBA,0.654,1.772,1.116,23.2,358.0,0.894,1.772,1.365,0.589,1.772,1.791,World,CabinetD05,20.9,28.8,0.345,0.678,0,0,None,None,1,0,0,0,0.4481,1.3413,0.524,0.000,0
100.91,Akash,AUIT_Multi,CBA,0.657,1.772,1.118,24.5,358.2,0.904,1.772,1.339,0.637,1.772,1.669,World,CabinetD05,23.7,26.6,0.332,0.552,0,0,None,None,1,0,0,0,0.2445,1.1764,0.424,0.000,0
101.01,Akash,AUIT_Multi,CBA,0.655,1.771,1.120,23.8,358.4,0.904,1.772,1.332,0.649,1.772,1.651,World,CabinetD05,25.8,24.5,0.328,0.531,0,0,None,None,0,1,0,0,0.0698,0.2258,0.408,0.000,0
101.11,Akash,AUIT_Multi,CBA,0.649,1.771,1.122,21.3,358.5,0.904,1.771,1.343,0.638,1.771,1.654,World,CabinetD05,27.9,22.5,0.337,0.532,0,0,None,None,0,1,0,0,0.1108,0.1116,0.409,0.000,0
101.20,Akash,AUIT_Multi,CBA,0.643,1.772,1.124,18.2,358.3,0.905,1.771,1.372,0.594,1.771,1.862,World,CabinetD05,28.5,22.1,0.360,0.739,0,0,None,None,0,1,0,0,0.2955,2.1807,0.580,0.000,0
101.30,Akash,AUIT_Multi,CBA,0.638,1.771,1.125,16.4,358.4,0.905,1.771,1.404,0.575,1.771,1.708,World,CabinetD05,27.3,22.7,0.386,0.587,0,0,None,None,0,1,0,0,0.3312,1.5927,0.449,0.000,0
101.41,Akash,AUIT_Multi,CBA,0.634,1.771,1.125,15.0,358.5,0.899,1.771,1.425,0.555,1.771,1.657,World,CabinetD05,26.6,23.4,0.400,0.538,0,0,None,None,0,1,0,0,0.1899,0.4894,0.415,0.000,0
101.51,Akash,AUIT_Multi,CBA,0.630,1.772,1.124,14.2,358.2,0.894,1.771,1.437,0.540,1.771,1.650,World,CabinetD05,26.1,24.0,0.409,0.534,0,0,None,None,0,1,0,0,0.1342,0.1692,0.414,0.000,0
101.61,Akash,AUIT_Multi,CBA,0.629,1.772,1.124,14.0,358.1,0.891,1.772,1.443,0.530,1.772,1.650,World,CabinetD05,25.5,24.7,0.413,0.535,0,0,None,None,0,1,0,0,0.0791,0.1006,0.415,0.000,0
101.70,Akash,AUIT_Multi,CBA,0.627,1.772,1.124,13.7,358.2,0.889,1.772,1.444,0.527,1.772,1.650,World,CabinetD05,25.5,24.6,0.413,0.535,0,0,None,None,0,1,0,0,0.0240,0.0338,0.416,0.000,0
101.80,Akash,AUIT_Multi,CBA,0.621,1.772,1.124,10.5,358.0,0.888,1.772,1.459,0.515,1.772,1.650,World,CabinetD05,28.2,22.0,0.428,0.536,0,0,None,None,0,1,0,0,0.1497,0.1244,0.419,0.000,0
101.91,Akash,AUIT_Multi,CBA,0.611,1.772,1.124,4.1,358.2,0.880,1.772,1.514,0.467,1.772,1.651,World,CabinetD05,30.6,19.5,0.473,0.547,0,0,None,None,0,1,0,0,0.4987,0.4331,0.435,0.000,0
102.01,Akash,AUIT_Multi,CBA,0.601,1.772,1.123,357.6,358.3,0.827,1.772,1.528,0.397,1.772,1.653,World,Wall4m,31.6,18.7,0.464,0.568,0,0,None,None,0,1,0,0,0.5667,0.7247,0.448,0.000,0
102.11,Akash,AUIT_Multi,CBA,0.592,1.773,1.121,351.9,357.6,0.763,1.772,1.525,0.315,1.772,1.656,World,CabinetD06,31.2,19.4,0.439,0.602,0,0,None,None,0,1,0,0,0.6576,0.8466,0.467,0.000,0
102.20,Akash,AUIT_Multi,CBA,0.586,1.773,1.120,348.9,357.2,0.713,1.773,1.523,0.238,1.773,1.659,World,CabinetD06,28.7,21.9,0.423,0.641,0,0,None,None,0,1,0,0,0.5144,0.7816,0.494,0.000,0
102.30,Akash,AUIT_Multi,CBA,0.583,1.774,1.119,348.8,357.1,0.689,1.773,1.522,0.203,1.773,1.652,World,CabinetD06,26.0,24.5,0.417,0.655,0,0,None,None,0,1,0,0,0.2533,0.3710,0.503,0.000,0
102.41,Akash,AUIT_Multi,CBA,0.581,1.773,1.119,348.5,357.2,0.683,1.774,1.522,0.196,1.774,1.650,World,CabinetD06,25.9,24.5,0.416,0.656,0,0,None,None,0,1,0,0,0.0523,0.0644,0.503,0.000,0
102.51,Akash,AUIT_Multi,CBA,0.578,1.774,1.118,345.8,356.7,0.672,1.774,1.522,0.197,1.774,1.625,World,CabinetD06,27.5,23.0,0.415,0.634,0,0,None,None,0,1,0,0,0.1098,0.2530,0.487,0.000,0
102.61,Akash,AUIT_Multi,CBA,0.576,1.775,1.117,344.1,356.1,0.653,1.774,1.521,0.198,1.774,1.580,World,CabinetD06,27.0,23.6,0.411,0.597,0,0,None,None,0,1,0,0,0.1985,0.4596,0.459,0.000,0
102.70,Akash,AUIT_Multi,CBA,0.577,1.775,1.118,344.9,355.9,0.643,1.775,1.521,0.198,1.775,1.559,World,CabinetD06,24.8,25.8,0.408,0.581,0,0,None,None,1,0,0,0,0.1027,0.2245,0.446,0.000,0
102.80,Akash,AUIT_Multi,CBA,0.582,1.775,1.119,347.9,356.2,0.653,1.775,1.521,0.197,1.775,1.580,World,CabinetD06,22.4,28.0,0.408,0.601,0,0,None,None,1,0,0,0,0.0994,0.2259,0.460,0.000,0
102.91,Akash,AUIT_Multi,CBA,0.588,1.774,1.121,351.6,356.4,0.682,1.774,1.522,0.203,1.774,1.640,World,CabinetD06,21.9,28.3,0.413,0.646,0,0,None,None,1,0,0,0,0.2680,0.5361,0.493,0.000,0
103.01,Akash,AUIT_Multi,CBA,0.593,1.774,1.121,354.5,356.4,0.711,1.774,1.524,0.240,1.774,1.654,World,CabinetD06,22.1,28.2,0.419,0.639,0,0,None,None,1,0,0,0,0.2934,0.4096,0.488,0.000,0
103.11,Akash,AUIT_Multi,CBA,0.597,1.775,1.122,356.5,356.1,0.737,1.774,1.525,0.280,1.774,1.655,World,CabinetD06,23.0,27.4,0.427,0.620,0,0,None,None,1,0,0,0,0.2705,0.4095,0.475,0.000,0
103.20,Akash,AUIT_Multi,CBA,0.596,1.776,1.121,355.8,354.8,0.751,1.775,1.525,0.300,1.775,1.655,World,CabinetD06,25.7,25.3,0.433,0.611,0,0,None,None,0,0,0,0,0.1428,0.2065,0.469,0.000,0
103.30,Akash,AUIT_Multi,CBA,0.596,1.778,1.119,355.7,353.9,0.748,1.776,1.525,0.295,1.776,1.655,World,CabinetD06,25.6,25.7,0.433,0.615,0,0,None,None,0,0,0,0,0.0316,0.0538,0.472,0.000,0
103.41,Akash,AUIT_Multi,CBA,0.598,1.779,1.119,357.8,352.9,0.754,1.778,1.524,0.303,1.778,1.655,World,Wall4m,24.2,27.5,0.435,0.613,0,0,None,None,1,0,0,0,0.0548,0.0683,0.470,0.000,0
103.51,Akash,AUIT_Multi,CBA,0.600,1.781,1.117,0.1,350.9,0.773,1.779,1.525,0.328,1.779,1.654,World,Wall4m,24.6,28.4,0.444,0.602,0,0,None,None,1,0,0,0,0.1923,0.2563,0.464,0.000,0
103.61,Akash,AUIT_Multi,CBA,0.601,1.783,1.115,1.2,349.1,0.791,1.782,1.525,0.350,1.782,1.653,World,Wall4m,26.0,28.3,0.453,0.594,0,0,None,None,0,0,0,0,0.1909,0.2346,0.459,0.000,0
103.70,Akash,AUIT_Multi,CBA,0.603,1.783,1.115,1.8,349.2,0.803,1.783,1.525,0.363,1.783,1.653,World,Wall4m,26.3,27.8,0.457,0.589,0,0,None,None,0,0,0,0,0.1198,0.1372,0.457,0.000,0
103.80,Akash,AUIT_Multi,CBA,0.604,1.782,1.116,2.9,350.3,0.812,1.783,1.526,0.374,1.783,1.652,World,CabinetD05,25.7,27.7,0.459,0.583,0,0,None,None,0,0,0,0,0.0895,0.1088,0.455,0.000,0
103.91,Akash,AUIT_Multi,CBA,0.606,1.781,1.118,4.3,351.3,0.825,1.782,1.527,0.391,1.782,1.652,World,CabinetD05,25.3,27.5,0.464,0.576,0,0,None,None,0,0,0,0,0.1196,0.1497,0.452,0.000,0
104.01,Akash,AUIT_Multi,CBA,0.607,1.780,1.119,5.4,351.7,0.837,1.781,1.528,0.405,1.781,1.652,World,CabinetD05,25.2,27.4,0.469,0.570,0,0,None,None,0,0,0,0,0.1219,0.1464,0.449,0.000,0
104.11,Akash,AUIT_Multi,CBA,0.610,1.781,1.120,7.3,351.5,0.851,1.780,1.529,0.421,1.780,1.651,World,CabinetD05,24.6,28.2,0.474,0.564,0,0,None,None,1,0,0,0,0.1444,0.1640,0.447,0.000,0
104.20,Akash,AUIT_Multi,CBA,0.614,1.780,1.122,9.8,352.5,0.861,1.780,1.511,0.446,1.780,1.651,World,CabinetD05,23.8,28.3,0.461,0.554,0,0,None,None,1,0,0,0,0.2165,0.2589,0.438,0.000,0
104.30,Akash,AUIT_Multi,CBA,0.616,1.778,1.123,10.8,353.3,0.869,1.779,1.490,0.470,1.779,1.650,World,CabinetD05,24.6,27.1,0.445,0.547,0,0,None,None,1,0,0,0,0.2297,0.2465,0.430,0.000,0
104.41,Akash,AUIT_Multi,CBA,0.618,1.779,1.124,11.9,352.9,0.875,1.778,1.479,0.485,1.778,1.650,World,CabinetD05,24.9,27.0,0.438,0.543,0,0,None,None,1,0,0,0,0.1147,0.1407,0.426,0.000,0
104.51,Akash,AUIT_Multi,CBA,0.620,1.779,1.124,13.4,352.5,0.878,1.779,1.466,0.499,1.779,1.650,World,CabinetD05,24.7,27.4,0.428,0.540,0,0,None,None,1,0,0,0,0.1365,0.1382,0.421,0.000,0
104.61,Akash,AUIT_Multi,CBA,0.621,1.779,1.124,14.1,352.7,0.881,1.779,1.452,0.513,1.779,1.650,World,CabinetD05,25.3,26.7,0.419,0.537,0,0,None,None,0,0,0,0,0.1399,0.1437,0.418,0.000,0
104.70,Akash,AUIT_Multi,CBA,0.621,1.778,1.124,13.9,353.3,0.885,1.779,1.450,0.518,1.779,1.650,World,CabinetD05,25.9,25.7,0.419,0.535,0,0,None,None,0,0,0,0,0.0424,0.0570,0.417,0.000,0
104.80,Akash,AUIT_Multi,CBA,0.620,1.778,1.124,13.3,353.6,0.886,1.778,1.454,0.516,1.778,1.650,World,CabinetD05,26.2,25.3,0.424,0.535,0,0,None,None,0,0,0,0,0.0460,0.0232,0.418,0.000,0
104.91,Akash,AUIT_Multi,CBA,0.619,1.779,1.125,13.0,353.2,0.885,1.778,1.461,0.510,1.778,1.650,World,CabinetD05,26.2,25.6,0.428,0.536,0,0,None,None,0,0,0,0,0.0557,0.0516,0.419,0.000,0
105.01,Akash,AUIT_Multi,CBA,0.618,1.778,1.124,13.3,353.4,0.883,1.778,1.461,0.509,1.778,1.650,World,CabinetD05,25.7,25.8,0.429,0.537,0,0,None,None,0,0,0,0,0.0147,0.0165,0.419,0.000,0
105.11,Akash,AUIT_Multi,CBA,0.616,1.778,1.124,12.8,353.7,0.883,1.778,1.461,0.508,1.778,1.650,World,CabinetD05,26.3,25.1,0.430,0.537,0,0,None,None,0,0,0,0,0.0055,0.0094,0.420,0.000,0
105.20,Akash,AUIT_Multi,CBA,0.614,1.777,1.124,11.6,353.9,0.883,1.778,1.470,0.500,1.778,1.650,World,CabinetD05,26.8,24.5,0.439,0.538,0,0,None,None,0,1,0,0,0.0959,0.0813,0.423,0.000,0
105.30,Akash,AUIT_Multi,CBA,0.611,1.777,1.124,10.1,354.4,0.880,1.777,1.486,0.486,1.777,1.650,World,CabinetD05,27.2,24.0,0.451,0.541,0,0,None,None,0,1,0,0,0.1579,0.1433,0.427,0.000,0
105.41,Akash,AUIT_Multi,CBA,0.606,1.776,1.125,7.3,355.0,0.876,1.776,1.513,0.463,1.776,1.651,World,CabinetD05,27.8,23.1,0.472,0.545,0,0,None,None,0,1,0,0,0.2469,0.2117,0.436,0.000,0
105.51,Akash,AUIT_Multi,CBA,0.603,1.775,1.126,5.2,355.5,0.860,1.776,1.530,0.436,1.776,1.652,World,CabinetD05,27.6,23.3,0.479,0.552,0,0,None,None,0,1,0,0,0.2383,0.2770,0.442,0.000,0
105.61,Akash,AUIT_Multi,CBA,0.600,1.774,1.127,5.1,355.4,0.841,1.775,1.530,0.416,1.775,1.652,World,CabinetD05,26.1,24.8,0.470,0.557,0,0,None,None,0,1,0,0,0.1995,0.2031,0.442,0.000,0
105.70,Akash,AUIT_Multi,CBA,0.597,1.773,1.127,4.6,355.9,0.834,1.774,1.530,0.410,1.774,1.652,World,CabinetD05,26.1,24.6,0.468,0.557,0,0,None,None,0,1,0,0,0.0715,0.0656,0.441,0.000,0
105.80,Akash,AUIT_Multi,CBA,0.593,1.773,1.126,2.9,356.3,0.822,1.773,1.530,0.397,1.773,1.652,World,CabinetD05,27.0,23.5,0.464,0.561,0,0,None,None,0,1,0,0,0.1192,0.1265,0.442,0.000,0
105.91,Akash,AUIT_Multi,CBA,0.590,1.773,1.126,1.6,356.1,0.802,1.773,1.529,0.375,1.773,1.653,World,Wall4m,26.5,24.1,0.456,0.570,0,0,None,None,0,1,0,0,0.1791,0.2052,0.446,0.000,0
106.01,Akash,AUIT_Multi,CBA,0.588,1.773,1.125,1.7,356.2,0.793,1.773,1.528,0.363,1.773,1.653,World,Wall4m,25.5,25.0,0.453,0.574,0,0,None,None,0,0,0,0,0.0970,0.1167,0.448,0.000,0
106.11,Akash,AUIT_Multi,CBA,0.588,1.772,1.125,1.9,356.2,0.792,1.773,1.528,0.362,1.773,1.653,World,Wall4m,25.2,25.3,0.452,0.575,0,0,None,None,0,0,0,0,0.0125,0.0180,0.448,0.000,0
106.20,Akash,AUIT_Multi,CBA,0.589,1.773,1.125,2.2,356.1,0.793,1.773,1.528,0.363,1.773,1.653,World,Wall4m,25.0,25.5,0.452,0.574,0,0,None,None,0,0,0,0,0.0139,0.0158,0.448,0.000,0
106.30,Akash,AUIT_Multi,CBA,0.590,1.772,1.125,2.5,356.1,0.796,1.773,1.528,0.367,1.773,1.653,World,Wall4m,24.9,25.7,0.453,0.573,0,0,None,None,1,0,0,0,0.0336,0.0411,0.447,0.000,0
106.41,Akash,AUIT_Multi,CBA,0.593,1.772,1.126,3.0,356.5,0.802,1.772,1.529,0.374,1.772,1.653,World,CabinetD05,24.6,25.8,0.454,0.570,0,0,None,None,1,0,0,0,0.0500,0.0620,0.446,0.000,0
106.51,Akash,AUIT_Multi,CBA,0.595,1.772,1.126,3.5,356.6,0.808,1.772,1.529,0.381,1.772,1.653,World,CabinetD05,24.6,25.8,0.456,0.568,0,0,None,None,1,0,0,0,0.0649,0.0759,0.444,0.000,0
106.61,Akash,AUIT_Multi,CBA,0.597,1.771,1.126,3.4,357.1,0.814,1.772,1.529,0.387,1.772,1.653,World,CabinetD05,25.0,25.2,0.458,0.567,0,0,None,None,0,0,0,0,0.0577,0.0633,0.444,0.000,0
106.70,Akash,AUIT_Multi,CBA,0.594,1.770,1.126,1.3,357.7,0.810,1.771,1.529,0.383,1.771,1.653,World,Wall4m,27.0,23.2,0.458,0.568,0,0,None,None,0,1,0,0,0.0395,0.0489,0.445,0.000,0
106.80,Akash,AUIT_Multi,CBA,0.587,1.769,1.124,356.2,359.4,0.785,1.770,1.528,0.351,1.770,1.654,World,CabinetD06,30.0,20.1,0.449,0.580,0,0,None,None,0,1,0,0,0.2622,0.3228,0.451,0.000,0
106.91,Akash,AUIT_Multi,CBA,0.572,1.765,1.119,345.1,2.7,0.716,1.768,1.524,0.255,1.768,1.650,World,CabinetD06,34.6,16.2,0.430,0.619,0,0,None,None,0,1,0,0,0.6155,0.8679,0.478,0.000,0
107.01,Akash,AUIT_Multi,CBA,0.556,1.764,1.111,333.4,3.4,0.629,1.766,1.524,0.211,1.766,1.529,World,CabinetD06,36.8,13.5,0.419,0.542,0,0,None,None,0,1,0,0,0.8969,1.3317,0.419,0.000,0
107.11,Akash,AUIT_Multi,CBA,0.541,1.761,1.101,323.6,5.7,0.536,1.764,1.519,0.208,1.764,1.383,World,CabinetD06Door,36.2,14.7,0.418,0.436,0,0,None,None,0,1,0,0,0.9666,1.5081,0.355,0.000,0
107.20,Akash,AUIT_Multi,CBA,0.530,1.759,1.092,316.7,7.7,0.452,1.761,1.517,-0.020,1.761,1.382,World,CabinetD06Door,33.9,20.4,0.432,0.622,0,0,None,None,0,1,0,0,0.8683,2.3618,0.491,0.000,0
107.30,Akash,AUIT_Multi,CBA,0.522,1.759,1.085,312.6,7.7,0.386,1.759,1.516,-0.489,1.759,1.478,World,CabinetD06Door,30.9,22.6,0.452,1.084,0,0,None,None,0,1,0,1,0.6772,4.9325,0.876,0.000,0
107.41,Akash,AUIT_Multi,CBA,0.517,1.760,1.080,310.0,7.2,0.339,1.759,1.516,-0.317,1.759,1.347,World,CabinetD06Door,28.7,23.3,0.471,0.876,0,0,None,None,0,1,0,1,0.4237,1.9396,0.678,0.000,0
107.51,Akash,AUIT_Multi,CBA,0.515,1.760,1.077,307.5,7.2,0.322,1.759,1.494,-0.225,1.759,1.276,World,CabinetD06Door,28.6,23.4,0.460,0.766,0,0,None,None,0,1,0,0,0.2903,1.2027,0.588,0.000,0
107.60,Akash,AUIT_Multi,CBA,0.514,1.760,1.074,305.7,6.9,0.313,1.760,1.462,-0.194,1.760,1.242,World,CabinetD06Door,27.8,23.3,0.437,0.728,0,0,None,None,0,1,0,0,0.3394,0.4681,0.553,0.000,0
107.70,Akash,AUIT_Multi,CBA,0.514,1.760,1.073,304.9,6.8,0.306,1.760,1.446,-0.081,1.760,1.250,World,CabinetD06Door,26.7,19.6,0.427,0.621,0,0,None,None,0,1,0,0,0.1809,1.1562,0.434,0.000,0
107.80,Akash,AUIT_Multi,CBA,0.515,1.760,1.073,304.5,6.9,0.302,1.760,1.441,0.030,1.760,1.258,World,CabinetD06Door,26.3,15.2,0.425,0.519,0,0,None,None,0,1,0,0,0.0712,1.1508,0.327,0.000,0
107.91,Akash,AUIT_Multi,CBA,0.515,1.760,1.073,303.9,6.7,0.300,1.760,1.435,-0.121,1.760,1.214,World,CabinetD06Door,26.2,22.4,0.421,0.652,0,0,None,None,0,1,0,0,0.0502,1.4172,0.476,0.000,0
108.01,Akash,AUIT_Multi,CBA,0.516,1.760,1.074,304.0,6.7,0.299,1.760,1.433,-0.199,1.760,1.191,World,CabinetD06Door,25.6,25.6,0.420,0.724,0,0,None,None,0,0,0,0,0.0240,0.8330,0.553,0.000,0
108.10,Akash,AUIT_Multi,CBA,0.516,1.760,1.076,304.9,6.6,0.298,1.760,1.440,-0.209,1.760,1.193,World,CabinetD06Door,24.9,26.5,0.425,0.735,0,0,None,None,1,0,0,0,0.0732,0.1047,0.564,0.000,0
108.20,Akash,AUIT_Multi,CBA,0.517,1.760,1.079,305.9,6.2,0.299,1.760,1.454,-0.210,1.760,1.206,World,CabinetD06Door,24.7,26.7,0.434,0.738,0,0,None,None,1,0,0,0,0.1450,0.1279,0.566,0.000,0
108.30,Akash,AUIT_Multi,CBA,0.518,1.760,1.082,306.9,6.2,0.302,1.760,1.469,-0.210,1.760,1.221,World,CabinetD06Door,24.6,26.8,0.443,0.741,0,0,None,None,1,0,0,0,0.1496,0.1549,0.569,0.000,0
108.41,Akash,AUIT_Multi,CBA,0.519,1.761,1.086,308.1,5.6,0.305,1.760,1.487,-0.210,1.760,1.240,World,CabinetD06Door,24.4,26.7,0.455,0.746,0,0,None,None,1,0,0,0,0.1672,0.1727,0.572,0.000,0
108.51,Akash,AUIT_Multi,CBA,0.520,1.762,1.089,309.2,4.6,0.308,1.761,1.503,-0.210,1.761,1.257,World,CabinetD06Door,24.1,26.6,0.466,0.750,0,0,None,None,1,0,0,0,0.1718,0.1746,0.574,0.000,0
108.60,Akash,AUIT_Multi,CBA,0.523,1.766,1.094,311.8,2.2,0.317,1.763,1.517,-0.214,1.763,1.280,World,CabinetD06Door,22.3,27.7,0.471,0.761,0,0,None,None,1,0,0,0,0.1673,0.2426,0.582,0.000,0
108.70,Akash,AUIT_Multi,CBA,0.530,1.767,1.102,318.3,0.8,0.353,1.766,1.518,-0.455,1.766,1.416,World,CabinetD06Door,18.6,30.6,0.452,1.035,0,0,None,None,1,0,0,0,0.3679,2.8450,0.814,0.000,0
108.80,Akash,AUIT_Multi,CBA,0.536,1.767,1.107,323.6,1.2,0.410,1.767,1.518,0.019,1.767,1.313,World,CabinetD06Door,19.4,31.9,0.430,0.557,0,0,None,None,1,0,0,0,0.5901,4.9841,0.442,0.000,0
108.91,Akash,AUIT_Multi,CBA,0.540,1.768,1.108,325.5,0.9,0.455,1.767,1.518,0.186,1.767,1.296,World,CabinetD06Door,22.9,27.5,0.419,0.400,0,0,None,None,1,0,0,0,0.4060,1.5137,0.349,0.000,0
109.01,Akash,AUIT_Multi,CBA,0.543,1.768,1.109,325.3,0.7,0.469,1.768,1.518,0.205,1.768,1.302,World,CabinetD06Door,24.4,25.5,0.416,0.389,0,0,None,None,1,0,0,0,0.1367,0.2009,0.341,0.000,0
109.11,Akash,AUIT_Multi,CBA,0.546,1.769,1.110,326.1,0.2,0.474,1.768,1.519,0.207,1.768,1.306,World,CabinetD06Door,24.0,26.0,0.415,0.391,0,0,None,None,1,0,0,0,0.0538,0.0466,0.341,0.000,0
109.20,Akash,AUIT_Multi,CBA,0.548,1.769,1.111,327.8,359.8,0.484,1.769,1.519,0.207,1.769,1.317,World,CabinetD06,23.3,26.7,0.412,0.398,0,0,None,None,1,0,0,0,0.1040,0.1111,0.343,0.000,0
109.30,Akash,AUIT_Multi,CBA,0.550,1.769,1.114,329.4,360.0,0.498,1.769,1.519,0.206,1.769,1.334,World,CabinetD06,23.3,26.7,0.409,0.408,0,0,None,None,1,0,0,0,0.1444,0.1738,0.346,0.000,0
109.41,Akash,AUIT_Multi,CBA,0.552,1.769,1.116,331.2,0.3,0.513,1.769,1.519,0.205,1.769,1.353,World,CabinetD06,23.2,26.8,0.405,0.420,0,0,None,None,1,0,0,0,0.1327,0.1761,0.349,0.000,0
109.51,Akash,AUIT_Multi,CBA,0.557,1.769,1.119,333.5,359.8,0.529,1.769,1.520,0.204,1.769,1.375,World,CabinetD06,22.5,27.5,0.402,0.436,0,0,None,None,1,0,0,0,0.1637,0.2270,0.355,0.000,0
109.61,Akash,AUIT_Multi,CBA,0.560,1.770,1.122,334.9,359.5,0.547,1.769,1.522,0.203,1.769,1.402,World,CabinetD06,23.3,26.7,0.401,0.454,0,0,None,None,1,0,0,0,0.1904,0.2767,0.364,0.000,0
109.70,Akash,AUIT_Multi,CBA,0.561,1.769,1.124,335.0,360.0,0.558,1.769,1.524,0.203,1.769,1.419,World,CabinetD06,24.6,25.5,0.400,0.464,0,0,None,None,1,0,0,0,0.1142,0.1728,0.370,0.000,0
109.80,Akash,AUIT_Multi,CBA,0.561,1.768,1.125,334.9,0.3,0.560,1.769,1.524,0.203,1.769,1.423,World,CabinetD06,25.0,25.1,0.400,0.466,0,0,None,None,1,0,0,0,0.0252,0.0430,0.371,0.000,0
109.91,Akash,AUIT_Multi,CBA,0.562,1.769,1.125,335.3,0.0,0.562,1.768,1.525,0.203,1.768,1.426,World,CabinetD06,24.7,25.3,0.400,0.468,0,0,None,None,1,0,0,0,0.0144,0.0251,0.372,0.000,0
110.01,Akash,AUIT_Multi,CBA,0.562,1.769,1.124,335.7,359.5,0.564,1.769,1.525,0.203,1.769,1.429,World,CabinetD06,24.6,25.4,0.401,0.471,0,0,None,None,1,0,0,0,0.0239,0.0351,0.374,0.000,0
110.10,Akash,AUIT_Multi,CBA,0.563,1.770,1.124,336.7,358.9,0.568,1.769,1.526,0.202,1.769,1.435,World,CabinetD06,24.1,25.9,0.402,0.476,0,0,None,None,1,0,0,0,0.0432,0.0634,0.377,0.000,0
110.20,Akash,AUIT_Multi,CBA,0.566,1.771,1.125,339.0,358.1,0.576,1.770,1.529,0.235,1.770,1.457,World,CabinetD06,22.6,23.9,0.404,0.469,0,0,None,None,1,1,0,0,0.0909,0.4016,0.349,0.000,0
110.31,Akash,AUIT_Multi,CBA,0.571,1.772,1.126,342.8,358.0,0.578,1.771,1.529,0.296,1.771,1.504,World,Quad,18.2,19.0,0.403,0.468,0,0,None,None,1,1,0,0,0.0149,0.6974,0.283,0.000,0
110.41,Akash,AUIT_Multi,CBA,0.575,1.771,1.127,345.3,358.3,0.578,1.771,1.529,0.333,1.771,1.554,World,Quad,15.2,14.9,0.402,0.491,0,0,None,None,1,1,0,0,0.0007,0.6389,0.246,0.000,0
110.51,Akash,AUIT_Multi,CBA,0.577,1.771,1.127,346.6,358.2,0.585,1.771,1.530,0.279,1.771,1.641,World,Quad,14.7,16.8,0.403,0.594,0,0,None,None,1,1,0,0,0.0737,1.0574,0.325,0.000,0
110.60,Akash,AUIT_Multi,CBA,0.579,1.771,1.127,347.5,358.2,0.601,1.771,1.527,0.271,1.771,1.655,World,Quad,15.8,17.9,0.400,0.610,0,0,None,None,1,1,0,0,0.1718,0.1614,0.354,0.000,0
110.70,Akash,AUIT_Multi,CBA,0.579,1.771,1.127,347.9,358.4,0.615,1.771,1.524,0.270,1.771,1.656,World,Quad,17.4,18.2,0.399,0.613,0,0,None,None,1,1,0,0,0.1482,0.0159,0.369,0.000,0
110.81,Akash,AUIT_Multi,CBA,0.578,1.771,1.125,347.4,358.4,0.619,1.771,1.524,0.268,1.771,1.656,World,CabinetD06,18.5,17.7,0.401,0.615,0,0,None,None,1,1,0,0,0.0352,0.0176,0.375,0.000,0
110.91,Akash,AUIT_Multi,CBA,0.575,1.771,1.122,345.7,358.1,0.619,1.771,1.523,0.252,1.771,1.657,World,CabinetD06,20.7,17.0,0.404,0.625,0,0,None,None,1,1,0,0,0.0056,0.1731,0.391,0.000,0
111.01,Akash,AUIT_Multi,CBA,0.571,1.772,1.118,342.3,358.0,0.619,1.771,1.523,0.211,1.771,1.623,World,CabinetD06,24.6,17.9,0.407,0.620,0,0,None,None,1,1,0,0,0.0098,0.5423,0.421,0.000,0
111.10,Akash,AUIT_Multi,CBA,0.565,1.772,1.114,338.1,358.0,0.611,1.772,1.523,0.203,1.772,1.524,World,CabinetD06,28.5,19.6,0.412,0.548,0,0,None,None,0,1,0,0,0.0796,1.0266,0.409,0.000,0
111.20,Akash,AUIT_Multi,CBA,0.559,1.772,1.109,333.3,357.7,0.581,1.772,1.524,0.204,1.772,1.447,World,CabinetD06,29.8,19.9,0.415,0.490,0,0,None,None,0,1,0,0,0.3165,0.8020,0.385,0.000,0
111.31,Akash,AUIT_Multi,CBA,0.553,1.773,1.103,328.4,357.4,0.537,1.772,1.518,0.206,1.772,1.376,World,CabinetD06,29.6,20.4,0.415,0.442,0,0,None,None,0,1,0,0,0.3927,0.6360,0.361,0.000,0
111.41,Akash,AUIT_Multi,CBA,0.549,1.773,1.099,325.5,357.3,0.504,1.773,1.516,0.207,1.773,1.330,World,CabinetD06Door,28.4,21.6,0.420,0.412,0,0,None,None,0,1,0,0,0.3487,0.4756,0.350,0.000,0
111.51,Akash,AUIT_Multi,CBA,0.546,1.773,1.096,324.0,357.3,0.479,1.773,1.516,0.206,1.773,1.301,World,CabinetD06Door,27.0,23.1,0.425,0.398,0,0,None,None,0,1,0,0,0.2532,0.2938,0.347,0.000,0
111.60,Akash,AUIT_Multi,CBA,0.545,1.773,1.095,323.7,357.3,0.466,1.773,1.515,0.200,1.773,1.289,World,CabinetD06Door,25.8,24.4,0.428,0.396,0,0,None,None,0,1,0,0,0.1349,0.1368,0.349,0.000,0
111.70,Akash,AUIT_Multi,CBA,0.545,1.773,1.095,324.0,357.4,0.462,1.773,1.515,0.198,1.773,1.286,World,CabinetD06Door,25.0,25.3,0.429,0.396,0,0,None,None,1,0,0,0,0.0364,0.0386,0.350,0.000,0
111.81,Akash,AUIT_Multi,CBA,0.546,1.772,1.095,324.6,357.5,0.465,1.773,1.515,0.200,1.773,1.288,World,CabinetD06Door,24.6,25.7,0.427,0.396,0,0,None,None,1,0,0,0,0.0241,0.0218,0.349,0.000,0
111.91,Akash,AUIT_Multi,CBA,0.548,1.772,1.097,325.6,357.5,0.471,1.772,1.515,0.203,1.772,1.292,World,CabinetD06Door,24.2,26.1,0.425,0.396,0,0,None,None,1,0,0,0,0.0588,0.0555,0.348,0.000,0
112.01,Akash,AUIT_Multi,CBA,0.549,1.772,1.098,326.4,357.6,0.479,1.772,1.515,0.206,1.772,1.299,World,CabinetD06Door,24.2,26.0,0.423,0.398,0,0,None,None,1,0,0,0,0.0844,0.0809,0.348,0.000,0
112.10,Akash,AUIT_Multi,CBA,0.550,1.772,1.098,326.5,357.6,0.485,1.772,1.515,0.207,1.772,1.306,World,CabinetD06,24.8,25.4,0.422,0.400,0,0,None,None,1,0,0,0,0.0649,0.0674,0.348,0.000,0
112.20,Akash,AUIT_Multi,CBA,0.550,1.772,1.099,326.2,357.5,0.487,1.772,1.516,0.207,1.772,1.308,World,CabinetD06Door,25.2,25.0,0.422,0.401,0,0,None,None,0,0,0,0,0.0163,0.0184,0.348,0.000,0
112.31,Akash,AUIT_Multi,CBA,0.549,1.772,1.098,324.9,357.3,0.484,1.772,1.516,0.207,1.772,1.304,World,CabinetD06Door,26.3,24.0,0.423,0.399,0,0,None,None,0,1,0,0,0.0302,0.0325,0.348,0.000,0
112.41,Akash,AUIT_Multi,CBA,0.544,1.773,1.094,320.3,356.9,0.467,1.773,1.516,0.198,1.773,1.291,World,CabinetD06Door,29.4,20.9,0.429,0.398,0,0,None,None,0,1,0,0,0.1731,0.1630,0.350,0.000,0
112.51,Akash,AUIT_Multi,CBA,0.541,1.773,1.090,316.1,356.6,0.428,1.773,1.516,-0.210,1.773,1.425,World,CabinetD06Door,29.3,22.3,0.440,0.821,0,0,None,None,0,1,0,1,0.3933,4.4154,0.644,0.000,0
112.60,Akash,AUIT_Multi,CBA,0.537,1.775,1.087,313.0,355.3,0.393,1.774,1.516,-0.524,1.774,1.492,World,CabinetD06Door,28.9,22.6,0.452,1.135,0,0,None,None,0,1,0,1,0.3613,3.3035,0.917,0.000,0
112.70,Akash,AUIT_Multi,CBA,0.534,1.776,1.083,308.8,354.2,0.357,1.775,1.517,-0.386,1.775,1.381,World,CabinetD06Door,29.6,21.6,0.468,0.966,0,0,None,None,0,1,0,1,0.3713,1.8187,0.755,0.000,0
112.81,Akash,AUIT_Multi,CBA,0.531,1.776,1.081,306.9,354.5,0.345,1.781,1.503,-0.125,1.785,1.383,World,CabinetD06Door,29.6,13.1,0.462,0.722,0,0,None,None,0,1,0,0,0.1711,2.3481,0.485,0.000,0
112.91,Akash,AUIT_Multi,CBA,0.529,1.776,1.080,306.2,354.5,0.335,1.785,1.495,0.101,1.793,1.386,World,CabinetD06Door,29.0,3.7,0.458,0.527,0,1,None,CabinetD06Door,0,1,0,0,0.1391,2.3073,0.258,0.000,0
113.01,Akash,AUIT_Multi,CBA,0.527,1.777,1.078,304.4,353.8,0.325,1.789,1.483,-0.089,1.783,1.272,World,CabinetD06Door,29.4,17.9,0.453,0.647,0,0,None,None,0,1,0,0,0.1619,2.2974,0.466,0.000,0
113.10,Akash,AUIT_Multi,CBA,0.526,1.777,1.077,303.1,353.6,0.316,1.794,1.473,-0.194,1.778,1.207,World,CabinetD06Door,29.1,23.7,0.449,0.732,0,0,None,None,0,1,0,0,0.1543,1.2704,0.575,0.000,0
113.20,Akash,AUIT_Multi,CBA,0.525,1.777,1.075,302.6,353.8,0.306,1.798,1.464,-0.208,1.777,1.183,World,CabinetD06Door,28.2,24.9,0.447,0.740,0,0,None,None,0,1,0,0,0.1419,0.2776,0.586,0.000,0
113.31,Akash,AUIT_Multi,CBA,0.524,1.776,1.074,302.1,354.1,0.295,1.803,1.455,-0.209,1.777,1.172,World,CabinetD06Door,26.8,25.2,0.445,0.739,0,0,None,None,0,0,0,0,0.1359,0.1014,0.578,0.000,0
113.41,Akash,AUIT_Multi,CBA,0.523,1.776,1.073,301.7,354.2,0.285,1.807,1.448,-0.209,1.776,1.166,World,CabinetD06Door,25.7,25.2,0.445,0.738,0,0,None,None,0,0,0,0,0.1352,0.0667,0.570,0.000,0
113.51,Akash,AUIT_Multi,CBA,0.523,1.776,1.072,301.3,354.1,0.275,1.812,1.439,-0.209,1.776,1.160,World,CabinetD06Door,24.7,25.1,0.445,0.737,0,0,None,None,1,0,0,0,0.1372,0.0577,0.560,0.000,0
113.60,Akash,AUIT_Multi,CBA,0.523,1.776,1.069,300.6,354.1,0.266,1.816,1.429,-0.209,1.776,1.159,World,Wall4m,23.7,24.3,0.444,0.738,0,0,None,None,1,1,0,0,0.1505,0.0126,0.548,0.000,0
113.70,Akash,AUIT_Multi,CBA,0.523,1.777,1.067,300.1,353.9,0.265,1.812,1.411,-0.209,1.776,1.159,World,Wall4m,23.0,23.7,0.431,0.738,0,0,None,None,1,1,0,0,0.1918,0.0012,0.539,0.000,0
113.81,Akash,AUIT_Multi,CBA,0.524,1.777,1.065,299.1,353.6,0.289,1.781,1.380,-0.209,1.777,1.148,World,Wall4m,24.8,23.5,0.393,0.738,0,0,None,None,1,1,0,0,0.4457,0.0945,0.549,0.000,0
113.91,Akash,AUIT_Multi,CBA,0.524,1.777,1.063,298.5,353.6,0.288,1.778,1.381,-0.209,1.777,1.126,World,Wall4m,25.6,24.5,0.395,0.736,0,0,None,None,0,1,0,0,0.0400,0.2310,0.559,0.000,0
114.01,Akash,AUIT_Multi,CBA,0.524,1.777,1.063,298.5,353.6,0.289,1.777,1.381,-0.209,1.777,1.113,World,Wall4m,25.6,25.4,0.396,0.735,0,0,None,None,0,0,0,0,0.0052,0.1349,0.565,0.000,0
114.10,Akash,AUIT_Multi,CBA,0.524,1.777,1.063,298.4,353.7,0.289,1.777,1.381,-0.209,1.777,1.110,World,Wall4m,25.7,25.5,0.395,0.735,0,0,None,None,0,0,0,0,0.0034,0.0290,0.566,0.000,0
114.20,Akash,AUIT_Multi,CBA,0.524,1.776,1.064,298.2,354.0,0.289,1.777,1.380,-0.209,1.777,1.107,World,Wall4m,25.8,25.5,0.395,0.734,0,0,None,None,0,0,0,0,0.0038,0.0260,0.568,0.000,0
114.31,Akash,AUIT_Multi,CBA,0.522,1.776,1.062,296.7,354.2,0.289,1.776,1.373,-0.209,1.776,1.099,World,Wall4m,26.9,24.5,0.389,0.732,0,0,None,None,0,1,0,0,0.0672,0.0726,0.568,0.000,0
114.41,Akash,AUIT_Multi,CBA,0.521,1.775,1.061,295.5,354.6,0.287,1.776,1.359,-0.209,1.776,1.082,World,Wall4m,26.8,24.5,0.378,0.730,0,0,None,None,0,1,0,0,0.1470,0.1731,0.568,0.000,0
114.51,Akash,AUIT_Multi,CBA,0.520,1.774,1.062,295.8,355.3,0.284,1.775,1.351,-0.209,1.775,1.071,World,Wall4m,25.4,25.5,0.373,0.729,0,0,None,None,0,0,0,0,0.0831,0.1189,0.567,0.000,0
114.60,Akash,AUIT_Multi,CBA,0.519,1.773,1.065,297.0,356.1,0.281,1.774,1.358,-0.209,1.774,1.077,World,Wall4m,24.3,26.3,0.377,0.728,0,0,None,None,1,0,0,0,0.0712,0.0591,0.565,0.000,0
114.70,Akash,AUIT_Multi,CBA,0.518,1.773,1.066,297.3,356.2,0.282,1.773,1.367,-0.209,1.773,1.089,World,Wall4m,24.8,25.7,0.382,0.727,0,0,None,None,1,0,0,0,0.0963,0.1330,0.564,0.000,0
114.81,Akash,AUIT_Multi,CBA,0.516,1.773,1.067,296.4,356.2,0.284,1.773,1.366,-0.209,1.773,1.093,World,Wall4m,26.1,24.6,0.379,0.725,0,0,None,None,0,1,0,0,0.0179,0.0309,0.564,0.000,0
114.91,Akash,AUIT_Multi,CBA,0.513,1.775,1.063,293.1,354.9,0.284,1.773,1.354,-0.209,1.773,1.080,World,Wall4m,29.1,22.4,0.370,0.722,0,0,None,None,0,1,0,0,0.1312,0.1330,0.564,0.000,0
115.01,Akash,AUIT_Multi,CBA,0.510,1.778,1.053,283.7,351.8,0.282,1.775,1.302,-0.210,1.775,1.011,World,Wall4m,34.8,18.9,0.338,0.721,0,0,None,None,0,1,0,0,0.5283,0.7072,0.571,0.000,0
115.10,Akash,AUIT_Multi,CBA,0.508,1.779,1.046,277.6,350.5,0.260,1.778,1.249,-0.211,1.778,0.900,World,Wall4m,33.0,21.2,0.321,0.734,0,0,None,None,0,1,0,0,0.5892,1.1387,0.586,0.000,0
115.20,Akash,AUIT_Multi,CBA,0.507,1.779,1.043,276.0,350.4,0.241,1.779,1.220,-0.212,1.779,0.826,World,Wall4m,29.2,24.6,0.319,0.751,0,0,None,None,0,1,0,0,0.3590,0.7639,0.600,0.000,0
115.31,Akash,AUIT_Multi,CBA,0.504,1.779,1.040,274.2,350.0,0.231,1.779,1.206,-0.161,1.783,0.851,World,Wall4m,28.7,22.2,0.320,0.691,0,0,None,None,0,1,0,0,0.1563,0.5202,0.528,0.000,0
115.41,Akash,AUIT_Multi,CBA,0.502,1.779,1.038,272.9,350.3,0.219,1.779,1.198,-0.089,1.788,0.919,World,Wall4m,28.2,16.7,0.325,0.603,0,0,None,None,0,1,0,0,0.1424,1.0078,0.416,0.000,0
115.51,Akash,AUIT_Multi,CBA,0.499,1.778,1.037,272.4,350.6,0.210,1.779,1.193,-0.003,1.794,0.995,World,Wall4m,27.4,10.5,0.329,0.504,0,0,None,None,0,1,0,0,0.1117,1.1916,0.291,0.000,0
115.60,Akash,AUIT_Multi,CBA,0.498,1.781,1.035,271.5,349.8,0.205,1.779,1.190,-0.263,1.782,0.749,World,Wall4m,28.1,24.2,0.332,0.814,0,0,None,None,0,1,0,1,0.0614,3.6838,0.643,0.000,0
115.70,Akash,AUIT_Multi,CBA,0.498,1.782,1.032,269.6,348.8,0.188,1.781,1.187,-0.311,1.781,0.680,World,Wall4m,29.1,25.6,0.347,0.882,0,0,None,None,0,0,0,0,0.1737,0.8669,0.711,0.000,0
115.81,Akash,AUIT_Multi,CBA,0.497,1.780,1.030,269.4,350.1,0.173,1.782,1.181,-0.317,1.782,0.647,World,Wall4m,27.2,26.4,0.357,0.899,0,0,None,None,0,0,0,0,0.1464,0.2962,0.724,0.000,0
115.91,Akash,AUIT_Multi,CBA,0.495,1.779,1.030,270.0,351.4,0.173,1.780,1.178,-0.317,1.780,0.644,World,Wall4m,25.9,26.7,0.354,0.899,0,0,None,None,0,0,0,0,0.0325,0.0339,0.725,0.000,0
116.01,Akash,AUIT_Multi,CBA,0.493,1.776,1.036,272.7,353.5,0.185,1.778,1.179,-0.316,1.778,0.661,World,Wall4m,22.9,28.2,0.339,0.892,0,0,None,None,1,0,0,0,0.1195,0.1721,0.720,0.000,0
116.10,Akash,AUIT_Multi,CBA,0.492,1.770,1.053,281.0,357.3,0.217,1.775,1.190,-0.252,1.775,0.749,World,Quad,15.5,33.3,0.307,0.804,0,0,None,None,1,0,0,0,0.3570,1.1202,0.644,0.000,0
116.20,Akash,AUIT_Multi,CBA,0.500,1.759,1.084,299.5,5.5,0.257,1.768,1.253,-0.215,1.768,0.919,World,Quad,8.9,42.9,0.296,0.735,0,0,None,None,1,0,0,0,0.7685,1.7901,0.579,0.000,0
116.31,Akash,AUIT_Multi,CBA,0.530,1.745,1.126,328.1,13.1,0.308,1.756,1.484,-0.141,1.761,1.171,World,CabinetD06,14.6,55.8,0.422,0.673,0,0,None,None,1,0,0,0,2.1331,2.3615,0.548,0.000,0
116.41,Akash,AUIT_Multi,CBA,0.569,1.735,1.147,351.7,18.9,0.503,1.744,1.528,-0.015,1.760,1.342,World,CabinetD06,20.3,65.6,0.387,0.615,0,0,None,None,1,0,0,0,2.0631,2.1919,0.550,0.000,0
116.51,Akash,AUIT_Multi,CBA,0.600,1.733,1.154,7.7,20.3,0.698,1.736,1.534,0.106,1.761,1.490,World,CabinetD05,21.8,66.2,0.392,0.598,0,0,None,None,1,0,0,0,2.0088,1.9680,0.594,0.000,0
116.60,Akash,AUIT_Multi,CBA,0.619,1.735,1.155,14.6,19.5,0.831,1.734,1.515,0.395,1.740,1.618,World,CabinetD05,24.8,44.3,0.418,0.515,0,0,None,None,1,0,0,0,1.3790,3.2570,0.448,0.000,0
116.70,Akash,AUIT_Multi,CBA,0.629,1.736,1.155,18.7,19.0,0.871,1.735,1.461,0.520,1.736,1.649,World,CabinetD05,26.9,36.0,0.390,0.506,0,0,None,None,0,0,0,0,0.6896,1.3235,0.398,0.000,0
116.81,Akash,AUIT_Multi,CBA,0.634,1.734,1.153,20.7,20.1,0.890,1.735,1.424,0.579,1.728,1.729,World,CabinetD05,30.2,32.2,0.372,0.578,0,0,None,None,0,0,0,0,0.3803,0.8951,0.436,0.000,0
116.91,Akash,AUIT_Multi,CBA,0.634,1.733,1.154,20.5,20.2,0.899,1.734,1.422,0.641,1.704,1.739,World,CabinetD05,31.1,26.0,0.377,0.586,0,0,None,None,0,0,0,0,0.0969,0.6987,0.410,0.000,0
117.01,Akash,AUIT_Multi,CBA,0.637,1.732,1.156,21.6,20.4,0.901,1.733,1.423,0.708,1.680,1.695,World,CabinetD05,30.4,20.3,0.376,0.546,0,0,None,None,0,1,0,0,0.0259,0.8584,0.337,0.000,0
117.10,Akash,AUIT_Multi,CBA,0.643,1.730,1.159,23.1,21.1,0.902,1.732,1.424,0.670,1.712,1.664,World,CabinetD05,29.8,27.3,0.370,0.505,0,0,None,None,0,0,0,0,0.0160,0.6030,0.334,0.000,0
117.20,Akash,AUIT_Multi,CBA,0.651,1.728,1.167,23.1,21.6,0.903,1.730,1.422,0.661,1.727,1.653,World,CabinetD05,30.3,30.4,0.359,0.487,0,0,None,None,0,0,0,0,0.0308,0.2087,0.335,0.000,0
117.31,Akash,AUIT_Multi,CBA,0.658,1.725,1.174,22.3,23.1,0.906,1.725,1.428,0.665,1.722,1.644,World,CabinetD05,31.6,30.9,0.354,0.470,0,0,None,None,0,0,0,0,0.0714,0.1004,0.324,0.000,0
117.41,Akash,AUIT_Multi,CBA,0.662,1.724,1.180,21.3,23.7,0.908,1.711,1.462,0.703,1.689,1.607,World,CabinetD05,29.1,24.3,0.374,0.430,0,0,None,None,0,1,0,0,0.3833,0.6477,0.252,0.000,0
117.51,Akash,AUIT_Multi,CBA,0.662,1.724,1.187,19.5,23.6,0.909,1.698,1.496,0.738,1.657,1.571,World,CabinetD05,27.1,16.0,0.396,0.397,0,0,None,None,0,1,0,0,0.3744,0.6099,0.191,0.000,0
117.60,Akash,AUIT_Multi,CBA,0.662,1.722,1.193,17.2,24.3,0.910,1.684,1.529,0.689,1.698,1.623,World,CabinetD05,26.5,24.8,0.419,0.431,0,0,None,None,0,1,0,0,0.3697,0.8410,0.240,0.000,0
117.70,Akash,AUIT_Multi,CBA,0.658,1.722,1.199,13.0,24.5,0.911,1.670,1.562,0.631,1.719,1.789,World,CabinetD05,27.5,28.6,0.445,0.590,0,0,None,None,0,0,0,0,0.3660,1.8220,0.363,0.000,0
117.81,Akash,AUIT_Multi,CBA,0.650,1.722,1.201,4.6,24.9,0.911,1.655,1.600,0.556,1.722,1.710,World,CabinetD05,32.0,28.8,0.481,0.517,0,0,None,None,0,0,0,0,0.3693,0.9805,0.378,0.000,0
117.91,Akash,AUIT_Multi,CBA,0.640,1.723,1.200,355.0,24.6,0.901,1.641,1.628,0.469,1.722,1.664,World,Wall4m,37.9,28.6,0.507,0.494,0,0,None,None,0,0,0,0,0.3355,1.0066,0.441,0.000,0
118.01,Akash,AUIT_Multi,CBA,0.624,1.727,1.196,342.5,24.4,0.889,1.628,1.656,0.347,1.724,1.663,World,CabinetD06,47.1,27.3,0.540,0.542,0,0,None,None,0,0,0,0,0.3397,1.2601,0.551,0.000,0
118.10,Akash,AUIT_Multi,CBA,0.603,1.730,1.187,328.8,23.7,0.876,1.615,1.684,0.234,1.727,1.595,World,Wall4m,58.2,25.7,0.579,0.550,0,0,None,None,0,0,0,0,0.3454,1.3534,0.658,0.000,0
118.20,Akash,AUIT_Multi,CBA,0.580,1.728,1.163,315.0,23.8,0.863,1.601,1.710,0.216,1.729,1.433,World,Wall4m,69.3,25.2,0.629,0.454,0,0,None,None,0,0,0,0,0.3374,1.6731,0.715,1.000,0
118.31,Akash,AUIT_Multi,CBA,0.558,1.728,1.114,300.2,24.1,0.768,1.612,1.680,-0.176,1.728,1.356,World,CabinetD06Door,76.7,26.7,0.616,0.773,0,0,None,None,0,0,0,0,0.9038,3.6065,1.005,0.875,0
118.41,Akash,AUIT_Multi,CBA,0.545,1.732,1.059,288.0,22.4,0.422,1.709,1.410,-0.010,1.689,1.314,World,Wall4m,54.3,19.5,0.372,0.612,0,0,None,None,0,1,0,0,4.6273,1.8105,0.443,0.000,0
118.51,Akash,AUIT_Multi,CBA,0.539,1.733,1.003,278.7,20.8,0.310,1.729,1.280,0.131,1.651,1.277,World,Refrigerator03_Door01,45.4,26.8,0.360,0.498,0,0,None,None,0,0,0,0,1.7720,1.5400,0.195,1.000,0
118.60,Akash,AUIT_Multi,CBA,0.535,1.736,0.944,271.2,19.6,0.204,1.733,1.211,-0.113,1.693,0.906,World,Refrigerator03_Door01,41.5,16.3,0.425,0.650,0,0,None,None,0,1,0,0,1.2990,4.5919,0.442,0.000,0
118.70,Akash,AUIT_Multi,CBA,0.529,1.740,0.885,263.5,17.9,-0.010,1.736,1.190,-0.291,1.730,0.571,World,Refrigerator03_Door01,39.5,22.4,0.620,0.879,0,0,None,None,0,1,0,1,2.2134,3.9232,0.680,0.000,0
118.81,Akash,AUIT_Multi,CBA,0.519,1.743,0.825,254.0,16.3,-0.035,1.740,1.036,-0.320,1.740,0.300,World,Refrigerator03,39.7,22.5,0.593,0.990,0,0,None,None,0,1,0,1,1.4011,2.4505,0.789,0.000,0
118.91,Akash,AUIT_Multi,CBA,0.504,1.744,0.784,249.0,15.8,-0.035,1.743,0.908,-0.242,1.728,0.355,World,Refrigerator03,37.0,17.1,0.553,0.860,0,0,None,None,0,1,0,1,1.3171,0.9905,0.590,0.000,0
119.01,Akash,AUIT_Multi,CBA,0.487,1.742,0.754,246.3,16.2,-0.038,1.743,0.821,-0.134,1.715,0.478,World,Refrigerator03,34.6,13.9,0.530,0.681,0,0,None,None,0,1,0,0,0.8944,1.6862,0.357,0.000,0
119.10,Akash,AUIT_Multi,CBA,0.471,1.744,0.737,243.9,16.4,-0.043,1.743,0.765,-0.175,1.724,0.208,World,Refrigerator03,33.0,19.8,0.515,0.836,0,0,None,None,0,1,0,1,0.5786,2.8072,0.572,0.000,0
119.20,Akash,AUIT_Multi,CBA,0.454,1.742,0.733,241.7,16.4,-0.052,1.743,0.726,-0.259,1.740,-0.142,World,Refrigerator03,31.7,27.6,0.506,1.128,0,0,None,None,0,0,0,0,0.4091,3.7042,0.892,0.000,0
119.31,Akash,AUIT_Multi,CBA,0.434,1.742,0.739,241.5,17.0,-0.060,1.741,0.706,-0.264,1.741,-0.218,World,Refrigerator03,29.7,30.2,0.495,1.184,0,0,None,None,0,0,0,0,0.1947,0.6841,0.946,0.000,0
119.41,Akash,AUIT_Multi,CBA,0.418,1.745,0.743,242.4,15.5,-0.052,1.737,0.687,-0.180,1.714,0.042,World,Refrigerator03,25.2,25.5,0.474,0.922,0,0,None,None,0,0,0,0,0.2164,2.8247,0.658,0.000,0
119.51,Akash,AUIT_Multi,CBA,0.404,1.743,0.745,242.6,16.0,-0.047,1.732,0.661,-0.107,1.682,0.315,World,Refrigerator03,22.1,16.4,0.459,0.671,0,0,None,None,1,1,0,0,0.2826,2.9154,0.355,0.000,0
119.60,Akash,AUIT_Multi,CBA,0.391,1.742,0.745,241.6,16.3,-0.045,1.726,0.635,-0.144,1.687,0.361,World,Refrigerator03,20.0,13.5,0.450,0.661,0,0,None,None,1,1,0,0,0.2749,0.6119,0.294,0.000,0
119.70,Akash,AUIT_Multi,CBA,0.379,1.740,0.745,241.6,17.1,-0.036,1.720,0.615,-0.304,1.732,0.109,World,Refrigerator03,18.0,21.9,0.435,0.933,0,0,None,None,1,1,0,1,0.2364,3.1006,0.572,0.000,0
119.81,Akash,AUIT_Multi,CBA,0.368,1.736,0.740,242.3,17.9,-0.023,1.713,0.594,-0.327,1.738,0.080,World,Refrigerator03,16.4,23.8,0.418,0.959,0,0,None,None,1,1,0,1,0.2255,0.3412,0.598,0.000,0
119.91,Akash,AUIT_Multi,CBA,0.363,1.736,0.726,241.9,18.8,-0.012,1.708,0.572,-0.329,1.736,0.078,World,Refrigerator03,15.7,23.9,0.406,0.947,0,0,None,None,1,1,0,1,0.2610,0.0306,0.587,0.000,0
120.01,Akash,AUIT_Multi,CBA,0.357,1.734,0.710,242.5,18.2,-0.003,1.702,0.550,-0.329,1.736,0.077,World,Refrigerator03,14.0,23.7,0.395,0.934,0,0,None,None,1,1,0,1,0.2544,0.0142,0.576,0.879,0
120.10,Akash,AUIT_Multi,CBA,0.359,1.736,0.693,244.8,20.0,0.010,1.697,0.534,-0.329,1.735,0.077,World,Refrigerator03,14.2,25.7,0.386,0.923,0,0,None,None,1,0,0,0,0.2169,0.0127,0.570,0.992,0
120.20,Akash,AUIT_Multi,CBA,0.358,1.740,0.677,246.6,17.0,0.021,1.692,0.516,-0.329,1.737,0.077,World,Quad,9.9,24.3,0.377,0.912,0,0,None,None,1,1,0,1,0.2235,0.0290,0.563,0.874,0
120.30,Akash,AUIT_Multi,CBA,0.357,1.736,0.663,247.6,19.4,0.032,1.686,0.498,-0.328,1.739,0.077,World,Refrigerator03,12.3,26.4,0.367,0.901,0,0,None,None,1,0,0,0,0.2258,0.0137,0.556,1.000,0
120.41,Akash,AUIT_Multi,CBA,0.359,1.734,0.645,243.8,20.3,-0.149,1.726,0.576,-0.328,1.736,0.075,World,Refrigerator03,26.4,24.3,0.512,0.893,0,0,None,None,0,1,0,1,1.8025,0.0319,0.533,0.000,0
120.51,Akash,AUIT_Multi,CBA,0.367,1.731,0.633,234.1,22.4,-0.156,1.732,0.575,-0.280,1.734,-0.093,World,Refrigerator03,36.6,25.6,0.526,0.973,0,0,None,None,0,0,0,0,0.1002,1.8095,0.680,0.000,0
120.60,Akash,AUIT_Multi,CBA,0.383,1.728,0.625,220.0,23.5,-0.153,1.730,0.502,-0.153,1.731,-0.387,World,Refrigerator03_Door02,43.1,26.4,0.550,1.146,0,0,None,None,0,0,0,0,0.7515,3.2852,0.889,0.000,0
120.70,Akash,AUIT_Multi,CBA,0.408,1.724,0.621,203.7,24.6,-0.154,1.727,0.339,0.123,1.727,-0.526,World,MixingBowl,45.7,26.5,0.629,1.182,0,0,None,None,0,0,0,0,1.6744,3.1878,0.909,0.000,0
120.80,Akash,AUIT_Multi,CBA,0.438,1.724,0.621,185.8,24.6,-0.115,1.724,0.104,0.485,1.724,-0.558,World,MixingBowl,46.8,25.9,0.757,1.180,0,0,None,None,0,0,0,0,2.4610,3.7326,0.893,0.000,0
120.91,Akash,AUIT_Multi,CBA,0.476,1.719,0.627,167.8,25.7,-0.010,1.722,-0.346,0.693,1.700,-0.353,World,MixingBowl,45.4,24.6,1.088,1.004,0,0,None,None,0,1,0,1,4.1486,2.6400,0.704,0.000,0
121.01,Akash,AUIT_Multi,CBA,0.509,1.721,0.639,156.2,25.7,0.249,1.720,-0.439,0.680,1.662,-0.059,World,Outdoor_Plant,44.2,23.1,1.109,0.720,0,0,None,None,0,1,0,0,2.8371,3.0593,0.578,0.000,0
121.10,Akash,AUIT_Multi,CBA,0.541,1.723,0.652,146.2,24.6,0.493,1.721,-0.339,0.812,1.645,0.158,World,Wine_Bottle_Tub,43.0,17.5,0.993,0.569,0,0,None,None,0,1,0,0,2.7123,2.6210,0.596,0.000,0
121.20,Akash,AUIT_Multi,CBA,0.572,1.724,0.668,137.3,24.0,0.716,1.723,-0.371,1.466,1.710,0.101,World,Wine_Bottle_Tub,41.4,27.3,1.048,1.059,0,0,None,None,0,0,0,0,2.3153,6.7843,0.886,0.000,0
121.31,Akash,AUIT_Multi,CBA,0.611,1.728,0.689,126.5,22.4,0.943,1.725,-0.326,1.692,1.724,0.268,World,Wall4m,40.9,26.7,1.068,1.161,0,0,None,None,0,0,0,0,2.0960,2.5485,0.956,0.000,0
121.41,Akash,AUIT_Multi,CBA,0.645,1.730,0.712,113.0,19.1,1.159,1.729,-0.251,1.648,1.711,0.423,World,Wall4m,42.6,19.3,1.091,1.043,0,0,None,None,0,1,0,1,2.3673,1.6785,0.833,0.000,0
121.51,Akash,AUIT_Multi,CBA,0.670,1.731,0.737,96.4,20.0,1.453,1.730,-0.099,1.416,1.676,0.532,World,Wall4m,44.4,18.2,1.145,0.775,0,0,None,None,0,1,0,0,3.4036,2.6598,0.634,0.000,0
121.60,Akash,AUIT_Multi,CBA,0.690,1.732,0.760,81.4,20.9,1.492,1.731,0.240,1.169,1.642,0.633,World,Wall4m,45.6,24.8,0.956,0.504,0,0,None,None,0,1,0,0,3.5097,2.7674,0.517,1.000,0
121.70,Akash,AUIT_Multi,CBA,0.699,1.730,0.777,66.9,22.4,1.547,1.731,0.519,1.356,1.708,1.181,World,Wall4m,45.0,22.3,0.886,0.771,0,0,None,None,0,1,0,0,2.9178,5.9756,0.690,0.000,0
121.81,Akash,AUIT_Multi,CBA,0.697,1.723,0.783,52.1,24.6,1.610,1.728,0.803,1.109,1.725,1.264,World,KitchenOven07,43.4,27.2,0.913,0.633,0,0,None,None,0,0,0,0,2.6198,2.3533,0.681,0.000,0
121.91,Akash,AUIT_Multi,CBA,0.690,1.719,0.779,40.0,26.5,1.550,1.723,0.987,1.039,1.702,1.380,World,KitchenOven07,44.0,26.8,0.885,0.695,0,0,None,None,0,0,0,0,1.9933,1.4109,0.645,0.000,0
122.01,Akash,AUIT_Multi,CBA,0.685,1.711,0.770,31.4,29.4,1.308,1.717,1.055,1.052,1.631,1.360,World,CabinetDCorner01,44.1,22.8,0.685,0.700,0,0,None,None,0,1,0,0,2.5878,0.7679,0.407,0.000,0
122.10,Akash,AUIT_Multi,CBA,0.679,1.704,0.760,25.6,31.7,1.162,1.710,1.082,1.071,1.560,1.339,World,CabinetDCorner01,43.4,21.6,0.581,0.715,0,0,None,None,0,1,0,0,1.5330,0.7809,0.311,0.000,0
122.20,Akash,AUIT_Multi,CBA,0.677,1.701,0.748,23.1,32.3,1.105,1.704,1.106,0.769,1.664,1.565,World,CabinetDCorner01,41.3,33.6,0.558,0.824,0,0,None,None,0,0,0,0,0.6296,4.0142,0.571,0.000,0
122.31,Akash,AUIT_Multi,CBA,0.685,1.701,0.733,26.0,32.6,1.133,1.701,1.139,0.679,1.697,1.629,World,CabinetDCorner01,38.6,40.8,0.605,0.896,0,0,None,None,0,0,0,0,0.3908,1.0357,0.668,0.000,0
122.41,Akash,AUIT_Multi,CBA,0.700,1.700,0.725,27.8,32.1,1.231,1.699,1.179,0.712,1.692,1.601,World,CabinetDCorner01,38.0,40.6,0.698,0.877,0,0,None,None,0,0,0,0,1.0824,0.4418,0.669,0.000,0
122.51,Akash,AUIT_Multi,CBA,0.727,1.697,0.722,29.2,31.9,1.203,1.685,1.167,0.771,1.643,1.400,World,CabinetDCorner01,35.0,36.3,0.652,0.682,0,0,None,None,0,0,0,0,0.3394,2.2149,0.493,0.000,0
122.60,Akash,AUIT_Multi,CBA,0.770,1.692,0.722,31.8,31.5,1.182,1.671,1.157,0.840,1.594,1.201,World,CabinetDCorner01,31.4,29.5,0.599,0.494,0,0,None,None,0,0,0,0,0.2782,2.2235,0.353,0.000,0
122.70,Akash,AUIT_Multi,CBA,0.823,1.685,0.727,34.9,31.2,1.178,1.656,1.147,0.925,1.654,1.485,World,CabinetDCorner01,28.6,38.6,0.550,0.765,0,0,None,None,0,0,0,0,0.1902,3.0998,0.422,0.000,0
122.81,Akash,AUIT_Multi,CBA,0.886,1.684,0.738,39.4,29.7,1.185,1.640,1.137,0.990,1.681,1.484,World,KitchenOven07,24.8,42.0,0.501,0.753,0,0,None,None,1,0,0,0,0.1806,0.6372,0.400,0.000,0
122.91,Akash,AUIT_Multi,CBA,0.937,1.694,0.748,41.6,29.0,1.167,1.628,1.120,1.030,1.686,1.286,World,KitchenOven07,22.5,41.4,0.443,0.546,0,0,None,None,1,0,0,0,0.2868,2.0724,0.223,0.000,0
123.01,Akash,AUIT_Multi,CBA,0.985,1.703,0.755,41.0,30.5,1.141,1.616,1.108,1.102,1.637,1.220,World,KitchenOven07,23.9,33.9,0.395,0.484,0,0,None,None,1,0,0,0,0.3257,1.1279,0.120,1.000,0
123.10,Akash,AUIT_Multi,CBA,1.039,1.710,0.763,39.1,28.0,0.976,1.604,1.081,1.301,1.589,1.157,World,KitchenOven07,47.0,14.7,0.341,0.489,0,0,None,None,0,1,0,0,1.7197,2.1982,0.334,0.000,0
123.20,Akash,AUIT_Multi,CBA,1.096,1.704,0.771,35.4,27.4,0.924,1.590,1.068,1.807,1.649,1.240,World,KitchenOven07,60.4,31.1,0.361,0.854,0,0,None,None,0,0,0,0,0.5703,5.3073,0.902,0.000,0
123.31,Akash,AUIT_Multi,CBA,1.159,1.697,0.775,31.4,27.2,0.889,1.574,1.056,2.105,1.695,1.377,World,KitchenOven07,69.2,36.9,0.409,1.121,0,0,None,None,0,0,0,0,0.3566,2.9740,1.263,1.000,0
123.41,Akash,AUIT_Multi,CBA,1.210,1.694,0.783,30.0,28.1,0.992,1.608,1.099,2.160,1.696,1.436,World,KitchenOven07,61.8,37.3,0.394,1.153,0,0,None,None,0,0,0,0,1.1996,0.8365,1.219,0.000,0
123.51,Akash,AUIT_Multi,CBA,1.255,1.702,0.799,27.9,30.7,1.064,1.621,1.118,1.925,1.649,1.348,World,KitchenOven07,57.1,34.7,0.380,0.868,0,0,None,None,0,0,0,0,0.7736,2.6270,0.892,0.000,0
123.60,Akash,AUIT_Multi,CBA,1.297,1.704,0.821,26.2,30.7,1.101,1.620,1.117,1.656,1.597,1.245,World,KitchenOven07,57.4,23.7,0.365,0.565,0,0,None,None,0,1,0,0,0.3788,3.0130,0.570,0.000,0
123.70,Akash,AUIT_Multi,CBA,1.333,1.692,0.849,25.3,30.4,1.138,1.617,1.118,1.696,1.628,1.255,World,KitchenOven07,58.8,28.3,0.341,0.548,0,0,None,None,0,0,0,0,0.3897,0.5296,0.574,0.000,0
123.81,Akash,AUIT_Multi,CBA,1.363,1.675,0.884,26.1,29.4,1.181,1.612,1.119,1.916,1.679,1.340,World,KitchenOven07,61.4,37.8,0.304,0.717,0,0,None,None,0,0,0,0,0.3856,2.1727,0.770,0.000,0
123.91,Akash,AUIT_Multi,CBA,1.395,1.654,0.913,23.6,30.4,1.217,1.607,1.120,1.924,1.670,1.347,World,KitchenOven07,62.9,41.0,0.277,0.685,0,0,None,None,0,0,0,0,0.3687,0.1404,0.746,0.000,0
124.01,Akash,AUIT_Multi,CBA,1.436,1.630,0.942,18.7,30.6,1.250,1.601,1.120,1.826,1.617,1.343,World,KitchenOven07,65.1,37.9,0.259,0.560,0,0,None,None,0,0,0,0,0.3498,1.1548,0.618,0.000,0
124.10,Akash,AUIT_Multi,CBA,1.479,1.598,0.967,15.9,29.2,1.287,1.595,1.120,1.713,1.550,1.339,World,KitchenOven07,70.0,27.6,0.245,0.442,0,0,None,None,0,0,0,0,0.3791,1.3400,0.482,1.000,0
124.20,Akash,AUIT_Multi,CBA,1.517,1.552,0.984,14.2,29.3,1.324,1.586,1.118,1.692,1.524,1.340,World,KitchenOven07,76.5,27.7,0.238,0.398,0,0,None,None,0,0,0,0,0.3941,0.3497,0.435,1.000,0
124.31,Akash,AUIT_Multi,CBA,1.550,1.512,1.000,13.3,28.9,1.366,1.576,1.117,1.803,1.534,1.346,World,KitchenOven07,82.0,38.6,0.227,0.429,0,0,None,None,0,0,0,0,0.3876,0.9824,0.494,1.000,0
124.41,Akash,AUIT_Multi,CBA,1.571,1.487,1.018,10.8,26.7,1.401,1.570,1.117,1.817,1.509,1.346,World,KitchenOven07,84.5,39.0,0.213,0.410,0,0,None,None,0,0,0,0,0.3715,0.3010,0.479,1.000,0
124.51,Akash,AUIT_Multi,CBA,1.587,1.465,1.037,9.1,24.3,1.460,1.522,1.204,1.787,1.469,1.370,World,KitchenOven07,60.3,32.7,0.218,0.387,0,0,None,None,0,0,0,0,1.1537,0.5591,0.370,0.000,0
124.61,Akash,AUIT_Multi,CBA,1.596,1.435,1.055,8.1,23.5,1.477,1.505,1.224,1.744,1.420,1.409,World,KitchenOven07,59.9,25.6,0.218,0.384,0,0,None,None,0,0,0,0,0.3211,0.7786,0.336,0.000,0
124.70,Akash,AUIT_Multi,CBA,1.602,1.401,1.072,6.6,23.7,1.495,1.485,1.245,1.721,1.385,1.423,World,KitchenOven07,59.5,24.3,0.220,0.370,0,0,None,None,0,1,0,0,0.3643,0.4741,0.304,0.000,0
124.80,Akash,AUIT_Multi,CBA,1.606,1.369,1.085,5.5,23.5,1.513,1.463,1.268,1.842,1.389,1.498,World,KitchenOven07,57.6,35.0,0.226,0.476,0,0,None,None,0,0,0,0,0.3809,1.4687,0.408,0.000,0
124.91,Akash,AUIT_Multi,CBA,1.610,1.338,1.093,5.0,22.6,1.531,1.444,1.293,2.151,1.361,2.020,World,KitchenOven07,55.3,34.3,0.240,1.073,0,0,None,None,0,0,0,0,0.3200,5.4596,0.959,0.000,0
125.01,Akash,AUIT_Multi,CBA,1.614,1.312,1.096,5.2,19.8,1.547,1.425,1.317,2.204,1.335,2.118,World,KitchenOven07,50.7,32.1,0.258,1.180,0,0,None,None,0,0,0,0,0.3598,1.1765,1.039,0.000,0
125.10,Akash,AUIT_Multi,CBA,1.618,1.278,1.100,5.6,17.7,1.546,1.408,1.394,2.214,1.307,2.134,World,KitchenOven07,45.1,30.7,0.329,1.194,0,0,None,None,0,0,0,0,0.8020,0.3478,1.002,0.000,0
125.20,Akash,AUIT_Multi,CBA,1.620,1.243,1.106,5.6,17.7,1.536,1.387,1.495,2.217,1.274,2.140,World,KitchenOven07,41.5,30.8,0.424,1.195,0,0,None,None,0,0,0,0,1.0683,0.3541,0.946,0.000,0
125.30,Akash,AUIT_Multi,CBA,1.623,1.219,1.109,5.2,19.5,1.548,1.369,1.523,2.220,1.241,2.145,World,KitchenOven07,41.9,31.8,0.446,1.196,0,0,None,None,0,0,0,0,0.3648,0.3381,0.925,0.000,0
125.41,Akash,AUIT_Multi,CBA,1.627,1.211,1.112,4.4,18.3,1.565,1.351,1.545,2.222,1.219,2.150,World,KitchenOven07,38.1,31.2,0.459,1.197,0,0,None,None,0,0,0,0,0.2989,0.2067,0.903,0.000,0
125.51,Akash,AUIT_Multi,CBA,1.630,1.219,1.111,5.3,18.6,1.478,1.255,1.606,2.219,1.213,2.155,World,KitchenOven07,31.7,29.9,0.520,1.199,0,0,None,None,0,0,0,0,1.4839,0.0791,0.923,0.000,0
125.60,Akash,AUIT_Multi,CBA,1.631,1.244,1.107,6.2,18.4,1.492,1.230,1.533,2.227,1.224,2.151,World,KitchenOven07,29.0,28.9,0.448,1.202,0,0,None,None,0,0,0,0,0.8095,0.1392,0.960,0.000,0
125.70,Akash,AUIT_Multi,CBA,1.627,1.284,1.104,6.9,17.6,1.522,1.251,1.440,2.235,1.250,2.143,World,KitchenOven07,26.7,28.0,0.353,1.205,0,0,None,None,0,0,0,0,1.0312,0.2926,1.002,0.000,0
125.80,Akash,AUIT_Multi,CBA,1.620,1.334,1.095,8.5,15.6,1.555,1.290,1.334,2.253,1.290,2.126,World,KitchenOven07,23.9,26.5,0.251,1.210,0,0,None,None,1,0,0,0,1.2075,0.4911,1.056,0.000,0
125.91,Akash,AUIT_Multi,CBA,1.602,1.400,1.079,9.3,12.8,1.561,1.349,1.290,1.960,1.349,1.641,World,Wall4m,19.8,24.3,0.221,0.668,0,0,None,None,1,1,0,0,0.6609,5.1139,0.531,0.000,0
126.01,Akash,AUIT_Multi,CBA,1.581,1.456,1.058,10.4,13.7,1.551,1.406,1.273,1.797,1.406,1.386,World,Quad,17.8,23.4,0.222,0.396,0,0,None,None,1,1,0,0,0.6220,3.1719,0.271,0.000,0
126.10,Akash,AUIT_Multi,CBA,1.562,1.501,1.037,11.4,16.5,1.533,1.459,1.267,1.772,1.459,1.349,World,Wall4m,19.2,24.3,0.235,0.378,0,0,None,None,1,1,0,0,0.5841,0.7170,0.253,0.000,0
126.20,Akash,AUIT_Multi,CBA,1.548,1.525,1.017,13.0,22.1,1.516,1.502,1.261,1.770,1.502,1.345,World,KitchenOven07,25.9,27.7,0.248,0.397,0,0,None,None,0,0,0,0,0.4720,0.4373,0.267,0.000,0
126.30,Akash,AUIT_Multi,CBA,1.537,1.544,0.998,14.3,24.2,1.512,1.526,1.256,1.770,1.526,1.344,World,KitchenOven07,27.9,28.8,0.259,0.417,0,0,None,None,0,0,0,0,0.2628,0.2543,0.272,0.000,0
126.41,Akash,AUIT_Multi,CBA,1.534,1.560,0.972,17.5,27.6,1.512,1.548,1.250,1.785,1.548,1.344,World,KitchenOven07,32.8,30.5,0.279,0.449,0,0,None,None,0,0,0,0,0.2059,0.2387,0.288,0.000,0
126.51,Akash,AUIT_Multi,CBA,1.540,1.568,0.947,22.1,36.0,1.514,1.560,1.243,1.873,1.560,1.347,World,KitchenOven07,42.7,38.7,0.298,0.521,0,0,None,None,0,0,0,0,0.1456,0.9176,0.374,0.000,0
126.60,Akash,AUIT_Multi,CBA,1.556,1.574,0.929,26.5,37.6,1.533,1.569,1.236,2.287,1.569,1.610,World,KitchenOven07,46.3,41.8,0.308,0.999,0,0,None,None,0,0,0,0,0.2320,5.0493,0.841,0.000,0
126.70,Akash,AUIT_Multi,CBA,1.575,1.566,0.913,29.0,40.5,1.568,1.571,1.232,2.478,1.571,1.650,World,KitchenOven07,49.8,45.3,0.320,1.165,0,0,None,None,0,0,0,0,0.3575,2.0008,1.001,0.000,0
126.80,Akash,AUIT_Multi,CBA,1.594,1.552,0.893,29.9,41.0,1.599,1.563,1.228,2.542,1.563,1.617,World,KitchenOven07,50.5,46.4,0.335,1.193,0,0,None,None,0,0,0,0,0.3288,0.7482,1.021,0.000,0
126.91,Akash,AUIT_Multi,CBA,1.614,1.538,0.874,33.0,43.1,1.632,1.549,1.222,2.589,1.549,1.564,World,KitchenOven07,52.4,47.8,0.349,1.195,0,0,None,None,0,0,0,0,0.3296,0.6494,1.017,0.000,0
127.01,Akash,AUIT_Multi,CBA,1.633,1.528,0.863,35.9,46.4,1.667,1.537,1.218,2.637,1.537,1.503,World,KitchenOven07,54.9,50.5,0.356,1.190,0,0,None,None,0,0,0,0,0.3817,0.8060,1.011,0.000,0
127.11,Akash,AUIT_Multi,CBA,1.654,1.522,0.859,38.7,50.3,1.706,1.528,1.216,2.687,1.528,1.442,World,KitchenOven07,57.4,53.9,0.361,1.186,0,0,None,None,0,0,0,0,0.4138,0.8211,1.007,0.000,0
127.20,Akash,AUIT_Multi,CBA,1.672,1.528,0.852,42.9,53.9,1.747,1.524,1.216,2.724,1.524,1.374,World,KitchenOven07,59.2,56.4,0.371,1.174,0,0,None,None,0,0,0,0,0.4231,0.7906,0.990,0.000,0
127.30,Akash,AUIT_Multi,CBA,1.683,1.544,0.845,47.2,53.9,1.795,1.531,1.215,2.700,1.531,1.256,World,Floor,57.6,55.9,0.387,1.097,0,0,None,None,0,0,0,0,0.5042,1.2404,0.906,0.000,0
127.41,Akash,AUIT_Multi,CBA,1.690,1.561,0.840,47.1,52.3,1.833,1.548,1.214,2.694,1.548,1.175,World,Floor,54.9,55.5,0.401,1.058,0,0,None,None,0,0,0,0,0.3754,0.7522,0.861,0.000,0
127.51,Akash,AUIT_Multi,CBA,1.693,1.572,0.837,45.7,51.6,1.838,1.562,1.213,2.694,1.562,1.172,World,KitchenOven07,54.2,55.5,0.403,1.055,0,0,None,None,0,0,0,0,0.1519,0.1457,0.857,0.000,0
127.61,Akash,AUIT_Multi,CBA,1.693,1.584,0.838,43.6,49.5,1.832,1.573,1.212,2.492,1.507,1.139,World,KitchenOven07,51.9,49.4,0.399,0.858,0,0,None,None,0,0,0,0,0.1377,2.1696,0.668,0.000,0
127.70,Akash,AUIT_Multi,CBA,1.685,1.600,0.842,42.3,47.3,1.822,1.586,1.212,2.230,1.432,1.101,World,KitchenOven07,49.2,36.7,0.395,0.627,0,0,None,None,0,0,0,0,0.1691,2.8245,0.451,0.000,0
127.80,Akash,AUIT_Multi,CBA,1.667,1.617,0.849,40.0,44.6,1.822,1.602,1.214,2.258,1.454,1.197,World,KitchenOven07,45.0,35.4,0.396,0.705,0,0,None,None,0,0,0,0,0.1643,1.0682,0.461,0.000,0
127.91,Akash,AUIT_Multi,CBA,1.634,1.637,0.856,37.7,41.5,1.781,1.622,1.215,2.642,1.603,1.418,World,KitchenOven07,41.6,44.9,0.388,1.154,0,0,None,None,0,0,0,0,0.4061,4.2046,0.884,0.000,0
128.01,Akash,AUIT_Multi,CBA,1.594,1.651,0.864,37.2,37.4,1.724,1.639,1.215,2.671,1.636,1.435,World,KitchenOven07,38.7,43.3,0.375,1.219,0,0,None,None,0,0,0,0,0.6153,0.4879,0.972,0.000,0
128.11,Akash,AUIT_Multi,CBA,1.543,1.660,0.878,34.5,35.6,1.662,1.651,1.218,2.639,1.651,1.442,World,KitchenOven07,37.0,44.0,0.360,1.232,0,0,None,None,0,0,0,0,0.6431,0.3711,1.002,0.000,0
128.20,Akash,AUIT_Multi,CBA,1.496,1.673,0.893,29.7,35.4,1.590,1.662,1.221,2.561,1.662,1.504,World,KitchenOven07,35.8,44.9,0.341,1.228,0,0,None,None,0,0,0,0,0.7496,1.0275,1.012,0.000,0
128.30,Akash,AUIT_Multi,CBA,1.460,1.684,0.908,25.3,34.5,1.518,1.674,1.224,2.466,1.674,1.596,World,KitchenOven07,35.6,44.2,0.322,1.218,0,0,None,None,0,0,0,0,0.7542,1.3672,1.018,0.000,0
128.41,Akash,AUIT_Multi,CBA,1.433,1.700,0.918,19.9,31.9,1.452,1.687,1.228,2.041,1.687,1.402,World,KitchenOven07,33.3,42.9,0.311,0.777,0,0,None,None,0,0,0,0,0.6111,4.2086,0.614,0.000,0
128.51,Akash,AUIT_Multi,CBA,1.418,1.715,0.912,14.9,25.9,1.400,1.702,1.230,1.858,1.702,1.349,World,CabinetDCorner02,29.4,38.3,0.319,0.620,0,0,None,None,0,0,0,0,0.5556,1.9598,0.474,0.000,0
128.61,Akash,AUIT_Multi,CBA,1.417,1.718,0.894,14.0,26.6,1.365,1.714,1.228,1.772,1.693,1.347,World,CabinetDCorner02,33.9,33.3,0.338,0.575,0,0,None,None,0,0,0,0,0.3768,0.8995,0.424,0.000,0
128.70,Akash,AUIT_Multi,CBA,1.423,1.728,0.879,10.8,21.5,1.362,1.720,1.224,1.683,1.657,1.354,World,CabinetDCorner02,28.6,22.2,0.351,0.546,0,0,None,None,0,1,0,0,0.0826,0.9857,0.352,0.000,0
128.80,Akash,AUIT_Multi,CBA,1.432,1.739,0.858,5.5,16.4,1.363,1.730,1.219,1.586,1.622,1.360,World,CabinetDCorner02,21.9,11.8,0.368,0.538,0,0,None,None,1,1,0,0,0.1201,1.0663,0.285,0.000,0
128.91,Akash,AUIT_Multi,CBA,1.442,1.743,0.839,0.6,14.5,1.360,1.740,1.214,1.594,1.718,1.336,World,CabinetDCorner02,19.2,20.0,0.383,0.520,0,0,None,None,1,1,0,0,0.1079,0.8973,0.266,0.000,0
129.01,Akash,AUIT_Multi,CBA,1.450,1.740,0.830,357.6,15.8,1.333,1.742,1.211,1.593,1.739,1.330,World,CabinetDCorner02,21.6,23.9,0.399,0.520,0,0,None,None,1,1,0,0,0.2784,0.2237,0.286,0.000,0
129.10,Akash,AUIT_Multi,CBA,1.450,1.740,0.823,356.2,16.0,1.307,1.740,1.206,1.593,1.740,1.329,World,CabinetDCorner02,23.0,25.0,0.408,0.525,0,0,None,None,1,0,0,0,0.2748,0.0187,0.311,0.000,0
129.20,Akash,AUIT_Multi,CBA,1.433,1.746,0.812,354.3,14.2,1.286,1.742,1.183,1.593,1.742,1.328,World,CabinetDCorner02,20.8,26.5,0.399,0.540,0,0,None,None,1,0,0,0,0.3225,0.0172,0.340,0.000,0
129.31,Akash,AUIT_Multi,CBA,1.400,1.749,0.797,350.7,12.3,1.227,1.747,1.147,1.585,1.747,1.328,World,CabinetDCorner02,20.6,30.8,0.390,0.562,0,0,None,None,1,0,0,0,0.6180,0.0854,0.401,0.000,0
129.41,Akash,AUIT_Multi,CBA,1.359,1.747,0.785,348.1,12.5,1.160,1.748,1.138,1.539,1.748,1.327,World,CabinetD05,21.5,32.6,0.405,0.571,0,0,None,None,1,0,0,0,0.6958,0.4672,0.423,0.000,0
129.51,Akash,AUIT_Multi,CBA,1.304,1.749,0.769,341.6,9.4,0.935,1.748,1.305,1.468,1.748,1.325,World,CabinetD05Door,18.6,35.9,0.651,0.580,0,0,None,None,1,0,0,0,2.8843,0.7360,0.534,0.000,0
129.60,Akash,AUIT_Multi,CBA,1.240,1.749,0.753,332.4,7.5,0.612,1.748,1.443,1.345,1.748,1.313,World,Quad,16.5,38.9,0.932,0.570,0,0,None,None,1,0,1,0,3.6060,1.2673,0.744,0.000,0
129.70,Akash,AUIT_Multi,CBA,1.181,1.745,0.739,322.6,7.7,0.467,1.747,1.315,1.199,1.745,1.233,World,Quad,15.8,40.0,0.917,0.494,0,0,None,None,1,0,1,0,1.9933,1.7164,0.737,0.000,0
129.81,Akash,AUIT_Multi,CBA,1.133,1.748,0.737,318.7,9.4,0.387,1.747,1.138,1.021,1.743,1.222,World,CabinetD06,22.4,29.5,0.847,0.497,0,0,None,None,1,0,1,0,1.7410,1.5993,0.640,0.000,0
129.91,Akash,AUIT_Multi,CBA,1.100,1.752,0.740,323.2,9.6,0.370,1.750,1.098,0.898,1.748,1.507,World,CabinetD06,28.5,23.9,0.812,0.793,0,0,None,None,0,1,0,0,0.4459,3.2067,0.667,0.000,0
130.01,Akash,AUIT_Multi,CBA,1.072,1.755,0.749,324.7,7.2,0.387,1.753,1.122,0.908,1.752,1.620,World,CabinetD06,27.1,25.5,0.780,0.886,0,0,None,None,0,0,0,0,0.2940,1.1672,0.721,0.000,0
130.10,Akash,AUIT_Multi,CBA,1.052,1.753,0.765,324.6,6.7,0.385,1.754,1.137,0.904,1.754,1.635,World,CabinetD06,26.2,26.6,0.764,0.882,0,0,None,None,0,0,0,0,0.1615,0.1519,0.719,0.000,0
130.20,Akash,AUIT_Multi,CBA,1.035,1.754,0.789,324.0,5.4,0.417,1.744,1.157,0.898,1.742,1.449,World,CabinetD06,23.6,24.6,0.719,0.674,0,0,None,None,1,1,0,0,0.4024,1.9089,0.562,0.000,0
130.31,Akash,AUIT_Multi,CBA,1.027,1.757,0.819,320.4,2.9,0.452,1.734,1.180,0.879,1.730,1.245,World,Quad,18.3,20.5,0.679,0.451,0,0,None,None,1,1,0,0,0.3869,1.8567,0.432,0.000,0
130.41,Akash,AUIT_Multi,CBA,1.021,1.762,0.853,320.1,358.9,0.485,1.726,1.204,0.742,1.750,1.506,World,Quad,17.5,16.8,0.642,0.711,0,0,None,None,1,1,0,0,0.4216,3.0392,0.397,0.000,0
130.51,Akash,AUIT_Multi,CBA,1.016,1.763,0.887,323.4,358.2,0.515,1.716,1.232,0.714,1.760,1.626,World,CabinetD06,19.8,14.5,0.610,0.798,0,0,None,None,1,1,0,0,0.4416,1.2748,0.443,0.000,0
130.60,Akash,AUIT_Multi,CBA,1.007,1.772,0.918,325.5,357.8,0.544,1.708,1.259,0.767,1.765,1.641,World,CabinetD06,20.9,16.4,0.578,0.761,0,0,None,None,1,1,0,0,0.4089,0.5681,0.446,0.000,0
130.70,Akash,AUIT_Multi,CBA,0.996,1.774,0.943,326.5,355.9,0.573,1.700,1.287,0.790,1.772,1.643,World,CabinetD06,21.1,17.6,0.550,0.729,0,0,None,None,1,1,0,0,0.4238,0.2504,0.423,0.000,0
130.81,Akash,AUIT_Multi,CBA,0.983,1.772,0.966,327.5,357.5,0.606,1.689,1.316,0.790,1.773,1.644,World,CabinetD06,18.7,16.9,0.521,0.705,0,0,None,None,1,1,0,0,0.4043,0.0194,0.386,0.000,0
130.91,Akash,AUIT_Multi,CBA,0.968,1.768,0.982,327.8,359.0,0.636,1.679,1.335,0.790,1.771,1.645,World,CabinetD06,15.9,17.1,0.493,0.686,0,0,None,None,1,1,0,0,0.3797,0.0221,0.359,0.000,0
131.01,Akash,AUIT_Multi,CBA,0.951,1.766,0.996,328.7,1.2,0.664,1.670,1.353,0.790,1.768,1.645,World,Quad,12.9,17.5,0.467,0.669,0,0,None,None,1,1,0,0,0.3618,0.0316,0.333,0.000,0
131.10,Akash,AUIT_Multi,CBA,0.927,1.762,1.006,328.4,2.6,0.627,1.679,1.392,0.790,1.766,1.645,World,Quad,9.4,19.7,0.496,0.654,0,0,None,None,1,1,0,0,0.5682,0.0275,0.313,0.000,0
131.20,Akash,AUIT_Multi,CBA,0.901,1.757,1.012,327.4,4.5,0.396,1.746,1.440,0.790,1.761,1.645,World,Quad,17.5,23.1,0.662,0.643,0,0,None,None,1,1,0,0,2.5265,0.0428,0.445,0.000,0
131.31,Akash,AUIT_Multi,CBA,0.866,1.748,1.016,328.5,10.8,0.377,1.754,1.377,0.790,1.755,1.645,World,CabinetD06,24.7,27.0,0.608,0.634,0,0,None,None,1,0,0,0,0.5974,0.0551,0.493,0.000,0
131.41,Akash,AUIT_Multi,CBA,0.834,1.739,1.020,331.4,16.8,0.370,1.746,1.354,0.789,1.747,1.645,World,CabinetD06,30.8,29.9,0.571,0.627,0,0,None,None,0,0,0,0,0.2575,0.0888,0.510,0.000,0
131.51,Akash,AUIT_Multi,CBA,0.802,1.736,1.025,331.9,20.2,0.360,1.739,1.363,0.786,1.739,1.645,World,Wall4m,31.6,33.1,0.557,0.620,0,0,None,None,0,0,0,0,0.1591,0.0828,0.511,0.000,0
131.60,Akash,AUIT_Multi,CBA,0.771,1.734,1.032,333.8,21.5,0.351,1.736,1.367,0.769,1.736,1.645,World,Wall4m,32.9,33.4,0.537,0.613,0,0,None,None,0,0,0,0,0.1071,0.1793,0.502,0.000,0
131.70,Akash,AUIT_Multi,CBA,0.739,1.729,1.037,335.5,23.9,0.342,1.733,1.376,0.704,1.708,1.632,World,Wall4m,34.5,30.0,0.523,0.596,0,0,None,None,0,0,0,0,0.1389,0.7369,0.445,0.000,0
131.81,Akash,AUIT_Multi,CBA,0.708,1.724,1.045,339.7,24.8,0.330,1.729,1.403,0.598,1.657,1.607,World,Wall4m,35.9,20.2,0.521,0.576,0,0,None,None,0,1,0,0,0.2672,1.0848,0.344,0.000,0
131.91,Akash,AUIT_Multi,CBA,0.685,1.721,1.057,339.9,27.0,0.321,1.724,1.422,0.599,1.657,1.609,World,Wall4m,36.3,23.1,0.515,0.563,0,0,None,None,0,1,0,0,0.2195,0.0284,0.341,0.000,0
132.01,Akash,AUIT_Multi,CBA,0.666,1.720,1.077,341.4,28.0,0.316,1.721,1.429,0.709,1.710,1.641,World,Wall4m,37.8,34.7,0.497,0.565,0,0,None,None,0,0,0,0,0.0990,1.2979,0.447,0.000,0
132.10,Akash,AUIT_Multi,CBA,0.659,1.724,1.100,340.4,26.9,0.311,1.721,1.449,0.724,1.719,1.647,World,Wall4m,35.9,36.7,0.493,0.551,0,0,None,None,0,0,0,0,0.2139,0.1940,0.458,0.000,0
132.20,Akash,AUIT_Multi,CBA,0.661,1.730,1.122,338.4,23.9,0.310,1.725,1.452,0.707,1.725,1.648,World,Wall4m,33.7,34.8,0.481,0.528,0,0,None,None,0,0,0,0,0.0484,0.1853,0.442,0.000,0
132.31,Akash,AUIT_Multi,CBA,0.672,1.738,1.141,338.8,23.6,0.312,1.731,1.463,0.698,1.731,1.649,World,CabinetD06,34.7,32.7,0.483,0.509,0,0,None,None,0,0,0,0,0.1162,0.1031,0.428,0.000,0
132.41,Akash,AUIT_Multi,CBA,0.685,1.746,1.154,339.0,22.4,0.315,1.739,1.484,0.706,1.739,1.649,World,CabinetD06,34.2,31.4,0.496,0.496,0,0,None,None,0,0,0,0,0.2362,0.1199,0.425,0.000,0
132.51,Akash,AUIT_Multi,CBA,0.695,1.753,1.166,339.1,21.2,0.317,1.747,1.512,0.721,1.747,1.650,World,CabinetD06,33.2,31.1,0.512,0.484,0,0,None,None,0,0,0,0,0.2976,0.1717,0.426,0.000,0
132.60,Akash,AUIT_Multi,CBA,0.704,1.755,1.175,337.5,20.1,0.320,1.752,1.526,0.727,1.752,1.650,World,CabinetD06,31.5,31.7,0.519,0.476,0,0,None,None,0,0,0,0,0.1550,0.0848,0.425,0.000,0
132.70,Akash,AUIT_Multi,CBA,0.711,1.755,1.182,336.2,19.4,0.324,1.754,1.524,0.725,1.754,1.650,World,CabinetD06,31.1,31.5,0.517,0.468,0,0,None,None,0,0,0,0,0.0439,0.0327,0.421,0.000,0
132.80,Akash,AUIT_Multi,CBA,0.714,1.761,1.185,332.9,16.4,0.327,1.757,1.513,0.717,1.757,1.650,World,CabinetD06,27.4,31.3,0.507,0.465,0,0,None,None,0,0,0,0,0.1237,0.0867,0.414,0.000,0
132.91,Akash,AUIT_Multi,CBA,0.716,1.766,1.182,326.9,12.2,0.331,1.763,1.469,0.686,1.763,1.651,World,CabinetD06,23.3,31.5,0.480,0.469,0,0,None,None,1,0,0,0,0.3953,0.2839,0.399,0.000,0
133.01,Akash,AUIT_Multi,CBA,0.717,1.772,1.180,322.3,9.1,0.334,1.767,1.417,0.626,1.767,1.750,World,CabinetD06,22.2,29.8,0.451,0.577,0,0,None,None,1,0,0,0,0.5414,1.1881,0.443,0.000,0
133.10,Akash,AUIT_Multi,CBA,0.715,1.779,1.178,319.1,5.5,0.336,1.773,1.377,0.592,1.773,1.733,World,CabinetD06,21.9,28.8,0.428,0.568,0,0,None,None,1,0,0,0,0.4190,0.3978,0.439,0.000,0
133.20,Akash,AUIT_Multi,CBA,0.711,1.779,1.177,316.3,8.3,0.337,1.780,1.344,0.571,1.780,1.672,World,CabinetD06,23.6,29.1,0.410,0.514,0,0,None,None,1,0,0,0,0.3371,0.6693,0.403,0.000,0
133.30,Akash,AUIT_Multi,CBA,0.706,1.768,1.178,314.2,10.6,0.336,1.776,1.321,0.545,1.776,1.656,World,CabinetD06Door,25.7,29.4,0.396,0.504,0,0,None,None,0,0,0,0,0.2447,0.3121,0.395,0.000,0
133.41,Akash,AUIT_Multi,CBA,0.693,1.783,1.184,310.2,6.7,0.333,1.773,1.301,0.511,1.773,1.655,World,CabinetD06Door,22.7,29.1,0.378,0.506,0,0,None,None,1,0,0,0,0.1808,0.3031,0.397,0.000,0
133.51,Akash,AUIT_Multi,CBA,0.682,1.798,1.178,303.4,3.3,0.322,1.785,1.274,0.459,1.785,1.657,World,Quad,18.5,31.7,0.373,0.529,0,0,None,None,1,0,0,0,0.3341,0.5670,0.407,0.000,0
133.60,Akash,AUIT_Multi,CBA,0.674,1.808,1.167,298.4,2.9,0.288,1.798,1.231,0.378,1.798,1.660,World,CabinetD06Door,18.9,30.7,0.391,0.575,0,0,None,None,1,0,0,0,0.5817,0.8504,0.438,0.000,0
133.71,Akash,AUIT_Multi,CBA,0.670,1.811,1.160,294.9,4.1,0.225,1.806,1.208,0.318,1.798,1.638,World,CabinetD06Door,19.0,28.9,0.447,0.593,0,0,None,None,1,0,0,0,0.6704,0.6311,0.440,0.000,0
133.80,Akash,AUIT_Multi,CBA,0.664,1.811,1.155,292.8,5.7,0.201,1.805,1.226,0.305,1.776,1.564,World,Quad,14.8,26.0,0.469,0.546,0,0,None,None,1,0,0,0,0.3277,0.8295,0.355,0.000,0
133.91,Akash,AUIT_Multi,CBA,0.666,1.809,1.145,289.5,4.0,0.196,1.805,1.253,0.298,1.750,1.462,World,Quad,7.4,21.4,0.482,0.490,0,0,None,None,1,1,0,0,0.2417,0.9433,0.239,0.000,0
134.01,Akash,AUIT_Multi,CBA,0.667,1.812,1.136,286.6,0.9,0.198,1.805,1.269,0.222,1.797,1.528,World,Quad,0.8,24.7,0.488,0.593,0,0,None,None,1,1,0,0,0.1710,1.1563,0.260,0.000,0
134.11,Akash,AUIT_Multi,CBA,0.668,1.815,1.125,284.1,359.6,0.191,1.806,1.277,0.209,1.811,1.528,World,Quad,3.8,27.2,0.500,0.610,0,0,None,None,1,0,0,0,0.0986,0.1917,0.252,0.000,0
134.20,Akash,AUIT_Multi,CBA,0.665,1.816,1.112,281.9,358.2,0.192,1.806,1.297,0.209,1.814,1.492,World,Quad,9.9,28.0,0.508,0.594,0,0,None,None,1,0,0,0,0.2043,0.3662,0.197,1.000,0
134.30,Akash,AUIT_Multi,CBA,0.659,1.811,1.097,279.2,357.9,0.193,1.805,1.317,0.210,1.815,1.447,World,Quad,16.4,28.9,0.516,0.569,0,0,None,None,1,0,0,0,0.2126,0.4689,0.131,1.000,0
134.41,Akash,AUIT_Multi,CBA,0.648,1.799,1.076,276.7,357.2,0.185,1.803,1.328,0.212,1.807,1.387,World,Wall4m,22.0,28.8,0.527,0.536,0,0,None,None,1,0,0,0,0.1173,0.5488,0.065,1.000,0
134.51,Akash,AUIT_Multi,CBA,0.638,1.806,1.055,277.1,355.1,0.186,1.803,1.353,0.212,1.801,1.345,World,Wall4m,26.8,27.6,0.541,0.515,0,0,None,None,0,0,0,0,0.2595,0.4329,0.027,1.000,0
134.61,Akash,AUIT_Multi,CBA,0.626,1.813,1.036,278.1,351.8,0.185,1.804,1.379,0.211,1.807,1.321,World,Wall4m,31.1,27.9,0.559,0.504,0,0,None,None,0,0,0,0,0.2650,0.2466,0.063,1.000,0
134.70,Akash,AUIT_Multi,CBA,0.609,1.815,1.020,275.7,348.6,0.062,1.809,1.117,0.207,1.813,1.300,World,Wall4m,12.8,31.2,0.555,0.489,0,0,None,None,1,0,0,0,3.0142,0.2402,0.233,0.000,0
134.80,Akash,AUIT_Multi,CBA,0.587,1.817,1.010,272.1,343.6,-0.016,1.815,0.845,0.080,1.813,1.240,World,Wall4m,23.9,27.7,0.625,0.557,0,0,None,None,1,0,0,0,2.8735,1.4268,0.406,0.000,0
134.91,Akash,AUIT_Multi,CBA,0.561,1.813,1.011,272.0,338.9,-0.020,1.817,0.822,0.061,1.813,1.112,World,Wall4m,28.5,23.1,0.611,0.511,0,0,None,None,0,1,0,0,0.2107,1.1795,0.300,0.000,0
135.01,Akash,AUIT_Multi,CBA,0.538,1.801,1.021,277.4,333.9,-0.026,1.810,0.821,-0.241,1.809,1.350,World,Wall4m,36.1,29.5,0.599,0.846,0,0,None,None,0,0,0,0,0.0908,3.9633,0.571,0.000,0
135.11,Akash,AUIT_Multi,CBA,0.508,1.802,1.032,275.7,335.4,-0.032,1.804,0.843,0.062,1.803,1.290,World,Wall4m,34.4,34.0,0.572,0.515,0,0,None,None,0,0,0,0,0.2462,3.1778,0.457,0.000,0
135.20,Akash,AUIT_Multi,CBA,0.477,1.800,1.049,272.3,332.6,-0.041,1.802,0.838,-0.352,1.802,1.520,World,Wall4m,36.0,37.9,0.560,0.953,0,0,None,None,0,0,0,0,0.1048,4.8357,0.750,0.000,0
135.36,Akash,AUIT_Multi,CBA,1.000,0.000,1.000,0.0,0.0,-0.045,1.801,0.834,-0.475,1.801,1.566,World,CabinetD01,94.6,76.3,2.089,2.396,0,0,None,None,0,0,0,0,0.0388,0.8453,0.849,1.000,0
