Time,ParticipantID,Scenario,Sequence,HeadX,HeadY,HeadZ,HeadYaw,HeadPitch,VideoX,VideoY,VideoZ,InstX,InstY,InstZ,GazeTarget,HitObjectName,AngleToVideo,AngleToInst,VideoDist,InstDist,VideoOcc,InstOcc,VideoOccHitName,InstOccHitName,VideoInCone,InstInCone,VideoVisible,InstVisible,VideoSpeed,InstSpeed,PanelSeparation,ScreenOverlapPct,BothVisible
0.00,dummy,AUIT_Multi,BAC,1.000,0.000,1.000,0.0,0.0,-2.197,1.378,13.812,-26.067,0.000,792.755,World,CabinetD01,15.2,2.0,13.277,792.217,1,1,CabinetD01,CabinetD01,1,1,0,0,0.0000,0.0000,779.309,0.000,0
0.15,dummy,AUIT_Multi,BAC,1.000,0.000,1.000,0.0,0.0,-1.422,1.055,10.573,-18.765,0.000,583.367,World,CabinetD01,15.4,1.9,9.931,582.703,1,1,CabinetD01,CabinetD01,1,1,0,0,23.0049,1440.5580,573.057,0.045,0
0.24,dummy,AUIT_Multi,BAC,1.000,0.000,1.000,0.0,0.0,0.382,0.066,2.588,-11.390,-0.001,370.236,World,CabinetD01,21.4,1.9,1.706,369.444,1,1,CabinetD01,Floor,1,1,0,0,86.6367,2240.6810,367.836,0.000,0
0.30,dummy,AUIT_Multi,BAC,1.000,0.000,1.000,0.0,0.0,0.480,0.008,2.144,-14.552,-0.003,458.834,World,CabinetD01,24.4,1.9,1.257,458.098,1,1,CabinetD01,Floor,1,1,0,0,7.3342,1418.2070,456.937,0.000,0
0.41,dummy,AUIT_Multi,BAC,1.000,0.000,1.000,0.0,0.0,0.492,0.001,2.093,-12.422,-0.004,396.351,World,CabinetD01,24.9,1.9,1.206,395.578,1,1,CabinetD01,Floor,1,1,0,0,0.5065,600.3605,394.469,0.000,0
0.50,dummy,AUIT_Multi,BAC,1.000,0.000,1.000,0.0,0.0,0.493,0.000,2.088,-10.621,-0.005,343.299,World,CabinetD01,25.0,1.9,1.201,342.496,1,1,CabinetD01,Floor,1,1,0,0,0.0576,572.3071,341.392,0.000,0
0.60,dummy,AUIT_Multi,BAC,1.000,0.000,1.000,0.0,0.0,0.493,0.000,2.088,-8.077,-0.006,269.037,World,CabinetD01,25.0,1.9,1.200,268.190,1,1,CabinetD01,Floor,1,1,0,0,0.0061,716.3219,267.087,0.000,0
0.71,dummy,AUIT_Multi,BAC,1.000,0.000,1.000,0.0,0.0,0.493,0.000,2.088,-6.060,-0.007,209.513,World,CabinetD01,25.0,1.9,1.200,208.633,1,1,CabinetD01,Floor,1,1,0,0,0.0005,577.7182,207.529,0.000,0
0.80,dummy,AUIT_Multi,BAC,1.000,0.000,1.000,0.0,0.0,0.493,0.000,2.088,-3.914,-0.008,146.631,World,CabinetD01,25.0,1.9,1.200,145.714,1,1,CabinetD01,Floor,1,1,0,0,0.0000,656.7806,144.611,0.000,0
0.91,dummy,AUIT_Multi,BAC,1.000,0.000,1.000,0.0,0.0,0.493,0.000,2.088,-1.642,-0.009,79.931,World,CabinetD01,25.0,1.9,1.200,78.975,1,1,CabinetD01,Floor,1,1,0,0,0.0000,637.0808,77.872,0.000,0
1.01,dummy,AUIT_Multi,BAC,1.000,0.000,1.000,0.0,0.0,0.493,0.000,2.088,0.757,-0.009,11.803,World,CabinetD01,25.0,1.3,1.200,10.806,1,1,CabinetD01,Floor,0,1,0,0,0.0000,681.9384,9.719,0.000,0
1.10,dummy,AUIT_Multi,BAC,1.000,0.000,1.000,0.0,0.0,0.516,0.000,2.038,1.098,0.034,1.931,World,CabinetD01,25.0,6.4,1.145,0.937,1,1,Floor,CabinetDCorner01,1,1,0,0,0.5923,106.5975,0.593,0.000,0
1.20,dummy,AUIT_Multi,BAC,1.000,0.000,1.000,0.0,0.0,0.566,0.000,1.932,1.088,0.029,1.870,World,CabinetD01,25.0,6.1,1.028,0.875,1,1,Floor,CabinetDCorner01,1,1,0,0,1.1130,0.5947,0.526,0.000,0
1.30,dummy,AUIT_Multi,BAC,1.000,0.000,1.000,0.0,0.0,0.612,0.000,1.836,1.080,0.027,1.799,World,CabinetD01,24.9,6.0,0.922,0.803,1,1,Floor,CabinetDCorner01,1,1,0,0,1.1185,0.7502,0.470,0.000,0
1.40,dummy,AUIT_Multi,BAC,1.000,0.000,1.000,0.0,0.0,0.659,0.000,1.735,1.072,0.023,1.725,World,CabinetD01,24.9,5.9,0.810,0.729,1,1,Floor,CabinetDCorner01,1,1,0,0,1.0862,0.7234,0.413,0.000,0
1.50,dummy,AUIT_Multi,BAC,1.000,0.000,1.000,0.0,0.0,0.696,-0.001,1.658,1.069,0.024,1.652,World,CabinetD01,24.8,6.4,0.724,0.656,1,1,Floor,CabinetDCorner01,1,1,0,0,0.8815,0.7486,0.374,0.000,0
1.60,dummy,AUIT_Multi,BAC,1.000,0.000,1.000,0.0,0.0,0.778,0.023,1.484,1.061,0.020,1.584,World,CabinetD01,24.8,6.3,0.533,0.588,0,0,None,None,1,1,0,0,1.9038,0.6755,0.301,0.000,0
1.70,dummy,AUIT_Multi,BAC,1.000,0.000,1.000,0.0,0.0,0.825,0.012,1.383,1.041,0.010,1.521,World,CabinetD01,24.6,4.7,0.421,0.522,0,0,None,None,1,1,0,0,1.0989,0.6606,0.256,0.000,0
1.80,dummy,AUIT_Multi,BAC,1.000,0.000,1.000,0.0,0.0,0.873,0.014,1.283,1.033,0.007,1.451,World,CabinetD01,24.3,4.3,0.311,0.453,0,0,None,None,1,1,0,0,1.0976,0.6935,0.232,0.000,0
1.91,dummy,AUIT_Multi,BAC,1.000,0.000,1.000,0.0,0.0,0.916,0.008,1.192,1.026,0.004,1.388,World,CabinetD01,23.7,3.8,0.209,0.388,0,0,None,None,1,1,0,0,0.9973,0.6323,0.224,0.000,0
2.01,dummy,AUIT_Multi,BAC,1.000,0.000,1.000,0.0,0.0,0.949,0.021,1.131,1.037,0.015,1.337,World,CabinetD01,22.8,6.7,0.142,0.339,0,0,None,None,1,1,0,0,0.7006,0.5300,0.223,0.000,0
2.10,dummy,AUIT_Multi,BAC,1.000,0.000,1.000,0.0,0.0,0.931,0.070,1.259,1.076,0.066,1.392,World,CabinetD01,20.8,14.4,0.277,0.405,0,0,None,None,1,1,0,0,1.4067,0.8647,0.197,0.000,0
2.21,dummy,AUIT_Multi,BAC,1.000,0.000,1.000,0.0,0.0,0.907,0.195,1.348,1.121,0.112,1.464,World,CabinetD01,31.8,19.5,0.409,0.493,0,0,None,None,0,1,0,0,1.5057,0.9413,0.257,0.000,0
2.31,dummy,AUIT_Multi,BAC,1.000,0.000,1.000,0.0,0.0,0.910,0.234,1.336,1.126,0.119,1.473,World,CabinetD01,36.7,20.2,0.419,0.504,0,0,None,None,0,1,0,0,0.4158,0.1291,0.281,0.000,0
2.40,dummy,AUIT_Multi,BAC,1.000,0.000,1.000,0.0,0.0,0.911,0.239,1.332,1.127,0.120,1.474,World,CabinetD01,37.5,20.2,0.419,0.505,0,0,None,None,0,1,0,0,0.0700,0.0131,0.285,0.000,0
2.51,dummy,AUIT_Multi,BAC,1.000,0.000,1.000,0.0,0.0,0.911,0.240,1.331,1.127,0.120,1.474,World,CabinetD01,37.7,20.2,0.419,0.505,0,0,None,None,0,1,0,0,0.0106,0.0013,0.285,0.000,0
2.61,dummy,AUIT_Multi,BAC,1.000,0.000,1.000,0.0,0.0,0.911,0.240,1.331,1.127,0.120,1.474,World,CabinetD01,37.7,20.2,0.419,0.505,0,0,None,None,0,1,0,0,0.0009,0.0002,0.285,0.000,0
2.70,dummy,AUIT_Multi,BAC,1.000,0.000,1.000,0.0,0.0,0.911,0.240,1.331,1.127,0.120,1.474,World,CabinetD01,37.7,20.2,0.419,0.505,0,0,None,None,0,1,0,0,0.0001,0.0001,0.285,0.000,0
2.80,dummy,AUIT_Multi,BAC,1.000,0.000,1.000,0.0,0.0,0.911,0.240,1.331,1.127,0.120,1.474,World,CabinetD01,37.7,20.2,0.419,0.505,0,0,None,None,0,1,0,0,0.0001,0.0001,0.285,0.000,0
2.90,dummy,AUIT_Multi,BAC,1.000,0.000,1.000,0.0,0.0,0.911,0.240,1.331,1.127,0.120,1.474,World,CabinetD01,37.7,20.2,0.419,0.505,0,0,None,None,0,1,0,0,0.0001,0.0001,0.285,0.000,0
3.00,dummy,AUIT_Multi,BAC,1.000,0.000,1.000,0.0,0.0,0.911,0.240,1.331,1.127,0.120,1.474,World,CabinetD01,37.7,20.3,0.419,0.505,0,0,None,None,0,1,0,0,0.0001,0.0001,0.285,0.000,0
3.10,dummy,AUIT_Multi,BAC,1.000,0.000,1.000,0.0,0.0,0.911,0.240,1.331,1.127,0.120,1.474,World,CabinetD01,37.7,20.3,0.419,0.505,0,0,None,None,0,1,0,0,0.0001,0.0001,0.285,0.000,0
3.20,dummy,AUIT_Multi,BAC,1.000,0.000,1.000,0.0,0.0,0.911,0.240,1.331,1.127,0.120,1.474,World,CabinetD01,37.7,20.3,0.419,0.505,0,0,None,None,0,1,0,0,0.0001,0.0000,0.285,0.000,0
3.30,dummy,AUIT_Multi,BAC,1.000,0.000,1.000,0.0,0.0,0.911,0.240,1.331,1.127,0.120,1.474,World,CabinetD01,37.7,20.3,0.419,0.505,0,0,None,None,0,1,0,0,0.0001,0.0001,0.285,0.000,0
3.40,dummy,AUIT_Multi,BAC,1.000,0.000,1.000,0.0,0.0,0.911,0.240,1.331,1.127,0.120,1.474,World,CabinetD01,37.7,20.3,0.419,0.505,0,0,None,None,0,1,0,0,0.0001,0.0002,0.285,0.000,0
3.50,dummy,AUIT_Multi,BAC,1.000,0.000,1.000,0.0,0.0,0.911,0.240,1.331,1.127,0.120,1.474,World,CabinetD01,37.7,20.3,0.419,0.505,0,0,None,None,0,1,0,0,0.0001,0.0002,0.285,0.000,0
3.60,dummy,AUIT_Multi,BAC,1.000,0.000,1.000,0.0,0.0,0.911,0.240,1.331,1.127,0.120,1.474,World,CabinetD01,37.7,20.3,0.419,0.505,0,0,None,None,0,1,0,0,0.0002,0.0003,0.285,0.000,0
3.70,dummy,AUIT_Multi,BAC,1.000,0.000,1.000,0.0,0.0,0.911,0.240,1.331,1.127,0.120,1.474,World,CabinetD01,37.7,20.3,0.419,0.505,0,0,None,None,0,1,0,0,0.0002,0.0002,0.285,0.000,0
3.80,dummy,AUIT_Multi,BAC,1.000,0.000,1.000,0.0,0.0,0.911,0.240,1.331,1.127,0.120,1.474,World,CabinetD01,37.7,20.3,0.419,0.505,0,0,None,None,0,1,0,0,0.0002,0.0003,0.285,0.000,0
3.91,dummy,AUIT_Multi,BAC,1.000,0.000,1.000,0.0,0.0,0.911,0.240,1.331,1.127,0.120,1.474,World,CabinetD01,37.7,20.3,0.419,0.505,0,0,None,None,0,1,0,0,0.0001,0.0002,0.286,0.000,0
4.00,dummy,AUIT_Multi,BAC,1.000,0.000,1.000,0.0,0.0,0.911,0.240,1.331,1.127,0.120,1.474,World,CabinetD01,37.7,20.3,0.419,0.505,0,0,None,None,0,1,0,0,0.0002,0.0003,0.286,0.000,0
4.10,dummy,AUIT_Multi,BAC,1.000,0.000,1.000,0.0,0.0,0.911,0.240,1.331,1.127,0.120,1.474,World,CabinetD01,37.7,20.3,0.419,0.505,0,0,None,None,0,1,0,0,0.0002,0.0002,0.286,0.000,0
4.20,dummy,AUIT_Multi,BAC,1.000,0.000,1.000,0.0,0.0,0.911,0.240,1.331,1.127,0.120,1.474,World,CabinetD01,37.7,20.3,0.419,0.505,0,0,None,None,0,1,0,0,0.0001,0.0002,0.286,0.000,0
4.30,dummy,AUIT_Multi,BAC,1.000,0.000,1.000,0.0,0.0,0.911,0.240,1.331,1.127,0.120,1.474,World,CabinetD01,37.7,20.3,0.419,0.505,0,0,None,None,0,1,0,0,0.0002,0.0003,0.286,0.000,0
4.40,dummy,AUIT_Multi,BAC,1.000,0.000,1.000,0.0,0.0,0.911,0.240,1.331,1.127,0.120,1.474,World,CabinetD01,37.7,20.3,0.419,0.505,0,0,None,None,0,1,0,0,0.0002,0.0002,0.286,0.000,0
4.50,dummy,AUIT_Multi,BAC,1.000,0.000,1.000,0.0,0.0,0.911,0.240,1.331,1.127,0.120,1.474,World,CabinetD01,37.7,20.3,0.419,0.505,0,0,None,None,0,1,0,0,0.0002,0.0003,0.286,0.000,0
4.60,dummy,AUIT_Multi,BAC,1.000,0.000,1.000,0.0,0.0,0.911,0.240,1.331,1.127,0.120,1.474,World,CabinetD01,37.7,20.3,0.419,0.505,0,0,None,None,0,1,0,0,0.0002,0.0002,0.286,0.000,0
4.70,dummy,AUIT_Multi,BAC,1.000,0.000,1.000,0.0,0.0,0.911,0.240,1.331,1.128,0.120,1.474,World,CabinetD01,37.7,20.3,0.419,0.505,0,0,None,None,0,1,0,0,0.0002,0.0003,0.286,0.000,0
4.80,dummy,AUIT_Multi,BAC,1.000,0.000,1.000,0.0,0.0,0.911,0.240,1.331,1.128,0.120,1.474,World,CabinetD01,37.7,20.3,0.419,0.505,0,0,None,None,0,1,0,0,0.0002,0.0003,0.286,0.000,0
4.90,dummy,AUIT_Multi,BAC,1.000,0.000,1.000,0.0,0.0,0.911,0.240,1.331,1.128,0.120,1.474,World,CabinetD01,37.7,20.3,0.419,0.505,0,0,None,None,0,1,0,0,0.0002,0.0003,0.286,0.000,0
5.00,dummy,AUIT_Multi,BAC,1.000,0.000,1.000,0.0,0.0,0.911,0.240,1.331,1.128,0.120,1.474,World,CabinetD01,37.7,20.3,0.419,0.505,0,0,None,None,0,1,0,0,0.0002,0.0003,0.286,0.000,0
5.10,dummy,AUIT_Multi,BAC,1.000,0.000,1.000,0.0,0.0,0.911,0.240,1.331,1.128,0.120,1.474,World,CabinetD01,37.7,20.3,0.419,0.505,0,0,None,None,0,1,0,0,0.0002,0.0003,0.286,0.000,0
5.20,dummy,AUIT_Multi,BAC,1.000,1.000,1.000,0.0,0.0,0.909,0.625,1.326,1.133,0.566,1.471,World,Wall4m,49.8,44.0,0.505,0.654,0,0,None,None,0,0,0,0,3.8405,4.4469,0.273,0.000,0
5.30,dummy,AUIT_Multi,BAC,1.000,1.000,1.000,0.0,0.0,0.899,0.940,1.346,1.141,0.930,1.479,World,Quad,18.8,18.2,0.366,0.504,0,0,None,None,1,1,0,0,3.1450,3.6343,0.276,0.000,0
5.40,dummy,AUIT_Multi,BAC,1.000,1.000,1.000,0.0,0.0,0.892,0.993,1.368,1.142,0.991,1.483,World,Quad,16.4,16.4,0.383,0.503,0,0,None,None,1,1,0,0,0.5724,0.6111,0.276,0.000,0
5.50,dummy,AUIT_Multi,BAC,1.000,1.000,1.000,0.0,0.0,0.892,0.999,1.368,1.142,0.999,1.483,World,Quad,16.4,16.4,0.384,0.504,0,0,None,None,1,1,0,0,0.0668,0.0773,0.276,0.000,0
5.60,dummy,AUIT_Multi,BAC,1.000,1.000,1.000,0.0,0.0,0.892,1.000,1.368,1.142,1.000,1.483,World,Quad,16.4,16.4,0.384,0.504,0,0,None,None,1,1,0,0,0.0071,0.0081,0.276,0.000,0
5.70,dummy,AUIT_Multi,BAC,1.000,1.000,1.000,0.0,0.0,0.892,1.000,1.368,1.129,1.000,1.443,World,Quad,16.4,16.2,0.384,0.462,0,0,None,None,1,1,0,0,0.0008,0.4142,0.249,0.000,0
5.80,dummy,AUIT_Multi,BAC,1.000,1.000,1.000,0.0,0.0,0.892,1.000,1.368,1.116,1.000,1.405,World,Quad,16.4,15.9,0.384,0.421,0,0,None,None,1,1,0,0,0.0001,0.4114,0.227,0.000,0
5.90,dummy,AUIT_Multi,BAC,1.000,1.000,1.000,0.0,0.0,0.892,1.000,1.368,1.103,1.000,1.369,World,Quad,16.4,15.7,0.384,0.383,0,0,None,None,1,1,0,0,0.0000,0.3875,0.212,0.000,0
6.00,dummy,AUIT_Multi,BAC,1.000,1.000,1.000,0.0,0.0,0.892,1.000,1.368,1.090,1.000,1.330,World,Quad,16.4,15.3,0.384,0.343,0,0,None,None,1,1,0,0,0.0000,0.3954,0.202,0.000,0
6.10,dummy,AUIT_Multi,BAC,1.000,1.000,1.000,0.0,0.0,0.892,1.000,1.368,1.079,0.999,1.297,World,Quad,16.4,14.9,0.384,0.307,0,0,None,None,1,1,0,0,0.0000,0.3581,0.200,0.000,0
6.20,dummy,AUIT_Multi,BAC,1.000,1.000,1.000,0.0,0.0,0.892,1.000,1.368,1.065,0.999,1.255,World,Quad,16.4,14.2,0.384,0.263,0,0,None,None,1,1,0,0,0.0000,0.4413,0.207,0.000,0
6.30,dummy,AUIT_Multi,BAC,1.000,1.000,1.000,0.0,0.0,0.892,1.000,1.368,1.053,0.999,1.222,World,Quad,16.4,13.5,0.384,0.228,0,0,None,None,1,1,0,0,0.0000,0.3468,0.218,0.000,0
6.40,dummy,AUIT_Multi,BAC,1.000,1.000,1.000,0.0,0.0,0.892,1.000,1.368,1.038,0.999,1.177,World,Quad,16.4,12.1,0.384,0.181,0,0,None,None,1,1,0,0,0.0000,0.4856,0.241,0.000,0
6.50,dummy,AUIT_Multi,BAC,1.000,1.000,1.000,0.0,0.0,0.892,1.000,1.368,1.024,0.999,1.137,World,Quad,16.4,10.1,0.384,0.139,0,0,None,None,1,1,0,0,0.0000,0.4129,0.266,0.000,0
6.61,dummy,AUIT_Multi,BAC,1.000,1.000,1.000,0.0,0.0,0.892,1.000,1.368,1.028,0.999,1.148,World,Quad,16.4,10.7,0.384,0.151,0,0,None,None,1,1,0,0,0.0000,0.1158,0.259,0.000,0
6.71,dummy,AUIT_Multi,BAC,1.000,1.000,1.000,0.0,0.0,0.905,1.000,1.350,1.029,0.999,1.153,World,Quad,15.1,10.7,0.363,0.156,0,0,None,None,1,1,0,0,0.2268,0.0510,0.233,0.000,0
6.80,dummy,AUIT_Multi,BAC,1.000,1.000,1.000,0.0,0.0,0.918,0.999,1.334,1.028,0.999,1.151,World,Quad,13.8,10.5,0.344,0.154,0,0,None,None,1,1,0,0,0.2143,0.0265,0.214,0.000,0
6.90,dummy,AUIT_Multi,BAC,1.000,1.000,1.000,0.0,0.0,0.932,0.999,1.316,1.025,0.999,1.143,World,Quad,12.2,10.0,0.323,0.145,0,0,None,None,1,1,0,0,0.2244,0.0856,0.197,0.000,0
7.00,dummy,AUIT_Multi,BAC,1.000,1.000,1.000,0.0,0.0,0.945,0.999,1.297,1.022,0.999,1.132,World,Quad,10.4,9.4,0.302,0.134,0,0,None,None,1,1,0,0,0.2320,0.1113,0.182,0.000,0
7.10,dummy,AUIT_Multi,BAC,1.000,1.000,1.000,0.0,0.0,0.958,0.999,1.281,1.021,0.999,1.129,World,Quad,8.6,9.2,0.284,0.131,0,0,None,None,1,1,0,0,0.2122,0.0288,0.164,0.132,0
7.20,dummy,AUIT_Multi,BAC,1.000,1.000,1.000,0.0,0.0,0.972,0.998,1.261,1.018,0.999,1.120,World,Quad,6.1,8.4,0.262,0.121,0,0,None,None,1,1,0,0,0.2405,0.1001,0.148,0.139,0
7.30,dummy,AUIT_Multi,BAC,1.000,1.000,1.000,0.0,0.0,0.986,0.998,1.242,1.015,0.999,1.113,World,Quad,3.3,7.8,0.242,0.114,0,0,None,None,1,1,0,0,0.2330,0.0721,0.132,0.140,0
7.40,dummy,AUIT_Multi,BAC,1.000,1.000,1.000,0.0,0.0,0.998,0.998,1.227,1.015,0.999,1.113,World,Quad,0.8,7.7,0.227,0.114,0,0,None,None,1,1,0,0,0.1945,0.0023,0.115,0.126,0
7.50,dummy,AUIT_Multi,BAC,1.000,1.000,1.000,0.0,0.0,1.009,0.997,1.214,1.016,0.999,1.115,World,Quad,2.5,7.8,0.214,0.116,0,0,None,None,1,1,0,0,0.1731,0.0229,0.099,0.109,0
7.60,dummy,AUIT_Multi,BAC,1.000,1.000,1.000,0.0,0.0,1.037,0.997,1.190,0.990,0.999,1.136,World,Quad,10.9,4.4,0.194,0.137,0,0,None,None,1,1,0,0,0.3555,0.3308,0.072,0.049,0
7.70,dummy,AUIT_Multi,BAC,1.000,1.000,1.000,0.0,0.0,1.093,0.999,1.359,0.748,1.000,1.964,World,Quad,14.5,14.7,0.371,0.997,0,0,None,None,1,1,0,1,1.8147,8.7977,0.697,0.000,0
7.80,dummy,AUIT_Multi,BAC,1.000,1.000,1.000,0.0,0.0,1.098,1.000,1.368,0.697,1.000,2.135,World,Quad,14.9,15.0,0.381,1.175,0,0,None,None,1,1,0,1,0.1052,1.7520,0.866,0.000,0
7.90,dummy,AUIT_Multi,BAC,1.000,1.000,1.000,0.0,0.0,1.098,1.000,1.367,0.690,1.000,2.156,World,Quad,15.0,15.0,0.380,1.197,0,0,None,None,1,1,0,1,0.0120,0.2229,0.889,0.000,0
8.00,dummy,AUIT_Multi,BAC,1.000,1.000,1.000,0.0,0.0,1.098,1.000,1.367,0.689,1.000,2.159,World,Quad,15.0,15.0,0.380,1.200,0,0,None,None,1,1,0,1,0.0007,0.0259,0.891,0.000,0
8.10,dummy,AUIT_Multi,BAC,1.000,1.000,1.000,0.0,0.0,1.098,1.000,1.367,0.689,1.000,2.159,World,Quad,15.0,15.0,0.380,1.200,0,0,None,None,1,1,0,1,0.0002,0.0010,0.891,0.000,0
8.20,dummy,AUIT_Multi,BAC,1.000,1.000,1.000,0.0,0.0,1.098,1.000,1.367,0.689,1.000,2.159,World,Quad,15.0,15.0,0.380,1.200,0,0,None,None,1,1,0,1,0.0002,0.0006,0.891,0.000,0
8.30,dummy,AUIT_Multi,BAC,1.000,1.000,1.000,0.0,0.0,1.098,1.000,1.367,0.689,1.000,2.159,World,Quad,15.0,15.0,0.380,1.200,0,0,None,None,1,1,0,1,0.0002,0.0006,0.891,0.000,0
8.40,dummy,AUIT_Multi,BAC,1.000,1.000,1.000,0.0,0.0,1.098,1.000,1.367,0.689,1.000,2.159,World,Quad,15.0,15.0,0.380,1.200,0,0,None,None,1,1,0,1,0.0002,0.0006,0.891,0.000,0
8.50,dummy,AUIT_Multi,BAC,1.000,1.000,1.000,0.0,0.0,1.098,1.000,1.367,0.689,1.000,2.159,World,Quad,15.0,15.0,0.380,1.200,0,0,None,None,1,1,0,1,0.0002,0.0004,0.891,0.000,0
8.61,dummy,AUIT_Multi,BAC,1.000,1.000,1.000,0.0,0.0,1.098,1.000,1.367,0.689,1.000,2.159,World,Quad,15.0,15.0,0.380,1.200,0,0,None,None,1,1,0,1,0.0001,0.0004,0.891,0.000,0
8.70,dummy,AUIT_Multi,BAC,1.000,1.000,1.000,0.0,0.0,1.098,1.000,1.367,0.689,1.000,2.159,World,Quad,15.0,15.0,0.380,1.200,0,0,None,None,1,1,0,1,0.0002,0.0005,0.891,0.000,0
8.80,dummy,AUIT_Multi,BAC,1.000,1.000,1.000,0.0,0.0,1.098,1.000,1.367,0.689,1.000,2.159,World,Quad,15.0,15.0,0.380,1.200,0,0,None,None,1,1,0,1,0.0001,0.0004,0.892,0.000,0
8.90,dummy,AUIT_Multi,BAC,1.000,1.000,1.000,0.0,0.0,1.098,1.000,1.367,0.689,1.000,2.159,World,Quad,15.0,15.0,0.380,1.200,0,0,None,None,1,1,0,1,0.0001,0.0004,0.892,0.000,0
9.00,dummy,AUIT_Multi,BAC,1.000,1.000,1.000,0.0,0.0,1.098,1.000,1.367,0.689,1.000,2.159,World,Quad,15.0,15.0,0.380,1.200,0,0,None,None,1,1,0,1,0.0001,0.0004,0.892,0.000,0
9.10,dummy,AUIT_Multi,BAC,1.000,1.000,1.000,0.0,0.0,1.098,1.000,1.367,0.689,1.000,2.159,World,Quad,15.0,15.0,0.380,1.200,0,0,None,None,1,1,0,1,0.0001,0.0004,0.892,0.000,0
9.20,dummy,AUIT_Multi,BAC,1.000,1.000,1.000,0.0,0.0,1.098,1.000,1.367,0.689,1.000,2.159,World,Quad,15.0,15.0,0.380,1.200,0,0,None,None,1,1,0,1,0.0001,0.0004,0.892,0.000,0
9.30,dummy,AUIT_Multi,BAC,1.000,1.000,1.000,0.0,0.0,1.099,1.000,1.367,0.689,1.000,2.159,World,Quad,15.0,15.0,0.380,1.200,0,0,None,None,1,1,0,1,0.0001,0.0003,0.892,0.000,0
9.40,dummy,AUIT_Multi,BAC,1.000,1.000,1.000,0.0,0.0,1.099,1.000,1.367,0.689,1.000,2.159,World,Quad,15.0,15.0,0.380,1.200,0,0,None,None,1,1,0,1,0.0001,0.0003,0.892,0.000,0
9.51,dummy,AUIT_Multi,BAC,1.000,1.000,1.000,0.0,0.0,1.099,1.000,1.367,0.689,1.000,2.159,World,Quad,15.0,15.0,0.380,1.200,0,0,None,None,1,1,0,1,0.0001,0.0002,0.892,0.000,0
9.60,dummy,AUIT_Multi,BAC,1.000,1.000,1.000,0.0,0.0,1.099,1.000,1.367,0.689,1.000,2.159,World,Quad,15.0,15.0,0.380,1.200,0,0,None,None,1,1,0,1,0.0001,0.0001,0.892,0.000,0
9.70,dummy,AUIT_Multi,BAC,1.000,1.000,1.000,0.0,0.0,1.099,1.000,1.367,0.689,1.000,2.159,World,Quad,15.0,15.0,0.380,1.200,0,0,None,None,1,1,0,1,0.0000,0.0001,0.892,0.000,0
9.80,dummy,AUIT_Multi,BAC,1.000,1.000,1.000,0.0,0.0,1.099,1.000,1.367,0.689,1.000,2.159,World,Quad,15.0,15.0,0.380,1.200,0,0,None,None,1,1,0,1,0.0000,0.0001,0.892,0.000,0
9.90,dummy,AUIT_Multi,BAC,1.000,1.000,1.000,0.0,0.0,1.099,1.000,1.367,0.689,1.000,2.159,World,Quad,15.0,15.0,0.380,1.200,0,0,None,None,1,1,0,1,0.0000,0.0000,0.892,0.000,0
10.00,dummy,AUIT_Multi,BAC,1.000,1.000,1.000,0.0,0.0,1.099,1.000,1.367,0.689,1.000,2.159,World,Quad,15.0,15.0,0.380,1.200,0,0,None,None,1,1,0,1,0.0000,0.0001,0.892,0.000,0
10.10,dummy,AUIT_Multi,BAC,1.000,1.000,1.000,0.0,0.0,1.099,1.000,1.367,0.689,1.000,2.159,World,Quad,15.0,15.0,0.380,1.200,0,0,None,None,1,1,0,1,0.0000,0.0000,0.892,0.000,0
10.20,dummy,AUIT_Multi,BAC,1.000,1.000,1.000,0.0,0.0,1.099,1.000,1.367,0.689,1.000,2.159,World,Quad,15.0,15.0,0.380,1.200,0,0,None,None,1,1,0,1,0.0000,0.0000,0.892,0.000,0
10.30,dummy,AUIT_Multi,BAC,1.000,1.000,1.000,0.0,0.0,1.099,1.000,1.367,0.689,1.000,2.159,World,Quad,15.0,15.0,0.380,1.200,0,0,None,None,1,1,0,1,0.0000,0.0000,0.892,0.000,0
10.40,dummy,AUIT_Multi,BAC,1.000,1.000,1.000,0.0,0.0,1.099,1.000,1.367,0.689,1.000,2.159,World,Quad,15.0,15.0,0.380,1.200,0,0,None,None,1,1,0,1,0.0000,0.0000,0.892,0.000,0
10.50,dummy,AUIT_Multi,BAC,1.000,1.000,1.000,0.0,0.0,1.099,1.000,1.367,0.689,1.000,2.159,World,Quad,15.0,15.0,0.380,1.200,0,0,None,None,1,1,0,1,0.0000,0.0000,0.892,0.000,0
10.60,dummy,AUIT_Multi,BAC,1.000,1.000,1.000,0.0,0.0,1.099,1.000,1.367,0.689,1.000,2.159,World,Quad,15.0,15.0,0.380,1.200,0,0,None,None,1,1,0,1,0.0000,0.0000,0.892,0.000,0
10.70,dummy,AUIT_Multi,BAC,1.000,1.000,1.000,0.0,0.0,1.099,1.000,1.367,0.689,1.000,2.159,World,Quad,15.0,15.0,0.380,1.200,0,0,None,None,1,1,0,1,0.0000,0.0000,0.892,0.000,0
10.80,dummy,AUIT_Multi,BAC,1.000,1.000,1.000,0.0,0.0,1.099,1.000,1.367,0.689,1.000,2.159,World,Quad,15.0,15.0,0.380,1.200,0,0,None,None,1,1,0,1,0.0000,0.0000,0.892,0.000,0
10.90,dummy,AUIT_Multi,BAC,1.000,1.000,1.000,0.0,0.0,1.099,1.000,1.367,0.689,1.000,2.159,World,Quad,15.0,15.0,0.380,1.200,0,0,None,None,1,1,0,1,0.0000,0.0000,0.892,0.000,0
11.00,dummy,AUIT_Multi,BAC,1.000,1.000,1.000,0.0,0.0,1.099,1.000,1.367,0.689,1.000,2.159,World,Quad,15.0,15.0,0.380,1.200,0,0,None,None,1,1,0,1,0.0000,0.0000,0.892,0.000,0
11.10,dummy,AUIT_Multi,BAC,1.000,1.000,1.000,0.0,0.0,1.099,1.000,1.367,0.689,1.000,2.159,World,Quad,15.0,15.0,0.380,1.200,0,0,None,None,1,1,0,1,0.0000,0.0000,0.892,0.000,0
11.20,dummy,AUIT_Multi,BAC,1.000,1.000,1.000,0.0,0.0,1.099,1.000,1.367,0.689,1.000,2.159,World,Quad,15.0,15.0,0.380,1.200,0,0,None,None,1,1,0,1,0.0000,0.0000,0.892,0.000,0
11.30,dummy,AUIT_Multi,BAC,1.000,1.000,1.000,0.0,0.0,1.099,1.000,1.367,0.689,1.000,2.159,World,Quad,15.0,15.0,0.380,1.200,0,0,None,None,1,1,0,1,0.0000,0.0000,0.892,0.000,0
11.40,dummy,AUIT_Multi,BAC,1.000,1.000,1.000,0.0,0.0,1.099,1.000,1.367,0.689,1.000,2.159,World,Quad,15.0,15.0,0.380,1.200,0,0,None,None,1,1,0,1,0.0000,0.0000,0.892,0.000,0
11.50,dummy,AUIT_Multi,BAC,1.000,1.000,1.000,0.0,0.0,1.099,1.000,1.367,0.689,1.000,2.159,World,Quad,15.0,15.0,0.380,1.200,0,0,None,None,1,1,0,1,0.0000,0.0000,0.892,0.000,0
11.60,dummy,AUIT_Multi,BAC,1.000,1.000,1.000,0.0,0.0,1.099,1.000,1.367,0.689,1.000,2.159,World,Quad,15.0,15.0,0.380,1.200,0,0,None,None,1,1,0,1,0.0000,0.0000,0.892,0.000,0
11.70,dummy,AUIT_Multi,BAC,1.000,1.000,1.000,0.0,0.0,1.099,1.000,1.367,0.689,1.000,2.159,World,Quad,15.0,15.0,0.380,1.200,0,0,None,None,1,1,0,1,0.0000,0.0000,0.892,0.000,0
11.80,dummy,AUIT_Multi,BAC,1.000,1.000,1.000,0.0,0.0,1.099,1.000,1.367,0.689,1.000,2.159,World,Quad,15.0,15.0,0.380,1.200,0,0,None,None,1,1,0,1,0.0000,0.0000,0.892,0.000,0
11.90,dummy,AUIT_Multi,BAC,1.000,1.000,1.000,0.0,0.0,1.099,1.000,1.367,0.689,1.000,2.159,World,Quad,15.0,15.0,0.380,1.200,0,0,None,None,1,1,0,1,0.0000,0.0000,0.892,0.000,0
12.00,dummy,AUIT_Multi,BAC,1.000,1.000,1.000,0.0,0.0,1.099,1.000,1.367,0.689,1.000,2.159,World,Quad,15.0,15.0,0.380,1.200,0,0,None,None,1,1,0,1,0.0000,0.0000,0.892,0.000,0
12.10,dummy,AUIT_Multi,BAC,1.000,1.000,1.000,0.0,0.0,1.099,1.000,1.367,0.689,1.000,2.159,World,Quad,15.0,15.0,0.380,1.200,0,0,None,None,1,1,0,1,0.0000,0.0000,0.892,0.000,0
12.20,dummy,AUIT_Multi,BAC,1.000,1.000,1.000,0.0,0.0,1.099,1.000,1.367,0.689,1.000,2.159,World,Quad,15.0,15.0,0.380,1.200,0,0,None,None,1,1,0,1,0.0000,0.0000,0.892,0.000,0
12.30,dummy,AUIT_Multi,BAC,1.000,1.000,1.000,0.0,0.0,1.099,1.000,1.367,0.689,1.000,2.159,World,Quad,15.0,15.0,0.380,1.200,0,0,None,None,1,1,0,1,0.0000,0.0000,0.892,0.000,0
12.40,dummy,AUIT_Multi,BAC,1.000,1.000,1.000,0.0,0.0,1.099,1.000,1.367,0.689,1.000,2.159,World,Quad,15.0,15.0,0.380,1.200,0,0,None,None,1,1,0,1,0.0000,0.0000,0.892,0.000,0
12.50,dummy,AUIT_Multi,BAC,1.000,1.000,1.000,0.0,0.0,1.099,1.000,1.367,0.689,1.000,2.159,World,Quad,15.0,15.0,0.380,1.200,0,0,None,None,1,1,0,1,0.0000,0.0000,0.892,0.000,0
12.60,dummy,AUIT_Multi,BAC,1.000,1.000,1.000,0.0,0.0,1.099,1.000,1.367,0.689,1.000,2.159,World,Quad,15.0,15.0,0.380,1.200,0,0,None,None,1,1,0,1,0.0000,0.0000,0.892,0.000,0
12.70,dummy,AUIT_Multi,BAC,1.000,1.000,1.000,0.0,0.0,1.099,1.000,1.367,0.689,1.000,2.159,World,Quad,15.0,15.0,0.380,1.200,0,0,None,None,1,1,0,1,0.0000,0.0001,0.892,0.000,0
12.80,dummy,AUIT_Multi,BAC,1.000,1.000,1.000,0.0,0.0,1.099,1.000,1.367,0.689,1.000,2.159,World,Quad,15.0,15.0,0.380,1.200,0,0,None,None,1,1,0,1,0.0000,0.0000,0.892,0.000,0
12.90,dummy,AUIT_Multi,BAC,1.000,1.000,1.000,0.0,0.0,1.099,1.000,1.367,0.689,1.000,2.159,World,Quad,15.0,15.0,0.380,1.200,0,0,None,None,1,1,0,1,0.0000,0.0000,0.892,0.000,0
13.00,dummy,AUIT_Multi,BAC,1.000,1.000,1.000,0.0,0.0,1.099,1.000,1.367,0.689,1.000,2.159,World,Quad,15.0,15.0,0.380,1.200,0,0,None,None,1,1,0,1,0.0000,0.0000,0.892,0.000,0
13.10,dummy,AUIT_Multi,BAC,1.000,1.000,1.000,0.0,0.0,1.099,1.000,1.367,0.689,1.000,2.159,World,Quad,15.0,15.0,0.380,1.200,0,0,None,None,1,1,0,1,0.0000,0.0000,0.892,0.000,0
13.20,dummy,AUIT_Multi,BAC,1.000,1.000,1.000,0.0,0.0,1.099,1.000,1.367,0.689,1.000,2.159,World,Quad,15.0,15.0,0.380,1.200,0,0,None,None,1,1,0,1,0.0000,0.0000,0.892,0.000,0
13.30,dummy,AUIT_Multi,BAC,1.000,1.000,1.000,0.0,0.0,1.099,1.000,1.367,0.689,1.000,2.159,World,Quad,15.0,15.0,0.380,1.200,0,0,None,None,1,1,0,1,0.0000,0.0000,0.892,0.000,0
13.40,dummy,AUIT_Multi,BAC,1.000,1.000,1.500,0.0,0.0,1.093,1.040,1.471,0.750,1.000,2.031,World,Wall4m,105.9,25.2,0.106,0.587,0,0,None,None,0,0,0,0,1.1318,1.4405,0.658,0.131,0
13.50,dummy,AUIT_Multi,BAC,1.000,1.000,1.500,0.0,0.0,1.035,1.095,1.536,0.749,1.000,2.038,World,Wall4m,70.2,25.0,0.108,0.594,0,0,None,None,0,0,0,0,1.0139,0.0743,0.585,0.000,0
13.61,dummy,AUIT_Multi,BAC,1.000,1.000,1.500,0.0,0.0,1.023,1.021,1.544,0.716,1.000,2.108,World,Wall4m,35.1,25.0,0.054,0.671,0,0,None,None,0,0,0,0,0.7289,0.7508,0.642,0.000,0
13.70,dummy,AUIT_Multi,BAC,1.000,1.000,1.500,0.0,0.0,1.021,1.003,1.545,0.728,1.000,2.097,World,Wall4m,25.4,24.5,0.050,0.656,0,0,None,None,0,1,0,0,0.1863,0.1647,0.625,0.000,0
13.80,dummy,AUIT_Multi,BAC,1.000,1.000,1.500,0.0,0.0,1.021,1.000,1.545,0.759,1.000,2.054,World,Wall4m,25.0,23.5,0.050,0.604,0,0,None,None,0,1,0,0,0.0261,0.5493,0.572,0.000,0
13.90,dummy,AUIT_Multi,BAC,1.000,1.000,1.500,0.0,0.0,1.021,1.000,1.545,0.791,1.000,2.014,World,Wall4m,25.0,22.1,0.050,0.555,0,0,None,None,0,1,0,0,0.0031,0.4955,0.523,0.000,0
14.00,dummy,AUIT_Multi,BAC,1.000,1.000,1.500,0.0,0.0,1.021,1.000,1.545,0.822,1.000,1.974,World,Wall4m,25.0,20.6,0.050,0.507,0,0,None,None,0,1,0,0,0.0003,0.5137,0.473,0.000,0
14.10,dummy,AUIT_Multi,BAC,1.000,1.000,1.500,0.0,0.0,1.021,1.000,1.545,0.848,0.999,1.941,World,Wall4m,25.0,19.0,0.050,0.467,0,0,None,None,0,1,0,0,0.0000,0.4271,0.432,0.000,0
14.20,dummy,AUIT_Multi,BAC,1.000,1.000,1.500,0.0,0.0,1.021,1.000,1.545,0.882,0.999,1.897,World,Wall4m,25.0,16.5,0.050,0.414,0,0,None,None,0,1,0,0,0.0000,0.5440,0.378,0.000,0
14.30,dummy,AUIT_Multi,BAC,1.000,1.000,1.500,0.0,0.0,1.021,1.000,1.545,0.909,0.999,1.864,World,Wall4m,25.0,14.1,0.050,0.375,0,0,None,None,0,1,0,0,0.0000,0.4340,0.338,0.000,0
14.40,dummy,AUIT_Multi,BAC,1.000,1.000,1.500,0.0,0.0,1.021,1.000,1.545,0.939,0.999,1.824,World,Wall4m,25.0,10.6,0.050,0.330,0,0,None,None,0,1,0,0,0.0000,0.4965,0.291,0.000,0
14.50,dummy,AUIT_Multi,BAC,1.000,1.000,1.500,0.0,0.0,1.021,1.000,1.545,0.971,0.999,1.783,World,Wall4m,25.0,5.8,0.050,0.284,0,0,None,None,0,1,0,0,0.0000,0.5249,0.243,0.000,0
14.60,dummy,AUIT_Multi,BAC,1.000,1.000,1.500,0.0,0.0,1.021,1.000,1.545,1.006,0.999,1.737,World,Wall4m,25.0,1.6,0.050,0.237,0,1,None,MixingBowl,0,1,0,0,0.0000,0.5741,0.192,0.000,0
14.70,dummy,AUIT_Multi,BAC,1.000,1.000,1.500,0.0,0.0,1.020,1.000,1.557,0.973,0.999,1.795,World,Wall4m,19.3,5.3,0.060,0.296,0,0,None,None,1,1,0,0,0.1168,0.6645,0.242,0.000,0
14.80,dummy,AUIT_Multi,BAC,1.000,1.000,1.500,0.0,0.0,1.017,1.000,1.584,0.980,0.999,1.791,World,Quad,11.7,4.0,0.086,0.292,0,0,None,None,1,1,0,0,0.2719,0.0806,0.211,0.041,0
14.90,dummy,AUIT_Multi,BAC,1.000,1.000,1.500,0.0,0.0,1.015,1.005,1.611,0.998,0.999,1.742,World,Quad,8.1,0.5,0.112,0.242,1,0,MixingBowl,None,1,1,0,0,0.2806,0.5287,0.132,0.039,0
15.00,dummy,AUIT_Multi,BAC,1.000,1.000,1.500,0.0,0.0,1.012,1.007,1.638,1.003,0.999,1.735,World,Quad,5.9,0.9,0.139,0.235,1,1,MixingBowl,MixingBowl,1,1,0,0,0.2740,0.0874,0.098,0.044,0
15.10,dummy,AUIT_Multi,BAC,1.000,1.000,1.500,0.0,0.0,1.010,1.010,1.665,1.009,0.999,1.727,World,Quad,4.8,2.2,0.166,0.227,1,1,MixingBowl,MixingBowl,1,1,0,0,0.2775,0.0942,0.063,0.055,0
15.20,dummy,AUIT_Multi,BAC,1.000,1.000,1.500,0.0,0.0,1.016,1.006,1.720,1.005,0.999,1.748,World,Quad,4.4,1.2,0.221,0.248,1,1,MixingBowl,MixingBowl,1,1,0,0,0.5570,0.2092,0.030,0.045,0
15.31,dummy,AUIT_Multi,BAC,1.000,1.000,1.500,0.0,0.0,1.004,1.011,1.721,1.019,0.999,1.714,World,Quad,2.9,5.2,0.221,0.214,1,1,MixingBowl,MixingBowl,1,1,0,0,0.1154,0.3482,0.020,0.083,0
15.40,dummy,AUIT_Multi,BAC,1.000,1.000,1.500,0.0,0.0,1.001,1.016,1.742,1.025,0.999,1.699,World,Quad,3.8,7.2,0.242,0.201,0,1,None,MixingBowl,1,1,0,0,0.2279,0.1583,0.052,0.109,0
15.50,dummy,AUIT_Multi,BAC,1.000,1.000,1.500,0.0,0.0,0.999,1.012,1.772,1.030,0.999,1.694,World,Quad,2.6,8.9,0.272,0.197,0,1,None,MixingBowl,1,1,0,0,0.2970,0.0730,0.085,0.127,0
15.60,dummy,AUIT_Multi,BAC,1.000,1.000,1.500,0.0,0.0,0.986,1.006,1.837,1.035,0.999,1.686,World,Quad,2.6,10.7,0.337,0.189,0,1,None,MixingBowl,1,1,0,0,0.6895,0.0989,0.159,0.153,0
15.70,dummy,AUIT_Multi,BAC,1.000,1.000,1.500,0.0,0.0,0.902,1.061,2.016,1.026,0.999,1.616,World,Quad,12.6,12.6,0.529,0.119,0,1,None,MixingBowl,1,1,0,0,1.9830,0.6790,0.423,0.000,0
15.80,dummy,AUIT_Multi,BAC,1.000,1.000,1.500,0.0,0.0,0.737,1.024,2.504,1.015,1.000,1.558,World,Wall4m,14.7,14.3,1.038,0.060,1,0,Wall4m,None,1,1,0,0,5.2537,0.5999,0.986,0.000,0
15.90,dummy,AUIT_Multi,BAC,1.000,1.000,1.500,0.0,0.0,0.696,1.004,2.636,1.013,1.000,1.550,World,Wall4m,15.0,14.9,1.176,0.051,1,0,Wall4m,None,1,1,0,0,1.4340,0.0917,1.132,0.000,0
16.00,dummy,AUIT_Multi,BAC,1.000,1.000,1.500,0.0,0.0,0.690,1.000,2.656,1.013,1.000,1.549,World,Wall4m,15.0,14.9,1.197,0.050,1,0,Wall4m,None,1,1,0,0,0.2155,0.0107,1.154,0.000,0
16.10,dummy,AUIT_Multi,BAC,1.000,1.000,1.500,0.0,0.0,0.689,1.000,2.659,1.013,1.000,1.549,World,Wall4m,15.0,14.9,1.200,0.050,1,0,Wall4m,None,1,1,0,0,0.0245,0.0002,1.156,0.000,0
16.20,dummy,AUIT_Multi,BAC,1.000,1.000,1.500,0.0,0.0,0.689,1.000,2.659,1.013,1.000,1.549,World,Wall4m,15.0,14.9,1.200,0.050,1,0,Wall4m,None,1,1,0,0,0.0026,0.0000,1.157,0.000,0
16.30,dummy,AUIT_Multi,BAC,1.000,1.000,1.500,0.0,0.0,0.689,1.000,2.659,1.013,1.000,1.549,World,Wall4m,15.0,14.9,1.200,0.050,1,0,Wall4m,None,1,1,0,0,0.0003,0.0000,1.157,0.000,0
16.40,dummy,AUIT_Multi,BAC,1.000,1.000,1.500,0.0,0.0,0.689,1.000,2.659,1.013,1.000,1.549,World,Wall4m,15.0,14.9,1.200,0.050,1,0,Wall4m,None,1,1,0,0,0.0000,0.0000,1.157,0.000,0
16.50,dummy,AUIT_Multi,BAC,1.000,1.000,1.500,0.0,0.0,0.689,1.000,2.659,1.013,1.000,1.549,World,Wall4m,15.0,14.9,1.200,0.050,1,0,Wall4m,None,1,1,0,0,0.0000,0.0000,1.157,0.000,0
16.60,dummy,AUIT_Multi,BAC,1.000,1.000,1.500,0.0,0.0,0.689,1.000,2.659,1.013,1.000,1.549,World,Wall4m,15.0,14.9,1.200,0.050,1,0,Wall4m,None,1,1,0,0,0.0000,0.0000,1.157,0.000,0
16.70,dummy,AUIT_Multi,BAC,1.000,1.000,1.500,0.0,0.0,0.689,1.000,2.659,1.013,1.000,1.549,World,Wall4m,15.0,14.9,1.200,0.050,1,0,Wall4m,None,1,1,0,0,0.0000,0.0000,1.157,0.000,0
16.80,dummy,AUIT_Multi,BAC,1.000,1.000,1.500,0.0,0.0,0.689,1.000,2.659,1.013,1.000,1.549,World,Wall4m,15.0,14.9,1.200,0.050,1,0,Wall4m,None,1,1,0,0,0.0000,0.0000,1.157,0.000,0
16.90,dummy,AUIT_Multi,BAC,1.000,1.000,1.500,0.0,0.0,0.689,1.000,2.659,1.013,1.000,1.549,World,Wall4m,15.0,14.9,1.200,0.050,1,0,Wall4m,None,1,1,0,0,0.0000,0.0006,1.157,0.000,0
17.00,dummy,AUIT_Multi,BAC,1.000,1.000,1.500,0.0,0.0,0.689,1.000,2.659,1.013,1.000,1.549,World,Wall4m,15.0,14.9,1.200,0.050,1,0,Wall4m,None,1,1,0,0,0.0000,0.0000,1.157,0.000,0
17.10,dummy,AUIT_Multi,BAC,1.000,1.000,1.500,0.0,0.0,0.689,1.000,2.659,1.013,1.000,1.549,World,Wall4m,15.0,14.9,1.200,0.050,1,0,Wall4m,None,1,1,0,0,0.0000,0.0000,1.157,0.000,0
17.21,dummy,AUIT_Multi,BAC,1.000,1.000,1.500,0.0,0.0,0.689,1.000,2.659,1.013,1.000,1.549,World,Wall4m,15.0,14.9,1.200,0.050,1,0,Wall4m,None,1,1,0,0,0.0000,0.0000,1.157,0.000,0
17.31,dummy,AUIT_Multi,BAC,1.000,1.000,1.500,0.0,0.0,0.689,1.000,2.659,1.013,1.000,1.549,World,Wall4m,15.0,14.9,1.200,0.050,1,0,Wall4m,None,1,1,0,0,0.0000,0.0000,1.157,0.000,0
17.40,dummy,AUIT_Multi,BAC,1.000,1.000,1.500,0.0,0.0,0.689,1.000,2.659,1.013,1.000,1.549,World,Wall4m,15.0,14.9,1.200,0.050,1,0,Wall4m,None,1,1,0,0,0.0000,0.0000,1.157,0.000,0
17.50,dummy,AUIT_Multi,BAC,1.000,1.000,1.500,0.0,0.0,0.689,1.000,2.659,1.013,1.000,1.549,World,Wall4m,15.0,14.9,1.200,0.050,1,0,Wall4m,None,1,1,0,0,0.0000,0.0000,1.157,0.000,0
17.60,dummy,AUIT_Multi,BAC,1.000,1.000,1.000,0.0,0.0,0.708,1.000,2.424,1.057,1.000,1.527,World,Wall4m,11.6,6.2,1.454,0.530,1,0,Wall4m,None,1,1,0,0,2.3046,0.4769,0.962,0.052,0
17.70,dummy,AUIT_Multi,BAC,1.000,1.000,1.000,0.0,0.0,0.865,1.000,1.532,1.160,1.000,1.493,World,Quad,14.3,18.0,0.549,0.518,0,0,None,None,1,1,0,0,9.2788,1.1138,0.298,0.000,0
17.80,dummy,AUIT_Multi,BAC,1.000,1.000,1.000,0.0,0.0,0.887,1.000,1.360,1.162,1.000,1.485,World,Quad,17.5,18.5,0.377,0.511,0,0,None,None,1,1,0,0,1.7701,0.0781,0.303,0.000,0
17.90,dummy,AUIT_Multi,BAC,1.000,1.000,1.000,0.0,0.0,0.878,1.000,1.368,1.162,1.000,1.484,World,Quad,18.4,18.5,0.387,0.511,0,0,None,None,1,1,0,0,0.1124,0.0081,0.307,0.000,0
18.00,dummy,AUIT_Multi,BAC,1.000,1.000,1.000,0.0,0.0,0.877,1.000,1.369,1.162,1.000,1.484,World,Wall4m,18.4,18.4,0.389,0.511,0,0,None,None,1,1,0,0,0.0141,0.0009,0.307,0.000,0
18.10,dummy,AUIT_Multi,BAC,1.000,1.000,1.000,0.0,0.0,0.877,1.000,1.369,1.161,1.000,1.484,World,Wall4m,18.4,18.4,0.389,0.511,0,0,None,None,1,1,0,0,0.0009,0.0007,0.307,0.000,0
18.20,dummy,AUIT_Multi,BAC,1.000,1.000,1.000,0.0,0.0,0.877,1.000,1.369,1.161,1.000,1.484,World,Wall4m,18.4,18.4,0.389,0.511,0,0,None,None,1,1,0,0,0.0000,0.0000,0.307,0.000,0
18.30,dummy,AUIT_Multi,BAC,1.000,1.000,1.000,0.0,0.0,0.877,1.000,1.369,1.161,1.000,1.484,World,Wall4m,18.4,18.4,0.389,0.511,0,0,None,None,1,1,0,0,0.0000,0.0000,0.307,0.000,0
18.40,dummy,AUIT_Multi,BAC,1.000,1.000,1.000,0.0,0.0,0.877,1.000,1.369,1.161,1.000,1.484,World,Wall4m,18.4,18.4,0.389,0.511,0,0,None,None,1,1,0,0,0.0000,0.0000,0.307,0.000,0
18.50,dummy,AUIT_Multi,BAC,1.000,1.000,1.000,0.0,0.0,0.877,1.000,1.369,1.161,1.000,1.484,World,Wall4m,18.4,18.4,0.389,0.511,0,0,None,None,1,1,0,0,0.0000,0.0000,0.307,0.000,0
18.60,dummy,AUIT_Multi,BAC,1.000,1.000,1.000,0.0,0.0,0.877,1.000,1.369,1.161,1.000,1.484,World,Wall4m,18.4,18.4,0.389,0.511,0,0,None,None,1,1,0,0,0.0000,0.0000,0.307,0.000,0
18.70,dummy,AUIT_Multi,BAC,1.000,1.000,1.000,0.0,0.0,0.877,1.000,1.369,1.161,1.000,1.484,World,Wall4m,18.4,18.4,0.389,0.511,0,0,None,None,1,1,0,0,0.0000,0.0000,0.307,0.000,0
18.80,dummy,AUIT_Multi,BAC,1.000,1.000,1.000,0.0,0.0,0.877,1.000,1.369,1.161,1.000,1.484,World,Wall4m,18.4,18.4,0.389,0.511,0,0,None,None,1,1,0,0,0.0000,0.0000,0.307,0.000,0
18.90,dummy,AUIT_Multi,BAC,1.000,1.000,1.000,0.0,0.0,0.877,1.000,1.369,1.161,1.000,1.484,World,Wall4m,18.4,18.4,0.389,0.511,0,0,None,None,1,1,0,0,0.0000,0.0000,0.307,0.000,0
19.00,dummy,AUIT_Multi,BAC,1.000,1.000,1.000,0.0,0.0,0.877,1.000,1.369,1.161,1.000,1.484,World,Wall4m,18.4,18.4,0.389,0.511,0,0,None,None,1,1,0,0,0.0000,0.0000,0.307,0.000,0
19.10,dummy,AUIT_Multi,BAC,1.000,1.000,1.000,0.0,0.0,0.877,1.000,1.369,1.161,1.000,1.484,World,Wall4m,18.4,18.4,0.389,0.511,0,0,None,None,1,1,0,0,0.0000,0.0000,0.307,0.000,0
19.20,dummy,AUIT_Multi,BAC,1.000,1.000,1.000,0.0,0.0,0.877,1.000,1.369,1.161,1.000,1.484,World,Wall4m,18.4,18.4,0.389,0.511,0,0,None,None,1,1,0,0,0.0000,0.0000,0.307,0.000,0
19.30,dummy,AUIT_Multi,BAC,1.000,1.000,1.000,0.0,0.0,0.877,1.000,1.369,1.161,1.000,1.484,World,Wall4m,18.4,18.4,0.389,0.511,0,0,None,None,1,1,0,0,0.0000,0.0000,0.307,0.000,0
19.40,dummy,AUIT_Multi,BAC,1.000,1.000,1.000,0.0,0.0,0.877,1.000,1.369,1.161,1.000,1.484,World,Wall4m,18.4,18.4,0.389,0.511,0,0,None,None,1,1,0,0,0.0000,0.0000,0.307,0.000,0
19.50,dummy,AUIT_Multi,BAC,1.000,1.000,1.300,0.0,0.0,0.815,1.000,1.602,1.126,1.000,1.491,World,Wall4m,31.5,33.4,0.354,0.229,0,0,None,None,0,0,0,0,2.4418,0.3672,0.330,0.000,0
19.60,dummy,AUIT_Multi,BAC,1.000,1.000,1.300,0.0,0.0,0.909,1.000,1.481,1.097,1.000,1.497,World,Wall4m,26.7,26.3,0.202,0.220,0,0,None,None,0,0,0,0,1.5028,0.2843,0.189,0.000,0
19.71,dummy,AUIT_Multi,BAC,1.000,1.000,1.300,0.0,0.0,0.915,1.000,1.481,1.093,1.000,1.498,World,Wall4m,25.2,25.2,0.200,0.219,0,0,None,None,0,0,0,0,0.0558,0.0428,0.179,0.000,0
19.80,dummy,AUIT_Multi,BAC,1.000,1.000,1.300,0.0,0.0,0.916,1.000,1.480,1.093,1.000,1.498,World,Wall4m,25.0,25.0,0.199,0.219,0,0,None,None,0,0,0,0,0.0077,0.0052,0.178,0.000,0
19.90,dummy,AUIT_Multi,BAC,1.000,1.000,1.300,0.0,0.0,0.916,1.000,1.480,1.092,1.000,1.498,World,Wall4m,25.0,25.0,0.199,0.219,0,0,None,None,0,0,0,0,0.0009,0.0006,0.177,0.000,0
20.00,dummy,AUIT_Multi,BAC,1.000,1.000,1.300,0.0,0.0,0.916,1.000,1.480,1.092,1.000,1.498,World,Wall4m,25.0,25.0,0.199,0.219,0,0,None,None,1,0,0,0,0.0001,0.0000,0.177,0.000,0
20.10,dummy,AUIT_Multi,BAC,1.000,1.000,1.300,0.0,0.0,0.916,1.000,1.480,1.092,1.000,1.498,World,Wall4m,25.0,25.0,0.199,0.219,0,0,None,None,1,0,0,0,0.0000,0.0000,0.177,0.000,0
20.20,dummy,AUIT_Multi,BAC,1.000,1.000,1.300,0.0,0.0,0.916,1.000,1.480,1.092,1.000,1.498,World,Wall4m,25.0,25.0,0.199,0.219,0,0,None,None,1,0,0,0,0.0000,0.0000,0.177,0.000,0
20.30,dummy,AUIT_Multi,BAC,1.000,1.000,1.300,0.0,0.0,0.916,1.000,1.480,1.092,1.000,1.498,World,Wall4m,25.0,25.0,0.199,0.219,0,0,None,None,1,0,0,0,0.0000,0.0006,0.177,0.000,0
20.42,dummy,AUIT_Multi,BAC,1.000,1.000,1.300,0.0,0.0,0.916,1.000,1.480,1.092,1.000,1.498,World,Wall4m,25.0,25.0,0.199,0.219,0,0,None,None,1,0,0,0,0.0000,0.0000,0.177,0.000,0
20.50,dummy,AUIT_Multi,BAC,1.000,1.000,1.300,0.0,0.0,0.916,1.000,1.480,1.092,1.000,1.498,World,Wall4m,25.0,25.0,0.199,0.219,0,0,None,None,1,0,0,0,0.0000,0.0008,0.177,0.000,0
20.60,dummy,AUIT_Multi,BAC,1.000,1.000,1.300,0.0,0.0,0.916,1.000,1.480,1.092,1.000,1.498,World,Wall4m,25.0,25.0,0.199,0.219,0,0,None,None,1,0,0,0,0.0000,0.0000,0.177,0.000,0
20.70,dummy,AUIT_Multi,BAC,1.000,1.000,1.300,0.0,0.0,0.916,1.000,1.480,1.092,1.000,1.498,World,Wall4m,25.0,25.0,0.199,0.219,0,0,None,None,1,0,0,0,0.0000,0.0000,0.177,0.000,0
20.80,dummy,AUIT_Multi,BAC,1.000,1.000,1.000,0.0,0.0,0.912,1.000,1.440,1.104,1.000,1.493,World,Quad,11.2,11.9,0.449,0.504,0,0,None,None,1,1,0,0,0.3920,0.1229,0.199,0.000,0
20.90,dummy,AUIT_Multi,BAC,1.000,1.000,1.000,0.0,0.0,0.907,1.000,1.369,1.125,1.000,1.485,World,Quad,14.2,14.4,0.381,0.501,0,0,None,None,1,1,0,0,0.7229,0.2259,0.247,0.000,0
21.00,dummy,AUIT_Multi,BAC,1.000,1.000,1.000,0.0,0.0,0.902,1.000,1.367,1.129,1.000,1.483,World,Quad,14.9,14.9,0.380,0.500,0,0,None,None,1,1,0,0,0.0475,0.0434,0.255,0.000,0
21.10,dummy,AUIT_Multi,BAC,1.000,1.000,1.000,0.0,0.0,0.902,1.000,1.368,1.129,1.000,1.483,World,Quad,15.0,15.0,0.381,0.500,0,0,None,None,1,1,0,0,0.0096,0.0053,0.256,0.000,0
21.20,dummy,AUIT_Multi,BAC,1.000,1.000,1.000,0.0,0.0,0.901,1.000,1.368,1.129,1.000,1.483,World,Quad,15.0,15.0,0.381,0.500,0,0,None,None,1,1,0,0,0.0007,0.0006,0.256,0.000,0
21.30,dummy,AUIT_Multi,BAC,1.000,1.000,1.000,0.0,0.0,0.901,1.000,1.368,1.129,1.000,1.483,World,Quad,15.0,15.0,0.381,0.500,0,0,None,None,1,1,0,0,0.0001,0.0000,0.256,0.000,0
21.41,dummy,AUIT_Multi,BAC,1.000,1.000,1.400,0.0,0.0,0.815,1.008,1.676,1.088,1.000,1.492,World,Wall4m,33.9,43.7,0.332,0.128,0,0,None,None,0,0,0,0,3.1223,0.4114,0.329,0.000,0
21.51,dummy,AUIT_Multi,BAC,1.000,1.000,1.400,0.0,0.0,0.896,1.002,1.607,1.053,1.000,1.501,World,Wall4m,26.8,27.9,0.232,0.114,0,0,None,None,0,0,0,0,1.0649,0.3600,0.190,0.000,0
21.60,dummy,AUIT_Multi,BAC,1.000,1.000,1.400,0.0,0.0,0.920,1.000,1.569,1.048,1.000,1.502,World,Wall4m,25.3,25.4,0.187,0.113,0,0,None,None,0,0,0,0,0.4687,0.0523,0.144,0.000,0
21.70,dummy,AUIT_Multi,BAC,1.000,1.000,1.400,0.0,0.0,0.905,1.000,1.603,1.048,1.000,1.502,World,Wall4m,25.0,25.1,0.224,0.113,0,0,None,None,0,0,0,0,0.3681,0.0061,0.175,0.000,0
21.80,dummy,AUIT_Multi,BAC,1.000,1.000,1.400,0.0,0.0,0.920,1.000,1.572,1.048,1.000,1.502,World,Wall4m,25.0,25.1,0.190,0.112,0,0,None,None,0,0,0,0,0.3403,0.0007,0.146,0.000,0
21.91,dummy,AUIT_Multi,BAC,1.000,1.000,1.400,0.0,0.0,0.904,1.000,1.606,1.048,1.000,1.502,World,Wall4m,25.0,25.1,0.228,0.112,0,0,None,None,0,0,0,0,0.3723,0.0000,0.178,0.000,0
22.01,dummy,AUIT_Multi,BAC,1.000,1.000,1.400,0.0,0.0,0.917,1.000,1.578,1.048,1.000,1.502,World,Wall4m,25.0,25.1,0.196,0.112,0,0,None,None,0,0,0,0,0.3142,0.0000,0.151,0.000,0
22.10,dummy,AUIT_Multi,BAC,1.000,1.000,1.400,0.0,0.0,0.912,1.000,1.588,1.048,1.000,1.502,World,Wall4m,25.0,25.1,0.207,0.112,0,0,None,None,1,0,0,0,0.1176,0.0000,0.160,0.000,0
22.20,dummy,AUIT_Multi,BAC,1.000,1.000,1.400,0.0,0.0,0.917,1.000,1.579,1.048,1.000,1.502,World,Wall4m,25.0,25.1,0.197,0.112,0,0,None,None,1,0,0,0,0.0999,0.0000,0.152,0.000,0
22.30,dummy,AUIT_Multi,BAC,1.000,1.000,1.400,0.0,0.0,0.914,1.000,1.584,1.048,1.000,1.502,World,Wall4m,25.0,25.1,0.203,0.112,0,0,None,None,0,0,0,0,0.0580,0.0000,0.157,0.000,0
22.40,dummy,AUIT_Multi,BAC,1.000,1.000,1.400,0.0,0.0,0.906,1.000,1.602,1.048,1.000,1.502,World,Wall4m,25.0,25.1,0.223,0.112,0,0,None,None,0,0,0,0,0.2019,0.0000,0.174,0.000,0
22.50,dummy,AUIT_Multi,BAC,1.000,1.000,1.400,0.0,0.0,0.919,1.000,1.574,1.048,1.000,1.502,World,Wall4m,25.0,25.1,0.193,0.112,0,0,None,None,1,0,0,0,0.3044,0.0000,0.148,0.000,0
22.60,dummy,AUIT_Multi,BAC,1.000,1.000,1.400,0.0,0.0,0.919,1.000,1.573,1.048,1.000,1.502,World,Wall4m,25.0,25.1,0.191,0.112,0,0,None,None,0,0,0,0,0.0191,0.0000,0.146,0.000,0
22.70,dummy,AUIT_Multi,BAC,1.000,1.000,1.400,0.0,0.0,0.910,1.000,1.594,1.048,1.000,1.502,World,Wall4m,25.0,25.1,0.214,0.112,0,0,None,None,0,0,0,0,0.2282,0.0000,0.166,0.000,0
22.80,dummy,AUIT_Multi,BAC,1.000,1.000,1.400,0.0,0.0,0.920,1.000,1.571,1.048,1.000,1.502,World,Wall4m,25.0,25.1,0.189,0.112,0,0,None,None,0,0,0,0,0.2541,0.0000,0.145,0.000,0
22.90,dummy,AUIT_Multi,BAC,1.000,1.000,1.400,0.0,0.0,0.907,1.000,1.599,1.048,1.000,1.502,World,Wall4m,25.0,25.1,0.219,0.112,0,0,None,None,0,0,0,0,0.3057,0.0000,0.171,0.000,0
23.00,dummy,AUIT_Multi,BAC,1.000,1.000,1.400,0.0,0.0,0.918,1.000,1.577,1.048,1.000,1.502,World,Wall4m,25.0,25.1,0.195,0.112,0,0,None,None,1,0,0,0,0.2430,0.0000,0.150,0.000,0
23.10,dummy,AUIT_Multi,BAC,1.000,1.000,1.400,0.0,0.0,0.914,1.000,1.585,1.048,1.000,1.502,World,Wall4m,25.0,25.1,0.204,0.112,0,0,None,None,0,0,0,0,0.0945,0.0000,0.158,0.000,0
23.20,dummy,AUIT_Multi,BAC,1.000,1.000,1.400,0.0,0.0,0.906,1.000,1.602,1.048,1.000,1.502,World,Wall4m,25.0,25.1,0.223,0.112,0,0,None,None,0,0,0,0,0.1896,0.0000,0.174,0.000,0
23.30,dummy,AUIT_Multi,BAC,1.000,1.000,1.400,0.0,0.0,0.921,1.000,1.570,1.048,1.000,1.502,World,Wall4m,25.0,25.1,0.188,0.112,0,0,None,None,0,0,0,0,0.3490,0.0000,0.144,0.000,0
23.40,dummy,AUIT_Multi,BAC,1.000,1.000,1.400,0.0,0.0,0.907,1.000,1.600,1.048,1.000,1.502,World,Wall4m,25.0,25.1,0.221,0.112,0,0,None,None,0,0,0,0,0.3312,0.0000,0.172,0.000,0
23.50,dummy,AUIT_Multi,BAC,1.000,1.000,1.400,0.0,0.0,0.920,1.000,1.571,1.048,1.000,1.502,World,Wall4m,25.0,25.1,0.189,0.112,0,0,None,None,0,0,0,0,0.3179,0.0000,0.145,0.000,0
23.60,dummy,AUIT_Multi,BAC,1.000,1.000,1.400,0.0,0.0,0.914,1.000,1.585,1.048,1.000,1.502,World,Wall4m,25.0,25.1,0.204,0.112,0,0,None,None,1,0,0,0,0.1572,0.0000,0.157,0.000,0
23.70,dummy,AUIT_Multi,BAC,1.000,1.000,1.400,0.0,0.0,0.907,1.000,1.599,1.048,1.000,1.502,World,Wall4m,25.0,25.1,0.219,0.112,0,0,None,None,1,0,0,0,0.1510,0.0000,0.170,0.000,0
23.80,dummy,AUIT_Multi,BAC,1.000,1.000,1.400,0.0,0.0,0.921,1.000,1.569,1.048,1.000,1.502,World,Wall4m,25.0,25.1,0.187,0.112,0,0,None,None,0,0,0,0,0.3369,0.0000,0.143,0.000,0
23.90,dummy,AUIT_Multi,BAC,1.000,1.000,1.400,0.0,0.0,0.911,1.000,1.591,1.048,1.000,1.502,World,Wall4m,25.0,25.1,0.210,0.112,0,0,None,None,0,0,0,0,0.2366,0.0000,0.163,0.000,0
24.00,dummy,AUIT_Multi,BAC,1.000,1.000,1.400,0.0,0.0,0.909,1.000,1.595,1.048,1.000,1.502,World,Wall4m,25.0,25.1,0.215,0.112,0,0,None,None,0,0,0,0,0.0448,0.0000,0.167,0.000,0
24.10,dummy,AUIT_Multi,BAC,1.000,1.000,1.400,0.0,0.0,0.910,1.000,1.593,1.048,1.000,1.502,World,Wall4m,25.0,25.1,0.213,0.112,0,0,None,None,1,0,0,0,0.0183,0.0000,0.165,0.000,0
24.21,dummy,AUIT_Multi,BAC,1.000,1.000,1.000,0.0,0.0,0.918,1.000,1.509,1.069,1.000,1.497,World,Quad,9.2,7.9,0.516,0.502,0,0,None,None,1,1,0,0,0.8060,0.2062,0.151,0.059,0
24.30,dummy,AUIT_Multi,BAC,1.000,1.000,1.000,0.0,0.0,0.912,1.000,1.372,1.117,1.000,1.486,World,Quad,13.4,13.5,0.382,0.500,0,0,None,None,1,1,0,0,1.4167,0.5121,0.235,0.000,0
24.40,dummy,AUIT_Multi,BAC,1.000,1.000,1.000,0.0,0.0,0.903,1.000,1.366,1.128,1.000,1.484,World,Quad,14.8,14.8,0.379,0.500,0,0,None,None,1,1,0,0,0.0995,0.1103,0.253,0.000,0
24.50,dummy,AUIT_Multi,BAC,1.000,1.000,1.000,0.0,0.0,0.902,1.000,1.368,1.129,1.000,1.483,World,Quad,15.0,15.0,0.381,0.500,0,0,None,None,1,1,0,0,0.0200,0.0140,0.255,0.000,0
24.60,dummy,AUIT_Multi,BAC,1.000,1.000,1.000,0.0,0.0,0.902,1.000,1.368,1.129,1.000,1.483,World,Quad,15.0,15.0,0.381,0.500,0,0,None,None,1,1,0,0,0.0015,0.0016,0.256,0.000,0
24.70,dummy,AUIT_Multi,BAC,1.000,1.000,1.000,0.0,0.0,0.901,1.000,1.368,1.129,1.000,1.483,World,Quad,15.0,15.0,0.381,0.500,0,0,None,None,1,1,0,0,0.0002,0.0001,0.256,0.000,0
24.80,dummy,AUIT_Multi,BAC,1.000,1.000,1.000,0.0,0.0,0.901,1.000,1.368,1.129,1.000,1.483,World,Quad,15.0,15.0,0.381,0.500,0,0,None,None,1,1,0,0,0.0000,0.0000,0.256,0.000,0
24.90,dummy,AUIT_Multi,BAC,1.000,1.000,1.000,0.0,0.0,0.901,1.000,1.368,1.129,1.000,1.483,World,Quad,15.0,15.0,0.381,0.500,0,0,None,None,1,1,0,0,0.0000,0.0000,0.256,0.000,0
25.00,dummy,AUIT_Multi,BAC,1.000,1.000,1.000,0.0,0.0,0.901,1.000,1.368,1.129,1.000,1.483,World,Quad,15.0,15.0,0.381,0.500,0,0,None,None,1,1,0,0,0.0000,0.0000,0.256,0.000,0
25.10,dummy,AUIT_Multi,BAC,1.000,1.000,1.000,0.0,0.0,0.901,1.000,1.368,1.129,1.000,1.483,World,Quad,15.0,15.0,0.381,0.500,0,0,None,None,1,1,0,0,0.0000,0.0000,0.256,0.000,0
25.20,dummy,AUIT_Multi,BAC,1.000,1.000,1.000,0.0,0.0,0.901,1.000,1.368,1.129,1.000,1.483,World,Quad,15.0,15.0,0.381,0.500,0,0,None,None,1,1,0,0,0.0000,0.0000,0.256,0.000,0
25.30,dummy,AUIT_Multi,BAC,1.000,1.000,1.000,0.0,0.0,0.901,1.000,1.368,1.129,1.000,1.483,World,Quad,15.0,15.0,0.381,0.500,0,0,None,None,1,1,0,0,0.0000,0.0000,0.256,0.000,0
25.40,dummy,AUIT_Multi,BAC,1.000,1.000,1.000,0.0,0.0,0.901,1.000,1.368,1.129,1.000,1.483,World,Quad,15.0,15.0,0.381,0.500,0,0,None,None,1,1,0,0,0.0000,0.0000,0.256,0.000,0
25.50,dummy,AUIT_Multi,BAC,1.000,1.000,1.000,0.0,0.0,0.901,1.000,1.368,1.129,1.000,1.483,World,Quad,15.0,15.0,0.381,0.500,0,0,None,None,1,1,0,0,0.0000,0.0000,0.256,0.000,0
25.60,dummy,AUIT_Multi,BAC,1.000,1.000,1.000,0.0,0.0,0.901,1.000,1.368,1.129,1.000,1.483,World,Quad,15.0,15.0,0.381,0.500,0,0,None,None,1,1,0,0,0.0000,0.0000,0.256,0.000,0
25.70,dummy,AUIT_Multi,BAC,1.000,1.000,1.000,0.0,0.0,0.901,1.000,1.368,1.129,1.000,1.483,World,Quad,15.0,15.0,0.381,0.500,0,0,None,None,1,1,0,0,0.0000,0.0000,0.256,0.000,0
25.80,dummy,AUIT_Multi,BAC,1.000,1.000,1.000,0.0,0.0,0.901,1.000,1.368,1.129,1.000,1.483,World,Quad,15.0,15.0,0.381,0.500,0,0,None,None,1,1,0,0,0.0000,0.0000,0.256,0.000,0
25.90,dummy,AUIT_Multi,BAC,1.000,1.000,1.000,0.0,0.0,0.901,1.000,1.368,1.129,1.000,1.483,World,Quad,15.0,15.0,0.381,0.500,0,0,None,None,1,1,0,0,0.0000,0.0000,0.256,0.000,0
26.01,dummy,AUIT_Multi,BAC,1.000,1.000,1.000,0.0,0.0,0.901,1.000,1.368,1.129,1.000,1.483,World,Quad,15.0,15.0,0.381,0.500,0,0,None,None,1,1,0,0,0.0000,0.0000,0.256,0.000,0
26.10,dummy,AUIT_Multi,BAC,1.000,1.000,1.000,0.0,0.0,0.901,1.000,1.368,1.129,1.000,1.483,World,Quad,15.0,15.0,0.381,0.500,0,0,None,None,1,1,0,0,0.0000,0.0000,0.256,0.000,0
26.21,dummy,AUIT_Multi,BAC,1.000,1.000,1.000,0.0,0.0,0.901,1.000,1.368,1.129,1.000,1.483,World,Quad,15.0,15.0,0.381,0.500,0,0,None,None,1,1,0,0,0.0000,0.0000,0.256,0.000,0
26.30,dummy,AUIT_Multi,BAC,1.000,1.000,1.000,0.0,0.0,0.901,1.000,1.368,1.129,1.000,1.483,World,Quad,15.0,15.0,0.381,0.500,0,0,None,None,1,1,0,0,0.0000,0.0000,0.256,0.000,0
26.41,dummy,AUIT_Multi,BAC,1.000,1.000,1.000,0.0,0.0,0.901,1.000,1.368,1.129,1.000,1.483,World,Quad,15.0,15.0,0.381,0.500,0,0,None,None,1,1,0,0,0.0000,0.0000,0.256,0.000,0
26.50,dummy,AUIT_Multi,BAC,1.000,1.000,1.000,0.0,0.0,0.901,1.000,1.368,1.129,1.000,1.483,World,Quad,15.0,15.0,0.381,0.500,0,0,None,None,1,1,0,0,0.0000,0.0000,0.256,0.000,0
26.60,dummy,AUIT_Multi,BAC,1.000,1.000,1.000,0.0,0.0,0.901,1.000,1.368,1.129,1.000,1.483,World,Quad,15.0,15.0,0.381,0.500,0,0,None,None,1,1,0,0,0.0000,0.0000,0.256,0.000,0
26.71,dummy,AUIT_Multi,BAC,1.000,1.000,1.000,0.0,0.0,0.901,1.000,1.368,1.129,1.000,1.483,World,Quad,15.0,15.0,0.381,0.500,0,0,None,None,1,1,0,0,0.0000,0.0000,0.256,0.000,0
26.81,dummy,AUIT_Multi,BAC,1.000,1.000,1.000,0.0,0.0,0.901,1.000,1.368,1.129,1.000,1.483,World,Quad,15.0,15.0,0.381,0.500,0,0,None,None,1,1,0,0,0.0000,0.0000,0.256,0.000,0
26.90,dummy,AUIT_Multi,BAC,1.000,1.000,1.000,0.0,0.0,0.901,1.000,1.368,1.129,1.000,1.483,World,Quad,15.0,15.0,0.381,0.500,0,0,None,None,1,1,0,0,0.0000,0.0000,0.256,0.000,0
27.00,dummy,AUIT_Multi,BAC,1.000,1.000,1.000,0.0,0.0,0.901,1.000,1.368,1.129,1.000,1.483,World,Quad,15.0,15.0,0.381,0.500,0,0,None,None,1,1,0,0,0.0000,0.0000,0.256,0.000,0
27.10,dummy,AUIT_Multi,BAC,1.000,1.000,1.000,0.0,0.0,0.901,1.000,1.368,1.129,1.000,1.483,World,Quad,15.0,15.0,0.381,0.500,0,0,None,None,1,1,0,0,0.0000,0.0000,0.256,0.000,0
27.20,dummy,AUIT_Multi,BAC,1.000,1.000,1.000,0.0,0.0,0.901,1.000,1.368,1.129,1.000,1.483,World,Quad,15.0,15.0,0.381,0.500,0,0,None,None,1,1,0,0,0.0000,0.0000,0.256,0.000,0
27.30,dummy,AUIT_Multi,BAC,1.000,1.000,1.000,0.0,0.0,0.901,1.000,1.368,1.129,1.000,1.483,World,Quad,15.0,15.0,0.381,0.500,0,0,None,None,1,1,0,0,0.0000,0.0000,0.256,0.000,0
27.40,dummy,AUIT_Multi,BAC,1.000,1.000,1.000,0.0,0.0,0.901,1.000,1.368,1.129,1.000,1.483,World,Quad,15.0,15.0,0.381,0.500,0,0,None,None,1,1,0,0,0.0000,0.0000,0.256,0.000,0
27.50,dummy,AUIT_Multi,BAC,1.000,1.000,1.000,0.0,0.0,0.901,1.000,1.368,1.129,1.000,1.483,World,Quad,15.0,15.0,0.381,0.500,0,0,None,None,1,1,0,0,0.0000,0.0000,0.256,0.000,0
27.60,dummy,AUIT_Multi,BAC,1.000,1.000,1.000,0.0,0.0,0.901,1.000,1.368,1.129,1.000,1.483,World,Quad,15.0,15.0,0.381,0.500,0,0,None,None,1,1,0,0,0.0000,0.0000,0.256,0.000,0
27.70,dummy,AUIT_Multi,BAC,1.000,1.000,1.000,0.0,0.0,0.901,1.000,1.368,1.129,1.000,1.483,World,Quad,15.0,15.0,0.381,0.500,0,0,None,None,1,1,0,0,0.0000,0.0000,0.256,0.000,0
27.80,dummy,AUIT_Multi,BAC,1.000,1.000,1.000,0.0,0.0,0.901,1.000,1.368,1.129,1.000,1.483,World,Quad,15.0,15.0,0.381,0.500,0,0,None,None,1,1,0,0,0.0000,0.0000,0.256,0.000,0
27.90,dummy,AUIT_Multi,BAC,1.000,1.000,1.000,0.0,0.0,0.901,1.000,1.368,1.129,1.000,1.483,World,Quad,15.0,15.0,0.381,0.500,0,0,None,None,1,1,0,0,0.0000,0.0000,0.256,0.000,0
28.00,dummy,AUIT_Multi,BAC,1.000,1.000,1.000,0.0,0.0,0.901,1.000,1.368,1.129,1.000,1.483,World,Quad,15.0,15.0,0.381,0.500,0,0,None,None,1,1,0,0,0.0000,0.0000,0.256,0.000,0
28.10,dummy,AUIT_Multi,BAC,1.000,1.000,1.000,0.0,0.0,0.901,1.000,1.368,1.129,1.000,1.483,World,Quad,15.0,15.0,0.381,0.500,0,0,None,None,1,1,0,0,0.0000,0.0000,0.256,0.000,0
28.20,dummy,AUIT_Multi,BAC,1.000,1.000,1.000,0.0,0.0,0.901,1.000,1.368,1.129,1.000,1.483,World,Quad,15.0,15.0,0.381,0.500,0,0,None,None,1,1,0,0,0.0000,0.0000,0.256,0.000,0
28.30,dummy,AUIT_Multi,BAC,1.000,1.000,1.000,0.0,0.0,0.901,1.000,1.368,1.129,1.000,1.483,World,Quad,15.0,15.0,0.381,0.500,0,0,None,None,1,1,0,0,0.0000,0.0000,0.256,0.000,0
28.40,dummy,AUIT_Multi,BAC,1.000,1.000,1.000,0.0,0.0,0.901,1.000,1.368,1.129,1.000,1.483,World,Quad,15.0,15.0,0.381,0.500,0,0,None,None,1,1,0,0,0.0000,0.0000,0.256,0.000,0
28.50,dummy,AUIT_Multi,BAC,1.000,1.000,1.000,0.0,0.0,0.901,1.000,1.368,1.129,1.000,1.483,World,Quad,15.0,15.0,0.381,0.500,0,0,None,None,1,1,0,0,0.0000,0.0000,0.256,0.000,0
28.60,dummy,AUIT_Multi,BAC,1.000,1.000,1.000,0.0,0.0,0.901,1.000,1.368,1.129,1.000,1.483,World,Quad,15.0,15.0,0.381,0.500,0,0,None,None,1,1,0,0,0.0000,0.0000,0.256,0.000,0
28.70,dummy,AUIT_Multi,BAC,1.000,1.000,1.000,2.0,0.0,0.901,1.000,1.368,1.142,1.000,1.484,World,Quad,17.0,14.3,0.381,0.504,0,0,None,None,1,1,0,0,0.0000,0.1254,0.267,0.000,0
28.80,dummy,AUIT_Multi,BAC,1.000,1.000,1.000,2.0,0.0,0.901,1.000,1.368,1.163,1.000,1.484,World,Quad,17.0,16.6,0.381,0.511,0,0,None,None,1,1,0,0,0.0000,0.2015,0.286,0.000,0
28.90,dummy,AUIT_Multi,BAC,1.000,1.000,1.000,2.0,0.0,0.901,1.000,1.368,1.166,1.000,1.484,World,Quad,17.0,16.9,0.381,0.512,0,0,None,None,1,1,0,0,0.0000,0.0367,0.289,0.000,0
29.00,dummy,AUIT_Multi,BAC,1.000,1.000,1.000,2.0,0.0,0.901,1.000,1.368,1.167,1.000,1.484,World,Quad,17.0,17.0,0.381,0.512,0,0,None,None,1,1,0,0,0.0000,0.0047,0.290,0.000,0
29.10,dummy,AUIT_Multi,BAC,1.000,1.000,1.000,2.0,0.0,0.901,1.000,1.368,1.167,1.000,1.484,World,Quad,17.0,17.0,0.381,0.512,0,0,None,None,1,1,0,0,0.0000,0.0006,0.290,0.000,0
29.20,dummy,AUIT_Multi,BAC,1.000,1.000,1.000,27.0,0.0,0.977,1.000,1.365,1.460,1.000,1.473,World,MixingBowl,30.6,17.2,0.366,0.660,0,0,None,None,0,1,0,0,0.7704,2.9929,0.495,0.000,0
29.30,dummy,AUIT_Multi,BAC,1.000,1.000,1.000,27.0,0.0,1.008,1.000,1.365,1.574,1.000,1.464,World,MixingBowl,25.8,24.0,0.365,0.738,0,0,None,None,0,1,0,0,0.3040,1.1328,0.575,0.000,0
29.40,dummy,AUIT_Multi,BAC,1.000,1.000,1.000,27.0,0.0,1.012,1.000,1.365,1.589,1.000,1.462,World,MixingBowl,25.1,24.9,0.365,0.748,0,0,None,None,0,1,0,0,0.0449,0.1494,0.585,0.000,0
29.50,dummy,AUIT_Multi,BAC,1.000,1.000,1.000,27.0,0.0,1.013,1.000,1.365,1.590,1.000,1.461,World,MixingBowl,25.0,25.0,0.365,0.749,0,0,None,None,0,1,0,0,0.0054,0.0149,0.585,0.000,0
29.60,dummy,AUIT_Multi,BAC,1.000,1.000,1.000,270.0,0.0,0.506,1.000,0.964,0.818,1.000,1.482,World,Quad,4.2,69.3,0.495,0.516,0,0,None,None,1,0,0,0,6.3355,7.5729,0.605,0.000,0
29.70,dummy,AUIT_Multi,BAC,1.000,1.000,1.000,270.0,0.0,0.022,1.000,0.575,0.091,1.000,1.488,World,Refrigerator03_Door01,23.5,28.2,1.066,1.032,0,0,None,None,1,0,1,0,6.2587,7.3296,0.915,0.000,0
29.80,dummy,AUIT_Multi,BAC,1.000,1.000,1.000,270.0,0.0,0.015,1.000,0.544,0.067,1.001,1.450,World,Refrigerator03_Door01,24.8,25.7,1.086,1.036,0,0,None,None,1,0,1,0,0.3112,0.4418,0.907,0.000,0
29.90,dummy,AUIT_Multi,BAC,1.000,1.000,1.000,270.0,0.0,0.018,1.000,0.543,0.130,1.002,1.402,World,Refrigerator03_Door01,25.0,24.8,1.083,0.959,0,0,None,None,1,1,1,1,0.0392,0.8058,0.867,0.000,1
30.00,dummy,AUIT_Multi,BAC,1.000,1.000,1.000,270.0,0.0,0.018,1.000,0.542,0.199,1.004,1.351,World,Refrigerator03_Door01,25.0,23.7,1.083,0.875,0,0,None,None,1,1,1,1,0.0016,0.8420,0.829,0.000,1
30.10,dummy,AUIT_Multi,BAC,1.000,1.000,1.000,270.0,0.0,0.018,1.000,0.542,0.249,1.005,1.311,World,Refrigerator03_Door01,25.0,22.5,1.083,0.813,0,0,None,None,1,1,1,1,0.0001,0.6692,0.802,0.000,1
30.20,dummy,AUIT_Multi,BAC,1.000,1.000,1.000,270.0,0.0,0.018,1.000,0.542,0.321,1.007,1.258,World,Refrigerator03_Door01,25.0,20.8,1.083,0.727,0,0,None,None,1,1,1,0,0.0000,0.8806,0.777,0.000,0
30.30,dummy,AUIT_Multi,BAC,1.000,1.000,1.000,270.0,0.0,0.018,1.000,0.542,0.391,1.009,1.206,World,Refrigerator03_Door01,25.0,18.7,1.083,0.643,0,0,None,None,1,1,1,0,0.0000,0.8605,0.761,0.000,0
30.40,dummy,AUIT_Multi,BAC,1.000,1.000,1.000,270.0,0.0,0.018,1.000,0.542,0.460,1.010,1.154,World,Refrigerator03_Door01,25.0,16.0,1.083,0.561,0,0,None,None,1,1,1,0,0.0000,0.8729,0.755,0.000,0
30.50,dummy,AUIT_Multi,BAC,1.000,1.000,1.000,270.0,0.0,0.018,1.000,0.542,0.504,1.012,1.119,World,Refrigerator03_Door01,25.0,13.6,1.083,0.510,0,0,None,None,1,1,1,0,0.0000,0.5445,0.754,0.000,0
30.60,dummy,AUIT_Multi,BAC,1.000,1.000,1.000,270.0,0.0,0.018,1.000,0.542,0.578,1.013,1.065,World,Refrigerator03_Door01,25.0,8.9,1.083,0.427,0,0,None,None,1,1,1,0,0.0000,0.9265,0.766,0.000,0
30.70,dummy,AUIT_Multi,BAC,1.000,1.000,1.000,270.0,0.0,0.018,1.000,0.542,0.643,1.015,1.016,World,Refrigerator03_Door01,25.0,3.5,1.083,0.358,0,0,None,None,1,1,1,0,0.0000,0.8051,0.784,0.000,0
30.80,dummy,AUIT_Multi,BAC,1.000,1.000,1.000,270.0,0.0,0.042,1.000,0.568,0.632,1.015,1.021,World,Refrigerator03_Door01,24.3,3.9,1.051,0.369,0,0,None,None,1,1,1,0,0.3516,0.1188,0.744,0.000,0
30.90,dummy,AUIT_Multi,BAC,1.000,1.000,1.000,270.0,0.0,0.092,0.999,0.621,0.647,1.015,1.009,World,Refrigerator03_Door01,22.7,2.8,0.984,0.354,0,0,None,None,1,1,1,0,0.7364,0.1937,0.678,0.000,0
31.00,dummy,AUIT_Multi,BAC,1.000,1.000,1.000,270.0,0.0,0.143,0.998,0.675,0.657,1.015,1.000,World,Refrigerator03_Door01,20.8,2.5,0.917,0.343,0,0,None,None,1,1,1,0,0.7491,0.1364,0.609,0.000,0
31.10,dummy,AUIT_Multi,BAC,1.000,1.000,1.000,270.0,0.0,0.193,0.997,0.729,0.658,1.015,0.997,World,Refrigerator03_Door01,18.6,2.6,0.851,0.342,0,0,None,None,1,1,1,0,0.7478,0.0363,0.537,0.051,0
31.20,dummy,AUIT_Multi,BAC,1.000,1.000,1.000,270.0,0.0,0.244,0.996,0.784,0.663,1.015,0.991,World,Quad,16.0,3.0,0.786,0.337,0,0,None,None,1,1,0,0,0.7437,0.0755,0.468,0.057,0
31.30,dummy,AUIT_Multi,BAC,1.000,1.000,1.000,270.0,0.0,0.294,0.995,0.838,0.663,1.015,0.988,World,Quad,12.9,3.3,0.725,0.337,0,0,None,None,1,1,0,0,0.7179,0.0276,0.400,0.059,0
31.40,dummy,AUIT_Multi,BAC,1.000,1.000,1.000,270.0,0.0,0.342,0.994,0.889,0.668,1.015,0.985,World,Quad,9.6,3.7,0.667,0.333,0,0,None,None,1,1,0,0,0.7058,0.0519,0.340,0.064,0
31.50,dummy,AUIT_Multi,BAC,1.000,1.000,1.000,270.0,0.0,0.389,0.993,0.940,0.667,1.015,0.984,World,Quad,5.7,3.8,0.614,0.333,0,0,None,None,1,1,0,0,0.7029,0.0108,0.282,0.065,0
31.60,dummy,AUIT_Multi,BAC,1.000,1.000,1.000,270.0,0.0,0.440,0.992,1.022,0.673,1.016,0.948,World,Quad,2.4,9.4,0.560,0.332,0,0,None,None,1,1,0,0,0.9561,0.3631,0.245,0.091,0
31.70,dummy,AUIT_Multi,BAC,1.000,1.000,1.000,270.0,0.0,0.487,0.991,1.074,0.674,1.016,0.944,World,Quad,8.3,10.1,0.518,0.331,0,0,None,None,1,1,0,0,0.7121,0.0428,0.229,0.095,0
31.80,dummy,AUIT_Multi,BAC,1.000,1.000,1.000,270.0,0.0,0.229,0.996,1.195,0.236,1.007,0.809,World,Quad,14.2,14.1,0.795,0.788,0,0,None,None,1,1,0,0,2.8225,4.5428,0.386,0.000,0
31.90,dummy,AUIT_Multi,BAC,1.000,1.000,1.000,270.0,0.0,0.181,0.999,1.218,-0.099,1.001,0.708,World,Quad,14.9,14.9,0.847,1.137,0,0,None,None,1,1,1,1,0.5455,3.5801,0.582,0.000,1
32.00,dummy,AUIT_Multi,BAC,1.000,1.000,1.000,270.0,0.0,0.188,1.000,1.217,-0.152,1.000,0.692,World,Quad,15.0,15.0,0.841,1.192,0,0,None,None,1,1,1,1,0.0662,0.5553,0.626,0.000,1
32.10,dummy,AUIT_Multi,BAC,1.000,1.000,1.000,270.0,0.0,0.187,1.000,1.218,-0.158,1.000,0.690,World,Quad,15.0,15.0,0.842,1.199,0,0,None,None,1,1,1,1,0.0080,0.0670,0.631,0.000,1
32.20,dummy,AUIT_Multi,BAC,1.000,1.000,1.000,270.0,0.0,0.187,1.000,1.218,-0.159,1.000,0.690,World,Quad,15.0,15.0,0.842,1.200,0,0,None,None,1,1,1,1,0.0007,0.0068,0.631,0.000,1
32.30,dummy,AUIT_Multi,BAC,1.000,1.000,1.000,270.0,0.0,0.187,1.000,1.218,-0.159,1.000,0.690,World,Quad,15.0,15.0,0.842,1.200,0,0,None,None,1,1,1,1,0.0001,0.0006,0.631,0.000,1
32.40,dummy,AUIT_Multi,BAC,1.000,1.000,1.000,270.0,0.0,0.187,1.000,1.218,-0.159,1.000,0.690,World,Quad,15.0,15.0,0.842,1.200,0,0,None,None,1,1,1,1,0.0000,0.0000,0.631,0.000,1
32.50,dummy,AUIT_Multi,BAC,1.000,1.000,1.000,270.0,0.0,0.187,1.000,1.218,-0.159,1.000,0.690,World,Quad,15.0,15.0,0.842,1.200,0,0,None,None,1,1,1,1,0.0000,0.0000,0.631,0.000,1
32.60,dummy,AUIT_Multi,BAC,1.000,1.000,1.000,270.0,0.0,0.187,1.000,1.218,-0.159,1.000,0.690,World,Quad,15.0,15.0,0.842,1.200,0,0,None,None,1,1,1,1,0.0000,0.0000,0.631,0.000,1
32.70,dummy,AUIT_Multi,BAC,1.000,1.000,1.000,270.0,0.0,0.187,1.000,1.218,-0.159,1.000,0.690,World,Quad,15.0,15.0,0.842,1.200,0,0,None,None,1,1,1,1,0.0000,0.0012,0.632,0.000,1
32.80,dummy,AUIT_Multi,BAC,1.000,1.000,1.000,270.0,0.0,0.187,1.000,1.218,-0.159,1.000,0.690,World,Quad,15.0,15.0,0.842,1.200,0,0,None,None,1,1,1,1,0.0000,0.0000,0.632,0.000,1
32.90,dummy,AUIT_Multi,BAC,1.000,1.000,1.000,270.0,0.0,0.187,1.000,1.218,-0.159,1.000,0.690,World,Quad,15.0,15.0,0.842,1.200,0,0,None,None,1,1,1,1,0.0000,0.0000,0.632,0.000,1
33.00,dummy,AUIT_Multi,BAC,1.000,1.000,1.000,270.0,0.0,0.187,1.000,1.218,-0.159,1.000,0.690,World,Quad,15.0,15.0,0.842,1.200,0,0,None,None,1,1,1,1,0.0000,0.0000,0.632,0.000,1
33.10,dummy,AUIT_Multi,BAC,1.000,1.000,1.000,270.0,0.0,0.187,1.000,1.218,-0.159,1.000,0.690,World,Quad,15.0,15.0,0.842,1.200,0,0,None,None,1,1,1,1,0.0000,0.0000,0.632,0.000,1
33.20,dummy,AUIT_Multi,BAC,1.000,1.000,1.000,270.0,0.0,0.187,1.000,1.218,-0.159,1.000,0.690,World,Quad,15.0,15.0,0.842,1.200,0,0,None,None,1,1,1,1,0.0000,0.0000,0.632,0.000,1
33.30,dummy,AUIT_Multi,BAC,1.000,1.000,1.000,270.0,0.0,0.187,1.000,1.218,-0.159,1.000,0.690,World,Quad,15.0,15.0,0.842,1.200,0,0,None,None,1,1,1,1,0.0000,0.0000,0.632,0.000,1
33.40,dummy,AUIT_Multi,BAC,0.000,1.000,1.000,270.0,0.0,0.006,1.000,1.192,-0.185,1.000,0.763,World,Refrigerator03_Door01,91.8,52.1,0.192,0.301,0,0,None,None,0,0,0,0,1.8691,0.7920,0.470,0.821,0
33.50,dummy,AUIT_Multi,BAC,0.000,1.000,1.000,270.0,0.0,-0.158,1.000,1.106,-0.225,1.000,0.870,World,Refrigerator03_Door01,33.9,30.0,0.191,0.260,0,0,None,None,0,0,0,0,1.8095,1.1179,0.246,0.000,0
33.60,dummy,AUIT_Multi,BAC,0.000,1.000,1.000,270.0,0.0,-0.179,1.000,1.088,-0.233,1.000,0.888,World,Refrigerator03_Door01,26.1,25.7,0.199,0.258,0,0,None,None,0,0,0,0,0.2843,0.2032,0.206,0.000,0
33.70,dummy,AUIT_Multi,BAC,0.000,1.000,1.000,270.0,0.0,-0.178,1.000,1.084,-0.234,1.000,0.891,World,Refrigerator03_Door01,25.1,25.1,0.197,0.258,0,0,None,None,0,0,0,0,0.0414,0.0270,0.201,0.000,0
33.80,dummy,AUIT_Multi,BAC,0.000,1.000,1.000,270.0,0.0,-0.178,1.000,1.083,-0.229,1.000,0.894,World,Refrigerator03_Door01,25.0,24.8,0.196,0.253,0,0,None,None,0,1,0,0,0.0053,0.0538,0.196,0.000,0
33.90,dummy,AUIT_Multi,BAC,0.000,1.000,1.000,270.0,0.0,-0.178,1.000,1.083,-0.214,1.000,0.905,World,Refrigerator03_Door01,25.0,24.0,0.196,0.234,0,0,None,None,0,1,0,0,0.0004,0.1870,0.182,0.000,0
34.00,dummy,AUIT_Multi,BAC,0.000,1.000,1.000,270.0,0.0,-0.178,1.000,1.083,-0.199,1.000,0.916,World,Refrigerator03_Door01,25.0,23.0,0.196,0.216,0,0,None,None,0,1,0,0,0.0000,0.1857,0.169,0.000,0
34.10,dummy,AUIT_Multi,BAC,0.000,1.000,1.000,270.0,0.0,-0.178,1.000,1.083,-0.184,1.000,0.926,World,Refrigerator03_Door01,25.0,21.9,0.196,0.198,0,0,None,None,0,1,0,0,0.0000,0.1878,0.157,0.000,0
34.20,dummy,AUIT_Multi,BAC,0.000,1.000,1.000,270.0,0.0,-0.178,1.000,1.083,-0.168,1.000,0.937,World,Refrigerator03_Door01,25.0,20.4,0.196,0.180,0,0,None,None,0,1,0,0,0.0000,0.1833,0.146,0.000,0
34.30,dummy,AUIT_Multi,BAC,0.000,1.000,1.000,270.0,0.0,-0.178,1.000,1.083,-0.155,1.000,0.946,World,Refrigerator03_Door01,25.0,19.0,0.196,0.164,0,0,None,None,0,1,0,0,0.0000,0.1598,0.138,0.000,0
34.40,dummy,AUIT_Multi,BAC,0.000,1.000,1.000,270.0,0.0,-0.178,1.000,1.083,-0.138,1.000,0.959,World,Refrigerator03_Door01,25.0,16.6,0.196,0.144,0,0,None,None,0,1,0,0,0.0000,0.2128,0.130,0.000,0
34.50,dummy,AUIT_Multi,BAC,0.000,1.000,1.000,270.0,0.0,-0.178,1.000,1.083,-0.123,1.000,0.970,World,Refrigerator03_Door01,25.0,13.9,0.196,0.127,0,0,None,None,0,1,0,0,0.0000,0.1922,0.126,0.000,0
34.60,dummy,AUIT_Multi,BAC,0.000,1.000,1.000,270.0,0.0,-0.178,1.000,1.083,-0.107,1.000,0.981,World,Refrigerator03_Door01,25.0,10.2,0.196,0.109,0,0,None,None,0,1,0,0,0.0000,0.1852,0.124,0.000,0
34.70,dummy,AUIT_Multi,BAC,0.000,1.000,1.000,270.0,0.0,-0.178,1.000,1.083,-0.092,1.000,0.992,World,Refrigerator03_Door01,25.0,5.2,0.196,0.092,0,0,None,None,0,1,0,0,0.0000,0.1919,0.125,0.000,0
34.80,dummy,AUIT_Multi,BAC,0.000,1.000,1.000,270.0,0.0,-0.179,1.000,1.082,-0.096,1.000,0.989,World,Refrigerator03_Door01,24.6,6.7,0.197,0.097,0,0,None,None,1,1,0,0,0.0134,0.0540,0.124,0.000,0
34.90,dummy,AUIT_Multi,BAC,0.000,1.000,1.000,270.0,0.0,-0.182,1.001,1.078,-0.094,1.000,0.990,World,Refrigerator03_Door01,23.0,5.8,0.198,0.095,0,0,None,None,1,1,0,0,0.0593,0.0260,0.124,0.000,0
35.00,dummy,AUIT_Multi,BAC,0.000,1.000,1.000,270.0,0.0,-0.186,1.001,1.073,-0.095,1.000,0.991,World,Refrigerator03_Door01,21.3,5.5,0.200,0.095,0,0,None,None,1,1,0,0,0.0605,0.0050,0.123,0.000,0
35.10,dummy,AUIT_Multi,BAC,0.000,1.000,1.000,270.0,0.0,-0.190,1.002,1.068,-0.091,1.000,0.993,World,Refrigerator03_Door01,19.7,4.2,0.202,0.091,0,0,None,None,1,1,0,0,0.0604,0.0411,0.124,0.000,0
35.20,dummy,AUIT_Multi,BAC,0.000,1.000,1.000,270.0,0.0,-0.194,1.002,1.064,-0.091,1.000,0.994,World,Quad,18.2,3.7,0.204,0.091,0,0,None,None,1,1,0,0,0.0595,0.0101,0.124,0.000,0
35.30,dummy,AUIT_Multi,BAC,0.000,1.000,1.000,270.0,0.0,-0.198,1.003,1.059,-0.089,1.000,0.996,World,Quad,16.6,2.9,0.206,0.089,0,0,None,None,1,1,0,0,0.0598,0.0210,0.126,0.000,0
35.40,dummy,AUIT_Multi,BAC,0.000,1.000,1.000,270.0,0.0,-0.201,1.003,1.054,-0.088,1.000,0.997,World,Quad,15.1,2.2,0.208,0.089,0,0,None,None,1,1,0,0,0.0586,0.0123,0.127,0.053,0
35.50,dummy,AUIT_Multi,BAC,0.000,1.000,1.000,270.0,0.0,-0.206,1.004,1.050,-0.085,1.000,0.998,World,Quad,13.7,1.1,0.212,0.085,0,0,None,None,1,1,0,0,0.0607,0.0391,0.131,0.052,0
35.60,dummy,AUIT_Multi,BAC,0.000,1.000,1.000,270.0,0.0,-0.209,1.004,1.046,-0.084,1.000,0.999,World,Quad,12.4,0.5,0.214,0.084,0,0,None,None,1,1,0,0,0.0568,0.0142,0.134,0.055,0
35.70,dummy,AUIT_Multi,BAC,0.000,1.000,1.000,270.0,0.0,-0.213,1.005,1.042,-0.084,1.000,0.999,World,Quad,11.1,0.5,0.217,0.084,0,0,None,None,1,1,0,0,0.0537,0.0007,0.136,0.062,0
35.80,dummy,AUIT_Multi,BAC,0.000,1.000,1.000,270.0,0.0,-0.200,1.004,1.041,-0.128,1.000,0.979,World,Quad,11.8,9.4,0.204,0.130,0,0,None,None,1,1,0,0,0.1299,0.4809,0.095,0.000,0
35.90,dummy,AUIT_Multi,BAC,0.000,1.000,1.000,270.0,0.0,-0.175,1.001,1.049,-0.216,1.000,0.939,World,Quad,15.6,15.8,0.182,0.224,0,0,None,None,1,1,0,0,0.2595,0.9700,0.117,0.000,0
36.00,dummy,AUIT_Multi,BAC,0.000,1.000,1.000,270.0,0.0,-0.175,1.000,1.050,-0.229,1.000,0.935,World,Quad,15.8,15.9,0.181,0.238,0,0,None,None,1,1,0,0,0.0105,0.1386,0.127,0.000,0
36.10,dummy,AUIT_Multi,BAC,0.000,1.000,1.000,270.0,0.0,-0.175,1.000,1.050,-0.230,1.000,0.935,World,Quad,15.9,15.9,0.182,0.239,0,0,None,None,1,1,0,0,0.0028,0.0136,0.128,0.000,0
36.20,dummy,AUIT_Multi,BAC,0.000,1.000,1.000,270.0,0.0,-0.175,1.000,1.050,-0.230,1.000,0.935,World,Quad,15.9,15.8,0.182,0.239,0,0,None,None,1,1,0,0,0.0001,0.0010,0.128,0.000,0
36.31,dummy,AUIT_Multi,BAC,0.000,1.000,1.000,270.0,0.0,-0.175,1.000,1.050,-0.230,1.000,0.935,World,Quad,15.9,15.8,0.182,0.239,0,0,None,None,1,1,0,0,0.0000,0.0000,0.128,0.000,0
36.40,dummy,AUIT_Multi,BAC,0.000,1.000,1.000,270.0,0.0,-0.175,1.000,1.050,-0.230,1.000,0.935,World,Quad,15.9,15.8,0.182,0.239,0,0,None,None,1,1,0,0,0.0000,0.0000,0.128,0.000,0
36.50,dummy,AUIT_Multi,BAC,0.000,1.000,1.000,270.0,0.0,-0.175,1.000,1.050,-0.230,1.000,0.935,World,Quad,15.9,15.8,0.182,0.239,0,0,None,None,1,1,0,0,0.0000,0.0000,0.128,0.000,0
36.60,dummy,AUIT_Multi,BAC,0.000,1.000,1.000,270.0,0.0,-0.175,1.000,1.050,-0.230,1.000,0.935,World,Quad,15.9,15.8,0.182,0.239,0,0,None,None,1,1,0,0,0.0000,0.0000,0.128,0.000,0
36.70,dummy,AUIT_Multi,BAC,0.000,1.000,1.000,270.0,0.0,-0.175,1.000,1.050,-0.230,1.000,0.935,World,Quad,15.9,15.8,0.182,0.239,0,0,None,None,1,1,0,0,0.0000,0.0000,0.128,0.000,0
36.80,dummy,AUIT_Multi,BAC,0.000,1.000,1.000,270.0,0.0,-0.175,1.000,1.050,-0.230,1.000,0.935,World,Quad,15.9,15.8,0.182,0.239,0,0,None,None,1,1,0,0,0.0000,0.0000,0.128,0.000,0
36.90,dummy,AUIT_Multi,BAC,0.000,1.000,1.000,270.0,0.0,-0.175,1.000,1.050,-0.230,1.000,0.935,World,Quad,15.9,15.8,0.182,0.239,0,0,None,None,1,1,0,0,0.0000,0.0000,0.128,0.000,0
37.00,dummy,AUIT_Multi,BAC,0.000,1.000,1.000,270.0,0.0,-0.175,1.000,1.050,-0.230,1.000,0.935,World,Quad,15.9,15.8,0.182,0.239,0,0,None,None,1,1,0,0,0.0000,0.0000,0.128,0.000,0
37.10,dummy,AUIT_Multi,BAC,0.000,1.000,1.000,270.0,0.0,-0.175,1.000,1.050,-0.230,1.000,0.935,World,Quad,15.9,15.8,0.182,0.239,0,0,None,None,1,1,0,0,0.0000,0.0000,0.128,0.000,0
37.20,dummy,AUIT_Multi,BAC,0.000,1.000,1.000,270.0,0.0,-0.175,1.000,1.050,-0.230,1.000,0.935,World,Quad,15.9,15.8,0.182,0.239,0,0,None,None,1,1,0,0,0.0000,0.0000,0.128,0.000,0
37.30,dummy,AUIT_Multi,BAC,0.000,1.000,1.000,270.0,0.0,-0.175,1.000,1.050,-0.230,1.000,0.935,World,Quad,15.9,15.8,0.182,0.239,0,0,None,None,1,1,0,0,0.0000,0.0000,0.128,0.000,0
37.40,dummy,AUIT_Multi,BAC,0.000,1.000,1.000,270.0,0.0,-0.175,1.000,1.050,-0.230,1.000,0.935,World,Quad,15.9,15.8,0.182,0.239,0,0,None,None,1,1,0,0,0.0000,0.0000,0.128,0.000,0
37.50,dummy,AUIT_Multi,BAC,0.000,1.000,1.000,270.0,0.0,-0.175,1.000,1.050,-0.230,1.000,0.935,World,Quad,15.9,15.8,0.182,0.239,0,0,None,None,1,1,0,0,0.0000,0.0000,0.128,0.000,0
37.60,dummy,AUIT_Multi,BAC,0.000,1.000,1.000,270.0,0.0,-0.175,1.000,1.050,-0.230,1.000,0.935,World,Quad,15.9,15.8,0.182,0.239,0,0,None,None,1,1,0,0,0.0000,0.0000,0.128,0.000,0
37.70,dummy,AUIT_Multi,BAC,0.000,1.000,1.000,270.0,0.0,-0.175,1.000,1.050,-0.230,1.000,0.935,World,Quad,15.9,15.8,0.182,0.239,0,0,None,None,1,1,0,0,0.0000,0.0000,0.128,0.000,0
37.80,dummy,AUIT_Multi,BAC,0.000,1.000,1.000,270.0,0.0,-0.175,1.000,1.050,-0.230,1.000,0.935,World,Quad,15.9,15.8,0.182,0.239,0,0,None,None,1,1,0,0,0.0000,0.0000,0.128,0.000,0
37.90,dummy,AUIT_Multi,BAC,0.000,1.000,1.000,270.0,0.0,-0.175,1.000,1.050,-0.230,1.000,0.935,World,Quad,15.9,15.8,0.182,0.239,0,0,None,None,1,1,0,0,0.0000,0.0000,0.128,0.000,0
38.00,dummy,AUIT_Multi,BAC,0.000,1.000,1.000,270.0,0.0,-0.175,1.000,1.050,-0.230,1.000,0.935,World,Quad,15.9,15.8,0.182,0.239,0,0,None,None,1,1,0,0,0.0000,0.0000,0.128,0.000,0
38.10,dummy,AUIT_Multi,BAC,0.000,1.000,1.000,270.0,0.0,-0.175,1.000,1.050,-0.230,1.000,0.935,World,Quad,15.9,15.8,0.182,0.239,0,0,None,None,1,1,0,0,0.0000,0.0000,0.128,0.000,0
38.20,dummy,AUIT_Multi,BAC,0.000,1.000,1.000,270.0,0.0,-0.175,1.000,1.050,-0.230,1.000,0.935,World,Quad,15.9,15.8,0.182,0.239,0,0,None,None,1,1,0,0,0.0000,0.0000,0.128,0.000,0
38.30,dummy,AUIT_Multi,BAC,0.000,1.000,1.000,270.0,0.0,-0.175,1.000,1.050,-0.230,1.000,0.935,World,Quad,15.9,15.8,0.182,0.239,0,0,None,None,1,1,0,0,0.0000,0.0000,0.128,0.000,0
38.40,dummy,AUIT_Multi,BAC,0.000,1.000,1.000,270.0,0.0,-0.175,1.000,1.050,-0.230,1.000,0.935,World,Quad,15.9,15.8,0.182,0.239,0,0,None,None,1,1,0,0,0.0000,0.0000,0.128,0.000,0
38.50,dummy,AUIT_Multi,BAC,0.000,1.000,1.000,270.0,0.0,-0.175,1.000,1.050,-0.230,1.000,0.935,World,Quad,15.9,15.8,0.182,0.239,0,0,None,None,1,1,0,0,0.0000,0.0000,0.128,0.000,0
38.60,dummy,AUIT_Multi,BAC,-0.300,1.000,1.000,270.0,0.0,-0.482,1.000,1.161,-0.570,1.000,0.805,World,Refrigerator03_Door01,41.5,35.9,0.243,0.333,1,1,Refrigerator03_Door01,Refrigerator03_Door01,0,0,0,0,3.1751,3.5350,0.367,0.000,0
38.70,dummy,AUIT_Multi,BAC,-0.300,1.000,1.000,270.0,0.0,-0.984,1.000,1.333,-0.746,1.000,0.779,World,Refrigerator03_Door01,26.0,26.4,0.761,0.498,1,1,Refrigerator03_Door01,Refrigerator03_Door01,0,0,0,0,5.4515,1.8323,0.603,0.000,0
38.80,dummy,AUIT_Multi,BAC,-0.300,1.000,1.000,270.0,0.0,-1.010,1.000,1.333,-0.702,1.000,0.811,World,Refrigerator03_Door01,25.1,25.2,0.784,0.444,1,1,Refrigerator03_Door01,Refrigerator03_Door01,0,0,0,0,0.2538,0.5414,0.606,0.000,0
38.91,dummy,AUIT_Multi,BAC,-0.300,1.000,1.000,270.0,0.0,-1.006,1.000,1.329,-0.700,1.000,0.814,World,Refrigerator03_Door01,25.0,24.9,0.779,0.442,1,1,Refrigerator03_Door01,Refrigerator03_Door01,0,1,0,0,0.0477,0.0299,0.599,0.000,0
39.00,dummy,AUIT_Multi,BAC,-0.300,1.000,1.000,270.0,0.0,-1.006,1.000,1.329,-0.677,1.000,0.827,World,Refrigerator03_Door01,25.0,24.6,0.779,0.415,1,1,Refrigerator03_Door01,Refrigerator03_Door01,0,1,0,0,0.0031,0.2770,0.600,0.000,0
39.10,dummy,AUIT_Multi,BAC,-0.300,1.000,1.000,270.0,0.0,-1.006,1.000,1.329,-0.633,0.999,0.850,World,Refrigerator03_Door01,25.0,24.2,0.779,0.365,1,1,Refrigerator03_Door01,Refrigerator03_Door01,0,1,0,0,0.0003,0.5032,0.607,0.000,0
39.20,dummy,AUIT_Multi,BAC,-0.300,1.000,1.000,270.0,0.0,-1.006,1.000,1.329,-0.609,0.999,0.864,World,Refrigerator03_Door01,25.0,23.8,0.779,0.337,1,1,Refrigerator03_Door01,Refrigerator03_Door01,0,1,0,0,0.0000,0.2790,0.612,0.000,0
39.30,dummy,AUIT_Multi,BAC,-0.300,1.000,1.000,270.0,0.0,-1.006,1.000,1.329,-0.574,0.999,0.882,World,Refrigerator03_Door01,25.0,23.3,0.779,0.298,1,1,Refrigerator03_Door01,Refrigerator03_Door01,0,1,0,0,0.0000,0.3927,0.622,0.000,0
39.40,dummy,AUIT_Multi,BAC,-0.300,1.000,1.000,270.0,0.0,-1.006,1.000,1.329,-0.537,0.999,0.902,World,Refrigerator03_Door01,25.0,22.5,0.779,0.257,1,1,Refrigerator03_Door01,Refrigerator03_Door01,0,1,0,0,0.0000,0.4107,0.634,0.000,0
39.50,dummy,AUIT_Multi,BAC,-0.300,1.000,1.000,270.0,0.0,-1.006,1.000,1.329,-0.498,0.998,0.922,World,Refrigerator03_Door01,25.0,21.4,0.779,0.213,1,1,Refrigerator03_Door01,Refrigerator03_Door01,0,1,0,0,0.0000,0.4377,0.651,0.000,0
39.60,dummy,AUIT_Multi,BAC,-0.300,1.000,1.000,270.0,0.0,-1.006,1.000,1.329,-0.467,0.998,0.939,World,Refrigerator03_Door01,25.0,20.1,0.779,0.178,1,1,Refrigerator03_Door01,Refrigerator03_Door01,0,1,0,0,0.0000,0.3422,0.665,0.000,0
39.70,dummy,AUIT_Multi,BAC,-0.300,1.000,1.000,270.0,0.0,-1.006,1.000,1.329,-0.447,0.998,0.951,World,Refrigerator03_Door01,25.0,18.6,0.779,0.155,1,1,Refrigerator03_Door01,Refrigerator03_Door01,0,1,0,0,0.0000,0.2415,0.675,0.000,0
39.80,dummy,AUIT_Multi,BAC,-0.300,1.000,1.000,270.0,0.0,-1.006,1.000,1.329,-0.463,0.998,0.944,World,Refrigerator03_Door01,25.0,18.9,0.779,0.172,1,1,Refrigerator03_Door01,Refrigerator03_Door01,0,1,0,0,0.0000,0.1736,0.665,0.000,0
39.90,dummy,AUIT_Multi,BAC,-0.300,1.000,1.000,270.0,0.0,-0.970,1.000,1.302,-0.560,0.998,0.898,World,Refrigerator03_Door01,24.3,21.5,0.735,0.279,1,1,Refrigerator03_Door01,Refrigerator03_Door01,1,1,0,0,0.4544,1.0833,0.576,0.000,0
40.00,dummy,AUIT_Multi,BAC,-0.300,1.000,1.000,270.0,0.0,-0.936,1.000,1.275,-0.537,0.998,0.910,World,Refrigerator03_Door01,23.3,20.8,0.693,0.253,1,1,Refrigerator03_Door01,Refrigerator03_Door01,1,1,0,0,0.4291,0.2590,0.541,0.000,0
40.10,dummy,AUIT_Multi,BAC,-0.300,1.000,1.000,270.0,0.0,-0.886,1.000,1.240,-0.507,0.998,0.925,World,Refrigerator03_Door01,22.3,19.9,0.634,0.220,1,1,Refrigerator03_Door01,Refrigerator03_Door01,1,1,0,0,0.6159,0.3421,0.493,0.000,0
40.20,dummy,AUIT_Multi,BAC,-0.300,1.000,1.000,270.0,0.0,-0.846,1.000,1.209,-0.499,0.998,0.931,World,Refrigerator03_Door01,21.0,19.1,0.585,0.211,1,1,Refrigerator03_Door01,Refrigerator03_Door01,1,1,0,0,0.4954,0.0893,0.445,0.000,0
40.30,dummy,AUIT_Multi,BAC,-0.300,1.000,1.000,270.0,0.0,-0.806,1.000,1.179,-0.484,0.998,0.940,World,Refrigerator03_Door01,19.4,18.1,0.537,0.193,1,1,Refrigerator03_Door01,Refrigerator03_Door01,1,1,0,0,0.5155,0.1868,0.401,0.000,0
40.40,dummy,AUIT_Multi,BAC,-0.300,1.000,1.000,270.0,0.0,-0.763,1.000,1.146,-0.461,0.998,0.952,World,Refrigerator03_Door01,17.5,16.6,0.485,0.168,1,1,Refrigerator03_Door01,Refrigerator03_Door01,1,1,0,0,0.5362,0.2509,0.359,0.000,0
40.50,dummy,AUIT_Multi,BAC,-0.300,1.000,1.000,270.0,0.0,-0.733,1.000,1.118,-0.474,0.998,0.954,World,Refrigerator03_Door01,15.3,15.0,0.448,0.180,1,1,Refrigerator03_Door01,Refrigerator03_Door01,1,1,0,0,0.4225,0.1336,0.306,0.000,0
40.60,dummy,AUIT_Multi,BAC,-0.300,1.000,1.000,270.0,0.0,-0.682,1.000,1.084,-0.434,0.998,0.969,World,Refrigerator03_Door01,12.5,13.1,0.392,0.138,1,1,Refrigerator03_Door01,Refrigerator03_Door01,1,1,0,0,0.5924,0.4163,0.274,0.000,0
40.70,dummy,AUIT_Multi,BAC,-0.300,1.000,1.000,270.0,0.0,-0.643,1.000,1.055,-0.423,0.998,0.975,World,Refrigerator03_Door01,9.1,11.4,0.348,0.126,1,1,Refrigerator03_Door01,Refrigerator03_Door01,1,1,0,0,0.4826,0.1262,0.234,0.000,0
40.80,dummy,AUIT_Multi,BAC,-0.300,1.000,1.000,270.0,0.0,-0.602,1.000,1.025,-0.406,0.998,0.983,World,Refrigerator03_Door01,4.7,9.0,0.303,0.107,1,1,Refrigerator03_Door01,Refrigerator03_Door01,1,1,0,0,0.5156,0.1967,0.200,0.110,0
40.90,dummy,AUIT_Multi,BAC,-0.300,1.000,1.000,270.0,0.0,-1.004,1.000,1.176,-0.892,1.000,0.841,World,Refrigerator03_Door01,14.0,15.0,0.726,0.613,1,1,Refrigerator03_Door01,Refrigerator03_Door01,1,1,0,0,4.3768,5.1631,0.353,0.000,0
41.00,dummy,AUIT_Multi,BAC,-0.300,1.000,1.000,270.0,0.0,-1.018,1.000,1.191,-0.891,1.000,0.841,World,Refrigerator03_Door01,14.9,15.0,0.743,0.612,1,1,Refrigerator03_Door01,Refrigerator03_Door01,1,1,0,0,0.2091,0.0111,0.372,0.000,0
41.10,dummy,AUIT_Multi,BAC,-0.300,1.000,1.000,270.0,0.0,-1.002,1.000,1.189,-0.890,1.000,0.841,World,Refrigerator03_Door01,15.0,15.1,0.727,0.611,1,1,Refrigerator03_Door01,Refrigerator03_Door01,1,1,0,0,0.1565,0.0110,0.365,0.000,0
41.20,dummy,AUIT_Multi,BAC,-0.300,1.000,1.000,270.0,0.0,-1.002,1.000,1.189,-0.889,1.000,0.841,World,Refrigerator03_Door01,15.1,15.1,0.727,0.610,1,1,Refrigerator03_Door01,Refrigerator03_Door01,1,1,0,0,0.0052,0.0112,0.366,0.000,0
41.30,dummy,AUIT_Multi,BAC,-0.300,1.000,1.000,270.0,0.0,-1.002,1.000,1.189,-0.888,1.000,0.841,World,Refrigerator03_Door01,15.1,15.1,0.728,0.609,1,1,Refrigerator03_Door01,Refrigerator03_Door01,1,1,0,0,0.0042,0.0109,0.367,0.000,0
41.40,dummy,AUIT_Multi,BAC,-0.300,1.000,1.000,270.0,0.0,-1.002,1.000,1.190,-0.887,1.000,0.841,World,Refrigerator03_Door01,15.1,15.1,0.728,0.608,1,1,Refrigerator03_Door01,Refrigerator03_Door01,1,1,0,0,0.0035,0.0107,0.367,0.000,0
41.50,dummy,AUIT_Multi,BAC,-0.300,1.000,1.000,270.0,0.0,-1.002,1.000,1.190,-0.886,1.000,0.841,World,Refrigerator03_Door01,15.1,15.2,0.728,0.607,1,1,Refrigerator03_Door01,Refrigerator03_Door01,1,1,0,0,0.0035,0.0105,0.368,0.000,0
41.60,dummy,AUIT_Multi,BAC,-0.300,1.000,1.000,270.0,0.0,-1.002,1.000,1.190,-0.885,1.000,0.841,World,Refrigerator03_Door01,15.2,15.2,0.728,0.606,1,1,Refrigerator03_Door01,Refrigerator03_Door01,1,1,0,0,0.0035,0.0105,0.369,0.000,0
41.70,dummy,AUIT_Multi,BAC,-0.300,1.000,1.000,270.0,0.0,-1.002,1.000,1.191,-0.884,1.000,0.841,World,Refrigerator03_Door01,15.2,15.2,0.728,0.605,1,1,Refrigerator03_Door01,Refrigerator03_Door01,1,1,0,0,0.0034,0.0104,0.369,0.000,0
41.80,dummy,AUIT_Multi,BAC,-0.300,1.000,1.000,270.0,0.0,-1.002,1.000,1.191,-0.883,1.000,0.841,World,Refrigerator03_Door01,15.2,15.2,0.728,0.604,1,1,Refrigerator03_Door01,Refrigerator03_Door01,1,1,0,0,0.0034,0.0103,0.370,0.000,0
41.90,dummy,AUIT_Multi,BAC,-0.300,1.000,1.000,270.0,0.0,-1.002,1.000,1.191,-0.882,1.000,0.841,World,Refrigerator03_Door01,15.2,15.3,0.728,0.603,1,1,Refrigerator03_Door01,Refrigerator03_Door01,1,1,0,0,0.0033,0.0098,0.370,0.000,0
42.00,dummy,AUIT_Multi,BAC,-0.300,1.000,1.000,270.0,0.0,-1.002,1.000,1.192,-0.881,1.000,0.841,World,Refrigerator03_Door01,15.3,15.3,0.728,0.602,1,1,Refrigerator03_Door01,Refrigerator03_Door01,1,1,0,0,0.0025,0.0073,0.371,0.000,0
42.10,dummy,AUIT_Multi,BAC,-0.300,1.000,1.000,270.0,0.0,-1.002,1.000,1.192,-0.880,1.000,0.841,World,Refrigerator03_Door01,15.3,15.3,0.728,0.602,1,1,Refrigerator03_Door01,Refrigerator03_Door01,1,1,0,0,0.0023,0.0069,0.371,0.000,0
42.20,dummy,AUIT_Multi,BAC,-0.300,1.000,1.000,270.0,0.0,-1.002,1.000,1.192,-0.880,1.000,0.841,World,Refrigerator03_Door01,15.3,15.3,0.728,0.601,1,1,Refrigerator03_Door01,Refrigerator03_Door01,1,1,0,0,0.0023,0.0069,0.372,0.000,0
42.30,dummy,AUIT_Multi,BAC,-0.300,1.000,1.000,270.0,0.0,-1.002,1.000,1.192,-0.879,1.000,0.841,World,Refrigerator03_Door01,15.3,15.3,0.728,0.600,1,1,Refrigerator03_Door01,Refrigerator03_Door01,1,1,0,0,0.0023,0.0069,0.372,0.000,0
42.40,dummy,AUIT_Multi,BAC,-0.300,1.000,1.000,270.0,0.0,-1.002,1.000,1.193,-0.878,1.000,0.841,World,Refrigerator03_Door01,15.3,15.4,0.728,0.600,1,1,Refrigerator03_Door01,Refrigerator03_Door01,1,1,0,0,0.0023,0.0068,0.373,0.000,0
42.50,dummy,AUIT_Multi,BAC,-0.300,1.000,1.000,270.0,0.0,-1.002,1.000,1.193,-0.878,1.000,0.841,World,Refrigerator03_Door01,15.4,15.4,0.728,0.599,1,1,Refrigerator03_Door01,Refrigerator03_Door01,1,1,0,0,0.0022,0.0066,0.373,0.000,0
42.60,dummy,AUIT_Multi,BAC,-0.300,1.000,1.000,270.0,0.0,-1.002,1.000,1.193,-0.877,1.000,0.841,World,Refrigerator03_Door01,15.4,15.4,0.729,0.598,1,1,Refrigerator03_Door01,Refrigerator03_Door01,1,1,0,0,0.0023,0.0067,0.374,0.000,0
42.71,dummy,AUIT_Multi,BAC,0.000,1.000,1.000,270.0,0.0,-0.957,1.000,1.202,-0.699,1.000,0.865,World,Refrigerator03_Door01,11.9,10.9,0.979,0.712,1,1,Refrigerator03_Door01,Refrigerator03_Door01,1,1,0,0,0.4345,1.7018,0.424,0.000,0
42.80,dummy,AUIT_Multi,BAC,0.000,1.000,1.000,270.0,0.0,-1.109,1.000,1.287,-0.311,1.000,0.926,World,Refrigerator03_Door01,14.5,13.3,1.145,0.320,1,0,Refrigerator03_Door01,None,1,1,0,0,1.7991,4.0653,0.876,0.000,0
42.90,dummy,AUIT_Multi,BAC,0.000,1.000,1.000,270.0,0.0,-1.152,1.000,1.307,-0.238,1.000,0.937,World,Refrigerator03_Door01,14.9,14.7,1.192,0.246,1,0,Refrigerator03_Door01,None,1,1,0,0,0.4837,0.7443,0.986,0.000,0
43.00,dummy,AUIT_Multi,BAC,0.000,1.000,1.000,270.0,0.0,-1.158,1.000,1.310,-0.230,1.000,0.938,World,Refrigerator03_Door01,15.0,15.0,1.199,0.239,1,0,Refrigerator03_Door01,None,1,1,0,0,0.0668,0.0788,1.000,0.000,0
43.10,dummy,AUIT_Multi,BAC,0.000,1.000,1.000,270.0,0.0,-1.159,1.000,1.311,-0.230,1.000,0.938,World,Refrigerator03_Door01,15.0,15.0,1.200,0.238,1,0,Refrigerator03_Door01,None,1,1,0,0,0.0097,0.0061,1.001,0.000,0
43.20,dummy,AUIT_Multi,BAC,0.000,1.000,1.000,270.0,0.0,-1.159,1.000,1.311,-0.230,1.000,0.938,World,Refrigerator03_Door01,15.0,15.0,1.200,0.238,1,0,Refrigerator03_Door01,None,1,1,0,0,0.0040,0.0003,1.001,0.000,0
43.30,dummy,AUIT_Multi,BAC,0.000,1.000,1.000,270.0,0.0,-1.159,1.000,1.312,-0.230,1.000,0.938,World,Refrigerator03_Door01,15.0,15.0,1.200,0.238,1,0,Refrigerator03_Door01,None,1,1,0,0,0.0008,0.0000,1.001,0.000,0
43.40,dummy,AUIT_Multi,BAC,0.000,1.000,1.000,270.0,0.0,-1.159,1.000,1.312,-0.230,1.000,0.938,World,Refrigerator03_Door01,15.0,15.0,1.200,0.238,1,0,Refrigerator03_Door01,None,1,1,0,0,0.0001,0.0000,1.001,0.000,0
43.50,dummy,AUIT_Multi,BAC,0.000,1.000,1.000,270.0,0.0,-1.159,1.000,1.312,-0.230,1.000,0.938,World,Refrigerator03_Door01,15.0,15.0,1.200,0.238,1,0,Refrigerator03_Door01,None,1,1,0,0,0.0000,0.0000,1.001,0.000,0
43.60,dummy,AUIT_Multi,BAC,0.000,1.000,1.000,270.0,0.0,-1.159,1.000,1.312,-0.230,1.000,0.938,World,Refrigerator03_Door01,15.0,15.0,1.200,0.238,1,0,Refrigerator03_Door01,None,1,1,0,0,0.0000,0.0000,1.001,0.000,0
43.70,dummy,AUIT_Multi,BAC,0.000,1.000,1.000,270.0,0.0,-1.159,1.000,1.312,-0.230,1.000,0.938,World,Refrigerator03_Door01,15.0,15.0,1.200,0.238,1,0,Refrigerator03_Door01,None,1,1,0,0,0.0000,0.0000,1.001,0.000,0
43.80,dummy,AUIT_Multi,BAC,0.000,1.000,1.000,270.0,0.0,-1.159,1.000,1.312,-0.230,1.000,0.938,World,Refrigerator03_Door01,15.0,15.0,1.200,0.238,1,0,Refrigerator03_Door01,None,1,1,0,0,0.0000,0.0000,1.001,0.000,0
43.90,dummy,AUIT_Multi,BAC,0.000,1.000,1.000,270.0,0.0,-1.159,1.000,1.312,-0.230,1.000,0.938,World,Refrigerator03_Door01,15.0,15.0,1.200,0.238,1,0,Refrigerator03_Door01,None,1,1,0,0,0.0000,0.0000,1.001,0.000,0
44.00,dummy,AUIT_Multi,BAC,0.000,1.000,1.000,270.0,0.0,-1.159,1.000,1.312,-0.230,1.000,0.938,World,Refrigerator03_Door01,15.0,15.0,1.200,0.238,1,0,Refrigerator03_Door01,None,1,1,0,0,0.0000,0.0000,1.001,0.000,0
44.10,dummy,AUIT_Multi,BAC,0.000,1.000,1.000,270.0,0.0,-1.159,1.000,1.312,-0.230,1.000,0.938,World,Refrigerator03_Door01,15.0,15.0,1.200,0.238,1,0,Refrigerator03_Door01,None,1,1,0,0,0.0000,0.0000,1.001,0.000,0
44.20,dummy,AUIT_Multi,BAC,0.000,1.000,1.000,270.0,0.0,-1.159,1.000,1.312,-0.230,1.000,0.938,World,Refrigerator03_Door01,15.0,15.0,1.200,0.238,1,0,Refrigerator03_Door01,None,1,1,0,0,0.0000,0.0000,1.001,0.000,0
44.30,dummy,AUIT_Multi,BAC,0.000,1.000,1.000,270.0,0.0,-1.159,1.000,1.312,-0.230,1.000,0.938,World,Refrigerator03_Door01,15.0,15.0,1.200,0.238,1,0,Refrigerator03_Door01,None,1,1,0,0,0.0000,0.0000,1.001,0.000,0
44.40,dummy,AUIT_Multi,BAC,0.000,1.000,1.000,270.0,0.0,-1.159,1.000,1.312,-0.230,1.000,0.938,World,Refrigerator03_Door01,15.0,15.0,1.200,0.238,1,0,Refrigerator03_Door01,None,1,1,0,0,0.0000,0.0000,1.001,0.000,0
44.51,dummy,AUIT_Multi,BAC,0.000,1.000,1.000,270.0,0.0,-1.159,1.000,1.312,-0.230,1.000,0.938,World,Refrigerator03_Door01,15.0,15.0,1.200,0.238,1,0,Refrigerator03_Door01,None,1,1,0,0,0.0000,0.0000,1.001,0.000,0
44.60,dummy,AUIT_Multi,BAC,0.000,1.000,1.000,270.0,0.0,-1.159,1.000,1.312,-0.230,1.000,0.938,World,Refrigerator03_Door01,15.0,15.0,1.200,0.238,1,0,Refrigerator03_Door01,None,1,1,0,0,0.0000,0.0000,1.001,0.000,0
44.70,dummy,AUIT_Multi,BAC,0.000,1.000,1.000,270.0,0.0,-1.159,1.000,1.312,-0.230,1.000,0.938,World,Refrigerator03_Door01,15.0,15.0,1.200,0.238,1,0,Refrigerator03_Door01,None,1,1,0,0,0.0000,0.0000,1.001,0.000,0
44.80,dummy,AUIT_Multi,BAC,0.000,1.000,1.000,270.0,0.0,-1.159,1.000,1.312,-0.230,1.000,0.938,World,Refrigerator03_Door01,15.0,15.0,1.200,0.238,1,0,Refrigerator03_Door01,None,1,1,0,0,0.0000,0.0000,1.001,0.000,0
44.90,dummy,AUIT_Multi,BAC,0.000,1.000,1.000,270.0,0.0,-1.159,1.000,1.312,-0.230,1.000,0.938,World,Refrigerator03_Door01,15.0,15.0,1.200,0.238,1,0,Refrigerator03_Door01,None,1,1,0,0,0.0000,0.0000,1.001,0.000,0
45.00,dummy,AUIT_Multi,BAC,0.000,1.000,1.000,270.0,0.0,-1.159,1.000,1.312,-0.230,1.000,0.938,World,Refrigerator03_Door01,15.0,15.0,1.200,0.238,1,0,Refrigerator03_Door01,None,1,1,0,0,0.0000,0.0000,1.001,0.000,0
45.10,dummy,AUIT_Multi,BAC,0.000,1.000,1.000,270.0,0.0,-1.159,1.000,1.312,-0.230,1.000,0.938,World,Refrigerator03_Door01,15.0,15.0,1.200,0.238,1,0,Refrigerator03_Door01,None,1,1,0,0,0.0000,0.0000,1.001,0.000,0
45.21,dummy,AUIT_Multi,BAC,0.000,1.000,1.000,270.0,0.0,-1.159,1.000,1.312,-0.230,1.000,0.938,World,Refrigerator03_Door01,15.0,15.0,1.200,0.238,1,0,Refrigerator03_Door01,None,1,1,0,0,0.0000,0.0000,1.001,0.000,0
45.30,dummy,AUIT_Multi,BAC,0.000,1.000,1.000,270.0,0.0,-1.159,1.000,1.312,-0.230,1.000,0.938,World,Refrigerator03_Door01,15.0,15.0,1.200,0.238,1,0,Refrigerator03_Door01,None,1,1,0,0,0.0000,0.0000,1.001,0.000,0
45.40,dummy,AUIT_Multi,BAC,0.000,1.000,1.000,270.0,0.0,-1.159,1.000,1.312,-0.230,1.000,0.938,World,Refrigerator03_Door01,15.0,15.0,1.200,0.238,1,0,Refrigerator03_Door01,None,1,1,0,0,0.0000,0.0000,1.001,0.000,0
45.50,dummy,AUIT_Multi,BAC,0.000,1.000,1.000,270.0,0.0,-1.159,1.000,1.312,-0.230,1.000,0.938,World,Refrigerator03_Door01,15.0,15.0,1.200,0.238,1,0,Refrigerator03_Door01,None,1,1,0,0,0.0000,0.0000,1.001,0.000,0
45.60,dummy,AUIT_Multi,BAC,0.000,1.000,1.000,270.0,0.0,-1.159,1.000,1.312,-0.230,1.000,0.938,World,Refrigerator03_Door01,15.0,15.0,1.200,0.238,1,0,Refrigerator03_Door01,None,1,1,0,0,0.0000,0.0000,1.001,0.000,0
45.70,dummy,AUIT_Multi,BAC,0.000,1.000,1.000,270.0,0.0,-1.159,1.000,1.312,-0.230,1.000,0.938,World,Refrigerator03_Door01,15.0,15.0,1.200,0.238,1,0,Refrigerator03_Door01,None,1,1,0,0,0.0000,0.0000,1.001,0.000,0
45.80,dummy,AUIT_Multi,BAC,0.000,1.000,1.000,270.0,0.0,-1.159,1.000,1.312,-0.230,1.000,0.938,World,Refrigerator03_Door01,15.0,15.0,1.200,0.238,1,0,Refrigerator03_Door01,None,1,1,0,0,0.0000,0.0000,1.001,0.000,0
45.90,dummy,AUIT_Multi,BAC,0.000,1.000,1.000,270.0,0.0,-1.159,1.000,1.312,-0.230,1.000,0.938,World,Refrigerator03_Door01,15.0,15.0,1.200,0.238,1,0,Refrigerator03_Door01,None,1,1,0,0,0.0000,0.0000,1.001,0.000,0
46.00,dummy,AUIT_Multi,BAC,0.000,1.000,1.000,270.0,0.0,-1.159,1.000,1.312,-0.230,1.000,0.938,World,Refrigerator03_Door01,15.0,15.0,1.200,0.238,1,0,Refrigerator03_Door01,None,1,1,0,0,0.0000,0.0000,1.001,0.000,0
46.10,dummy,AUIT_Multi,BAC,0.000,1.000,1.000,270.0,0.0,-1.159,1.000,1.312,-0.230,1.000,0.938,World,Refrigerator03_Door01,15.0,15.0,1.200,0.238,1,0,Refrigerator03_Door01,None,1,1,0,0,0.0000,0.0000,1.001,0.000,0
46.20,dummy,AUIT_Multi,BAC,0.000,1.000,1.000,270.0,0.0,-1.159,1.000,1.312,-0.230,1.000,0.938,World,Refrigerator03_Door01,15.0,15.0,1.200,0.238,1,0,Refrigerator03_Door01,None,1,1,0,0,0.0000,0.0000,1.001,0.000,0
46.30,dummy,AUIT_Multi,BAC,0.000,1.000,0.000,270.0,0.0,-1.139,1.000,1.087,-0.224,1.000,0.649,World,Refrigerator03,43.7,70.9,1.574,0.686,1,0,Refrigerator03,None,0,0,0,0,2.1943,2.8158,1.014,0.000,0
46.40,dummy,AUIT_Multi,BAC,0.000,1.000,0.000,270.0,0.0,-1.099,1.000,0.632,-0.219,1.000,0.203,World,Refrigerator03,29.9,42.8,1.268,0.299,1,0,Refrigerator03,None,0,0,0,0,4.7043,4.5987,0.979,0.527,0
46.50,dummy,AUIT_Multi,BAC,0.000,1.000,0.000,270.0,0.0,-1.089,1.000,0.520,-0.210,1.000,0.181,World,Refrigerator03,25.5,40.7,1.207,0.277,1,0,Refrigerator03,None,0,0,0,0,1.0760,0.2303,0.942,0.506,0
46.60,dummy,AUIT_Multi,BAC,0.000,1.000,0.000,270.0,0.0,-1.088,1.000,0.509,-0.202,1.001,0.158,World,Refrigerator03,25.1,38.0,1.201,0.256,1,0,Refrigerator03,None,0,0,0,0,0.1213,0.2529,0.953,0.479,0
46.70,dummy,AUIT_Multi,BAC,0.000,1.000,0.000,270.0,0.0,-1.088,1.000,0.507,-0.193,1.001,0.134,World,Refrigerator03,25.0,34.8,1.200,0.235,1,0,Refrigerator03,None,0,0,0,0,0.0142,0.2451,0.970,0.447,0
46.80,dummy,AUIT_Multi,BAC,0.000,1.000,0.000,270.0,0.0,-1.088,1.000,0.507,-0.184,1.001,0.111,World,Refrigerator03,25.0,31.2,1.200,0.215,1,0,Refrigerator03,None,0,0,0,0,0.0014,0.2480,0.986,0.412,0
46.90,dummy,AUIT_Multi,BAC,0.000,1.000,0.000,270.0,0.0,-1.088,1.000,0.507,-0.175,1.001,0.087,World,Refrigerator03,25.0,26.5,1.200,0.196,1,0,Refrigerator03,None,0,0,0,0,0.0001,0.2575,1.004,0.368,0
47.00,dummy,AUIT_Multi,BAC,0.000,1.000,0.000,270.0,0.0,-1.088,1.000,0.507,-0.166,1.002,0.064,World,Refrigerator03,25.0,21.2,1.200,0.178,1,0,Refrigerator03,None,0,1,0,0,0.0000,0.2417,1.023,0.315,0
47.10,dummy,AUIT_Multi,BAC,0.000,1.000,0.000,270.0,0.0,-1.088,1.000,0.507,-0.158,1.002,0.039,World,Refrigerator03,25.0,13.8,1.200,0.162,1,0,Refrigerator03,None,0,1,0,0,0.0000,0.2740,1.041,0.235,0
47.20,dummy,AUIT_Multi,BAC,0.000,1.000,0.000,270.0,0.0,-1.088,1.000,0.507,-0.149,1.002,0.014,World,Refrigerator03,25.0,5.6,1.200,0.150,1,0,Refrigerator03,None,0,1,0,0,0.0000,0.2550,1.060,0.000,0
47.30,dummy,AUIT_Multi,BAC,0.000,1.000,0.000,270.0,0.0,-1.088,1.000,0.507,-0.142,1.002,-0.010,World,Refrigerator03,25.0,4.2,1.200,0.142,1,0,Refrigerator03,None,0,1,0,0,0.0000,0.2632,1.078,0.000,0
47.40,dummy,AUIT_Multi,BAC,0.000,1.000,0.000,270.0,0.0,-1.061,1.000,0.493,-0.149,1.002,-0.035,World,Refrigerator03,24.9,13.4,1.170,0.153,1,0,Refrigerator03,None,1,1,0,0,0.3067,0.2652,1.054,0.000,0
47.50,dummy,AUIT_Multi,BAC,0.000,1.000,0.000,270.0,0.0,-0.967,1.000,0.445,-0.146,1.002,-0.033,World,Refrigerator03,24.7,12.8,1.065,0.150,1,0,Refrigerator03,None,1,1,0,0,1.0108,0.0320,0.950,0.000,0
47.60,dummy,AUIT_Multi,BAC,0.000,1.000,0.000,270.0,0.0,-0.881,1.000,0.401,-0.146,1.002,-0.032,World,Refrigerator03,24.5,12.5,0.968,0.149,1,0,Refrigerator03,None,1,1,0,0,0.9954,0.0135,0.854,0.000,0
47.70,dummy,AUIT_Multi,BAC,0.000,1.000,0.000,270.0,0.0,-0.743,1.000,0.333,-0.143,1.002,-0.030,World,Refrigerator03,24.2,12.0,0.815,0.146,1,0,Refrigerator03,None,1,1,0,0,1.5482,0.0295,0.702,0.000,0
47.80,dummy,AUIT_Multi,BAC,0.000,1.000,0.000,270.0,0.0,-0.640,1.000,0.281,-0.145,1.002,-0.031,World,Refrigerator03,23.7,12.3,0.699,0.148,1,0,Refrigerator03,None,1,1,0,0,1.1628,0.0162,0.586,0.000,0
47.90,dummy,AUIT_Multi,BAC,0.000,1.000,0.000,270.0,0.0,-0.563,1.000,0.241,-0.141,1.002,-0.029,World,Refrigerator03,23.2,11.5,0.612,0.144,1,0,Refrigerator03,None,1,1,0,0,0.8486,0.0436,0.500,0.000,0
48.01,dummy,AUIT_Multi,BAC,0.000,1.000,0.000,270.0,0.0,-0.449,1.000,0.186,-0.147,1.002,-0.034,World,Refrigerator03,22.5,13.0,0.486,0.151,1,0,Refrigerator03,None,1,1,0,0,1.1940,0.0783,0.373,0.000,0
48.10,dummy,AUIT_Multi,BAC,0.000,1.000,0.000,270.0,0.0,-0.372,1.000,0.147,-0.147,1.002,-0.034,World,Refrigerator03,21.5,12.9,0.400,0.151,0,0,None,None,1,1,0,0,0.9349,0.0036,0.288,0.000,0
48.20,dummy,AUIT_Multi,BAC,0.000,1.000,0.000,270.0,0.0,-0.296,1.000,0.104,-0.143,1.002,-0.028,World,Refrigerator03,19.4,11.0,0.314,0.146,0,0,None,None,1,1,0,0,0.8793,0.0712,0.202,0.000,0
48.30,dummy,AUIT_Multi,BAC,0.000,1.000,0.000,270.0,0.0,-0.209,1.000,0.058,-0.142,1.002,-0.024,World,Quad,15.5,9.7,0.217,0.144,0,0,None,None,1,1,0,0,0.9677,0.0371,0.106,0.000,0
48.40,dummy,AUIT_Multi,BAC,0.000,1.000,0.000,270.0,0.0,-0.199,1.000,0.045,-0.216,1.001,-0.049,World,Quad,12.7,12.7,0.204,0.222,0,0,None,None,1,1,0,0,0.1708,0.7846,0.095,0.000,0
48.50,dummy,AUIT_Multi,BAC,0.000,1.000,0.000,270.0,0.0,-0.252,1.000,0.066,-0.305,1.000,-0.080,World,Quad,14.7,14.7,0.260,0.315,0,0,None,None,1,1,0,0,0.5813,0.9530,0.155,0.000,0
48.60,dummy,AUIT_Multi,BAC,0.000,1.000,0.000,270.0,0.0,-0.253,1.000,0.068,-0.313,1.000,-0.084,World,Quad,15.0,15.0,0.261,0.324,0,0,None,None,1,1,0,0,0.0163,0.0858,0.163,0.000,0
48.70,dummy,AUIT_Multi,BAC,0.000,1.000,0.000,270.0,0.0,-0.252,1.000,0.068,-0.313,1.000,-0.084,World,Quad,15.0,15.0,0.261,0.324,0,0,None,None,1,1,0,0,0.0039,0.0016,0.163,0.000,0
48.80,dummy,AUIT_Multi,BAC,0.000,1.000,0.000,270.0,0.0,-0.252,1.000,0.068,-0.313,1.000,-0.084,World,Quad,15.0,15.0,0.261,0.324,0,0,None,None,1,1,0,0,0.0001,0.0005,0.163,0.000,0
48.90,dummy,AUIT_Multi,BAC,0.000,1.000,0.000,270.0,0.0,-0.252,1.000,0.068,-0.313,1.000,-0.084,World,Quad,15.0,15.0,0.261,0.324,0,0,None,None,1,1,0,0,0.0000,0.0000,0.163,0.000,0
49.00,dummy,AUIT_Multi,BAC,0.000,1.000,0.000,270.0,0.0,-0.252,1.000,0.068,-0.313,1.000,-0.084,World,Quad,15.0,15.0,0.261,0.324,0,0,None,None,1,1,0,0,0.0000,0.0000,0.163,0.000,0
49.10,dummy,AUIT_Multi,BAC,0.000,1.000,0.000,270.0,0.0,-0.252,1.000,0.068,-0.313,1.000,-0.084,World,Quad,15.0,15.0,0.261,0.324,0,0,None,None,1,1,0,0,0.0000,0.0000,0.163,0.000,0
49.20,dummy,AUIT_Multi,BAC,0.000,1.000,0.000,270.0,0.0,-0.252,1.000,0.068,-0.313,1.000,-0.084,World,Quad,15.0,15.0,0.261,0.324,0,0,None,None,1,1,0,0,0.0000,0.0000,0.163,0.000,0
49.30,dummy,AUIT_Multi,BAC,0.000,1.000,0.000,270.0,0.0,-0.252,1.000,0.068,-0.313,1.000,-0.084,World,Quad,15.0,15.0,0.261,0.324,0,0,None,None,1,1,0,0,0.0000,0.0000,0.163,0.000,0
49.40,dummy,AUIT_Multi,BAC,0.000,1.000,0.000,270.0,0.0,-0.252,1.000,0.068,-0.313,1.000,-0.084,World,Quad,15.0,15.0,0.261,0.324,0,0,None,None,1,1,0,0,0.0000,0.0000,0.163,0.000,0
49.50,dummy,AUIT_Multi,BAC,0.000,1.000,0.000,270.0,0.0,-0.252,1.000,0.068,-0.313,1.000,-0.084,World,Quad,15.0,15.0,0.261,0.324,0,0,None,None,1,1,0,0,0.0000,0.0000,0.163,0.000,0
49.60,dummy,AUIT_Multi,BAC,0.000,1.000,0.000,270.0,0.0,-0.252,1.000,0.068,-0.313,1.000,-0.084,World,Quad,15.0,15.0,0.261,0.324,0,0,None,None,1,1,0,0,0.0000,0.0000,0.163,0.000,0
49.70,dummy,AUIT_Multi,BAC,0.000,1.000,0.000,270.0,0.0,-0.252,1.000,0.068,-0.313,1.000,-0.084,World,Quad,15.0,15.0,0.261,0.324,0,0,None,None,1,1,0,0,0.0000,0.0000,0.163,0.000,0
49.80,dummy,AUIT_Multi,BAC,0.000,1.000,0.000,270.0,0.0,-0.252,1.000,0.068,-0.313,1.000,-0.084,World,Quad,15.0,15.0,0.261,0.324,0,0,None,None,1,1,0,0,0.0000,0.0000,0.163,0.000,0
49.90,dummy,AUIT_Multi,BAC,0.000,1.000,0.000,270.0,0.0,-0.252,1.000,0.068,-0.313,1.000,-0.084,World,Quad,15.0,15.0,0.261,0.324,0,0,None,None,1,1,0,0,0.0000,0.0000,0.163,0.000,0
50.00,dummy,AUIT_Multi,BAC,0.000,1.000,0.000,270.0,0.0,-0.252,1.000,0.068,-0.313,1.000,-0.084,World,Quad,15.0,15.0,0.261,0.324,0,0,None,None,1,1,0,0,0.0000,0.0000,0.163,0.000,0
50.10,dummy,AUIT_Multi,BAC,0.000,1.000,0.000,270.0,0.0,-0.252,1.000,0.068,-0.313,1.000,-0.084,World,Quad,15.0,15.0,0.261,0.324,0,0,None,None,1,1,0,0,0.0000,0.0000,0.163,0.000,0
50.20,dummy,AUIT_Multi,BAC,0.000,1.000,0.000,270.0,0.0,-0.252,1.000,0.068,-0.313,1.000,-0.084,World,Quad,15.0,15.0,0.261,0.324,0,0,None,None,1,1,0,0,0.0000,0.0000,0.163,0.000,0
50.30,dummy,AUIT_Multi,BAC,0.000,1.000,0.000,270.0,0.0,-0.252,1.000,0.068,-0.313,1.000,-0.084,World,Quad,15.0,15.0,0.261,0.324,0,0,None,None,1,1,0,0,0.0000,0.0000,0.163,0.000,0
50.40,dummy,AUIT_Multi,BAC,0.000,1.000,0.000,270.0,0.0,-0.252,1.000,0.068,-0.313,1.000,-0.084,World,Quad,15.0,15.0,0.261,0.324,0,0,None,None,1,1,0,0,0.0000,0.0000,0.163,0.000,0
50.50,dummy,AUIT_Multi,BAC,0.000,1.000,0.000,270.0,0.0,-0.252,1.000,0.068,-0.313,1.000,-0.084,World,Quad,15.0,15.0,0.261,0.324,0,0,None,None,1,1,0,0,0.0000,0.0000,0.163,0.000,0
50.60,dummy,AUIT_Multi,BAC,0.000,1.000,0.000,270.0,0.0,-0.252,1.000,0.068,-0.313,1.000,-0.084,World,Quad,15.0,15.0,0.261,0.324,0,0,None,None,1,1,0,0,0.0000,0.0000,0.163,0.000,0
50.70,dummy,AUIT_Multi,BAC,0.000,1.000,0.000,270.0,0.0,-0.252,1.000,0.068,-0.313,1.000,-0.084,World,Quad,15.0,15.0,0.261,0.324,0,0,None,None,1,1,0,0,0.0000,0.0000,0.163,0.000,0
50.80,dummy,AUIT_Multi,BAC,0.000,1.000,0.000,270.0,0.0,-0.252,1.000,0.068,-0.313,1.000,-0.084,World,Quad,15.0,15.0,0.261,0.324,0,0,None,None,1,1,0,0,0.0000,0.0000,0.163,0.000,0
50.90,dummy,AUIT_Multi,BAC,0.000,1.000,0.000,270.0,0.0,-0.252,1.000,0.068,-0.313,1.000,-0.084,World,Quad,15.0,15.0,0.261,0.324,0,0,None,None,1,1,0,0,0.0000,0.0000,0.163,0.000,0
51.00,dummy,AUIT_Multi,BAC,0.000,1.000,0.000,270.0,0.0,-0.252,1.000,0.068,-0.313,1.000,-0.084,World,Quad,15.0,15.0,0.261,0.324,0,0,None,None,1,1,0,0,0.0000,0.0000,0.163,0.000,0
51.10,dummy,AUIT_Multi,BAC,0.000,1.000,0.000,270.0,0.0,-0.252,1.000,0.068,-0.313,1.000,-0.084,World,Quad,15.0,15.0,0.261,0.324,0,0,None,None,1,1,0,0,0.0000,0.0000,0.163,0.000,0
51.20,dummy,AUIT_Multi,BAC,0.000,1.000,0.000,270.0,0.0,-0.252,1.000,0.068,-0.313,1.000,-0.084,World,Quad,15.0,15.0,0.261,0.324,0,0,None,None,1,1,0,0,0.0000,0.0000,0.163,0.000,0
51.30,dummy,AUIT_Multi,BAC,0.000,1.000,0.000,270.0,0.0,-0.252,1.000,0.068,-0.313,1.000,-0.084,World,Quad,15.0,15.0,0.261,0.324,0,0,None,None,1,1,0,0,0.0000,0.0000,0.163,0.000,0
51.40,dummy,AUIT_Multi,BAC,0.000,1.000,0.000,270.0,0.0,-0.252,1.000,0.068,-0.313,1.000,-0.084,World,Quad,15.0,15.0,0.261,0.324,0,0,None,None,1,1,0,0,0.0000,0.0000,0.163,0.000,0
51.50,dummy,AUIT_Multi,BAC,0.000,1.000,0.000,270.0,0.0,-0.252,1.000,0.068,-0.313,1.000,-0.084,World,Quad,15.0,15.0,0.261,0.324,0,0,None,None,1,1,0,0,0.0000,0.0000,0.163,0.000,0
51.61,dummy,AUIT_Multi,BAC,0.000,1.000,0.000,270.0,0.0,-0.252,1.000,0.068,-0.313,1.000,-0.084,World,Quad,15.0,15.0,0.261,0.324,0,0,None,None,1,1,0,0,0.0000,0.0000,0.163,0.000,0
51.70,dummy,AUIT_Multi,BAC,0.000,1.000,0.000,270.0,0.0,-0.252,1.000,0.068,-0.313,1.000,-0.084,World,Quad,15.0,15.0,0.261,0.324,0,0,None,None,1,1,0,0,0.0000,0.0000,0.163,0.000,0
51.80,dummy,AUIT_Multi,BAC,0.000,1.000,-0.300,270.0,0.0,-0.219,1.000,-0.013,-0.291,1.000,-0.168,World,Refrigerator03_Door02,52.6,24.3,0.361,0.320,0,0,None,None,0,1,0,0,0.8715,0.8734,0.171,0.000,0
51.90,dummy,AUIT_Multi,BAC,0.000,1.000,-0.300,270.0,0.0,-0.174,1.000,-0.186,-0.244,1.000,-0.361,World,Refrigerator03_Door02,33.1,14.1,0.208,0.252,0,0,None,None,0,1,0,0,1.7344,1.9258,0.188,0.000,0
52.00,dummy,AUIT_Multi,BAC,0.000,1.000,-0.300,270.0,0.0,-0.178,1.000,-0.213,-0.241,1.001,-0.356,World,Refrigerator03_Door02,26.2,13.1,0.198,0.248,0,0,None,None,0,1,0,0,0.2760,0.0583,0.157,0.000,0
52.10,dummy,AUIT_Multi,BAC,0.000,1.000,-0.300,270.0,0.0,-0.178,1.000,-0.217,-0.238,1.002,-0.354,World,Refrigerator03_Door02,25.1,12.9,0.197,0.244,0,0,None,None,0,1,0,0,0.0372,0.0410,0.150,0.000,0
52.20,dummy,AUIT_Multi,BAC,0.000,1.000,-0.300,270.0,0.0,-0.178,1.000,-0.217,-0.235,1.003,-0.352,World,Refrigerator03_Door02,25.0,12.6,0.196,0.240,0,0,None,None,0,1,0,0,0.0043,0.0416,0.147,0.000,0
52.30,dummy,AUIT_Multi,BAC,0.000,1.000,-0.300,270.0,0.0,-0.178,1.000,-0.217,-0.231,1.004,-0.350,World,Refrigerator03_Door02,25.0,12.3,0.196,0.236,0,0,None,None,0,1,0,0,0.0005,0.0413,0.143,0.000,0
52.40,dummy,AUIT_Multi,BAC,0.000,1.000,-0.300,270.0,0.0,-0.178,1.000,-0.217,-0.228,1.005,-0.349,World,Refrigerator03_Door02,25.0,12.3,0.196,0.233,0,0,None,None,0,1,0,0,0.0000,0.0354,0.141,0.000,0
52.50,dummy,AUIT_Multi,BAC,0.000,1.000,-0.300,270.0,0.0,-0.178,1.000,-0.217,-0.224,1.006,-0.348,World,Refrigerator03_Door02,25.0,12.2,0.196,0.229,0,0,None,None,0,1,0,0,0.0000,0.0373,0.139,0.000,0
52.60,dummy,AUIT_Multi,BAC,0.000,1.000,-0.300,270.0,0.0,-0.178,1.000,-0.217,-0.221,1.007,-0.345,World,Refrigerator03_Door02,25.0,11.7,0.196,0.225,0,0,None,None,0,1,0,0,0.0000,0.0456,0.135,0.000,0
52.70,dummy,AUIT_Multi,BAC,0.000,1.000,-0.300,270.0,0.0,-0.178,1.000,-0.217,-0.217,1.008,-0.343,World,Refrigerator03_Door02,25.0,11.4,0.196,0.222,0,0,None,None,0,1,0,0,0.0000,0.0425,0.132,0.000,0
52.80,dummy,AUIT_Multi,BAC,0.000,1.000,-0.300,270.0,0.0,-0.178,1.000,-0.217,-0.214,1.009,-0.341,World,Refrigerator03_Door02,25.0,11.2,0.196,0.218,0,0,None,None,0,1,0,0,0.0000,0.0418,0.130,0.000,0
52.90,dummy,AUIT_Multi,BAC,0.000,1.000,-0.300,270.0,0.0,-0.178,1.000,-0.217,-0.214,1.008,-0.348,World,Refrigerator03_Door02,25.0,12.9,0.196,0.219,0,0,None,None,0,1,0,0,0.0000,0.0671,0.136,0.000,0
53.00,dummy,AUIT_Multi,BAC,0.000,1.000,-0.300,270.0,0.0,-0.178,1.000,-0.217,-0.231,1.001,-0.399,World,Refrigerator03_Door02,25.0,23.2,0.196,0.251,0,0,None,None,0,1,0,0,0.0000,0.5358,0.190,0.000,0
53.10,dummy,AUIT_Multi,BAC,0.000,1.000,-0.300,270.0,0.0,-0.178,1.000,-0.217,-0.234,1.000,-0.408,World,Refrigerator03_Door02,25.0,24.8,0.196,0.257,0,0,None,None,0,1,0,0,0.0000,0.0935,0.199,0.000,0
53.20,dummy,AUIT_Multi,BAC,0.000,1.000,-0.300,270.0,0.0,-0.178,1.000,-0.217,-0.234,1.000,-0.409,World,Refrigerator03_Door02,25.0,24.9,0.196,0.258,0,0,None,None,0,1,0,0,0.0000,0.0103,0.200,0.000,0
53.30,dummy,AUIT_Multi,BAC,0.000,1.000,-0.300,270.0,0.0,-0.178,1.000,-0.217,-0.234,1.000,-0.409,World,Refrigerator03_Door02,25.0,24.9,0.196,0.258,0,0,None,None,0,1,0,0,0.0000,0.0002,0.200,0.000,0
53.40,dummy,AUIT_Multi,BAC,0.000,1.000,-0.300,270.0,0.0,-0.178,1.000,-0.217,-0.234,1.000,-0.409,World,Refrigerator03_Door02,25.0,24.9,0.196,0.258,0,0,None,None,0,1,0,0,0.0000,0.0000,0.200,0.000,0
53.50,dummy,AUIT_Multi,BAC,0.000,1.000,-0.300,270.0,0.0,-0.178,1.000,-0.217,-0.234,1.000,-0.409,World,Refrigerator03_Door02,25.0,24.9,0.196,0.258,0,0,None,None,0,1,0,0,0.0000,0.0000,0.200,0.000,0
53.60,dummy,AUIT_Multi,BAC,0.000,1.000,-0.300,270.0,0.0,-0.178,1.000,-0.217,-0.234,1.000,-0.409,World,Refrigerator03_Door02,25.0,24.9,0.196,0.258,0,0,None,None,0,1,0,0,0.0000,0.0000,0.200,0.000,0
53.70,dummy,AUIT_Multi,BAC,0.000,1.000,-0.300,270.0,0.0,-0.178,1.000,-0.217,-0.234,1.000,-0.409,World,Refrigerator03_Door02,25.0,24.9,0.196,0.258,0,0,None,None,0,1,0,0,0.0000,0.0000,0.200,0.000,0
53.80,dummy,AUIT_Multi,BAC,0.000,1.000,-0.300,270.0,0.0,-0.178,1.000,-0.217,-0.234,1.000,-0.409,World,Refrigerator03_Door02,25.0,24.9,0.196,0.258,0,0,None,None,0,1,0,0,0.0000,0.0000,0.200,0.000,0
53.90,dummy,AUIT_Multi,BAC,0.000,1.000,-0.300,270.0,0.0,-0.178,1.000,-0.217,-0.234,1.000,-0.409,World,Refrigerator03_Door02,25.0,24.9,0.196,0.258,0,0,None,None,0,1,0,0,0.0000,0.0000,0.200,0.000,0
54.00,dummy,AUIT_Multi,BAC,0.000,1.000,-0.300,270.0,0.0,-0.178,1.000,-0.217,-0.234,1.000,-0.409,World,Refrigerator03_Door02,25.0,24.9,0.196,0.258,0,0,None,None,0,1,0,0,0.0000,0.0000,0.200,0.000,0
54.10,dummy,AUIT_Multi,BAC,0.000,1.000,-0.300,270.0,0.0,-0.178,1.000,-0.217,-0.234,1.000,-0.409,World,Refrigerator03_Door02,25.0,24.9,0.196,0.258,0,0,None,None,0,1,0,0,0.0000,0.0000,0.200,0.000,0
54.20,dummy,AUIT_Multi,BAC,0.000,1.000,-0.300,270.0,0.0,-0.178,1.000,-0.217,-0.234,1.000,-0.409,World,Refrigerator03_Door02,25.0,24.9,0.196,0.258,0,0,None,None,0,1,0,0,0.0000,0.0000,0.200,0.000,0
54.30,dummy,AUIT_Multi,BAC,0.000,1.000,-0.300,270.0,0.0,-0.178,1.000,-0.217,-0.234,1.000,-0.409,World,Refrigerator03_Door02,25.0,24.9,0.196,0.258,0,0,None,None,0,1,0,0,0.0000,0.0000,0.200,0.000,0
54.40,dummy,AUIT_Multi,BAC,0.000,1.000,-0.300,270.0,0.0,-0.178,1.000,-0.217,-0.234,1.000,-0.409,World,Refrigerator03_Door02,25.0,24.9,0.196,0.258,0,0,None,None,0,1,0,0,0.0000,0.0000,0.200,0.000,0
54.50,dummy,AUIT_Multi,BAC,0.000,1.000,-0.300,270.0,0.0,-0.178,1.000,-0.217,-0.234,1.000,-0.409,World,Refrigerator03_Door02,25.0,24.9,0.196,0.258,0,0,None,None,0,1,0,0,0.0000,0.0000,0.200,0.000,0
54.60,dummy,AUIT_Multi,BAC,0.000,1.000,-0.300,270.0,0.0,-0.178,1.000,-0.217,-0.234,1.000,-0.409,World,Refrigerator03_Door02,25.0,24.9,0.196,0.258,0,0,None,None,0,1,0,0,0.0000,0.0000,0.200,0.000,0
54.70,dummy,AUIT_Multi,BAC,0.000,1.000,-0.300,270.0,0.0,-0.178,1.000,-0.217,-0.234,1.000,-0.409,World,Refrigerator03_Door02,25.0,24.9,0.196,0.258,0,0,None,None,0,1,0,0,0.0000,0.0000,0.200,0.000,0
54.80,dummy,AUIT_Multi,BAC,0.000,1.000,-0.300,270.0,0.0,-0.178,1.000,-0.217,-0.234,1.000,-0.409,World,Refrigerator03_Door02,25.0,24.9,0.196,0.258,0,0,None,None,0,1,0,0,0.0000,0.0000,0.200,0.000,0
54.90,dummy,AUIT_Multi,BAC,0.000,1.000,-0.300,270.0,0.0,-0.178,1.000,-0.217,-0.234,1.000,-0.409,World,Refrigerator03_Door02,25.0,24.9,0.196,0.258,0,0,None,None,0,1,0,0,0.0000,0.0000,0.200,0.000,0
55.01,dummy,AUIT_Multi,BAC,0.000,1.000,-0.300,270.0,0.0,-0.178,1.000,-0.217,-0.234,1.000,-0.409,World,Refrigerator03_Door02,25.0,25.0,0.196,0.258,0,0,None,None,0,1,0,0,0.0000,0.0006,0.200,0.000,0
55.11,dummy,AUIT_Multi,BAC,0.000,1.000,-0.300,270.0,0.0,-0.178,1.000,-0.217,-0.234,1.000,-0.409,World,Refrigerator03_Door02,25.0,25.0,0.196,0.258,0,0,None,None,0,1,0,0,0.0000,0.0000,0.200,0.000,0
55.20,dummy,AUIT_Multi,BAC,0.000,1.000,-0.300,270.0,0.0,-0.178,1.000,-0.217,-0.234,1.000,-0.409,World,Refrigerator03_Door02,25.0,25.0,0.196,0.258,0,0,None,None,0,1,0,0,0.0000,0.0000,0.200,0.000,0
55.30,dummy,AUIT_Multi,BAC,0.000,1.000,-0.300,270.0,0.0,-0.178,1.000,-0.217,-0.234,1.000,-0.409,World,Refrigerator03_Door02,25.0,25.0,0.196,0.258,0,0,None,None,0,1,0,0,0.0000,0.0000,0.200,0.000,0
55.40,dummy,AUIT_Multi,BAC,0.000,1.000,-0.300,270.0,0.0,-0.178,1.000,-0.217,-0.234,1.000,-0.409,World,Refrigerator03_Door02,25.0,25.0,0.196,0.258,0,0,None,None,0,1,0,0,0.0000,0.0000,0.200,0.000,0
55.50,dummy,AUIT_Multi,BAC,0.000,1.000,-0.300,270.0,0.0,-0.178,1.000,-0.217,-0.234,1.000,-0.409,World,Refrigerator03_Door02,25.0,25.0,0.196,0.258,0,0,None,None,0,1,0,0,0.0000,0.0000,0.200,0.000,0
55.60,dummy,AUIT_Multi,BAC,0.000,1.000,-0.300,270.0,0.0,-0.178,1.000,-0.217,-0.234,1.000,-0.409,World,Refrigerator03_Door02,25.0,25.0,0.196,0.258,0,0,None,None,0,1,0,0,0.0000,0.0000,0.200,0.000,0
55.70,dummy,AUIT_Multi,BAC,0.000,1.000,-0.300,270.0,0.0,-0.178,1.000,-0.217,-0.234,1.000,-0.409,World,Refrigerator03_Door02,25.0,25.0,0.196,0.258,0,0,None,None,0,1,0,0,0.0000,0.0000,0.200,0.000,0
55.80,dummy,AUIT_Multi,BAC,0.000,1.000,-0.300,270.0,0.0,-0.178,1.000,-0.217,-0.234,1.000,-0.409,World,Refrigerator03_Door02,25.0,25.0,0.196,0.258,0,0,None,None,0,1,0,0,0.0000,0.0000,0.200,0.000,0
55.90,dummy,AUIT_Multi,BAC,0.000,1.000,-0.300,270.0,0.0,-0.178,1.000,-0.217,-0.234,1.000,-0.409,World,Refrigerator03_Door02,25.0,25.0,0.196,0.258,0,0,None,None,0,1,0,0,0.0000,0.0000,0.200,0.000,0
56.00,dummy,AUIT_Multi,BAC,0.000,1.000,-0.300,270.0,0.0,-0.178,1.000,-0.217,-0.234,1.000,-0.409,World,Refrigerator03_Door02,25.0,25.0,0.196,0.258,0,0,None,None,0,1,0,0,0.0000,0.0000,0.200,0.000,0
56.10,dummy,AUIT_Multi,BAC,0.000,1.000,-0.300,270.0,0.0,-0.178,1.000,-0.217,-0.234,1.000,-0.409,World,Refrigerator03_Door02,25.0,25.0,0.196,0.258,0,0,None,None,0,1,0,0,0.0000,0.0000,0.200,0.000,0
56.20,dummy,AUIT_Multi,BAC,0.000,1.000,-0.300,270.0,0.0,-0.178,1.000,-0.217,-0.234,1.000,-0.409,World,Refrigerator03_Door02,25.0,25.0,0.196,0.258,0,0,None,None,0,1,0,0,0.0000,0.0000,0.200,0.000,0
56.30,dummy,AUIT_Multi,BAC,0.000,1.000,-0.300,9.0,0.0,-0.154,1.000,-0.192,-0.235,1.000,-0.378,World,Wall4m,63.9,117.4,0.189,0.248,0,0,None,None,0,0,0,0,0.3608,0.3186,0.203,0.000,0
56.40,dummy,AUIT_Multi,BAC,0.000,1.000,-0.300,9.0,0.0,0.513,1.000,0.526,-0.271,1.000,0.474,World,Wall4m,22.9,28.3,0.972,0.820,0,0,None,None,1,0,1,0,9.5354,8.2957,0.786,0.000,0
56.51,dummy,AUIT_Multi,BAC,0.000,1.000,-0.300,90.0,0.0,0.547,1.000,0.287,-0.119,1.001,0.444,World,Wall4m,47.0,99.1,0.802,0.754,0,0,None,None,0,0,0,0,2.3476,1.5074,0.684,0.000,0
56.60,dummy,AUIT_Multi,BAC,0.000,1.000,-0.300,90.0,0.0,0.510,1.000,-0.380,-0.157,1.002,0.393,World,Quad,8.9,102.8,0.516,0.710,0,0,None,None,1,0,0,0,7.0002,0.6745,1.021,0.000,0
56.70,dummy,AUIT_Multi,BAC,0.000,1.000,-0.300,90.0,0.0,0.516,1.000,-0.522,-0.121,1.002,0.326,World,Wall4m,23.2,101.0,0.562,0.637,0,0,None,None,1,0,0,0,1.3718,0.7344,1.061,0.000,0
56.80,dummy,AUIT_Multi,BAC,0.000,1.000,-0.300,90.0,0.0,0.516,1.000,-0.539,-0.113,1.003,0.265,World,Wall4m,24.8,101.3,0.569,0.576,0,0,None,None,1,0,0,0,0.1751,0.6441,1.020,0.000,0
56.90,dummy,AUIT_Multi,BAC,0.000,1.000,-0.300,90.0,0.0,0.516,1.000,-0.541,-0.056,1.004,0.201,World,Wall4m,25.0,96.4,0.570,0.504,0,0,None,None,1,0,0,0,0.0199,0.8520,0.937,0.000,0
57.00,dummy,AUIT_Multi,BAC,0.000,1.000,-0.300,90.0,0.0,0.516,1.000,-0.541,-0.037,1.005,0.135,World,Wall4m,25.0,94.9,0.570,0.436,0,0,None,None,1,0,0,0,0.0022,0.6597,0.873,0.000,0
57.10,dummy,AUIT_Multi,BAC,0.000,1.000,-0.300,90.0,0.0,0.516,1.000,-0.541,-0.003,1.006,0.072,World,Wall4m,25.0,90.5,0.570,0.372,0,0,None,None,1,0,0,0,0.0002,0.7242,0.804,0.000,0
57.20,dummy,AUIT_Multi,BAC,0.000,1.000,-0.300,90.0,0.0,0.516,1.000,-0.541,0.003,1.007,0.005,World,Wall4m,25.0,89.4,0.570,0.305,0,0,None,None,1,0,0,0,0.0000,0.6710,0.749,0.000,0
57.30,dummy,AUIT_Multi,BAC,0.000,1.000,-0.300,90.0,0.0,0.516,1.000,-0.541,0.033,1.007,-0.059,World,Wall4m,25.0,82.2,0.570,0.244,0,0,None,None,1,0,0,0,0.0000,0.6989,0.683,0.000,0
57.40,dummy,AUIT_Multi,BAC,0.000,1.000,-0.300,90.0,0.0,0.516,1.000,-0.541,0.072,1.008,-0.118,World,Wall4m,25.0,68.3,0.570,0.196,0,0,None,None,1,0,0,0,0.0000,0.7229,0.613,0.000,0
57.50,dummy,AUIT_Multi,BAC,0.000,1.000,-0.300,90.0,0.0,0.516,1.000,-0.541,0.163,1.007,-0.128,World,Wall4m,25.0,46.6,0.570,0.237,0,0,None,None,1,0,0,0,0.0000,0.9078,0.544,0.000,0
57.60,dummy,AUIT_Multi,BAC,0.000,1.000,-0.300,90.0,0.0,0.516,1.000,-0.541,0.225,1.006,-0.139,World,Wall4m,25.0,35.6,0.570,0.277,0,0,None,None,1,0,0,0,0.0000,0.6503,0.496,0.000,0
57.71,dummy,AUIT_Multi,BAC,0.000,1.000,-0.300,90.0,0.0,0.516,1.000,-0.541,0.250,1.005,-0.167,World,Wall4m,25.0,28.0,0.570,0.283,0,0,None,None,1,0,0,0,0.0000,0.3595,0.459,0.000,0
57.80,dummy,AUIT_Multi,BAC,0.000,1.000,-0.300,90.0,0.0,0.516,1.000,-0.541,0.287,1.003,-0.189,World,Wall4m,25.0,21.1,0.570,0.308,0,0,None,None,1,1,0,0,0.0000,0.4350,0.419,0.000,0
57.90,dummy,AUIT_Multi,BAC,0.000,1.000,-0.300,90.0,0.0,0.516,1.000,-0.541,0.335,1.002,-0.205,World,Wall4m,25.0,15.8,0.570,0.348,0,0,None,None,1,1,0,0,0.0000,0.5230,0.382,0.000,0
58.01,dummy,AUIT_Multi,BAC,0.000,1.000,-0.300,90.0,0.0,0.516,1.000,-0.541,0.371,1.001,-0.229,World,Wall4m,25.0,10.8,0.570,0.378,0,0,None,None,1,1,0,0,0.0000,0.4143,0.344,0.000,0
58.10,dummy,AUIT_Multi,BAC,0.000,1.000,-0.300,90.0,0.0,0.516,1.000,-0.541,0.394,1.000,-0.260,World,Wall4m,25.0,5.8,0.570,0.396,0,0,None,None,1,1,0,0,0.0000,0.3992,0.306,0.000,0
58.20,dummy,AUIT_Multi,BAC,0.000,1.000,-0.300,90.0,0.0,0.516,1.000,-0.541,0.442,0.999,-0.276,World,Wall4m,25.0,3.1,0.570,0.443,0,0,None,None,1,1,0,0,0.0000,0.4989,0.275,0.000,0
58.30,dummy,AUIT_Multi,BAC,0.000,1.000,-0.300,90.0,0.0,0.516,1.000,-0.541,0.477,0.997,-0.300,World,Wall4m,25.0,0.3,0.570,0.477,0,0,None,None,1,1,0,0,0.0000,0.4326,0.244,0.000,0
58.40,dummy,AUIT_Multi,BAC,0.000,1.000,-0.300,90.0,0.0,0.516,1.000,-0.541,0.513,0.996,-0.323,World,Wall4m,25.0,2.6,0.570,0.514,0,0,None,None,1,1,0,0,0.0000,0.4346,0.218,0.000,0
58.50,dummy,AUIT_Multi,BAC,0.000,1.000,-0.300,90.0,0.0,0.491,1.000,-0.523,0.608,0.997,-0.249,World,Wall4m,24.5,4.8,0.540,0.610,0,0,None,None,1,1,0,0,0.2918,1.1578,0.298,0.000,0
58.60,dummy,AUIT_Multi,BAC,0.000,1.000,-0.300,90.0,0.0,0.457,1.000,-0.500,0.592,0.996,-0.266,World,Wall4m,23.6,3.3,0.499,0.593,0,0,None,None,1,1,0,0,0.4312,0.2392,0.270,0.000,0
58.70,dummy,AUIT_Multi,BAC,0.000,1.000,-0.300,90.0,0.0,0.420,1.000,-0.474,0.578,0.996,-0.280,World,Wall4m,22.5,2.0,0.455,0.579,0,0,None,None,1,1,0,0,0.4457,0.1960,0.250,0.000,0
58.80,dummy,AUIT_Multi,BAC,0.000,1.000,-0.300,90.0,0.0,0.384,0.999,-0.448,0.569,0.996,-0.290,World,Wall4m,21.1,1.0,0.411,0.569,0,0,None,None,1,1,0,0,0.4528,0.1389,0.244,0.000,0
58.90,dummy,AUIT_Multi,BAC,0.000,1.000,-0.300,90.0,0.0,0.349,0.999,-0.423,0.562,0.996,-0.299,World,Wall4m,19.5,0.4,0.371,0.562,0,0,None,None,1,1,0,0,0.4167,0.1065,0.247,0.000,0
59.00,dummy,AUIT_Multi,BAC,0.000,1.000,-0.300,90.0,0.0,0.325,0.999,-0.401,0.558,0.996,-0.306,World,Quad,17.3,0.7,0.341,0.558,0,0,None,None,1,1,0,0,0.3314,0.0892,0.251,0.035,0
59.10,dummy,AUIT_Multi,BAC,0.000,1.000,-0.300,90.0,0.0,0.282,0.999,-0.372,0.545,0.996,-0.319,World,Quad,14.3,2.0,0.291,0.545,0,0,None,None,1,1,0,0,0.5115,0.1722,0.269,0.039,0
59.20,dummy,AUIT_Multi,BAC,0.000,1.000,-0.300,90.0,0.0,0.253,0.999,-0.350,0.545,0.996,-0.321,World,Quad,11.2,2.2,0.258,0.546,0,0,None,None,1,1,0,0,0.3723,0.0241,0.293,0.040,0
59.30,dummy,AUIT_Multi,BAC,0.000,1.000,-0.300,90.0,0.0,0.235,0.999,-0.331,0.555,0.996,-0.318,World,Quad,7.4,1.9,0.237,0.555,0,0,None,None,1,1,0,0,0.2616,0.1048,0.320,0.038,0
59.40,dummy,AUIT_Multi,BAC,0.000,1.000,-0.300,90.0,0.0,0.213,0.999,-0.263,0.540,0.996,-0.367,World,Quad,9.8,7.1,0.216,0.544,0,0,None,None,1,1,0,0,0.6815,0.4950,0.343,0.049,0
59.50,dummy,AUIT_Multi,BAC,0.000,1.000,-0.300,90.0,0.0,0.537,1.000,-0.156,0.872,0.999,-0.510,World,Quad,15.0,13.5,0.555,0.897,0,0,None,None,1,1,0,1,3.5424,3.7591,0.487,0.000,0
59.60,dummy,AUIT_Multi,BAC,0.000,1.000,-0.300,90.0,0.0,0.531,1.000,-0.158,0.992,1.000,-0.563,World,Quad,15.0,14.8,0.550,1.026,0,0,None,None,1,1,0,1,0.0583,1.3184,0.614,0.000,0
59.70,dummy,AUIT_Multi,BAC,0.000,1.000,-0.300,90.0,0.0,0.531,1.000,-0.158,1.006,1.000,-0.569,World,Quad,15.0,15.0,0.550,1.041,0,0,None,None,1,1,0,1,0.0002,0.1478,0.628,0.000,0
59.80,dummy,AUIT_Multi,BAC,0.000,1.000,-0.300,90.0,0.0,0.531,1.000,-0.158,1.007,1.000,-0.570,World,Quad,15.0,15.0,0.550,1.042,0,0,None,None,1,1,0,1,0.0000,0.0104,0.629,0.000,0
59.90,dummy,AUIT_Multi,BAC,0.000,1.000,-0.300,90.0,0.0,0.531,1.000,-0.158,1.007,1.000,-0.570,World,Quad,15.0,15.0,0.550,1.042,0,0,None,None,1,1,0,1,0.0000,0.0006,0.629,0.000,0
60.00,dummy,AUIT_Multi,BAC,0.000,1.000,-0.300,90.0,0.0,0.531,1.000,-0.158,1.007,1.000,-0.570,World,Quad,15.0,15.0,0.550,1.042,0,0,None,None,1,1,0,1,0.0000,0.0000,0.629,0.000,0
60.10,dummy,AUIT_Multi,BAC,0.000,1.000,-0.300,90.0,0.0,0.531,1.000,-0.158,1.007,1.000,-0.570,World,Quad,15.0,15.0,0.550,1.042,0,0,None,None,1,1,0,1,0.0000,0.0000,0.629,0.000,0
60.20,dummy,AUIT_Multi,BAC,0.000,1.000,-0.300,90.0,0.0,0.531,1.000,-0.158,1.007,1.000,-0.570,World,Quad,15.0,15.0,0.550,1.042,0,0,None,None,1,1,0,1,0.0000,0.0000,0.629,0.000,0
60.30,dummy,AUIT_Multi,BAC,0.000,1.000,-0.300,90.0,0.0,0.531,1.000,-0.158,1.007,1.000,-0.570,World,Quad,15.0,15.0,0.550,1.042,0,0,None,None,1,1,0,1,0.0000,0.0000,0.629,0.000,0
60.40,dummy,AUIT_Multi,BAC,0.000,1.000,-0.300,90.0,0.0,0.531,1.000,-0.158,1.007,1.000,-0.570,World,Quad,15.0,15.0,0.550,1.042,0,0,None,None,1,1,0,1,0.0000,0.0000,0.629,0.000,0
60.50,dummy,AUIT_Multi,BAC,0.000,1.000,-0.300,9.0,0.0,0.086,1.000,0.229,0.929,1.000,-0.449,World,Quad,0.2,90.1,0.536,0.941,0,0,None,None,1,0,0,0,6.0823,1.4799,1.082,0.000,0
60.60,dummy,AUIT_Multi,BAC,0.000,1.000,-0.300,9.0,0.0,-0.143,1.000,0.321,0.832,1.000,-0.389,World,Wall4m,21.9,87.1,0.637,0.837,0,0,None,None,1,0,0,0,2.4693,1.1416,1.206,0.000,0
60.71,dummy,AUIT_Multi,BAC,0.000,1.000,-0.300,0.0,0.0,-0.158,1.000,0.165,0.727,1.000,-0.329,World,EggBowl,18.7,92.3,0.491,0.727,0,0,None,None,1,0,0,0,1.4688,1.1388,1.014,0.000,0
60.80,dummy,AUIT_Multi,BAC,0.000,1.000,-0.300,0.0,0.0,-0.207,1.000,0.163,0.628,1.000,-0.250,World,EggBowl,24.0,85.4,0.507,0.630,0,0,None,None,1,0,0,0,0.5066,1.3154,0.931,0.000,0
60.90,dummy,AUIT_Multi,BAC,0.000,1.000,-0.300,0.0,0.0,-0.216,1.000,0.166,0.530,0.999,-0.176,World,EggBowl,24.9,76.8,0.514,0.544,0,0,None,None,1,0,0,0,0.1005,1.2101,0.821,0.000,0
61.00,dummy,AUIT_Multi,BAC,0.000,1.000,-0.300,0.0,0.0,-0.217,1.000,0.166,0.435,0.999,-0.127,World,EggBowl,25.0,68.3,0.514,0.468,0,0,None,None,1,0,0,0,0.0092,1.0889,0.715,0.000,0
61.10,dummy,AUIT_Multi,BAC,0.000,1.000,-0.300,0.0,0.0,-0.217,1.000,0.166,0.338,0.999,-0.076,World,EggBowl,25.0,56.5,0.514,0.405,0,0,None,None,1,0,0,0,0.0012,1.1141,0.606,0.000,0
61.20,dummy,AUIT_Multi,BAC,0.000,1.000,-0.300,0.0,0.0,-0.217,1.000,0.166,0.239,0.999,-0.014,World,EggBowl,25.0,39.9,0.514,0.373,0,0,None,None,0,0,0,0,0.0001,1.1645,0.491,0.000,0
61.30,dummy,AUIT_Multi,BAC,0.000,1.000,-0.300,0.0,0.0,-0.217,1.000,0.166,0.140,0.999,0.050,World,EggBowl,25.0,21.8,0.514,0.376,0,0,None,None,0,1,0,0,0.0000,1.1543,0.375,0.000,0
61.40,dummy,AUIT_Multi,BAC,0.000,1.000,-0.300,0.0,0.0,-0.217,1.000,0.166,0.049,0.999,0.118,World,EggBowl,25.0,6.7,0.514,0.421,0,0,None,None,0,1,0,0,0.0000,1.1614,0.271,0.000,0
61.50,dummy,AUIT_Multi,BAC,0.000,1.000,-0.300,0.0,0.0,-0.217,1.000,0.166,0.306,0.999,0.535,World,EggBowl,25.0,20.1,0.514,0.889,0,0,None,None,0,1,0,1,0.0000,4.8532,0.640,0.000,0
61.60,dummy,AUIT_Multi,BAC,0.000,1.000,-0.300,0.0,0.0,-0.217,1.000,0.166,0.478,1.000,0.752,World,EggBowl,25.0,24.4,0.514,1.155,0,0,None,None,0,1,0,1,0.0000,2.7842,0.909,0.000,0
61.70,dummy,AUIT_Multi,BAC,0.000,1.000,-0.300,0.0,0.0,-0.217,1.000,0.166,0.504,1.000,0.783,World,EggBowl,25.0,24.9,0.514,1.195,0,0,None,None,0,1,0,1,0.0000,0.4058,0.949,0.000,0
61.80,dummy,AUIT_Multi,BAC,0.000,1.000,-0.300,0.0,0.0,-0.217,1.000,0.166,0.507,1.000,0.787,World,EggBowl,25.0,25.0,0.514,1.199,0,0,None,None,0,1,0,1,0.0000,0.0474,0.954,0.000,0
61.90,dummy,AUIT_Multi,BAC,0.000,1.000,-0.300,0.0,0.0,-0.217,1.000,0.166,0.507,1.000,0.787,World,EggBowl,25.0,25.0,0.514,1.200,0,0,None,None,0,0,0,0,0.0000,0.0034,0.954,0.000,0
62.00,dummy,AUIT_Multi,BAC,0.000,1.000,-0.300,0.0,0.0,-0.217,1.000,0.166,0.507,1.000,0.787,World,EggBowl,25.0,25.0,0.514,1.200,0,0,None,None,0,0,0,0,0.0000,0.0003,0.954,0.000,0
62.10,dummy,AUIT_Multi,BAC,0.000,1.000,-0.300,0.0,0.0,-0.217,1.000,0.166,0.507,1.000,0.787,World,EggBowl,25.0,25.0,0.514,1.200,0,0,None,None,0,0,0,0,0.0000,0.0000,0.954,0.000,0
62.20,dummy,AUIT_Multi,BAC,0.000,1.000,-0.300,0.0,0.0,-0.217,1.000,0.166,0.507,1.000,0.787,World,EggBowl,25.0,25.0,0.514,1.200,0,0,None,None,0,0,0,0,0.0000,0.0000,0.954,0.000,0
62.30,dummy,AUIT_Multi,BAC,0.000,1.000,-0.300,0.0,0.0,-0.217,1.000,0.166,0.507,1.000,0.787,World,EggBowl,25.0,25.0,0.514,1.200,0,0,None,None,0,0,0,0,0.0000,0.0000,0.954,0.000,0
62.40,dummy,AUIT_Multi,BAC,0.000,1.000,-0.300,0.0,0.0,-0.217,1.000,0.166,0.507,1.000,0.787,World,EggBowl,25.0,25.0,0.514,1.200,0,0,None,None,0,0,0,0,0.0000,0.0000,0.954,0.000,0
62.50,dummy,AUIT_Multi,BAC,0.000,1.000,-0.300,0.0,0.0,-0.217,1.000,0.166,0.507,1.000,0.787,World,EggBowl,25.0,25.0,0.514,1.200,0,0,None,None,0,0,0,0,0.0000,0.0000,0.954,0.000,0
62.60,dummy,AUIT_Multi,BAC,0.000,1.000,-0.300,0.0,0.0,-0.217,1.000,0.166,0.507,1.000,0.787,World,EggBowl,25.0,25.0,0.514,1.200,0,0,None,None,0,0,0,0,0.0000,0.0013,0.954,0.000,0
62.70,dummy,AUIT_Multi,BAC,0.000,1.000,-0.300,0.0,0.0,-0.217,1.000,0.166,0.507,1.000,0.787,World,EggBowl,25.0,25.0,0.514,1.200,0,0,None,None,0,0,0,0,0.0000,0.0000,0.954,0.000,0
62.80,dummy,AUIT_Multi,BAC,0.000,1.000,-0.300,0.0,0.0,-0.217,1.000,0.166,0.507,1.000,0.787,World,EggBowl,25.0,25.0,0.514,1.200,0,0,None,None,0,0,0,0,0.0000,0.0000,0.954,0.000,0
62.90,dummy,AUIT_Multi,BAC,0.000,1.000,-0.300,0.0,0.0,-0.217,1.000,0.166,0.507,1.000,0.787,World,EggBowl,25.0,25.0,0.514,1.200,0,0,None,None,0,0,0,0,0.0000,0.0000,0.954,0.000,0
63.00,dummy,AUIT_Multi,BAC,0.000,1.000,-0.300,0.0,0.0,-0.217,1.000,0.166,0.507,1.000,0.787,World,EggBowl,25.0,25.0,0.514,1.200,0,0,None,None,0,0,0,0,0.0000,0.0000,0.954,0.000,0
63.10,dummy,AUIT_Multi,BAC,0.000,1.000,-0.300,0.0,0.0,-0.217,1.000,0.166,0.507,1.000,0.787,World,EggBowl,25.0,25.0,0.514,1.200,0,0,None,None,0,0,0,0,0.0000,0.0000,0.954,0.000,0
63.20,dummy,AUIT_Multi,BAC,0.000,1.000,-0.300,0.0,0.0,-0.217,1.000,0.166,0.507,1.000,0.787,World,EggBowl,25.0,25.0,0.514,1.200,0,0,None,None,0,0,0,0,0.0000,0.0000,0.954,0.000,0
63.30,dummy,AUIT_Multi,BAC,0.000,1.000,-0.300,0.0,0.0,-0.217,1.000,0.166,0.507,1.000,0.787,World,EggBowl,25.0,25.0,0.514,1.200,0,0,None,None,0,0,0,0,0.0000,0.0000,0.954,0.000,0
63.40,dummy,AUIT_Multi,BAC,0.000,1.000,-0.300,0.0,0.0,-0.217,1.000,0.166,0.507,1.000,0.787,World,EggBowl,25.0,25.0,0.514,1.200,0,0,None,None,0,0,0,0,0.0000,0.0000,0.954,0.000,0
63.50,dummy,AUIT_Multi,BAC,0.000,1.000,-0.300,0.0,0.0,-0.217,1.000,0.166,0.507,1.000,0.787,World,EggBowl,25.0,25.0,0.514,1.200,0,0,None,None,0,0,0,0,0.0000,0.0000,0.954,0.000,0
63.60,dummy,AUIT_Multi,BAC,0.000,1.000,-0.300,0.0,0.0,-0.217,1.000,0.166,0.507,1.000,0.787,World,EggBowl,25.0,25.0,0.514,1.200,0,0,None,None,0,0,0,0,0.0000,0.0000,0.954,0.000,0
63.70,dummy,AUIT_Multi,BAC,0.000,1.000,-0.300,0.0,0.0,-0.217,1.000,0.166,0.507,1.000,0.787,World,EggBowl,25.0,25.0,0.514,1.200,0,0,None,None,0,0,0,0,0.0000,0.0000,0.954,0.000,0
63.80,dummy,AUIT_Multi,BAC,0.000,1.000,-0.300,0.0,0.0,-0.217,1.000,0.166,0.507,1.000,0.787,World,EggBowl,25.0,25.0,0.514,1.200,0,0,None,None,0,0,0,0,0.0000,0.0000,0.954,0.000,0
63.90,dummy,AUIT_Multi,BAC,0.000,1.000,-0.300,0.0,0.0,-0.217,1.000,0.166,0.507,1.000,0.787,World,EggBowl,25.0,25.0,0.514,1.200,0,0,None,None,0,0,0,0,0.0000,0.0000,0.954,0.000,0
64.00,dummy,AUIT_Multi,BAC,0.000,1.000,-0.300,0.0,0.0,-0.217,1.000,0.166,0.507,1.000,0.787,World,EggBowl,25.0,25.0,0.514,1.200,0,0,None,None,0,0,0,0,0.0000,0.0000,0.954,0.000,0
64.10,dummy,AUIT_Multi,BAC,0.000,1.000,-0.300,0.0,0.0,-0.217,1.000,0.166,0.507,1.000,0.787,World,EggBowl,25.0,25.0,0.514,1.200,0,0,None,None,0,0,0,0,0.0000,0.0000,0.954,0.000,0
64.20,dummy,AUIT_Multi,BAC,0.000,1.000,-0.300,0.0,0.0,-0.217,1.000,0.166,0.507,1.000,0.787,World,EggBowl,25.0,25.0,0.514,1.200,0,0,None,None,0,0,0,0,0.0000,0.0000,0.954,0.000,0
64.30,dummy,AUIT_Multi,BAC,0.000,1.000,-0.300,0.0,0.0,-0.217,1.000,0.166,0.507,1.000,0.787,World,EggBowl,25.0,25.0,0.514,1.200,0,0,None,None,0,0,0,0,0.0000,0.0000,0.954,0.000,0
64.40,dummy,AUIT_Multi,BAC,0.000,1.000,-0.300,0.0,0.0,-0.217,1.000,0.166,0.507,1.000,0.787,World,EggBowl,25.0,25.0,0.514,1.200,0,0,None,None,0,0,0,0,0.0000,0.0000,0.954,0.000,0
64.50,dummy,AUIT_Multi,BAC,0.000,1.000,-0.300,0.0,0.0,-0.217,1.000,0.166,0.507,1.000,0.787,World,EggBowl,25.0,25.0,0.514,1.200,0,0,None,None,0,0,0,0,0.0000,0.0000,0.954,0.000,0
64.60,dummy,AUIT_Multi,BAC,0.000,1.000,-0.300,0.0,0.0,-0.217,1.000,0.166,0.507,1.000,0.787,World,EggBowl,25.0,25.0,0.514,1.200,0,0,None,None,0,0,0,0,0.0000,0.0000,0.954,0.000,0
64.70,dummy,AUIT_Multi,BAC,0.000,1.000,-0.300,0.0,0.0,-0.217,1.000,0.166,0.507,1.000,0.787,World,EggBowl,25.0,25.0,0.514,1.200,0,0,None,None,0,0,0,0,0.0000,0.0000,0.954,0.000,0
64.80,dummy,AUIT_Multi,BAC,0.000,1.000,-0.300,0.0,0.0,-0.217,1.000,0.166,0.507,1.000,0.787,World,EggBowl,25.0,25.0,0.514,1.200,0,0,None,None,0,0,0,0,0.0000,0.0000,0.954,0.000,0
64.90,dummy,AUIT_Multi,BAC,0.000,1.000,-0.300,0.0,0.0,-0.217,1.000,0.166,0.507,1.000,0.787,World,EggBowl,25.0,25.0,0.514,1.200,0,0,None,None,0,0,0,0,0.0000,0.0000,0.954,0.000,0
65.00,dummy,AUIT_Multi,BAC,0.000,1.000,-0.300,0.0,0.0,-0.217,1.000,0.166,0.507,1.000,0.787,World,EggBowl,25.0,25.0,0.514,1.200,0,0,None,None,0,0,0,0,0.0000,0.0000,0.954,0.000,0
65.10,dummy,AUIT_Multi,BAC,0.000,1.000,-0.300,0.0,0.0,-0.217,1.000,0.166,0.507,1.000,0.787,World,EggBowl,25.0,25.0,0.514,1.200,0,0,None,None,0,0,0,0,0.0000,0.0000,0.954,0.000,0
65.20,dummy,AUIT_Multi,BAC,0.000,1.000,-0.300,0.0,0.0,-0.217,1.000,0.166,0.507,1.000,0.787,World,EggBowl,25.0,25.0,0.514,1.200,0,0,None,None,0,0,0,0,0.0000,0.0000,0.954,0.000,0
65.30,dummy,AUIT_Multi,BAC,0.000,1.000,-0.300,0.0,0.0,-0.217,1.000,0.166,0.507,1.000,0.787,World,EggBowl,25.0,25.0,0.514,1.200,0,0,None,None,0,0,0,0,0.0000,0.0000,0.954,0.000,0
65.40,dummy,AUIT_Multi,BAC,0.000,1.000,-0.300,0.0,0.0,-0.217,1.000,0.166,0.507,1.000,0.787,World,EggBowl,25.0,25.0,0.514,1.200,0,0,None,None,0,0,0,0,0.0000,0.0000,0.954,0.000,0
65.50,dummy,AUIT_Multi,BAC,0.000,1.000,-0.300,0.0,0.0,-0.217,1.000,0.166,0.507,1.000,0.787,World,EggBowl,25.0,25.0,0.514,1.200,0,0,None,None,0,0,0,0,0.0000,0.0000,0.954,0.000,0
65.60,dummy,AUIT_Multi,BAC,0.000,1.000,-0.300,0.0,0.0,-0.217,1.000,0.166,0.507,1.000,0.787,World,EggBowl,25.0,25.0,0.514,1.200,0,0,None,None,0,0,0,0,0.0000,0.0000,0.954,0.000,0
65.70,dummy,AUIT_Multi,BAC,0.000,1.000,-0.300,0.0,0.0,-0.217,1.000,0.166,0.507,1.000,0.787,World,EggBowl,25.0,25.0,0.514,1.200,0,0,None,None,0,0,0,0,0.0000,0.0000,0.954,0.000,0
65.80,dummy,AUIT_Multi,BAC,0.000,1.000,-0.300,0.0,0.0,-0.217,1.000,0.166,0.507,1.000,0.787,World,EggBowl,25.0,25.0,0.514,1.200,0,0,None,None,0,0,0,0,0.0000,0.0000,0.954,0.000,0
65.90,dummy,AUIT_Multi,BAC,0.000,1.000,-0.300,0.0,0.0,-0.217,1.000,0.166,0.507,1.000,0.787,World,EggBowl,25.0,25.0,0.514,1.200,0,0,None,None,0,0,0,0,0.0000,0.0000,0.954,0.000,0
66.00,dummy,AUIT_Multi,BAC,0.000,1.000,-0.300,0.0,0.0,-0.217,1.000,0.166,0.507,1.000,0.787,World,EggBowl,25.0,25.0,0.514,1.200,0,0,None,None,0,0,0,0,0.0000,0.0000,0.954,0.000,0
66.10,dummy,AUIT_Multi,BAC,0.000,1.000,-0.300,0.0,0.0,-0.217,1.000,0.166,0.507,1.000,0.787,World,EggBowl,25.0,25.0,0.514,1.200,0,0,None,None,0,0,0,0,0.0000,0.0000,0.954,0.000,0
66.20,dummy,AUIT_Multi,BAC,0.000,1.000,-0.300,0.0,0.0,-0.217,1.000,0.166,0.507,1.000,0.787,World,EggBowl,25.0,25.0,0.514,1.200,0,0,None,None,0,0,0,0,0.0000,0.0000,0.954,0.000,0
66.30,dummy,AUIT_Multi,BAC,0.000,1.000,-0.300,0.0,0.0,-0.217,1.000,0.166,0.507,1.000,0.787,World,EggBowl,25.0,25.0,0.514,1.200,0,0,None,None,0,0,0,0,0.0000,0.0000,0.954,0.000,0
66.40,dummy,AUIT_Multi,BAC,0.000,1.000,-0.300,0.0,0.0,-0.217,1.000,0.166,0.507,1.000,0.787,World,EggBowl,25.0,25.0,0.514,1.200,0,0,None,None,0,0,0,0,0.0000,0.0000,0.954,0.000,0
66.50,dummy,AUIT_Multi,BAC,0.000,1.000,-0.300,0.0,0.0,-0.217,1.000,0.166,0.507,1.000,0.787,World,EggBowl,25.0,25.0,0.514,1.200,0,0,None,None,0,0,0,0,0.0000,0.0000,0.954,0.000,0
66.60,dummy,AUIT_Multi,BAC,0.000,1.000,-0.300,0.0,0.0,-0.217,1.000,0.166,0.507,1.000,0.787,World,EggBowl,25.0,25.0,0.514,1.200,0,0,None,None,0,0,0,0,0.0000,0.0000,0.954,0.000,0
66.70,dummy,AUIT_Multi,BAC,0.000,1.000,-0.300,0.0,0.0,-0.217,1.000,0.166,0.507,1.000,0.787,World,EggBowl,25.0,25.0,0.514,1.200,0,0,None,None,0,0,0,0,0.0000,0.0000,0.954,0.000,0
66.80,dummy,AUIT_Multi,BAC,1.000,1.000,-0.300,0.0,0.0,0.239,1.000,0.566,1.150,1.000,0.787,World,Wall4m,41.3,7.9,1.152,1.098,0,0,None,None,0,1,0,1,6.0432,6.4033,0.937,0.000,0
66.91,dummy,AUIT_Multi,BAC,1.000,1.000,-0.300,0.0,0.0,0.456,1.000,0.755,1.455,1.000,0.787,World,Wall4m,27.3,22.7,1.187,1.179,0,0,None,None,0,1,0,1,2.8053,2.9725,1.000,0.000,0
67.00,dummy,AUIT_Multi,BAC,1.000,1.000,-0.300,0.0,0.0,0.488,1.000,0.784,1.493,1.000,0.778,World,Wall4m,25.3,24.6,1.198,1.186,0,0,None,None,0,1,0,1,0.4375,0.3946,1.005,0.000,0
67.10,dummy,AUIT_Multi,BAC,1.000,1.000,-0.300,0.0,0.0,0.492,1.000,0.787,1.455,1.001,0.717,World,Wall4m,25.0,24.1,1.200,1.114,0,0,None,None,0,1,0,1,0.0559,0.7632,0.965,0.000,0
67.20,dummy,AUIT_Multi,BAC,1.000,1.000,-0.300,0.0,0.0,0.493,1.000,0.788,1.415,1.001,0.652,World,Wall4m,25.0,23.5,1.200,1.038,0,0,None,None,0,1,0,1,0.0062,0.7616,0.932,0.000,0
67.30,dummy,AUIT_Multi,BAC,1.000,1.000,-0.300,0.0,0.0,0.493,1.000,0.788,1.373,1.002,0.584,World,Wall4m,25.0,22.9,1.200,0.959,0,0,None,None,0,1,0,1,0.0006,0.7695,0.903,0.000,0
67.40,dummy,AUIT_Multi,BAC,1.000,1.000,-0.300,0.0,0.0,0.493,1.000,0.788,1.334,1.003,0.520,World,Wall4m,25.0,22.1,1.200,0.886,0,0,None,None,0,1,0,1,0.0000,0.7496,0.882,0.000,0
67.50,dummy,AUIT_Multi,BAC,1.000,1.000,-0.300,0.0,0.0,0.493,1.000,0.788,1.291,1.003,0.451,World,Wall4m,25.0,21.2,1.200,0.805,0,0,None,None,0,1,0,1,0.0000,0.8366,0.866,0.000,0
67.60,dummy,AUIT_Multi,BAC,1.000,1.000,-0.300,0.0,0.0,0.493,1.000,0.788,1.252,1.004,0.387,World,Wall4m,25.0,20.1,1.200,0.732,0,0,None,None,0,1,0,0,0.0000,0.7182,0.858,0.000,0
67.70,dummy,AUIT_Multi,BAC,1.000,1.000,-0.300,0.0,0.0,0.493,1.000,0.788,1.215,1.004,0.328,World,Wall4m,25.0,18.9,1.200,0.663,0,0,None,None,0,1,0,0,0.0000,0.7139,0.856,0.000,0
67.81,dummy,AUIT_Multi,BAC,1.000,1.000,-0.300,0.0,0.0,0.493,1.000,0.788,1.196,1.005,0.297,World,Wall4m,25.0,18.2,1.200,0.628,0,0,None,None,0,1,0,0,0.0000,0.3447,0.858,0.000,0
67.90,dummy,AUIT_Multi,BAC,1.000,1.000,-0.300,0.0,0.0,0.493,1.000,0.788,1.145,1.006,0.213,World,Wall4m,25.0,15.7,1.200,0.533,0,0,None,None,0,1,0,0,0.0000,1.0551,0.869,0.000,0
68.00,dummy,AUIT_Multi,BAC,1.000,1.000,-0.300,0.0,0.0,0.496,1.000,0.783,1.146,1.006,0.214,World,Wall4m,25.0,15.9,1.195,0.534,0,0,None,None,1,1,1,0,0.0547,0.0167,0.864,0.000,0
68.10,dummy,AUIT_Multi,BAC,1.000,1.000,-0.300,0.0,0.0,0.536,0.999,0.727,1.131,1.006,0.192,World,Wall4m,24.3,14.9,1.127,0.509,0,0,None,None,1,1,1,0,0.7066,0.2722,0.800,0.000,0
68.20,dummy,AUIT_Multi,BAC,1.000,1.000,-0.300,0.0,0.0,0.575,0.998,0.674,1.135,1.006,0.201,World,Wall4m,23.6,15.1,1.063,0.519,0,0,None,None,1,1,1,0,0.6516,0.1076,0.733,0.000,0
68.30,dummy,AUIT_Multi,BAC,1.000,1.000,-0.300,0.0,0.0,0.617,0.997,0.616,1.128,1.006,0.191,World,Wall4m,22.7,14.6,0.993,0.507,0,0,None,None,1,1,1,0,0.7170,0.1295,0.665,0.000,0
68.40,dummy,AUIT_Multi,BAC,1.000,1.000,-0.300,0.0,0.0,0.661,0.996,0.550,1.111,1.006,0.163,World,Wall4m,21.7,13.5,0.915,0.477,0,0,None,None,1,1,1,0,0.7729,0.3161,0.593,0.000,0
68.50,dummy,AUIT_Multi,BAC,1.000,1.000,-0.300,0.0,0.0,0.699,0.996,0.503,1.118,1.006,0.182,World,Wall4m,20.5,13.7,0.857,0.496,0,0,None,None,1,1,1,0,0.6137,0.1997,0.528,0.000,0
68.60,dummy,AUIT_Multi,BAC,1.000,1.000,-0.300,0.0,0.0,0.742,0.995,0.444,1.111,1.006,0.174,World,Wall4m,19.1,13.2,0.787,0.487,0,0,None,None,1,1,0,0,0.7129,0.0988,0.457,0.000,0
68.70,dummy,AUIT_Multi,BAC,1.000,1.000,-0.300,0.0,0.0,0.784,0.994,0.387,1.105,1.006,0.169,World,Quad,17.4,12.6,0.720,0.480,0,0,None,None,1,1,0,0,0.7166,0.0857,0.388,0.000,0
68.80,dummy,AUIT_Multi,BAC,1.000,1.000,-0.300,0.0,0.0,0.826,0.993,0.330,1.098,1.006,0.162,World,Quad,15.4,12.0,0.654,0.472,0,0,None,None,1,1,0,0,0.7266,0.1006,0.320,0.000,0
68.90,dummy,AUIT_Multi,BAC,1.000,1.000,-0.300,0.0,0.0,0.869,0.992,0.267,1.092,1.006,0.150,World,Quad,13.0,11.5,0.582,0.459,0,0,None,None,1,1,0,0,0.7656,0.1350,0.252,0.000,0
69.00,dummy,AUIT_Multi,BAC,1.000,1.000,-0.300,0.0,0.0,0.874,0.992,0.309,1.121,1.005,0.250,World,Quad,11.7,12.5,0.622,0.564,0,0,None,None,1,1,0,0,0.4163,1.0300,0.254,0.000,0
69.10,dummy,AUIT_Multi,BAC,1.000,1.000,-0.300,0.0,0.0,0.723,0.999,0.760,1.277,1.001,0.750,World,Quad,14.6,14.8,1.095,1.086,0,0,None,None,1,1,1,1,4.8129,5.2957,0.554,0.000,1
69.20,dummy,AUIT_Multi,BAC,1.000,1.000,-0.300,0.0,0.0,0.694,1.000,0.847,1.306,1.000,0.846,World,Quad,15.0,15.0,1.187,1.186,0,0,None,None,1,1,1,1,0.9073,0.9890,0.613,0.000,1
69.30,dummy,AUIT_Multi,BAC,1.000,1.000,-0.300,0.0,0.0,0.690,1.000,0.858,1.310,1.000,0.857,World,Quad,15.0,15.0,1.198,1.198,0,0,None,None,1,1,1,1,0.1159,0.1256,0.620,0.000,1
69.40,dummy,AUIT_Multi,BAC,1.000,1.000,-0.300,0.0,0.0,0.689,1.000,0.859,1.311,1.000,0.859,World,Quad,15.0,15.0,1.200,1.200,0,0,None,None,1,1,1,1,0.0138,0.0164,0.621,0.000,1
69.50,dummy,AUIT_Multi,BAC,1.000,1.000,-0.300,0.0,0.0,0.689,1.000,0.859,1.311,1.000,0.859,World,Quad,15.0,15.0,1.200,1.200,0,0,None,None,1,1,1,1,0.0017,0.0008,0.621,0.000,1
69.60,dummy,AUIT_Multi,BAC,1.000,1.000,-0.300,0.0,0.0,0.689,1.000,0.859,1.311,1.000,0.859,World,Quad,15.0,15.0,1.200,1.200,0,0,None,None,1,1,1,1,0.0002,0.0001,0.621,0.000,1
69.70,dummy,AUIT_Multi,BAC,1.000,1.000,-0.300,0.0,0.0,0.689,1.000,0.859,1.311,1.000,0.859,World,Quad,15.0,15.0,1.200,1.200,0,0,None,None,1,1,1,1,0.0001,0.0000,0.621,0.000,1
69.81,dummy,AUIT_Multi,BAC,1.000,1.000,-0.300,0.0,0.0,0.689,1.000,0.859,1.311,1.000,0.859,World,Quad,15.0,15.0,1.200,1.200,0,0,None,None,1,1,1,1,0.0000,0.0000,0.621,0.000,1
69.90,dummy,AUIT_Multi,BAC,1.000,1.000,-0.300,0.0,0.0,0.689,1.000,0.859,1.311,1.000,0.859,World,Quad,15.0,15.0,1.200,1.200,0,0,None,None,1,1,1,1,0.0000,0.0000,0.621,0.000,1
70.00,dummy,AUIT_Multi,BAC,1.000,1.000,-0.300,0.0,0.0,0.689,1.000,0.859,1.311,1.000,0.859,World,Quad,15.0,15.0,1.200,1.200,0,0,None,None,1,1,1,1,0.0000,0.0000,0.621,0.000,1
70.10,dummy,AUIT_Multi,BAC,1.000,1.000,-0.300,0.0,0.0,0.689,1.000,0.859,1.311,1.000,0.859,World,Quad,15.0,15.0,1.200,1.200,0,0,None,None,1,1,1,1,0.0000,0.0000,0.621,0.000,1
70.20,dummy,AUIT_Multi,BAC,1.000,1.000,-0.300,0.0,0.0,0.689,1.000,0.859,1.311,1.000,0.859,World,Quad,15.0,15.0,1.200,1.200,0,0,None,None,1,1,1,1,0.0000,0.0000,0.621,0.000,1
70.30,dummy,AUIT_Multi,BAC,1.000,1.000,-0.300,0.0,0.0,0.689,1.000,0.859,1.311,1.000,0.859,World,Quad,15.0,15.0,1.200,1.200,0,0,None,None,1,1,1,1,0.0000,0.0000,0.621,0.000,1
70.40,dummy,AUIT_Multi,BAC,1.000,1.000,-0.300,0.0,0.0,0.689,1.000,0.859,1.311,1.000,0.859,World,Quad,15.0,15.0,1.200,1.200,0,0,None,None,1,1,1,1,0.0000,0.0000,0.621,0.000,1
70.51,dummy,AUIT_Multi,BAC,1.000,1.000,-0.300,0.0,0.0,0.689,1.000,0.859,1.311,1.000,0.859,World,Quad,15.0,15.0,1.200,1.200,0,0,None,None,1,1,1,1,0.0000,0.0000,0.621,0.000,1
70.60,dummy,AUIT_Multi,BAC,1.000,1.000,-0.300,0.0,0.0,0.689,1.000,0.859,1.311,1.000,0.859,World,Quad,15.0,15.0,1.200,1.200,0,0,None,None,1,1,1,1,0.0000,0.0000,0.621,0.000,1
70.70,dummy,AUIT_Multi,BAC,1.000,1.000,-0.300,0.0,0.0,0.689,1.000,0.859,1.311,1.000,0.859,World,Quad,15.0,15.0,1.200,1.200,0,0,None,None,1,1,1,1,0.0000,0.0000,0.621,0.000,1
70.80,dummy,AUIT_Multi,BAC,1.000,1.000,-0.300,0.0,0.0,0.689,1.000,0.859,1.311,1.000,0.859,World,Quad,15.0,15.0,1.200,1.200,0,0,None,None,1,1,1,1,0.0000,0.0000,0.621,0.000,1
70.90,dummy,AUIT_Multi,BAC,1.000,1.000,-0.300,0.0,0.0,0.689,1.000,0.859,1.311,1.000,0.859,World,Quad,15.0,15.0,1.200,1.200,0,0,None,None,1,1,1,1,0.0000,0.0000,0.621,0.000,1
71.00,dummy,AUIT_Multi,BAC,3.000,1.000,-0.300,0.0,0.0,1.237,1.000,0.837,1.977,1.000,0.837,World,Wall4m,57.2,42.0,2.098,1.530,1,1,Wall4m,Wall4m,0,0,0,0,5.3144,6.4712,0.740,0.178,0
71.11,dummy,AUIT_Multi,BAC,3.000,1.000,-0.300,0.0,0.0,2.257,1.000,0.797,2.265,1.000,0.760,World,Wall4m,34.1,34.7,1.325,1.290,1,1,Wall4m,Wall4m,0,0,0,0,10.1264,2.9525,0.037,0.131,0
71.20,dummy,AUIT_Multi,BAC,3.000,1.000,-0.300,0.0,0.0,2.464,1.000,0.789,2.347,1.000,0.679,World,Wall4m,26.2,33.7,1.214,1.177,1,1,Wall4m,Wall4m,0,0,0,0,2.1188,1.1875,0.160,0.132,0
71.30,dummy,AUIT_Multi,BAC,3.000,1.000,-0.300,0.0,0.0,2.490,1.000,0.788,2.408,0.999,0.595,World,Wall4m,25.1,33.5,1.201,1.073,1,1,Wall4m,Wall4m,0,0,0,0,0.2611,1.0365,0.209,0.135,0
71.40,dummy,AUIT_Multi,BAC,3.000,1.000,-0.300,0.0,0.0,2.493,1.000,0.788,2.498,0.999,0.518,World,Wall4m,25.0,31.5,1.200,0.960,1,1,Wall4m,Wall4m,0,0,0,0,0.0294,1.2217,0.269,0.133,0
71.50,dummy,AUIT_Multi,BAC,3.000,1.000,-0.300,0.0,0.0,2.493,1.000,0.788,2.567,0.999,0.431,World,Wall4m,25.0,30.6,1.200,0.850,1,1,Wall4m,Wall4m,0,0,0,0,0.0031,1.0701,0.364,0.136,0
71.60,dummy,AUIT_Multi,BAC,3.000,1.000,-0.300,0.0,0.0,2.493,1.000,0.788,2.643,0.999,0.348,World,Wall4m,25.0,28.8,1.200,0.740,1,1,Wall4m,Wall4m,0,0,0,0,0.0003,1.1348,0.465,0.136,0
71.70,dummy,AUIT_Multi,BAC,3.000,1.000,-0.300,0.0,0.0,2.493,1.000,0.788,2.752,0.999,0.285,World,Wall4m,25.0,23.0,1.200,0.635,1,1,Wall4m,Wall4m,0,1,0,0,0.0000,1.2790,0.565,0.119,0
71.80,dummy,AUIT_Multi,BAC,3.000,1.000,-0.300,0.0,0.0,2.493,1.000,0.788,2.810,0.998,0.191,World,Wall4m,25.0,21.1,1.200,0.527,1,1,Wall4m,Wall4m,0,1,0,0,0.0000,1.1074,0.675,0.122,0
71.90,dummy,AUIT_Multi,BAC,3.000,1.000,-0.300,0.0,0.0,2.493,1.000,0.788,2.896,0.998,0.117,World,Wall4m,25.0,14.0,1.200,0.430,1,0,Wall4m,None,0,1,0,0,0.0000,1.1461,0.782,0.100,0
72.00,dummy,AUIT_Multi,BAC,3.000,1.000,-0.300,0.0,0.0,2.493,1.000,0.788,2.970,0.998,0.025,World,Wall4m,25.0,5.3,1.200,0.327,1,0,Wall4m,None,0,1,0,0,0.0000,1.1662,0.899,0.000,0
72.10,dummy,AUIT_Multi,BAC,3.000,1.000,-0.300,0.0,0.0,2.533,1.000,0.732,3.018,0.998,0.072,World,Wall4m,24.3,2.9,1.133,0.373,1,0,Wall4m,None,1,1,0,0,0.6691,0.6619,0.819,0.000,0
72.20,dummy,AUIT_Multi,BAC,3.000,1.000,-0.300,0.0,0.0,2.582,1.000,0.667,3.017,0.998,0.072,World,Wall4m,23.4,2.6,1.054,0.372,1,0,Wall4m,None,1,1,0,0,0.8177,0.0192,0.737,0.000,0
72.30,dummy,AUIT_Multi,BAC,3.000,1.000,-0.300,0.0,0.0,2.630,1.000,0.601,3.007,0.998,0.060,World,Wall4m,22.3,1.2,0.974,0.360,1,0,Wall4m,None,1,1,0,0,0.8101,0.1487,0.659,0.000,0
72.40,dummy,AUIT_Multi,BAC,3.000,1.000,-0.300,0.0,0.0,2.676,1.000,0.543,3.016,0.998,0.079,World,Wall4m,21.0,2.4,0.903,0.379,1,0,Wall4m,None,1,1,0,0,0.7456,0.2114,0.576,0.000,0
72.50,dummy,AUIT_Multi,BAC,3.000,1.000,-0.300,0.0,0.0,2.730,1.000,0.466,2.992,0.998,0.042,World,Wall4m,19.4,1.3,0.812,0.342,1,0,Wall4m,None,1,1,0,0,0.9509,0.4417,0.499,0.042,0
72.60,dummy,AUIT_Multi,BAC,3.000,1.000,-0.300,0.0,0.0,2.779,1.000,0.404,2.990,0.998,0.043,World,Quad,17.5,1.7,0.738,0.344,1,0,Wall4m,None,1,1,0,0,0.8047,0.0315,0.418,0.044,0
72.70,dummy,AUIT_Multi,BAC,3.000,1.000,-0.300,0.0,0.0,2.830,1.000,0.335,2.981,0.998,0.034,World,Quad,15.0,3.3,0.657,0.334,1,0,Wall4m,None,1,1,0,0,0.8367,0.1257,0.337,0.051,0
72.80,dummy,AUIT_Multi,BAC,3.000,1.000,-0.300,0.0,0.0,2.872,1.000,0.285,2.984,0.998,0.047,World,Quad,12.3,2.6,0.599,0.348,0,0,None,None,1,1,0,0,0.6746,0.1429,0.263,0.046,0
72.90,dummy,AUIT_Multi,BAC,3.000,1.000,-0.300,0.0,0.0,2.921,1.000,0.218,2.980,0.998,0.042,World,Quad,8.7,3.3,0.524,0.343,0,0,None,None,1,1,0,0,0.8002,0.0627,0.186,0.050,0
73.00,dummy,AUIT_Multi,BAC,3.000,1.000,-0.300,0.0,0.0,3.011,1.000,0.148,2.946,0.998,-0.023,World,Quad,1.4,11.1,0.448,0.282,0,0,None,None,1,1,0,0,1.1617,0.7558,0.184,0.106,0
73.10,dummy,AUIT_Multi,BAC,3.000,1.000,-0.300,0.0,0.0,3.231,1.000,0.655,2.913,0.999,0.044,World,Quad,13.6,14.2,0.983,0.355,0,0,None,None,1,1,1,0,5.6225,0.7594,0.689,0.000,0
73.20,dummy,AUIT_Multi,BAC,3.000,1.000,-0.300,0.0,0.0,3.301,1.000,0.834,2.904,1.000,0.061,World,Quad,14.9,14.9,1.173,0.373,0,0,None,None,1,1,1,0,1.8655,0.1862,0.869,0.000,0
73.30,dummy,AUIT_Multi,BAC,3.000,1.000,-0.300,0.0,0.0,3.309,1.000,0.856,2.903,1.000,0.061,World,Quad,15.0,15.0,1.197,0.374,0,0,None,None,1,1,1,0,0.2431,0.0103,0.893,0.000,0
73.41,dummy,AUIT_Multi,BAC,3.000,1.000,-0.300,0.0,0.0,3.310,1.000,0.859,2.903,1.000,0.061,World,Quad,15.0,15.0,1.200,0.374,0,0,None,None,1,1,1,0,0.0271,0.0006,0.896,0.000,0
73.50,dummy,AUIT_Multi,BAC,3.000,1.000,-0.300,0.0,0.0,3.311,1.000,0.859,2.903,1.000,0.061,World,Quad,15.0,15.0,1.200,0.374,0,0,None,None,1,1,1,0,0.0030,0.0000,0.896,0.000,0
73.60,dummy,AUIT_Multi,BAC,3.000,1.000,-0.300,0.0,0.0,3.311,1.000,0.859,2.903,1.000,0.061,World,Quad,15.0,15.0,1.200,0.374,0,0,None,None,1,1,1,0,0.0003,0.0000,0.896,0.000,0
73.70,dummy,AUIT_Multi,BAC,3.000,1.000,-0.300,0.0,0.0,3.311,1.000,0.859,2.903,1.000,0.061,World,Quad,15.0,15.0,1.200,0.374,0,0,None,None,1,1,1,0,0.0000,0.0000,0.896,0.000,0
73.80,dummy,AUIT_Multi,BAC,1.000,1.000,-0.300,0.0,0.0,2.146,1.000,0.789,1.362,1.000,0.526,World,Wall4m,46.5,23.7,1.581,0.902,0,0,None,None,0,1,0,1,11.9406,16.4731,0.827,0.000,0
73.90,dummy,AUIT_Multi,BAC,1.000,1.000,-0.300,0.0,0.0,1.596,1.000,0.786,0.615,1.000,0.751,World,Wall4m,28.8,20.1,1.239,1.119,0,0,None,None,0,1,0,1,5.3755,7.6297,0.982,0.000,0
74.00,dummy,AUIT_Multi,BAC,1.000,1.000,-0.300,0.0,0.0,1.518,1.000,0.787,0.508,1.000,0.783,World,Wall4m,25.5,24.4,1.204,1.190,0,0,None,None,0,1,0,1,0.8007,1.1458,1.010,0.000,0
74.10,dummy,AUIT_Multi,BAC,1.000,1.000,-0.300,0.0,0.0,1.508,1.000,0.788,0.531,1.001,0.732,World,Wall4m,25.1,24.5,1.200,1.134,0,0,None,None,0,1,0,1,0.0972,0.5740,0.979,0.000,0
74.20,dummy,AUIT_Multi,BAC,1.000,1.000,-0.300,0.0,0.0,1.507,1.000,0.788,0.574,1.003,0.654,World,Wall4m,25.0,24.1,1.200,1.045,0,0,None,None,0,1,0,1,0.0106,0.8525,0.943,0.000,0
74.30,dummy,AUIT_Multi,BAC,1.000,1.000,-0.300,0.0,0.0,1.507,1.000,0.788,0.615,1.005,0.579,World,Wall4m,25.0,23.6,1.200,0.959,0,0,None,None,0,1,0,1,0.0010,0.8713,0.916,0.000,0
74.40,dummy,AUIT_Multi,BAC,1.000,1.000,-0.300,0.0,0.0,1.507,1.000,0.788,0.659,1.007,0.500,World,Wall4m,25.0,23.1,1.200,0.870,0,0,None,None,0,1,0,1,0.0001,0.9050,0.896,0.000,0
74.50,dummy,AUIT_Multi,BAC,1.000,1.000,-0.300,0.0,0.0,1.507,1.000,0.788,0.699,1.009,0.427,World,Wall4m,25.0,22.5,1.200,0.787,0,0,None,None,0,1,0,0,0.0000,0.8357,0.885,0.000,0
74.60,dummy,AUIT_Multi,BAC,1.000,1.000,-0.300,0.0,0.0,1.507,1.000,0.788,0.741,1.010,0.351,World,Wall4m,25.0,21.7,1.200,0.701,0,0,None,None,0,1,0,0,0.0000,0.8658,0.882,0.000,0
74.70,dummy,AUIT_Multi,BAC,1.000,1.000,-0.300,0.0,0.0,1.507,1.000,0.788,0.783,1.012,0.275,World,Wall4m,25.0,20.7,1.200,0.615,0,0,None,None,0,1,0,0,0.0000,0.8858,0.887,0.000,0
74.80,dummy,AUIT_Multi,BAC,1.000,1.000,-0.300,0.0,0.0,1.507,1.000,0.788,0.826,1.014,0.198,World,Wall4m,25.0,19.3,1.200,0.528,0,0,None,None,0,1,0,0,0.0000,0.8719,0.901,0.000,0
74.90,dummy,AUIT_Multi,BAC,1.000,1.000,-0.300,0.0,0.0,1.507,1.000,0.788,0.870,1.016,0.119,World,Wall4m,25.0,17.4,1.200,0.439,0,0,None,None,0,1,0,0,0.0000,0.9078,0.924,0.000,0
75.00,dummy,AUIT_Multi,BAC,1.000,1.000,-0.300,0.0,0.0,1.507,1.000,0.788,0.906,1.018,0.054,World,Wall4m,25.0,15.2,1.200,0.367,0,0,None,None,0,1,0,0,0.0000,0.7294,0.949,0.000,0
75.10,dummy,AUIT_Multi,BAC,1.000,1.000,-0.300,0.0,0.0,1.478,1.000,0.732,0.868,1.016,0.120,World,Wall4m,24.8,17.5,1.138,0.441,0,0,None,None,1,1,1,0,0.6423,0.7789,0.864,0.000,0
75.20,dummy,AUIT_Multi,BAC,1.000,1.000,-0.300,0.0,0.0,1.430,0.999,0.643,0.880,1.017,0.100,World,Wall4m,24.5,16.8,1.036,0.418,0,0,None,None,1,1,1,0,0.9823,0.2288,0.773,0.000,0
75.30,dummy,AUIT_Multi,BAC,1.000,1.000,-0.300,0.0,0.0,1.385,0.998,0.559,0.882,1.017,0.097,World,Wall4m,24.1,16.7,0.941,0.415,0,0,None,None,1,1,1,0,0.9542,0.0292,0.683,0.000,0
75.40,dummy,AUIT_Multi,BAC,1.000,1.000,-0.300,0.0,0.0,1.339,0.998,0.473,0.891,1.017,0.083,World,Wall4m,23.7,16.1,0.844,0.399,0,0,None,None,1,1,1,0,0.9904,0.1684,0.594,0.000,0
75.50,dummy,AUIT_Multi,BAC,1.000,1.000,-0.300,0.0,0.0,1.292,0.997,0.386,0.898,1.017,0.071,World,Wall4m,23.1,15.6,0.745,0.385,0,0,None,None,1,1,0,0,0.9937,0.1397,0.505,0.000,0
75.60,dummy,AUIT_Multi,BAC,1.000,1.000,-0.300,0.0,0.0,1.244,0.997,0.296,0.905,1.018,0.060,World,Wall4m,22.3,15.0,0.644,0.372,0,0,None,None,1,1,0,0,0.9983,0.1339,0.414,0.000,0
75.70,dummy,AUIT_Multi,BAC,1.000,1.000,-0.300,0.0,0.0,1.202,0.996,0.220,0.905,1.017,0.064,World,Wall4m,21.2,14.9,0.558,0.377,0,0,None,None,1,1,0,0,0.8650,0.0473,0.336,0.000,0
75.80,dummy,AUIT_Multi,BAC,1.000,1.000,-0.300,0.0,0.0,1.153,0.996,0.131,0.913,1.018,0.052,World,Wall4m,19.6,14.1,0.458,0.363,0,0,None,None,1,1,0,0,1.0274,0.1563,0.254,0.000,0
75.90,dummy,AUIT_Multi,BAC,1.000,1.000,-0.300,0.0,0.0,1.104,0.995,0.043,0.922,1.018,0.040,World,Quad,16.9,13.2,0.359,0.349,0,0,None,None,1,1,0,0,1.0186,0.1498,0.184,0.000,0
76.00,dummy,AUIT_Multi,BAC,1.000,1.000,-0.300,0.0,0.0,1.056,0.994,-0.044,0.930,1.018,0.031,World,Quad,12.4,12.3,0.262,0.338,0,0,None,None,1,1,0,0,0.9992,0.1205,0.148,0.000,0
76.10,dummy,AUIT_Multi,BAC,1.000,1.000,-0.300,0.0,0.0,1.223,0.998,0.559,0.767,1.006,0.593,World,Quad,14.6,14.6,0.888,0.923,0,0,None,None,1,1,1,1,6.2041,5.8099,0.458,0.000,1
76.20,dummy,AUIT_Multi,BAC,1.000,1.000,-0.300,0.0,0.0,1.298,1.000,0.817,0.700,1.001,0.822,World,Quad,15.0,15.0,1.156,1.162,0,0,None,None,1,1,1,1,2.7206,2.4109,0.598,0.000,1
76.30,dummy,AUIT_Multi,BAC,1.000,1.000,-0.300,0.0,0.0,1.309,1.000,0.854,0.691,1.000,0.855,World,Quad,15.0,15.0,1.195,1.196,0,0,None,None,1,1,1,1,0.3772,0.3337,0.619,0.000,1
76.40,dummy,AUIT_Multi,BAC,1.000,1.000,-0.300,0.0,0.0,1.310,1.000,0.859,0.690,1.000,0.859,World,Quad,15.0,15.0,1.199,1.200,0,0,None,None,1,1,1,1,0.0450,0.0395,0.621,0.000,1
76.50,dummy,AUIT_Multi,BAC,1.000,1.000,-0.300,0.0,0.0,1.311,1.000,0.859,0.689,1.000,0.859,World,Quad,15.0,15.0,1.200,1.200,0,0,None,None,1,1,1,1,0.0046,0.0023,0.621,0.000,1
76.60,dummy,AUIT_Multi,BAC,1.000,1.000,-0.300,0.0,0.0,1.311,1.000,0.859,0.689,1.000,0.859,World,Quad,15.0,15.0,1.200,1.200,0,0,None,None,1,1,1,1,0.0007,0.0006,0.621,0.000,1
76.70,dummy,AUIT_Multi,BAC,1.000,1.000,-0.300,0.0,0.0,1.311,1.000,0.859,0.689,1.000,0.859,World,Quad,15.0,15.0,1.200,1.200,0,0,None,None,1,1,1,1,0.0006,0.0006,0.621,0.000,1
76.80,dummy,AUIT_Multi,BAC,1.000,1.000,-0.300,0.0,0.0,1.311,1.000,0.859,0.689,1.000,0.859,World,Quad,15.0,15.0,1.200,1.200,0,0,None,None,1,1,1,1,0.0005,0.0005,0.621,0.000,1
76.90,dummy,AUIT_Multi,BAC,1.000,1.000,-0.300,0.0,0.0,1.311,1.000,0.859,0.689,1.000,0.859,World,Quad,15.0,15.0,1.200,1.200,0,0,None,None,1,1,1,1,0.0005,0.0005,0.622,0.000,1
77.00,dummy,AUIT_Multi,BAC,1.000,1.000,-0.300,0.0,0.0,1.311,1.000,0.859,0.689,1.000,0.859,World,Quad,15.0,15.0,1.200,1.200,0,0,None,None,1,1,1,1,0.0005,0.0004,0.622,0.000,1
77.10,dummy,AUIT_Multi,BAC,1.000,1.000,-0.300,0.0,0.0,1.311,1.000,0.859,0.689,1.000,0.859,World,Quad,15.0,15.0,1.200,1.200,0,0,None,None,1,1,1,1,0.0004,0.0004,0.622,0.000,1
77.20,dummy,AUIT_Multi,BAC,1.000,1.000,-0.300,0.0,0.0,1.311,1.000,0.859,0.689,1.000,0.859,World,Quad,15.0,15.0,1.200,1.200,0,0,None,None,1,1,1,1,0.0004,0.0004,0.622,0.000,1
77.30,dummy,AUIT_Multi,BAC,1.000,1.000,-0.300,0.0,0.0,1.311,1.000,0.859,0.689,1.000,0.859,World,Quad,15.0,15.0,1.200,1.200,0,0,None,None,1,1,1,1,0.0004,0.0004,0.622,0.000,1
77.40,dummy,AUIT_Multi,BAC,1.000,1.000,-0.300,0.0,0.0,1.311,1.000,0.859,0.689,1.000,0.859,World,Quad,15.0,15.0,1.200,1.200,0,0,None,None,1,1,1,1,0.0004,0.0004,0.622,0.000,1
77.50,dummy,AUIT_Multi,BAC,1.000,1.000,-0.300,0.0,0.0,1.311,1.000,0.859,0.689,1.000,0.859,World,Quad,15.0,15.0,1.200,1.200,0,0,None,None,1,1,1,1,0.0004,0.0004,0.622,0.000,1
77.60,dummy,AUIT_Multi,BAC,1.000,1.000,-0.300,0.0,0.0,1.311,1.000,0.859,0.689,1.000,0.859,World,Quad,15.0,15.0,1.200,1.200,0,0,None,None,1,1,1,1,0.0004,0.0003,0.622,0.000,1
77.70,dummy,AUIT_Multi,BAC,1.000,1.000,-0.300,0.0,0.0,1.311,1.000,0.859,0.689,1.000,0.859,World,Quad,15.0,15.0,1.200,1.200,0,0,None,None,1,1,1,1,0.0003,0.0002,0.622,0.000,1
77.80,dummy,AUIT_Multi,BAC,1.000,1.000,-0.300,0.0,0.0,1.311,1.000,0.859,0.689,1.000,0.859,World,Quad,15.0,15.0,1.200,1.200,0,0,None,None,1,1,1,1,0.0002,0.0003,0.622,0.000,1
77.90,dummy,AUIT_Multi,BAC,1.000,1.000,-0.300,0.0,0.0,1.311,1.000,0.859,0.689,1.000,0.859,World,Quad,15.0,15.0,1.200,1.200,0,0,None,None,1,1,1,1,0.0002,0.0002,0.622,0.000,1
78.00,dummy,AUIT_Multi,BAC,1.000,1.000,-0.300,0.0,0.0,1.311,1.000,0.859,0.689,1.000,0.859,World,Quad,15.0,15.0,1.200,1.200,0,0,None,None,1,1,1,1,0.0002,0.0002,0.622,0.000,1
78.15,dummy,AUIT_Multi,BAC,1.000,1.000,-0.300,0.0,0.0,1.311,1.000,0.859,0.689,1.000,0.859,World,Quad,15.0,15.0,1.200,1.200,0,0,None,None,1,1,1,1,0.0001,0.0001,0.622,0.000,1
78.21,dummy,AUIT_Multi,BAC,1.000,1.000,-0.300,0.0,0.0,1.311,1.000,0.859,0.689,1.000,0.859,World,Quad,15.0,15.0,1.200,1.200,0,0,None,None,1,1,1,1,0.0003,0.0002,0.622,0.000,1
78.31,dummy,AUIT_Multi,BAC,1.000,1.000,-0.300,0.0,0.0,1.311,1.000,0.859,0.689,1.000,0.859,World,Quad,15.0,15.0,1.200,1.200,0,0,None,None,1,1,1,1,0.0001,0.0001,0.622,0.000,1
78.40,dummy,AUIT_Multi,BAC,1.000,1.000,-0.300,0.0,0.0,1.311,1.000,0.859,0.689,1.000,0.859,World,Quad,15.0,15.0,1.200,1.200,0,0,None,None,1,1,1,1,0.0001,0.0001,0.622,0.000,1
78.50,dummy,AUIT_Multi,BAC,1.000,1.000,-0.300,0.0,0.0,1.311,1.000,0.859,0.689,1.000,0.859,World,Quad,15.0,15.0,1.200,1.200,0,0,None,None,1,1,1,1,0.0001,0.0000,0.622,0.000,1
78.60,dummy,AUIT_Multi,BAC,1.000,1.000,-0.300,0.0,0.0,1.311,1.000,0.859,0.689,1.000,0.859,World,Quad,15.0,15.0,1.200,1.200,0,0,None,None,1,1,1,1,0.0000,0.0000,0.622,0.000,1
78.70,dummy,AUIT_Multi,BAC,1.000,1.000,-0.300,0.0,0.0,1.311,1.000,0.859,0.689,1.000,0.859,World,Quad,15.0,15.0,1.200,1.200,0,0,None,None,1,1,1,1,0.0000,0.0000,0.622,0.000,1
78.80,dummy,AUIT_Multi,BAC,1.000,1.000,-0.300,0.0,0.0,1.311,1.000,0.859,0.689,1.000,0.859,World,Quad,15.0,15.0,1.200,1.200,0,0,None,None,1,1,1,1,0.0000,0.0000,0.622,0.000,1
78.90,dummy,AUIT_Multi,BAC,1.000,1.000,-0.300,0.0,0.0,1.311,1.000,0.859,0.689,1.000,0.859,World,Quad,15.0,15.0,1.200,1.200,0,0,None,None,1,1,1,1,0.0000,0.0000,0.622,0.000,1
79.00,dummy,AUIT_Multi,BAC,1.000,1.000,-0.300,0.0,0.0,1.311,1.000,0.859,0.689,1.000,0.859,World,Quad,15.0,15.0,1.200,1.200,0,0,None,None,1,1,1,1,0.0000,0.0000,0.622,0.000,1
79.10,dummy,AUIT_Multi,BAC,1.000,1.000,1.000,0.0,0.0,1.311,1.000,0.859,0.689,1.000,0.859,World,Wall4m,114.4,114.4,0.342,0.342,0,0,None,None,0,0,0,0,0.0000,0.0000,0.622,0.000,0
79.20,dummy,AUIT_Multi,BAC,1.000,1.000,1.000,0.0,0.0,1.212,1.000,1.262,0.540,1.000,1.794,World,Wall4m,39.0,30.1,0.337,0.918,0,0,None,None,0,0,0,0,4.0303,9.2009,0.858,0.000,0
79.30,dummy,AUIT_Multi,BAC,1.000,1.000,1.000,0.0,0.0,1.186,1.000,1.371,0.500,1.000,2.045,World,Wall4m,26.6,25.6,0.415,1.158,0,0,None,None,0,0,0,0,1.1610,2.6261,0.962,0.000,0
79.40,dummy,AUIT_Multi,BAC,1.000,1.000,1.000,0.0,0.0,1.175,1.000,1.371,0.494,1.000,2.083,World,Wall4m,25.2,25.1,0.410,1.195,0,0,None,None,0,0,0,0,0.1131,0.3769,0.985,0.000,0
79.50,dummy,AUIT_Multi,BAC,1.000,1.000,1.000,0.0,0.0,1.173,1.000,1.370,0.493,1.000,2.087,World,Wall4m,25.0,25.0,0.409,1.199,0,0,None,None,0,0,0,0,0.0184,0.0408,0.988,0.000,0
79.60,dummy,AUIT_Multi,BAC,1.000,1.000,1.000,0.0,0.0,1.173,1.000,1.370,0.509,1.000,2.060,World,Wall4m,25.0,24.8,0.409,1.168,0,0,None,None,0,1,0,1,0.0014,0.3249,0.957,0.000,0
79.70,dummy,AUIT_Multi,BAC,1.000,1.000,1.000,0.0,0.0,1.173,1.000,1.370,0.553,1.001,1.988,World,Wall4m,25.0,24.3,0.409,1.084,0,0,None,None,0,1,0,1,0.0001,0.8310,0.875,0.000,0
79.80,dummy,AUIT_Multi,BAC,1.000,1.000,1.000,0.0,0.0,1.173,1.000,1.370,0.602,1.001,1.909,World,Wall4m,25.0,23.7,0.409,0.992,0,0,None,None,0,1,0,1,0.0000,0.8991,0.785,0.000,0
79.90,dummy,AUIT_Multi,BAC,1.000,1.000,1.000,0.0,0.0,1.173,1.000,1.370,0.645,1.002,1.838,World,Wall4m,25.0,23.0,0.409,0.910,0,0,None,None,0,1,0,1,0.0000,0.8612,0.705,0.000,0
80.00,dummy,AUIT_Multi,BAC,1.000,1.000,1.000,0.0,0.0,1.173,1.000,1.370,0.691,1.002,1.762,World,Wall4m,25.0,22.1,0.409,0.823,0,0,None,None,0,1,0,1,0.0000,0.8897,0.621,0.000,0
80.10,dummy,AUIT_Multi,BAC,1.000,1.000,1.000,0.0,0.0,1.173,1.000,1.370,0.737,1.003,1.686,World,Wall4m,25.0,21.0,0.409,0.734,0,0,None,None,0,1,0,0,0.0000,0.8985,0.538,0.000,0
80.20,dummy,AUIT_Multi,BAC,1.000,1.000,1.000,0.0,0.0,1.173,1.000,1.370,0.778,1.003,1.619,World,Wall4m,25.0,19.8,0.409,0.658,0,0,None,None,0,1,0,0,0.0000,0.7671,0.467,0.000,0
80.30,dummy,AUIT_Multi,BAC,1.000,1.000,1.000,0.0,0.0,1.173,1.000,1.370,0.825,1.004,1.542,World,Wall4m,25.0,17.9,0.409,0.569,0,0,None,None,0,1,0,0,0.0000,0.9159,0.388,0.000,0
80.40,dummy,AUIT_Multi,BAC,1.000,1.000,1.000,0.0,0.0,1.173,1.000,1.370,0.875,1.005,1.459,World,Wall4m,25.0,15.2,0.409,0.476,0,0,None,None,0,1,0,0,0.0000,0.9550,0.311,0.000,0
80.50,dummy,AUIT_Multi,BAC,1.000,1.000,1.000,0.0,0.0,1.173,1.000,1.370,0.919,1.005,1.388,World,Wall4m,25.0,11.9,0.409,0.396,0,0,None,None,0,1,0,0,0.0000,0.8417,0.255,0.000,0
80.60,dummy,AUIT_Multi,BAC,1.000,1.000,1.000,0.0,0.0,1.168,1.000,1.361,0.886,1.005,1.441,World,Wall4m,24.9,14.5,0.398,0.456,0,0,None,None,1,1,0,0,0.1075,0.6203,0.293,0.000,0
80.70,dummy,AUIT_Multi,BAC,1.000,1.000,1.000,0.0,0.0,1.151,1.001,1.329,0.897,1.005,1.423,World,Wall4m,24.7,13.7,0.362,0.435,0,0,None,None,1,1,0,0,0.3533,0.2124,0.271,0.000,0
80.80,dummy,AUIT_Multi,BAC,1.000,1.000,1.000,0.0,0.0,1.135,1.001,1.299,0.900,1.005,1.419,World,Wall4m,24.4,13.4,0.328,0.430,0,0,None,None,1,1,0,0,0.3453,0.0546,0.264,0.000,0
80.90,dummy,AUIT_Multi,BAC,1.000,1.000,1.000,0.0,0.0,1.119,1.002,1.267,0.908,1.005,1.407,World,Wall4m,24.0,12.8,0.292,0.417,0,0,None,None,1,1,0,0,0.3560,0.1366,0.253,0.000,0
81.00,dummy,AUIT_Multi,BAC,1.000,1.000,1.000,0.0,0.0,1.102,1.003,1.235,0.919,1.005,1.390,World,Wall4m,23.4,11.8,0.256,0.398,0,0,None,None,1,1,0,0,0.3750,0.2092,0.240,0.000,0
81.10,dummy,AUIT_Multi,BAC,1.000,1.000,1.000,0.0,0.0,1.085,1.003,1.204,0.924,1.005,1.381,World,Wall4m,22.8,11.2,0.221,0.389,0,0,None,None,1,1,0,0,0.3533,0.1004,0.240,0.000,0
81.20,dummy,AUIT_Multi,BAC,1.000,1.000,1.000,0.0,0.0,1.073,1.004,1.183,0.916,1.005,1.402,World,Wall4m,21.8,11.9,0.197,0.411,0,0,None,None,1,1,0,0,0.2355,0.2213,0.270,0.000,0
81.30,dummy,AUIT_Multi,BAC,1.000,1.000,1.000,0.0,0.0,1.054,1.004,1.148,0.928,1.005,1.386,World,Wall4m,20.2,10.7,0.158,0.393,0,0,None,None,1,1,0,0,0.3876,0.2027,0.269,0.000,0
81.40,dummy,AUIT_Multi,BAC,1.000,1.000,1.000,0.0,0.0,1.036,1.005,1.116,0.939,1.005,1.372,World,Quad,17.6,9.4,0.122,0.377,0,0,None,None,1,1,0,0,0.3785,0.1788,0.274,0.000,0
81.50,dummy,AUIT_Multi,BAC,1.000,1.000,1.000,0.0,0.0,1.019,1.006,1.087,0.947,1.005,1.367,World,Quad,13.1,8.2,0.089,0.371,0,0,None,None,1,1,0,0,0.3427,0.1032,0.289,0.000,0
81.60,dummy,AUIT_Multi,BAC,1.000,1.000,1.000,0.0,0.0,1.051,1.004,1.213,0.855,1.003,1.653,World,Quad,13.5,12.5,0.219,0.669,0,0,None,None,1,1,0,0,1.2561,2.9184,0.482,0.000,0
81.70,dummy,AUIT_Multi,BAC,1.000,1.000,1.000,0.0,0.0,1.097,1.001,1.367,0.717,1.001,2.076,World,Quad,14.8,14.8,0.380,1.113,0,0,None,None,1,1,0,1,1.6600,4.5851,0.805,0.000,0
81.80,dummy,AUIT_Multi,BAC,1.000,1.000,1.000,0.0,0.0,1.098,1.000,1.368,0.692,1.000,2.150,World,Quad,15.0,15.0,0.381,1.190,0,0,None,None,1,1,0,1,0.0160,0.7319,0.881,0.000,0
81.91,dummy,AUIT_Multi,BAC,1.000,1.000,1.000,0.0,0.0,1.098,1.000,1.367,0.690,1.000,2.158,World,Quad,15.0,15.0,0.380,1.199,0,0,None,None,1,1,0,1,0.0112,0.0866,0.890,0.000,0
82.00,dummy,AUIT_Multi,BAC,1.000,1.000,1.000,0.0,0.0,1.098,1.000,1.367,0.689,1.000,2.159,World,Quad,15.0,15.0,0.380,1.200,0,0,None,None,1,1,0,1,0.0002,0.0108,0.891,0.000,0
82.10,dummy,AUIT_Multi,BAC,1.000,1.000,1.000,0.0,0.0,1.098,1.000,1.367,0.689,1.000,2.159,World,Quad,15.0,15.0,0.380,1.200,0,0,None,None,1,1,0,1,0.0002,0.0008,0.891,0.000,0
82.20,dummy,AUIT_Multi,BAC,1.000,1.000,1.000,0.0,0.0,1.098,1.000,1.367,0.689,1.000,2.159,World,Quad,15.0,15.0,0.380,1.200,0,0,None,None,1,1,0,1,0.0002,0.0006,0.891,0.000,0
82.30,dummy,AUIT_Multi,BAC,1.000,1.000,1.000,0.0,0.0,1.098,1.000,1.367,0.689,1.000,2.159,World,Quad,15.0,15.0,0.380,1.200,0,0,None,None,1,1,0,1,0.0002,0.0006,0.891,0.000,0
82.40,dummy,AUIT_Multi,BAC,1.000,1.000,1.000,0.0,0.0,1.098,1.000,1.367,0.689,1.000,2.159,World,Quad,15.0,15.0,0.380,1.200,0,0,None,None,1,1,0,1,0.0002,0.0005,0.891,0.000,0
82.50,dummy,AUIT_Multi,BAC,1.000,1.000,1.000,0.0,0.0,1.098,1.000,1.367,0.689,1.000,2.159,World,Quad,15.0,15.0,0.380,1.200,0,0,None,None,1,1,0,1,0.0002,0.0005,0.891,0.000,0
82.60,dummy,AUIT_Multi,BAC,1.000,1.000,1.000,0.0,0.0,1.098,1.000,1.367,0.689,1.000,2.159,World,Quad,15.0,15.0,0.380,1.200,0,0,None,None,1,1,0,1,0.0001,0.0004,0.891,0.000,0
82.70,dummy,AUIT_Multi,BAC,1.000,1.000,1.000,0.0,0.0,1.098,1.000,1.367,0.689,1.000,2.159,World,Quad,15.0,15.0,0.380,1.200,0,0,None,None,1,1,0,1,0.0001,0.0004,0.891,0.000,0
82.80,dummy,AUIT_Multi,BAC,1.000,1.000,1.000,0.0,0.0,1.098,1.000,1.367,0.689,1.000,2.159,World,Quad,15.0,15.0,0.380,1.200,0,0,None,None,1,1,0,1,0.0001,0.0004,0.892,0.000,0
82.90,dummy,AUIT_Multi,BAC,1.000,1.000,1.000,0.0,0.0,1.098,1.000,1.367,0.689,1.000,2.159,World,Quad,15.0,15.0,0.380,1.200,0,0,None,None,1,1,0,1,0.0001,0.0004,0.892,0.000,0
83.00,dummy,AUIT_Multi,BAC,1.000,1.000,1.000,0.0,0.0,1.098,1.000,1.367,0.689,1.000,2.159,World,Quad,15.0,15.0,0.380,1.200,0,0,None,None,1,1,0,1,0.0001,0.0004,0.892,0.000,0
83.10,dummy,AUIT_Multi,BAC,1.000,1.000,1.000,0.0,0.0,1.098,1.000,1.367,0.689,1.000,2.159,World,Quad,15.0,15.0,0.380,1.200,0,0,None,None,1,1,0,1,0.0001,0.0004,0.892,0.000,0
83.20,dummy,AUIT_Multi,BAC,1.000,1.000,1.000,0.0,0.0,1.099,1.000,1.367,0.689,1.000,2.159,World,Quad,15.0,15.0,0.380,1.200,0,0,None,None,1,1,0,1,0.0001,0.0003,0.892,0.000,0
83.30,dummy,AUIT_Multi,BAC,1.000,1.000,1.000,0.0,0.0,1.099,1.000,1.367,0.689,1.000,2.159,World,Quad,15.0,15.0,0.380,1.200,0,0,None,None,1,1,0,1,0.0001,0.0003,0.892,0.000,0
83.40,dummy,AUIT_Multi,BAC,1.000,1.000,1.000,0.0,0.0,1.099,1.000,1.367,0.689,1.000,2.159,World,Quad,15.0,15.0,0.380,1.200,0,0,None,None,1,1,0,1,0.0001,0.0002,0.892,0.000,0
83.50,dummy,AUIT_Multi,BAC,1.000,1.000,1.000,0.0,0.0,1.099,1.000,1.367,0.689,1.000,2.159,World,Quad,15.0,15.0,0.380,1.200,0,0,None,None,1,1,0,1,0.0001,0.0002,0.892,0.000,0
83.60,dummy,AUIT_Multi,BAC,1.000,1.000,1.000,0.0,0.0,1.099,1.000,1.367,0.689,1.000,2.159,World,Quad,15.0,15.0,0.380,1.200,0,0,None,None,1,1,0,1,0.0001,0.0002,0.892,0.000,0
83.71,dummy,AUIT_Multi,BAC,1.000,1.000,1.000,0.0,0.0,1.099,1.000,1.367,0.689,1.000,2.159,World,Quad,15.0,15.0,0.380,1.200,0,0,None,None,1,1,0,1,0.0001,0.0002,0.892,0.000,0
83.80,dummy,AUIT_Multi,BAC,1.000,1.000,1.000,0.0,0.0,1.099,1.000,1.367,0.689,1.000,2.159,World,Quad,15.0,15.0,0.380,1.200,0,0,None,None,1,1,0,1,0.0001,0.0001,0.892,0.000,0
83.90,dummy,AUIT_Multi,BAC,1.000,1.000,1.000,0.0,0.0,1.099,1.000,1.367,0.689,1.000,2.159,World,Quad,15.0,15.0,0.380,1.200,0,0,None,None,1,1,0,1,0.0000,0.0001,0.892,0.000,0
84.01,dummy,AUIT_Multi,BAC,1.000,1.000,1.000,0.0,0.0,1.099,1.000,1.367,0.689,1.000,2.159,World,Quad,15.0,15.0,0.380,1.200,0,0,None,None,1,1,0,1,0.0000,0.0000,0.892,0.000,0
84.10,dummy,AUIT_Multi,BAC,1.000,1.000,1.000,0.0,0.0,1.099,1.000,1.367,0.689,1.000,2.159,World,Quad,15.0,15.0,0.380,1.200,0,0,None,None,1,1,0,1,0.0000,0.0000,0.892,0.000,0
84.20,dummy,AUIT_Multi,BAC,1.000,1.000,1.000,0.0,0.0,1.099,1.000,1.367,0.689,1.000,2.159,World,Quad,15.0,15.0,0.380,1.200,0,0,None,None,1,1,0,1,0.0000,0.0000,0.892,0.000,0
84.30,dummy,AUIT_Multi,BAC,1.000,1.000,1.000,0.0,0.0,1.099,1.000,1.367,0.689,1.000,2.159,World,Quad,15.0,15.0,0.380,1.200,0,0,None,None,1,1,0,1,0.0000,0.0000,0.892,0.000,0
84.40,dummy,AUIT_Multi,BAC,1.000,1.000,1.000,0.0,0.0,1.099,1.000,1.367,0.689,1.000,2.159,World,Quad,15.0,15.0,0.380,1.200,0,0,None,None,1,1,0,1,0.0000,0.0000,0.892,0.000,0
84.50,dummy,AUIT_Multi,BAC,1.000,1.000,1.000,0.0,0.0,1.099,1.000,1.367,0.689,1.000,2.159,World,Quad,15.0,15.0,0.380,1.200,0,0,None,None,1,1,0,1,0.0000,0.0001,0.892,0.000,0
84.60,dummy,AUIT_Multi,BAC,1.000,1.000,1.000,0.0,0.0,1.099,1.000,1.367,0.689,1.000,2.159,World,Quad,15.0,15.0,0.380,1.200,0,0,None,None,1,1,0,1,0.0000,0.0000,0.892,0.000,0
84.70,dummy,AUIT_Multi,BAC,1.000,1.000,1.000,0.0,0.0,1.099,1.000,1.367,0.689,1.000,2.159,World,Quad,15.0,15.0,0.380,1.200,0,0,None,None,1,1,0,1,0.0000,0.0000,0.892,0.000,0
84.80,dummy,AUIT_Multi,BAC,1.000,1.000,1.000,0.0,0.0,1.099,1.000,1.367,0.689,1.000,2.159,World,Quad,15.0,15.0,0.380,1.200,0,0,None,None,1,1,0,1,0.0000,0.0000,0.892,0.000,0
84.90,dummy,AUIT_Multi,BAC,1.000,1.000,1.000,0.0,0.0,1.099,1.000,1.367,0.689,1.000,2.159,World,Quad,15.0,15.0,0.380,1.200,0,0,None,None,1,1,0,1,0.0000,0.0000,0.892,0.000,0
85.00,dummy,AUIT_Multi,BAC,1.000,1.000,1.000,0.0,0.0,1.099,1.000,1.367,0.689,1.000,2.159,World,Quad,15.0,15.0,0.380,1.200,0,0,None,None,1,1,0,1,0.0000,0.0000,0.892,0.000,0
85.10,dummy,AUIT_Multi,BAC,1.000,1.000,1.000,0.0,0.0,1.099,1.000,1.367,0.689,1.000,2.159,World,Quad,15.0,15.0,0.380,1.200,0,0,None,None,1,1,0,1,0.0000,0.0000,0.892,0.000,0
85.20,dummy,AUIT_Multi,BAC,1.000,1.000,1.000,0.0,0.0,1.099,1.000,1.367,0.689,1.000,2.159,World,Quad,15.0,15.0,0.380,1.200,0,0,None,None,1,1,0,1,0.0000,0.0000,0.892,0.000,0
85.30,dummy,AUIT_Multi,BAC,1.000,1.000,1.000,0.0,0.0,1.099,1.000,1.367,0.689,1.000,2.159,World,Quad,15.0,15.0,0.380,1.200,0,0,None,None,1,1,0,1,0.0000,0.0000,0.892,0.000,0
85.40,dummy,AUIT_Multi,BAC,1.000,1.000,1.000,0.0,0.0,1.099,1.000,1.367,0.689,1.000,2.159,World,Quad,15.0,15.0,0.380,1.200,0,0,None,None,1,1,0,1,0.0000,0.0000,0.892,0.000,0
85.50,dummy,AUIT_Multi,BAC,1.000,1.000,1.000,0.0,0.0,1.099,1.000,1.367,0.689,1.000,2.159,World,Quad,15.0,15.0,0.380,1.200,0,0,None,None,1,1,0,1,0.0000,0.0000,0.892,0.000,0
85.60,dummy,AUIT_Multi,BAC,1.000,1.000,1.000,0.0,0.0,1.099,1.000,1.367,0.689,1.000,2.159,World,Quad,15.0,15.0,0.380,1.200,0,0,None,None,1,1,0,1,0.0000,0.0000,0.892,0.000,0
85.70,dummy,AUIT_Multi,BAC,1.000,1.000,1.000,0.0,0.0,1.099,1.000,1.367,0.689,1.000,2.159,World,Quad,15.0,15.0,0.380,1.200,0,0,None,None,1,1,0,1,0.0000,0.0000,0.892,0.000,0
85.80,dummy,AUIT_Multi,BAC,1.000,1.000,1.000,0.0,0.0,1.099,1.000,1.367,0.689,1.000,2.159,World,Quad,15.0,15.0,0.380,1.200,0,0,None,None,1,1,0,1,0.0000,0.0000,0.892,0.000,0
85.90,dummy,AUIT_Multi,BAC,1.000,1.000,1.000,0.0,0.0,1.099,1.000,1.367,0.689,1.000,2.159,World,Quad,15.0,15.0,0.380,1.200,0,0,None,None,1,1,0,1,0.0000,0.0000,0.892,0.000,0
86.00,dummy,AUIT_Multi,BAC,1.000,1.000,1.000,0.0,0.0,1.099,1.000,1.367,0.689,1.000,2.159,World,Quad,15.0,15.0,0.380,1.200,0,0,None,None,1,1,0,1,0.0000,0.0000,0.892,0.000,0
86.10,dummy,AUIT_Multi,BAC,1.000,1.000,1.000,0.0,0.0,1.099,1.000,1.367,0.689,1.000,2.159,World,Quad,15.0,15.0,0.380,1.200,0,0,None,None,1,1,0,1,0.0000,0.0000,0.892,0.000,0
86.20,dummy,AUIT_Multi,BAC,1.000,1.000,1.000,0.0,0.0,1.099,1.000,1.367,0.689,1.000,2.159,World,Quad,15.0,15.0,0.380,1.200,0,0,None,None,1,1,0,1,0.0000,0.0000,0.892,0.000,0
86.30,dummy,AUIT_Multi,BAC,1.000,1.000,1.000,0.0,0.0,1.099,1.000,1.367,0.689,1.000,2.159,World,Quad,15.0,15.0,0.380,1.200,0,0,None,None,1,1,0,1,0.0000,0.0000,0.892,0.000,0
86.40,dummy,AUIT_Multi,BAC,1.000,1.400,1.000,0.0,0.0,1.059,1.224,1.220,0.767,1.224,1.869,World,Wall4m,40.3,18.6,0.288,0.917,0,0,None,None,0,1,0,1,2.6019,3.5972,0.712,0.000,0
86.50,dummy,AUIT_Multi,BAC,1.000,1.400,1.000,0.0,0.0,1.049,1.372,1.181,0.815,1.372,1.690,World,Quad,17.2,15.2,0.190,0.715,0,0,None,None,1,1,0,0,1.5734,2.4369,0.560,0.000,0
86.60,dummy,AUIT_Multi,BAC,1.000,1.400,1.000,0.0,0.0,1.051,1.397,1.190,0.821,1.397,1.666,World,Quad,15.1,15.0,0.196,0.689,0,0,None,None,1,1,0,0,0.2637,0.3520,0.528,0.000,0
86.70,dummy,AUIT_Multi,BAC,1.000,1.400,1.000,0.0,0.0,1.051,1.400,1.190,0.831,1.397,1.636,World,Quad,15.0,14.9,0.197,0.658,0,0,None,None,1,1,0,0,0.0306,0.3090,0.497,0.000,0
86.80,dummy,AUIT_Multi,BAC,1.000,1.400,1.000,0.0,0.0,1.051,1.400,1.190,0.842,1.397,1.604,World,Quad,15.0,14.7,0.197,0.625,0,0,None,None,1,1,0,0,0.0035,0.3319,0.464,0.000,0
86.90,dummy,AUIT_Multi,BAC,1.000,1.400,1.000,0.0,0.0,1.051,1.400,1.190,0.852,1.397,1.573,World,Quad,15.0,14.5,0.197,0.592,0,0,None,None,1,1,0,0,0.0003,0.3298,0.432,0.000,0
87.00,dummy,AUIT_Multi,BAC,1.000,1.400,1.000,0.0,0.0,1.051,1.400,1.190,0.862,1.398,1.542,World,Quad,15.0,14.2,0.197,0.560,0,0,None,None,1,1,0,0,0.0000,0.3316,0.400,0.000,0
87.10,dummy,AUIT_Multi,BAC,1.000,1.400,1.000,0.0,0.0,1.051,1.400,1.190,0.872,1.398,1.512,World,Quad,15.0,14.0,0.197,0.528,0,0,None,None,1,1,0,0,0.0000,0.3115,0.368,0.000,0
87.20,dummy,AUIT_Multi,BAC,1.000,1.400,1.000,0.0,0.0,1.051,1.400,1.190,0.883,1.398,1.480,World,Quad,15.0,13.7,0.197,0.494,0,0,None,None,1,1,0,0,0.0000,0.3318,0.335,0.000,0
87.30,dummy,AUIT_Multi,BAC,1.000,1.400,1.000,0.0,0.0,1.051,1.400,1.190,0.893,1.398,1.450,World,Quad,15.0,13.3,0.197,0.462,0,0,None,None,1,1,0,0,0.0000,0.3344,0.304,0.000,0
87.40,dummy,AUIT_Multi,BAC,1.000,1.400,1.000,0.0,0.0,1.051,1.400,1.190,0.898,1.398,1.440,World,Quad,15.0,13.0,0.197,0.452,0,0,None,None,1,1,0,0,0.0000,0.1086,0.293,0.000,0
87.50,dummy,AUIT_Multi,BAC,1.000,1.400,1.000,0.0,0.0,1.051,1.400,1.190,0.909,1.398,1.406,World,Quad,15.0,12.6,0.197,0.416,0,0,None,None,1,1,0,0,0.0000,0.3532,0.258,0.000,0
87.60,dummy,AUIT_Multi,BAC,1.000,1.400,1.000,0.0,0.0,1.051,1.400,1.190,0.915,1.399,1.392,World,Quad,15.0,12.3,0.197,0.401,0,0,None,None,1,1,0,0,0.0000,0.1493,0.244,0.000,0
87.70,dummy,AUIT_Multi,BAC,1.000,1.400,1.000,0.0,0.0,1.048,1.397,1.193,0.870,1.399,1.543,World,Quad,13.9,13.5,0.199,0.558,0,0,None,None,1,1,0,0,0.0561,1.5580,0.392,0.000,0
87.80,dummy,AUIT_Multi,BAC,1.000,1.400,1.000,0.0,0.0,1.043,1.392,1.197,0.875,1.399,1.524,World,Quad,12.5,13.4,0.201,0.539,0,0,None,None,1,1,0,0,0.0743,0.1961,0.368,0.000,0
87.90,dummy,AUIT_Multi,BAC,1.000,1.400,1.000,0.0,0.0,1.038,1.387,1.200,0.881,1.399,1.503,World,Quad,11.4,13.3,0.204,0.517,0,0,None,None,1,1,0,0,0.0763,0.2160,0.341,0.000,0
88.00,dummy,AUIT_Multi,BAC,1.000,1.400,1.000,0.0,0.0,1.034,1.383,1.204,0.887,1.399,1.484,World,Quad,10.5,13.2,0.208,0.497,0,0,None,None,1,1,0,0,0.0739,0.1925,0.317,0.000,0
88.10,dummy,AUIT_Multi,BAC,1.000,1.400,1.000,0.0,0.0,1.029,1.378,1.208,0.892,1.399,1.465,World,Quad,9.9,13.0,0.211,0.477,0,0,None,None,1,1,0,0,0.0754,0.2063,0.292,0.000,0
88.20,dummy,AUIT_Multi,BAC,1.000,1.400,1.000,0.0,0.0,1.024,1.374,1.211,0.891,1.399,1.472,World,Quad,9.6,13.0,0.214,0.484,0,0,None,None,1,1,0,0,0.0717,0.0708,0.294,0.000,0
88.30,dummy,AUIT_Multi,BAC,1.000,1.400,1.000,0.0,0.0,1.019,1.369,1.215,0.898,1.399,1.448,World,Quad,9.7,12.8,0.218,0.459,0,0,None,None,1,1,0,0,0.0844,0.2554,0.264,0.075,0
88.40,dummy,AUIT_Multi,BAC,1.000,1.400,1.000,0.0,0.0,1.015,1.364,1.219,0.905,1.399,1.425,World,Quad,10.1,12.6,0.223,0.436,0,0,None,None,1,1,0,0,0.0779,0.2324,0.236,0.076,0
88.50,dummy,AUIT_Multi,BAC,1.000,1.400,1.000,0.0,0.0,1.010,1.360,1.223,0.909,1.399,1.412,World,Quad,10.6,12.5,0.226,0.422,0,0,None,None,1,1,0,0,0.0695,0.1417,0.218,0.074,0
88.60,dummy,AUIT_Multi,BAC,1.000,1.400,1.000,0.0,0.0,1.005,1.355,1.227,0.917,1.399,1.385,World,Wall4m,11.4,12.2,0.231,0.394,0,0,None,None,1,1,0,0,0.0812,0.2678,0.187,0.000,0
88.70,dummy,AUIT_Multi,BAC,1.000,1.400,1.000,0.0,0.0,1.035,1.386,1.194,0.823,1.400,1.684,World,Quad,11.0,14.5,0.198,0.706,0,0,None,None,1,1,0,0,0.5559,3.2001,0.534,0.000,0
88.80,dummy,AUIT_Multi,BAC,1.000,1.400,1.000,0.0,0.0,1.049,1.398,1.190,0.821,1.400,1.671,World,Quad,14.4,14.9,0.196,0.695,0,0,None,None,1,1,0,0,0.1827,0.1243,0.533,0.000,0
88.90,dummy,AUIT_Multi,BAC,1.000,1.400,1.000,0.0,0.0,1.051,1.400,1.190,0.822,1.400,1.664,World,Quad,14.9,15.0,0.197,0.688,0,0,None,None,1,1,0,0,0.0259,0.0689,0.526,0.000,0
89.00,dummy,AUIT_Multi,BAC,1.000,1.400,1.000,0.0,0.0,1.051,1.400,1.190,0.822,1.400,1.664,World,Quad,15.0,15.0,0.197,0.687,0,0,None,None,1,1,0,0,0.0030,0.0080,0.526,0.000,0
89.10,dummy,AUIT_Multi,BAC,1.000,1.400,1.000,0.0,0.0,1.051,1.400,1.190,0.822,1.400,1.664,World,Quad,15.0,15.0,0.197,0.687,0,0,None,None,1,1,0,0,0.0003,0.0000,0.526,0.000,0
89.20,dummy,AUIT_Multi,BAC,1.000,1.400,1.000,0.0,0.0,1.051,1.400,1.190,0.822,1.400,1.664,World,Quad,15.0,15.0,0.197,0.687,0,0,None,None,1,1,0,0,0.0000,0.0000,0.526,0.000,0
89.30,dummy,AUIT_Multi,BAC,1.000,1.400,1.000,0.0,0.0,1.051,1.400,1.190,0.822,1.400,1.664,World,Quad,15.0,15.0,0.197,0.687,0,0,None,None,1,1,0,0,0.0000,0.0000,0.526,0.000,0
89.40,dummy,AUIT_Multi,BAC,1.000,1.400,1.000,0.0,0.0,1.051,1.400,1.190,0.822,1.400,1.664,World,Quad,15.0,15.0,0.197,0.687,0,0,None,None,1,1,0,0,0.0000,0.0000,0.526,0.000,0
89.50,dummy,AUIT_Multi,BAC,1.000,1.400,1.000,0.0,0.0,1.051,1.400,1.190,0.822,1.400,1.664,World,Quad,15.0,15.0,0.197,0.687,0,0,None,None,1,1,0,0,0.0000,0.0000,0.526,0.000,0
89.60,dummy,AUIT_Multi,BAC,1.000,1.400,1.000,0.0,0.0,1.051,1.400,1.190,0.822,1.400,1.664,World,Quad,15.0,15.0,0.197,0.687,0,0,None,None,1,1,0,0,0.0000,0.0000,0.526,0.000,0
89.70,dummy,AUIT_Multi,BAC,1.000,1.400,1.000,0.0,0.0,1.051,1.400,1.190,0.822,1.400,1.664,World,Quad,15.0,15.0,0.197,0.687,0,0,None,None,1,1,0,0,0.0000,0.0000,0.526,0.000,0
89.80,dummy,AUIT_Multi,BAC,1.000,1.400,1.000,0.0,0.0,1.051,1.400,1.190,0.822,1.400,1.664,World,Quad,15.0,15.0,0.197,0.687,0,0,None,None,1,1,0,0,0.0000,0.0000,0.526,0.000,0
89.90,dummy,AUIT_Multi,BAC,1.000,1.400,1.000,0.0,0.0,1.051,1.400,1.190,0.822,1.400,1.664,World,Quad,15.0,15.0,0.197,0.687,0,0,None,None,1,1,0,0,0.0000,0.0000,0.526,0.000,0
90.00,dummy,AUIT_Multi,BAC,1.000,1.400,1.000,0.0,0.0,1.051,1.400,1.190,0.822,1.400,1.664,World,Quad,15.0,15.0,0.197,0.687,0,0,None,None,1,1,0,0,0.0000,0.0000,0.526,0.000,0
90.10,dummy,AUIT_Multi,BAC,1.000,1.400,1.000,0.0,0.0,1.051,1.400,1.190,0.822,1.400,1.664,World,Quad,15.0,15.0,0.197,0.687,0,0,None,None,1,1,0,0,0.0000,0.0000,0.526,0.000,0
90.20,dummy,AUIT_Multi,BAC,1.000,1.400,1.000,0.0,0.0,1.051,1.400,1.190,0.822,1.400,1.664,World,Quad,15.0,15.0,0.197,0.687,0,0,None,None,1,1,0,0,0.0000,0.0000,0.526,0.000,0
90.30,dummy,AUIT_Multi,BAC,1.000,1.000,1.000,0.0,0.0,1.052,1.395,1.193,0.820,1.395,1.670,World,Wall4m,64.1,32.9,0.443,0.798,0,0,None,None,0,0,0,0,0.0630,0.0871,0.530,0.000,0
90.40,dummy,AUIT_Multi,BAC,1.000,1.000,1.000,0.0,0.0,1.089,1.089,1.332,0.719,1.089,2.049,World,Wall4m,20.8,15.7,0.355,1.090,0,0,None,None,1,1,0,1,3.2969,4.8553,0.807,0.000,0
90.50,dummy,AUIT_Multi,BAC,1.000,1.000,1.000,0.0,0.0,1.098,1.012,1.366,0.693,1.012,2.144,World,Quad,15.1,15.0,0.379,1.185,0,0,None,None,1,1,0,1,0.8520,1.2578,0.877,0.000,0
90.60,dummy,AUIT_Multi,BAC,1.000,1.000,1.000,0.0,0.0,1.098,1.001,1.367,0.690,1.001,2.157,World,Quad,15.0,15.0,0.380,1.198,0,0,None,None,1,1,0,1,0.1074,0.1741,0.890,0.000,0
90.70,dummy,AUIT_Multi,BAC,1.000,1.000,1.000,0.0,0.0,1.098,1.000,1.367,0.706,1.000,2.103,World,Quad,15.0,14.9,0.380,1.142,0,0,None,None,1,1,0,1,0.0131,0.5768,0.835,0.000,0
90.80,dummy,AUIT_Multi,BAC,1.000,1.000,1.000,0.0,0.0,1.098,1.000,1.367,0.730,1.000,2.018,World,Quad,15.0,14.9,0.380,1.054,0,0,None,None,1,1,0,1,0.0014,0.8512,0.748,0.000,0
90.90,dummy,AUIT_Multi,BAC,1.000,1.000,1.000,0.0,0.0,1.098,1.000,1.367,0.754,1.000,1.935,World,Quad,15.0,14.7,0.380,0.967,0,0,None,None,1,1,0,1,0.0001,0.8821,0.665,0.000,0
91.01,dummy,AUIT_Multi,BAC,1.000,1.500,1.000,0.0,0.0,1.056,1.276,1.211,0.786,1.041,1.820,World,CabinetD05,47.6,31.7,0.312,0.963,0,0,None,None,0,0,0,0,3.0407,1.2090,0.706,0.000,0
91.10,dummy,AUIT_Multi,BAC,1.000,1.500,1.000,0.0,0.0,1.046,1.465,1.172,0.809,1.024,1.744,World,CabinetD05,18.5,34.6,0.181,0.904,0,0,None,None,1,0,0,0,2.0195,0.8412,0.760,0.000,0
91.20,dummy,AUIT_Multi,BAC,1.000,1.500,1.000,0.0,0.0,1.049,1.496,1.184,0.832,1.029,1.662,World,Quad,15.1,37.1,0.190,0.830,0,0,None,None,1,0,0,0,0.3294,0.8607,0.703,0.000,0
91.30,dummy,AUIT_Multi,BAC,1.000,1.500,1.000,0.0,0.0,1.049,1.500,1.185,0.856,1.024,1.581,World,Quad,15.0,40.6,0.191,0.765,0,0,None,None,1,0,0,0,0.0392,0.8519,0.648,0.000,0
91.40,dummy,AUIT_Multi,BAC,1.000,1.500,1.000,0.0,0.0,1.049,1.500,1.185,0.880,1.019,1.496,World,Quad,15.0,45.0,0.191,0.701,0,0,None,None,1,0,0,0,0.0043,0.8737,0.597,0.000,0
91.50,dummy,AUIT_Multi,BAC,1.000,1.500,1.000,0.0,0.0,1.049,1.500,1.185,0.904,1.020,1.414,World,Quad,15.0,49.8,0.191,0.641,0,0,None,None,1,0,0,0,0.0004,0.8560,0.551,0.000,0
91.60,dummy,AUIT_Multi,BAC,1.000,1.500,1.000,0.0,0.0,1.049,1.500,1.185,0.928,1.019,1.331,World,Quad,15.0,55.8,0.191,0.588,0,0,None,None,1,0,0,0,0.0000,0.8688,0.517,0.000,0
91.70,dummy,AUIT_Multi,BAC,1.000,1.500,1.000,0.0,0.0,1.049,1.500,1.185,0.925,1.098,1.339,World,Quad,15.0,50.4,0.191,0.531,0,0,None,None,1,0,0,0,0.0000,0.7910,0.448,0.000,0
91.80,dummy,AUIT_Multi,BAC,1.000,1.500,1.000,0.0,0.0,1.049,1.500,1.185,0.927,1.140,1.333,World,Quad,15.0,47.8,0.191,0.495,0,0,None,None,1,0,0,0,0.0000,0.4349,0.408,0.000,0
91.90,dummy,AUIT_Multi,BAC,1.000,1.500,1.000,0.0,0.0,1.049,1.500,1.185,0.930,1.184,1.327,World,Quad,15.0,44.7,0.191,0.461,0,0,None,None,1,0,0,0,0.0000,0.4340,0.367,0.000,0
92.00,dummy,AUIT_Multi,BAC,1.000,1.500,1.000,0.0,0.0,1.049,1.500,1.185,0.931,1.229,1.323,World,Quad,15.0,40.8,0.191,0.427,0,0,None,None,1,0,0,0,0.0000,0.4551,0.326,0.000,0
92.10,dummy,AUIT_Multi,BAC,1.000,1.500,1.000,0.0,0.0,1.049,1.500,1.185,0.935,1.268,1.314,World,Quad,15.0,37.5,0.191,0.395,0,0,None,None,1,0,0,0,0.0000,0.4118,0.289,0.000,0
92.20,dummy,AUIT_Multi,BAC,1.000,1.500,1.000,0.0,0.0,1.049,1.500,1.185,0.938,1.311,1.306,World,Quad,15.0,33.0,0.191,0.365,0,0,None,None,1,0,0,0,0.0000,0.4307,0.251,0.000,0
92.30,dummy,AUIT_Multi,BAC,1.000,1.500,1.000,0.0,0.0,1.049,1.500,1.185,0.940,1.354,1.301,World,Quad,15.0,27.6,0.191,0.339,0,0,None,None,1,0,0,0,0.0000,0.4360,0.216,0.000,0
92.40,dummy,AUIT_Multi,BAC,1.000,1.500,1.000,0.0,0.0,1.049,1.500,1.185,0.943,1.397,1.295,World,Quad,15.0,21.8,0.191,0.318,0,0,None,None,1,1,0,0,0.0000,0.4314,0.185,0.000,0
92.50,dummy,AUIT_Multi,BAC,1.000,1.500,1.000,0.0,0.0,1.049,1.500,1.185,0.946,1.440,1.285,World,Quad,15.0,15.8,0.191,0.296,0,0,None,None,1,1,0,0,0.0000,0.4386,0.156,0.000,0
92.60,dummy,AUIT_Multi,BAC,1.000,1.500,1.000,0.0,0.0,1.049,1.500,1.185,0.946,1.484,1.289,World,Quad,15.0,11.1,0.191,0.294,0,0,None,None,1,1,0,0,0.0000,0.4371,0.148,0.000,0
92.70,dummy,AUIT_Multi,BAC,1.000,1.500,1.000,0.0,0.0,1.049,1.500,1.185,0.867,1.500,1.527,World,Quad,15.0,14.2,0.191,0.543,0,0,None,None,1,1,0,0,0.0000,2.5570,0.388,0.000,0
92.80,dummy,AUIT_Multi,BAC,1.000,1.500,1.000,0.0,0.0,1.049,1.500,1.185,0.832,1.500,1.632,World,Quad,15.0,14.9,0.191,0.654,0,0,None,None,1,1,0,0,0.0000,1.1140,0.497,0.000,0
92.90,dummy,AUIT_Multi,BAC,1.000,1.500,1.000,0.0,0.0,1.049,1.500,1.185,0.827,1.500,1.645,World,Quad,15.0,15.0,0.191,0.667,0,0,None,None,1,1,0,0,0.0000,0.1363,0.511,0.000,0
93.00,dummy,AUIT_Multi,BAC,1.000,1.500,1.000,0.0,0.0,1.049,1.500,1.185,0.827,1.500,1.646,World,Quad,15.0,15.0,0.191,0.668,0,0,None,None,1,1,0,0,0.0000,0.0110,0.512,0.000,0
93.10,dummy,AUIT_Multi,BAC,1.000,1.500,1.000,0.0,0.0,1.049,1.500,1.185,0.827,1.500,1.646,World,Quad,15.0,15.0,0.191,0.668,0,0,None,None,1,1,0,0,0.0001,0.0006,0.512,0.000,0
93.20,dummy,AUIT_Multi,BAC,1.000,1.500,1.000,0.0,0.0,1.049,1.500,1.185,0.827,1.500,1.646,World,Quad,15.0,15.0,0.191,0.668,0,0,None,None,1,1,0,0,0.0001,0.0005,0.512,0.000,0
93.30,dummy,AUIT_Multi,BAC,1.000,1.500,1.000,0.0,0.0,1.050,1.500,1.185,0.827,1.500,1.646,World,Quad,15.0,15.0,0.191,0.668,0,0,None,None,1,1,0,0,0.0002,0.0006,0.512,0.000,0
93.40,dummy,AUIT_Multi,BAC,1.000,1.500,1.000,0.0,0.0,1.050,1.500,1.185,0.827,1.500,1.646,World,Quad,15.0,15.0,0.191,0.668,0,0,None,None,1,1,0,0,0.0002,0.0005,0.512,0.000,0
93.50,dummy,AUIT_Multi,BAC,1.000,1.500,1.000,0.0,0.0,1.050,1.500,1.185,0.827,1.500,1.646,World,Quad,15.0,15.0,0.191,0.668,0,0,None,None,1,1,0,0,0.0001,0.0005,0.512,0.000,0
93.60,dummy,AUIT_Multi,BAC,1.000,1.500,1.000,0.0,0.0,1.050,1.500,1.185,0.827,1.500,1.646,World,Quad,15.0,15.0,0.191,0.669,0,0,None,None,1,1,0,0,0.0002,0.0006,0.512,0.000,0
93.71,dummy,AUIT_Multi,BAC,1.000,1.500,1.000,0.0,0.0,1.050,1.500,1.185,0.827,1.500,1.646,World,Quad,15.0,15.0,0.191,0.669,0,0,None,None,1,1,0,0,0.0002,0.0006,0.512,0.000,0
93.80,dummy,AUIT_Multi,BAC,1.000,1.500,1.000,0.0,0.0,1.050,1.500,1.185,0.827,1.500,1.646,World,Quad,15.0,15.0,0.191,0.669,0,0,None,None,1,1,0,0,0.0002,0.0006,0.512,0.000,0
93.90,dummy,AUIT_Multi,BAC,1.000,1.500,1.000,0.0,0.0,1.050,1.500,1.185,0.826,1.500,1.646,World,Quad,15.0,15.0,0.191,0.669,0,0,None,None,1,1,0,0,0.0002,0.0006,0.512,0.000,0
94.00,dummy,AUIT_Multi,BAC,1.000,1.500,1.000,0.0,0.0,1.050,1.500,1.185,0.826,1.500,1.646,World,Quad,15.0,15.0,0.191,0.669,0,0,None,None,1,1,0,0,0.0002,0.0006,0.512,0.000,0
94.10,dummy,AUIT_Multi,BAC,1.000,1.500,1.000,0.0,0.0,1.050,1.500,1.185,0.826,1.500,1.646,World,Quad,15.1,15.1,0.191,0.669,0,0,None,None,1,1,0,0,0.0002,0.0006,0.512,0.000,0
94.20,dummy,AUIT_Multi,BAC,1.000,1.500,1.000,0.0,0.0,1.050,1.500,1.185,0.826,1.500,1.646,World,Quad,15.1,15.1,0.191,0.669,0,0,None,None,1,1,0,0,0.0002,0.0005,0.512,0.000,0
94.30,dummy,AUIT_Multi,BAC,1.000,1.500,1.000,0.0,0.0,1.050,1.500,1.185,0.826,1.500,1.646,World,Quad,15.1,15.1,0.191,0.669,0,0,None,None,1,1,0,0,0.0002,0.0006,0.512,0.000,0
94.40,dummy,AUIT_Multi,BAC,1.000,1.500,1.000,0.0,0.0,1.050,1.500,1.185,0.826,1.500,1.646,World,Quad,15.1,15.1,0.191,0.669,0,0,None,None,1,1,0,0,0.0002,0.0006,0.512,0.000,0
94.50,dummy,AUIT_Multi,BAC,1.000,1.500,1.000,0.0,0.0,1.050,1.500,1.185,0.826,1.500,1.646,World,Quad,15.1,15.1,0.191,0.669,0,0,None,None,1,1,0,0,0.0002,0.0006,0.512,0.000,0
94.60,dummy,AUIT_Multi,BAC,1.000,1.500,1.000,0.0,0.0,1.050,1.500,1.185,0.826,1.500,1.646,World,Quad,15.1,15.1,0.191,0.669,0,0,None,None,1,1,0,0,0.0002,0.0006,0.512,0.000,0
94.70,dummy,AUIT_Multi,BAC,1.000,1.500,1.000,0.0,0.0,1.050,1.500,1.185,0.826,1.500,1.646,World,Quad,15.1,15.1,0.191,0.669,0,0,None,None,1,1,0,0,0.0002,0.0007,0.512,0.000,0
94.80,dummy,AUIT_Multi,BAC,1.000,1.500,1.000,0.0,0.0,1.050,1.500,1.185,0.826,1.500,1.646,World,Quad,15.1,15.1,0.191,0.669,0,0,None,None,1,1,0,0,0.0002,0.0007,0.512,0.000,0
94.90,dummy,AUIT_Multi,BAC,1.000,1.500,1.000,0.0,0.0,1.050,1.500,1.185,0.826,1.500,1.646,World,Quad,15.1,15.1,0.191,0.669,0,0,None,None,1,1,0,0,0.0002,0.0006,0.513,0.000,0
95.00,dummy,AUIT_Multi,BAC,1.000,1.500,1.000,0.0,0.0,1.050,1.500,1.185,0.826,1.500,1.646,World,Quad,15.1,15.1,0.191,0.669,0,0,None,None,1,1,0,0,0.0002,0.0007,0.513,0.000,0
95.10,dummy,AUIT_Multi,BAC,1.000,1.500,1.000,0.0,0.0,1.050,1.500,1.185,0.826,1.500,1.646,World,Quad,15.1,15.1,0.191,0.669,0,0,None,None,1,1,0,0,0.0002,0.0007,0.513,0.000,0
95.20,dummy,AUIT_Multi,BAC,1.000,1.500,1.000,0.0,0.0,1.050,1.500,1.185,0.826,1.500,1.646,World,Quad,15.1,15.1,0.191,0.669,0,0,None,None,1,1,0,0,0.0002,0.0006,0.513,0.000,0
95.30,dummy,AUIT_Multi,BAC,1.000,1.500,1.000,0.0,0.0,1.050,1.500,1.185,0.826,1.500,1.646,World,Quad,15.1,15.1,0.191,0.669,0,0,None,None,1,1,0,0,0.0002,0.0006,0.513,0.000,0
95.40,dummy,AUIT_Multi,BAC,1.000,1.500,1.000,0.0,0.0,1.050,1.500,1.185,0.826,1.500,1.646,World,Quad,15.1,15.1,0.191,0.669,0,0,None,None,1,1,0,0,0.0002,0.0007,0.513,0.000,0
95.50,dummy,AUIT_Multi,BAC,1.000,1.500,1.000,0.0,0.0,1.050,1.500,1.185,0.825,1.500,1.646,World,Quad,15.1,15.1,0.191,0.669,0,0,None,None,1,1,0,0,0.0002,0.0007,0.513,0.000,0
95.60,dummy,AUIT_Multi,BAC,1.000,1.500,1.000,0.0,0.0,1.050,1.500,1.185,0.825,1.500,1.646,World,Quad,15.1,15.1,0.191,0.669,0,0,None,None,1,1,0,0,0.0002,0.0007,0.513,0.000,0
95.71,dummy,AUIT_Multi,BAC,1.000,1.500,1.000,0.0,0.0,1.050,1.500,1.185,0.825,1.500,1.646,World,Quad,15.1,15.1,0.191,0.669,0,0,None,None,1,1,0,0,0.0002,0.0006,0.513,0.000,0
95.80,dummy,AUIT_Multi,BAC,1.000,1.500,1.000,0.0,0.0,1.050,1.500,1.185,0.825,1.500,1.646,World,Quad,15.1,15.1,0.191,0.669,0,0,None,None,1,1,0,0,0.0002,0.0009,0.513,0.000,0
95.90,dummy,AUIT_Multi,BAC,1.000,1.500,1.000,0.0,0.0,1.050,1.500,1.185,0.825,1.500,1.646,World,Quad,15.1,15.1,0.191,0.669,0,0,None,None,1,1,0,0,0.0001,0.0004,0.513,0.000,0
96.00,dummy,AUIT_Multi,BAC,1.000,1.500,1.000,0.0,0.0,1.050,1.500,1.185,0.825,1.500,1.646,World,Quad,15.1,15.2,0.191,0.669,0,0,None,None,1,1,0,0,0.0001,0.0004,0.513,0.000,0
96.10,dummy,AUIT_Multi,BAC,1.000,1.500,1.000,0.0,0.0,1.050,1.500,1.185,0.825,1.500,1.646,World,Quad,15.2,15.2,0.191,0.669,0,0,None,None,1,1,0,0,0.0001,0.0004,0.513,0.000,0
96.21,dummy,AUIT_Multi,BAC,1.000,1.500,1.000,0.0,0.0,1.050,1.500,1.185,0.825,1.500,1.646,World,Quad,15.2,15.2,0.191,0.669,0,0,None,None,1,1,0,0,0.0001,0.0004,0.513,0.000,0
96.30,dummy,AUIT_Multi,BAC,1.000,1.500,1.300,0.0,0.0,1.080,1.500,1.317,0.827,1.500,1.650,World,CabinetD05,78.2,26.3,0.082,0.391,0,0,None,None,0,0,0,0,1.3930,0.0526,0.419,0.183,0
96.40,dummy,AUIT_Multi,BAC,1.000,1.500,1.300,0.0,0.0,1.036,1.500,1.349,0.831,1.500,1.659,World,CabinetD05,35.9,25.2,0.061,0.397,0,0,None,None,0,0,0,0,0.5447,0.0920,0.371,0.000,0
96.50,dummy,AUIT_Multi,BAC,1.000,1.500,1.300,0.0,0.0,1.023,1.500,1.346,0.832,1.500,1.660,World,CabinetD05,26.6,25.0,0.052,0.398,0,0,None,None,0,0,0,0,0.1304,0.0175,0.368,0.000,0
96.60,dummy,AUIT_Multi,BAC,1.000,1.500,1.300,0.0,0.0,1.021,1.500,1.345,0.832,1.500,1.660,World,CabinetD05,25.2,25.0,0.050,0.398,0,0,None,None,0,0,0,0,0.0189,0.0012,0.368,0.000,0
96.70,dummy,AUIT_Multi,BAC,1.000,1.500,1.300,0.0,0.0,1.021,1.500,1.345,0.839,1.500,1.659,World,CabinetD05,25.0,24.2,0.050,0.394,0,0,None,None,0,1,0,0,0.0023,0.0716,0.363,0.000,0
96.80,dummy,AUIT_Multi,BAC,1.000,1.500,1.300,0.0,0.0,1.021,1.500,1.345,0.858,1.500,1.655,World,CabinetD05,25.0,21.8,0.050,0.383,0,0,None,None,0,1,0,0,0.0002,0.1955,0.350,0.000,0
96.90,dummy,AUIT_Multi,BAC,1.000,1.500,1.300,0.0,0.0,1.021,1.500,1.345,0.877,1.500,1.652,World,CabinetD05,25.0,19.3,0.050,0.373,0,0,None,None,0,1,0,0,0.0000,0.1887,0.339,0.000,0
97.01,dummy,AUIT_Multi,BAC,1.000,1.500,1.300,0.0,0.0,1.021,1.500,1.345,0.895,1.500,1.648,World,CabinetD05,25.0,16.7,0.050,0.363,0,0,None,None,0,1,0,0,0.0000,0.1821,0.328,0.000,0
97.10,dummy,AUIT_Multi,BAC,1.000,1.500,1.300,0.0,0.0,1.021,1.500,1.345,0.916,1.500,1.644,World,CabinetD05,25.0,13.7,0.050,0.354,0,0,None,None,0,1,0,0,0.0000,0.2192,0.317,0.000,0
97.20,dummy,AUIT_Multi,BAC,1.000,1.500,1.300,0.0,0.0,1.021,1.500,1.345,0.935,1.500,1.640,World,CabinetD05,25.0,10.8,0.050,0.346,0,0,None,None,0,1,0,0,0.0000,0.1957,0.307,0.000,0
97.30,dummy,AUIT_Multi,BAC,1.000,1.500,1.300,0.0,0.0,1.021,1.500,1.345,0.955,1.500,1.636,World,CabinetD05,25.0,7.6,0.050,0.339,0,0,None,None,0,1,0,0,0.0000,0.2019,0.298,0.000,0
97.40,dummy,AUIT_Multi,BAC,1.000,1.500,1.300,0.0,0.0,1.021,1.500,1.345,0.973,1.500,1.633,World,CabinetD05,25.0,4.6,0.050,0.334,0,0,None,None,0,1,0,0,0.0000,0.1906,0.291,0.000,0
97.50,dummy,AUIT_Multi,BAC,1.000,1.500,1.300,0.0,0.0,1.021,1.500,1.345,0.994,1.500,1.629,World,CabinetD05,25.0,1.1,0.050,0.329,0,0,None,None,0,1,0,0,0.0000,0.2086,0.285,0.000,0
97.60,dummy,AUIT_Multi,BAC,1.000,1.500,1.300,0.0,0.0,1.021,1.500,1.345,1.013,1.500,1.625,World,CabinetD05,25.0,2.4,0.050,0.325,0,0,None,None,0,1,0,0,0.0000,0.1964,0.280,0.000,0
97.70,dummy,AUIT_Multi,BAC,1.000,1.500,1.300,0.0,0.0,1.021,1.500,1.346,1.005,1.500,1.627,World,CabinetD05,24.1,0.8,0.050,0.327,0,0,None,None,1,1,0,0,0.0089,0.0876,0.282,0.000,0
97.80,dummy,AUIT_Multi,BAC,1.000,1.500,1.300,0.0,0.0,1.019,1.498,1.348,1.010,1.500,1.626,World,CabinetD05,21.3,1.7,0.051,0.326,0,0,None,None,1,1,0,0,0.0290,0.0500,0.279,0.000,0
97.90,dummy,AUIT_Multi,BAC,1.000,1.500,1.300,0.0,0.0,1.017,1.497,1.349,1.010,1.500,1.626,World,CabinetD05,18.9,1.8,0.052,0.326,0,0,None,None,1,1,0,0,0.0286,0.0085,0.277,0.045,0
98.00,dummy,AUIT_Multi,BAC,1.000,1.500,1.300,0.0,0.0,1.015,1.496,1.351,1.014,1.500,1.625,World,Quad,16.5,2.5,0.053,0.326,0,0,None,None,1,1,0,0,0.0290,0.0353,0.274,0.048,0
98.10,dummy,AUIT_Multi,BAC,1.000,1.500,1.300,0.0,0.0,1.013,1.495,1.353,1.016,1.500,1.625,World,Quad,14.5,2.8,0.055,0.326,0,0,None,None,1,1,0,0,0.0306,0.0211,0.272,0.050,0
98.20,dummy,AUIT_Multi,BAC,1.000,1.500,1.300,0.0,0.0,1.011,1.494,1.355,1.018,1.500,1.625,World,Quad,12.8,3.1,0.056,0.325,0,0,None,None,1,1,0,0,0.0270,0.0157,0.270,0.052,0
98.30,dummy,AUIT_Multi,BAC,1.000,1.500,1.300,0.0,0.0,1.009,1.493,1.357,1.021,1.500,1.624,World,Quad,11.6,3.7,0.058,0.325,0,0,None,None,1,1,0,0,0.0275,0.0355,0.268,0.055,0
98.40,dummy,AUIT_Multi,BAC,1.000,1.500,1.300,0.0,0.0,1.007,1.492,1.358,1.021,1.500,1.624,World,Quad,10.6,3.7,0.059,0.325,0,0,None,None,1,1,0,0,0.0254,0.0048,0.267,0.055,0
98.50,dummy,AUIT_Multi,BAC,1.000,1.500,1.300,0.0,0.0,1.005,1.491,1.360,1.025,1.500,1.623,World,Quad,10.2,4.4,0.061,0.324,0,0,None,None,1,1,0,0,0.0295,0.0428,0.264,0.058,0
98.60,dummy,AUIT_Multi,BAC,1.000,1.500,1.300,0.0,0.0,1.004,1.490,1.361,1.024,1.500,1.624,World,Quad,10.1,4.3,0.062,0.324,0,0,None,None,1,1,0,0,0.0241,0.0050,0.263,0.059,0
98.70,dummy,AUIT_Multi,BAC,1.000,1.500,1.300,0.0,0.0,0.966,1.493,1.470,1.029,1.500,1.530,World,Quad,11.6,7.3,0.174,0.232,0,0,None,None,1,1,0,0,1.1544,0.9336,0.088,0.093,0
98.80,dummy,AUIT_Multi,BAC,1.000,1.500,1.300,0.0,0.0,0.927,1.492,1.580,1.028,1.500,1.425,World,Quad,14.7,12.8,0.289,0.128,0,0,None,None,1,1,0,0,1.1594,1.0506,0.185,0.000,0
98.90,dummy,AUIT_Multi,BAC,1.000,1.500,1.300,0.0,0.0,0.927,1.499,1.572,1.030,1.500,1.415,World,Quad,15.0,14.7,0.281,0.119,0,0,None,None,1,1,0,0,0.1055,0.1052,0.188,0.000,0
99.00,dummy,AUIT_Multi,BAC,1.000,1.500,1.300,0.0,0.0,0.927,1.500,1.571,1.031,1.500,1.415,World,Quad,15.0,15.0,0.280,0.119,0,0,None,None,1,1,0,0,0.0153,0.0051,0.187,0.000,0
99.10,dummy,AUIT_Multi,BAC,1.000,1.500,1.300,0.0,0.0,0.927,1.500,1.571,1.031,1.500,1.415,World,Quad,15.0,15.0,0.281,0.119,0,0,None,None,1,1,0,0,0.0016,0.0007,0.187,0.000,0
99.20,dummy,AUIT_Multi,BAC,1.000,1.500,1.300,0.0,0.0,0.927,1.500,1.571,1.031,1.500,1.415,World,Quad,15.0,15.0,0.281,0.119,0,0,None,None,1,1,0,0,0.0002,0.0000,0.187,0.000,0
99.30,dummy,AUIT_Multi,BAC,1.000,1.500,1.300,0.0,0.0,0.927,1.500,1.571,1.031,1.500,1.415,World,Quad,15.0,15.0,0.281,0.119,0,0,None,None,1,1,0,0,0.0000,0.0000,0.187,0.000,0
99.40,dummy,AUIT_Multi,BAC,1.000,1.500,1.300,0.0,0.0,0.927,1.500,1.571,1.031,1.500,1.415,World,Quad,15.0,15.0,0.281,0.119,0,0,None,None,1,1,0,0,0.0000,0.0000,0.187,0.000,0
99.50,dummy,AUIT_Multi,BAC,1.000,1.500,1.300,0.0,0.0,0.927,1.500,1.571,1.031,1.500,1.415,World,Quad,15.0,15.0,0.281,0.119,0,0,None,None,1,1,0,0,0.0000,0.0000,0.187,0.000,0
99.60,dummy,AUIT_Multi,BAC,1.000,1.500,1.300,0.0,0.0,0.927,1.500,1.571,1.031,1.500,1.415,World,Quad,15.0,15.0,0.281,0.119,0,0,None,None,1,1,0,0,0.0000,0.0000,0.187,0.000,0
99.70,dummy,AUIT_Multi,BAC,1.000,1.500,1.300,0.0,0.0,0.927,1.500,1.571,1.031,1.500,1.415,World,Quad,15.0,15.0,0.281,0.119,0,0,None,None,1,1,0,0,0.0000,0.0000,0.187,0.000,0
99.80,dummy,AUIT_Multi,BAC,1.000,1.500,1.300,0.0,0.0,0.927,1.500,1.571,1.031,1.500,1.415,World,Quad,15.0,15.0,0.281,0.119,0,0,None,None,1,1,0,0,0.0000,0.0000,0.187,0.000,0
99.90,dummy,AUIT_Multi,BAC,1.000,1.500,1.300,0.0,0.0,0.927,1.500,1.571,1.031,1.500,1.415,World,Quad,15.0,15.0,0.281,0.119,0,0,None,None,1,1,0,0,0.0000,0.0000,0.187,0.000,0
100.00,dummy,AUIT_Multi,BAC,1.000,1.500,1.300,0.0,0.0,0.927,1.500,1.571,1.031,1.500,1.415,World,Quad,15.0,15.0,0.281,0.119,0,0,None,None,1,1,0,0,0.0000,0.0000,0.187,0.000,0
100.10,dummy,AUIT_Multi,BAC,1.000,1.500,1.300,0.0,0.0,0.927,1.500,1.571,1.031,1.500,1.415,World,Quad,15.0,15.0,0.281,0.119,0,0,None,None,1,1,0,0,0.0000,0.0000,0.187,0.000,0
100.20,dummy,AUIT_Multi,BAC,1.000,1.500,1.300,0.0,0.0,0.927,1.500,1.571,1.031,1.500,1.415,World,Quad,15.0,15.0,0.281,0.119,0,0,None,None,1,1,0,0,0.0000,0.0000,0.187,0.000,0
100.30,dummy,AUIT_Multi,BAC,1.000,1.500,1.300,0.0,0.0,0.927,1.500,1.571,1.031,1.500,1.415,World,Quad,15.0,15.0,0.281,0.119,0,0,None,None,1,1,0,0,0.0000,0.0000,0.187,0.000,0
100.40,dummy,AUIT_Multi,BAC,1.000,1.500,1.000,0.0,0.0,0.889,1.500,1.465,1.069,1.500,1.331,World,Quad,13.4,11.9,0.478,0.338,0,0,None,None,1,1,0,0,1.1484,0.9408,0.225,0.000,0
100.50,dummy,AUIT_Multi,BAC,1.000,1.500,1.000,0.0,0.0,0.818,1.500,1.488,1.093,1.500,1.258,World,CabinetD05,20.4,19.8,0.521,0.274,0,0,None,None,1,1,0,0,0.7391,0.7565,0.358,0.000,0
100.60,dummy,AUIT_Multi,BAC,1.000,1.500,1.000,0.0,0.0,0.801,1.500,1.493,1.102,1.500,1.249,World,CabinetD05,22.0,22.3,0.532,0.269,0,0,None,None,1,1,0,0,0.1806,0.1293,0.388,0.000,0
100.70,dummy,AUIT_Multi,BAC,1.000,1.500,1.000,0.0,0.0,0.798,1.500,1.493,1.102,1.500,1.247,World,CabinetD05,22.3,22.4,0.533,0.267,0,0,None,None,1,1,0,0,0.0264,0.0221,0.391,0.000,0
100.80,dummy,AUIT_Multi,BAC,1.000,1.500,1.000,0.0,0.0,0.797,1.500,1.493,1.101,1.500,1.247,World,CabinetD05,22.3,22.3,0.533,0.267,0,0,None,None,1,1,0,0,0.0071,0.0019,0.391,0.000,0
100.90,dummy,AUIT_Multi,BAC,1.000,1.500,1.000,0.0,0.0,0.797,1.500,1.493,1.101,1.500,1.247,World,CabinetD05,22.3,22.3,0.533,0.267,0,0,None,None,1,1,0,0,0.0001,0.0007,0.391,0.000,0
101.00,dummy,AUIT_Multi,BAC,1.000,1.500,1.000,0.0,0.0,0.797,1.500,1.493,1.101,1.500,1.247,World,CabinetD05,22.3,22.3,0.533,0.267,0,0,None,None,1,1,0,0,0.0000,0.0000,0.391,0.000,0
101.10,dummy,AUIT_Multi,BAC,1.000,1.500,1.000,0.0,0.0,0.797,1.500,1.493,1.101,1.500,1.247,World,CabinetD05,22.3,22.3,0.533,0.267,0,0,None,None,1,1,0,0,0.0000,0.0006,0.391,0.000,0
101.20,dummy,AUIT_Multi,BAC,1.000,1.500,1.000,0.0,0.0,0.797,1.500,1.493,1.101,1.500,1.247,World,CabinetD05,22.3,22.3,0.533,0.267,0,0,None,None,1,1,0,0,0.0000,0.0000,0.391,0.000,0
101.30,dummy,AUIT_Multi,BAC,1.000,1.500,1.200,0.0,0.0,0.834,1.500,1.498,1.058,1.500,1.253,World,CabinetD05,29.2,47.2,0.341,0.079,0,0,None,None,0,0,0,0,0.3639,0.4364,0.332,0.000,0
101.40,dummy,AUIT_Multi,BAC,1.000,1.500,1.200,0.0,0.0,0.859,1.500,1.493,1.032,1.500,1.258,World,CabinetD05,25.7,29.0,0.326,0.067,0,0,None,None,0,0,0,0,0.2578,0.2607,0.292,0.000,0
101.50,dummy,AUIT_Multi,BAC,1.000,1.500,1.200,0.0,0.0,0.857,1.500,1.506,1.028,1.500,1.259,World,CabinetD05,25.1,25.6,0.338,0.066,0,0,None,None,0,0,0,0,0.1335,0.0411,0.301,0.000,0
101.60,dummy,AUIT_Multi,BAC,1.000,1.500,1.200,0.0,0.0,0.860,1.500,1.500,1.028,1.500,1.259,World,CabinetD05,25.0,25.2,0.331,0.065,0,0,None,None,0,0,0,0,0.0684,0.0047,0.294,0.000,0
101.70,dummy,AUIT_Multi,BAC,1.000,1.500,1.200,0.0,0.0,0.859,1.500,1.501,1.028,1.500,1.259,World,CabinetD05,25.0,25.1,0.333,0.065,0,0,None,None,0,0,0,0,0.0119,0.0005,0.295,0.000,0
101.80,dummy,AUIT_Multi,BAC,1.000,1.500,1.200,0.0,0.0,0.862,1.500,1.497,1.028,1.500,1.259,World,CabinetD05,25.0,25.1,0.327,0.065,0,0,None,None,0,0,0,0,0.0508,0.0000,0.290,0.000,0
101.90,dummy,AUIT_Multi,BAC,1.000,1.500,1.200,0.0,0.0,0.864,1.500,1.491,1.028,1.500,1.259,World,CabinetD05,25.0,25.1,0.322,0.065,0,0,None,None,0,0,0,0,0.0565,0.0006,0.284,0.000,0
102.00,dummy,AUIT_Multi,BAC,1.000,1.500,1.200,0.0,0.0,0.861,1.500,1.499,1.028,1.500,1.259,World,CabinetD05,25.0,25.1,0.329,0.065,0,0,None,None,1,0,0,0,0.0808,0.0000,0.292,0.000,0
102.10,dummy,AUIT_Multi,BAC,1.000,1.500,1.200,0.0,0.0,0.861,1.500,1.498,1.028,1.500,1.259,World,CabinetD05,25.0,25.1,0.329,0.065,0,0,None,None,1,0,0,0,0.0075,0.0000,0.291,0.000,0
102.20,dummy,AUIT_Multi,BAC,1.000,1.500,1.200,0.0,0.0,0.857,1.500,1.507,1.028,1.500,1.259,World,CabinetD05,25.0,25.1,0.339,0.065,0,0,None,None,0,0,0,0,0.1018,0.0000,0.301,0.000,0
102.30,dummy,AUIT_Multi,BAC,1.000,1.500,1.200,0.0,0.0,0.859,1.500,1.502,1.028,1.500,1.259,World,CabinetD05,25.0,25.1,0.333,0.065,0,0,None,None,0,0,0,0,0.0579,0.0000,0.295,0.000,0
102.40,dummy,AUIT_Multi,BAC,1.000,1.500,1.200,0.0,0.0,0.862,1.500,1.497,1.028,1.500,1.259,World,CabinetD05,25.0,25.1,0.327,0.065,0,0,None,None,0,0,0,0,0.0590,0.0000,0.290,0.000,0
102.50,dummy,AUIT_Multi,BAC,1.000,1.500,1.200,0.0,0.0,0.861,1.500,1.498,1.028,1.500,1.259,World,CabinetD05,25.0,25.1,0.329,0.065,0,0,None,None,0,0,0,0,0.0190,0.0000,0.292,0.000,0
102.60,dummy,AUIT_Multi,BAC,1.000,1.500,1.200,0.0,0.0,0.860,1.500,1.499,1.028,1.500,1.259,World,CabinetD05,25.0,25.1,0.330,0.065,0,0,None,None,0,0,0,0,0.0091,0.0000,0.293,0.000,0
102.70,dummy,AUIT_Multi,BAC,1.000,1.500,1.200,0.0,0.0,0.865,1.500,1.491,1.028,1.500,1.259,World,CabinetD05,25.0,25.1,0.321,0.065,0,0,None,None,1,0,0,0,0.0973,0.0000,0.283,0.000,0
102.80,dummy,AUIT_Multi,BAC,1.000,1.500,1.200,0.0,0.0,0.863,1.500,1.493,1.028,1.500,1.259,World,CabinetD05,25.0,25.1,0.324,0.065,0,0,None,None,1,0,0,0,0.0305,0.0000,0.286,0.000,0
102.90,dummy,AUIT_Multi,BAC,1.000,1.500,1.200,0.0,0.0,0.864,1.500,1.491,1.028,1.500,1.259,World,CabinetD05,25.0,25.1,0.321,0.065,0,0,None,None,1,0,0,0,0.0231,0.0000,0.284,0.000,0
103.00,dummy,AUIT_Multi,BAC,1.000,1.500,1.200,0.0,0.0,0.861,1.500,1.498,1.028,1.500,1.259,World,CabinetD05,25.0,25.1,0.329,0.065,0,0,None,None,0,0,0,0,0.0800,0.0000,0.292,0.000,0
103.10,dummy,AUIT_Multi,BAC,1.000,1.500,1.200,0.0,0.0,0.861,1.500,1.497,1.028,1.500,1.259,World,CabinetD05,25.0,25.1,0.328,0.065,0,0,None,None,0,0,0,0,0.0101,0.0000,0.291,0.000,0
103.20,dummy,AUIT_Multi,BAC,1.000,1.500,1.200,0.0,0.0,0.860,1.500,1.500,1.028,1.500,1.259,World,CabinetD05,25.0,25.1,0.331,0.065,0,0,None,None,1,0,0,0,0.0246,0.0000,0.293,0.000,0
103.30,dummy,AUIT_Multi,BAC,1.000,1.500,1.200,0.0,0.0,0.863,1.500,1.495,1.028,1.500,1.259,World,CabinetD05,25.0,25.1,0.325,0.065,0,0,None,None,0,0,0,0,0.0542,0.0000,0.288,0.000,0
103.40,dummy,AUIT_Multi,BAC,1.000,1.500,1.200,0.0,0.0,0.859,1.500,1.503,1.028,1.500,1.259,World,CabinetD05,25.0,25.1,0.335,0.065,0,0,None,None,0,0,0,0,0.0912,0.0000,0.297,0.000,0
103.50,dummy,AUIT_Multi,BAC,1.000,1.500,1.200,0.0,0.0,0.859,1.500,1.502,1.028,1.500,1.259,World,CabinetD05,25.0,25.1,0.333,0.065,0,0,None,None,0,0,0,0,0.0154,0.0000,0.296,0.000,0
103.60,dummy,AUIT_Multi,BAC,1.000,1.500,1.200,0.0,0.0,0.857,1.500,1.506,1.028,1.500,1.259,World,CabinetD05,25.0,25.1,0.338,0.065,0,0,None,None,0,0,0,0,0.0461,0.0000,0.300,0.000,0
103.70,dummy,AUIT_Multi,BAC,1.000,1.500,1.200,0.0,0.0,0.857,1.500,1.507,1.028,1.500,1.259,World,CabinetD05,25.0,25.1,0.338,0.065,0,0,None,None,0,0,0,0,0.0041,0.0000,0.301,0.000,0
103.81,dummy,AUIT_Multi,BAC,1.000,1.500,1.000,0.0,0.0,0.817,1.500,1.494,1.078,1.500,1.253,World,CabinetD05,20.3,17.2,0.527,0.265,0,0,None,None,1,1,0,0,0.3952,0.4837,0.355,0.000,0
103.90,dummy,AUIT_Multi,BAC,1.000,1.500,1.000,0.0,0.0,0.797,1.500,1.493,1.100,1.500,1.249,World,CabinetD05,22.4,22.0,0.533,0.268,0,0,None,None,1,1,0,0,0.2184,0.2374,0.390,0.000,0
104.00,dummy,AUIT_Multi,BAC,1.000,1.500,1.000,0.0,0.0,0.796,1.500,1.493,1.102,1.500,1.247,World,CabinetD05,22.4,22.4,0.533,0.267,0,0,None,None,1,1,0,0,0.0033,0.0225,0.392,0.000,0
104.10,dummy,AUIT_Multi,BAC,1.000,1.500,1.000,0.0,0.0,0.796,1.500,1.493,1.102,1.500,1.247,World,CabinetD05,22.4,22.4,0.533,0.267,0,0,None,None,1,1,0,0,0.0001,0.0013,0.392,0.000,0
104.20,dummy,AUIT_Multi,BAC,1.000,1.500,1.000,0.0,0.0,0.796,1.500,1.493,1.102,1.500,1.247,World,CabinetD05,22.4,22.4,0.533,0.267,0,0,None,None,1,1,0,0,0.0000,0.0000,0.392,0.000,0
104.30,dummy,AUIT_Multi,BAC,1.000,1.500,1.000,0.0,0.0,0.796,1.500,1.493,1.102,1.500,1.247,World,CabinetD05,22.4,22.4,0.533,0.267,0,0,None,None,1,1,0,0,0.0000,0.0000,0.392,0.000,0
104.40,dummy,AUIT_Multi,BAC,1.000,1.500,1.000,0.0,0.0,0.796,1.500,1.493,1.102,1.500,1.247,World,CabinetD05,22.4,22.4,0.533,0.267,0,0,None,None,1,1,0,0,0.0000,0.0000,0.392,0.000,0
104.50,dummy,AUIT_Multi,BAC,1.000,1.500,1.000,0.0,0.0,0.796,1.500,1.493,1.102,1.500,1.247,World,CabinetD05,22.4,22.4,0.533,0.267,0,0,None,None,1,1,0,0,0.0000,0.0000,0.392,0.000,0
104.60,dummy,AUIT_Multi,BAC,1.000,1.500,1.000,0.0,0.0,0.796,1.500,1.493,1.102,1.500,1.247,World,CabinetD05,22.4,22.4,0.533,0.267,0,0,None,None,1,1,0,0,0.0000,0.0000,0.392,0.000,0
104.70,dummy,AUIT_Multi,BAC,1.000,1.500,1.000,0.0,0.0,0.796,1.500,1.493,1.102,1.500,1.247,World,CabinetD05,22.4,22.4,0.533,0.267,0,0,None,None,1,1,0,0,0.0000,0.0000,0.392,0.000,0
104.80,dummy,AUIT_Multi,BAC,1.000,1.500,1.000,0.0,0.0,0.796,1.500,1.493,1.102,1.500,1.247,World,CabinetD05,22.4,22.4,0.533,0.267,0,0,None,None,1,1,0,0,0.0000,0.0000,0.392,0.000,0
104.90,dummy,AUIT_Multi,BAC,1.000,1.500,1.000,0.0,0.0,0.796,1.500,1.493,1.102,1.500,1.247,World,CabinetD05,22.4,22.4,0.533,0.267,0,0,None,None,1,1,0,0,0.0000,0.0000,0.392,0.000,0
105.00,dummy,AUIT_Multi,BAC,1.000,1.500,1.400,0.0,0.0,0.850,1.481,1.538,1.064,1.500,1.340,World,CabinetD05,47.5,133.2,0.204,0.088,0,0,None,None,0,0,0,0,0.7582,1.0450,0.292,1.000,0
105.10,dummy,AUIT_Multi,BAC,1.000,1.500,1.400,0.0,0.0,0.894,1.496,1.599,1.028,1.500,1.429,World,CabinetD05,28.1,43.7,0.225,0.040,0,0,None,None,0,0,0,0,0.7418,0.9373,0.216,0.000,0
105.20,dummy,AUIT_Multi,BAC,1.000,1.500,1.400,0.0,0.0,0.904,1.499,1.602,1.022,1.500,1.443,World,CabinetD05,25.4,26.9,0.223,0.049,0,0,None,None,0,0,0,0,0.1126,0.1558,0.197,0.000,0
105.30,dummy,AUIT_Multi,BAC,1.000,1.500,1.400,0.0,0.0,0.913,1.500,1.586,1.023,1.500,1.459,World,CabinetD05,25.2,21.2,0.205,0.063,0,0,None,None,0,1,0,0,0.1763,0.1514,0.168,0.000,0
105.40,dummy,AUIT_Multi,BAC,1.000,1.500,1.400,0.0,0.0,0.921,1.500,1.569,1.024,1.500,1.475,World,CabinetD05,25.0,17.7,0.186,0.079,0,0,None,None,0,1,0,0,0.1955,0.1674,0.139,0.000,0
105.50,dummy,AUIT_Multi,BAC,1.000,1.500,1.400,0.0,0.0,0.931,1.500,1.550,1.025,1.500,1.493,World,CabinetD05,24.8,15.2,0.165,0.096,0,0,None,None,1,1,0,0,0.2096,0.1767,0.111,0.000,0
105.60,dummy,AUIT_Multi,BAC,1.000,1.500,1.400,0.0,0.0,0.939,1.500,1.533,1.026,1.500,1.509,World,CabinetD05,24.6,13.6,0.146,0.112,0,0,None,None,1,1,0,0,0.1918,0.1637,0.090,0.000,0
105.70,dummy,AUIT_Multi,BAC,1.000,1.500,1.400,0.0,0.0,0.947,1.500,1.517,1.027,1.500,1.524,World,CabinetD05,24.2,12.4,0.128,0.127,0,0,None,None,1,1,0,0,0.1802,0.1578,0.080,0.000,0
105.80,dummy,AUIT_Multi,BAC,1.000,1.500,1.400,0.0,0.0,0.955,1.500,1.502,1.028,1.500,1.540,World,CabinetD05,23.7,11.5,0.111,0.143,0,0,None,None,1,1,0,0,0.1723,0.1525,0.082,0.000,0
105.90,dummy,AUIT_Multi,BAC,1.000,1.500,1.400,0.0,0.0,0.965,1.500,1.482,1.030,1.500,1.558,World,CabinetD05,22.9,10.6,0.089,0.161,0,0,None,None,1,1,0,0,0.2236,0.1844,0.100,0.000,0
106.00,dummy,AUIT_Multi,BAC,1.000,1.500,1.400,0.0,0.0,0.976,1.501,1.461,1.031,1.500,1.577,World,CabinetD05,21.5,9.9,0.065,0.180,0,0,None,None,1,1,0,0,0.2321,0.1910,0.129,0.000,0
106.10,dummy,AUIT_Multi,BAC,1.000,1.500,1.400,0.0,0.0,0.984,1.501,1.447,1.032,1.500,1.593,World,CabinetD05,18.5,9.5,0.049,0.195,0,0,None,None,1,1,0,0,0.1594,0.1504,0.153,0.000,0
106.20,dummy,AUIT_Multi,BAC,1.000,1.500,1.400,0.0,0.0,0.996,1.501,1.425,1.034,1.500,1.614,World,Quad,10.3,9.0,0.026,0.216,0,0,None,None,1,1,0,0,0.2460,0.2107,0.192,0.109,0
106.31,dummy,AUIT_Multi,BAC,1.000,1.500,1.400,0.0,0.0,0.951,1.500,1.587,1.030,1.500,1.530,World,Quad,14.8,12.9,0.193,0.133,0,0,None,None,1,1,0,0,1.5985,0.7993,0.097,0.000,0
106.41,dummy,AUIT_Multi,BAC,1.000,1.500,1.400,0.0,0.0,0.941,1.500,1.600,1.028,1.500,1.499,World,Quad,16.5,16.0,0.208,0.103,0,0,None,None,1,1,0,0,0.1659,0.3144,0.134,0.000,0
106.50,dummy,AUIT_Multi,BAC,1.000,1.500,1.400,0.0,0.0,0.941,1.500,1.598,1.029,1.500,1.497,World,Quad,16.6,16.6,0.207,0.102,0,0,None,None,1,1,0,0,0.0159,0.0148,0.134,0.000,0
106.60,dummy,AUIT_Multi,BAC,1.000,1.500,1.400,0.0,0.0,0.941,1.500,1.598,1.029,1.500,1.498,World,Quad,16.6,16.6,0.207,0.102,0,0,None,None,1,1,0,0,0.0016,0.0025,0.134,0.000,0
106.70,dummy,AUIT_Multi,BAC,1.000,1.500,1.400,0.0,0.0,0.941,1.500,1.598,1.029,1.500,1.498,World,Quad,16.6,16.6,0.207,0.102,0,0,None,None,1,1,0,0,0.0002,0.0001,0.134,0.000,0
106.80,dummy,AUIT_Multi,BAC,1.000,1.500,1.400,0.0,0.0,0.941,1.500,1.598,1.029,1.500,1.498,World,Quad,16.6,16.6,0.207,0.102,0,0,None,None,1,1,0,0,0.0001,0.0000,0.134,0.000,0
106.90,dummy,AUIT_Multi,BAC,1.000,1.500,1.400,0.0,0.0,0.941,1.500,1.598,1.029,1.500,1.498,World,Quad,16.6,16.6,0.207,0.102,0,0,None,None,1,1,0,0,0.0000,0.0000,0.134,0.000,0
107.00,dummy,AUIT_Multi,BAC,1.000,1.500,1.400,0.0,0.0,0.941,1.500,1.598,1.029,1.500,1.498,World,Quad,16.6,16.6,0.207,0.102,0,0,None,None,1,1,0,0,0.0000,0.0000,0.134,0.000,0
107.10,dummy,AUIT_Multi,BAC,1.000,1.500,1.400,0.0,0.0,0.941,1.500,1.598,1.029,1.500,1.498,World,Quad,16.6,16.6,0.207,0.102,0,0,None,None,1,1,0,0,0.0000,0.0000,0.134,0.000,0
107.21,dummy,AUIT_Multi,BAC,1.000,1.500,1.400,0.0,0.0,0.941,1.500,1.598,1.029,1.500,1.498,World,Quad,16.6,16.6,0.207,0.102,0,0,None,None,1,1,0,0,0.0000,0.0000,0.134,0.000,0
107.30,dummy,AUIT_Multi,BAC,1.000,1.500,1.400,0.0,0.0,0.941,1.500,1.598,1.029,1.500,1.498,World,Quad,16.6,16.6,0.207,0.102,0,0,None,None,1,1,0,0,0.0000,0.0000,0.134,0.000,0
107.40,dummy,AUIT_Multi,BAC,1.000,1.500,1.400,0.0,0.0,0.941,1.500,1.598,1.029,1.500,1.498,World,Quad,16.6,16.6,0.207,0.102,0,0,None,None,1,1,0,0,0.0000,0.0000,0.134,0.000,0
107.50,dummy,AUIT_Multi,BAC,1.000,1.500,1.400,0.0,0.0,0.941,1.500,1.598,1.029,1.500,1.498,World,Quad,16.6,16.6,0.207,0.102,0,0,None,None,1,1,0,0,0.0000,0.0000,0.134,0.000,0
107.60,dummy,AUIT_Multi,BAC,1.000,1.500,1.400,0.0,0.0,0.941,1.500,1.598,1.029,1.500,1.498,World,Quad,16.6,16.6,0.207,0.102,0,0,None,None,1,1,0,0,0.0000,0.0000,0.134,0.000,0
107.70,dummy,AUIT_Multi,BAC,1.000,1.500,1.400,0.0,0.0,0.941,1.500,1.598,1.029,1.500,1.498,World,Quad,16.6,16.6,0.207,0.102,0,0,None,None,1,1,0,0,0.0000,0.0000,0.134,0.000,0
107.80,dummy,AUIT_Multi,BAC,1.000,1.500,1.400,0.0,0.0,0.941,1.500,1.598,1.029,1.500,1.498,World,Quad,16.6,16.6,0.207,0.102,0,0,None,None,1,1,0,0,0.0000,0.0000,0.134,0.000,0
107.90,dummy,AUIT_Multi,BAC,1.000,1.500,1.400,0.0,0.0,0.941,1.500,1.598,1.029,1.500,1.498,World,Quad,16.6,16.6,0.207,0.102,0,0,None,None,1,1,0,0,0.0000,0.0000,0.134,0.000,0
108.00,dummy,AUIT_Multi,BAC,1.000,1.500,1.400,0.0,0.0,0.941,1.500,1.598,1.029,1.500,1.498,World,Quad,16.6,16.6,0.207,0.102,0,0,None,None,1,1,0,0,0.0000,0.0000,0.134,0.000,0
108.10,dummy,AUIT_Multi,BAC,1.000,1.500,1.400,0.0,0.0,0.941,1.500,1.598,1.029,1.500,1.498,World,Quad,16.6,16.6,0.207,0.102,0,0,None,None,1,1,0,0,0.0000,0.0000,0.134,0.000,0
108.20,dummy,AUIT_Multi,BAC,1.000,1.500,1.400,0.0,0.0,0.941,1.500,1.598,1.029,1.500,1.498,World,Quad,16.6,16.6,0.207,0.102,0,0,None,None,1,1,0,0,0.0000,0.0000,0.134,0.000,0
108.30,dummy,AUIT_Multi,BAC,1.000,1.500,1.400,0.0,0.0,0.941,1.500,1.598,1.029,1.500,1.498,World,Quad,16.6,16.6,0.207,0.102,0,0,None,None,1,1,0,0,0.0000,0.0000,0.134,0.000,0
108.40,dummy,AUIT_Multi,BAC,1.000,1.500,1.400,0.0,0.0,0.941,1.500,1.598,1.029,1.500,1.498,World,Quad,16.6,16.6,0.207,0.102,0,0,None,None,1,1,0,0,0.0000,0.0000,0.134,0.000,0
108.50,dummy,AUIT_Multi,BAC,1.000,1.500,1.400,0.0,0.0,0.941,1.500,1.598,1.029,1.500,1.498,World,Quad,16.6,16.6,0.207,0.102,0,0,None,None,1,1,0,0,0.0000,0.0000,0.134,0.000,0
108.60,dummy,AUIT_Multi,BAC,1.000,1.500,1.400,0.0,0.0,0.941,1.500,1.598,1.029,1.500,1.498,World,Quad,16.6,16.6,0.207,0.102,0,0,None,None,1,1,0,0,0.0000,0.0000,0.134,0.000,0
108.70,dummy,AUIT_Multi,BAC,1.000,1.500,1.000,0.0,0.0,0.915,1.500,1.453,1.065,1.500,1.379,World,Quad,10.6,9.7,0.461,0.385,0,0,None,None,1,1,0,0,1.4645,1.2298,0.167,0.000,0
108.80,dummy,AUIT_Multi,BAC,1.000,1.500,1.000,0.0,0.0,0.829,1.500,1.483,1.089,1.500,1.264,World,CabinetD05,19.5,18.7,0.513,0.278,0,0,None,None,1,1,0,0,0.9224,1.1927,0.341,0.000,0
108.90,dummy,AUIT_Multi,BAC,1.000,1.500,1.000,0.0,0.0,0.799,1.500,1.493,1.101,1.500,1.249,World,CabinetD05,22.2,22.1,0.533,0.269,0,0,None,None,1,1,0,0,0.3183,0.1867,0.388,0.000,0
109.00,dummy,AUIT_Multi,BAC,1.000,1.500,1.000,0.0,0.0,0.796,1.500,1.493,1.102,1.500,1.247,World,CabinetD05,22.5,22.5,0.534,0.267,0,0,None,None,1,1,0,0,0.0298,0.0255,0.393,0.000,0
109.10,dummy,AUIT_Multi,BAC,1.000,1.500,1.000,0.0,0.0,0.796,1.500,1.493,1.102,1.500,1.247,World,CabinetD05,22.5,22.5,0.534,0.267,0,0,None,None,1,1,0,0,0.0008,0.0033,0.393,0.000,0
109.20,dummy,AUIT_Multi,BAC,1.000,1.500,1.000,0.0,0.0,0.796,1.500,1.493,1.102,1.500,1.247,World,CabinetD05,22.5,22.5,0.534,0.267,0,0,None,None,1,1,0,0,0.0000,0.0001,0.393,0.000,0
109.30,dummy,AUIT_Multi,BAC,1.000,1.500,1.000,0.0,0.0,0.796,1.500,1.493,1.102,1.500,1.247,World,CabinetD05,22.5,22.5,0.534,0.267,0,0,None,None,1,1,0,0,0.0000,0.0000,0.393,0.000,0
109.40,dummy,AUIT_Multi,BAC,1.000,1.500,1.000,0.0,0.0,0.796,1.500,1.493,1.102,1.500,1.247,World,CabinetD05,22.5,22.5,0.534,0.267,0,0,None,None,1,1,0,0,0.0000,0.0000,0.393,0.000,0
109.50,dummy,AUIT_Multi,BAC,1.000,1.500,1.000,0.0,0.0,0.796,1.500,1.493,1.102,1.500,1.247,World,CabinetD05,22.5,22.5,0.534,0.267,0,0,None,None,1,1,0,0,0.0000,0.0000,0.393,0.000,0
109.61,dummy,AUIT_Multi,BAC,1.000,1.500,1.000,0.0,0.0,0.796,1.500,1.493,1.102,1.500,1.247,World,CabinetD05,22.5,22.5,0.534,0.267,0,0,None,None,1,1,0,0,0.0000,0.0000,0.393,0.000,0
109.70,dummy,AUIT_Multi,BAC,1.000,1.500,1.000,0.0,0.0,0.796,1.500,1.493,1.102,1.500,1.247,World,CabinetD05,22.5,22.5,0.534,0.267,0,0,None,None,1,1,0,0,0.0000,0.0000,0.393,0.000,0
109.80,dummy,AUIT_Multi,BAC,1.000,1.500,1.000,0.0,0.0,0.796,1.500,1.493,1.102,1.500,1.247,World,CabinetD05,22.5,22.5,0.534,0.267,0,0,None,None,1,1,0,0,0.0000,0.0000,0.393,0.000,0
109.90,dummy,AUIT_Multi,BAC,1.000,1.500,1.000,0.0,0.0,0.796,1.500,1.493,1.102,1.500,1.247,World,CabinetD05,22.5,22.5,0.534,0.267,0,0,None,None,1,1,0,0,0.0000,0.0000,0.393,0.000,0
110.00,dummy,AUIT_Multi,BAC,1.000,1.500,1.000,0.0,0.0,0.796,1.500,1.493,1.102,1.500,1.247,World,CabinetD05,22.5,22.5,0.534,0.267,0,0,None,None,1,1,0,0,0.0000,0.0000,0.393,0.000,0
110.10,dummy,AUIT_Multi,BAC,1.000,1.500,1.000,0.0,0.0,0.796,1.500,1.493,1.102,1.500,1.247,World,CabinetD05,22.5,22.5,0.534,0.267,0,0,None,None,1,1,0,0,0.0000,0.0000,0.393,0.000,0
110.20,dummy,AUIT_Multi,BAC,1.000,1.500,1.000,0.0,0.0,0.796,1.500,1.493,1.102,1.500,1.247,World,CabinetD05,22.5,22.5,0.534,0.267,0,0,None,None,1,1,0,0,0.0000,0.0000,0.393,0.000,0
110.30,dummy,AUIT_Multi,BAC,1.000,1.500,1.000,0.0,0.0,0.796,1.500,1.493,1.102,1.500,1.247,World,CabinetD05,22.5,22.5,0.534,0.267,0,0,None,None,1,1,0,0,0.0000,0.0000,0.393,0.000,0
110.40,dummy,AUIT_Multi,BAC,1.000,1.500,1.000,0.0,0.0,0.796,1.500,1.493,1.102,1.500,1.247,World,CabinetD05,22.5,22.5,0.534,0.267,0,0,None,None,1,1,0,0,0.0000,0.0000,0.393,0.000,0
110.50,dummy,AUIT_Multi,BAC,1.000,1.500,1.000,0.0,0.0,0.796,1.500,1.493,1.102,1.500,1.247,World,CabinetD05,22.5,22.5,0.534,0.267,0,0,None,None,1,1,0,0,0.0000,0.0000,0.393,0.000,0
110.60,dummy,AUIT_Multi,BAC,1.000,1.500,1.000,0.0,0.0,0.796,1.500,1.493,1.102,1.500,1.247,World,CabinetD05,22.5,22.5,0.534,0.267,0,0,None,None,1,1,0,0,0.0000,0.0000,0.393,0.000,0
110.70,dummy,AUIT_Multi,BAC,1.000,1.500,1.000,0.0,0.0,0.796,1.500,1.493,1.102,1.500,1.247,World,CabinetD05,22.5,22.5,0.534,0.267,0,0,None,None,1,1,0,0,0.0000,0.0000,0.393,0.000,0
110.87,dummy,AUIT_Multi,BAC,1.000,1.500,1.000,0.0,0.0,0.796,1.500,1.493,1.102,1.500,1.247,World,CabinetD05,22.5,22.5,0.534,0.267,0,0,None,None,1,1,0,0,0.0000,0.0000,0.393,0.000,0
