Time,ParticipantID,Scenario,Sequence,HeadX,HeadY,HeadZ,HeadYaw,HeadPitch,VideoX,VideoY,VideoZ,InstX,InstY,InstZ,GazeTarget,HitObjectName,AngleToVideo,AngleToInst,VideoDist,InstDist,VideoOcc,InstOcc,VideoOccHitName,InstOccHitName,VideoInCone,InstInCone,VideoVisible,InstVisible,VideoSpeed,InstSpeed,PanelSeparation,ScreenOverlapPct,BothVisible
0.00,dummy,AUIT_Multi,BAC,1.000,0.000,1.000,0.0,0.0,-2.197,1.378,13.812,-26.067,0.000,792.755,World,CabinetD01,15.2,2.0,13.277,792.217,1,1,CabinetD01,CabinetD01,1,1,0,0,0.0000,0.0000,779.309,0.000,0
0.11,dummy,AUIT_Multi,BAC,1.000,0.000,1.000,0.0,0.0,-0.337,0.481,5.810,-9.653,0.000,321.531,World,CabinetD01,16.5,1.9,5.015,320.708,1,1,CabinetD01,CabinetD01,1,1,0,0,76.0663,4339.6430,315.859,0.048,0
0.20,dummy,AUIT_Multi,BAC,1.000,0.000,1.000,0.0,0.0,0.419,0.044,2.421,-18.031,0.002,559.541,World,CabinetD01,22.3,2.0,1.536,558.865,1,1,CabinetD01,CabinetD01,1,1,0,0,38.0243,2588.1220,557.425,0.000,0
0.30,dummy,AUIT_Multi,BAC,1.000,0.000,1.000,0.0,0.0,0.485,0.005,2.122,-15.846,0.003,495.212,World,CabinetD01,24.6,2.0,1.235,494.499,1,1,CabinetD01,CabinetD01,1,1,0,0,2.9924,624.0475,493.360,0.000,0
0.40,dummy,AUIT_Multi,BAC,1.000,0.000,1.000,0.0,0.0,0.492,0.000,2.091,-13.451,0.003,424.966,World,CabinetD01,25.0,2.0,1.204,424.212,1,1,CabinetD01,CabinetD01,1,1,0,0,0.3217,702.0844,423.104,0.000,0
0.50,dummy,AUIT_Multi,BAC,1.000,0.000,1.000,0.0,0.0,0.493,0.000,2.088,-11.247,0.004,360.194,World,CabinetD01,25.0,2.0,1.200,359.402,1,1,CabinetD01,CabinetD01,1,1,0,0,0.0349,668.7761,358.298,0.000,0
0.60,dummy,AUIT_Multi,BAC,1.000,0.000,1.000,0.0,0.0,0.493,0.000,2.088,-8.893,0.005,291.055,World,CabinetD01,25.0,2.0,1.200,290.223,1,1,CabinetD01,CabinetD01,1,1,0,0,0.0036,683.5452,289.119,0.000,0
0.70,dummy,AUIT_Multi,BAC,1.000,0.000,1.000,0.0,0.0,0.493,0.000,2.088,-6.551,0.006,222.307,World,CabinetD01,25.0,2.0,1.200,221.436,1,1,CabinetD01,CabinetD01,1,1,0,0,0.0003,688.0607,220.332,0.000,0
0.80,dummy,AUIT_Multi,BAC,1.000,0.000,1.000,0.0,0.0,0.493,0.000,2.088,-4.237,0.007,154.336,World,CabinetD01,25.0,2.0,1.200,153.425,1,1,CabinetD01,CabinetD01,1,1,0,0,0.0000,686.7968,152.322,0.000,0
0.90,dummy,AUIT_Multi,BAC,1.000,0.000,1.000,0.0,0.0,0.493,0.000,2.088,-1.880,0.008,85.173,World,CabinetD01,25.0,2.0,1.200,84.223,1,1,CabinetD01,CabinetD01,1,1,0,0,0.0000,693.2658,83.120,0.000,0
1.00,dummy,AUIT_Multi,BAC,1.000,0.000,1.000,0.0,0.0,0.493,0.000,2.088,0.509,0.009,14.928,World,CabinetD01,25.0,2.0,1.200,13.936,1,1,CabinetD01,CabinetD01,1,1,0,0,0.0000,693.8754,12.840,0.000,0
1.10,dummy,AUIT_Multi,BAC,1.000,0.000,1.000,0.0,0.0,0.526,0.000,2.035,1.045,0.021,0.424,World,CabinetD01,24.6,175.1,1.138,0.578,1,0,CabinetD01,None,1,0,0,0,0.6366,148.2363,1.693,0.000,0
1.20,dummy,AUIT_Multi,BAC,1.000,0.000,1.000,0.0,0.0,0.578,0.000,1.955,1.036,0.020,0.523,World,CabinetD01,23.9,175.0,1.045,0.479,1,0,CabinetD01,None,1,0,0,0,0.9304,0.9779,1.504,0.000,0
1.30,dummy,AUIT_Multi,BAC,1.000,0.000,1.000,0.0,0.0,0.627,0.000,1.878,1.027,0.019,0.606,World,CabinetD01,23.0,175.2,0.953,0.396,1,0,CabinetD01,None,1,0,0,0,0.9291,0.8377,1.333,0.000,0
1.40,dummy,AUIT_Multi,BAC,1.000,0.000,1.000,0.0,0.0,0.676,0.000,1.802,1.020,0.019,0.697,World,CabinetD01,22.0,174.8,0.865,0.304,1,0,CabinetD01,None,1,0,0,0,0.9091,0.9211,1.158,0.042,0
1.50,dummy,AUIT_Multi,BAC,1.000,0.000,1.000,0.0,0.0,0.728,0.000,1.721,1.010,0.017,0.778,World,CabinetD01,20.7,174.9,0.771,0.223,1,0,CabinetD01,None,1,0,0,0,0.9535,0.8158,0.984,0.049,0
1.60,dummy,AUIT_Multi,BAC,1.000,0.000,1.000,0.0,0.0,0.809,0.000,1.646,0.988,0.017,0.870,World,CabinetD01,16.5,170.9,0.674,0.132,1,0,CabinetD01,None,1,0,0,0,1.0891,0.9312,0.797,0.000,0
1.70,dummy,AUIT_Multi,BAC,1.000,0.000,1.000,0.0,0.0,0.847,0.006,1.546,0.980,0.016,0.951,World,CabinetD01,15.7,152.5,0.567,0.055,0,0,None,None,1,0,0,0,1.0946,0.8319,0.610,0.000,0
1.80,dummy,AUIT_Multi,BAC,1.000,0.000,1.000,0.0,0.0,0.895,0.006,1.466,0.972,0.014,1.035,World,Quad,12.8,41.8,0.478,0.047,0,0,None,None,1,0,0,0,0.9296,0.8404,0.439,0.000,0
1.90,dummy,AUIT_Multi,BAC,1.000,0.000,1.000,0.0,0.0,0.944,0.006,1.389,0.965,0.014,1.121,World,Quad,8.3,17.1,0.393,0.126,0,0,None,None,1,1,0,0,0.9168,0.8607,0.269,0.419,0
2.00,dummy,AUIT_Multi,BAC,1.000,0.000,1.000,0.0,0.0,0.995,0.008,1.310,0.957,0.013,1.210,World,Quad,1.7,12.2,0.311,0.215,0,0,None,None,1,1,0,0,0.9264,0.8854,0.108,0.110,0
2.10,dummy,AUIT_Multi,BAC,1.000,0.000,1.000,0.0,0.0,1.073,0.165,1.345,0.900,0.086,1.395,World,CabinetD01,27.6,18.4,0.389,0.416,0,0,None,None,0,1,0,0,1.7950,2.0735,0.197,0.000,0
2.20,dummy,AUIT_Multi,BAC,1.000,0.000,1.000,0.0,0.0,1.091,0.230,1.348,0.879,0.115,1.454,World,CabinetD01,35.4,20.2,0.427,0.483,0,0,None,None,0,1,0,0,0.6652,0.6787,0.263,0.000,0
2.30,dummy,AUIT_Multi,BAC,1.000,0.000,1.000,0.0,0.0,1.092,0.239,1.343,0.877,0.119,1.460,World,CabinetD01,36.7,20.5,0.428,0.491,0,0,None,None,0,1,0,0,0.1046,0.0825,0.272,0.000,0
2.40,dummy,AUIT_Multi,BAC,1.000,0.000,1.000,0.0,0.0,1.092,0.240,1.342,0.877,0.120,1.460,World,CabinetD01,36.9,20.5,0.428,0.491,0,0,None,None,0,1,0,0,0.0141,0.0059,0.273,0.000,0
2.50,dummy,AUIT_Multi,BAC,1.000,0.000,1.000,0.0,0.0,1.092,0.240,1.342,0.877,0.120,1.460,World,CabinetD01,36.9,20.5,0.428,0.491,0,0,None,None,0,1,0,0,0.0015,0.0010,0.273,0.000,0
2.60,dummy,AUIT_Multi,BAC,1.000,0.000,1.000,0.0,0.0,1.092,0.240,1.342,0.876,0.120,1.460,World,CabinetD01,36.9,20.5,0.428,0.492,0,0,None,None,0,1,0,0,0.0006,0.0008,0.273,0.000,0
2.70,dummy,AUIT_Multi,BAC,1.000,0.000,1.000,0.0,0.0,1.092,0.240,1.342,0.876,0.120,1.460,World,CabinetD01,36.9,20.5,0.428,0.492,0,0,None,None,0,1,0,0,0.0006,0.0008,0.274,0.000,0
2.80,dummy,AUIT_Multi,BAC,1.000,0.000,1.000,0.0,0.0,1.092,0.240,1.342,0.876,0.120,1.460,World,CabinetD01,36.9,20.5,0.428,0.492,0,0,None,None,0,1,0,0,0.0006,0.0008,0.274,0.000,0
2.90,dummy,AUIT_Multi,BAC,1.000,0.000,1.000,0.0,0.0,1.092,0.240,1.342,0.876,0.120,1.460,World,CabinetD01,36.9,20.5,0.428,0.492,0,0,None,None,0,1,0,0,0.0006,0.0008,0.274,0.000,0
3.00,dummy,AUIT_Multi,BAC,1.000,0.000,1.000,0.0,0.0,1.092,0.240,1.342,0.876,0.120,1.460,World,CabinetD01,36.9,20.5,0.428,0.492,0,0,None,None,0,1,0,0,0.0006,0.0009,0.274,0.000,0
3.10,dummy,AUIT_Multi,BAC,1.000,0.000,1.000,0.0,0.0,1.092,0.240,1.342,0.876,0.120,1.460,World,CabinetD01,36.9,20.5,0.428,0.492,0,0,None,None,0,1,0,0,0.0006,0.0008,0.274,0.000,0
3.20,dummy,AUIT_Multi,BAC,1.000,0.000,1.000,0.0,0.0,1.092,0.240,1.342,0.876,0.120,1.460,World,CabinetD01,36.9,20.6,0.428,0.492,0,0,None,None,0,1,0,0,0.0006,0.0008,0.274,0.000,0
3.30,dummy,AUIT_Multi,BAC,1.000,0.000,1.000,0.0,0.0,1.092,0.240,1.342,0.876,0.120,1.460,World,CabinetD01,36.9,20.6,0.428,0.492,0,0,None,None,0,1,0,0,0.0006,0.0008,0.274,0.000,0
3.40,dummy,AUIT_Multi,BAC,1.000,0.000,1.000,0.0,0.0,1.092,0.240,1.342,0.876,0.120,1.460,World,CabinetD01,36.9,20.6,0.428,0.492,0,0,None,None,0,1,0,0,0.0006,0.0008,0.274,0.000,0
3.50,dummy,AUIT_Multi,BAC,1.000,0.000,1.000,0.0,0.0,1.092,0.240,1.342,0.876,0.120,1.460,World,CabinetD01,36.9,20.6,0.428,0.492,0,0,None,None,0,1,0,0,0.0006,0.0008,0.274,0.000,0
3.60,dummy,AUIT_Multi,BAC,1.000,0.000,1.000,0.0,0.0,1.092,0.240,1.342,0.876,0.120,1.460,World,CabinetD01,36.9,20.6,0.428,0.492,0,0,None,None,0,1,0,0,0.0006,0.0009,0.275,0.000,0
3.70,dummy,AUIT_Multi,BAC,1.000,0.000,1.000,0.0,0.0,1.092,0.240,1.342,0.876,0.120,1.460,World,CabinetD01,36.9,20.6,0.428,0.492,0,0,None,None,0,1,0,0,0.0006,0.0009,0.275,0.000,0
3.80,dummy,AUIT_Multi,BAC,1.000,0.000,1.000,0.0,0.0,1.093,0.240,1.342,0.875,0.120,1.460,World,CabinetD01,36.9,20.6,0.428,0.492,0,0,None,None,0,1,0,0,0.0007,0.0009,0.275,0.000,0
3.90,dummy,AUIT_Multi,BAC,1.000,0.000,1.000,0.0,0.0,1.093,0.240,1.342,0.875,0.120,1.460,World,CabinetD01,36.9,20.6,0.428,0.492,0,0,None,None,0,1,0,0,0.0007,0.0008,0.275,0.000,0
4.00,dummy,AUIT_Multi,BAC,1.000,0.000,1.000,0.0,0.0,1.093,0.240,1.342,0.875,0.120,1.460,World,CabinetD01,36.9,20.6,0.428,0.492,0,0,None,None,0,1,0,0,0.0006,0.0008,0.275,0.000,0
4.10,dummy,AUIT_Multi,BAC,1.000,0.000,1.000,0.0,0.0,1.093,0.240,1.342,0.875,0.120,1.460,World,CabinetD01,36.9,20.6,0.428,0.492,0,0,None,None,0,1,0,0,0.0006,0.0008,0.275,0.000,0
4.20,dummy,AUIT_Multi,BAC,1.000,0.000,1.000,0.0,0.0,1.093,0.240,1.342,0.875,0.120,1.460,World,CabinetD01,36.9,20.6,0.428,0.492,0,0,None,None,0,1,0,0,0.0006,0.0008,0.275,0.000,0
4.30,dummy,AUIT_Multi,BAC,1.000,0.000,1.000,0.0,0.0,1.093,0.240,1.342,0.875,0.120,1.460,World,CabinetD01,36.9,20.6,0.428,0.492,0,0,None,None,0,1,0,0,0.0006,0.0008,0.275,0.000,0
4.40,dummy,AUIT_Multi,BAC,1.000,0.000,1.000,0.0,0.0,1.093,0.240,1.342,0.875,0.120,1.460,World,CabinetD01,36.9,20.6,0.428,0.492,0,0,None,None,0,1,0,0,0.0006,0.0008,0.275,0.000,0
4.50,dummy,AUIT_Multi,BAC,1.000,0.000,1.000,0.0,0.0,1.093,0.240,1.342,0.875,0.120,1.460,World,CabinetD01,36.9,20.6,0.428,0.492,0,0,None,None,0,1,0,0,0.0006,0.0008,0.276,0.000,0
4.60,dummy,AUIT_Multi,BAC,1.000,0.000,1.000,0.0,0.0,1.093,0.240,1.342,0.875,0.120,1.460,World,CabinetD01,37.0,20.6,0.428,0.492,0,0,None,None,0,1,0,0,0.0006,0.0008,0.276,0.000,0
4.70,dummy,AUIT_Multi,BAC,1.000,0.000,1.000,0.0,0.0,1.093,0.240,1.342,0.875,0.120,1.460,World,CabinetD01,37.0,20.7,0.428,0.492,0,0,None,None,0,1,0,0,0.0006,0.0008,0.276,0.000,0
4.80,dummy,AUIT_Multi,BAC,1.000,0.000,1.000,0.0,0.0,1.093,0.240,1.342,0.875,0.120,1.460,World,CabinetD01,37.0,20.7,0.428,0.492,0,0,None,None,0,1,0,0,0.0007,0.0009,0.276,0.000,0
4.90,dummy,AUIT_Multi,BAC,1.000,0.000,1.000,0.0,0.0,1.093,0.240,1.342,0.875,0.120,1.460,World,CabinetD01,37.0,20.7,0.428,0.492,0,0,None,None,0,1,0,0,0.0007,0.0008,0.276,0.000,0
5.00,dummy,AUIT_Multi,BAC,1.000,0.000,1.000,0.0,0.0,1.093,0.240,1.342,0.874,0.120,1.460,World,CabinetD01,37.0,20.7,0.428,0.492,0,0,None,None,0,1,0,0,0.0007,0.0009,0.276,0.000,0
5.10,dummy,AUIT_Multi,BAC,1.000,0.000,1.000,0.0,0.0,1.093,0.240,1.342,0.874,0.120,1.460,World,CabinetD01,37.0,20.7,0.428,0.492,0,0,None,None,0,1,0,0,0.0006,0.0009,0.276,0.000,0
5.20,dummy,AUIT_Multi,BAC,1.000,0.000,1.000,0.0,0.0,1.093,0.240,1.342,0.874,0.120,1.460,World,CabinetD01,37.0,20.7,0.428,0.492,0,0,None,None,0,1,0,0,0.0007,0.0009,0.276,0.000,0
5.30,dummy,AUIT_Multi,BAC,1.000,0.000,1.000,0.0,0.0,1.094,0.240,1.342,0.874,0.120,1.460,World,CabinetD01,37.0,20.7,0.428,0.492,0,0,None,None,0,1,0,0,0.0007,0.0008,0.277,0.000,0
5.40,dummy,AUIT_Multi,BAC,1.000,0.000,1.000,0.0,0.0,1.094,0.240,1.342,0.874,0.120,1.460,World,CabinetD01,37.0,20.7,0.428,0.492,0,0,None,None,0,1,0,0,0.0007,0.0010,0.277,0.000,0
5.50,dummy,AUIT_Multi,BAC,1.000,0.000,1.000,0.0,0.0,1.094,0.240,1.342,0.874,0.120,1.460,World,CabinetD01,37.0,20.7,0.428,0.492,0,0,None,None,0,1,0,0,0.0007,0.0010,0.277,0.000,0
5.60,dummy,AUIT_Multi,BAC,1.000,0.000,1.000,0.0,0.0,1.094,0.240,1.342,0.874,0.120,1.460,World,CabinetD01,37.0,20.7,0.428,0.492,0,0,None,None,0,1,0,0,0.0008,0.0010,0.277,0.000,0
5.70,dummy,AUIT_Multi,BAC,1.000,0.000,1.000,0.0,0.0,1.094,0.240,1.342,0.874,0.120,1.460,World,CabinetD01,37.0,20.7,0.428,0.492,0,0,None,None,0,1,0,0,0.0008,0.0011,0.277,0.000,0
5.80,dummy,AUIT_Multi,BAC,1.000,0.000,1.000,0.0,0.0,1.094,0.240,1.342,0.874,0.120,1.460,World,CabinetD01,37.0,20.7,0.428,0.492,0,0,None,None,0,1,0,0,0.0009,0.0012,0.277,0.000,0
5.90,dummy,AUIT_Multi,BAC,1.000,0.000,1.000,0.0,0.0,1.094,0.240,1.342,0.874,0.120,1.460,World,CabinetD01,37.0,20.7,0.428,0.492,0,0,None,None,0,1,0,0,0.0008,0.0010,0.277,0.000,0
6.00,dummy,AUIT_Multi,BAC,1.000,0.000,1.000,0.0,0.0,1.094,0.240,1.342,0.873,0.120,1.460,World,CabinetD01,37.0,20.8,0.428,0.492,0,0,None,None,0,1,0,0,0.0008,0.0010,0.278,0.000,0
6.10,dummy,AUIT_Multi,BAC,1.000,0.000,1.000,0.0,0.0,1.094,0.240,1.342,0.873,0.120,1.460,World,CabinetD01,37.0,20.8,0.428,0.492,0,0,None,None,0,1,0,0,0.0008,0.0011,0.278,0.000,0
6.20,dummy,AUIT_Multi,BAC,1.000,0.000,1.000,0.0,0.0,1.094,0.240,1.342,0.873,0.120,1.460,World,CabinetD01,37.0,20.8,0.429,0.492,0,0,None,None,0,1,0,0,0.0009,0.0012,0.278,0.000,0
6.30,dummy,AUIT_Multi,BAC,1.000,0.000,1.000,0.0,0.0,1.094,0.240,1.342,0.873,0.120,1.460,World,CabinetD01,37.0,20.8,0.429,0.492,0,0,None,None,0,1,0,0,0.0009,0.0012,0.278,0.000,0
6.40,dummy,AUIT_Multi,BAC,1.000,0.000,1.000,0.0,0.0,1.094,0.240,1.342,0.873,0.120,1.460,World,CabinetD01,37.0,20.8,0.429,0.492,0,0,None,None,0,1,0,0,0.0009,0.0012,0.278,0.000,0
6.50,dummy,AUIT_Multi,BAC,1.000,0.000,1.000,0.0,0.0,1.094,0.240,1.342,0.873,0.120,1.460,World,CabinetD01,37.0,20.8,0.429,0.492,0,0,None,None,0,1,0,0,0.0010,0.0014,0.278,0.000,0
6.60,dummy,AUIT_Multi,BAC,1.000,0.000,1.000,0.0,0.0,1.095,0.240,1.342,0.873,0.120,1.460,World,CabinetD01,37.0,20.8,0.429,0.492,0,0,None,None,0,1,0,0,0.0011,0.0014,0.279,0.000,0
6.70,dummy,AUIT_Multi,BAC,1.000,0.000,1.000,0.0,0.0,1.095,0.240,1.342,0.873,0.120,1.460,World,CabinetD01,37.0,20.8,0.429,0.493,0,0,None,None,0,1,0,0,0.0010,0.0014,0.279,0.000,0
6.80,dummy,AUIT_Multi,BAC,1.000,0.000,1.000,0.0,0.0,1.095,0.240,1.342,0.872,0.120,1.460,World,CabinetD01,37.0,20.8,0.429,0.493,0,0,None,None,0,1,0,0,0.0011,0.0014,0.279,0.000,0
6.90,dummy,AUIT_Multi,BAC,1.000,0.000,1.000,0.0,0.0,1.095,0.240,1.342,0.872,0.120,1.460,World,CabinetD01,37.0,20.8,0.429,0.493,0,0,None,None,0,1,0,0,0.0011,0.0014,0.279,0.000,0
7.00,dummy,AUIT_Multi,BAC,1.000,0.000,1.000,0.0,0.0,1.095,0.240,1.342,0.872,0.120,1.460,World,CabinetD01,37.0,20.9,0.429,0.493,0,0,None,None,0,1,0,0,0.0011,0.0015,0.279,0.000,0
7.10,dummy,AUIT_Multi,BAC,1.000,0.000,1.000,0.0,0.0,1.095,0.240,1.342,0.872,0.120,1.460,World,CabinetD01,37.0,20.9,0.429,0.493,0,0,None,None,0,1,0,0,0.0011,0.0014,0.280,0.000,0
7.20,dummy,AUIT_Multi,BAC,1.000,0.000,1.000,0.0,0.0,1.095,0.240,1.342,0.872,0.120,1.461,World,CabinetD01,37.0,20.9,0.429,0.493,0,0,None,None,0,1,0,0,0.0008,0.0027,0.280,0.000,0
7.31,dummy,AUIT_Multi,BAC,1.000,0.000,1.000,0.0,0.0,1.095,0.240,1.342,0.872,0.120,1.461,World,CabinetD01,37.0,20.9,0.429,0.493,0,0,None,None,0,1,0,0,0.0004,0.0005,0.280,0.000,0
7.41,dummy,AUIT_Multi,BAC,1.000,0.000,1.000,0.0,0.0,1.095,0.240,1.342,0.872,0.120,1.461,World,CabinetD01,37.0,20.9,0.429,0.493,0,0,None,None,0,1,0,0,0.0004,0.0005,0.280,0.000,0
7.51,dummy,AUIT_Multi,BAC,1.000,0.000,1.000,0.0,0.0,1.095,0.240,1.342,0.872,0.120,1.461,World,CabinetD01,37.0,20.9,0.429,0.493,0,0,None,None,0,1,0,0,0.0004,0.0005,0.280,0.000,0
7.60,dummy,AUIT_Multi,BAC,1.000,0.000,1.000,0.0,0.0,1.095,0.240,1.342,0.872,0.120,1.461,World,CabinetD01,37.0,20.9,0.429,0.493,0,0,None,None,0,1,0,0,0.0004,0.0005,0.280,0.000,0
7.70,dummy,AUIT_Multi,BAC,1.000,0.000,1.000,0.0,0.0,1.095,0.240,1.342,0.872,0.120,1.461,World,CabinetD01,37.0,20.9,0.429,0.493,0,0,None,None,0,1,0,0,0.0004,0.0005,0.280,0.000,0
7.81,dummy,AUIT_Multi,BAC,1.000,0.000,1.000,0.0,0.0,1.095,0.240,1.342,0.872,0.120,1.461,World,CabinetD01,37.0,20.9,0.429,0.493,0,0,None,None,0,1,0,0,0.0004,0.0005,0.280,0.000,0
7.90,dummy,AUIT_Multi,BAC,1.000,0.000,1.000,0.0,0.0,1.095,0.240,1.342,0.871,0.120,1.461,World,CabinetD01,37.0,20.9,0.429,0.493,0,0,None,None,0,1,0,0,0.0003,0.0008,0.280,0.000,0
8.00,dummy,AUIT_Multi,BAC,0.982,1.475,0.943,350.0,11.9,1.050,0.927,1.190,0.681,0.874,1.521,World,Wall4m,55.8,34.3,0.605,0.887,0,0,None,None,0,0,0,0,7.0530,7.7987,0.498,0.000,0
8.11,dummy,AUIT_Multi,BAC,0.983,1.475,0.947,351.0,12.1,1.068,1.418,1.263,0.595,1.356,1.534,World,Wall4m,23.8,24.1,0.333,0.714,0,0,None,None,1,1,0,0,4.5877,4.5344,0.549,0.000,0
8.21,dummy,AUIT_Multi,BAC,0.986,1.474,0.949,353.0,12.9,1.083,1.468,1.295,0.625,1.365,1.504,World,Wall4m,25.4,25.7,0.359,0.671,0,0,None,None,0,0,0,0,0.6232,0.4398,0.514,0.000,0
8.30,dummy,AUIT_Multi,BAC,0.991,1.474,0.952,355.5,12.9,1.095,1.474,1.278,0.662,1.377,1.470,World,Wall4m,25.5,27.6,0.342,0.621,0,0,None,None,0,0,0,0,0.2191,0.5266,0.484,0.000,0
8.40,dummy,AUIT_Multi,BAC,0.995,1.475,0.956,356.9,13.0,1.109,1.474,1.268,0.694,1.389,1.441,World,Wall4m,26.4,28.4,0.333,0.577,0,0,None,None,0,0,0,0,0.1778,0.4656,0.458,0.000,0
8.51,dummy,AUIT_Multi,BAC,0.998,1.476,0.959,357.9,12.4,1.120,1.475,1.264,0.728,1.402,1.408,World,Wall4m,26.5,28.8,0.329,0.529,0,0,None,None,0,0,0,0,0.1026,0.4412,0.424,0.000,0
8.61,dummy,AUIT_Multi,BAC,1.001,1.479,0.961,358.0,11.4,1.126,1.477,1.262,0.754,1.415,1.385,World,Wall4m,26.8,28.0,0.327,0.495,0,0,None,None,0,0,0,0,0.0693,0.3817,0.397,0.000,0
8.71,dummy,AUIT_Multi,BAC,1.002,1.482,0.962,356.9,10.4,1.127,1.479,1.263,0.786,1.426,1.342,World,Wall4m,27.4,26.4,0.326,0.441,0,0,None,None,0,0,0,0,0.0289,0.5579,0.355,0.000,0
8.81,dummy,AUIT_Multi,BAC,1.004,1.482,0.962,356.2,10.2,1.121,1.481,1.256,0.815,1.438,1.304,World,Wall4m,27.3,25.2,0.316,0.393,0,0,None,None,0,0,0,0,0.1003,0.5142,0.313,0.000,0
8.90,dummy,AUIT_Multi,BAC,1.006,1.481,0.961,355.6,10.4,1.101,1.482,1.211,0.840,1.450,1.273,World,Wall4m,27.3,23.9,0.267,0.354,0,0,None,None,0,1,0,0,0.5049,0.4203,0.270,0.000,0
9.00,dummy,AUIT_Multi,BAC,1.006,1.481,0.961,354.8,10.1,1.092,1.481,1.193,0.870,1.462,1.235,World,Wall4m,27.2,22.1,0.248,0.306,0,0,None,None,0,1,0,0,0.2003,0.5152,0.227,0.000,0
9.11,dummy,AUIT_Multi,BAC,1.006,1.482,0.960,353.4,9.6,1.084,1.482,1.182,0.841,1.472,1.282,World,Wall4m,27.4,22.0,0.236,0.362,0,0,None,None,0,1,0,0,0.1238,0.5132,0.263,0.000,0
9.21,dummy,AUIT_Multi,BAC,1.006,1.483,0.959,352.4,9.4,1.075,1.482,1.178,0.841,1.471,1.278,World,Wall4m,26.7,21.0,0.229,0.359,0,0,None,None,0,1,0,0,0.1028,0.0425,0.255,0.000,0
9.31,dummy,AUIT_Multi,BAC,1.006,1.482,0.960,351.6,9.4,1.066,1.482,1.174,0.855,1.470,1.259,World,Wall4m,25.6,19.7,0.223,0.336,0,0,None,None,0,1,0,0,0.0972,0.2476,0.228,0.000,0
9.40,dummy,AUIT_Multi,BAC,1.007,1.483,0.960,350.6,9.4,1.057,1.482,1.170,0.855,1.470,1.261,World,Wall4m,24.5,18.8,0.216,0.338,0,0,None,None,1,1,0,0,0.0997,0.0222,0.222,0.000,0
9.50,dummy,AUIT_Multi,BAC,1.008,1.483,0.960,350.0,9.2,1.048,1.482,1.167,0.865,1.469,1.252,World,Wall4m,22.7,17.5,0.211,0.325,0,0,None,None,1,1,0,0,0.0982,0.1402,0.203,0.000,0
9.61,dummy,AUIT_Multi,BAC,1.010,1.483,0.961,349.7,9.1,1.038,1.482,1.163,0.873,1.469,1.251,World,Quad,20.3,16.2,0.204,0.321,0,0,None,None,1,1,0,0,0.1003,0.0750,0.188,0.000,0
9.71,dummy,AUIT_Multi,BAC,1.011,1.483,0.961,349.7,9.2,1.029,1.483,1.159,0.877,1.468,1.262,World,Quad,17.8,15.1,0.199,0.329,0,0,None,None,1,1,0,0,0.1010,0.1195,0.183,0.000,0
9.81,dummy,AUIT_Multi,BAC,1.012,1.484,0.962,349.8,9.0,1.021,1.483,1.156,0.898,1.468,1.230,World,Quad,15.6,14.0,0.194,0.291,0,0,None,None,1,1,0,0,0.0889,0.3919,0.144,0.000,0
9.90,dummy,AUIT_Multi,BAC,1.012,1.484,0.964,349.6,9.1,1.013,1.483,1.152,0.907,1.467,1.215,World,Quad,13.8,13.3,0.188,0.273,0,0,None,None,1,1,0,0,0.0914,0.1760,0.124,0.000,0
10.01,dummy,AUIT_Multi,BAC,1.013,1.484,0.966,349.6,9.2,1.004,1.483,1.149,0.910,1.467,1.215,World,Quad,12.0,13.2,0.183,0.270,0,0,None,None,1,1,0,0,0.0819,0.0264,0.116,0.000,0
10.11,dummy,AUIT_Multi,BAC,1.013,1.483,0.968,349.7,9.3,1.010,1.483,1.161,0.836,1.472,1.364,World,Quad,13.1,15.8,0.193,0.434,0,0,None,None,1,1,0,0,0.1339,1.7233,0.268,0.000,0
10.21,dummy,AUIT_Multi,BAC,1.014,1.483,0.970,350.1,9.5,1.028,1.483,1.178,0.714,1.481,1.608,World,Quad,16.7,17.9,0.209,0.705,0,0,None,None,1,1,0,0,0.2615,2.8038,0.532,0.000,0
10.30,dummy,AUIT_Multi,BAC,1.015,1.482,0.973,350.7,9.9,1.034,1.483,1.178,0.697,1.483,1.644,World,Quad,17.7,18.7,0.206,0.743,0,0,None,None,1,1,0,0,0.0611,0.4062,0.575,0.000,0
10.40,dummy,AUIT_Multi,BAC,1.016,1.481,0.975,351.6,10.7,1.040,1.482,1.177,0.695,1.482,1.648,World,Wall4m,18.5,20.2,0.204,0.745,0,0,None,None,1,1,0,0,0.0628,0.0421,0.583,0.000,0
10.50,dummy,AUIT_Multi,BAC,1.020,1.479,0.977,353.9,12.2,1.052,1.481,1.177,0.695,1.481,1.648,World,Wall4m,19.7,23.1,0.202,0.745,0,0,None,None,1,1,0,0,0.1211,0.0159,0.591,0.000,0
10.61,dummy,AUIT_Multi,BAC,1.024,1.476,0.981,356.5,14.2,1.074,1.478,1.179,0.695,1.478,1.648,World,Wall4m,23.0,26.6,0.204,0.744,0,0,None,None,1,0,0,0,0.2010,0.0242,0.603,0.000,0
10.71,dummy,AUIT_Multi,BAC,1.027,1.472,0.984,359.1,16.0,1.098,1.475,1.182,0.695,1.475,1.649,World,Wall4m,26.3,30.0,0.211,0.743,0,0,None,None,0,0,0,0,0.2524,0.0297,0.616,0.000,0
10.81,dummy,AUIT_Multi,BAC,1.028,1.471,0.987,359.3,16.7,1.115,1.473,1.186,0.705,1.473,1.649,World,Wall4m,29.3,30.1,0.218,0.737,0,0,None,None,0,0,0,0,0.1839,0.1026,0.618,0.000,0
10.90,dummy,AUIT_Multi,BAC,1.027,1.471,0.988,359.0,16.8,1.117,1.472,1.187,0.708,1.472,1.649,World,Wall4m,30.1,29.7,0.218,0.734,0,0,None,None,0,0,0,0,0.0276,0.0301,0.617,0.000,0
11.00,dummy,AUIT_Multi,BAC,1.026,1.471,0.989,358.4,16.8,1.115,1.471,1.186,0.704,1.471,1.649,World,Wall4m,30.6,29.4,0.216,0.734,0,0,None,None,0,0,0,0,0.0249,0.0402,0.619,0.000,0
11.11,dummy,AUIT_Multi,BAC,1.023,1.471,0.990,357.4,16.8,1.109,1.471,1.185,0.692,1.471,1.649,World,Wall4m,31.0,29.1,0.214,0.738,0,0,None,None,0,0,0,0,0.0533,0.1082,0.624,0.000,0
11.21,dummy,AUIT_Multi,BAC,1.020,1.471,0.990,356.3,16.5,1.103,1.471,1.184,0.674,1.471,1.655,World,Wall4m,31.0,28.7,0.211,0.749,0,0,None,None,0,0,0,0,0.0697,0.1932,0.636,0.000,0
11.31,dummy,AUIT_Multi,BAC,1.017,1.472,0.990,355.1,16.1,1.095,1.471,1.184,0.629,1.471,1.700,World,Wall4m,30.8,28.4,0.209,0.810,0,0,None,None,0,0,0,0,0.0756,0.6542,0.696,0.000,0
11.40,dummy,AUIT_Multi,BAC,1.014,1.474,0.989,353.5,15.2,1.087,1.472,1.183,0.613,1.472,1.685,World,Wall4m,30.6,27.6,0.208,0.803,0,0,None,None,0,0,0,0,0.0868,0.2293,0.690,0.000,0
11.50,dummy,AUIT_Multi,BAC,1.011,1.475,0.988,352.1,14.4,1.078,1.474,1.182,0.598,1.474,1.664,World,Wall4m,30.1,27.3,0.206,0.792,0,0,None,None,0,0,0,0,0.0918,0.2647,0.680,0.000,0
11.61,dummy,AUIT_Multi,BAC,1.008,1.479,0.988,352.1,12.1,1.071,1.476,1.182,0.582,1.476,1.654,World,Wall4m,27.9,27.2,0.204,0.791,0,0,None,None,0,0,0,0,0.0695,0.1722,0.680,0.000,0
11.71,dummy,AUIT_Multi,BAC,1.004,1.483,0.986,350.1,9.6,1.065,1.479,1.181,0.569,1.479,1.652,World,Wall4m,28.5,24.9,0.205,0.796,0,0,None,None,0,1,0,0,0.0650,0.1390,0.684,0.000,0
11.81,dummy,AUIT_Multi,BAC,1.001,1.486,0.984,348.8,8.3,1.056,1.483,1.181,0.537,1.483,1.653,World,Wall4m,27.8,24.9,0.204,0.814,0,0,None,None,0,1,0,1,0.1000,0.3257,0.702,0.000,0
11.90,dummy,AUIT_Multi,BAC,0.999,1.487,0.983,348.3,7.7,1.050,1.486,1.180,0.513,1.486,1.653,World,Wall4m,27.0,25.3,0.203,0.828,0,0,None,None,0,0,0,0,0.0743,0.2559,0.716,0.000,0
12.00,dummy,AUIT_Multi,BAC,0.998,1.489,0.982,347.4,6.8,1.045,1.487,1.180,0.497,1.487,1.653,World,Wall4m,26.8,25.0,0.204,0.838,0,0,None,None,0,1,0,1,0.0473,0.1644,0.724,0.000,0
12.11,dummy,AUIT_Multi,BAC,0.996,1.491,0.979,345.5,5.9,1.039,1.489,1.181,0.470,1.489,1.654,World,Wall4m,27.1,24.1,0.206,0.856,0,0,None,None,0,1,0,1,0.0591,0.2470,0.741,0.000,0
12.21,dummy,AUIT_Multi,BAC,0.997,1.492,0.976,345.3,5.4,1.034,1.490,1.181,0.441,1.490,1.654,World,Wall4m,25.5,25.1,0.208,0.877,0,0,None,None,0,0,0,0,0.0551,0.2959,0.759,0.000,0
12.31,dummy,AUIT_Multi,BAC,0.999,1.492,0.972,345.8,5.2,1.035,1.492,1.179,0.438,1.492,1.654,World,Wall4m,24.7,25.7,0.210,0.882,0,0,None,None,1,0,0,0,0.0199,0.0324,0.762,0.000,0
12.40,dummy,AUIT_Multi,BAC,0.998,1.491,0.970,345.0,5.3,1.036,1.492,1.178,0.438,1.492,1.654,World,Wall4m,25.9,24.9,0.211,0.883,0,0,None,None,0,1,0,1,0.0209,0.0044,0.764,0.000,0
12.50,dummy,AUIT_Multi,BAC,0.997,1.491,0.971,344.4,5.5,1.034,1.491,1.179,0.422,1.491,1.654,World,Wall4m,26.2,25.0,0.211,0.893,0,0,None,None,0,0,0,0,0.0248,0.1612,0.775,0.000,0
12.61,dummy,AUIT_Multi,BAC,0.998,1.490,0.971,344.8,6.0,1.033,1.490,1.179,0.415,1.490,1.654,World,Wall4m,25.3,26.0,0.211,0.898,0,0,None,None,0,0,0,0,0.0154,0.0674,0.779,0.000,0
12.71,dummy,AUIT_Multi,BAC,0.999,1.491,0.972,345.4,5.9,1.034,1.490,1.179,0.424,1.490,1.654,World,Wall4m,25.0,26.2,0.210,0.892,0,0,None,None,0,0,0,0,0.0194,0.0913,0.774,0.000,0
12.81,dummy,AUIT_Multi,BAC,0.998,1.491,0.972,345.8,5.8,1.037,1.491,1.178,0.435,1.491,1.653,World,Wall4m,25.4,25.9,0.210,0.884,0,0,None,None,0,0,0,0,0.0223,0.1177,0.766,0.000,0
12.90,dummy,AUIT_Multi,BAC,0.997,1.491,0.972,345.9,5.9,1.037,1.491,1.178,0.441,1.491,1.653,World,Wall4m,25.7,25.7,0.210,0.879,0,0,None,None,0,0,0,0,0.0063,0.0624,0.762,0.000,0
13.00,dummy,AUIT_Multi,BAC,0.996,1.491,0.972,346.0,6.0,1.037,1.491,1.178,0.443,1.491,1.653,World,Wall4m,25.8,25.7,0.210,0.877,0,0,None,None,0,0,0,0,0.0055,0.0216,0.760,0.000,0
13.11,dummy,AUIT_Multi,BAC,0.995,1.490,0.972,346.0,6.1,1.036,1.490,1.178,0.444,1.490,1.653,World,Wall4m,25.9,25.6,0.210,0.876,0,0,None,None,0,0,0,0,0.0060,0.0077,0.759,0.000,0
13.21,dummy,AUIT_Multi,BAC,0.995,1.490,0.972,345.9,6.1,1.035,1.490,1.179,0.443,1.490,1.653,World,Wall4m,25.8,25.6,0.210,0.877,0,0,None,None,0,0,0,0,0.0070,0.0135,0.759,0.000,0
13.31,dummy,AUIT_Multi,BAC,0.995,1.490,0.972,345.9,6.2,1.035,1.490,1.179,0.441,1.490,1.653,World,Wall4m,25.7,25.7,0.210,0.878,0,0,None,None,0,0,0,0,0.0056,0.0180,0.760,0.000,0
13.40,dummy,AUIT_Multi,BAC,0.996,1.490,0.972,346.1,6.2,1.035,1.490,1.179,0.442,1.490,1.653,World,Wall4m,25.5,25.9,0.210,0.878,0,0,None,None,0,0,0,0,0.0034,0.0068,0.760,0.000,0
13.51,dummy,AUIT_Multi,BAC,0.996,1.490,0.972,346.2,6.5,1.036,1.490,1.178,0.446,1.490,1.653,World,Wall4m,25.5,25.9,0.210,0.876,0,0,None,None,0,0,0,0,0.0106,0.0347,0.758,0.000,0
13.61,dummy,AUIT_Multi,BAC,0.996,1.489,0.971,346.1,6.8,1.037,1.489,1.178,0.447,1.489,1.653,World,Wall4m,25.9,25.8,0.211,0.876,0,0,None,None,0,0,0,0,0.0092,0.0165,0.757,0.000,0
13.71,dummy,AUIT_Multi,BAC,0.996,1.489,0.971,345.9,6.7,1.037,1.489,1.178,0.444,1.489,1.653,World,Wall4m,26.0,25.7,0.211,0.878,0,0,None,None,0,0,0,0,0.0056,0.0302,0.759,0.000,0
13.81,dummy,AUIT_Multi,BAC,0.996,1.489,0.970,345.9,6.7,1.036,1.489,1.178,0.441,1.489,1.653,World,Wall4m,25.8,25.8,0.212,0.880,0,0,None,None,0,0,0,0,0.0058,0.0340,0.761,0.000,0
13.90,dummy,AUIT_Multi,BAC,0.997,1.489,0.970,345.9,6.8,1.036,1.489,1.178,0.441,1.489,1.653,World,Wall4m,25.7,25.9,0.212,0.881,0,0,None,None,0,0,0,0,0.0029,0.0006,0.762,0.000,0
14.01,dummy,AUIT_Multi,BAC,0.997,1.488,0.969,346.1,7.1,1.037,1.489,1.178,0.441,1.489,1.653,World,Wall4m,25.7,26.1,0.212,0.881,0,0,None,None,0,0,0,0,0.0054,0.0035,0.762,0.000,0
14.11,dummy,AUIT_Multi,BAC,0.998,1.485,0.971,347.4,9.0,1.038,1.488,1.177,0.450,1.488,1.653,World,Wall4m,25.5,27.6,0.210,0.875,0,0,None,None,0,0,0,0,0.0205,0.0868,0.757,0.000,0
14.21,dummy,AUIT_Multi,BAC,1.001,1.478,0.976,351.3,12.5,1.047,1.484,1.177,0.490,1.484,1.652,World,Wall4m,25.7,30.9,0.207,0.847,0,0,None,None,0,0,0,0,0.0958,0.4137,0.732,0.000,0
14.30,dummy,AUIT_Multi,BAC,1.001,1.472,0.981,354.0,15.5,1.061,1.477,1.179,0.553,1.477,1.651,World,Wall4m,28.1,31.7,0.206,0.806,0,0,None,None,0,0,0,0,0.1581,0.6561,0.693,0.000,0
14.40,dummy,AUIT_Multi,BAC,1.001,1.472,0.985,355.2,15.9,1.070,1.473,1.181,0.591,1.473,1.661,World,Wall4m,28.6,30.6,0.208,0.791,0,0,None,None,0,0,0,0,0.1056,0.4031,0.678,0.000,0
14.51,dummy,AUIT_Multi,BAC,1.000,1.475,0.986,355.7,15.0,1.074,1.473,1.182,0.607,1.473,1.674,World,Wall4m,28.5,29.3,0.209,0.793,0,0,None,None,0,0,0,0,0.0395,0.1846,0.678,0.000,0
14.61,dummy,AUIT_Multi,BAC,0.999,1.475,0.986,355.9,15.0,1.074,1.475,1.183,0.610,1.475,1.680,World,Wall4m,28.8,29.1,0.210,0.796,0,0,None,None,0,0,0,0,0.0176,0.0742,0.680,0.000,0
14.71,dummy,AUIT_Multi,BAC,0.998,1.473,0.985,355.6,15.6,1.074,1.474,1.183,0.611,1.474,1.681,World,Wall4m,29.7,29.0,0.212,0.797,0,0,None,None,0,0,0,0,0.0059,0.0152,0.681,0.000,0
14.81,dummy,AUIT_Multi,BAC,0.996,1.471,0.982,355.0,15.9,1.072,1.472,1.182,0.608,1.472,1.675,World,Wall4m,30.1,28.8,0.213,0.794,0,0,None,None,0,0,0,0,0.0293,0.0802,0.677,0.000,0
14.90,dummy,AUIT_Multi,BAC,0.993,1.474,0.979,353.7,14.9,1.068,1.472,1.181,0.599,1.472,1.664,World,Wall4m,29.9,27.6,0.215,0.790,0,0,None,None,0,0,0,0,0.0446,0.1426,0.673,0.000,0
15.01,dummy,AUIT_Multi,BAC,0.988,1.477,0.975,351.8,12.8,1.058,1.475,1.179,0.574,1.475,1.654,World,Wall4m,29.5,26.2,0.216,0.795,0,0,None,None,0,0,0,0,0.0889,0.2439,0.678,0.000,0
15.11,dummy,AUIT_Multi,BAC,0.986,1.477,0.972,351.4,12.5,1.049,1.477,1.178,0.546,1.477,1.652,World,Wall4m,28.5,27.2,0.216,0.810,0,0,None,None,0,0,0,0,0.0928,0.2915,0.691,0.000,0
15.21,dummy,AUIT_Multi,BAC,0.986,1.475,0.971,352.3,13.3,1.047,1.477,1.178,0.539,1.477,1.651,World,Wall4m,27.7,28.7,0.215,0.814,0,0,None,None,0,0,0,0,0.0233,0.0684,0.695,0.000,0
15.30,dummy,AUIT_Multi,BAC,0.986,1.474,0.970,352.7,13.5,1.050,1.475,1.177,0.551,1.475,1.651,World,Wall4m,28.0,28.5,0.217,0.808,0,0,None,None,0,0,0,0,0.0372,0.1199,0.688,0.000,0
15.40,dummy,AUIT_Multi,BAC,0.983,1.478,0.968,351.9,12.0,1.050,1.475,1.177,0.549,1.475,1.651,World,Wall4m,28.0,26.9,0.219,0.809,0,0,None,None,0,0,0,0,0.0089,0.0172,0.689,0.000,0
15.51,dummy,AUIT_Multi,BAC,0.981,1.480,0.966,351.2,11.0,1.046,1.478,1.177,0.535,1.478,1.651,World,Wall4m,27.8,26.5,0.220,0.817,0,0,None,None,0,0,0,0,0.0463,0.1280,0.697,0.000,0
15.61,dummy,AUIT_Multi,BAC,0.980,1.481,0.965,350.6,10.5,1.042,1.480,1.176,0.521,1.480,1.651,World,Wall4m,27.6,26.4,0.220,0.825,0,0,None,None,0,0,0,0,0.0449,0.1449,0.705,0.000,0
15.71,dummy,AUIT_Multi,BAC,0.979,1.480,0.964,350.6,10.7,1.039,1.481,1.176,0.512,1.481,1.651,World,Wall4m,27.3,26.9,0.220,0.831,0,0,None,None,0,0,0,0,0.0278,0.0951,0.710,0.000,0
15.81,dummy,AUIT_Multi,BAC,0.979,1.480,0.964,350.5,10.7,1.038,1.480,1.176,0.509,1.480,1.651,World,Wall4m,27.3,26.9,0.220,0.833,0,0,None,None,0,0,0,0,0.0090,0.0319,0.711,0.000,0
15.90,dummy,AUIT_Multi,BAC,0.979,1.480,0.963,350.6,10.8,1.038,1.480,1.176,0.507,1.480,1.651,World,Wall4m,27.0,27.1,0.221,0.834,0,0,None,None,0,0,0,0,0.0041,0.0152,0.712,0.000,0
16.00,dummy,AUIT_Multi,BAC,0.978,1.481,0.962,350.2,10.7,1.038,1.480,1.176,0.506,1.480,1.651,World,Wall4m,27.4,26.7,0.221,0.835,0,0,None,None,0,0,0,0,0.0030,0.0115,0.713,0.000,0
16.11,dummy,AUIT_Multi,BAC,0.977,1.480,0.963,349.9,10.7,1.036,1.481,1.176,0.498,1.481,1.651,World,Wall4m,27.5,26.8,0.221,0.839,0,0,None,None,0,0,0,0,0.0207,0.0759,0.718,0.000,0
16.21,dummy,AUIT_Multi,BAC,0.977,1.480,0.963,349.8,10.7,1.034,1.480,1.176,0.493,1.480,1.651,World,Wall4m,27.2,27.0,0.220,0.841,0,0,None,None,0,0,0,0,0.0160,0.0494,0.720,0.000,0
16.31,dummy,AUIT_Multi,BAC,0.977,1.480,0.965,349.4,10.6,1.033,1.480,1.177,0.489,1.480,1.652,World,Wall4m,27.3,26.9,0.219,0.843,0,0,None,None,0,0,0,0,0.0132,0.0427,0.722,0.000,0
16.40,dummy,AUIT_Multi,BAC,0.977,1.481,0.966,349.3,10.6,1.032,1.480,1.177,0.486,1.480,1.652,World,Wall4m,27.1,27.0,0.218,0.843,0,0,None,None,0,0,0,0,0.0107,0.0268,0.723,0.000,0
16.51,dummy,AUIT_Multi,BAC,0.978,1.481,0.968,348.9,10.9,1.031,1.481,1.178,0.483,1.481,1.652,World,Wall4m,27.5,26.9,0.217,0.844,0,0,None,None,0,0,0,0,0.0108,0.0293,0.724,0.000,0
16.61,dummy,AUIT_Multi,BAC,0.978,1.481,0.969,348.3,10.9,1.029,1.481,1.179,0.476,1.481,1.652,World,Wall4m,27.5,26.8,0.215,0.847,0,0,None,None,0,0,0,0,0.0197,0.0719,0.728,0.000,0
16.71,dummy,AUIT_Multi,BAC,0.978,1.482,0.970,347.8,10.6,1.027,1.481,1.180,0.467,1.481,1.653,World,Wall4m,27.2,26.6,0.215,0.853,0,0,None,None,0,0,0,0,0.0236,0.0944,0.733,0.000,0
16.80,dummy,AUIT_Multi,BAC,0.979,1.482,0.970,347.2,10.7,1.026,1.482,1.180,0.459,1.482,1.653,World,Wall4m,27.5,26.6,0.215,0.858,0,0,None,None,0,0,0,0,0.0185,0.0904,0.738,0.000,0
16.90,dummy,AUIT_Multi,BAC,0.979,1.479,0.972,346.6,11.1,1.024,1.481,1.181,0.448,1.481,1.653,World,Wall4m,27.9,26.9,0.214,0.864,0,0,None,None,0,0,0,0,0.0230,0.1124,0.745,0.000,0
17.01,dummy,AUIT_Multi,BAC,0.977,1.480,0.971,344.8,11.3,1.020,1.479,1.183,0.430,1.479,1.654,World,Wall4m,28.6,25.9,0.216,0.875,0,0,None,None,0,0,0,0,0.0421,0.1591,0.755,0.000,0
17.11,dummy,AUIT_Multi,BAC,0.976,1.487,0.966,342.1,8.9,1.013,1.482,1.186,0.388,1.482,1.655,World,Wall4m,28.3,24.0,0.224,0.906,0,0,None,None,0,1,0,1,0.0871,0.4241,0.780,0.000,0
17.21,dummy,AUIT_Multi,BAC,0.975,1.491,0.960,339.0,6.6,1.003,1.487,1.192,0.324,1.487,1.656,World,Wall4m,28.2,23.0,0.234,0.954,0,0,None,None,0,1,0,1,0.1335,0.6706,0.822,0.000,0
17.30,dummy,AUIT_Multi,BAC,0.974,1.492,0.955,334.4,6.0,0.989,1.491,1.205,0.250,1.491,1.643,World,Wall4m,29.6,21.6,0.251,0.999,0,0,None,None,0,1,0,1,0.1933,0.7641,0.859,0.000,0
17.40,dummy,AUIT_Multi,BAC,0.973,1.493,0.950,329.7,5.2,0.967,1.492,1.264,0.228,1.492,1.557,World,Wall4m,29.4,21.2,0.315,0.962,0,0,None,None,0,1,0,1,0.6567,0.9178,0.795,0.000,0
17.51,dummy,AUIT_Multi,BAC,0.971,1.496,0.942,323.1,3.8,0.921,1.494,1.368,0.226,1.494,1.442,World,Wall4m,30.3,19.6,0.429,0.897,0,0,None,None,0,1,0,1,1.0230,1.0344,0.698,0.000,0
17.61,dummy,AUIT_Multi,BAC,0.969,1.498,0.936,316.9,3.0,0.850,1.497,1.471,0.221,1.497,1.333,World,CabinetD06,30.7,19.1,0.548,0.846,0,0,None,None,0,1,0,1,1.2755,1.1151,0.644,0.000,0
17.71,dummy,AUIT_Multi,BAC,0.967,1.498,0.931,310.1,2.9,0.782,1.498,1.476,-0.030,1.498,1.311,World,CabinetD06Door,31.3,19.4,0.575,1.067,0,0,None,None,0,1,0,1,0.7012,2.5909,0.828,0.000,0
17.80,dummy,AUIT_Multi,BAC,0.967,1.498,0.925,302.6,2.7,0.699,1.498,1.478,-0.063,1.498,1.256,World,CabinetD06Door,31.6,15.0,0.614,1.081,0,0,None,None,0,1,0,1,0.8621,0.6616,0.793,0.000,0
17.90,dummy,AUIT_Multi,BAC,0.971,1.496,0.919,296.4,4.1,0.606,1.497,1.480,0.015,1.498,1.218,World,Wall4m,30.8,9.9,0.668,1.001,0,0,None,None,0,1,0,1,0.9544,0.8942,0.646,0.000,0
18.01,dummy,AUIT_Multi,BAC,0.979,1.498,0.913,290.1,5.1,0.498,1.497,1.481,0.106,1.498,1.175,World,Wall4m,30.0,6.1,0.745,0.911,0,0,None,None,0,1,0,1,0.9730,0.8994,0.497,0.000,0
18.11,dummy,AUIT_Multi,BAC,0.987,1.499,0.908,287.5,6.3,0.418,1.498,1.477,0.184,1.498,1.140,World,Wall4m,28.2,6.4,0.805,0.837,0,0,None,None,0,1,0,1,0.8276,0.8795,0.410,0.000,0
18.21,dummy,AUIT_Multi,BAC,0.996,1.500,0.904,286.5,5.9,0.400,1.499,1.450,0.260,1.498,1.114,World,Wall4m,26.6,5.9,0.808,0.766,0,0,None,None,0,1,0,0,0.3334,0.8222,0.364,0.000,0
18.30,dummy,AUIT_Multi,BAC,1.004,1.499,0.902,286.5,5.2,0.403,1.499,1.433,0.334,1.498,1.089,World,Wall4m,25.5,5.2,0.803,0.696,0,0,None,None,0,1,0,0,0.1724,0.8124,0.350,0.000,0
18.40,dummy,AUIT_Multi,BAC,1.011,1.500,0.901,287.5,5.0,0.405,1.499,1.430,0.410,1.498,1.074,World,Wall4m,24.0,5.1,0.805,0.626,0,0,None,None,1,1,1,0,0.0406,0.7973,0.356,0.000,0
18.51,dummy,AUIT_Multi,BAC,1.017,1.499,0.901,287.9,4.8,0.407,1.500,1.428,0.516,1.498,1.068,World,Wall4m,23.4,4.7,0.806,0.528,0,0,None,None,1,1,1,0,0.0257,0.9491,0.377,0.000,0
18.61,dummy,AUIT_Multi,BAC,1.019,1.500,0.900,288.1,4.4,0.408,1.499,1.427,0.571,1.498,1.040,World,Wall4m,23.1,4.3,0.807,0.470,0,0,None,None,1,1,1,0,0.0170,0.6320,0.420,0.000,0
18.71,dummy,AUIT_Multi,BAC,1.020,1.499,0.899,288.5,4.3,0.409,1.500,1.427,0.649,1.499,1.024,World,Wall4m,22.7,4.2,0.807,0.391,0,0,None,None,1,1,1,0,0.0081,0.8201,0.469,0.000,0
18.80,dummy,AUIT_Multi,BAC,1.020,1.499,0.899,288.6,4.5,0.409,1.499,1.430,0.183,1.499,0.893,World,Wall4m,22.8,19.5,0.810,0.837,0,0,None,None,1,1,1,1,0.0382,4.9982,0.583,0.000,1
18.90,dummy,AUIT_Multi,BAC,1.019,1.498,0.899,289.0,4.7,0.409,1.499,1.430,-0.125,1.499,0.829,World,Wall4m,22.6,22.9,0.809,1.146,0,0,None,None,1,1,1,1,0.0037,3.2318,0.804,0.000,1
19.00,dummy,AUIT_Multi,BAC,1.018,1.498,0.900,289.4,4.9,0.408,1.498,1.444,-0.172,1.498,0.825,World,Wall4m,22.9,23.4,0.818,1.193,0,0,None,None,1,1,1,1,0.1314,0.4804,0.848,0.000,1
19.11,dummy,AUIT_Multi,BAC,1.017,1.498,0.899,288.6,5.2,0.408,1.498,1.448,-0.178,1.498,0.815,World,Wall4m,24.0,23.2,0.820,1.198,0,0,None,None,1,1,1,1,0.0380,0.1059,0.863,0.000,1
19.21,dummy,AUIT_Multi,BAC,1.016,1.497,0.899,288.9,5.4,0.407,1.498,1.448,-0.179,1.498,0.803,World,Wall4m,23.8,24.1,0.820,1.199,0,0,None,None,1,1,1,1,0.0075,0.1300,0.872,0.000,1
19.30,dummy,AUIT_Multi,BAC,1.015,1.497,0.898,288.6,5.4,0.407,1.497,1.452,-0.180,1.497,0.801,World,Wall4m,24.2,23.9,0.823,1.199,0,0,None,None,1,1,1,1,0.0358,0.0217,0.876,0.000,1
19.41,dummy,AUIT_Multi,BAC,1.015,1.496,0.898,288.7,5.6,0.407,1.497,1.452,-0.180,1.497,0.793,World,Wall4m,24.3,24.3,0.823,1.200,0,0,None,None,1,1,1,1,0.0052,0.0701,0.882,0.000,1
19.51,dummy,AUIT_Multi,BAC,1.015,1.496,0.897,288.6,5.6,0.407,1.496,1.452,-0.181,1.496,0.793,World,Wall4m,24.4,24.3,0.823,1.200,0,0,None,None,1,1,1,1,0.0060,0.0100,0.883,0.000,1
19.61,dummy,AUIT_Multi,BAC,1.014,1.496,0.896,287.4,5.5,0.407,1.496,1.452,-0.180,1.496,0.782,World,Wall4m,25.6,23.5,0.824,1.199,0,0,None,None,0,1,0,1,0.0019,0.1037,0.890,0.000,0
19.71,dummy,AUIT_Multi,BAC,1.011,1.496,0.890,281.6,5.6,0.407,1.496,1.423,-0.173,1.496,0.719,World,Refrigerator03_Door01,30.3,20.6,0.805,1.196,0,0,None,None,0,1,0,1,0.3041,0.6594,0.912,0.000,0
19.80,dummy,AUIT_Multi,BAC,1.008,1.495,0.883,274.2,5.8,0.415,1.496,1.329,-0.140,1.496,0.612,World,Refrigerator03_Door01,33.2,18.4,0.741,1.179,0,0,None,None,0,1,0,1,0.9712,1.1477,0.906,0.000,0
19.91,dummy,AUIT_Multi,BAC,1.006,1.492,0.878,268.2,7.0,0.452,1.494,1.277,-0.039,1.494,0.623,World,Refrigerator03_Door01,38.1,13.8,0.683,1.077,0,0,None,None,0,1,0,1,0.5674,0.9063,0.818,0.000,0
20.01,dummy,AUIT_Multi,BAC,1.006,1.490,0.877,265.0,7.5,0.481,1.492,1.236,0.046,1.493,0.637,World,Refrigerator03,40.1,11.8,0.636,0.989,0,0,None,None,0,1,0,1,0.5210,0.8945,0.741,0.000,0
20.11,dummy,AUIT_Multi,BAC,1.006,1.490,0.877,263.9,7.7,0.515,1.491,1.200,0.131,1.491,0.661,World,Refrigerator03,40.0,11.0,0.588,0.902,0,0,None,None,0,1,0,1,0.5096,0.8973,0.661,0.000,0
20.21,dummy,AUIT_Multi,BAC,1.007,1.490,0.879,264.0,7.7,0.544,1.489,1.164,0.207,1.490,0.678,World,Refrigerator03,38.2,11.2,0.543,0.825,0,0,None,None,0,1,0,1,0.4750,0.8052,0.591,0.000,0
20.30,dummy,AUIT_Multi,BAC,1.009,1.491,0.882,264.3,7.6,0.584,1.488,1.131,0.289,1.489,0.710,World,Refrigerator03,36.7,10.7,0.492,0.739,0,0,None,None,0,1,0,0,0.5381,0.9099,0.514,0.000,0
20.40,dummy,AUIT_Multi,BAC,1.010,1.491,0.884,264.7,7.3,0.620,1.487,1.097,0.368,1.488,0.736,World,Refrigerator03,34.5,10.4,0.445,0.660,0,0,None,None,0,1,0,0,0.5018,0.8454,0.441,0.000,0
20.51,dummy,AUIT_Multi,BAC,1.013,1.492,0.885,265.1,7.1,0.667,1.485,1.057,0.463,1.487,0.772,World,Refrigerator03_Door01,31.8,9.5,0.386,0.561,0,0,None,None,0,1,0,0,0.5551,0.9215,0.351,0.000,0
20.61,dummy,AUIT_Multi,BAC,1.015,1.492,0.885,265.3,6.8,0.706,1.484,1.023,0.546,1.486,0.801,World,Refrigerator03_Door01,29.1,8.1,0.339,0.477,0,0,None,None,0,1,0,0,0.5361,0.8997,0.273,0.000,0
20.71,dummy,AUIT_Multi,BAC,1.018,1.492,0.885,265.3,6.6,0.738,1.482,0.989,0.623,1.485,0.825,World,Refrigerator03_Door01,25.4,6.9,0.299,0.399,0,0,None,None,0,1,0,0,0.4748,0.8323,0.201,0.000,0
20.80,dummy,AUIT_Multi,BAC,1.020,1.492,0.885,265.6,6.5,0.432,1.485,1.049,0.424,1.487,0.695,World,Refrigerator03_Door01,20.8,14.6,0.610,0.625,0,0,None,None,1,1,0,0,3.2066,2.4503,0.355,0.000,0
20.90,dummy,AUIT_Multi,BAC,1.021,1.492,0.885,265.6,6.4,0.311,1.492,1.083,0.008,1.491,0.437,World,Refrigerator03_Door01,21.0,20.4,0.737,1.108,0,0,None,None,1,1,0,1,1.2967,5.0302,0.714,0.000,0
21.01,dummy,AUIT_Multi,BAC,1.022,1.492,0.884,265.7,6.3,0.314,1.492,1.082,-0.064,1.492,0.393,World,Refrigerator03_Door01,21.0,20.9,0.735,1.191,0,0,None,None,1,1,0,1,0.0321,0.7511,0.786,0.000,0
21.11,dummy,AUIT_Multi,BAC,1.022,1.492,0.882,265.5,6.4,0.315,1.492,1.082,-0.069,1.492,0.387,World,Refrigerator03_Door01,21.2,20.9,0.735,1.199,0,0,None,None,1,1,0,1,0.0020,0.0895,0.794,0.000,0
21.21,dummy,AUIT_Multi,BAC,1.023,1.492,0.881,265.5,6.5,0.315,1.492,1.082,-0.067,1.492,0.379,World,Refrigerator03_Door01,21.3,21.2,0.736,1.200,0,0,None,None,1,1,0,1,0.0023,0.0766,0.800,0.000,0
21.30,dummy,AUIT_Multi,BAC,1.023,1.492,0.881,265.6,6.5,0.315,1.492,1.082,-0.067,1.492,0.378,World,Refrigerator03_Door01,21.3,21.3,0.735,1.200,0,0,None,None,1,1,0,1,0.0081,0.0098,0.801,0.000,0
21.40,dummy,AUIT_Multi,BAC,1.022,1.492,0.881,265.5,6.5,0.316,1.492,1.083,-0.066,1.492,0.377,World,Refrigerator03_Door01,21.5,21.3,0.735,1.200,0,0,None,None,1,1,0,1,0.0035,0.0186,0.803,0.000,0
21.51,dummy,AUIT_Multi,BAC,1.022,1.492,0.881,265.5,6.7,0.315,1.492,1.083,-0.065,1.492,0.373,World,Refrigerator03_Door01,21.5,21.5,0.735,1.200,0,0,None,None,1,1,0,1,0.0021,0.0334,0.805,0.000,0
21.61,dummy,AUIT_Multi,BAC,1.021,1.492,0.881,265.6,6.9,0.317,1.492,1.083,-0.066,1.492,0.373,World,Refrigerator03_Door01,21.5,21.7,0.733,1.200,0,0,None,None,1,1,0,1,0.0153,0.0055,0.807,0.000,0
21.71,dummy,AUIT_Multi,BAC,1.020,1.492,0.881,265.6,6.9,0.319,1.492,1.085,-0.066,1.492,0.373,World,Refrigerator03_Door01,21.7,21.8,0.730,1.199,0,0,None,None,1,1,0,1,0.0289,0.0059,0.810,0.000,0
21.80,dummy,AUIT_Multi,BAC,1.019,1.492,0.882,265.7,7.0,0.320,1.492,1.087,-0.067,1.492,0.372,World,Refrigerator03_Door01,21.8,21.9,0.728,1.199,0,0,None,None,1,1,0,1,0.0246,0.0072,0.813,0.000,0
21.90,dummy,AUIT_Multi,BAC,1.018,1.491,0.883,265.8,7.1,0.322,1.492,1.089,-0.067,1.492,0.372,World,Refrigerator03_Door01,21.9,22.1,0.726,1.200,0,0,None,None,1,1,0,1,0.0287,0.0071,0.816,0.000,0
22.01,dummy,AUIT_Multi,BAC,1.017,1.491,0.883,266.0,7.2,0.326,1.491,1.093,-0.068,1.491,0.371,World,Refrigerator03_Door01,22.0,22.4,0.722,1.200,0,0,None,None,1,1,0,1,0.0439,0.0058,0.822,0.000,0
22.11,dummy,AUIT_Multi,BAC,1.017,1.491,0.884,266.1,7.3,0.329,1.491,1.096,-0.068,1.491,0.371,World,Refrigerator03_Door01,22.3,22.5,0.719,1.200,0,0,None,None,1,1,0,1,0.0515,0.0041,0.827,0.000,0
22.21,dummy,AUIT_Multi,BAC,1.016,1.491,0.885,266.1,7.4,0.331,1.491,1.099,-0.068,1.491,0.371,World,Refrigerator03_Door01,22.5,22.6,0.717,1.200,0,0,None,None,1,1,0,1,0.0348,0.0042,0.830,0.000,0
22.30,dummy,AUIT_Multi,BAC,1.016,1.491,0.886,266.1,7.5,0.332,1.491,1.100,-0.069,1.491,0.371,World,Refrigerator03_Door01,22.5,22.7,0.716,1.200,0,0,None,None,1,1,0,1,0.0182,0.0028,0.832,0.000,0
22.40,dummy,AUIT_Multi,BAC,1.015,1.491,0.886,266.1,7.5,0.334,1.491,1.102,-0.069,1.491,0.371,World,Refrigerator03_Door01,22.7,22.8,0.715,1.200,0,0,None,None,1,1,0,1,0.0285,0.0021,0.835,0.000,0
22.51,dummy,AUIT_Multi,BAC,1.015,1.491,0.887,266.1,7.5,0.334,1.491,1.103,-0.069,1.491,0.371,World,Refrigerator03_Door01,22.7,22.8,0.715,1.200,0,0,None,None,1,1,0,1,0.0078,0.0018,0.835,0.000,0
22.61,dummy,AUIT_Multi,BAC,1.015,1.491,0.888,266.6,7.4,0.337,1.491,1.105,-0.068,1.491,0.371,World,Refrigerator03_Door01,22.3,23.3,0.713,1.200,0,0,None,None,1,1,0,1,0.0303,0.0032,0.838,0.000,0
22.71,dummy,AUIT_Multi,BAC,1.017,1.491,0.891,270.0,7.5,0.359,1.491,1.126,-0.067,1.491,0.372,World,Refrigerator03_Door01,21.0,26.6,0.698,1.202,0,0,None,None,1,0,0,0,0.3160,0.0098,0.866,0.000,0
22.80,dummy,AUIT_Multi,BAC,1.019,1.492,0.897,275.4,7.4,0.397,1.491,1.188,-0.083,1.491,0.414,World,Refrigerator03_Door01,20.9,30.0,0.687,1.203,0,0,None,None,1,0,0,0,0.7512,0.4630,0.910,0.000,0
22.90,dummy,AUIT_Multi,BAC,1.021,1.493,0.902,279.9,6.9,0.412,1.492,1.258,-0.113,1.492,0.504,World,Refrigerator03_Door01,21.5,29.9,0.706,1.202,0,0,None,None,1,0,0,0,0.7449,0.9803,0.919,0.000,0
23.01,dummy,AUIT_Multi,BAC,1.024,1.495,0.908,286.4,6.3,0.412,1.494,1.358,-0.143,1.494,0.625,World,Wall4m,20.8,30.7,0.760,1.201,0,0,None,None,1,0,0,0,0.8942,1.1214,0.920,0.000,0
23.11,dummy,AUIT_Multi,BAC,1.026,1.497,0.911,290.4,5.7,0.426,1.495,1.442,-0.161,1.495,0.734,World,Wall4m,21.8,29.4,0.801,1.201,0,0,None,None,1,0,1,0,0.8661,1.1275,0.920,0.000,0
23.21,dummy,AUIT_Multi,BAC,1.027,1.497,0.913,293.0,5.3,0.478,1.496,1.470,-0.169,1.496,0.819,World,Wall4m,23.0,27.9,0.783,1.200,0,0,None,None,1,0,0,0,0.6122,0.8781,0.918,0.000,0
23.30,dummy,AUIT_Multi,BAC,1.027,1.497,0.913,294.7,5.4,0.515,1.497,1.480,-0.172,1.497,0.870,World,Wall4m,23.8,27.3,0.763,1.199,0,0,None,None,1,0,0,0,0.3963,0.5245,0.919,0.000,0
23.40,dummy,AUIT_Multi,BAC,1.025,1.497,0.913,295.7,5.6,0.548,1.497,1.479,-0.173,1.497,0.909,World,Wall4m,24.7,26.5,0.740,1.199,0,0,None,None,1,0,0,0,0.3360,0.4028,0.919,0.000,0
23.51,dummy,AUIT_Multi,BAC,1.022,1.497,0.911,295.3,5.5,0.555,1.497,1.478,-0.176,1.497,0.920,World,Wall4m,25.8,25.4,0.735,1.198,0,0,None,None,0,0,0,0,0.0701,0.1052,0.920,0.000,0
23.61,dummy,AUIT_Multi,BAC,1.022,1.496,0.912,295.4,5.8,0.554,1.496,1.478,-0.177,1.496,0.920,World,Wall4m,25.7,25.6,0.734,1.199,0,0,None,None,0,0,0,0,0.0140,0.0185,0.920,0.000,0
23.71,dummy,AUIT_Multi,BAC,1.022,1.496,0.913,295.5,5.9,0.554,1.496,1.478,-0.178,1.496,0.921,World,Wall4m,25.6,25.7,0.734,1.200,0,0,None,None,0,0,0,0,0.0052,0.0118,0.920,0.000,0
23.80,dummy,AUIT_Multi,BAC,1.022,1.496,0.914,295.7,6.0,0.555,1.496,1.479,-0.178,1.496,0.924,World,Wall4m,25.4,25.9,0.732,1.200,0,0,None,None,0,0,0,0,0.0166,0.0247,0.920,0.000,0
23.90,dummy,AUIT_Multi,BAC,1.023,1.496,0.916,296.0,6.1,0.561,1.496,1.479,-0.178,1.496,0.931,World,Wall4m,25.3,26.0,0.727,1.201,0,0,None,None,0,0,0,0,0.0602,0.0735,0.920,0.000,0
24.01,dummy,AUIT_Multi,BAC,1.023,1.496,0.919,296.1,6.1,0.567,1.496,1.479,-0.177,1.496,0.938,World,Wall4m,25.5,25.9,0.723,1.200,0,0,None,None,0,0,0,0,0.0516,0.0624,0.920,0.000,0
24.11,dummy,AUIT_Multi,BAC,1.023,1.496,0.921,296.4,6.1,0.571,1.496,1.480,-0.177,1.496,0.943,World,Wall4m,25.3,26.0,0.719,1.200,0,0,None,None,0,0,0,0,0.0417,0.0524,0.921,0.000,0
24.21,dummy,AUIT_Multi,BAC,1.024,1.496,0.923,297.2,6.2,0.579,1.496,1.480,-0.176,1.496,0.952,World,Wall4m,24.9,26.5,0.713,1.200,0,0,None,None,1,0,0,0,0.0791,0.1018,0.921,0.000,0
24.30,dummy,AUIT_Multi,BAC,1.026,1.496,0.927,300.7,6.5,0.600,1.496,1.482,-0.174,1.496,0.982,World,Wall4m,22.7,28.8,0.699,1.201,0,0,None,None,1,0,0,0,0.2234,0.3087,0.922,0.000,0
24.40,dummy,AUIT_Multi,BAC,1.029,1.496,0.932,307.8,6.7,0.666,1.496,1.479,-0.163,1.496,1.073,World,Wall4m,19.8,31.7,0.657,1.201,0,0,None,None,1,0,0,0,0.6799,0.9440,0.924,0.000,0
24.51,dummy,AUIT_Multi,BAC,1.034,1.496,0.935,316.9,6.5,0.821,1.495,1.368,-0.090,1.495,1.227,World,Quad,18.0,33.0,0.483,1.161,0,0,None,None,1,0,0,0,1.7093,1.5273,0.921,0.000,0
24.61,dummy,AUIT_Multi,BAC,1.037,1.497,0.936,325.2,5.5,0.936,1.496,1.230,0.156,1.496,1.297,World,Quad,16.6,33.4,0.310,0.952,0,0,None,None,1,0,0,0,1.8517,2.6291,0.783,0.000,0
24.71,dummy,AUIT_Multi,BAC,1.040,1.498,0.937,332.8,4.7,0.995,1.497,1.187,0.217,1.497,1.430,World,Quad,17.5,32.2,0.254,0.959,0,0,None,None,1,0,0,0,0.7483,1.4992,0.815,0.000,0
24.80,dummy,AUIT_Multi,BAC,1.043,1.499,0.938,339.9,4.0,1.033,1.498,1.170,0.233,1.498,1.584,World,Quad,18.0,31.5,0.232,1.036,0,0,None,None,1,0,0,0,0.4337,1.5966,0.901,0.000,0
24.90,dummy,AUIT_Multi,BAC,1.048,1.500,0.938,345.9,3.4,1.065,1.499,1.166,0.340,1.499,1.629,World,CabinetD05,18.8,31.8,0.229,0.989,0,0,None,None,1,0,0,0,0.3340,1.1907,0.861,0.000,0
25.01,dummy,AUIT_Multi,BAC,1.051,1.500,0.939,350.9,3.0,1.097,1.500,1.168,0.427,1.499,1.574,World,CabinetD05,20.7,35.5,0.233,0.891,0,0,None,None,1,0,0,0,0.2856,0.9270,0.784,0.000,0
25.11,dummy,AUIT_Multi,BAC,1.053,1.501,0.941,353.0,2.8,1.117,1.500,1.170,0.491,1.499,1.529,World,CabinetD05,22.8,36.7,0.238,0.813,0,0,None,None,1,0,0,0,0.2048,0.8113,0.721,0.000,0
25.21,dummy,AUIT_Multi,BAC,1.054,1.501,0.943,353.5,2.9,1.127,1.501,1.173,0.552,1.499,1.484,World,CabinetD05,24.4,36.5,0.241,0.737,0,0,None,None,1,0,0,0,0.1098,0.7776,0.654,0.000,0
25.30,dummy,AUIT_Multi,BAC,1.054,1.501,0.946,353.4,3.1,1.130,1.501,1.174,0.611,1.499,1.438,World,CabinetD05,25.3,35.5,0.240,0.662,0,0,None,None,0,0,0,0,0.0326,0.7683,0.583,0.000,0
25.40,dummy,AUIT_Multi,BAC,1.054,1.501,0.949,353.0,3.1,1.129,1.501,1.174,0.669,1.499,1.393,World,CabinetD05,25.6,34.1,0.238,0.588,0,0,None,None,0,0,0,0,0.0085,0.7618,0.509,0.000,0
25.51,dummy,AUIT_Multi,BAC,1.054,1.501,0.951,352.5,3.1,1.127,1.501,1.174,0.735,1.499,1.338,World,CabinetD05,25.7,32.1,0.235,0.502,0,0,None,None,0,0,0,0,0.0241,0.7633,0.425,0.000,0
25.61,dummy,AUIT_Multi,BAC,1.054,1.501,0.952,352.6,3.1,1.125,1.501,1.174,0.793,1.499,1.291,World,CabinetD05,25.4,30.2,0.233,0.427,0,0,None,None,0,0,0,0,0.0217,0.7693,0.351,0.000,0
25.71,dummy,AUIT_Multi,BAC,1.053,1.501,0.953,352.8,3.3,1.124,1.501,1.174,0.851,1.499,1.247,World,CabinetD05,25.3,27.4,0.232,0.356,0,0,None,None,0,0,0,0,0.0077,0.7560,0.282,0.000,0
25.80,dummy,AUIT_Multi,BAC,1.052,1.501,0.954,353.1,3.5,1.124,1.501,1.175,0.912,1.499,1.198,World,CabinetD05,25.3,23.1,0.233,0.281,0,0,None,None,0,1,0,0,0.0045,0.8030,0.213,0.000,0
25.90,dummy,AUIT_Multi,BAC,1.050,1.501,0.953,353.2,3.4,1.124,1.501,1.175,0.897,1.499,1.253,World,CabinetD05,25.4,20.5,0.234,0.336,0,0,None,None,0,1,0,0,0.0044,0.5863,0.240,0.000,0
26.01,dummy,AUIT_Multi,BAC,1.048,1.501,0.952,353.0,3.5,1.114,1.500,1.165,0.863,1.499,1.304,World,CabinetD05,24.4,21.0,0.223,0.398,0,0,None,None,1,1,0,0,0.1249,0.5518,0.287,0.000,0
26.11,dummy,AUIT_Multi,BAC,1.046,1.501,0.950,352.6,3.7,1.104,1.500,1.156,0.867,1.499,1.301,World,CabinetD05,23.3,20.0,0.214,0.394,0,0,None,None,1,1,0,0,0.1367,0.0603,0.278,0.000,0
26.21,dummy,AUIT_Multi,BAC,1.044,1.501,0.948,352.1,3.7,1.094,1.499,1.146,0.885,1.499,1.277,World,CabinetD05,22.3,18.4,0.204,0.365,0,0,None,None,1,1,0,0,0.1427,0.3024,0.247,0.000,0
26.30,dummy,AUIT_Multi,BAC,1.043,1.500,0.947,351.8,3.7,1.085,1.499,1.137,0.891,1.499,1.272,World,CabinetD05,20.8,17.1,0.195,0.359,0,0,None,None,1,1,0,0,0.1371,0.0862,0.236,0.000,0
26.40,dummy,AUIT_Multi,BAC,1.042,1.500,0.945,351.4,3.8,1.075,1.498,1.128,0.899,1.499,1.270,World,CabinetD05,19.0,15.6,0.186,0.354,0,0,None,None,1,1,0,0,0.1378,0.0792,0.226,0.000,0
26.51,dummy,AUIT_Multi,BAC,1.041,1.500,0.944,350.9,3.9,1.063,1.497,1.117,0.934,1.499,1.219,World,Quad,16.4,12.9,0.174,0.295,0,0,None,None,1,1,0,0,0.1482,0.5507,0.164,0.000,0
26.61,dummy,AUIT_Multi,BAC,1.041,1.500,0.944,350.3,4.0,1.053,1.497,1.108,0.944,1.499,1.208,World,Quad,14.1,11.2,0.165,0.282,0,0,None,None,1,1,0,0,0.1333,0.1467,0.148,0.000,0
26.71,dummy,AUIT_Multi,BAC,1.041,1.500,0.943,349.7,4.1,1.044,1.496,1.099,0.954,1.499,1.190,World,Quad,11.6,9.8,0.156,0.262,0,0,None,None,1,1,0,0,0.1360,0.2156,0.128,0.000,0
26.80,dummy,AUIT_Multi,BAC,1.041,1.500,0.944,349.1,4.3,1.035,1.495,1.090,0.963,1.499,1.176,World,Quad,8.8,8.8,0.147,0.245,0,0,None,None,1,1,0,0,0.1276,0.1706,0.112,0.648,0
26.90,dummy,AUIT_Multi,BAC,1.041,1.499,0.945,348.7,4.6,1.011,1.495,1.097,0.993,1.499,1.133,World,Quad,2.8,5.3,0.155,0.194,0,0,None,None,1,1,0,0,0.2556,0.5409,0.041,0.574,0
27.01,dummy,AUIT_Multi,BAC,1.042,1.499,0.946,348.3,4.9,0.796,1.499,1.466,1.032,1.499,1.247,World,Quad,14.5,11.0,0.575,0.301,0,0,None,None,1,1,0,0,3.8690,1.0881,0.322,0.000,0
27.11,dummy,AUIT_Multi,BAC,1.043,1.499,0.948,348.1,5.0,0.757,1.499,1.484,1.061,1.499,1.241,World,Quad,16.8,16.3,0.608,0.294,0,0,None,None,1,1,0,0,0.4408,0.3056,0.390,0.000,0
27.21,dummy,AUIT_Multi,BAC,1.044,1.499,0.949,347.9,5.2,0.753,1.499,1.482,1.066,1.499,1.240,World,Quad,17.2,17.3,0.607,0.291,0,0,None,None,1,1,0,0,0.0463,0.0447,0.395,0.000,0
27.30,dummy,AUIT_Multi,BAC,1.044,1.499,0.951,347.8,5.4,0.752,1.499,1.482,1.066,1.499,1.239,World,Quad,17.4,17.3,0.606,0.289,0,0,None,None,1,1,0,0,0.0135,0.0020,0.397,0.000,0
27.40,dummy,AUIT_Multi,BAC,1.044,1.499,0.952,347.7,5.5,0.751,1.499,1.483,1.066,1.499,1.239,World,Quad,17.4,17.5,0.606,0.288,0,0,None,None,1,1,0,0,0.0085,0.0008,0.397,0.000,0
27.51,dummy,AUIT_Multi,BAC,1.044,1.499,0.954,347.7,5.5,0.750,1.499,1.483,1.066,1.499,1.239,World,Quad,17.6,17.5,0.605,0.287,0,0,None,None,1,1,0,0,0.0094,0.0011,0.398,0.000,0
27.61,dummy,AUIT_Multi,BAC,1.043,1.499,0.955,347.6,5.7,0.749,1.499,1.483,1.066,1.499,1.239,World,Quad,17.5,17.9,0.605,0.286,0,0,None,None,1,1,0,0,0.0127,0.0009,0.400,0.000,0
27.71,dummy,AUIT_Multi,BAC,1.042,1.499,0.955,347.1,5.7,0.740,1.499,1.484,1.066,1.499,1.239,World,Quad,17.7,18.6,0.609,0.285,0,0,None,None,1,1,0,0,0.0940,0.0003,0.407,0.000,0
27.80,dummy,AUIT_Multi,BAC,1.041,1.499,0.956,347.1,5.7,0.728,1.499,1.485,1.066,1.499,1.239,World,Quad,18.6,18.7,0.614,0.285,0,0,None,None,1,1,0,0,0.1213,0.0006,0.417,0.000,0
27.90,dummy,AUIT_Multi,BAC,1.040,1.499,0.956,347.2,5.7,0.726,1.499,1.485,1.066,1.499,1.239,World,Quad,18.8,18.9,0.615,0.284,0,0,None,None,1,1,0,0,0.0273,0.0001,0.419,0.000,0
28.01,dummy,AUIT_Multi,BAC,1.039,1.499,0.956,347.2,5.7,0.722,1.499,1.485,1.066,1.499,1.239,World,Quad,19.0,19.1,0.616,0.284,0,0,None,None,1,1,0,0,0.0301,0.0002,0.422,0.000,0
28.11,dummy,AUIT_Multi,BAC,1.038,1.499,0.956,347.4,5.7,0.721,1.499,1.485,1.066,1.499,1.239,World,Quad,19.2,19.1,0.616,0.284,0,0,None,None,1,1,0,0,0.0100,0.0028,0.423,0.000,0
28.21,dummy,AUIT_Multi,BAC,1.038,1.499,0.956,347.6,5.7,0.722,1.499,1.485,1.067,1.499,1.239,World,Wall4m,19.3,19.1,0.617,0.285,0,0,None,None,1,1,0,0,0.0013,0.0088,0.424,0.000,0
28.30,dummy,AUIT_Multi,BAC,1.037,1.499,0.955,347.8,5.8,0.722,1.499,1.485,1.068,1.499,1.239,World,Wall4m,19.4,19.3,0.617,0.286,0,0,None,None,1,1,0,0,0.0025,0.0115,0.425,0.000,0
28.41,dummy,AUIT_Multi,BAC,1.037,1.499,0.954,347.8,5.9,0.721,1.499,1.485,1.069,1.499,1.239,World,Wall4m,19.4,19.5,0.617,0.287,0,0,None,None,1,1,0,0,0.0028,0.0052,0.425,0.000,0
28.51,dummy,AUIT_Multi,BAC,1.037,1.499,0.954,348.1,5.9,0.721,1.499,1.484,1.069,1.499,1.239,World,Wall4m,19.7,19.3,0.617,0.287,0,0,None,None,1,1,0,0,0.0034,0.0084,0.426,0.000,0
28.61,dummy,AUIT_Multi,BAC,1.037,1.499,0.953,348.0,6.0,0.721,1.499,1.484,1.071,1.499,1.239,World,Wall4m,19.7,19.8,0.617,0.288,0,0,None,None,1,1,0,0,0.0019,0.0200,0.427,0.000,0
28.71,dummy,AUIT_Multi,BAC,1.037,1.498,0.953,348.0,6.1,0.721,1.498,1.484,1.071,1.498,1.239,World,Wall4m,19.7,19.8,0.618,0.288,0,0,None,None,1,1,0,0,0.0073,0.0028,0.428,0.000,0
28.80,dummy,AUIT_Multi,BAC,1.038,1.499,0.953,348.0,5.9,0.721,1.498,1.484,1.072,1.498,1.239,World,Wall4m,19.7,19.6,0.619,0.289,0,0,None,None,1,1,0,0,0.0017,0.0029,0.428,0.000,0
28.91,dummy,AUIT_Multi,BAC,1.039,1.499,0.952,348.2,5.8,0.721,1.499,1.484,1.073,1.499,1.239,World,Wall4m,19.9,19.5,0.620,0.290,0,0,None,None,1,1,0,0,0.0032,0.0162,0.429,0.000,0
29.01,dummy,AUIT_Multi,BAC,1.040,1.499,0.952,348.3,5.8,0.721,1.499,1.484,1.076,1.499,1.239,World,Wall4m,20.1,19.7,0.621,0.290,0,0,None,None,1,1,0,0,0.0021,0.0251,0.431,0.000,0
29.11,dummy,AUIT_Multi,BAC,1.041,1.499,0.952,348.5,5.7,0.721,1.499,1.484,1.079,1.499,1.239,World,Wall4m,20.3,19.7,0.621,0.290,0,0,None,None,1,1,0,0,0.0003,0.0270,0.433,0.000,0
29.21,dummy,AUIT_Multi,BAC,1.042,1.499,0.952,348.7,5.7,0.721,1.499,1.484,1.082,1.499,1.240,World,Wall4m,20.6,20.1,0.621,0.291,0,0,None,None,1,1,0,0,0.0011,0.0386,0.436,0.000,0
29.30,dummy,AUIT_Multi,BAC,1.042,1.499,0.952,348.8,5.8,0.721,1.499,1.484,1.085,1.499,1.240,World,Wall4m,20.7,20.5,0.621,0.291,0,0,None,None,1,1,0,0,0.0012,0.0279,0.439,0.000,0
29.41,dummy,AUIT_Multi,BAC,1.042,1.499,0.953,348.9,5.8,0.721,1.499,1.484,1.086,1.499,1.240,World,Wall4m,20.9,20.7,0.621,0.290,0,0,None,None,1,1,0,0,0.0021,0.0118,0.440,0.000,0
29.51,dummy,AUIT_Multi,BAC,1.042,1.499,0.954,348.9,5.9,0.721,1.499,1.484,1.087,1.499,1.240,World,Wall4m,20.9,20.9,0.620,0.290,0,0,None,None,1,1,0,0,0.0023,0.0056,0.441,0.000,0
29.61,dummy,AUIT_Multi,BAC,1.042,1.499,0.954,348.7,5.8,0.719,1.499,1.485,1.087,1.499,1.240,World,Wall4m,20.8,21.0,0.621,0.289,0,0,None,None,1,1,0,0,0.0123,0.0008,0.442,0.000,0
29.70,dummy,AUIT_Multi,BAC,1.043,1.499,0.954,348.4,5.7,0.715,1.499,1.485,1.087,1.499,1.240,World,Wall4m,20.9,21.1,0.624,0.289,0,0,None,None,1,1,0,0,0.0465,0.0014,0.446,0.000,0
29.80,dummy,AUIT_Multi,BAC,1.044,1.499,0.955,348.3,5.7,0.713,1.499,1.485,1.087,1.499,1.240,World,Wall4m,21.1,20.9,0.625,0.288,0,0,None,None,1,1,0,0,0.0191,0.0019,0.447,0.000,0
29.91,dummy,AUIT_Multi,BAC,1.045,1.500,0.956,347.8,5.3,0.710,1.499,1.485,1.087,1.499,1.240,World,Wall4m,20.7,21.3,0.627,0.287,0,0,None,None,1,1,0,0,0.0286,0.0049,0.451,0.000,0
30.01,dummy,AUIT_Multi,BAC,1.042,1.500,0.956,345.4,5.1,0.691,1.500,1.488,1.087,1.500,1.240,World,Wall4m,19.5,24.1,0.637,0.287,0,0,None,None,1,1,0,0,0.1922,0.0055,0.467,0.000,0
30.11,dummy,AUIT_Multi,BAC,1.035,1.500,0.955,338.8,4.9,0.593,1.500,1.492,1.081,1.500,1.240,World,Quad,18.8,30.7,0.696,0.289,0,0,None,None,1,0,0,0,1.0088,0.0687,0.549,0.000,0
30.21,dummy,AUIT_Multi,BAC,1.028,1.498,0.951,330.5,5.2,0.456,1.500,1.486,1.044,1.500,1.417,World,Quad,18.2,31.9,0.783,0.466,0,0,None,None,1,0,0,0,1.4150,1.8589,0.592,0.000,0
30.30,dummy,AUIT_Multi,BAC,1.022,1.497,0.947,324.2,5.9,0.415,1.498,1.383,0.963,1.498,1.608,World,Wall4m,19.4,31.3,0.748,0.664,0,0,None,None,1,0,0,0,1.1423,2.1440,0.593,0.000,0
30.41,dummy,AUIT_Multi,BAC,1.015,1.496,0.942,316.7,5.9,0.408,1.497,1.268,0.866,1.497,1.641,World,Quad,19.3,31.8,0.689,0.715,0,0,None,None,1,0,0,0,1.0353,0.9238,0.591,0.000,0
30.51,dummy,AUIT_Multi,BAC,1.007,1.496,0.935,307.4,6.2,0.367,1.496,1.180,0.757,1.496,1.651,World,Quad,17.6,33.9,0.685,0.758,0,0,None,None,1,0,0,0,0.9998,1.1209,0.611,0.000,0
30.61,dummy,AUIT_Multi,BAC,1.001,1.494,0.928,299.2,6.8,0.185,1.495,1.092,0.740,1.496,1.602,World,Quad,19.1,40.1,0.832,0.723,0,0,None,None,1,0,1,0,2.0665,0.5214,0.755,0.000,0
30.71,dummy,AUIT_Multi,BAC,0.997,1.492,0.923,293.3,7.6,0.095,1.494,0.988,0.729,1.496,1.559,World,Wall4m,20.7,44.4,0.904,0.690,0,0,None,None,1,0,1,0,1.4140,0.4657,0.853,0.000,0
30.80,dummy,AUIT_Multi,BAC,0.993,1.490,0.920,288.9,8.3,0.094,1.492,0.891,0.698,1.495,1.520,World,Wall4m,22.3,45.6,0.899,0.668,0,0,None,None,1,0,1,0,0.9933,0.5083,0.872,0.000,0
30.91,dummy,AUIT_Multi,BAC,0.990,1.490,0.914,283.9,9.1,0.093,1.490,0.808,0.698,1.495,1.458,World,Refrigerator03_Door01,22.5,48.6,0.903,0.617,0,0,None,None,1,0,1,0,0.7511,0.5640,0.887,0.000,0
31.01,dummy,AUIT_Multi,BAC,0.987,1.490,0.905,276.4,9.0,0.079,1.490,0.712,0.705,1.495,1.389,World,Quad,20.4,54.0,0.929,0.560,0,0,None,None,1,0,1,0,0.9917,0.7047,0.922,0.000,0
31.11,dummy,AUIT_Multi,BAC,0.986,1.489,0.895,268.8,9.3,0.021,1.490,0.558,0.692,1.495,1.323,World,Quad,20.2,57.3,1.022,0.519,0,0,None,None,1,0,1,0,1.7026,0.6966,1.017,0.000,0
31.20,dummy,AUIT_Multi,BAC,0.986,1.487,0.887,261.1,8.6,-0.013,1.488,0.378,0.650,1.495,1.278,World,Quad,20.0,58.8,1.121,0.516,0,0,None,None,1,0,1,0,1.8837,0.6315,1.118,0.000,0
31.30,dummy,AUIT_Multi,BAC,0.988,1.487,0.880,256.0,8.6,0.009,1.487,0.216,0.642,1.495,1.213,World,Refrigerator03,21.8,58.3,1.184,0.480,0,0,None,None,1,0,1,0,1.6834,0.6793,1.181,0.000,0
31.41,dummy,AUIT_Multi,BAC,0.992,1.485,0.880,256.9,9.2,0.047,1.486,0.141,0.647,1.494,1.162,World,Refrigerator03,26.5,53.1,1.200,0.446,0,0,None,None,0,0,0,0,0.7547,0.4584,1.184,0.000,0
31.51,dummy,AUIT_Multi,BAC,0.995,1.485,0.881,257.1,9.0,0.048,1.486,0.140,0.497,1.493,1.127,World,Refrigerator03,26.6,40.2,1.202,0.556,0,0,None,None,0,0,0,0,0.0197,1.5838,1.084,0.000,0
31.61,dummy,AUIT_Multi,BAC,0.999,1.486,0.882,257.6,8.7,0.049,1.485,0.144,0.398,1.490,1.109,World,Refrigerator03,26.8,34.1,1.203,0.643,0,0,None,None,0,0,0,0,0.0425,1.0311,1.026,0.000,0
31.70,dummy,AUIT_Multi,BAC,1.001,1.486,0.884,258.5,8.4,0.043,1.486,0.157,0.406,1.489,1.090,World,Refrigerator03,26.9,31.7,1.203,0.630,0,0,None,None,0,0,0,0,0.1482,0.2108,1.001,0.000,0
31.80,dummy,AUIT_Multi,BAC,1.003,1.487,0.885,259.1,8.3,0.036,1.486,0.171,0.413,1.488,1.071,World,Refrigerator03,26.7,29.5,1.202,0.618,0,0,None,None,0,0,0,0,0.1583,0.2124,0.975,0.000,0
31.91,dummy,AUIT_Multi,BAC,1.003,1.487,0.886,259.6,8.4,0.030,1.487,0.183,0.435,1.487,1.046,World,Refrigerator03,26.7,27.3,1.201,0.590,0,0,None,None,0,0,0,0,0.1206,0.3042,0.953,0.000,0
32.01,dummy,AUIT_Multi,BAC,1.004,1.487,0.886,259.9,8.3,0.025,1.487,0.191,0.443,1.486,1.025,World,Refrigerator03,26.6,25.3,1.200,0.578,0,0,None,None,0,0,0,0,0.0928,0.2238,0.933,0.000,0
32.11,dummy,AUIT_Multi,BAC,1.003,1.487,0.886,260.5,8.4,0.020,1.487,0.199,0.451,1.485,1.006,World,Refrigerator03,26.7,23.2,1.200,0.565,0,0,None,None,0,1,0,0,0.0962,0.2183,0.915,0.000,0
32.20,dummy,AUIT_Multi,BAC,1.003,1.487,0.885,260.5,8.4,0.015,1.487,0.204,0.469,1.484,0.981,World,Refrigerator03,26.3,21.2,1.199,0.543,0,0,None,None,0,1,0,0,0.0763,0.3130,0.900,0.000,0
32.30,dummy,AUIT_Multi,BAC,1.002,1.487,0.884,260.8,8.4,0.013,1.487,0.206,0.472,1.482,0.962,World,Refrigerator03,26.5,19.2,1.199,0.536,0,0,None,None,0,1,0,0,0.0240,0.2040,0.884,0.000,0
32.41,dummy,AUIT_Multi,BAC,1.001,1.486,0.882,260.7,8.4,0.010,1.487,0.208,0.488,1.481,0.935,World,Refrigerator03,26.3,17.0,1.199,0.516,0,0,None,None,0,1,0,0,0.0346,0.2748,0.870,0.000,0
32.51,dummy,AUIT_Multi,BAC,1.000,1.486,0.881,260.6,8.5,0.009,1.486,0.207,0.498,1.480,0.912,World,Refrigerator03,26.2,15.0,1.198,0.503,0,0,None,None,0,1,0,0,0.0169,0.2653,0.858,0.000,0
32.61,dummy,AUIT_Multi,BAC,0.999,1.486,0.880,261.0,8.6,0.044,1.486,0.240,0.305,1.482,0.996,World,Refrigerator03,26.2,20.1,1.150,0.704,0,0,None,None,0,1,0,0,0.4886,2.1650,0.800,0.000,0
32.71,dummy,AUIT_Multi,BAC,0.997,1.486,0.880,261.3,8.6,0.104,1.486,0.296,0.333,1.481,0.983,World,Refrigerator03,25.8,19.3,1.067,0.673,0,0,None,None,0,1,0,0,0.8459,0.3096,0.724,0.000,0
32.80,dummy,AUIT_Multi,BAC,0.996,1.486,0.879,261.5,8.7,0.162,1.486,0.352,0.344,1.481,0.976,World,Refrigerator03,25.2,18.8,0.987,0.659,0,0,None,None,0,1,0,0,0.8302,0.1358,0.650,0.000,0
32.90,dummy,AUIT_Multi,BAC,0.994,1.486,0.879,261.7,8.8,0.222,1.486,0.409,0.367,1.481,0.964,World,Refrigerator03,24.6,18.0,0.904,0.633,0,0,None,None,1,1,1,0,0.8479,0.2706,0.574,0.000,0
33.01,dummy,AUIT_Multi,BAC,0.993,1.486,0.879,261.9,8.8,0.285,1.486,0.473,0.382,1.481,0.954,World,Refrigerator03,23.4,17.2,0.817,0.616,0,0,None,None,1,1,1,0,0.8108,0.1601,0.490,0.000,0
33.11,dummy,AUIT_Multi,BAC,0.993,1.486,0.880,261.9,8.9,0.345,1.486,0.533,0.405,1.481,0.938,World,Refrigerator03,21.8,16.1,0.734,0.591,0,0,None,None,1,1,0,0,0.8808,0.2903,0.409,0.000,0
33.21,dummy,AUIT_Multi,BAC,0.992,1.486,0.881,261.8,8.9,0.410,1.486,0.598,0.433,1.480,0.919,World,Quad,19.8,14.7,0.647,0.561,0,0,None,None,1,1,0,0,0.9365,0.3458,0.323,0.000,0
33.30,dummy,AUIT_Multi,BAC,0.992,1.485,0.882,261.9,8.9,0.459,1.486,0.656,0.441,1.480,0.905,World,Quad,17.3,13.4,0.579,0.551,0,0,None,None,1,1,0,0,0.7841,0.1731,0.249,0.000,0
33.41,dummy,AUIT_Multi,BAC,0.991,1.485,0.883,261.9,9.0,0.532,1.486,0.722,0.468,1.480,0.893,World,Quad,14.5,12.4,0.487,0.523,0,0,None,None,1,1,0,0,0.8804,0.2669,0.183,0.000,0
33.51,dummy,AUIT_Multi,BAC,0.991,1.485,0.884,262.0,9.0,0.590,1.486,0.775,0.486,1.480,0.885,World,Quad,11.6,11.6,0.416,0.506,0,0,None,None,1,1,0,0,0.8175,0.1961,0.152,0.215,0
33.61,dummy,AUIT_Multi,BAC,0.992,1.485,0.886,262.1,9.1,0.182,1.486,0.572,0.081,1.483,0.971,World,Quad,16.0,16.0,0.868,0.915,0,0,None,None,1,1,1,1,4.6496,4.2256,0.412,0.000,1
33.71,dummy,AUIT_Multi,BAC,0.993,1.485,0.887,262.1,9.1,0.000,1.485,0.471,-0.158,1.485,1.025,World,Quad,17.3,17.3,1.076,1.159,0,0,None,None,1,1,1,1,2.1508,2.5204,0.576,0.000,1
33.80,dummy,AUIT_Multi,BAC,0.994,1.486,0.888,262.1,9.1,0.010,1.485,0.472,-0.193,1.485,1.034,World,Quad,17.5,17.4,1.068,1.195,0,0,None,None,1,1,1,1,0.1014,0.3739,0.597,0.000,1
33.90,dummy,AUIT_Multi,BAC,0.995,1.486,0.890,262.2,9.0,0.012,1.486,0.473,-0.196,1.486,1.038,World,Quad,17.6,17.4,1.068,1.200,0,0,None,None,1,1,1,1,0.0224,0.0512,0.602,0.000,1
34.01,dummy,AUIT_Multi,BAC,0.996,1.486,0.892,262.4,8.8,0.012,1.486,0.473,-0.195,1.486,1.045,World,Quad,17.7,17.3,1.069,1.201,0,0,None,None,1,1,1,1,0.0028,0.0650,0.608,0.000,1
34.11,dummy,AUIT_Multi,BAC,0.997,1.486,0.893,262.6,8.8,0.012,1.486,0.473,-0.192,1.486,1.057,World,Quad,18.0,17.5,1.071,1.201,0,0,None,None,1,1,1,1,0.0026,0.1337,0.619,0.000,1
34.21,dummy,AUIT_Multi,BAC,0.997,1.486,0.895,262.9,8.8,0.013,1.486,0.473,-0.190,1.486,1.069,World,Quad,18.3,17.7,1.071,1.200,0,0,None,None,1,1,1,1,0.0030,0.1242,0.630,0.000,1
34.30,dummy,AUIT_Multi,BAC,0.998,1.488,0.897,265.1,8.7,0.013,1.487,0.473,-0.185,1.487,1.097,World,Quad,20.2,16.8,1.073,1.200,0,0,None,None,1,1,1,1,0.0066,0.2879,0.654,0.000,1
34.40,dummy,AUIT_Multi,BAC,0.999,1.489,0.901,268.1,8.2,0.013,1.488,0.473,-0.163,1.488,1.195,World,Refrigerator03_Door01,23.0,18.0,1.075,1.198,0,0,None,None,1,1,1,1,0.0124,1.0406,0.743,0.000,1
34.51,dummy,AUIT_Multi,BAC,1.000,1.491,0.909,274.2,7.2,0.013,1.490,0.479,0.073,1.490,1.273,World,Refrigerator03_Door01,28.6,18.7,1.076,0.995,0,0,None,None,0,1,0,1,0.0520,2.2386,0.797,0.000,0
34.61,dummy,AUIT_Multi,BAC,1.000,1.493,0.917,280.5,6.7,0.050,1.492,0.568,0.203,1.492,1.359,World,Refrigerator03_Door01,31.3,19.7,1.012,0.911,0,0,None,None,0,1,0,1,0.9862,1.5951,0.806,0.000,0
34.70,dummy,AUIT_Multi,BAC,1.000,1.494,0.927,286.7,6.4,0.089,1.493,0.690,0.220,1.493,1.487,World,Wall4m,31.7,20.0,0.942,0.961,0,0,None,None,0,1,0,1,1.3378,1.3447,0.808,0.000,0
34.80,dummy,AUIT_Multi,BAC,1.001,1.494,0.934,292.0,6.2,0.096,1.494,0.801,0.244,1.494,1.613,World,Wall4m,30.9,20.8,0.915,1.017,0,0,None,None,0,1,0,1,1.1314,1.3045,0.825,0.000,0
34.91,dummy,AUIT_Multi,BAC,1.001,1.495,0.942,296.8,6.1,0.096,1.495,0.904,0.358,1.495,1.647,World,Wall4m,29.8,21.7,0.906,0.954,0,0,None,None,0,1,0,1,0.9297,1.0801,0.788,0.000,0
35.01,dummy,AUIT_Multi,BAC,1.000,1.495,0.948,299.2,6.4,0.132,1.495,0.971,0.445,1.495,1.649,World,Wall4m,28.4,23.3,0.868,0.895,0,0,None,None,0,1,0,1,0.7755,0.8915,0.747,0.000,0
35.11,dummy,AUIT_Multi,BAC,0.999,1.494,0.952,300.6,6.8,0.191,1.495,1.007,0.494,1.495,1.650,World,Wall4m,27.5,24.4,0.810,0.862,0,0,None,None,0,1,0,1,0.7086,0.4975,0.711,0.000,0
35.20,dummy,AUIT_Multi,BAC,0.999,1.494,0.955,301.5,7.2,0.225,1.494,1.029,0.522,1.494,1.650,World,Wall4m,27.0,25.0,0.777,0.842,0,0,None,None,0,0,0,0,0.4229,0.2985,0.689,0.000,0
35.30,dummy,AUIT_Multi,BAC,0.999,1.493,0.960,302.2,7.6,0.243,1.494,1.043,0.540,1.494,1.650,World,Wall4m,27.0,25.3,0.760,0.829,0,0,None,None,0,0,0,0,0.2316,0.1815,0.676,0.000,0
35.41,dummy,AUIT_Multi,BAC,0.999,1.493,0.964,303.7,7.9,0.271,1.494,1.058,0.561,1.494,1.650,World,Wall4m,27.5,24.9,0.735,0.814,0,0,None,None,0,1,0,1,0.2816,0.1889,0.660,0.000,0
35.51,dummy,AUIT_Multi,BAC,1.000,1.494,0.969,305.6,7.8,0.298,1.494,1.076,0.584,1.494,1.655,World,Wall4m,27.9,24.5,0.710,0.802,0,0,None,None,0,1,0,1,0.3347,0.2437,0.646,0.000,0
35.61,dummy,AUIT_Multi,BAC,1.002,1.495,0.975,309.9,7.6,0.330,1.494,1.102,0.612,1.494,1.677,World,Wall4m,30.0,22.3,0.684,0.803,0,0,None,None,0,1,0,1,0.4318,0.3605,0.640,0.000,0
35.71,dummy,AUIT_Multi,BAC,1.006,1.496,0.981,316.6,7.3,0.375,1.495,1.154,0.630,1.493,1.628,World,Wall4m,32.0,15.0,0.654,0.748,0,0,None,None,0,1,0,0,0.7013,0.5310,0.538,0.000,0
35.80,dummy,AUIT_Multi,BAC,1.008,1.496,0.986,323.1,7.0,0.406,1.496,1.228,0.654,1.493,1.586,World,Wall4m,31.8,9.3,0.649,0.697,0,0,None,None,0,1,0,0,0.8356,0.5060,0.435,0.000,0
35.90,dummy,AUIT_Multi,BAC,1.009,1.497,0.988,328.2,6.8,0.412,1.496,1.309,0.663,1.492,1.543,World,Wall4m,30.6,6.4,0.678,0.653,0,0,None,None,0,1,0,0,0.8282,0.4522,0.343,0.000,0
36.01,dummy,AUIT_Multi,BAC,1.009,1.496,0.989,332.3,7.0,0.410,1.497,1.394,0.688,1.491,1.499,World,Wall4m,29.0,7.9,0.723,0.602,0,0,None,None,0,1,0,0,0.7716,0.4577,0.297,0.000,0
36.11,dummy,AUIT_Multi,BAC,1.010,1.496,0.989,335.2,6.9,0.410,1.496,1.450,0.688,1.490,1.452,World,Wall4m,28.4,11.7,0.756,0.564,0,0,None,None,0,1,0,0,0.5661,0.4733,0.278,1.000,0
36.20,dummy,AUIT_Multi,BAC,1.010,1.497,0.987,337.4,6.8,0.438,1.497,1.474,0.697,1.489,1.408,World,Wall4m,27.8,15.2,0.750,0.524,0,0,None,None,0,1,0,0,0.3852,0.4684,0.267,1.000,0
36.30,dummy,AUIT_Multi,BAC,1.009,1.496,0.985,338.6,6.7,0.463,1.496,1.485,0.712,1.489,1.334,World,Wall4m,26.8,19.7,0.740,0.458,0,0,None,None,0,1,0,0,0.2814,0.7728,0.291,1.000,0
36.40,dummy,AUIT_Multi,BAC,1.007,1.496,0.982,338.8,6.7,0.472,1.496,1.492,0.710,1.488,1.286,World,Wall4m,26.0,23.7,0.740,0.426,0,0,None,None,0,1,0,0,0.1123,0.4911,0.316,1.000,0
36.51,dummy,AUIT_Multi,BAC,1.006,1.496,0.978,338.6,6.5,0.469,1.496,1.495,0.715,1.487,1.244,World,Wall4m,25.4,26.6,0.745,0.394,0,0,None,None,0,0,0,0,0.0347,0.3837,0.352,1.000,0
36.61,dummy,AUIT_Multi,BAC,1.004,1.496,0.975,337.9,6.5,0.459,1.496,1.495,0.781,1.488,1.290,World,Wall4m,25.0,14.2,0.753,0.386,0,0,None,None,1,1,0,0,0.1014,0.8266,0.382,1.000,0
36.71,dummy,AUIT_Multi,BAC,1.002,1.496,0.973,337.5,6.4,0.487,1.495,1.472,0.861,1.489,1.399,World,Wall4m,24.2,6.9,0.717,0.449,0,0,None,None,1,1,0,0,0.3739,1.4048,0.381,0.000,0
36.80,dummy,AUIT_Multi,BAC,1.004,1.496,0.971,340.1,6.2,0.525,1.494,1.441,0.856,1.487,1.363,World,Wall4m,26.3,5.0,0.671,0.419,0,0,None,None,0,1,0,0,0.5080,0.3792,0.340,0.000,0
36.90,dummy,AUIT_Multi,BAC,1.007,1.497,0.970,343.6,6.3,0.569,1.493,1.412,0.859,1.486,1.318,World,Wall4m,28.8,8.0,0.622,0.379,0,0,None,None,0,1,0,0,0.5367,0.4553,0.305,0.000,0
37.01,dummy,AUIT_Multi,BAC,1.013,1.497,0.968,351.0,5.9,0.630,1.491,1.374,0.855,1.483,1.313,World,Wall4m,34.7,16.1,0.558,0.380,0,0,None,None,0,1,0,0,0.6489,0.0641,0.233,1.000,0
37.11,dummy,AUIT_Multi,BAC,1.018,1.498,0.966,357.0,5.3,0.684,1.491,1.344,0.863,1.482,1.314,World,Wall4m,38.6,21.1,0.505,0.381,0,0,None,None,0,1,0,0,0.6387,0.0870,0.182,1.000,0
37.21,dummy,AUIT_Multi,BAC,1.021,1.499,0.962,1.4,4.8,0.732,1.489,1.310,0.866,1.480,1.318,World,Wall4m,41.2,25.0,0.452,0.388,0,0,None,None,0,0,0,0,0.6040,0.0525,0.134,1.000,0
37.30,dummy,AUIT_Multi,BAC,1.022,1.500,0.961,2.6,4.3,0.775,1.489,1.283,0.871,1.478,1.313,World,CabinetD05,40.0,25.8,0.406,0.384,0,0,None,None,0,0,0,0,0.5202,0.0709,0.101,1.000,0
37.41,dummy,AUIT_Multi,BAC,1.021,1.500,0.959,2.5,4.3,0.819,1.487,1.246,0.865,1.476,1.307,World,CabinetD05,37.7,26.6,0.352,0.382,0,0,None,None,0,0,0,0,0.5122,0.0777,0.077,1.000,0
37.51,dummy,AUIT_Multi,BAC,1.022,1.500,0.958,2.5,4.2,0.856,1.486,1.216,0.862,1.475,1.301,World,CabinetD05,35.1,27.4,0.307,0.380,0,0,None,None,0,0,0,0,0.4988,0.0659,0.087,1.000,0
37.61,dummy,AUIT_Multi,BAC,1.022,1.500,0.957,2.4,4.4,0.894,1.485,1.187,0.860,1.473,1.296,World,CabinetD05,31.3,27.7,0.264,0.377,0,0,None,None,0,0,0,0,0.4856,0.0574,0.115,1.000,0
37.71,dummy,AUIT_Multi,BAC,1.022,1.500,0.957,1.9,4.5,0.812,1.495,1.440,1.105,1.491,1.325,World,Wall4m,25.7,11.3,0.527,0.378,0,0,None,None,0,1,0,0,2.7180,2.5307,0.315,0.000,0
37.80,dummy,AUIT_Multi,BAC,1.021,1.500,0.957,1.4,4.8,0.805,1.499,1.463,1.198,1.499,1.337,World,Wall4m,24.9,24.0,0.550,0.418,0,0,None,None,1,1,0,0,0.2483,0.9526,0.412,0.000,0
37.91,dummy,AUIT_Multi,BAC,1.022,1.499,0.958,1.1,5.1,0.802,1.499,1.467,1.205,1.499,1.337,World,Wall4m,24.9,25.1,0.555,0.421,0,0,None,None,1,0,0,0,0.0461,0.0636,0.423,0.000,0
38.01,dummy,AUIT_Multi,BAC,1.023,1.499,0.958,0.9,5.2,0.801,1.499,1.464,1.205,1.499,1.337,World,Wall4m,25.1,25.2,0.552,0.420,0,0,None,None,0,0,0,0,0.0363,0.0034,0.423,0.000,0
38.11,dummy,AUIT_Multi,BAC,1.025,1.499,0.958,0.8,5.2,0.804,1.499,1.457,1.205,1.499,1.337,World,Wall4m,25.2,25.2,0.546,0.419,0,0,None,None,0,0,0,0,0.0714,0.0010,0.419,0.000,0
38.21,dummy,AUIT_Multi,BAC,1.026,1.499,0.959,0.6,5.3,0.804,1.499,1.457,1.205,1.499,1.337,World,Wall4m,25.3,25.2,0.545,0.418,0,0,None,None,0,0,0,0,0.0022,0.0017,0.419,0.000,0
38.30,dummy,AUIT_Multi,BAC,1.029,1.499,0.961,1.1,5.4,0.804,1.499,1.456,1.207,1.499,1.337,World,Wall4m,26.1,24.7,0.544,0.416,0,0,None,None,0,1,0,0,0.0177,0.0261,0.420,0.000,0
38.41,dummy,AUIT_Multi,BAC,1.034,1.499,0.962,3.4,5.5,0.840,1.499,1.402,1.220,1.499,1.338,World,Wall4m,27.7,23.5,0.481,0.419,0,0,None,None,0,1,0,0,0.5818,0.1181,0.385,0.000,0
38.51,dummy,AUIT_Multi,BAC,1.039,1.499,0.963,6.1,5.7,0.885,1.499,1.345,1.242,1.499,1.339,World,CabinetD05Door,28.6,23.0,0.411,0.428,0,0,None,None,0,1,0,0,0.7422,0.2282,0.357,0.000,0
38.61,dummy,AUIT_Multi,BAC,1.043,1.500,0.965,9.2,5.7,0.928,1.499,1.293,1.271,1.499,1.341,World,CabinetD05Door,29.2,22.6,0.348,0.439,0,0,None,None,0,1,0,0,0.6872,0.2918,0.347,0.000,0
38.71,dummy,AUIT_Multi,BAC,1.048,1.500,0.967,12.4,5.7,0.963,1.500,1.256,1.297,1.499,1.341,World,CabinetDCorner02,29.4,21.9,0.301,0.449,0,0,None,None,0,1,0,0,0.5255,0.2666,0.345,0.000,0
38.80,dummy,AUIT_Multi,BAC,1.053,1.501,0.970,15.0,5.9,0.995,1.500,1.206,1.283,1.499,1.332,World,CabinetDCorner02,29.1,18.3,0.243,0.429,0,0,None,None,0,1,0,0,0.6113,0.1705,0.314,0.000,0
38.91,dummy,AUIT_Multi,BAC,1.056,1.501,0.975,16.5,6.3,1.015,1.501,1.195,1.266,1.498,1.323,World,CabinetDCorner02,27.7,15.7,0.224,0.406,0,0,None,None,0,1,0,0,0.2013,0.1745,0.282,0.000,0
39.01,dummy,AUIT_Multi,BAC,1.058,1.501,0.979,16.3,6.7,1.023,1.501,1.193,1.246,1.497,1.314,World,CabinetDCorner02,26.5,14.3,0.217,0.385,0,0,None,None,0,1,0,0,0.0844,0.2171,0.255,0.000,0
39.11,dummy,AUIT_Multi,BAC,1.059,1.502,0.982,16.1,6.9,1.025,1.501,1.194,1.230,1.496,1.306,World,CabinetDCorner02,26.0,13.1,0.215,0.366,0,0,None,None,0,1,0,0,0.0258,0.1927,0.233,0.000,0
39.21,dummy,AUIT_Multi,BAC,1.059,1.502,0.985,16.0,7.0,1.026,1.501,1.195,1.209,1.495,1.297,World,CabinetDCorner02,26.0,11.3,0.213,0.346,0,0,None,None,0,1,0,0,0.0130,0.2349,0.210,0.000,0
39.30,dummy,AUIT_Multi,BAC,1.060,1.502,0.987,15.8,7.1,1.026,1.502,1.196,1.190,1.495,1.289,World,CabinetDCorner02,26.0,9.5,0.212,0.329,0,0,None,None,0,1,0,0,0.0097,0.2129,0.189,0.000,0
39.41,dummy,AUIT_Multi,BAC,1.061,1.502,0.987,15.5,7.2,1.026,1.502,1.197,1.165,1.494,1.278,World,CabinetDCorner02,26.0,7.1,0.212,0.309,0,0,None,None,0,1,0,0,0.0062,0.2417,0.161,0.000,0
39.51,dummy,AUIT_Multi,BAC,1.062,1.501,0.987,15.2,7.3,1.026,1.502,1.197,1.150,1.493,1.270,World,CabinetDCorner02,25.9,6.0,0.213,0.297,0,0,None,None,0,1,0,0,0.0026,0.1803,0.144,0.000,0
39.61,dummy,AUIT_Multi,BAC,1.062,1.502,0.986,15.0,7.3,1.026,1.502,1.197,1.128,1.492,1.261,World,CabinetDCorner02,25.7,5.5,0.214,0.283,0,0,None,None,0,1,0,0,0.0011,0.2415,0.121,0.000,0
39.71,dummy,AUIT_Multi,BAC,1.062,1.502,0.985,15.0,7.2,1.026,1.502,1.196,1.201,1.495,1.288,World,CabinetDCorner02,25.6,11.4,0.215,0.334,0,0,None,None,0,1,0,0,0.0038,0.8043,0.198,0.000,0
39.80,dummy,AUIT_Multi,BAC,1.062,1.502,0.984,14.8,7.1,1.026,1.502,1.196,1.337,1.501,1.339,World,CabinetDCorner02,25.2,23.9,0.215,0.449,0,0,None,None,0,1,0,0,0.0050,1.5001,0.342,0.000,0
39.90,dummy,AUIT_Multi,BAC,1.061,1.502,0.983,14.7,7.1,1.026,1.502,1.195,1.353,1.502,1.345,World,CabinetDCorner02,24.9,25.1,0.216,0.465,0,0,None,None,1,0,0,0,0.0057,0.1729,0.359,0.000,0
40.01,dummy,AUIT_Multi,BAC,1.059,1.502,0.981,14.6,6.9,1.025,1.502,1.196,1.353,1.502,1.345,World,CabinetDCorner02,24.7,25.2,0.218,0.467,0,0,None,None,1,0,0,0,0.0149,0.0037,0.360,0.000,0
40.11,dummy,AUIT_Multi,BAC,1.058,1.502,0.981,14.7,6.9,1.022,1.502,1.198,1.353,1.502,1.345,World,CabinetDCorner02,24.9,25.2,0.220,0.469,0,0,None,None,1,0,0,0,0.0285,0.0006,0.362,0.000,0
40.21,dummy,AUIT_Multi,BAC,1.056,1.501,0.982,14.5,7.1,1.021,1.502,1.198,1.353,1.502,1.345,World,Wall4m,24.7,25.7,0.219,0.469,0,0,None,None,1,0,0,0,0.0156,0.0011,0.363,0.000,0
40.30,dummy,AUIT_Multi,BAC,1.055,1.501,0.983,14.6,7.3,1.016,1.501,1.204,1.353,1.501,1.345,World,Wall4m,25.7,25.9,0.224,0.469,0,0,None,None,0,0,0,0,0.0807,0.0051,0.366,0.000,0
40.41,dummy,AUIT_Multi,BAC,1.055,1.500,0.987,15.2,7.8,1.016,1.501,1.203,1.356,1.501,1.346,World,Wall4m,26.6,25.9,0.219,0.468,0,0,None,None,0,0,0,0,0.0118,0.0249,0.369,0.000,0
40.51,dummy,AUIT_Multi,BAC,1.054,1.499,0.993,15.4,8.3,1.017,1.500,1.203,1.357,1.500,1.346,World,Wall4m,26.6,26.5,0.213,0.465,0,0,None,None,0,0,0,0,0.0191,0.0155,0.368,0.000,0
40.61,dummy,AUIT_Multi,BAC,1.053,1.499,1.002,15.5,9.0,1.018,1.499,1.204,1.353,1.499,1.347,World,Wall4m,26.8,27.0,0.206,0.457,0,0,None,None,0,0,0,0,0.0218,0.0384,0.364,0.000,0
40.71,dummy,AUIT_Multi,BAC,1.052,1.498,1.014,15.6,9.8,1.019,1.498,1.207,1.346,1.498,1.347,World,Wall4m,27.0,27.6,0.196,0.445,0,0,None,None,0,0,0,0,0.0312,0.0726,0.356,0.000,0
40.80,dummy,AUIT_Multi,BAC,1.049,1.497,1.029,15.3,10.9,1.019,1.498,1.213,1.335,1.498,1.347,World,Wall4m,27.1,28.6,0.186,0.427,0,0,None,None,0,0,0,0,0.0565,0.1203,0.343,0.000,0
40.91,dummy,AUIT_Multi,BAC,1.046,1.495,1.050,14.8,12.2,1.016,1.496,1.224,1.313,1.496,1.348,World,Wall4m,27.5,29.6,0.177,0.401,0,0,None,None,0,0,0,0,0.1066,0.1891,0.322,0.000,0
41.01,dummy,AUIT_Multi,BAC,1.044,1.495,1.065,15.0,12.8,1.014,1.495,1.233,1.295,1.495,1.349,World,Wall4m,28.0,29.4,0.171,0.379,0,0,None,None,0,0,0,0,0.0975,0.1873,0.304,0.000,0
41.11,dummy,AUIT_Multi,BAC,1.042,1.495,1.078,15.0,13.3,1.012,1.495,1.242,1.281,1.495,1.349,World,Wall4m,28.4,29.4,0.167,0.361,0,0,None,None,0,0,0,0,0.0950,0.1487,0.289,0.000,0
41.21,dummy,AUIT_Multi,BAC,1.042,1.493,1.088,15.1,13.9,1.013,1.494,1.246,1.270,1.494,1.350,World,Wall4m,29.0,29.4,0.161,0.347,0,0,None,None,0,0,0,0,0.0424,0.1130,0.277,0.000,0
41.30,dummy,AUIT_Multi,BAC,1.041,1.493,1.097,15.2,14.4,1.018,1.493,1.258,1.258,1.493,1.346,World,Wall4m,27.4,29.4,0.162,0.330,0,0,None,None,0,0,0,0,0.1276,0.1325,0.256,0.000,0
41.41,dummy,AUIT_Multi,BAC,1.040,1.492,1.108,15.6,14.8,1.029,1.490,1.279,1.238,1.491,1.335,World,Wall4m,23.7,29.1,0.172,0.301,0,0,None,None,1,0,0,0,0.2203,0.2042,0.216,0.000,0
41.51,dummy,AUIT_Multi,BAC,1.039,1.491,1.115,15.3,15.2,1.039,1.489,1.297,1.221,1.490,1.326,World,Wall4m,20.9,29.3,0.182,0.279,0,0,None,None,1,0,0,0,0.2069,0.2003,0.185,0.000,0
41.61,dummy,AUIT_Multi,BAC,1.037,1.491,1.119,15.3,15.4,1.048,1.487,1.316,1.204,1.489,1.316,World,Wall4m,18.6,28.8,0.197,0.259,0,0,None,None,1,0,0,0,0.2167,0.1979,0.156,0.000,0
41.71,dummy,AUIT_Multi,BAC,1.037,1.491,1.120,15.4,15.3,1.058,1.485,1.335,1.186,1.487,1.306,World,Wall4m,16.6,27.2,0.216,0.239,0,0,None,None,1,0,0,0,0.2276,0.2109,0.131,0.000,0
41.80,dummy,AUIT_Multi,BAC,1.036,1.491,1.120,15.6,15.3,1.068,1.483,1.354,1.168,1.486,1.297,World,Wall4m,15.3,25.3,0.236,0.220,0,0,None,None,1,0,0,0,0.2182,0.2156,0.115,0.000,0
41.91,dummy,AUIT_Multi,BAC,1.034,1.491,1.120,15.6,15.2,1.079,1.481,1.376,1.147,1.484,1.285,World,Wall4m,14.1,22.8,0.260,0.200,1,0,CabinetD05Door,None,1,1,0,0,0.2246,0.2176,0.113,0.000,0
42.01,dummy,AUIT_Multi,BAC,1.033,1.490,1.120,15.8,15.3,1.089,1.479,1.395,1.128,1.483,1.276,World,Wall4m,13.6,20.1,0.281,0.183,1,0,CabinetD05Door,None,1,1,0,0,0.2211,0.2109,0.126,1.000,0
42.11,dummy,AUIT_Multi,BAC,1.032,1.490,1.119,15.9,15.4,1.098,1.477,1.417,1.112,1.482,1.267,World,Wall4m,13.2,17.4,0.305,0.168,1,0,CabinetD05Door,None,1,1,0,0,0.2411,0.1985,0.151,1.000,0
42.21,dummy,AUIT_Multi,BAC,1.031,1.490,1.119,16.0,15.4,1.108,1.475,1.439,1.095,1.480,1.256,World,Wall4m,13.0,14.6,0.330,0.152,1,0,CabinetD05Door,None,1,1,0,0,0.2521,0.1996,0.183,1.000,0
42.30,dummy,AUIT_Multi,BAC,1.030,1.490,1.118,16.0,15.5,1.064,1.483,1.283,1.139,1.486,1.314,World,Wall4m,14.0,19.3,0.169,0.225,0,0,None,None,1,1,0,0,1.6856,0.7569,0.081,1.000,0
42.41,dummy,AUIT_Multi,BAC,1.028,1.490,1.116,16.0,15.5,1.035,1.489,1.224,1.168,1.489,1.350,World,Wall4m,19.6,21.3,0.107,0.272,0,0,None,None,1,1,0,0,0.6020,0.4158,0.184,0.000,0
42.51,dummy,AUIT_Multi,BAC,1.028,1.490,1.114,15.9,15.4,1.031,1.490,1.228,1.171,1.490,1.353,World,Wall4m,20.9,21.3,0.113,0.278,0,0,None,None,1,1,0,0,0.0582,0.0433,0.188,0.000,0
42.61,dummy,AUIT_Multi,BAC,1.028,1.490,1.112,16.0,15.3,1.030,1.490,1.227,1.171,1.490,1.353,World,Wall4m,21.2,21.1,0.116,0.281,0,0,None,None,1,1,0,0,0.0109,0.0076,0.189,0.000,0
42.71,dummy,AUIT_Multi,BAC,1.028,1.491,1.109,16.3,15.2,1.030,1.490,1.226,1.173,1.490,1.351,World,Wall4m,21.4,21.0,0.117,0.283,0,0,None,None,1,1,0,0,0.0119,0.0283,0.191,0.000,0
42.80,dummy,AUIT_Multi,BAC,1.028,1.491,1.107,16.0,15.1,1.030,1.491,1.225,1.175,1.491,1.350,World,Wall4m,21.2,21.3,0.118,0.284,0,0,None,None,1,1,0,0,0.0078,0.0229,0.192,0.000,0
42.91,dummy,AUIT_Multi,BAC,1.028,1.492,1.104,15.5,14.7,1.029,1.491,1.226,1.175,1.491,1.350,World,Wall4m,20.7,21.1,0.121,0.286,0,0,None,None,1,1,0,0,0.0084,0.0047,0.192,0.000,0
43.01,dummy,AUIT_Multi,BAC,1.028,1.493,1.101,15.2,14.4,1.028,1.492,1.225,1.175,1.492,1.350,World,Wall4m,20.5,20.8,0.125,0.289,0,0,None,None,1,1,0,0,0.0115,0.0096,0.192,0.000,0
43.11,dummy,AUIT_Multi,BAC,1.028,1.495,1.095,14.5,13.6,1.028,1.493,1.225,1.175,1.493,1.350,World,Wall4m,19.4,20.4,0.130,0.295,0,0,None,None,1,1,0,0,0.0155,0.0121,0.193,0.000,0
43.21,dummy,AUIT_Multi,BAC,1.027,1.496,1.088,13.7,12.9,1.025,1.495,1.227,1.175,1.495,1.350,World,Wall4m,19.0,20.2,0.138,0.301,0,0,None,None,1,1,0,0,0.0398,0.0145,0.194,0.000,0
43.30,dummy,AUIT_Multi,BAC,1.026,1.496,1.085,12.7,12.5,1.021,1.496,1.230,1.175,1.496,1.350,World,Wall4m,19.1,20.7,0.145,0.304,0,0,None,None,1,1,0,0,0.0553,0.0097,0.195,0.000,0
43.40,dummy,AUIT_Multi,BAC,1.024,1.496,1.083,11.4,12.3,1.009,1.496,1.284,1.175,1.496,1.350,World,CabinetD05Door,19.9,21.6,0.202,0.307,0,0,None,None,1,1,0,0,0.5660,0.0052,0.178,0.000,0
43.51,dummy,AUIT_Multi,BAC,1.024,1.497,1.081,10.6,12.1,0.999,1.497,1.289,1.175,1.497,1.350,World,CabinetD05Door,21.0,22.1,0.209,0.308,0,0,None,None,1,1,0,0,0.0968,0.0041,0.185,0.000,0
43.61,dummy,AUIT_Multi,BAC,1.025,1.496,1.086,10.5,12.3,0.995,1.497,1.284,1.175,1.497,1.350,World,Wall4m,22.4,22.7,0.200,0.303,0,0,None,None,1,1,0,0,0.0648,0.0009,0.191,0.000,0
43.71,dummy,AUIT_Multi,BAC,1.026,1.494,1.099,10.5,13.3,0.994,1.496,1.292,1.175,1.496,1.349,World,Wall4m,24.1,24.3,0.196,0.292,0,0,None,None,1,1,0,0,0.0772,0.0101,0.190,0.000,0
43.80,dummy,AUIT_Multi,BAC,1.028,1.490,1.118,10.6,14.8,0.991,1.493,1.301,1.175,1.493,1.350,World,Wall4m,26.6,26.6,0.186,0.275,0,0,None,None,0,0,0,0,0.1009,0.0245,0.190,0.000,0
43.90,dummy,AUIT_Multi,BAC,1.029,1.489,1.135,11.1,15.5,0.982,1.490,1.345,1.177,1.490,1.350,World,Wall4m,28.4,27.9,0.215,0.261,0,0,None,None,0,0,0,0,0.4654,0.0345,0.195,0.000,0
44.01,dummy,AUIT_Multi,BAC,1.032,1.488,1.150,11.5,15.4,0.978,1.489,1.361,1.180,1.489,1.351,World,Wall4m,29.9,29.2,0.217,0.249,0,0,None,None,0,0,0,0,0.1478,0.0349,0.202,0.000,0
44.11,dummy,AUIT_Multi,BAC,1.034,1.486,1.159,11.9,15.5,0.986,1.487,1.346,1.180,1.487,1.351,World,Wall4m,30.4,29.6,0.193,0.242,0,0,None,None,0,0,0,0,0.1720,0.0157,0.194,0.000,0
44.21,dummy,AUIT_Multi,BAC,1.034,1.485,1.163,11.7,15.9,0.994,1.486,1.326,1.178,1.486,1.352,World,Wall4m,29.9,30.0,0.167,0.238,0,0,None,None,0,0,0,0,0.2267,0.0283,0.186,0.000,0
44.30,dummy,AUIT_Multi,BAC,1.033,1.485,1.165,11.5,16.0,0.995,1.485,1.328,1.175,1.485,1.353,World,Wall4m,29.2,29.8,0.168,0.236,0,0,None,None,0,0,0,0,0.0275,0.0291,0.183,0.000,0
44.40,dummy,AUIT_Multi,BAC,1.032,1.485,1.165,11.4,15.9,0.987,1.485,1.354,1.173,1.485,1.354,World,Wall4m,29.0,29.6,0.195,0.236,0,0,None,None,0,0,0,0,0.2766,0.0237,0.186,0.000,0
44.51,dummy,AUIT_Multi,BAC,1.031,1.485,1.164,11.3,15.9,0.983,1.485,1.365,1.172,1.485,1.355,World,Wall4m,29.0,29.4,0.207,0.237,0,0,None,None,0,0,0,0,0.1079,0.0133,0.189,0.000,0
44.61,dummy,AUIT_Multi,BAC,1.031,1.485,1.163,11.5,15.7,0.986,1.485,1.351,1.172,1.485,1.355,World,Wall4m,29.2,29.0,0.194,0.238,0,0,None,None,0,0,0,0,0.1478,0.0035,0.186,0.000,0
44.71,dummy,AUIT_Multi,BAC,1.031,1.486,1.162,11.7,15.6,0.991,1.485,1.331,1.173,1.485,1.354,World,Wall4m,29.2,28.8,0.174,0.239,0,0,None,None,0,0,0,0,0.2187,0.0126,0.183,0.000,0
44.80,dummy,AUIT_Multi,BAC,1.031,1.486,1.161,11.8,15.6,0.991,1.486,1.331,1.174,1.486,1.354,World,Wall4m,29.3,29.0,0.174,0.240,0,0,None,None,0,0,0,0,0.0054,0.0156,0.184,0.000,0
44.90,dummy,AUIT_Multi,BAC,1.032,1.486,1.160,11.9,15.6,0.987,1.486,1.351,1.175,1.486,1.353,World,Wall4m,29.4,28.9,0.196,0.240,0,0,None,None,0,0,0,0,0.2090,0.0149,0.188,0.000,0
45.01,dummy,AUIT_Multi,BAC,1.033,1.487,1.160,12.1,15.5,0.986,1.486,1.361,1.177,1.486,1.353,World,Wall4m,29.3,28.9,0.207,0.241,0,0,None,None,0,0,0,0,0.0962,0.0164,0.192,0.000,0
45.11,dummy,AUIT_Multi,BAC,1.033,1.487,1.159,12.2,15.6,0.990,1.487,1.346,1.179,1.487,1.352,World,Wall4m,29.4,29.0,0.191,0.242,0,0,None,None,0,0,0,0,0.1669,0.0166,0.189,0.000,0
45.21,dummy,AUIT_Multi,BAC,1.034,1.488,1.160,12.6,15.5,0.995,1.487,1.330,1.180,1.487,1.352,World,Wall4m,29.4,28.8,0.174,0.241,0,0,None,None,0,0,0,0,0.1659,0.0106,0.186,0.000,0
45.30,dummy,AUIT_Multi,BAC,1.035,1.487,1.162,12.4,15.5,0.997,1.487,1.326,1.181,1.487,1.352,World,Wall4m,29.6,29.2,0.169,0.239,0,0,None,None,0,0,0,0,0.0468,0.0113,0.185,0.000,0
45.40,dummy,AUIT_Multi,BAC,1.037,1.488,1.164,12.8,15.3,0.998,1.487,1.330,1.181,1.487,1.352,World,Wall4m,29.7,28.8,0.171,0.237,0,0,None,None,0,0,0,0,0.0395,0.0075,0.184,0.000,0
45.51,dummy,AUIT_Multi,BAC,1.038,1.489,1.165,12.0,15.1,0.998,1.488,1.342,1.182,1.488,1.352,World,CabinetD05Door,28.8,29.3,0.182,0.236,0,0,None,None,0,0,0,0,0.1121,0.0086,0.185,0.000,0
45.61,dummy,AUIT_Multi,BAC,1.040,1.490,1.163,11.8,14.6,0.999,1.489,1.337,1.180,1.489,1.352,World,CabinetD05Door,28.6,28.3,0.179,0.236,0,0,None,None,0,0,0,0,0.0559,0.0197,0.182,0.000,0
45.71,dummy,AUIT_Multi,BAC,1.042,1.492,1.159,12.0,14.0,1.000,1.490,1.335,1.183,1.490,1.352,World,CabinetD05Door,28.4,27.6,0.181,0.239,0,0,None,None,0,0,0,0,0.0322,0.0294,0.184,0.000,0
45.80,dummy,AUIT_Multi,BAC,1.042,1.494,1.156,11.5,13.5,1.000,1.492,1.336,1.186,1.492,1.352,World,CabinetD05Door,27.5,27.8,0.185,0.243,0,0,None,None,0,0,0,0,0.0218,0.0380,0.186,0.000,0
45.90,dummy,AUIT_Multi,BAC,1.041,1.496,1.151,10.1,13.2,0.990,1.494,1.365,1.185,1.494,1.351,World,CabinetD05Door,26.7,28.3,0.220,0.246,0,0,None,None,0,0,0,0,0.3184,0.0276,0.195,0.000,0
46.01,dummy,AUIT_Multi,BAC,1.042,1.498,1.145,9.6,12.5,0.991,1.496,1.340,1.182,1.496,1.350,World,CabinetD05Door,26.9,27.4,0.202,0.249,0,0,None,None,0,0,0,0,0.2212,0.0296,0.192,0.000,0
46.11,dummy,AUIT_Multi,BAC,1.042,1.500,1.139,9.3,11.7,0.994,1.498,1.323,1.182,1.498,1.350,World,CabinetD05Door,26.1,26.7,0.190,0.253,0,0,None,None,0,0,0,0,0.1829,0.0207,0.190,0.000,0
46.21,dummy,AUIT_Multi,BAC,1.041,1.502,1.134,9.1,11.0,0.992,1.500,1.322,1.182,1.500,1.349,World,CabinetD05Door,25.8,26.2,0.194,0.257,0,0,None,None,0,0,0,0,0.0293,0.0203,0.191,0.000,0
46.30,dummy,AUIT_Multi,BAC,1.040,1.502,1.129,9.2,10.9,0.995,1.502,1.308,1.181,1.502,1.349,World,CabinetD05Door,25.7,25.7,0.185,0.261,0,0,None,None,0,0,0,0,0.1446,0.0133,0.191,0.000,0
46.40,dummy,AUIT_Multi,BAC,1.039,1.503,1.121,9.0,10.6,0.995,1.502,1.304,1.181,1.502,1.349,World,CabinetD05Door,24.6,25.1,0.188,0.268,0,0,None,None,1,0,0,0,0.0467,0.0097,0.191,0.000,0
46.51,dummy,AUIT_Multi,BAC,1.037,1.504,1.103,8.0,10.1,0.978,1.504,1.357,1.181,1.504,1.348,World,CabinetD05Door,23.2,24.4,0.261,0.284,0,0,None,None,1,1,0,0,0.5056,0.0127,0.203,0.000,0
46.61,dummy,AUIT_Multi,BAC,1.034,1.501,1.083,7.1,10.1,0.972,1.503,1.349,1.181,1.503,1.347,World,CabinetD05Door,22.7,24.2,0.273,0.302,0,0,None,None,1,1,0,0,0.1017,0.0101,0.208,0.000,0
46.71,dummy,AUIT_Multi,BAC,1.032,1.500,1.064,5.9,8.6,0.967,1.501,1.334,1.180,1.501,1.346,World,CabinetD05Door,21.4,23.4,0.278,0.318,0,0,None,None,1,1,0,0,0.1650,0.0219,0.214,0.000,0
46.80,dummy,AUIT_Multi,BAC,1.030,1.501,1.050,5.0,7.2,0.949,1.501,1.354,1.180,1.501,1.346,World,Wall4m,21.2,22.8,0.315,0.332,0,0,None,None,1,1,0,0,0.2756,0.0092,0.231,0.000,0
46.90,dummy,AUIT_Multi,BAC,1.029,1.503,1.041,4.2,6.5,0.926,1.502,1.394,1.180,1.502,1.345,World,Wall4m,21.5,22.9,0.368,0.339,0,0,None,None,1,1,0,0,0.4776,0.0144,0.258,0.000,0
47.01,dummy,AUIT_Multi,BAC,1.030,1.502,1.035,3.3,6.8,0.925,1.503,1.359,1.180,1.503,1.345,World,Wall4m,22.2,23.3,0.341,0.345,0,0,None,None,1,1,0,0,0.3150,0.0068,0.255,0.000,0
47.11,dummy,AUIT_Multi,BAC,1.031,1.502,1.032,3.0,7.0,0.921,1.502,1.353,1.180,1.502,1.345,World,Wall4m,22.9,23.4,0.339,0.347,0,0,None,None,1,1,0,0,0.0757,0.0032,0.259,0.000,0
47.21,dummy,AUIT_Multi,BAC,1.032,1.502,1.033,2.7,7.6,0.914,1.502,1.366,1.180,1.502,1.345,World,Wall4m,23.5,23.8,0.353,0.345,0,0,None,None,1,1,0,0,0.1485,0.0030,0.267,0.000,0
47.30,dummy,AUIT_Multi,BAC,1.033,1.501,1.036,2.7,8.2,0.903,1.502,1.391,1.180,1.502,1.345,World,Wall4m,24.1,24.1,0.378,0.342,0,0,None,None,1,1,0,0,0.2865,0.0049,0.280,0.000,0
47.40,dummy,AUIT_Multi,BAC,1.033,1.501,1.041,2.9,8.7,0.901,1.501,1.397,1.180,1.501,1.345,World,Wall4m,24.7,24.5,0.380,0.338,0,0,None,None,1,1,0,0,0.0662,0.0081,0.284,0.000,0
47.51,dummy,AUIT_Multi,BAC,1.034,1.499,1.051,3.6,9.6,0.898,1.500,1.407,1.183,1.500,1.344,World,Wall4m,26.4,25.2,0.381,0.328,0,0,None,None,0,0,0,0,0.0889,0.0315,0.293,0.000,0
47.61,dummy,AUIT_Multi,BAC,1.036,1.497,1.066,4.6,11.0,0.902,1.499,1.402,1.191,1.499,1.343,World,Wall4m,28.6,27.0,0.362,0.317,0,0,None,None,0,0,0,0,0.0634,0.0760,0.295,0.000,0
47.71,dummy,AUIT_Multi,BAC,1.038,1.493,1.088,5.5,13.2,0.919,1.496,1.387,1.192,1.496,1.343,World,Wall4m,30.3,28.9,0.322,0.298,0,0,None,None,0,0,0,0,0.2409,0.0325,0.276,0.000,0
47.80,dummy,AUIT_Multi,BAC,1.041,1.489,1.112,6.1,15.4,0.949,1.492,1.342,1.188,1.492,1.345,World,Wall4m,31.9,30.6,0.247,0.276,0,0,None,None,0,0,0,0,0.5606,0.0591,0.239,0.000,0
47.90,dummy,AUIT_Multi,BAC,1.043,1.484,1.133,6.7,17.0,0.953,1.488,1.371,1.182,1.488,1.347,World,Wall4m,32.4,31.5,0.255,0.256,0,0,None,None,0,0,0,0,0.3092,0.0791,0.230,0.000,0
48.01,dummy,AUIT_Multi,BAC,1.042,1.482,1.147,6.7,17.1,0.973,1.483,1.347,1.176,1.483,1.351,World,Wall4m,30.9,31.3,0.212,0.244,0,0,None,None,0,0,0,0,0.2875,0.0778,0.203,0.000,0
48.11,dummy,AUIT_Multi,BAC,1.042,1.484,1.154,6.8,16.0,0.981,1.483,1.332,1.171,1.483,1.355,World,Wall4m,29.9,30.0,0.189,0.239,0,0,None,None,0,0,0,0,0.1720,0.0640,0.191,0.000,0
48.21,dummy,AUIT_Multi,BAC,1.043,1.483,1.160,7.1,15.9,0.968,1.483,1.381,1.169,1.483,1.357,World,Wall4m,30.1,29.7,0.233,0.234,0,0,None,None,0,0,0,0,0.5129,0.0355,0.202,0.000,0
48.30,dummy,AUIT_Multi,BAC,1.045,1.481,1.164,7.3,16.5,0.978,1.482,1.363,1.168,1.482,1.358,World,Wall4m,30.5,29.8,0.210,0.230,0,0,None,None,0,0,0,0,0.2101,0.0143,0.190,0.000,0
48.40,dummy,AUIT_Multi,BAC,1.046,1.481,1.166,7.2,16.6,0.986,1.481,1.348,1.168,1.481,1.359,World,Wall4m,30.2,29.9,0.191,0.228,0,0,None,None,0,0,0,0,0.1722,0.0125,0.182,0.000,0
48.51,dummy,AUIT_Multi,BAC,1.047,1.480,1.167,7.0,16.7,0.993,1.480,1.330,1.168,1.480,1.359,World,Wall4m,30.0,29.9,0.172,0.227,0,0,None,None,0,0,0,0,0.1713,0.0095,0.177,0.000,0
48.61,dummy,AUIT_Multi,BAC,1.048,1.479,1.166,6.7,16.7,0.985,1.480,1.356,1.168,1.480,1.359,World,Wall4m,29.9,29.9,0.200,0.227,0,0,None,None,0,0,0,0,0.2738,0.0074,0.182,0.000,0
48.71,dummy,AUIT_Multi,BAC,1.050,1.478,1.167,6.9,16.6,0.981,1.479,1.370,1.168,1.479,1.359,World,Wall4m,30.3,29.6,0.214,0.225,0,0,None,None,0,0,0,0,0.1554,0.0076,0.187,0.000,0
48.80,dummy,AUIT_Multi,BAC,1.052,1.477,1.176,7.6,15.3,0.988,1.478,1.362,1.169,1.478,1.358,World,Wall4m,30.6,29.1,0.198,0.217,0,0,None,None,0,0,0,0,0.1058,0.0171,0.181,0.000,0
48.90,dummy,AUIT_Multi,BAC,1.055,1.476,1.193,8.5,11.3,1.007,1.477,1.325,1.168,1.477,1.359,World,CabinetD05Door,30.5,28.3,0.140,0.201,0,0,None,None,0,0,0,0,0.4331,0.0089,0.165,0.000,0
49.01,dummy,AUIT_Multi,BAC,1.056,1.472,1.214,9.0,9.3,1.024,1.475,1.305,1.113,1.475,1.285,World,CabinetD05Door,30.7,31.3,0.097,0.091,0,0,None,None,0,0,0,0,0.2311,0.8243,0.091,0.000,0
49.11,dummy,AUIT_Multi,BAC,1.056,1.467,1.227,9.8,8.8,1.030,1.471,1.306,1.090,1.471,1.266,World,CabinetD05Door,30.3,34.5,0.083,0.052,0,0,None,None,0,0,0,0,0.0775,0.3049,0.072,0.000,0
49.21,dummy,AUIT_Multi,BAC,1.055,1.466,1.233,10.3,9.1,1.032,1.468,1.314,1.085,1.468,1.269,World,CabinetD05Door,28.1,31.6,0.085,0.047,0,0,None,None,0,0,0,0,0.0976,0.0727,0.070,0.000,0
49.30,dummy,AUIT_Multi,BAC,1.053,1.466,1.233,10.1,9.2,1.032,1.466,1.321,1.084,1.466,1.273,World,CabinetD05Door,25.8,28.5,0.090,0.050,0,0,None,None,0,0,0,0,0.0674,0.0480,0.071,0.000,0
49.40,dummy,AUIT_Multi,BAC,1.051,1.468,1.230,10.1,8.8,1.028,1.467,1.325,1.082,1.467,1.273,World,CabinetD05Door,24.8,26.0,0.098,0.053,0,0,None,None,1,0,0,0,0.0589,0.0204,0.075,0.000,0
49.51,dummy,AUIT_Multi,BAC,1.049,1.470,1.227,9.9,8.1,1.023,1.469,1.332,1.085,1.468,1.289,World,CabinetD05Door,24.9,21.2,0.108,0.072,0,0,None,None,1,1,0,0,0.0765,0.1452,0.075,0.000,0
49.61,dummy,AUIT_Multi,BAC,1.048,1.469,1.226,9.8,8.3,1.016,1.470,1.350,1.093,1.468,1.317,World,CabinetD05Door,25.7,18.0,0.128,0.101,0,0,None,None,0,1,0,0,0.1950,0.2952,0.084,0.000,0
49.71,dummy,AUIT_Multi,BAC,1.047,1.468,1.225,9.8,8.9,1.007,1.469,1.382,1.100,1.468,1.345,World,CabinetD05Door,25.8,16.7,0.162,0.131,0,0,None,None,0,1,0,0,0.3548,0.2994,0.101,0.000,0
49.80,dummy,AUIT_Multi,BAC,1.046,1.471,1.220,9.5,8.9,1.004,1.469,1.383,1.108,1.468,1.373,World,CabinetD05Door,25.2,14.8,0.169,0.165,0,1,None,CabinetD05Door,0,1,0,0,0.0334,0.3006,0.105,0.000,0
49.90,dummy,AUIT_Multi,BAC,1.044,1.481,1.202,9.6,7.5,1.006,1.473,1.362,1.116,1.469,1.399,World,CabinetD05Door,23.3,11.2,0.165,0.211,0,1,None,CabinetD05Door,1,1,0,0,0.2250,0.2818,0.117,0.000,0
50.01,dummy,AUIT_Multi,BAC,1.039,1.498,1.166,9.6,5.2,0.995,1.485,1.373,1.128,1.472,1.431,World,CabinetD05Door,21.6,9.0,0.212,0.281,0,1,None,CabinetD05Door,1,1,0,0,0.1813,0.3059,0.146,0.000,0
50.11,dummy,AUIT_Multi,BAC,1.033,1.508,1.127,8.5,3.6,0.982,1.498,1.365,1.148,1.474,1.475,World,CabinetD05Door,20.5,10.0,0.244,0.368,0,1,None,CabinetD05Door,1,1,0,0,0.2006,0.4967,0.200,0.000,0
50.21,dummy,AUIT_Multi,BAC,1.028,1.514,1.085,6.9,1.5,0.977,1.508,1.327,1.155,1.474,1.505,World,CabinetD05Door,18.9,10.6,0.247,0.440,0,1,None,CabinetD05Door,1,1,0,0,0.4085,0.3197,0.254,0.000,0
50.31,dummy,AUIT_Multi,BAC,1.026,1.515,1.045,5.0,360.0,0.953,1.513,1.355,1.164,1.475,1.530,World,CabinetD05Door,18.2,11.8,0.318,0.505,0,1,None,CabinetD05Door,1,1,0,0,0.3796,0.2687,0.277,0.000,0
50.40,dummy,AUIT_Multi,BAC,1.028,1.514,1.010,3.9,358.8,0.927,1.515,1.379,1.172,1.475,1.561,World,CabinetD05Door,19.3,11.9,0.382,0.571,0,1,None,CabinetD05Door,1,1,0,0,0.3685,0.3357,0.308,0.000,0
50.51,dummy,AUIT_Multi,BAC,1.031,1.515,0.980,2.2,356.9,0.924,1.515,1.368,1.167,1.502,1.403,World,Quad,17.9,16.3,0.402,0.445,0,0,None,None,1,1,0,0,0.1052,1.4390,0.246,0.000,0
50.61,dummy,AUIT_Multi,BAC,1.035,1.517,0.958,0.8,355.0,0.929,1.516,1.320,1.171,1.514,1.361,World,Quad,18.0,18.6,0.378,0.426,0,0,None,None,1,1,0,0,0.4881,0.4467,0.246,0.000,0
50.71,dummy,AUIT_Multi,BAC,1.040,1.517,0.939,0.3,354.5,0.934,1.517,1.292,1.172,1.517,1.363,World,Quad,17.9,17.8,0.369,0.445,0,0,None,None,1,1,0,0,0.2913,0.0359,0.248,0.000,0
50.81,dummy,AUIT_Multi,BAC,1.046,1.517,0.922,0.3,354.4,0.930,1.517,1.305,1.174,1.517,1.358,World,Quad,18.0,17.0,0.400,0.454,0,0,None,None,1,1,0,0,0.1439,0.0591,0.249,0.000,0
50.90,dummy,AUIT_Multi,BAC,1.050,1.517,0.909,0.2,354.3,0.934,1.517,1.292,1.180,1.517,1.347,World,Quad,18.0,17.2,0.400,0.456,0,0,None,None,1,1,0,0,0.1450,0.1288,0.252,0.000,0
51.00,dummy,AUIT_Multi,BAC,1.054,1.516,0.898,0.1,354.3,0.936,1.517,1.285,1.185,1.517,1.341,World,Quad,17.9,17.3,0.404,0.461,0,0,None,None,1,1,0,0,0.0804,0.0834,0.255,0.000,0
51.11,dummy,AUIT_Multi,BAC,1.058,1.516,0.888,359.5,354.4,0.942,1.516,1.267,1.189,1.516,1.337,World,Quad,17.4,17.6,0.397,0.468,0,0,None,None,1,1,0,0,0.1659,0.0452,0.257,0.000,0
51.21,dummy,AUIT_Multi,BAC,1.061,1.516,0.879,358.7,354.4,0.932,1.516,1.287,1.189,1.516,1.337,World,Quad,17.1,17.8,0.427,0.475,0,0,None,None,1,1,0,0,0.2289,0.0030,0.261,0.000,0
51.30,dummy,AUIT_Multi,BAC,1.062,1.516,0.874,357.8,354.9,0.925,1.516,1.287,1.189,1.516,1.337,World,Quad,16.9,18.2,0.435,0.481,0,0,None,None,1,1,0,0,0.0687,0.0019,0.268,0.000,0
51.40,dummy,AUIT_Multi,BAC,1.063,1.518,0.871,356.8,355.1,0.892,1.517,1.340,1.189,1.517,1.337,World,Quad,17.6,19.0,0.499,0.483,0,0,None,None,1,1,0,0,0.6464,0.0099,0.297,0.000,0
51.50,dummy,AUIT_Multi,BAC,1.063,1.517,0.871,357.0,355.9,0.882,1.518,1.339,1.189,1.518,1.337,World,Quad,18.5,18.6,0.502,0.483,0,0,None,None,1,1,0,0,0.1021,0.0124,0.307,0.000,0
51.61,dummy,AUIT_Multi,BAC,1.062,1.516,0.873,357.1,356.7,0.894,1.516,1.307,1.191,1.516,1.336,World,Quad,18.5,18.8,0.466,0.481,0,0,None,None,1,1,0,0,0.3131,0.0247,0.298,0.000,0
51.71,dummy,AUIT_Multi,BAC,1.059,1.516,0.875,356.8,356.8,0.880,1.516,1.331,1.191,1.516,1.336,World,Quad,18.4,19.4,0.490,0.480,0,0,None,None,1,1,0,0,0.2835,0.0074,0.311,0.000,0
51.80,dummy,AUIT_Multi,BAC,1.056,1.515,0.877,356.4,357.0,0.848,1.516,1.379,1.191,1.516,1.336,World,CabinetD05,19.1,20.2,0.542,0.478,0,0,None,None,1,1,0,0,0.5884,0.0030,0.345,0.000,0
51.90,dummy,AUIT_Multi,BAC,1.053,1.515,0.880,356.4,357.4,0.826,1.515,1.403,1.191,1.515,1.336,World,CabinetD05,20.1,20.5,0.571,0.476,0,0,None,None,1,1,0,0,0.3397,0.0032,0.371,0.000,0
52.01,dummy,AUIT_Multi,BAC,1.049,1.515,0.883,355.7,357.7,0.805,1.515,1.429,1.191,1.515,1.336,World,CabinetD05,19.9,21.8,0.598,0.474,0,0,None,None,1,1,0,0,0.2955,0.0029,0.396,0.000,0
52.11,dummy,AUIT_Multi,BAC,1.042,1.514,0.885,352.0,358.0,0.747,1.515,1.465,1.190,1.515,1.335,World,CabinetD05,19.1,26.3,0.650,0.474,0,0,None,None,1,0,0,0,0.7129,0.0037,0.462,0.000,0
52.21,dummy,AUIT_Multi,BAC,1.031,1.513,0.883,344.4,358.5,0.646,1.514,1.471,1.156,1.514,1.303,World,Quad,17.8,32.1,0.703,0.438,0,0,None,None,1,0,0,0,1.0378,0.4809,0.537,0.000,0
52.30,dummy,AUIT_Multi,BAC,1.020,1.511,0.878,334.6,358.8,0.498,1.512,1.468,1.084,1.512,1.273,World,Quad,16.1,34.5,0.788,0.400,0,0,None,None,1,0,0,0,1.5283,0.8144,0.617,0.000,0
52.40,dummy,AUIT_Multi,BAC,1.010,1.509,0.868,323.6,359.4,0.417,1.511,1.353,0.984,1.511,1.556,World,Quad,14.3,34.3,0.766,0.688,0,0,None,None,1,0,0,0,1.4476,3.0869,0.602,0.000,0
52.51,dummy,AUIT_Multi,BAC,0.999,1.506,0.855,310.5,359.9,0.353,1.508,1.180,0.804,1.508,1.635,World,Quad,13.8,35.4,0.724,0.804,0,0,None,None,1,0,0,0,1.6528,1.7548,0.640,0.000,0
52.61,dummy,AUIT_Multi,BAC,0.995,1.504,0.843,300.6,0.5,0.147,1.506,1.066,0.777,1.508,1.578,World,Quad,16.0,42.9,0.876,0.766,0,0,None,None,1,0,1,0,2.4301,0.6516,0.812,0.000,0
52.71,dummy,AUIT_Multi,BAC,0.993,1.502,0.835,292.9,1.1,0.092,1.504,0.922,0.752,1.508,1.522,World,Quad,17.4,47.8,0.906,0.728,0,0,None,None,1,0,1,0,1.5846,0.6264,0.892,0.000,0
52.80,dummy,AUIT_Multi,BAC,0.994,1.500,0.830,286.7,1.6,0.092,1.502,0.794,0.727,1.508,1.456,World,Refrigerator03_Door01,19.1,50.2,0.902,0.681,0,0,None,None,1,0,1,0,1.3215,0.7251,0.917,0.000,0
52.90,dummy,AUIT_Multi,BAC,0.996,1.499,0.830,283.5,1.9,0.082,1.500,0.698,0.734,1.509,1.383,World,Refrigerator03_Door01,21.8,51.2,0.924,0.612,0,0,None,None,1,0,1,0,0.9829,0.7495,0.946,0.000,0
53.01,dummy,AUIT_Multi,BAC,0.999,1.499,0.834,282.4,2.0,0.069,1.499,0.641,0.735,1.509,1.314,World,Refrigerator03_Door01,24.2,48.9,0.950,0.549,0,0,None,None,1,0,1,0,0.5331,0.6236,0.947,0.000,0
53.11,dummy,AUIT_Multi,BAC,1.002,1.499,0.840,282.9,2.2,0.069,1.499,0.630,0.743,1.510,1.259,World,Refrigerator03_Door01,25.7,45.5,0.956,0.493,0,0,None,None,0,0,0,0,0.1123,0.5804,0.921,0.000,0
53.21,dummy,AUIT_Multi,BAC,1.005,1.500,0.849,285.0,2.3,0.078,1.499,0.649,0.741,1.510,1.211,World,Refrigerator03_Door01,27.3,39.1,0.948,0.448,0,0,None,None,0,0,0,0,0.2139,0.4860,0.869,0.000,0
53.30,dummy,AUIT_Multi,BAC,1.008,1.502,0.861,289.9,2.1,0.092,1.501,0.702,0.735,1.511,1.178,World,Wall4m,29.8,29.5,0.930,0.418,0,0,None,None,0,0,0,0,0.5726,0.3438,0.800,0.000,0
53.40,dummy,AUIT_Multi,BAC,1.013,1.503,0.877,297.7,2.0,0.098,1.502,0.800,0.759,1.511,1.132,World,CabinetD06Door,32.5,17.8,0.918,0.361,0,0,None,None,0,1,0,0,1.0049,0.5300,0.740,0.000,0
53.51,dummy,AUIT_Multi,BAC,1.021,1.505,0.897,310.2,1.8,0.198,1.503,0.953,0.799,1.512,1.074,World,CabinetD06Door,36.3,3.7,0.825,0.283,0,0,None,None,0,1,0,0,1.6487,0.6429,0.613,0.000,0
53.61,dummy,AUIT_Multi,BAC,1.031,1.507,0.915,323.3,1.5,0.360,1.505,1.093,0.738,1.507,1.566,World,CabinetD06,38.5,12.5,0.694,0.714,0,0,None,None,0,1,0,0,2.2046,5.1158,0.606,0.000,0
53.71,dummy,AUIT_Multi,BAC,1.045,1.509,0.932,337.9,1.4,0.415,1.507,1.280,0.907,1.507,1.572,World,CabinetD05,38.9,10.0,0.720,0.655,0,0,None,None,0,1,0,0,1.9998,1.7285,0.572,0.000,0
53.80,dummy,AUIT_Multi,BAC,1.060,1.511,0.943,351.5,1.0,0.531,1.509,1.432,1.057,1.509,1.315,World,CabinetD05,38.8,8.2,0.720,0.372,0,0,None,None,0,1,0,0,1.9713,3.0744,0.539,0.000,0
53.90,dummy,AUIT_Multi,BAC,1.074,1.512,0.950,5.1,0.8,0.788,1.511,1.333,1.187,1.511,1.329,World,CabinetD05Door,41.8,11.6,0.478,0.396,0,0,None,None,0,1,0,0,2.8392,1.3442,0.399,0.000,0
54.00,dummy,AUIT_Multi,BAC,1.085,1.513,0.953,18.2,0.6,0.979,1.512,1.190,1.319,1.512,1.341,World,CabinetDCorner02,42.1,13.0,0.260,0.454,0,0,None,None,0,1,0,0,2.4327,1.3527,0.372,0.000,0
54.11,dummy,AUIT_Multi,BAC,1.092,1.513,0.952,31.0,0.3,1.069,1.513,1.170,1.393,1.512,1.331,World,CabinetDCorner02,37.2,7.4,0.219,0.484,0,0,None,None,0,1,0,0,0.8268,0.6711,0.362,0.000,0
54.21,dummy,AUIT_Multi,BAC,1.094,1.512,0.952,39.1,0.0,1.117,1.513,1.172,1.418,1.512,1.313,World,CabinetDCorner02,33.2,2.7,0.221,0.485,0,0,None,None,0,1,0,0,0.5000,0.3148,0.332,0.000,0
54.31,dummy,AUIT_Multi,BAC,1.093,1.512,0.957,43.7,0.3,1.153,1.512,1.186,1.449,1.512,1.300,World,CabinetDCorner02,28.9,2.4,0.237,0.494,0,0,None,None,0,1,0,0,0.3959,0.3484,0.316,0.000,0
54.40,dummy,AUIT_Multi,BAC,1.091,1.512,0.965,45.0,0.2,1.173,1.512,1.200,1.431,1.513,1.273,World,CabinetDCorner02,25.7,2.8,0.249,0.458,0,0,None,None,0,1,0,0,0.2560,0.3345,0.267,0.000,0
54.51,dummy,AUIT_Multi,BAC,1.089,1.512,0.975,44.5,0.7,1.177,1.512,1.204,1.406,1.513,1.254,World,CabinetDCorner02,23.6,4.2,0.245,0.422,0,0,None,None,1,1,0,0,0.0470,0.2721,0.235,0.000,0
54.61,dummy,AUIT_Multi,BAC,1.089,1.512,0.984,43.7,1.3,1.179,1.512,1.211,1.387,1.513,1.243,World,CabinetDCorner02,22.2,5.4,0.245,0.395,0,0,None,None,1,1,0,0,0.0770,0.2254,0.210,0.000,0
54.71,dummy,AUIT_Multi,BAC,1.090,1.512,0.990,42.9,1.7,1.182,1.512,1.217,1.326,1.513,1.211,World,CabinetDCorner02,20.8,4.4,0.245,0.323,0,0,None,None,1,1,0,0,0.0644,0.7091,0.144,0.000,0
54.81,dummy,AUIT_Multi,BAC,1.090,1.511,0.995,42.1,2.0,1.184,1.512,1.222,1.289,1.513,1.189,World,CabinetDCorner02,19.8,4.3,0.246,0.278,0,0,None,None,1,1,0,0,0.0542,0.4394,0.110,0.000,0
54.90,dummy,AUIT_Multi,BAC,1.090,1.511,0.998,41.5,2.3,1.185,1.511,1.225,1.256,1.513,1.167,World,CabinetDCorner02,18.8,4.2,0.247,0.237,0,0,None,None,1,1,0,0,0.0401,0.4164,0.092,0.000,0
55.01,dummy,AUIT_Multi,BAC,1.088,1.511,1.001,40.5,2.5,1.187,1.511,1.230,1.231,1.513,1.146,World,Quad,17.4,5.0,0.250,0.204,0,0,None,None,1,1,0,0,0.0441,0.2875,0.094,0.000,0
55.11,dummy,AUIT_Multi,BAC,1.086,1.510,1.002,39.9,2.6,1.188,1.511,1.233,1.514,1.511,1.296,World,Quad,16.2,15.9,0.252,0.519,0,0,None,None,1,1,0,0,0.0315,3.3013,0.332,0.000,0
55.21,dummy,AUIT_Multi,BAC,1.085,1.510,1.002,39.4,2.8,1.182,1.510,1.222,1.603,1.510,1.351,World,Quad,15.9,16.9,0.241,0.624,0,0,None,None,1,1,0,0,0.1276,1.0646,0.440,0.000,0
55.30,dummy,AUIT_Multi,BAC,1.083,1.510,1.001,39.1,2.8,1.173,1.510,1.213,1.611,1.510,1.356,World,Quad,16.5,17.2,0.230,0.636,0,0,None,None,1,1,0,0,0.1340,0.1035,0.461,0.000,0
55.40,dummy,AUIT_Multi,BAC,1.082,1.510,1.000,39.0,2.8,1.168,1.510,1.210,1.611,1.510,1.356,World,Quad,16.9,17.3,0.227,0.638,0,0,None,None,1,1,0,0,0.0619,0.0056,0.467,0.000,0
55.50,dummy,AUIT_Multi,BAC,1.081,1.509,0.999,38.9,2.9,1.165,1.509,1.208,1.611,1.509,1.356,World,Quad,17.2,17.3,0.226,0.640,0,0,None,None,1,1,0,0,0.0311,0.0025,0.470,0.000,0
55.61,dummy,AUIT_Multi,BAC,1.080,1.509,0.997,38.9,2.9,1.165,1.509,1.207,1.611,1.509,1.356,World,Quad,17.2,17.2,0.227,0.642,0,0,None,None,1,1,0,0,0.0091,0.0045,0.471,0.000,0
55.71,dummy,AUIT_Multi,BAC,1.079,1.509,0.996,38.7,2.9,1.163,1.509,1.205,1.611,1.509,1.356,World,Quad,17.1,17.4,0.226,0.643,0,0,None,None,1,1,0,0,0.0256,0.0033,0.472,0.000,0
55.81,dummy,AUIT_Multi,BAC,1.078,1.509,0.995,38.6,3.0,1.161,1.509,1.203,1.610,1.509,1.356,World,Quad,17.2,17.5,0.224,0.644,0,0,None,None,1,1,0,0,0.0314,0.0027,0.475,0.000,0
55.90,dummy,AUIT_Multi,BAC,1.080,1.505,0.997,38.6,2.8,1.159,1.508,1.202,1.610,1.508,1.356,World,Quad,17.9,17.6,0.220,0.641,0,0,None,None,1,1,0,0,0.0290,0.0093,0.477,0.000,0
56.01,dummy,AUIT_Multi,BAC,1.091,1.509,1.010,39.9,357.5,1.159,1.505,1.203,1.648,1.505,1.358,World,CabinetDCorner02,20.8,18.3,0.205,0.657,0,0,None,None,1,1,0,0,0.0309,0.3375,0.513,0.000,0
56.11,dummy,AUIT_Multi,BAC,1.090,1.510,1.019,36.5,356.3,1.151,1.508,1.198,1.676,1.508,1.359,World,Quad,18.3,23.7,0.190,0.678,0,0,None,None,1,1,0,0,0.1025,0.2978,0.550,0.000,0
56.21,dummy,AUIT_Multi,BAC,1.090,1.516,1.031,32.4,352.6,1.128,1.511,1.190,1.665,1.511,1.359,World,CabinetDCorner02,21.1,28.9,0.164,0.662,0,0,None,None,1,0,0,0,0.2524,0.1183,0.563,0.000,0
56.31,dummy,AUIT_Multi,BAC,1.089,1.526,1.045,26.4,349.1,1.108,1.518,1.192,1.575,1.518,1.356,World,CabinetDCorner02,23.4,33.0,0.148,0.577,0,0,None,None,1,0,0,0,0.2094,0.9270,0.494,0.000,0
56.40,dummy,AUIT_Multi,BAC,1.090,1.540,1.058,23.7,350.3,1.093,1.529,1.195,1.479,1.529,1.354,World,CabinetDCorner02,26.4,30.8,0.138,0.489,0,0,None,None,0,0,0,0,0.1976,1.0052,0.416,0.000,0
56.51,dummy,AUIT_Multi,BAC,1.094,1.542,1.063,22.6,352.3,1.088,1.540,1.198,1.426,1.540,1.354,World,CabinetDCorner02,26.6,27.3,0.136,0.441,0,0,None,None,0,0,0,0,0.1124,0.4852,0.372,0.000,0
56.61,dummy,AUIT_Multi,BAC,1.097,1.538,1.068,24.1,356.1,1.090,1.541,1.200,1.416,1.541,1.353,World,CabinetDCorner02,27.4,24.4,0.131,0.427,0,0,None,None,0,1,0,0,0.0280,0.0990,0.361,0.000,0
56.71,dummy,AUIT_Multi,BAC,1.099,1.538,1.084,25.6,1.4,1.096,1.539,1.202,1.395,1.541,1.343,World,CabinetDCorner02,27.1,23.4,0.118,0.394,0,0,None,None,0,1,0,0,0.0610,0.2425,0.331,0.000,0
56.81,dummy,AUIT_Multi,BAC,1.097,1.534,1.115,24.2,8.7,1.098,1.538,1.206,1.367,1.541,1.333,World,CabinetDCorner02,25.9,28.6,0.092,0.347,0,0,None,None,0,0,0,0,0.0584,0.3053,0.297,0.000,0
56.90,dummy,AUIT_Multi,BAC,1.091,1.509,1.162,20.0,12.0,1.094,1.530,1.216,1.331,1.539,1.322,World,CabinetDCorner02,37.4,40.4,0.058,0.290,0,0,None,None,0,0,0,0,0.1338,0.3922,0.260,0.000,0
57.01,dummy,AUIT_Multi,BAC,1.060,1.448,1.210,13.5,16.5,1.073,1.493,1.253,1.287,1.531,1.309,World,Wall4m,62.0,62.7,0.063,0.261,0,0,None,None,0,0,0,0,0.5060,0.4174,0.224,0.000,0
57.11,dummy,AUIT_Multi,BAC,1.018,1.381,1.243,9.7,20.9,1.011,1.439,1.417,1.251,1.520,1.301,World,Wall4m,41.1,81.6,0.183,0.278,0,0,None,None,0,0,0,0,1.8834,0.3899,0.279,0.000,0
57.21,dummy,AUIT_Multi,BAC,0.966,1.303,1.263,4.9,23.1,0.913,1.371,1.580,1.311,1.506,1.448,World,MixingBowl,37.6,74.5,0.329,0.441,0,1,None,CabinetDCorner02,0,0,0,0,2.0935,1.6480,0.440,0.000,0
57.30,dummy,AUIT_Multi,BAC,0.910,1.223,1.267,348.7,28.4,0.718,1.295,1.779,1.235,1.497,1.434,World,CabinetD01,37.0,95.3,0.552,0.457,0,0,None,None,0,0,0,0,2.9609,0.7934,0.654,0.000,0
57.40,dummy,AUIT_Multi,BAC,0.857,1.146,1.263,334.6,28.2,0.475,1.214,1.816,1.155,1.484,1.422,World,CabinetD01,35.1,107.8,0.675,0.477,0,1,None,CabinetD05Door,0,0,0,0,2.6650,0.8488,0.831,0.000,0
57.51,dummy,AUIT_Multi,BAC,0.802,1.072,1.262,319.8,28.6,0.388,1.131,1.613,1.081,1.477,1.396,World,CabinetD02,36.0,120.9,0.546,0.510,0,1,None,CabinetD05Door,0,0,0,0,2.1081,0.6970,0.805,0.000,0
57.61,dummy,AUIT_Multi,BAC,0.762,1.014,1.269,306.2,19.1,0.348,1.066,1.462,0.882,1.389,1.567,World,CabinetD02,27.9,95.7,0.460,0.494,0,0,None,None,0,0,0,0,1.7508,2.8711,0.633,0.000,0
57.71,dummy,AUIT_Multi,BAC,0.736,0.966,1.288,301.8,12.9,0.271,1.010,1.382,0.715,1.282,1.687,World,CabinetD02,27.3,72.7,0.477,0.510,0,0,None,None,0,0,0,0,1.2857,2.3964,0.604,0.000,0
57.80,dummy,AUIT_Multi,BAC,0.707,0.924,1.315,298.1,4.7,0.163,0.962,1.353,0.742,1.234,1.554,World,CabinetD02,25.6,81.7,0.547,0.393,0,0,None,None,0,0,0,0,1.2532,1.4842,0.671,0.000,0
57.90,dummy,AUIT_Multi,BAC,0.671,0.894,1.340,297.1,2.5,0.220,0.922,1.348,0.695,1.186,1.548,World,CabinetD02,26.7,80.3,0.452,0.359,0,0,None,None,0,0,0,0,0.7152,0.6821,0.579,0.000,0
58.00,dummy,AUIT_Multi,BAC,0.636,0.874,1.360,288.5,6.9,0.030,0.894,1.336,0.638,1.137,1.547,World,CabinetD03,22.4,85.4,0.607,0.322,0,0,None,None,1,0,0,0,1.9643,0.7737,0.688,0.000,0
58.11,dummy,AUIT_Multi,BAC,0.602,0.863,1.379,281.6,11.7,-0.007,0.873,1.277,0.574,1.083,1.547,World,CabinetD04,24.5,86.8,0.618,0.278,0,0,None,None,1,0,0,0,0.6640,0.7611,0.674,0.000,0
58.21,dummy,AUIT_Multi,BAC,0.577,0.853,1.394,275.6,12.5,-0.015,0.862,1.231,0.517,1.036,1.546,World,Wall4m,24.7,82.1,0.614,0.246,0,0,None,None,1,0,0,0,0.4990,0.7630,0.642,0.000,0
58.30,dummy,AUIT_Multi,BAC,0.561,0.838,1.405,269.2,12.1,-0.023,0.851,1.174,0.460,0.993,1.546,World,Wall4m,24.6,73.9,0.628,0.233,0,0,None,None,1,0,0,0,0.5986,0.7296,0.626,0.000,0
58.40,dummy,AUIT_Multi,BAC,0.553,0.818,1.412,263.6,12.1,-0.029,0.835,1.115,0.399,0.945,1.546,World,Refrigerator03_Door01,24.6,63.4,0.653,0.240,0,0,None,None,1,0,0,0,0.6330,0.7998,0.617,0.000,0
58.51,dummy,AUIT_Multi,BAC,0.553,0.810,1.410,263.9,9.7,-0.033,0.817,1.052,0.335,0.891,1.544,World,Wall4m,27.2,46.1,0.687,0.268,0,0,None,None,0,0,0,0,0.5917,0.7543,0.619,0.000,0
58.61,dummy,AUIT_Multi,BAC,0.555,0.812,1.414,263.6,11.4,-0.032,0.811,1.057,0.291,0.846,1.542,World,Wall4m,27.3,36.8,0.687,0.294,0,0,None,None,0,0,0,0,0.0784,0.6477,0.584,0.000,0
58.71,dummy,AUIT_Multi,BAC,0.554,0.796,1.416,265.2,2.8,-0.011,0.808,1.078,0.277,0.826,1.529,World,Wall4m,26.4,28.3,0.658,0.301,0,0,None,None,0,0,0,0,0.3054,0.2801,0.536,0.000,0
58.80,dummy,AUIT_Multi,BAC,0.554,0.795,1.418,263.3,3.4,0.023,0.807,1.103,0.276,0.822,1.522,World,Refrigerator03_Door01,24.3,28.5,0.617,0.298,0,0,None,None,1,0,0,0,0.4446,0.0893,0.489,0.000,0
58.90,dummy,AUIT_Multi,BAC,0.555,0.794,1.420,261.0,3.1,0.056,0.807,1.123,0.268,0.818,1.515,World,Refrigerator03_Door01,22.2,28.3,0.581,0.304,0,0,None,None,1,0,0,0,0.3946,0.1227,0.445,0.000,0
59.01,dummy,AUIT_Multi,BAC,0.555,0.794,1.421,259.2,3.8,0.097,0.807,1.150,0.259,0.815,1.506,World,Refrigerator03_Door01,20.5,28.0,0.532,0.308,0,0,None,None,1,0,0,0,0.4418,0.1132,0.391,0.000,0
59.11,dummy,AUIT_Multi,BAC,0.557,0.792,1.421,256.6,1.8,0.128,0.806,1.166,0.243,0.812,1.499,World,Quad,17.7,27.8,0.499,0.324,0,0,None,None,1,0,0,0,0.3533,0.1809,0.352,0.000,0
59.21,dummy,AUIT_Multi,BAC,0.559,0.791,1.420,257.0,360.0,0.161,0.806,1.190,0.240,0.808,1.491,World,Quad,17.1,25.8,0.460,0.328,0,0,None,None,1,0,0,0,0.4213,0.0924,0.312,0.000,0
59.30,dummy,AUIT_Multi,BAC,0.558,0.791,1.421,255.3,0.4,0.195,0.806,1.213,0.229,0.805,1.484,World,Quad,15.3,25.8,0.418,0.335,0,0,None,None,1,0,0,0,0.4242,0.1391,0.273,0.000,0
59.40,dummy,AUIT_Multi,BAC,0.558,0.791,1.421,255.5,0.5,0.234,0.806,1.246,0.221,0.802,1.476,World,Quad,14.1,23.8,0.368,0.342,0,0,None,None,1,1,0,0,0.5336,0.1241,0.230,0.000,0
59.51,dummy,AUIT_Multi,BAC,0.558,0.791,1.421,255.6,0.5,0.265,0.805,1.275,0.177,0.799,1.469,World,Quad,12.3,21.6,0.327,0.384,0,0,None,None,1,1,0,0,0.3791,0.3990,0.212,0.000,0
59.61,dummy,AUIT_Multi,BAC,0.558,0.791,1.421,255.6,0.5,0.309,0.805,1.316,0.143,0.796,1.459,World,Quad,9.1,19.8,0.271,0.417,0,0,None,None,1,1,0,0,0.6124,0.3618,0.219,0.000,0
59.71,dummy,AUIT_Multi,BAC,0.558,0.791,1.421,255.6,0.5,0.048,0.797,1.109,-0.328,0.792,1.491,World,Quad,17.0,19.0,0.598,0.889,0,0,None,None,1,1,0,1,3.3296,4.7267,0.536,0.000,0
59.81,dummy,AUIT_Multi,BAC,0.558,0.792,1.421,255.6,0.5,-0.038,0.792,1.031,-0.593,0.792,1.512,World,Refrigerator03_Door01,18.7,19.0,0.712,1.155,0,0,None,None,1,1,0,1,1.2067,2.7641,0.734,0.000,0
59.90,dummy,AUIT_Multi,BAC,0.558,0.792,1.421,255.6,0.5,-0.033,0.792,1.031,-0.632,0.792,1.515,World,Refrigerator03_Door01,18.9,19.0,0.708,1.194,0,0,None,None,1,1,0,1,0.0491,0.4146,0.770,0.000,0
60.01,dummy,AUIT_Multi,BAC,0.558,0.792,1.421,255.6,0.6,-0.032,0.792,1.031,-0.638,0.792,1.516,World,Refrigerator03_Door01,19.0,19.0,0.707,1.199,0,0,None,None,1,1,0,1,0.0071,0.0470,0.775,0.000,0
60.11,dummy,AUIT_Multi,BAC,0.558,0.792,1.421,255.6,0.5,-0.032,0.792,1.031,-0.632,0.792,1.515,World,Refrigerator03_Door01,19.0,19.0,0.708,1.194,0,0,None,None,1,1,0,1,0.0008,0.0608,0.771,0.000,0
60.21,dummy,AUIT_Multi,BAC,0.558,0.792,1.421,255.6,0.5,-0.032,0.792,1.031,-0.618,0.792,1.515,World,Refrigerator03_Door01,19.0,19.0,0.708,1.180,0,0,None,None,1,1,0,1,0.0008,0.1415,0.759,0.000,0
60.30,dummy,AUIT_Multi,BAC,0.558,0.792,1.421,255.6,0.5,-0.032,0.792,1.031,-0.619,0.792,1.515,World,Refrigerator03_Door01,19.0,19.0,0.708,1.181,0,0,None,None,1,1,0,1,0.0012,0.0117,0.760,0.000,0
60.40,dummy,AUIT_Multi,BAC,0.558,0.792,1.421,255.6,0.5,-0.032,0.792,1.031,-0.599,0.792,1.514,World,Refrigerator03_Door01,19.0,19.0,0.708,1.161,0,0,None,None,1,1,0,1,0.0004,0.2007,0.745,0.000,0
60.51,dummy,AUIT_Multi,BAC,0.558,0.791,1.421,255.6,0.5,-0.032,0.792,1.031,-0.614,0.792,1.515,World,Refrigerator03_Door01,19.0,19.0,0.708,1.176,0,0,None,None,1,1,0,1,0.0012,0.1317,0.757,0.000,0
60.65,dummy,AUIT_Multi,BAC,1.000,0.000,1.000,0.0,0.0,-0.032,0.792,1.031,-0.614,0.792,1.515,World,CabinetD01,88.7,74.0,1.301,1.870,0,0,None,None,0,0,0,0,0.0018,0.0032,0.757,1.000,0
