Time,ParticipantID,Scenario,Sequence,HeadX,HeadY,HeadZ,HeadYaw,HeadPitch,VideoX,VideoY,VideoZ,InstX,InstY,InstZ,GazeTarget,HitObjectName,AngleToVideo,AngleToInst,VideoDist,InstDist,VideoOcc,InstOcc,VideoOccHitName,InstOccHitName,VideoInCone,InstInCone,VideoVisible,InstVisible,VideoSpeed,InstSpeed,PanelSeparation,ScreenOverlapPct,BothVisible
0.00,Hamad,Static,BCA,1.000,0.000,0.500,0.0,0.0,-2.197,1.378,13.812,NaN,NaN,NaN,World,CabinetDCorner01,14.7,NaN,13.760,NaN,1,0,CabinetD01,None,1,0,0,0,0.0000,NaN,NaN,NaN,0
0.15,Hamad,Static,BCA,1.000,0.000,0.500,0.0,0.0,-2.197,1.378,13.812,NaN,NaN,NaN,World,CabinetDCorner01,14.7,NaN,13.760,NaN,1,0,CabinetD01,None,1,0,0,0,0.0000,NaN,NaN,NaN,0
0.21,Hamad,Static,BCA,1.000,0.000,0.500,0.0,0.0,-2.197,1.378,13.812,NaN,NaN,NaN,World,CabinetDCorner01,14.7,NaN,13.760,NaN,1,0,CabinetD01,None,1,0,0,0,0.0000,NaN,NaN,NaN,0
0.31,Hamad,Static,BCA,1.000,0.000,0.500,0.0,0.0,-2.197,1.378,13.812,NaN,NaN,NaN,World,CabinetDCorner01,14.7,NaN,13.760,NaN,1,0,CabinetD01,None,1,0,0,0,0.0000,NaN,NaN,NaN,0
0.40,Hamad,Static,BCA,1.000,0.000,0.500,0.0,0.0,-2.197,1.378,13.812,NaN,NaN,NaN,World,CabinetDCorner01,14.7,NaN,13.760,NaN,1,0,CabinetD01,None,1,0,0,0,0.0000,NaN,NaN,NaN,0
0.50,Hamad,Static,BCA,1.000,0.000,0.500,0.0,0.0,-2.197,1.378,13.812,NaN,NaN,NaN,World,CabinetDCorner01,14.7,NaN,13.760,NaN,1,0,CabinetD01,None,1,0,0,0,0.0000,NaN,NaN,NaN,0
0.61,Hamad,Static,BCA,1.000,0.000,0.500,0.0,0.0,-2.197,1.378,13.812,NaN,NaN,NaN,World,CabinetDCorner01,14.7,NaN,13.760,NaN,1,0,CabinetD01,None,1,0,0,0,0.0000,NaN,NaN,NaN,0
0.71,Hamad,Static,BCA,1.000,0.000,0.500,0.0,0.0,-2.197,1.378,13.812,NaN,NaN,NaN,World,CabinetDCorner01,14.7,NaN,13.760,NaN,1,0,CabinetD01,None,1,0,0,0,0.0000,NaN,NaN,NaN,0
0.81,Hamad,Static,BCA,1.000,0.000,0.500,0.0,0.0,-2.197,1.378,13.812,NaN,NaN,NaN,World,CabinetDCorner01,14.7,NaN,13.760,NaN,1,0,CabinetD01,None,1,0,0,0,0.0000,NaN,NaN,NaN,0
0.91,Hamad,Static,BCA,1.000,0.000,0.500,0.0,0.0,-2.197,1.378,13.812,NaN,NaN,NaN,World,CabinetDCorner01,14.7,NaN,13.760,NaN,1,0,CabinetD01,None,1,0,0,0,0.0000,NaN,NaN,NaN,0
1.00,Hamad,Static,BCA,1.314,1.583,0.411,329.5,359.6,-2.197,1.378,13.812,NaN,NaN,NaN,World,CabinetD06,15.9,NaN,13.855,NaN,1,0,CabinetD05Door,None,1,0,0,0,0.0000,NaN,NaN,NaN,0
1.10,Hamad,Static,BCA,1.297,1.582,0.394,330.3,359.9,-2.197,1.378,13.812,NaN,NaN,NaN,World,CabinetD06,15.1,NaN,13.867,NaN,1,0,CabinetD05Door,None,1,0,0,0,0.0000,NaN,NaN,NaN,0
1.20,Hamad,Static,BCA,1.283,1.581,0.381,330.7,0.4,-2.197,1.378,13.812,NaN,NaN,NaN,World,CabinetD06,14.8,NaN,13.876,NaN,1,0,CabinetD05Door,None,1,0,0,0,0.0000,NaN,NaN,NaN,0
1.30,Hamad,Static,BCA,1.274,1.582,0.372,330.8,0.4,-2.197,1.378,13.812,NaN,NaN,NaN,World,CabinetD06,14.7,NaN,13.883,NaN,1,0,CabinetD05Door,None,1,0,0,0,0.0000,NaN,NaN,NaN,0
1.41,Hamad,Static,BCA,1.270,1.583,0.364,330.4,359.6,-2.197,1.378,13.812,NaN,NaN,NaN,World,CabinetD06,15.2,NaN,13.889,NaN,1,0,CabinetD05Door,None,1,0,0,0,0.0000,NaN,NaN,NaN,0
1.51,Hamad,Static,BCA,1.271,1.584,0.362,330.0,359.4,-2.197,1.378,13.812,NaN,NaN,NaN,World,CabinetD06,15.6,NaN,13.892,NaN,1,0,CabinetD05Door,None,1,0,0,0,0.0000,NaN,NaN,NaN,0
1.61,Hamad,Static,BCA,1.271,1.585,0.363,328.7,359.1,-2.197,1.378,13.812,NaN,NaN,NaN,World,CabinetD06,16.9,NaN,13.891,NaN,1,0,CabinetD05Door,None,1,0,0,0,0.0000,NaN,NaN,NaN,0
1.70,Hamad,Static,BCA,1.270,1.583,0.365,327.1,359.6,-2.197,1.378,13.812,NaN,NaN,NaN,World,CabinetD06,18.5,NaN,13.888,NaN,1,0,CabinetD05Door,None,1,0,0,0,0.0000,NaN,NaN,NaN,0
1.80,Hamad,Static,BCA,1.268,1.582,0.368,325.2,0.4,-2.197,1.378,13.812,NaN,NaN,NaN,World,CabinetD06,20.4,NaN,13.885,NaN,1,0,CabinetD05Door,None,1,0,0,0,0.0000,NaN,NaN,NaN,0
1.91,Hamad,Static,BCA,1.263,1.581,0.368,322.1,1.0,-2.197,1.378,13.812,NaN,NaN,NaN,World,CabinetD06,23.5,NaN,13.884,NaN,1,0,CabinetD05Door,None,1,0,0,0,0.0000,NaN,NaN,NaN,0
2.01,Hamad,Static,BCA,1.258,1.579,0.366,318.3,2.0,-2.197,1.378,13.812,NaN,NaN,NaN,World,CabinetD06Door,27.3,NaN,13.884,NaN,1,0,CabinetD05,None,0,0,0,0,0.0000,NaN,NaN,NaN,0
2.11,Hamad,Static,BCA,1.253,1.577,0.364,314.5,2.8,-2.197,1.378,13.812,NaN,NaN,NaN,World,CabinetD06Door,31.2,NaN,13.886,NaN,1,0,CabinetD05,None,0,0,0,0,0.0000,NaN,NaN,NaN,0
2.20,Hamad,Static,BCA,1.251,1.577,0.361,311.7,3.2,-2.197,1.378,13.812,NaN,NaN,NaN,World,CabinetD06Door,34.0,NaN,13.888,NaN,1,0,CabinetD05,None,0,0,0,0,0.0000,NaN,NaN,NaN,0
2.30,Hamad,Static,BCA,1.251,1.578,0.359,311.6,2.9,-2.197,1.378,13.812,NaN,NaN,NaN,World,CabinetD06Door,34.1,NaN,13.889,NaN,1,0,CabinetD05,None,0,0,0,0,0.0000,NaN,NaN,NaN,0
2.41,Hamad,Static,BCA,1.253,1.579,0.360,313.5,3.1,-2.197,1.378,13.812,NaN,NaN,NaN,World,CabinetD06Door,32.1,NaN,13.889,NaN,1,0,CabinetD05,None,0,0,0,0,0.0000,NaN,NaN,NaN,0
2.51,Hamad,Static,BCA,1.256,1.578,0.362,316.1,3.4,-2.197,1.378,13.812,NaN,NaN,NaN,World,CabinetD06Door,29.6,NaN,13.888,NaN,1,0,CabinetD05,None,0,0,0,0,0.0000,NaN,NaN,NaN,0
2.61,Hamad,Static,BCA,1.263,1.579,0.364,321.7,3.0,-2.197,1.378,13.812,NaN,NaN,NaN,World,CabinetD06,24.0,NaN,13.887,NaN,1,0,CabinetD05,None,1,0,0,0,0.0000,NaN,NaN,NaN,0
2.70,Hamad,Static,BCA,1.275,1.581,0.367,330.8,1.9,-2.197,1.378,13.812,NaN,NaN,NaN,World,CabinetD06,14.8,NaN,13.888,NaN,1,0,CabinetD05,None,1,0,0,0,0.0000,NaN,NaN,NaN,0
2.80,Hamad,Static,BCA,1.289,1.582,0.367,340.3,0.8,-2.197,1.378,13.812,NaN,NaN,NaN,World,CabinetD05,5.1,NaN,13.891,NaN,1,0,CabinetD05,None,1,0,0,0,0.0000,NaN,NaN,NaN,0
2.91,Hamad,Static,BCA,1.301,1.584,0.365,349.3,359.4,-2.197,1.378,13.812,NaN,NaN,NaN,World,CabinetD05Door,4.1,NaN,13.896,NaN,1,0,CabinetD05,None,1,0,0,0,0.0000,NaN,NaN,NaN,0
3.01,Hamad,Static,BCA,1.306,1.583,0.363,353.6,358.9,-2.197,1.378,13.812,NaN,NaN,NaN,World,Wall4m,8.5,NaN,13.900,NaN,1,0,CabinetD05,None,1,0,0,0,0.0000,NaN,NaN,NaN,0
3.11,Hamad,Static,BCA,1.310,1.584,0.359,357.2,358.5,-2.197,1.378,13.812,NaN,NaN,NaN,World,CabinetDCorner02,12.1,NaN,13.904,NaN,1,0,CabinetD05,None,1,0,0,0,0.0000,NaN,NaN,NaN,0
3.20,Hamad,Static,BCA,1.309,1.584,0.358,357.8,358.2,-2.197,1.378,13.812,NaN,NaN,NaN,World,CabinetDCorner02,12.7,NaN,13.905,NaN,1,0,CabinetD05,None,1,0,0,0,0.0000,NaN,NaN,NaN,0
3.30,Hamad,Static,BCA,1.306,1.584,0.357,356.5,358.6,-2.197,1.378,13.812,NaN,NaN,NaN,World,CabinetDCorner02,11.3,NaN,13.905,NaN,1,0,CabinetD05,None,1,0,0,0,0.0000,NaN,NaN,NaN,0
3.41,Hamad,Static,BCA,1.299,1.584,0.356,352.2,358.3,-2.197,1.378,13.812,NaN,NaN,NaN,World,CabinetD05Door,7.3,NaN,13.905,NaN,1,0,CabinetD05,None,1,0,0,0,0.0000,NaN,NaN,NaN,0
3.51,Hamad,Static,BCA,1.289,1.586,0.353,346.3,357.4,-2.197,1.378,13.812,NaN,NaN,NaN,World,CabinetD05,3.5,NaN,13.905,NaN,1,0,CabinetD05,None,1,0,0,0,0.0000,NaN,NaN,NaN,0
3.61,Hamad,Static,BCA,1.277,1.585,0.348,339.9,357.5,-2.197,1.378,13.812,NaN,NaN,NaN,World,CabinetD05,6.6,NaN,13.907,NaN,1,0,CabinetD05,None,1,0,0,0,0.0000,NaN,NaN,NaN,0
3.70,Hamad,Static,BCA,1.264,1.585,0.341,334.5,357.4,-2.197,1.378,13.812,NaN,NaN,NaN,World,CabinetD06,11.7,NaN,13.910,NaN,1,0,CabinetD05,None,1,0,0,0,0.0000,NaN,NaN,NaN,0
3.80,Hamad,Static,BCA,1.252,1.585,0.335,330.1,357.3,-2.197,1.378,13.812,NaN,NaN,NaN,World,CabinetD06,15.9,NaN,13.913,NaN,1,0,CabinetD05,None,1,0,0,0,0.0000,NaN,NaN,NaN,0
3.91,Hamad,Static,BCA,1.241,1.583,0.332,326.5,357.8,-2.197,1.378,13.812,NaN,NaN,NaN,World,CabinetD06,19.4,NaN,13.913,NaN,1,0,CabinetD05,None,1,0,0,0,0.0000,NaN,NaN,NaN,0
4.01,Hamad,Static,BCA,1.232,1.584,0.337,323.5,358.7,-2.197,1.378,13.812,NaN,NaN,NaN,World,CabinetD06,22.3,NaN,13.906,NaN,1,0,CabinetD05,None,1,0,0,0,0.0000,NaN,NaN,NaN,0
4.11,Hamad,Static,BCA,1.224,1.583,0.347,320.5,359.1,-2.197,1.378,13.812,NaN,NaN,NaN,World,CabinetD06Door,25.3,NaN,13.894,NaN,1,0,CabinetD05,None,0,0,0,0,0.0000,NaN,NaN,NaN,0
4.20,Hamad,Static,BCA,1.216,1.583,0.364,317.2,0.0,-2.197,1.378,13.812,NaN,NaN,NaN,World,CabinetD06Door,28.6,NaN,13.877,NaN,1,0,CabinetD05,None,0,0,0,0,0.0000,NaN,NaN,NaN,0
4.30,Hamad,Static,BCA,1.209,1.580,0.384,312.4,0.8,-2.197,1.378,13.812,NaN,NaN,NaN,World,CabinetD06Door,33.3,NaN,13.854,NaN,1,0,CabinetD05,None,0,0,0,0,0.0000,NaN,NaN,NaN,0
4.41,Hamad,Static,BCA,1.198,1.577,0.413,303.7,3.0,-2.197,1.378,13.812,NaN,NaN,NaN,World,Wall4m,42.1,NaN,13.824,NaN,1,0,CabinetD05,None,0,0,0,0,0.0000,NaN,NaN,NaN,0
4.51,Hamad,Static,BCA,1.184,1.577,0.439,295.0,3.8,-2.197,1.378,13.812,NaN,NaN,NaN,World,Refrigerator03_Door01,50.9,NaN,13.795,NaN,1,0,CabinetD05,None,0,0,0,0,0.0000,NaN,NaN,NaN,0
4.61,Hamad,Static,BCA,1.171,1.573,0.462,286.5,5.9,-2.197,1.378,13.812,NaN,NaN,NaN,World,Refrigerator03_Door01,59.5,NaN,13.770,NaN,1,0,CabinetD05,None,0,0,0,0,0.0000,NaN,NaN,NaN,0
4.71,Hamad,Static,BCA,1.160,1.569,0.474,279.1,8.0,-2.197,1.378,13.812,NaN,NaN,NaN,World,Refrigerator03,66.9,NaN,13.755,NaN,1,0,CabinetD05,None,0,0,0,0,0.0000,NaN,NaN,NaN,0
4.80,Hamad,Static,BCA,1.155,1.569,0.476,272.9,8.2,-2.197,1.378,13.812,NaN,NaN,NaN,World,Refrigerator03,73.0,NaN,13.753,NaN,1,0,CabinetD05,None,0,0,0,0,0.0000,NaN,NaN,NaN,0
4.91,Hamad,Static,BCA,1.152,1.571,0.472,268.5,7.8,-2.197,1.378,13.812,NaN,NaN,NaN,World,Refrigerator03,77.4,NaN,13.755,NaN,1,0,CabinetD05,None,0,0,0,0,0.0000,NaN,NaN,NaN,0
5.01,Hamad,Static,BCA,1.151,1.573,0.467,265.6,6.9,-2.197,1.378,13.812,NaN,NaN,NaN,World,Refrigerator03,80.3,NaN,13.760,NaN,1,0,CabinetD05,None,0,0,0,0,0.0000,NaN,NaN,NaN,0
5.11,Hamad,Static,BCA,1.152,1.573,0.463,264.3,6.5,-2.197,1.378,13.812,NaN,NaN,NaN,World,Refrigerator03,81.6,NaN,13.764,NaN,1,0,CabinetD05,None,0,0,0,0,0.0000,NaN,NaN,NaN,0
5.21,Hamad,Static,BCA,1.152,1.573,0.463,266.6,6.2,-2.197,1.378,13.812,NaN,NaN,NaN,World,Refrigerator03,79.3,NaN,13.764,NaN,1,0,CabinetD05,None,0,0,0,0,0.0000,NaN,NaN,NaN,0
5.30,Hamad,Static,BCA,1.155,1.573,0.468,271.7,6.0,-2.197,1.378,13.812,NaN,NaN,NaN,World,Refrigerator03,74.2,NaN,13.760,NaN,1,0,CabinetD05,None,0,0,0,0,0.0000,NaN,NaN,NaN,0
5.40,Hamad,Static,BCA,1.159,1.572,0.477,278.7,6.1,-2.197,1.378,13.812,NaN,NaN,NaN,World,Refrigerator03,67.2,NaN,13.753,NaN,1,0,CabinetD05,None,0,0,0,0,0.0000,NaN,NaN,NaN,0
5.51,Hamad,Static,BCA,1.165,1.569,0.492,289.2,7.1,-2.197,1.378,13.812,NaN,NaN,NaN,World,Refrigerator03_Door01,56.9,NaN,13.739,NaN,1,0,CabinetD05,None,0,0,0,0,0.0000,NaN,NaN,NaN,0
5.61,Hamad,Static,BCA,1.171,1.568,0.504,296.8,7.4,-2.197,1.378,13.812,NaN,NaN,NaN,World,Refrigerator03_Door01,49.2,NaN,13.729,NaN,1,0,CabinetD05,None,0,0,0,0,0.0000,NaN,NaN,NaN,0
5.71,Hamad,Static,BCA,1.175,1.567,0.516,302.1,7.8,-2.197,1.378,13.812,NaN,NaN,NaN,World,Wall4m,44.0,NaN,13.718,NaN,1,0,CabinetD05,None,0,0,0,0,0.0000,NaN,NaN,NaN,0
5.80,Hamad,Static,BCA,1.179,1.566,0.526,306.0,7.9,-2.197,1.378,13.812,NaN,NaN,NaN,World,Wall4m,40.2,NaN,13.709,NaN,1,0,CabinetD05,None,0,0,0,0,0.0000,NaN,NaN,NaN,0
5.90,Hamad,Static,BCA,1.181,1.566,0.535,307.4,7.7,-2.197,1.378,13.812,NaN,NaN,NaN,World,Wall4m,38.9,NaN,13.702,NaN,1,0,CabinetD05,None,0,0,0,0,0.0000,NaN,NaN,NaN,0
6.01,Hamad,Static,BCA,1.183,1.566,0.542,307.4,7.7,-2.197,1.378,13.812,NaN,NaN,NaN,World,Wall4m,38.8,NaN,13.695,NaN,1,0,CabinetD05,None,0,0,0,0,0.0000,NaN,NaN,NaN,0
6.11,Hamad,Static,BCA,1.185,1.565,0.547,306.8,7.7,-2.197,1.378,13.812,NaN,NaN,NaN,World,Wall4m,39.4,NaN,13.691,NaN,1,0,CabinetD05,None,0,0,0,0,0.0000,NaN,NaN,NaN,0
6.21,Hamad,Static,BCA,1.186,1.565,0.550,306.3,7.7,-2.197,1.378,13.812,NaN,NaN,NaN,World,Wall4m,39.9,NaN,13.688,NaN,1,0,CabinetD05,None,0,0,0,0,0.0000,NaN,NaN,NaN,0
6.30,Hamad,Static,BCA,1.187,1.565,0.552,306.1,7.7,-2.197,1.378,13.812,NaN,NaN,NaN,World,Wall4m,40.1,NaN,13.687,NaN,1,0,CabinetD05,None,0,0,0,0,0.0000,NaN,NaN,NaN,0
6.40,Hamad,Static,BCA,1.187,1.566,0.552,306.4,7.6,-2.197,1.378,13.812,NaN,NaN,NaN,World,Wall4m,39.8,NaN,13.687,NaN,1,0,CabinetD05,None,0,0,0,0,0.0000,NaN,NaN,NaN,0
6.51,Hamad,Static,BCA,1.187,1.567,0.552,307.4,7.1,-2.197,1.378,13.812,NaN,NaN,NaN,World,Wall4m,38.7,NaN,13.687,NaN,1,0,CabinetD05,None,0,0,0,0,0.0000,NaN,NaN,NaN,0
6.61,Hamad,Static,BCA,1.187,1.567,0.553,307.8,6.9,-2.197,1.378,13.812,NaN,NaN,NaN,World,Wall4m,38.3,NaN,13.686,NaN,1,0,CabinetD05,None,0,0,0,0,0.0000,NaN,NaN,NaN,0
6.71,Hamad,Static,BCA,1.184,1.567,0.555,307.2,7.2,-2.197,1.378,13.812,NaN,NaN,NaN,World,Wall4m,38.9,NaN,13.683,NaN,1,0,CabinetD05,None,0,0,0,0,0.0000,NaN,NaN,NaN,0
6.80,Hamad,Static,BCA,1.180,1.567,0.557,304.8,7.4,-2.197,1.378,13.812,NaN,NaN,NaN,World,Wall4m,41.3,NaN,13.679,NaN,1,0,CabinetD05,None,0,0,0,0,0.0000,NaN,NaN,NaN,0
6.90,Hamad,Static,BCA,1.178,1.566,0.563,303.4,7.5,-2.197,1.378,13.812,NaN,NaN,NaN,World,Wall4m,42.7,NaN,13.674,NaN,1,0,CabinetD05,None,0,0,0,0,0.0000,NaN,NaN,NaN,0
7.01,Hamad,Static,BCA,1.176,1.566,0.569,301.6,8.0,-2.197,1.378,13.812,NaN,NaN,NaN,World,Wall4m,44.5,NaN,13.667,NaN,1,0,CabinetD05,None,0,0,0,0,0.0000,NaN,NaN,NaN,0
7.11,Hamad,Static,BCA,1.174,1.565,0.573,299.4,8.1,-2.197,1.378,13.812,NaN,NaN,NaN,World,Wall4m,46.8,NaN,13.663,NaN,1,0,CabinetD05,None,0,0,0,0,0.0000,NaN,NaN,NaN,0
7.21,Hamad,Static,BCA,1.172,1.564,0.577,297.9,8.3,-2.197,1.378,13.812,NaN,NaN,NaN,World,Wall4m,48.2,NaN,13.659,NaN,1,0,CabinetD05,None,0,0,0,0,0.0000,NaN,NaN,NaN,0
7.30,Hamad,Static,BCA,1.170,1.563,0.579,296.6,8.5,-2.197,1.378,13.812,NaN,NaN,NaN,World,Wall4m,49.5,NaN,13.656,NaN,1,0,CabinetD05,None,0,0,0,0,0.0000,NaN,NaN,NaN,0
7.40,Hamad,Static,BCA,1.169,1.565,0.580,295.7,7.7,-2.197,1.378,13.812,NaN,NaN,NaN,World,Wall4m,50.3,NaN,13.655,NaN,1,0,CabinetD05,None,0,0,0,0,0.0000,NaN,NaN,NaN,0
7.51,Hamad,Static,BCA,1.175,1.572,0.579,298.2,3.9,-2.197,1.378,13.812,NaN,NaN,NaN,World,Wall4m,47.6,NaN,13.657,NaN,1,0,CabinetD05,None,0,0,0,0,0.0000,NaN,NaN,NaN,0
7.61,Hamad,Static,BCA,1.190,1.574,0.586,309.6,3.1,-2.197,1.378,13.812,NaN,NaN,NaN,World,CabinetD06Door,36.1,NaN,13.654,NaN,1,0,CabinetD05,None,0,0,0,0,0.0000,NaN,NaN,NaN,0
7.71,Hamad,Static,BCA,1.205,1.577,0.589,323.3,2.5,-2.197,1.378,13.812,NaN,NaN,NaN,World,CabinetD06,22.3,NaN,13.655,NaN,1,0,CabinetD05,None,1,0,0,0,0.0000,NaN,NaN,NaN,0
7.80,Hamad,Static,BCA,1.219,1.583,0.584,337.5,0.2,-2.197,1.378,13.812,NaN,NaN,NaN,World,CabinetD05,8.1,NaN,13.664,NaN,1,0,CabinetD05,None,1,0,0,0,0.0000,NaN,NaN,NaN,0
7.90,Hamad,Static,BCA,1.226,1.589,0.569,349.3,358.2,-2.197,1.378,13.812,NaN,NaN,NaN,World,CabinetD05Door,4.6,NaN,13.680,NaN,1,0,CabinetD05,None,1,0,0,0,0.0000,NaN,NaN,NaN,0
8.01,Hamad,Static,BCA,1.226,1.590,0.543,2.7,357.9,-2.197,1.378,13.812,NaN,NaN,NaN,World,CabinetDCorner02,17.4,NaN,13.705,NaN,1,0,CabinetD05,None,1,0,0,0,0.0000,NaN,NaN,NaN,0
8.11,Hamad,Static,BCA,1.219,1.593,0.516,14.9,357.5,-2.197,1.378,13.812,NaN,NaN,NaN,World,CabinetDCorner02,29.5,NaN,13.730,NaN,1,0,CabinetD05,None,0,0,0,0,0.0000,NaN,NaN,NaN,0
8.21,Hamad,Static,BCA,1.210,1.593,0.489,25.5,356.7,-2.197,1.378,13.812,NaN,NaN,NaN,World,CabinetDCorner02,40.0,NaN,13.753,NaN,1,0,CabinetD05,None,0,0,0,0,0.0000,NaN,NaN,NaN,0
8.30,Hamad,Static,BCA,1.201,1.593,0.464,35.5,356.9,-2.197,1.378,13.812,NaN,NaN,NaN,World,CabinetDCorner02,50.0,NaN,13.776,NaN,1,0,CabinetD05,None,0,0,0,0,0.0000,NaN,NaN,NaN,0
8.40,Hamad,Static,BCA,1.195,1.593,0.443,43.7,356.4,-2.197,1.378,13.812,NaN,NaN,NaN,World,Wall4m,58.0,NaN,13.795,NaN,1,0,CabinetD05,None,0,0,0,0,0.0000,NaN,NaN,NaN,0
8.51,Hamad,Static,BCA,1.192,1.591,0.422,50.6,356.7,-2.197,1.378,13.812,NaN,NaN,NaN,World,Wall4m,64.9,NaN,13.814,NaN,1,0,CabinetD05,None,0,0,0,0,0.0000,NaN,NaN,NaN,0
8.61,Hamad,Static,BCA,1.194,1.591,0.408,54.8,356.2,-2.197,1.378,13.812,NaN,NaN,NaN,World,Wall4m,69.2,NaN,13.828,NaN,1,0,CabinetD05,None,0,0,0,0,0.0000,NaN,NaN,NaN,0
8.71,Hamad,Static,BCA,1.204,1.589,0.400,59.4,357.1,-2.197,1.378,13.812,NaN,NaN,NaN,World,Quad,73.7,NaN,13.838,NaN,1,0,CabinetD05,None,0,0,0,0,0.0000,NaN,NaN,NaN,0
8.80,Hamad,Static,BCA,1.221,1.586,0.395,63.9,358.4,-2.197,1.378,13.812,NaN,NaN,NaN,World,Quad,78.2,NaN,13.847,NaN,1,0,CabinetD05,None,0,0,0,0,0.0000,NaN,NaN,NaN,0
8.90,Hamad,Static,BCA,1.244,1.581,0.391,68.0,359.4,-2.197,1.378,13.812,NaN,NaN,NaN,World,Quad,82.4,NaN,13.857,NaN,1,0,CabinetD05,None,0,0,0,0,0.0000,NaN,NaN,NaN,0
9.01,Hamad,Static,BCA,1.269,1.575,0.384,73.5,0.5,-2.197,1.378,13.812,NaN,NaN,NaN,World,Quad,88.0,NaN,13.869,NaN,1,0,CabinetD05,None,0,0,0,0,0.0000,NaN,NaN,NaN,0
9.11,Hamad,Static,BCA,1.284,1.574,0.380,78.6,0.7,-2.197,1.378,13.812,NaN,NaN,NaN,World,Quad,93.1,NaN,13.877,NaN,1,0,CabinetD05,None,0,0,0,0,0.0000,NaN,NaN,NaN,0
9.21,Hamad,Static,BCA,1.288,1.576,0.380,82.7,0.7,-2.197,1.378,13.812,NaN,NaN,NaN,World,Quad,97.3,NaN,13.879,NaN,1,0,CabinetD05,None,0,0,0,0,0.0000,NaN,NaN,NaN,0
9.30,Hamad,Static,BCA,1.280,1.578,0.384,84.6,360.0,-2.197,1.378,13.812,NaN,NaN,NaN,World,Quad,99.2,NaN,13.873,NaN,1,0,CabinetD05,None,0,0,0,0,0.0000,NaN,NaN,NaN,0
9.40,Hamad,Static,BCA,1.267,1.580,0.391,85.6,359.9,-2.197,1.378,13.812,NaN,NaN,NaN,World,Quad,100.0,NaN,13.862,NaN,1,0,CabinetD05,None,0,0,0,0,0.0000,NaN,NaN,NaN,0
9.51,Hamad,Static,BCA,1.249,1.580,0.403,85.9,359.8,-2.197,1.378,13.812,NaN,NaN,NaN,World,Quad,100.3,NaN,13.846,NaN,1,0,CabinetD05,None,0,0,0,0,0.0000,NaN,NaN,NaN,0
9.61,Hamad,Static,BCA,1.235,1.577,0.415,84.8,2.1,-2.197,1.378,13.812,NaN,NaN,NaN,World,Quad,99.1,NaN,13.831,NaN,1,0,CabinetD05,None,0,0,0,0,0.0000,NaN,NaN,NaN,0
9.71,Hamad,Static,BCA,1.227,1.572,0.428,83.5,5.5,-2.197,1.378,13.812,NaN,NaN,NaN,World,Quad,97.7,NaN,13.817,NaN,1,0,CabinetD05,None,0,0,0,0,0.0000,NaN,NaN,NaN,0
9.80,Hamad,Static,BCA,1.222,1.566,0.439,82.9,8.6,-2.197,1.378,13.812,NaN,NaN,NaN,World,Quad,97.1,NaN,13.804,NaN,1,0,CabinetD05,None,0,0,0,0,0.0000,NaN,NaN,NaN,0
9.90,Hamad,Static,BCA,1.215,1.569,0.449,82.3,7.0,-2.197,1.378,13.812,NaN,NaN,NaN,World,Quad,96.5,NaN,13.794,NaN,1,0,CabinetD05,None,0,0,0,0,0.0000,NaN,NaN,NaN,0
10.01,Hamad,Static,BCA,1.208,1.574,0.455,81.9,4.6,-2.197,1.378,13.812,NaN,NaN,NaN,World,Quad,96.1,NaN,13.786,NaN,1,0,CabinetD05,None,0,0,0,0,0.0000,NaN,NaN,NaN,0
10.11,Hamad,Static,BCA,1.201,1.576,0.458,82.3,3.3,-2.197,1.378,13.812,NaN,NaN,NaN,World,Quad,96.6,NaN,13.781,NaN,1,0,CabinetD05,None,0,0,0,0,0.0000,NaN,NaN,NaN,0
10.21,Hamad,Static,BCA,1.194,1.577,0.462,82.6,2.7,-2.197,1.378,13.812,NaN,NaN,NaN,World,Quad,96.8,NaN,13.776,NaN,1,0,CabinetD05,None,0,0,0,0,0.0000,NaN,NaN,NaN,0
10.30,Hamad,Static,BCA,1.188,1.578,0.464,82.6,1.7,-2.197,1.378,13.812,NaN,NaN,NaN,World,Quad,96.8,NaN,13.772,NaN,1,0,CabinetD05,None,0,0,0,0,0.0000,NaN,NaN,NaN,0
10.40,Hamad,Static,BCA,1.182,1.579,0.465,82.9,1.0,-2.197,1.378,13.812,NaN,NaN,NaN,World,Quad,97.1,NaN,13.770,NaN,1,0,CabinetD05,None,0,0,0,0,0.0000,NaN,NaN,NaN,0
10.51,Hamad,Static,BCA,1.176,1.580,0.465,83.3,359.6,-2.197,1.378,13.812,NaN,NaN,NaN,World,Quad,97.5,NaN,13.768,NaN,1,0,CabinetD05,None,0,0,0,0,0.0000,NaN,NaN,NaN,0
10.61,Hamad,Static,BCA,1.171,1.581,0.464,83.0,358.8,-2.197,1.378,13.812,NaN,NaN,NaN,World,Quad,97.2,NaN,13.768,NaN,1,0,CabinetD05,None,0,0,0,0,0.0000,NaN,NaN,NaN,0
10.71,Hamad,Static,BCA,1.167,1.581,0.462,83.1,358.7,-2.197,1.378,13.812,NaN,NaN,NaN,World,Quad,97.3,NaN,13.769,NaN,1,0,CabinetD05,None,0,0,0,0,0.0000,NaN,NaN,NaN,0
10.80,Hamad,Static,BCA,1.166,1.582,0.461,82.6,357.9,-2.197,1.378,13.812,NaN,NaN,NaN,World,Quad,96.8,NaN,13.769,NaN,1,0,CabinetD05,None,0,0,0,0,0.0000,NaN,NaN,NaN,0
10.90,Hamad,Static,BCA,1.166,1.580,0.460,82.2,358.9,-2.197,1.378,13.812,NaN,NaN,NaN,World,Quad,96.3,NaN,13.770,NaN,1,0,CabinetD05,None,0,0,0,0,0.0000,NaN,NaN,NaN,0
11.01,Hamad,Static,BCA,1.169,1.579,0.459,82.5,359.7,-2.197,1.378,13.812,NaN,NaN,NaN,World,Quad,96.6,NaN,13.772,NaN,1,0,CabinetD05,None,0,0,0,0,0.0000,NaN,NaN,NaN,0
11.11,Hamad,Static,BCA,1.172,1.575,0.457,83.4,1.8,-2.197,1.378,13.812,NaN,NaN,NaN,World,Quad,97.5,NaN,13.775,NaN,1,0,CabinetD05,None,0,0,0,0,0.0000,NaN,NaN,NaN,0
11.21,Hamad,Static,BCA,1.175,1.575,0.456,83.4,2.0,-2.197,1.378,13.812,NaN,NaN,NaN,World,Quad,97.5,NaN,13.777,NaN,1,0,CabinetD05,None,0,0,0,0,0.0000,NaN,NaN,NaN,0
11.30,Hamad,Static,BCA,1.176,1.575,0.455,83.3,2.2,-2.197,1.378,13.812,NaN,NaN,NaN,World,Quad,97.4,NaN,13.778,NaN,1,0,CabinetD05,None,0,0,0,0,0.0000,NaN,NaN,NaN,0
11.40,Hamad,Static,BCA,1.176,1.575,0.455,83.6,2.5,-2.197,1.378,13.812,NaN,NaN,NaN,World,Quad,97.7,NaN,13.778,NaN,1,0,CabinetD05,None,0,0,0,0,0.0000,NaN,NaN,NaN,0
11.51,Hamad,Static,BCA,1.176,1.574,0.455,83.4,2.4,-2.197,1.378,13.812,NaN,NaN,NaN,World,Quad,97.6,NaN,13.778,NaN,1,0,CabinetD05,None,0,0,0,0,0.0000,NaN,NaN,NaN,0
11.61,Hamad,Static,BCA,1.175,1.574,0.455,83.5,2.6,-2.197,1.378,13.812,NaN,NaN,NaN,World,Quad,97.6,NaN,13.777,NaN,1,0,CabinetD05,None,0,0,0,0,0.0000,NaN,NaN,NaN,0
11.71,Hamad,Static,BCA,1.175,1.575,0.456,83.2,2.3,-2.197,1.378,13.812,NaN,NaN,NaN,World,Quad,97.3,NaN,13.777,NaN,1,0,CabinetD05,None,0,0,0,0,0.0000,NaN,NaN,NaN,0
11.80,Hamad,Static,BCA,1.175,1.576,0.456,82.9,2.1,-2.197,1.378,13.812,NaN,NaN,NaN,World,Quad,97.0,NaN,13.776,NaN,1,0,CabinetD05,None,0,0,0,0,0.0000,NaN,NaN,NaN,0
11.90,Hamad,Static,BCA,1.175,1.576,0.458,82.1,2.0,-2.197,1.378,13.812,NaN,NaN,NaN,World,Quad,96.3,NaN,13.775,NaN,1,0,CabinetD05,None,0,0,0,0,0.0000,NaN,NaN,NaN,0
12.01,Hamad,Static,BCA,1.175,1.576,0.458,81.9,2.0,-2.197,1.378,13.812,NaN,NaN,NaN,World,Quad,96.0,NaN,13.775,NaN,1,0,CabinetD05,None,0,0,0,0,0.0000,NaN,NaN,NaN,0
12.11,Hamad,Static,BCA,1.175,1.577,0.459,81.6,1.6,-2.197,1.378,13.812,NaN,NaN,NaN,World,Quad,95.7,NaN,13.774,NaN,1,0,CabinetD05,None,0,0,0,0,0.0000,NaN,NaN,NaN,0
12.21,Hamad,Static,BCA,1.175,1.577,0.459,81.3,1.4,-2.197,1.378,13.812,NaN,NaN,NaN,World,Quad,95.5,NaN,13.774,NaN,1,0,CabinetD05,None,0,0,0,0,0.0000,NaN,NaN,NaN,0
12.30,Hamad,Static,BCA,1.175,1.577,0.458,81.3,1.3,-2.197,1.378,13.812,NaN,NaN,NaN,World,Quad,95.5,NaN,13.775,NaN,1,0,CabinetD05,None,0,0,0,0,0.0000,NaN,NaN,NaN,0
12.40,Hamad,Static,BCA,1.175,1.577,0.458,81.3,1.2,-2.197,1.378,13.812,NaN,NaN,NaN,World,Quad,95.4,NaN,13.775,NaN,1,0,CabinetD05,None,0,0,0,0,0.0000,NaN,NaN,NaN,0
12.51,Hamad,Static,BCA,1.176,1.577,0.458,81.3,1.2,-2.197,1.378,13.812,NaN,NaN,NaN,World,Quad,95.5,NaN,13.775,NaN,1,0,CabinetD05,None,0,0,0,0,0.0000,NaN,NaN,NaN,0
12.61,Hamad,Static,BCA,1.176,1.577,0.458,81.2,1.2,-2.197,1.378,13.812,NaN,NaN,NaN,World,Quad,95.3,NaN,13.775,NaN,1,0,CabinetD05,None,0,0,0,0,0.0000,NaN,NaN,NaN,0
12.71,Hamad,Static,BCA,1.176,1.576,0.458,81.3,1.4,-2.197,1.378,13.812,NaN,NaN,NaN,World,Quad,95.4,NaN,13.775,NaN,1,0,CabinetD05,None,0,0,0,0,0.0000,NaN,NaN,NaN,0
12.80,Hamad,Static,BCA,1.176,1.577,0.458,81.2,1.3,-2.197,1.378,13.812,NaN,NaN,NaN,World,Quad,95.3,NaN,13.775,NaN,1,0,CabinetD05,None,0,0,0,0,0.0000,NaN,NaN,NaN,0
12.90,Hamad,Static,BCA,1.176,1.577,0.458,81.2,1.1,-2.197,1.378,13.812,NaN,NaN,NaN,World,Quad,95.4,NaN,13.775,NaN,1,0,CabinetD05,None,0,0,0,0,0.0000,NaN,NaN,NaN,0
13.01,Hamad,Static,BCA,1.176,1.577,0.458,81.2,1.2,-2.197,1.378,13.812,NaN,NaN,NaN,World,Quad,95.3,NaN,13.775,NaN,1,0,CabinetD05,None,0,0,0,0,0.0000,NaN,NaN,NaN,0
13.11,Hamad,Static,BCA,1.176,1.577,0.458,81.1,1.2,-2.197,1.378,13.812,NaN,NaN,NaN,World,Quad,95.2,NaN,13.775,NaN,1,0,CabinetD05,None,0,0,0,0,0.0000,NaN,NaN,NaN,0
13.21,Hamad,Static,BCA,1.176,1.577,0.458,81.0,1.3,-2.197,1.378,13.812,NaN,NaN,NaN,World,Quad,95.2,NaN,13.775,NaN,1,0,CabinetD05,None,0,0,0,0,0.0000,NaN,NaN,NaN,0
13.30,Hamad,Static,BCA,1.177,1.577,0.459,80.8,1.3,-2.197,1.378,13.812,NaN,NaN,NaN,World,Quad,95.0,NaN,13.775,NaN,1,0,CabinetD05,None,0,0,0,0,0.0000,NaN,NaN,NaN,0
13.40,Hamad,Static,BCA,1.178,1.577,0.459,80.7,1.6,-2.197,1.378,13.812,NaN,NaN,NaN,World,Quad,94.9,NaN,13.775,NaN,1,0,CabinetD05,None,0,0,0,0,0.0000,NaN,NaN,NaN,0
13.51,Hamad,Static,BCA,1.178,1.577,0.458,80.6,1.5,-2.197,1.378,13.812,NaN,NaN,NaN,World,Quad,94.8,NaN,13.775,NaN,1,0,CabinetD05,None,0,0,0,0,0.0000,NaN,NaN,NaN,0
13.61,Hamad,Static,BCA,1.179,1.577,0.458,80.6,1.6,-2.197,1.378,13.812,NaN,NaN,NaN,World,Quad,94.7,NaN,13.776,NaN,1,0,CabinetD05,None,0,0,0,0,0.0000,NaN,NaN,NaN,0
13.71,Hamad,Static,BCA,1.180,1.576,0.457,80.6,1.7,-2.197,1.378,13.812,NaN,NaN,NaN,World,Quad,94.7,NaN,13.777,NaN,1,0,CabinetD05,None,0,0,0,0,0.0000,NaN,NaN,NaN,0
13.80,Hamad,Static,BCA,1.180,1.576,0.456,80.7,1.7,-2.197,1.378,13.812,NaN,NaN,NaN,World,Quad,94.8,NaN,13.778,NaN,1,0,CabinetD05,None,0,0,0,0,0.0000,NaN,NaN,NaN,0
13.90,Hamad,Static,BCA,1.181,1.577,0.455,80.6,1.7,-2.197,1.378,13.812,NaN,NaN,NaN,World,Quad,94.8,NaN,13.779,NaN,1,0,CabinetD05,None,0,0,0,0,0.0000,NaN,NaN,NaN,0
14.01,Hamad,Static,BCA,1.181,1.577,0.454,80.6,1.7,-2.197,1.378,13.812,NaN,NaN,NaN,World,Quad,94.8,NaN,13.780,NaN,1,0,CabinetD05,None,0,0,0,0,0.0000,NaN,NaN,NaN,0
14.11,Hamad,Static,BCA,1.180,1.576,0.453,80.5,1.7,-2.197,1.378,13.812,NaN,NaN,NaN,World,Quad,94.7,NaN,13.781,NaN,1,0,CabinetD05,None,0,0,0,0,0.0000,NaN,NaN,NaN,0
14.21,Hamad,Static,BCA,1.180,1.576,0.451,80.4,1.7,-2.197,1.378,13.812,NaN,NaN,NaN,World,Quad,94.6,NaN,13.783,NaN,1,0,CabinetD05,None,0,0,0,0,0.0000,NaN,NaN,NaN,0
14.30,Hamad,Static,BCA,1.180,1.577,0.449,80.1,1.6,-2.197,1.378,13.812,NaN,NaN,NaN,World,Quad,94.3,NaN,13.784,NaN,1,0,CabinetD05,None,0,0,0,0,0.0000,NaN,NaN,NaN,0
14.40,Hamad,Static,BCA,1.180,1.577,0.448,79.6,1.6,-2.197,1.378,13.812,NaN,NaN,NaN,World,Quad,93.8,NaN,13.786,NaN,1,0,CabinetD05,None,0,0,0,0,0.0000,NaN,NaN,NaN,0
14.51,Hamad,Static,BCA,1.181,1.577,0.446,79.1,1.6,-2.197,1.378,13.812,NaN,NaN,NaN,World,Quad,93.3,NaN,13.788,NaN,1,0,CabinetD05,None,0,0,0,0,0.0000,NaN,NaN,NaN,0
14.61,Hamad,Static,BCA,1.183,1.577,0.444,78.8,1.7,-2.197,1.378,13.812,NaN,NaN,NaN,World,Quad,92.9,NaN,13.791,NaN,1,0,CabinetD05,None,0,0,0,0,0.0000,NaN,NaN,NaN,0
14.71,Hamad,Static,BCA,1.186,1.577,0.442,78.2,1.9,-2.197,1.378,13.812,NaN,NaN,NaN,World,Quad,92.4,NaN,13.793,NaN,1,0,CabinetD05,None,0,0,0,0,0.0000,NaN,NaN,NaN,0
14.80,Hamad,Static,BCA,1.190,1.577,0.440,77.7,2.1,-2.197,1.378,13.812,NaN,NaN,NaN,World,Quad,91.9,NaN,13.796,NaN,1,0,CabinetD05,None,0,0,0,0,0.0000,NaN,NaN,NaN,0
14.90,Hamad,Static,BCA,1.195,1.577,0.438,77.0,2.2,-2.197,1.378,13.812,NaN,NaN,NaN,World,Quad,91.2,NaN,13.800,NaN,1,0,CabinetD05,None,0,0,0,0,0.0000,NaN,NaN,NaN,0
15.01,Hamad,Static,BCA,1.201,1.577,0.435,76.8,2.3,-2.197,1.378,13.812,NaN,NaN,NaN,World,Quad,91.0,NaN,13.803,NaN,1,0,CabinetD05,None,0,0,0,0,0.0000,NaN,NaN,NaN,0
15.11,Hamad,Static,BCA,1.207,1.577,0.433,76.9,2.2,-2.197,1.378,13.812,NaN,NaN,NaN,World,Quad,91.2,NaN,13.807,NaN,1,0,CabinetD05,None,0,0,0,0,0.0000,NaN,NaN,NaN,0
15.21,Hamad,Static,BCA,1.213,1.577,0.431,76.9,2.1,-2.197,1.378,13.812,NaN,NaN,NaN,World,Quad,91.2,NaN,13.810,NaN,1,0,CabinetD05,None,0,0,0,0,0.0000,NaN,NaN,NaN,0
15.30,Hamad,Static,BCA,1.219,1.577,0.430,77.0,2.0,-2.197,1.378,13.812,NaN,NaN,NaN,World,Quad,91.2,NaN,13.813,NaN,1,0,CabinetD05,None,0,0,0,0,0.0000,NaN,NaN,NaN,0
15.40,Hamad,Static,BCA,1.227,1.577,0.429,76.7,2.1,-2.197,1.378,13.812,NaN,NaN,NaN,World,Quad,91.1,NaN,13.816,NaN,1,0,CabinetD05,None,0,0,0,0,0.0000,NaN,NaN,NaN,0
15.51,Hamad,Static,BCA,1.236,1.577,0.430,75.9,1.9,-2.197,1.378,13.812,NaN,NaN,NaN,World,Quad,90.3,NaN,13.817,NaN,1,0,CabinetD05,None,0,0,0,0,0.0000,NaN,NaN,NaN,0
15.61,Hamad,Static,BCA,1.245,1.579,0.431,74.8,1.0,-2.197,1.378,13.812,NaN,NaN,NaN,World,Quad,89.2,NaN,13.818,NaN,1,0,CabinetD05,None,0,0,0,0,0.0000,NaN,NaN,NaN,0
15.71,Hamad,Static,BCA,1.253,1.581,0.433,72.9,0.4,-2.197,1.378,13.812,NaN,NaN,NaN,World,Quad,87.4,NaN,13.818,NaN,1,0,CabinetD05,None,0,0,0,0,0.0000,NaN,NaN,NaN,0
15.80,Hamad,Static,BCA,1.265,1.580,0.436,71.0,0.8,-2.197,1.378,13.812,NaN,NaN,NaN,World,Quad,85.5,NaN,13.818,NaN,1,0,CabinetD05,None,0,0,0,0,0.0000,NaN,NaN,NaN,0
15.90,Hamad,Static,BCA,1.278,1.579,0.443,67.7,1.8,-2.197,1.378,13.812,NaN,NaN,NaN,World,Quad,82.3,NaN,13.815,NaN,1,0,CabinetD05,None,0,0,0,0,0.0000,NaN,NaN,NaN,0
16.01,Hamad,Static,BCA,1.293,1.578,0.463,57.8,2.5,-2.197,1.378,13.812,NaN,NaN,NaN,World,Quad,72.5,NaN,13.799,NaN,1,0,CabinetD05Door,None,0,0,0,0,0.0000,NaN,NaN,NaN,0
16.11,Hamad,Static,BCA,1.296,1.574,0.491,41.3,4.9,-2.197,1.378,13.812,NaN,NaN,NaN,World,Wall4m,56.0,NaN,13.773,NaN,1,0,CabinetD05Door,None,0,0,0,0,0.0000,NaN,NaN,NaN,0
16.21,Hamad,Static,BCA,1.282,1.568,0.518,20.2,8.1,-2.197,1.378,13.812,NaN,NaN,NaN,World,CabinetDCorner02,35.5,NaN,13.743,NaN,1,0,CabinetD05,None,0,0,0,0,0.0000,NaN,NaN,NaN,0
16.30,Hamad,Static,BCA,1.251,1.562,0.530,359.8,11.0,-2.197,1.378,13.812,NaN,NaN,NaN,World,Wall4m,17.5,NaN,13.723,NaN,1,0,CabinetD05,None,1,0,0,0,0.0000,NaN,NaN,NaN,0
16.40,Hamad,Static,BCA,1.211,1.557,0.529,343.0,13.7,-2.197,1.378,13.812,NaN,NaN,NaN,World,Wall4m,13.2,NaN,13.715,NaN,1,0,CabinetD05,None,1,0,0,0,0.0000,NaN,NaN,NaN,0
16.51,Hamad,Static,BCA,1.162,1.556,0.516,329.5,14.0,-2.197,1.378,13.812,NaN,NaN,NaN,World,Wall4m,20.9,NaN,13.715,NaN,1,0,CabinetD05,None,1,0,0,0,0.0000,NaN,NaN,NaN,0
16.61,Hamad,Static,BCA,1.122,1.561,0.505,324.6,12.0,-2.197,1.378,13.812,NaN,NaN,NaN,World,Wall4m,24.0,NaN,13.716,NaN,1,0,CabinetD05,None,1,0,0,0,0.0000,NaN,NaN,NaN,0
16.71,Hamad,Static,BCA,1.082,1.564,0.500,323.3,10.6,-2.197,1.378,13.812,NaN,NaN,NaN,World,Wall4m,24.8,NaN,13.712,NaN,1,0,CabinetD05,None,1,0,0,0,0.0000,NaN,NaN,NaN,0
16.80,Hamad,Static,BCA,1.040,1.561,0.500,323.4,10.0,-2.197,1.378,13.812,NaN,NaN,NaN,World,Wall4m,24.6,NaN,13.701,NaN,1,0,CabinetD05,None,1,0,0,0,0.0000,NaN,NaN,NaN,0
16.91,Hamad,Static,BCA,0.996,1.558,0.510,323.8,10.1,-2.197,1.378,13.812,NaN,NaN,NaN,World,Wall4m,24.4,NaN,13.681,NaN,1,0,CabinetD05,None,1,0,0,0,0.0000,NaN,NaN,NaN,0
17.01,Hamad,Static,BCA,0.955,1.561,0.532,322.7,10.7,-2.197,1.378,13.812,NaN,NaN,NaN,World,Wall4m,25.8,NaN,13.651,NaN,1,0,CabinetD05,None,0,0,0,0,0.0000,NaN,NaN,NaN,0
17.11,Hamad,Static,BCA,0.919,1.559,0.563,323.1,11.6,-2.197,1.378,13.812,NaN,NaN,NaN,World,Wall4m,25.9,NaN,13.612,NaN,1,0,CabinetD06,None,0,0,0,0,0.0000,NaN,NaN,NaN,0
17.21,Hamad,Static,BCA,0.882,1.552,0.607,321.9,12.0,-2.197,1.378,13.812,NaN,NaN,NaN,World,Wall4m,27.2,NaN,13.561,NaN,1,0,CabinetD06,None,0,0,0,0,0.0000,NaN,NaN,NaN,0
17.30,Hamad,Static,BCA,0.849,1.540,0.660,319.8,12.6,-2.197,1.378,13.812,NaN,NaN,NaN,World,Wall4m,29.4,NaN,13.501,NaN,1,0,CabinetD06,None,0,0,0,0,0.0000,NaN,NaN,NaN,0
17.41,Hamad,Static,BCA,0.813,1.538,0.731,316.5,13.7,-2.197,1.378,13.812,NaN,NaN,NaN,World,Wall4m,32.9,NaN,13.424,NaN,1,0,CabinetD06,None,0,0,0,0,0.0000,NaN,NaN,NaN,0
17.51,Hamad,Static,BCA,0.779,1.544,0.790,315.0,13.5,-2.197,1.378,13.812,NaN,NaN,NaN,World,Wall4m,34.3,NaN,13.360,NaN,1,0,CabinetD06,None,0,0,0,0,0.0000,NaN,NaN,NaN,0
17.61,Hamad,Static,BCA,0.745,1.551,0.838,314.1,14.5,-2.197,1.378,13.812,NaN,NaN,NaN,World,Wall4m,35.5,NaN,13.304,NaN,1,0,CabinetD06,None,0,0,0,0,0.0000,NaN,NaN,NaN,0
17.71,Hamad,Static,BCA,0.704,1.554,0.881,313.2,14.1,-2.197,1.378,13.812,NaN,NaN,NaN,World,Wall4m,36.3,NaN,13.253,NaN,1,0,CabinetD06,None,0,0,0,0,0.0000,NaN,NaN,NaN,0
17.80,Hamad,Static,BCA,0.655,1.550,0.922,313.0,14.6,-2.197,1.378,13.812,NaN,NaN,NaN,World,Wall4m,36.8,NaN,13.203,NaN,1,0,CabinetD06,None,0,0,0,0,0.0000,NaN,NaN,NaN,0
17.91,Hamad,Static,BCA,0.589,1.542,0.964,313.5,15.7,-2.197,1.378,13.812,NaN,NaN,NaN,World,Wall4m,36.9,NaN,13.148,NaN,1,0,CabinetD06,None,0,0,0,0,0.0000,NaN,NaN,NaN,0
18.01,Hamad,Static,BCA,0.524,1.537,1.000,313.5,16.8,-2.197,1.378,13.812,NaN,NaN,NaN,World,Wall4m,37.6,NaN,13.099,NaN,1,0,CabinetD06,None,0,0,0,0,0.0000,NaN,NaN,NaN,0
18.11,Hamad,Static,BCA,0.464,1.534,1.038,313.8,18.3,-2.197,1.378,13.812,NaN,NaN,NaN,World,Wall4m,38.1,NaN,13.050,NaN,1,0,CabinetD06,None,0,0,0,0,0.0000,NaN,NaN,NaN,0
18.21,Hamad,Static,BCA,0.419,1.532,1.069,314.9,19.6,-2.197,1.378,13.812,NaN,NaN,NaN,World,Wall4m,37.9,NaN,13.009,NaN,1,0,CabinetD06,None,0,0,0,0,0.0000,NaN,NaN,NaN,0
18.30,Hamad,Static,BCA,0.389,1.531,1.093,314.9,21.0,-2.197,1.378,13.812,NaN,NaN,NaN,World,Wall4m,38.6,NaN,12.981,NaN,1,0,CabinetD06,None,0,0,0,0,0.0000,NaN,NaN,NaN,0
18.41,Hamad,Static,BCA,0.373,1.531,1.109,316.5,21.6,-2.197,1.378,13.812,NaN,NaN,NaN,World,Wall4m,37.6,NaN,12.961,NaN,1,0,CabinetD06,None,0,0,0,0,0.0000,NaN,NaN,NaN,0
18.51,Hamad,Static,BCA,0.368,1.531,1.120,318.4,21.8,-2.197,1.378,13.812,NaN,NaN,NaN,World,Wall4m,36.2,NaN,12.950,NaN,1,0,CabinetD06,None,0,0,0,0,0.0000,NaN,NaN,NaN,0
18.61,Hamad,Static,BCA,0.372,1.531,1.127,321.4,22.4,-2.197,1.378,13.812,NaN,NaN,NaN,World,Wall4m,34.2,NaN,12.943,NaN,1,0,CabinetD06,None,0,0,0,0,0.0000,NaN,NaN,NaN,0
18.71,Hamad,Static,BCA,0.379,1.529,1.132,322.6,22.9,-2.197,1.378,13.812,NaN,NaN,NaN,World,Wall4m,33.6,NaN,12.940,NaN,1,0,CabinetD06,None,0,0,0,0,0.0000,NaN,NaN,NaN,0
18.80,Hamad,Static,BCA,0.390,1.531,1.131,323.3,22.8,-2.197,1.378,13.812,NaN,NaN,NaN,World,Wall4m,33.0,NaN,12.943,NaN,1,0,CabinetD06,None,0,0,0,0,0.0000,NaN,NaN,NaN,0
18.91,Hamad,Static,BCA,0.404,1.532,1.127,323.1,22.8,-2.197,1.378,13.812,NaN,NaN,NaN,World,Wall4m,33.1,NaN,12.950,NaN,1,0,CabinetD06,None,0,0,0,0,0.0000,NaN,NaN,NaN,0
19.01,Hamad,Static,BCA,0.416,1.534,1.121,322.4,22.4,-2.197,1.378,13.812,NaN,NaN,NaN,World,Wall4m,33.3,NaN,12.958,NaN,1,0,CabinetD06,None,0,0,0,0,0.0000,NaN,NaN,NaN,0
19.11,Hamad,Static,BCA,0.424,1.536,1.117,322.1,21.2,-2.197,1.378,13.812,NaN,NaN,NaN,World,Wall4m,32.8,NaN,12.963,NaN,1,0,CabinetD06,None,0,0,0,0,0.0000,NaN,NaN,NaN,0
19.21,Hamad,Static,BCA,0.425,1.536,1.116,321.4,21.1,-2.197,1.378,13.812,NaN,NaN,NaN,World,Wall4m,33.3,NaN,12.965,NaN,1,0,CabinetD06,None,0,0,0,0,0.0000,NaN,NaN,NaN,0
19.30,Hamad,Static,BCA,0.420,1.534,1.117,320.0,21.4,-2.197,1.378,13.812,NaN,NaN,NaN,World,Wall4m,34.5,NaN,12.963,NaN,1,0,CabinetD06,None,0,0,0,0,0.0000,NaN,NaN,NaN,0
19.41,Hamad,Static,BCA,0.413,1.533,1.120,320.1,22.1,-2.197,1.378,13.812,NaN,NaN,NaN,World,Wall4m,34.9,NaN,12.959,NaN,1,0,CabinetD06,None,0,0,0,0,0.0000,NaN,NaN,NaN,0
19.51,Hamad,Static,BCA,0.414,1.532,1.124,322.9,22.8,-2.197,1.378,13.812,NaN,NaN,NaN,World,Wall4m,33.2,NaN,12.955,NaN,1,0,CabinetD06,None,0,0,0,0,0.0000,NaN,NaN,NaN,0
19.61,Hamad,Static,BCA,0.434,1.531,1.128,331.0,23.7,-2.197,1.378,13.812,NaN,NaN,NaN,World,Wall4m,28.5,NaN,12.955,NaN,1,0,CabinetD06,None,0,0,0,0,0.0000,NaN,NaN,NaN,0
19.71,Hamad,Static,BCA,0.473,1.534,1.130,341.4,23.9,-2.197,1.378,13.812,NaN,NaN,NaN,World,Wall4m,24.1,NaN,12.962,NaN,1,0,CabinetD06,None,1,0,0,0,0.0000,NaN,NaN,NaN,0
19.80,Hamad,Static,BCA,0.527,1.538,1.123,351.5,23.0,-2.197,1.378,13.812,NaN,NaN,NaN,World,Wall4m,22.5,NaN,12.979,NaN,1,0,CabinetD06,None,1,0,0,0,0.0000,NaN,NaN,NaN,0
19.91,Hamad,Static,BCA,0.601,1.539,1.108,2.2,21.6,-2.197,1.378,13.812,NaN,NaN,NaN,World,Wall4m,25.2,NaN,13.010,NaN,1,0,CabinetD06,None,0,0,0,0,0.0000,NaN,NaN,NaN,0
20.01,Hamad,Static,BCA,0.670,1.537,1.090,8.4,20.3,-2.197,1.378,13.812,NaN,NaN,NaN,World,Wall4m,28.4,NaN,13.043,NaN,1,0,CabinetD06,None,0,0,0,0,0.0000,NaN,NaN,NaN,0
20.11,Hamad,Static,BCA,0.737,1.537,1.072,12.1,19.3,-2.197,1.378,13.812,NaN,NaN,NaN,World,Wall4m,30.8,NaN,13.075,NaN,1,0,CabinetD06,None,0,0,0,0,0.0000,NaN,NaN,NaN,0
20.21,Hamad,Static,BCA,0.797,1.537,1.058,14.3,18.6,-2.197,1.378,13.812,NaN,NaN,NaN,World,Wall4m,32.3,NaN,13.102,NaN,1,0,CabinetD06,None,0,0,0,0,0.0000,NaN,NaN,NaN,0
20.30,Hamad,Static,BCA,0.846,1.540,1.049,14.5,18.5,-2.197,1.378,13.812,NaN,NaN,NaN,World,Wall4m,32.7,NaN,13.122,NaN,1,0,CabinetD05,None,0,0,0,0,0.0000,NaN,NaN,NaN,0
20.41,Hamad,Static,BCA,0.886,1.543,1.038,13.8,18.6,-2.197,1.378,13.812,NaN,NaN,NaN,World,Wall4m,32.2,NaN,13.142,NaN,1,0,CabinetD05,None,0,0,0,0,0.0000,NaN,NaN,NaN,0
20.51,Hamad,Static,BCA,0.910,1.544,1.028,12.9,18.4,-2.197,1.378,13.812,NaN,NaN,NaN,World,Wall4m,31.5,NaN,13.158,NaN,1,0,CabinetD05,None,0,0,0,0,0.0000,NaN,NaN,NaN,0
20.61,Hamad,Static,BCA,0.925,1.546,1.018,11.9,17.5,-2.197,1.378,13.812,NaN,NaN,NaN,World,Wall4m,30.2,NaN,13.170,NaN,1,0,CabinetD05,None,0,0,0,0,0.0000,NaN,NaN,NaN,0
20.71,Hamad,Static,BCA,0.934,1.547,1.011,10.8,17.2,-2.197,1.378,13.812,NaN,NaN,NaN,World,Wall4m,29.2,NaN,13.180,NaN,1,0,CabinetD05,None,0,0,0,0,0.0000,NaN,NaN,NaN,0
20.80,Hamad,Static,BCA,0.940,1.547,1.006,9.9,16.9,-2.197,1.378,13.812,NaN,NaN,NaN,World,Wall4m,28.4,NaN,13.186,NaN,1,0,CabinetD05,None,0,0,0,0,0.0000,NaN,NaN,NaN,0
20.91,Hamad,Static,BCA,0.943,1.546,1.002,8.8,17.0,-2.197,1.378,13.812,NaN,NaN,NaN,World,Wall4m,27.6,NaN,13.191,NaN,1,0,CabinetD05,None,0,0,0,0,0.0000,NaN,NaN,NaN,0
21.01,Hamad,Static,BCA,0.945,1.547,0.998,8.2,17.1,-2.197,1.378,13.812,NaN,NaN,NaN,World,Wall4m,27.1,NaN,13.195,NaN,1,0,CabinetD05,None,0,0,0,0,0.0000,NaN,NaN,NaN,0
21.11,Hamad,Static,BCA,0.948,1.546,0.992,8.4,17.2,-2.197,1.378,13.812,NaN,NaN,NaN,World,Wall4m,27.4,NaN,13.202,NaN,1,0,CabinetD05,None,0,0,0,0,0.0000,NaN,NaN,NaN,0
21.21,Hamad,Static,BCA,0.950,1.550,0.978,11.4,16.5,-2.197,1.378,13.812,NaN,NaN,NaN,World,Wall4m,29.4,NaN,13.215,NaN,1,0,CabinetD05,None,0,0,0,0,0.0000,NaN,NaN,NaN,0
21.30,Hamad,Static,BCA,0.951,1.558,0.952,19.8,13.6,-2.197,1.378,13.812,NaN,NaN,NaN,World,CabinetD05Door,35.6,NaN,13.241,NaN,1,0,CabinetD05,None,0,0,0,0,0.0000,NaN,NaN,NaN,0
21.41,Hamad,Static,BCA,0.946,1.569,0.906,36.2,8.9,-2.197,1.378,13.812,NaN,NaN,NaN,World,CabinetDCorner02,50.3,NaN,13.285,NaN,1,0,CabinetD05,None,0,0,0,0,0.0000,NaN,NaN,NaN,0
21.51,Hamad,Static,BCA,0.932,1.579,0.860,54.7,5.1,-2.197,1.378,13.812,NaN,NaN,NaN,World,CabinetDCorner02,68.2,NaN,13.327,NaN,1,0,CabinetD05,None,0,0,0,0,0.0000,NaN,NaN,NaN,0
21.61,Hamad,Static,BCA,0.913,1.590,0.820,71.7,0.3,-2.197,1.378,13.812,NaN,NaN,NaN,World,Wall4m,85.2,NaN,13.361,NaN,1,0,CabinetD05,None,0,0,0,0,0.0000,NaN,NaN,NaN,0
21.71,Hamad,Static,BCA,0.897,1.595,0.781,84.7,357.3,-2.197,1.378,13.812,NaN,NaN,NaN,World,Quad,98.1,NaN,13.396,NaN,1,0,CabinetD05,None,0,0,0,0,0.0000,NaN,NaN,NaN,0
21.80,Hamad,Static,BCA,0.889,1.598,0.744,93.0,355.3,-2.197,1.378,13.812,NaN,NaN,NaN,World,Quad,106.3,NaN,13.429,NaN,1,0,CabinetD05,None,0,0,0,0,0.0000,NaN,NaN,NaN,0
21.91,Hamad,Static,BCA,0.893,1.595,0.705,98.0,355.9,-2.197,1.378,13.812,NaN,NaN,NaN,World,Quad,111.3,NaN,13.468,NaN,1,0,CabinetD05,None,0,0,0,0,0.0000,NaN,NaN,NaN,0
22.01,Hamad,Static,BCA,0.907,1.592,0.677,98.0,355.8,-2.197,1.378,13.812,NaN,NaN,NaN,World,Quad,111.3,NaN,13.499,NaN,1,0,CabinetD05,None,0,0,0,0,0.0000,NaN,NaN,NaN,0
22.11,Hamad,Static,BCA,0.931,1.590,0.652,94.5,355.8,-2.197,1.378,13.812,NaN,NaN,NaN,World,Quad,107.9,NaN,13.529,NaN,1,0,CabinetD05,None,0,0,0,0,0.0000,NaN,NaN,NaN,0
22.21,Hamad,Static,BCA,0.963,1.589,0.629,90.3,356.3,-2.197,1.378,13.812,NaN,NaN,NaN,World,Quad,103.8,NaN,13.558,NaN,1,0,CabinetD05,None,0,0,0,0,0.0000,NaN,NaN,NaN,0
22.30,Hamad,Static,BCA,0.996,1.587,0.610,85.6,357.6,-2.197,1.378,13.812,NaN,NaN,NaN,World,Quad,99.2,NaN,13.585,NaN,1,0,CabinetD05,None,0,0,0,0,0.0000,NaN,NaN,NaN,0
22.41,Hamad,Static,BCA,1.030,1.584,0.591,80.8,358.9,-2.197,1.378,13.812,NaN,NaN,NaN,World,Quad,94.5,NaN,13.611,NaN,1,0,CabinetD05,None,0,0,0,0,0.0000,NaN,NaN,NaN,0
22.51,Hamad,Static,BCA,1.054,1.583,0.578,77.0,359.7,-2.197,1.378,13.812,NaN,NaN,NaN,World,Quad,90.8,NaN,13.629,NaN,1,0,CabinetD05,None,0,0,0,0,0.0000,NaN,NaN,NaN,0
22.61,Hamad,Static,BCA,1.069,1.581,0.565,75.4,0.2,-2.197,1.378,13.812,NaN,NaN,NaN,World,Quad,89.2,NaN,13.646,NaN,1,0,CabinetD05,None,0,0,0,0,0.0000,NaN,NaN,NaN,0
22.71,Hamad,Static,BCA,1.077,1.579,0.552,75.4,0.3,-2.197,1.378,13.812,NaN,NaN,NaN,World,Quad,89.3,NaN,13.660,NaN,1,0,CabinetD05,None,0,0,0,0,0.0000,NaN,NaN,NaN,0
22.80,Hamad,Static,BCA,1.081,1.577,0.539,77.1,359.9,-2.197,1.378,13.812,NaN,NaN,NaN,World,Quad,90.9,NaN,13.673,NaN,1,0,CabinetD05,None,0,0,0,0,0.0000,NaN,NaN,NaN,0
22.91,Hamad,Static,BCA,1.085,1.574,0.526,79.6,0.1,-2.197,1.378,13.812,NaN,NaN,NaN,World,Quad,93.5,NaN,13.687,NaN,1,0,CabinetD05,None,0,0,0,0,0.0000,NaN,NaN,NaN,0
23.01,Hamad,Static,BCA,1.088,1.570,0.519,80.9,0.0,-2.197,1.378,13.812,NaN,NaN,NaN,World,Quad,94.8,NaN,13.695,NaN,1,0,CabinetD05,None,0,0,0,0,0.0000,NaN,NaN,NaN,0
23.11,Hamad,Static,BCA,1.090,1.567,0.515,81.7,0.3,-2.197,1.378,13.812,NaN,NaN,NaN,World,Quad,95.6,NaN,13.699,NaN,1,0,CabinetD05,None,0,0,0,0,0.0000,NaN,NaN,NaN,0
23.21,Hamad,Static,BCA,1.091,1.568,0.514,81.8,359.8,-2.197,1.378,13.812,NaN,NaN,NaN,World,Quad,95.7,NaN,13.700,NaN,1,0,CabinetD05,None,0,0,0,0,0.0000,NaN,NaN,NaN,0
23.30,Hamad,Static,BCA,1.092,1.568,0.514,81.6,359.4,-2.197,1.378,13.812,NaN,NaN,NaN,World,Quad,95.5,NaN,13.701,NaN,1,0,CabinetD05,None,0,0,0,0,0.0000,NaN,NaN,NaN,0
23.41,Hamad,Static,BCA,1.093,1.569,0.513,80.9,359.0,-2.197,1.378,13.812,NaN,NaN,NaN,World,Quad,94.8,NaN,13.701,NaN,1,0,CabinetD05,None,0,0,0,0,0.0000,NaN,NaN,NaN,0
23.51,Hamad,Static,BCA,1.094,1.568,0.513,80.3,359.1,-2.197,1.378,13.812,NaN,NaN,NaN,World,Quad,94.2,NaN,13.702,NaN,1,0,CabinetD05,None,0,0,0,0,0.0000,NaN,NaN,NaN,0
23.61,Hamad,Static,BCA,1.095,1.569,0.513,79.7,359.1,-2.197,1.378,13.812,NaN,NaN,NaN,World,Quad,93.7,NaN,13.702,NaN,1,0,CabinetD05,None,0,0,0,0,0.0000,NaN,NaN,NaN,0
23.71,Hamad,Static,BCA,1.095,1.569,0.514,79.1,359.4,-2.197,1.378,13.812,NaN,NaN,NaN,World,Quad,93.1,NaN,13.701,NaN,1,0,CabinetD05,None,0,0,0,0,0.0000,NaN,NaN,NaN,0
23.80,Hamad,Static,BCA,1.095,1.568,0.515,78.8,359.7,-2.197,1.378,13.812,NaN,NaN,NaN,World,Quad,92.7,NaN,13.700,NaN,1,0,CabinetD05,None,0,0,0,0,0.0000,NaN,NaN,NaN,0
23.91,Hamad,Static,BCA,1.095,1.569,0.514,79.0,359.8,-2.197,1.378,13.812,NaN,NaN,NaN,World,Quad,92.9,NaN,13.701,NaN,1,0,CabinetD05,None,0,0,0,0,0.0000,NaN,NaN,NaN,0
24.01,Hamad,Static,BCA,1.094,1.569,0.512,79.2,359.9,-2.197,1.378,13.812,NaN,NaN,NaN,World,Quad,93.1,NaN,13.702,NaN,1,0,CabinetD05,None,0,0,0,0,0.0000,NaN,NaN,NaN,0
24.11,Hamad,Static,BCA,1.094,1.568,0.511,79.4,0.0,-2.197,1.378,13.812,NaN,NaN,NaN,World,Quad,93.3,NaN,13.704,NaN,1,0,CabinetD05,None,0,0,0,0,0.0000,NaN,NaN,NaN,0
24.21,Hamad,Static,BCA,1.094,1.568,0.509,79.8,0.3,-2.197,1.378,13.812,NaN,NaN,NaN,World,Quad,93.7,NaN,13.706,NaN,1,0,CabinetD05,None,0,0,0,0,0.0000,NaN,NaN,NaN,0
24.30,Hamad,Static,BCA,1.094,1.567,0.507,80.0,0.2,-2.197,1.378,13.812,NaN,NaN,NaN,World,Quad,93.9,NaN,13.708,NaN,1,0,CabinetD05,None,0,0,0,0,0.0000,NaN,NaN,NaN,0
24.41,Hamad,Static,BCA,1.094,1.568,0.505,80.2,0.1,-2.197,1.378,13.812,NaN,NaN,NaN,World,Quad,94.1,NaN,13.710,NaN,1,0,CabinetD05,None,0,0,0,0,0.0000,NaN,NaN,NaN,0
24.51,Hamad,Static,BCA,1.093,1.568,0.503,80.1,0.1,-2.197,1.378,13.812,NaN,NaN,NaN,World,Quad,94.0,NaN,13.711,NaN,1,0,CabinetD05,None,0,0,0,0,0.0000,NaN,NaN,NaN,0
24.61,Hamad,Static,BCA,1.092,1.568,0.501,79.9,360.0,-2.197,1.378,13.812,NaN,NaN,NaN,World,Quad,93.8,NaN,13.713,NaN,1,0,CabinetD05,None,0,0,0,0,0.0000,NaN,NaN,NaN,0
24.71,Hamad,Static,BCA,1.092,1.568,0.500,79.6,0.1,-2.197,1.378,13.812,NaN,NaN,NaN,World,Quad,93.5,NaN,13.714,NaN,1,0,CabinetD05,None,0,0,0,0,0.0000,NaN,NaN,NaN,0
24.80,Hamad,Static,BCA,1.093,1.568,0.499,79.4,0.1,-2.197,1.378,13.812,NaN,NaN,NaN,World,Quad,93.3,NaN,13.715,NaN,1,0,CabinetD05,None,0,0,0,0,0.0000,NaN,NaN,NaN,0
24.91,Hamad,Static,BCA,1.093,1.568,0.499,79.1,0.1,-2.197,1.378,13.812,NaN,NaN,NaN,World,Quad,93.0,NaN,13.715,NaN,1,0,CabinetD05,None,0,0,0,0,0.0000,NaN,NaN,NaN,0
25.01,Hamad,Static,BCA,1.094,1.568,0.499,79.1,0.0,-2.197,1.378,13.812,NaN,NaN,NaN,World,Quad,92.9,NaN,13.716,NaN,1,0,CabinetD05,None,0,0,0,0,0.0000,NaN,NaN,NaN,0
25.11,Hamad,Static,BCA,1.094,1.568,0.498,79.2,0.0,-2.197,1.378,13.812,NaN,NaN,NaN,World,Quad,93.1,NaN,13.716,NaN,1,0,CabinetD05,None,0,0,0,0,0.0000,NaN,NaN,NaN,0
25.21,Hamad,Static,BCA,1.094,1.568,0.497,79.2,359.9,-2.197,1.378,13.812,NaN,NaN,NaN,World,Quad,93.1,NaN,13.717,NaN,1,0,CabinetD05,None,0,0,0,0,0.0000,NaN,NaN,NaN,0
25.30,Hamad,Static,BCA,1.094,1.568,0.497,79.3,360.0,-2.197,1.378,13.812,NaN,NaN,NaN,World,Quad,93.2,NaN,13.718,NaN,1,0,CabinetD05,None,0,0,0,0,0.0000,NaN,NaN,NaN,0
25.41,Hamad,Static,BCA,1.095,1.568,0.497,79.3,0.0,-2.197,1.378,13.812,NaN,NaN,NaN,World,Quad,93.2,NaN,13.717,NaN,1,0,CabinetD05,None,0,0,0,0,0.0000,NaN,NaN,NaN,0
25.51,Hamad,Static,BCA,1.096,1.568,0.497,79.4,360.0,-2.197,1.378,13.812,NaN,NaN,NaN,World,Quad,93.3,NaN,13.717,NaN,1,0,CabinetD05,None,0,0,0,0,0.0000,NaN,NaN,NaN,0
25.61,Hamad,Static,BCA,1.097,1.569,0.498,79.6,359.9,-2.197,1.378,13.812,NaN,NaN,NaN,World,Quad,93.4,NaN,13.717,NaN,1,0,CabinetD05,None,0,0,0,0,0.0000,NaN,NaN,NaN,0
25.71,Hamad,Static,BCA,1.098,1.569,0.498,79.9,0.0,-2.197,1.378,13.812,NaN,NaN,NaN,World,Quad,93.8,NaN,13.718,NaN,1,0,CabinetD05,None,0,0,0,0,0.0000,NaN,NaN,NaN,0
25.80,Hamad,Static,BCA,1.099,1.568,0.497,80.1,0.1,-2.197,1.378,13.812,NaN,NaN,NaN,World,Quad,94.0,NaN,13.718,NaN,1,0,CabinetD05,None,0,0,0,0,0.0000,NaN,NaN,NaN,0
25.91,Hamad,Static,BCA,1.100,1.569,0.497,80.2,0.2,-2.197,1.378,13.812,NaN,NaN,NaN,World,Quad,94.1,NaN,13.719,NaN,1,0,CabinetD05,None,0,0,0,0,0.0000,NaN,NaN,NaN,0
26.01,Hamad,Static,BCA,1.100,1.569,0.497,80.2,0.1,-2.197,1.378,13.812,NaN,NaN,NaN,World,Quad,94.1,NaN,13.719,NaN,1,0,CabinetD05,None,0,0,0,0,0.0000,NaN,NaN,NaN,0
26.11,Hamad,Static,BCA,1.099,1.569,0.497,80.0,0.0,-2.197,1.378,13.812,NaN,NaN,NaN,World,Quad,93.9,NaN,13.719,NaN,1,0,CabinetD05,None,0,0,0,0,0.0000,NaN,NaN,NaN,0
26.21,Hamad,Static,BCA,1.100,1.568,0.497,79.9,0.2,-2.197,1.378,13.812,NaN,NaN,NaN,World,Quad,93.8,NaN,13.719,NaN,1,0,CabinetD05,None,0,0,0,0,0.0000,NaN,NaN,NaN,0
26.30,Hamad,Static,BCA,1.100,1.568,0.497,79.5,0.3,-2.197,1.378,13.812,NaN,NaN,NaN,World,Quad,93.4,NaN,13.718,NaN,1,0,CabinetD05,None,0,0,0,0,0.0000,NaN,NaN,NaN,0
26.41,Hamad,Static,BCA,1.099,1.569,0.498,79.2,0.1,-2.197,1.378,13.812,NaN,NaN,NaN,World,Quad,93.1,NaN,13.717,NaN,1,0,CabinetD05,None,0,0,0,0,0.0000,NaN,NaN,NaN,0
26.51,Hamad,Static,BCA,1.099,1.569,0.499,78.9,0.0,-2.197,1.378,13.812,NaN,NaN,NaN,World,Quad,92.8,NaN,13.717,NaN,1,0,CabinetD05,None,0,0,0,0,0.0000,NaN,NaN,NaN,0
26.61,Hamad,Static,BCA,1.099,1.569,0.499,78.7,359.9,-2.197,1.378,13.812,NaN,NaN,NaN,World,Quad,92.6,NaN,13.716,NaN,1,0,CabinetD05,None,0,0,0,0,0.0000,NaN,NaN,NaN,0
26.71,Hamad,Static,BCA,1.098,1.569,0.500,78.5,359.8,-2.197,1.378,13.812,NaN,NaN,NaN,World,Quad,92.4,NaN,13.716,NaN,1,0,CabinetD05,None,0,0,0,0,0.0000,NaN,NaN,NaN,0
26.80,Hamad,Static,BCA,1.099,1.569,0.500,78.5,359.9,-2.197,1.378,13.812,NaN,NaN,NaN,World,Quad,92.4,NaN,13.715,NaN,1,0,CabinetD05,None,0,0,0,0,0.0000,NaN,NaN,NaN,0
26.91,Hamad,Static,BCA,1.099,1.569,0.501,78.5,359.9,-2.197,1.378,13.812,NaN,NaN,NaN,World,Quad,92.4,NaN,13.715,NaN,1,0,CabinetD05,None,0,0,0,0,0.0000,NaN,NaN,NaN,0
27.01,Hamad,Static,BCA,1.099,1.569,0.501,78.4,359.8,-2.197,1.378,13.812,NaN,NaN,NaN,World,Quad,92.3,NaN,13.715,NaN,1,0,CabinetD05,None,0,0,0,0,0.0000,NaN,NaN,NaN,0
27.11,Hamad,Static,BCA,1.099,1.568,0.501,78.5,0.0,-2.197,1.378,13.812,NaN,NaN,NaN,World,Quad,92.4,NaN,13.715,NaN,1,0,CabinetD05,None,0,0,0,0,0.0000,NaN,NaN,NaN,0
27.21,Hamad,Static,BCA,1.098,1.568,0.501,78.4,360.0,-2.197,1.378,13.812,NaN,NaN,NaN,World,Quad,92.3,NaN,13.714,NaN,1,0,CabinetD05,None,0,0,0,0,0.0000,NaN,NaN,NaN,0
27.30,Hamad,Static,BCA,1.099,1.568,0.502,78.4,0.0,-2.197,1.378,13.812,NaN,NaN,NaN,World,Quad,92.3,NaN,13.713,NaN,1,0,CabinetD05,None,0,0,0,0,0.0000,NaN,NaN,NaN,0
27.41,Hamad,Static,BCA,1.099,1.568,0.503,78.4,0.2,-2.197,1.378,13.812,NaN,NaN,NaN,World,Quad,92.3,NaN,13.712,NaN,1,0,CabinetD05,None,0,0,0,0,0.0000,NaN,NaN,NaN,0
27.51,Hamad,Static,BCA,1.099,1.568,0.504,78.5,0.2,-2.197,1.378,13.812,NaN,NaN,NaN,World,Quad,92.4,NaN,13.712,NaN,1,0,CabinetD05,None,0,0,0,0,0.0000,NaN,NaN,NaN,0
27.61,Hamad,Static,BCA,1.099,1.568,0.504,78.4,0.2,-2.197,1.378,13.812,NaN,NaN,NaN,World,Quad,92.3,NaN,13.711,NaN,1,0,CabinetD05,None,0,0,0,0,0.0000,NaN,NaN,NaN,0
27.71,Hamad,Static,BCA,1.099,1.568,0.504,78.5,0.1,-2.197,1.378,13.812,NaN,NaN,NaN,World,Quad,92.4,NaN,13.711,NaN,1,0,CabinetD05,None,0,0,0,0,0.0000,NaN,NaN,NaN,0
27.80,Hamad,Static,BCA,1.099,1.568,0.505,78.5,0.2,-2.197,1.378,13.812,NaN,NaN,NaN,World,Quad,92.4,NaN,13.711,NaN,1,0,CabinetD05,None,0,0,0,0,0.0000,NaN,NaN,NaN,0
27.91,Hamad,Static,BCA,1.099,1.568,0.505,78.4,0.2,-2.197,1.378,13.812,NaN,NaN,NaN,World,Quad,92.3,NaN,13.710,NaN,1,0,CabinetD05,None,0,0,0,0,0.0000,NaN,NaN,NaN,0
28.01,Hamad,Static,BCA,1.099,1.568,0.505,78.4,0.3,-2.197,1.378,13.812,NaN,NaN,NaN,World,Quad,92.3,NaN,13.710,NaN,1,0,CabinetD05,None,0,0,0,0,0.0000,NaN,NaN,NaN,0
28.11,Hamad,Static,BCA,1.098,1.568,0.506,78.3,0.3,-2.197,1.378,13.812,NaN,NaN,NaN,World,Quad,92.3,NaN,13.710,NaN,1,0,CabinetD05,None,0,0,0,0,0.0000,NaN,NaN,NaN,0
28.21,Hamad,Static,BCA,1.098,1.568,0.506,78.3,0.3,-2.197,1.378,13.812,NaN,NaN,NaN,World,Quad,92.3,NaN,13.709,NaN,1,0,CabinetD05,None,0,0,0,0,0.0000,NaN,NaN,NaN,0
28.30,Hamad,Static,BCA,1.098,1.568,0.506,78.4,0.3,-2.197,1.378,13.812,NaN,NaN,NaN,World,Quad,92.3,NaN,13.709,NaN,1,0,CabinetD05,None,0,0,0,0,0.0000,NaN,NaN,NaN,0
28.41,Hamad,Static,BCA,1.098,1.568,0.507,78.4,0.4,-2.197,1.378,13.812,NaN,NaN,NaN,World,Quad,92.3,NaN,13.708,NaN,1,0,CabinetD05,None,0,0,0,0,0.0000,NaN,NaN,NaN,0
28.51,Hamad,Static,BCA,1.099,1.568,0.508,78.4,0.5,-2.197,1.378,13.812,NaN,NaN,NaN,World,Quad,92.3,NaN,13.708,NaN,1,0,CabinetD05,None,0,0,0,0,0.0000,NaN,NaN,NaN,0
28.61,Hamad,Static,BCA,1.099,1.568,0.509,78.3,0.6,-2.197,1.378,13.812,NaN,NaN,NaN,World,Quad,92.2,NaN,13.707,NaN,1,0,CabinetD05,None,0,0,0,0,0.0000,NaN,NaN,NaN,0
28.71,Hamad,Static,BCA,1.100,1.568,0.510,78.2,0.5,-2.197,1.378,13.812,NaN,NaN,NaN,World,Quad,92.1,NaN,13.706,NaN,1,0,CabinetD05,None,0,0,0,0,0.0000,NaN,NaN,NaN,0
28.80,Hamad,Static,BCA,1.100,1.567,0.510,78.3,0.5,-2.197,1.378,13.812,NaN,NaN,NaN,World,Quad,92.2,NaN,13.706,NaN,1,0,CabinetD05,None,0,0,0,0,0.0000,NaN,NaN,NaN,0
28.91,Hamad,Static,BCA,1.100,1.568,0.511,78.3,0.5,-2.197,1.378,13.812,NaN,NaN,NaN,World,Quad,92.2,NaN,13.705,NaN,1,0,CabinetD05,None,0,0,0,0,0.0000,NaN,NaN,NaN,0
29.01,Hamad,Static,BCA,1.101,1.567,0.512,78.4,0.4,-2.197,1.378,13.812,NaN,NaN,NaN,World,Quad,92.3,NaN,13.705,NaN,1,0,CabinetD05,None,0,0,0,0,0.0000,NaN,NaN,NaN,0
29.11,Hamad,Static,BCA,1.101,1.568,0.512,78.4,0.4,-2.197,1.378,13.812,NaN,NaN,NaN,World,Quad,92.3,NaN,13.704,NaN,1,0,CabinetD05,None,0,0,0,0,0.0000,NaN,NaN,NaN,0
29.21,Hamad,Static,BCA,1.102,1.568,0.513,78.5,0.4,-2.197,1.378,13.812,NaN,NaN,NaN,World,Quad,92.4,NaN,13.704,NaN,1,0,CabinetD05,None,0,0,0,0,0.0000,NaN,NaN,NaN,0
29.30,Hamad,Static,BCA,1.103,1.568,0.513,78.5,0.4,-2.197,1.378,13.812,NaN,NaN,NaN,World,Quad,92.5,NaN,13.704,NaN,1,0,CabinetD05,None,0,0,0,0,0.0000,NaN,NaN,NaN,0
29.41,Hamad,Static,BCA,1.104,1.567,0.513,78.6,0.6,-2.197,1.378,13.812,NaN,NaN,NaN,World,Quad,92.5,NaN,13.704,NaN,1,0,CabinetD05,None,0,0,0,0,0.0000,NaN,NaN,NaN,0
29.51,Hamad,Static,BCA,1.105,1.567,0.514,78.5,0.8,-2.197,1.378,13.812,NaN,NaN,NaN,World,Quad,92.4,NaN,13.703,NaN,1,0,CabinetD05,None,0,0,0,0,0.0000,NaN,NaN,NaN,0
29.61,Hamad,Static,BCA,1.106,1.567,0.515,78.0,0.8,-2.197,1.378,13.812,NaN,NaN,NaN,World,Quad,92.0,NaN,13.702,NaN,1,0,CabinetD05,None,0,0,0,0,0.0000,NaN,NaN,NaN,0
29.71,Hamad,Static,BCA,1.106,1.567,0.516,77.5,0.7,-2.197,1.378,13.812,NaN,NaN,NaN,World,Quad,91.4,NaN,13.701,NaN,1,0,CabinetD05,None,0,0,0,0,0.0000,NaN,NaN,NaN,0
29.80,Hamad,Static,BCA,1.105,1.567,0.516,77.4,0.6,-2.197,1.378,13.812,NaN,NaN,NaN,World,Quad,91.3,NaN,13.701,NaN,1,0,CabinetD05,None,0,0,0,0,0.0000,NaN,NaN,NaN,0
29.91,Hamad,Static,BCA,1.105,1.567,0.516,77.2,0.5,-2.197,1.378,13.812,NaN,NaN,NaN,World,Quad,91.2,NaN,13.701,NaN,1,0,CabinetD05,None,0,0,0,0,0.0000,NaN,NaN,NaN,0
30.01,Hamad,Static,BCA,1.105,1.567,0.516,77.4,0.4,-2.197,1.378,13.812,NaN,NaN,NaN,World,Quad,91.3,NaN,13.702,NaN,1,0,CabinetD05,None,0,0,0,0,0.0000,NaN,NaN,NaN,0
30.11,Hamad,Static,BCA,1.105,1.567,0.515,77.6,0.5,-2.197,1.378,13.812,NaN,NaN,NaN,World,Quad,91.5,NaN,13.702,NaN,1,0,CabinetD05,None,0,0,0,0,0.0000,NaN,NaN,NaN,0
30.21,Hamad,Static,BCA,1.106,1.567,0.516,77.7,0.6,-2.197,1.378,13.812,NaN,NaN,NaN,World,Quad,91.6,NaN,13.702,NaN,1,0,CabinetD05,None,0,0,0,0,0.0000,NaN,NaN,NaN,0
30.30,Hamad,Static,BCA,1.107,1.567,0.516,77.8,0.7,-2.197,1.378,13.812,NaN,NaN,NaN,World,Quad,91.7,NaN,13.701,NaN,1,0,CabinetD05,None,0,0,0,0,0.0000,NaN,NaN,NaN,0
30.41,Hamad,Static,BCA,1.107,1.567,0.517,77.7,0.7,-2.197,1.378,13.812,NaN,NaN,NaN,World,Quad,91.7,NaN,13.701,NaN,1,0,CabinetD05,None,0,0,0,0,0.0000,NaN,NaN,NaN,0
30.51,Hamad,Static,BCA,1.107,1.567,0.517,77.8,0.6,-2.197,1.378,13.812,NaN,NaN,NaN,World,Quad,91.7,NaN,13.701,NaN,1,0,CabinetD05,None,0,0,0,0,0.0000,NaN,NaN,NaN,0
30.61,Hamad,Static,BCA,1.107,1.567,0.517,77.7,0.5,-2.197,1.378,13.812,NaN,NaN,NaN,World,Quad,91.7,NaN,13.701,NaN,1,0,CabinetD05,None,0,0,0,0,0.0000,NaN,NaN,NaN,0
30.71,Hamad,Static,BCA,1.106,1.567,0.516,77.7,0.4,-2.197,1.378,13.812,NaN,NaN,NaN,World,Quad,91.7,NaN,13.701,NaN,1,0,CabinetD05,None,0,0,0,0,0.0000,NaN,NaN,NaN,0
30.80,Hamad,Static,BCA,1.106,1.567,0.516,77.8,0.4,-2.197,1.378,13.812,NaN,NaN,NaN,World,Quad,91.7,NaN,13.701,NaN,1,0,CabinetD05,None,0,0,0,0,0.0000,NaN,NaN,NaN,0
30.91,Hamad,Static,BCA,1.106,1.567,0.516,77.9,0.4,-2.197,1.378,13.812,NaN,NaN,NaN,World,Quad,91.9,NaN,13.702,NaN,1,0,CabinetD05,None,0,0,0,0,0.0000,NaN,NaN,NaN,0
31.01,Hamad,Static,BCA,1.106,1.567,0.515,78.1,0.5,-2.197,1.378,13.812,NaN,NaN,NaN,World,Quad,92.0,NaN,13.702,NaN,1,0,CabinetD05,None,0,0,0,0,0.0000,NaN,NaN,NaN,0
31.11,Hamad,Static,BCA,1.106,1.567,0.514,78.2,0.5,-2.197,1.378,13.812,NaN,NaN,NaN,World,Quad,92.2,NaN,13.703,NaN,1,0,CabinetD05,None,0,0,0,0,0.0000,NaN,NaN,NaN,0
31.21,Hamad,Static,BCA,1.106,1.567,0.513,78.3,0.4,-2.197,1.378,13.812,NaN,NaN,NaN,World,Quad,92.2,NaN,13.704,NaN,1,0,CabinetD05,None,0,0,0,0,0.0000,NaN,NaN,NaN,0
31.30,Hamad,Static,BCA,1.106,1.567,0.512,78.3,0.4,-2.197,1.378,13.812,NaN,NaN,NaN,World,Quad,92.3,NaN,13.705,NaN,1,0,CabinetD05,None,0,0,0,0,0.0000,NaN,NaN,NaN,0
31.41,Hamad,Static,BCA,1.105,1.567,0.511,78.4,0.3,-2.197,1.378,13.812,NaN,NaN,NaN,World,Quad,92.3,NaN,13.706,NaN,1,0,CabinetD05,None,0,0,0,0,0.0000,NaN,NaN,NaN,0
31.51,Hamad,Static,BCA,1.105,1.567,0.510,78.4,0.3,-2.197,1.378,13.812,NaN,NaN,NaN,World,Quad,92.3,NaN,13.707,NaN,1,0,CabinetD05,None,0,0,0,0,0.0000,NaN,NaN,NaN,0
31.61,Hamad,Static,BCA,1.104,1.567,0.509,78.4,0.3,-2.197,1.378,13.812,NaN,NaN,NaN,World,Quad,92.4,NaN,13.708,NaN,1,0,CabinetD05,None,0,0,0,0,0.0000,NaN,NaN,NaN,0
31.70,Hamad,Static,BCA,1.104,1.567,0.508,78.5,0.2,-2.197,1.378,13.812,NaN,NaN,NaN,World,Quad,92.4,NaN,13.709,NaN,1,0,CabinetD05,None,0,0,0,0,0.0000,NaN,NaN,NaN,0
31.80,Hamad,Static,BCA,1.103,1.567,0.507,78.6,0.2,-2.197,1.378,13.812,NaN,NaN,NaN,World,Quad,92.5,NaN,13.710,NaN,1,0,CabinetD05,None,0,0,0,0,0.0000,NaN,NaN,NaN,0
31.91,Hamad,Static,BCA,1.103,1.567,0.506,78.7,0.2,-2.197,1.378,13.812,NaN,NaN,NaN,World,Quad,92.6,NaN,13.711,NaN,1,0,CabinetD05,None,0,0,0,0,0.0000,NaN,NaN,NaN,0
32.01,Hamad,Static,BCA,1.103,1.567,0.505,78.7,0.3,-2.197,1.378,13.812,NaN,NaN,NaN,World,Quad,92.6,NaN,13.711,NaN,1,0,CabinetD05,None,0,0,0,0,0.0000,NaN,NaN,NaN,0
32.11,Hamad,Static,BCA,1.102,1.567,0.505,78.7,0.4,-2.197,1.378,13.812,NaN,NaN,NaN,World,Quad,92.6,NaN,13.711,NaN,1,0,CabinetD05,None,0,0,0,0,0.0000,NaN,NaN,NaN,0
32.21,Hamad,Static,BCA,1.102,1.567,0.505,78.9,0.3,-2.197,1.378,13.812,NaN,NaN,NaN,World,Quad,92.8,NaN,13.711,NaN,1,0,CabinetD05,None,0,0,0,0,0.0000,NaN,NaN,NaN,0
32.30,Hamad,Static,BCA,1.101,1.568,0.505,79.0,0.0,-2.197,1.378,13.812,NaN,NaN,NaN,World,Quad,92.9,NaN,13.711,NaN,1,0,CabinetD05,None,0,0,0,0,0.0000,NaN,NaN,NaN,0
32.41,Hamad,Static,BCA,1.100,1.568,0.506,79.1,359.8,-2.197,1.378,13.812,NaN,NaN,NaN,World,Quad,93.0,NaN,13.710,NaN,1,0,CabinetD05,None,0,0,0,0,0.0000,NaN,NaN,NaN,0
32.51,Hamad,Static,BCA,1.099,1.568,0.506,79.2,359.6,-2.197,1.378,13.812,NaN,NaN,NaN,World,Quad,93.1,NaN,13.710,NaN,1,0,CabinetD05,None,0,0,0,0,0.0000,NaN,NaN,NaN,0
32.61,Hamad,Static,BCA,1.099,1.569,0.507,79.1,359.6,-2.197,1.378,13.812,NaN,NaN,NaN,World,Quad,93.0,NaN,13.708,NaN,1,0,CabinetD05,None,0,0,0,0,0.0000,NaN,NaN,NaN,0
32.71,Hamad,Static,BCA,1.099,1.571,0.512,77.5,359.4,-2.197,1.378,13.812,NaN,NaN,NaN,World,Quad,91.4,NaN,13.703,NaN,1,0,CabinetD05,None,0,0,0,0,0.0000,NaN,NaN,NaN,0
32.80,Hamad,Static,BCA,1.098,1.574,0.528,69.4,359.2,-2.197,1.378,13.812,NaN,NaN,NaN,World,Quad,83.4,NaN,13.688,NaN,1,0,CabinetD05,None,0,0,0,0,0.0000,NaN,NaN,NaN,0
32.91,Hamad,Static,BCA,1.089,1.578,0.563,47.9,358.1,-2.197,1.378,13.812,NaN,NaN,NaN,World,Wall4m,61.9,NaN,13.652,NaN,1,0,CabinetD05,None,0,0,0,0,0.0000,NaN,NaN,NaN,0
33.01,Hamad,Static,BCA,1.063,1.580,0.594,25.8,357.9,-2.197,1.378,13.812,NaN,NaN,NaN,World,CabinetDCorner02,39.8,NaN,13.615,NaN,1,0,CabinetD05,None,0,0,0,0,0.0000,NaN,NaN,NaN,0
33.11,Hamad,Static,BCA,1.025,1.583,0.617,5.2,357.5,-2.197,1.378,13.812,NaN,NaN,NaN,World,CabinetD05Door,19.2,NaN,13.585,NaN,1,0,CabinetD05,None,1,0,0,0,0.0000,NaN,NaN,NaN,0
33.20,Hamad,Static,BCA,0.984,1.588,0.629,348.1,355.3,-2.197,1.378,13.812,NaN,NaN,NaN,World,CabinetD05,5.8,NaN,13.563,NaN,1,0,CabinetD05,None,1,0,0,0,0.0000,NaN,NaN,NaN,0
33.30,Hamad,Static,BCA,0.947,1.593,0.637,336.9,353.0,-2.197,1.378,13.812,NaN,NaN,NaN,World,CabinetD06,12.5,NaN,13.547,NaN,1,0,CabinetD05,None,1,0,0,0,0.0000,NaN,NaN,NaN,0
33.41,Hamad,Static,BCA,0.903,1.596,0.650,329.2,351.6,-2.197,1.378,13.812,NaN,NaN,NaN,World,CabinetD06,19.8,NaN,13.524,NaN,1,0,CabinetD06,None,1,0,0,0,0.0000,NaN,NaN,NaN,0
33.51,Hamad,Static,BCA,0.864,1.596,0.667,328.0,350.7,-2.197,1.378,13.812,NaN,NaN,NaN,World,CabinetD06,21.4,NaN,13.499,NaN,1,0,CabinetD06,None,1,0,0,0,0.0000,NaN,NaN,NaN,0
33.61,Hamad,Static,BCA,0.824,1.598,0.690,330.3,351.9,-2.197,1.378,13.812,NaN,NaN,NaN,World,CabinetD06,19.0,NaN,13.467,NaN,1,0,CabinetD06,None,1,0,0,0,0.0000,NaN,NaN,NaN,0
33.70,Hamad,Static,BCA,0.790,1.600,0.716,333.0,351.2,-2.197,1.378,13.812,NaN,NaN,NaN,World,CabinetD06,17.2,NaN,13.434,NaN,1,0,CabinetD06,None,1,0,0,0,0.0000,NaN,NaN,NaN,0
33.80,Hamad,Static,BCA,0.763,1.606,0.743,333.8,351.1,-2.197,1.378,13.812,NaN,NaN,NaN,World,CabinetD06,16.6,NaN,13.402,NaN,1,0,CabinetD06,None,1,0,0,0,0.0000,NaN,NaN,NaN,0
33.91,Hamad,Static,BCA,0.743,1.611,0.776,334.4,350.5,-2.197,1.378,13.812,NaN,NaN,NaN,World,CabinetD06,16.6,NaN,13.365,NaN,1,0,CabinetD06,None,1,0,0,0,0.0000,NaN,NaN,NaN,0
34.01,Hamad,Static,BCA,0.733,1.613,0.813,331.8,349.9,-2.197,1.378,13.812,NaN,NaN,NaN,World,CabinetD06,19.0,NaN,13.328,NaN,1,0,CabinetD06,None,1,0,0,0,0.0000,NaN,NaN,NaN,0
34.11,Hamad,Static,BCA,0.731,1.611,0.857,329.0,349.7,-2.197,1.378,13.812,NaN,NaN,NaN,World,CabinetD06,21.4,NaN,13.284,NaN,1,0,CabinetD06,None,1,0,0,0,0.0000,NaN,NaN,NaN,0
34.20,Hamad,Static,BCA,0.733,1.609,0.906,325.6,350.8,-2.197,1.378,13.812,NaN,NaN,NaN,World,CabinetD06,23.8,NaN,13.236,NaN,1,0,CabinetD06,None,1,0,0,0,0.0000,NaN,NaN,NaN,0
34.30,Hamad,Static,BCA,0.735,1.611,0.953,322.8,351.0,-2.197,1.378,13.812,NaN,NaN,NaN,World,CabinetD06,26.2,NaN,13.192,NaN,1,0,CabinetD06,None,0,0,0,0,0.0000,NaN,NaN,NaN,0
34.41,Hamad,Static,BCA,0.739,1.611,0.994,322.4,352.2,-2.197,1.378,13.812,NaN,NaN,NaN,World,CabinetD06,26.1,NaN,13.152,NaN,1,0,CabinetD06,None,0,0,0,0,0.0000,NaN,NaN,NaN,0
34.51,Hamad,Static,BCA,0.745,1.611,1.013,323.9,352.5,-2.197,1.378,13.812,NaN,NaN,NaN,World,CabinetD06,24.6,NaN,13.136,NaN,1,0,CabinetD06,None,1,0,0,0,0.0000,NaN,NaN,NaN,0
34.61,Hamad,Static,BCA,0.752,1.611,1.018,326.6,353.2,-2.197,1.378,13.812,NaN,NaN,NaN,World,CabinetD06,21.8,NaN,13.132,NaN,1,0,CabinetD06,None,1,0,0,0,0.0000,NaN,NaN,NaN,0
34.70,Hamad,Static,BCA,0.761,1.607,1.012,332.2,355.2,-2.197,1.378,13.812,NaN,NaN,NaN,World,CabinetD06,15.9,NaN,13.139,NaN,1,0,CabinetD06,None,1,0,0,0,0.0000,NaN,NaN,NaN,0
34.80,Hamad,Static,BCA,0.773,1.597,0.997,339.8,358.8,-2.197,1.378,13.812,NaN,NaN,NaN,World,CabinetD06,7.4,NaN,13.157,NaN,1,0,CabinetD06,None,1,0,0,0,0.0000,NaN,NaN,NaN,0
34.91,Hamad,Static,BCA,0.788,1.582,0.971,351.1,4.3,-2.197,1.378,13.812,NaN,NaN,NaN,World,CabinetD05,5.4,NaN,13.185,NaN,1,0,CabinetD06,None,1,0,0,0,0.0000,NaN,NaN,NaN,0
35.01,Hamad,Static,BCA,0.802,1.571,0.947,1.2,9.0,-2.197,1.378,13.812,NaN,NaN,NaN,World,CabinetD05,16.5,NaN,13.212,NaN,1,0,CabinetD06,None,1,0,0,0,0.0000,NaN,NaN,NaN,0
35.11,Hamad,Static,BCA,0.820,1.566,0.924,10.3,11.4,-2.197,1.378,13.812,NaN,NaN,NaN,World,Wall4m,25.6,NaN,13.238,NaN,1,0,CabinetD06,None,0,0,0,0,0.0000,NaN,NaN,NaN,0
35.20,Hamad,Static,BCA,0.845,1.568,0.897,16.9,12.2,-2.197,1.378,13.812,NaN,NaN,NaN,World,Wall4m,32.0,NaN,13.270,NaN,1,0,CabinetD06,None,0,0,0,0,0.0000,NaN,NaN,NaN,0
35.30,Hamad,Static,BCA,0.872,1.571,0.873,19.9,11.2,-2.197,1.378,13.812,NaN,NaN,NaN,World,CabinetD05Door,34.6,NaN,13.300,NaN,1,0,CabinetD05,None,0,0,0,0,0.0000,NaN,NaN,NaN,0
35.41,Hamad,Static,BCA,0.908,1.572,0.854,18.6,10.0,-2.197,1.378,13.812,NaN,NaN,NaN,World,CabinetD05Door,33.2,NaN,13.327,NaN,1,0,CabinetD05,None,0,0,0,0,0.0000,NaN,NaN,NaN,0
35.51,Hamad,Static,BCA,0.945,1.571,0.847,15.2,9.2,-2.197,1.378,13.812,NaN,NaN,NaN,World,CabinetD05Door,29.8,NaN,13.342,NaN,1,0,CabinetD05,None,0,0,0,0,0.0000,NaN,NaN,NaN,0
35.61,Hamad,Static,BCA,0.986,1.567,0.847,12.0,9.5,-2.197,1.378,13.812,NaN,NaN,NaN,World,CabinetD05Door,27.1,NaN,13.351,NaN,1,0,CabinetD05,None,0,0,0,0,0.0000,NaN,NaN,NaN,0
35.70,Hamad,Static,BCA,1.027,1.561,0.848,10.2,10.6,-2.197,1.378,13.812,NaN,NaN,NaN,World,CabinetD05Door,25.9,NaN,13.360,NaN,1,0,CabinetD05,None,0,0,0,0,0.0000,NaN,NaN,NaN,0
35.80,Hamad,Static,BCA,1.063,1.559,0.849,8.3,11.1,-2.197,1.378,13.812,NaN,NaN,NaN,World,Wall4m,24.6,NaN,13.368,NaN,1,0,CabinetD05,None,1,0,0,0,0.0000,NaN,NaN,NaN,0
35.91,Hamad,Static,BCA,1.094,1.558,0.849,5.3,11.3,-2.197,1.378,13.812,NaN,NaN,NaN,World,Wall4m,22.1,NaN,13.376,NaN,1,0,CabinetD05,None,1,0,0,0,0.0000,NaN,NaN,NaN,0
36.01,Hamad,Static,BCA,1.114,1.558,0.848,3.4,11.7,-2.197,1.378,13.812,NaN,NaN,NaN,World,Wall4m,20.7,NaN,13.381,NaN,1,0,CabinetD05,None,1,0,0,0,0.0000,NaN,NaN,NaN,0
36.11,Hamad,Static,BCA,1.128,1.558,0.845,2.8,11.6,-2.197,1.378,13.812,NaN,NaN,NaN,World,Wall4m,20.2,NaN,13.388,NaN,1,0,CabinetD05,None,1,0,0,0,0.0000,NaN,NaN,NaN,0
36.21,Hamad,Static,BCA,1.137,1.561,0.838,4.8,11.1,-2.197,1.378,13.812,NaN,NaN,NaN,World,Wall4m,21.7,NaN,13.397,NaN,1,0,CabinetD05,None,1,0,0,0,0.0000,NaN,NaN,NaN,0
36.30,Hamad,Static,BCA,1.141,1.564,0.824,9.5,10.1,-2.197,1.378,13.812,NaN,NaN,NaN,World,CabinetDCorner02,25.5,NaN,13.412,NaN,1,0,CabinetD05,None,0,0,0,0,0.0000,NaN,NaN,NaN,0
36.41,Hamad,Static,BCA,1.140,1.568,0.802,17.6,8.8,-2.197,1.378,13.812,NaN,NaN,NaN,World,CabinetDCorner02,32.9,NaN,13.433,NaN,1,0,CabinetD05,None,0,0,0,0,0.0000,NaN,NaN,NaN,0
36.51,Hamad,Static,BCA,1.133,1.571,0.775,29.4,6.6,-2.197,1.378,13.812,NaN,NaN,NaN,World,CabinetDCorner02,44.0,NaN,13.457,NaN,1,0,CabinetD05,None,0,0,0,0,0.0000,NaN,NaN,NaN,0
36.61,Hamad,Static,BCA,1.120,1.577,0.741,46.5,4.2,-2.197,1.378,13.812,NaN,NaN,NaN,World,CabinetDCorner02,60.8,NaN,13.487,NaN,1,0,CabinetD05,None,0,0,0,0,0.0000,NaN,NaN,NaN,0
36.70,Hamad,Static,BCA,1.101,1.584,0.706,64.1,1.7,-2.197,1.378,13.812,NaN,NaN,NaN,World,Wall4m,78.2,NaN,13.516,NaN,1,0,CabinetD05,None,0,0,0,0,0.0000,NaN,NaN,NaN,0
36.80,Hamad,Static,BCA,1.083,1.587,0.674,79.7,359.8,-2.197,1.378,13.812,NaN,NaN,NaN,World,Quad,93.7,NaN,13.543,NaN,1,0,CabinetD05,None,0,0,0,0,0.0000,NaN,NaN,NaN,0
36.91,Hamad,Static,BCA,1.068,1.588,0.644,89.9,359.0,-2.197,1.378,13.812,NaN,NaN,NaN,World,Quad,103.8,NaN,13.569,NaN,1,0,CabinetD05,None,0,0,0,0,0.0000,NaN,NaN,NaN,0
37.01,Hamad,Static,BCA,1.065,1.589,0.621,93.9,358.6,-2.197,1.378,13.812,NaN,NaN,NaN,World,Quad,107.8,NaN,13.590,NaN,1,0,CabinetD05,None,0,0,0,0,0.0000,NaN,NaN,NaN,0
37.11,Hamad,Static,BCA,1.072,1.588,0.600,95.1,359.0,-2.197,1.378,13.812,NaN,NaN,NaN,World,Quad,109.0,NaN,13.613,NaN,1,0,CabinetD05,None,0,0,0,0,0.0000,NaN,NaN,NaN,0
37.20,Hamad,Static,BCA,1.085,1.583,0.579,93.2,359.7,-2.197,1.378,13.812,NaN,NaN,NaN,World,Quad,107.1,NaN,13.635,NaN,1,0,CabinetD05,None,0,0,0,0,0.0000,NaN,NaN,NaN,0
37.30,Hamad,Static,BCA,1.105,1.579,0.561,89.7,359.2,-2.197,1.378,13.812,NaN,NaN,NaN,World,Quad,103.7,NaN,13.658,NaN,1,0,CabinetD05,None,0,0,0,0,0.0000,NaN,NaN,NaN,0
37.41,Hamad,Static,BCA,1.131,1.572,0.537,86.7,359.1,-2.197,1.378,13.812,NaN,NaN,NaN,World,Quad,100.8,NaN,13.688,NaN,1,0,CabinetD05,None,0,0,0,0,0.0000,NaN,NaN,NaN,0
37.51,Hamad,Static,BCA,1.156,1.567,0.515,84.4,359.6,-2.197,1.378,13.812,NaN,NaN,NaN,World,Quad,98.6,NaN,13.714,NaN,1,0,CabinetD05,None,0,0,0,0,0.0000,NaN,NaN,NaN,0
37.61,Hamad,Static,BCA,1.176,1.563,0.492,83.9,0.8,-2.197,1.378,13.812,NaN,NaN,NaN,World,Quad,98.1,NaN,13.742,NaN,1,0,CabinetD05,None,0,0,0,0,0.0000,NaN,NaN,NaN,0
37.70,Hamad,Static,BCA,1.188,1.564,0.469,84.3,0.5,-2.197,1.378,13.812,NaN,NaN,NaN,World,Quad,98.5,NaN,13.767,NaN,1,0,CabinetD05,None,0,0,0,0,0.0000,NaN,NaN,NaN,0
37.80,Hamad,Static,BCA,1.193,1.564,0.449,84.8,0.2,-2.197,1.378,13.812,NaN,NaN,NaN,World,Quad,99.1,NaN,13.787,NaN,1,0,CabinetD05,None,0,0,0,0,0.0000,NaN,NaN,NaN,0
37.91,Hamad,Static,BCA,1.196,1.566,0.437,85.3,0.1,-2.197,1.378,13.812,NaN,NaN,NaN,World,Quad,99.5,NaN,13.801,NaN,1,0,CabinetD05,None,0,0,0,0,0.0000,NaN,NaN,NaN,0
38.01,Hamad,Static,BCA,1.198,1.567,0.431,84.8,359.6,-2.197,1.378,13.812,NaN,NaN,NaN,World,Quad,99.0,NaN,13.806,NaN,1,0,CabinetD05,None,0,0,0,0,0.0000,NaN,NaN,NaN,0
38.11,Hamad,Static,BCA,1.198,1.566,0.428,84.6,359.9,-2.197,1.378,13.812,NaN,NaN,NaN,World,Quad,98.8,NaN,13.810,NaN,1,0,CabinetD05,None,0,0,0,0,0.0000,NaN,NaN,NaN,0
38.20,Hamad,Static,BCA,1.197,1.567,0.426,84.2,359.7,-2.197,1.378,13.812,NaN,NaN,NaN,World,Quad,98.5,NaN,13.811,NaN,1,0,CabinetD05,None,0,0,0,0,0.0000,NaN,NaN,NaN,0
38.30,Hamad,Static,BCA,1.197,1.567,0.424,83.8,359.3,-2.197,1.378,13.812,NaN,NaN,NaN,World,Quad,98.1,NaN,13.813,NaN,1,0,CabinetD05,None,0,0,0,0,0.0000,NaN,NaN,NaN,0
38.41,Hamad,Static,BCA,1.198,1.565,0.423,83.7,359.8,-2.197,1.378,13.812,NaN,NaN,NaN,World,Quad,97.9,NaN,13.814,NaN,1,0,CabinetD05,None,0,0,0,0,0.0000,NaN,NaN,NaN,0
38.51,Hamad,Static,BCA,1.199,1.565,0.423,83.3,359.8,-2.197,1.378,13.812,NaN,NaN,NaN,World,Quad,97.6,NaN,13.815,NaN,1,0,CabinetD05,None,0,0,0,0,0.0000,NaN,NaN,NaN,0
38.61,Hamad,Static,BCA,1.200,1.565,0.422,83.2,359.8,-2.197,1.378,13.812,NaN,NaN,NaN,World,Quad,97.5,NaN,13.816,NaN,1,0,CabinetD05,None,0,0,0,0,0.0000,NaN,NaN,NaN,0
38.70,Hamad,Static,BCA,1.202,1.566,0.422,83.0,359.7,-2.197,1.378,13.812,NaN,NaN,NaN,World,Quad,97.2,NaN,13.816,NaN,1,0,CabinetD05,None,0,0,0,0,0.0000,NaN,NaN,NaN,0
38.80,Hamad,Static,BCA,1.202,1.566,0.422,83.2,359.8,-2.197,1.378,13.812,NaN,NaN,NaN,World,Quad,97.5,NaN,13.816,NaN,1,0,CabinetD05,None,0,0,0,0,0.0000,NaN,NaN,NaN,0
38.91,Hamad,Static,BCA,1.203,1.566,0.422,83.4,359.7,-2.197,1.378,13.812,NaN,NaN,NaN,World,Quad,97.7,NaN,13.817,NaN,1,0,CabinetD05,None,0,0,0,0,0.0000,NaN,NaN,NaN,0
39.01,Hamad,Static,BCA,1.202,1.566,0.421,83.6,359.8,-2.197,1.378,13.812,NaN,NaN,NaN,World,Quad,97.8,NaN,13.817,NaN,1,0,CabinetD05,None,0,0,0,0,0.0000,NaN,NaN,NaN,0
39.11,Hamad,Static,BCA,1.201,1.566,0.422,83.7,359.9,-2.197,1.378,13.812,NaN,NaN,NaN,World,Quad,97.9,NaN,13.816,NaN,1,0,CabinetD05,None,0,0,0,0,0.0000,NaN,NaN,NaN,0
39.20,Hamad,Static,BCA,1.200,1.566,0.423,83.5,359.9,-2.197,1.378,13.812,NaN,NaN,NaN,World,Quad,97.8,NaN,13.815,NaN,1,0,CabinetD05,None,0,0,0,0,0.0000,NaN,NaN,NaN,0
39.30,Hamad,Static,BCA,1.198,1.566,0.424,83.2,359.7,-2.197,1.378,13.812,NaN,NaN,NaN,World,Quad,97.4,NaN,13.813,NaN,1,0,CabinetD05,None,0,0,0,0,0.0000,NaN,NaN,NaN,0
39.41,Hamad,Static,BCA,1.196,1.566,0.426,82.7,359.4,-2.197,1.378,13.812,NaN,NaN,NaN,World,Quad,96.9,NaN,13.810,NaN,1,0,CabinetD05,None,0,0,0,0,0.0000,NaN,NaN,NaN,0
39.51,Hamad,Static,BCA,1.195,1.566,0.428,82.2,359.3,-2.197,1.378,13.812,NaN,NaN,NaN,World,Quad,96.4,NaN,13.808,NaN,1,0,CabinetD05,None,0,0,0,0,0.0000,NaN,NaN,NaN,0
39.61,Hamad,Static,BCA,1.196,1.566,0.430,81.9,359.4,-2.197,1.378,13.812,NaN,NaN,NaN,World,Quad,96.1,NaN,13.807,NaN,1,0,CabinetD05,None,0,0,0,0,0.0000,NaN,NaN,NaN,0
39.70,Hamad,Static,BCA,1.196,1.565,0.430,81.8,359.7,-2.197,1.378,13.812,NaN,NaN,NaN,World,Quad,96.0,NaN,13.807,NaN,1,0,CabinetD05,None,0,0,0,0,0.0000,NaN,NaN,NaN,0
39.80,Hamad,Static,BCA,1.197,1.565,0.431,81.8,359.8,-2.197,1.378,13.812,NaN,NaN,NaN,World,Quad,96.0,NaN,13.806,NaN,1,0,CabinetD05,None,0,0,0,0,0.0000,NaN,NaN,NaN,0
39.91,Hamad,Static,BCA,1.199,1.565,0.432,82.0,359.9,-2.197,1.378,13.812,NaN,NaN,NaN,World,Quad,96.2,NaN,13.805,NaN,1,0,CabinetD05,None,0,0,0,0,0.0000,NaN,NaN,NaN,0
40.01,Hamad,Static,BCA,1.200,1.565,0.433,82.0,0.1,-2.197,1.378,13.812,NaN,NaN,NaN,World,Quad,96.3,NaN,13.805,NaN,1,0,CabinetD05,None,0,0,0,0,0.0000,NaN,NaN,NaN,0
40.11,Hamad,Static,BCA,1.200,1.565,0.433,82.1,0.0,-2.197,1.378,13.812,NaN,NaN,NaN,World,Quad,96.3,NaN,13.805,NaN,1,0,CabinetD05,None,0,0,0,0,0.0000,NaN,NaN,NaN,0
40.20,Hamad,Static,BCA,1.201,1.566,0.433,81.9,359.7,-2.197,1.378,13.812,NaN,NaN,NaN,World,Quad,96.2,NaN,13.805,NaN,1,0,CabinetD05,None,0,0,0,0,0.0000,NaN,NaN,NaN,0
40.30,Hamad,Static,BCA,1.201,1.566,0.434,81.9,359.7,-2.197,1.378,13.812,NaN,NaN,NaN,World,Quad,96.1,NaN,13.805,NaN,1,0,CabinetD05,None,0,0,0,0,0.0000,NaN,NaN,NaN,0
40.41,Hamad,Static,BCA,1.203,1.565,0.434,81.7,359.7,-2.197,1.378,13.812,NaN,NaN,NaN,World,Quad,96.0,NaN,13.805,NaN,1,0,CabinetD05,None,0,0,0,0,0.0000,NaN,NaN,NaN,0
40.51,Hamad,Static,BCA,1.204,1.565,0.434,81.5,359.6,-2.197,1.378,13.812,NaN,NaN,NaN,World,Quad,95.7,NaN,13.805,NaN,1,0,CabinetD05,None,0,0,0,0,0.0000,NaN,NaN,NaN,0
40.61,Hamad,Static,BCA,1.205,1.566,0.435,81.3,359.6,-2.197,1.378,13.812,NaN,NaN,NaN,World,Quad,95.6,NaN,13.805,NaN,1,0,CabinetD05,None,0,0,0,0,0.0000,NaN,NaN,NaN,0
40.70,Hamad,Static,BCA,1.206,1.566,0.436,81.2,359.6,-2.197,1.378,13.812,NaN,NaN,NaN,World,Quad,95.5,NaN,13.804,NaN,1,0,CabinetD05,None,0,0,0,0,0.0000,NaN,NaN,NaN,0
40.80,Hamad,Static,BCA,1.208,1.566,0.437,81.3,359.6,-2.197,1.378,13.812,NaN,NaN,NaN,World,Quad,95.5,NaN,13.803,NaN,1,0,CabinetD05,None,0,0,0,0,0.0000,NaN,NaN,NaN,0
40.91,Hamad,Static,BCA,1.209,1.566,0.438,81.3,359.5,-2.197,1.378,13.812,NaN,NaN,NaN,World,Quad,95.6,NaN,13.802,NaN,1,0,CabinetD05,None,0,0,0,0,0.0000,NaN,NaN,NaN,0
41.01,Hamad,Static,BCA,1.210,1.566,0.440,81.4,359.6,-2.197,1.378,13.812,NaN,NaN,NaN,World,Quad,95.7,NaN,13.801,NaN,1,0,CabinetD05,None,0,0,0,0,0.0000,NaN,NaN,NaN,0
41.11,Hamad,Static,BCA,1.210,1.565,0.442,81.4,359.6,-2.197,1.378,13.812,NaN,NaN,NaN,World,Quad,95.7,NaN,13.799,NaN,1,0,CabinetD05,None,0,0,0,0,0.0000,NaN,NaN,NaN,0
41.21,Hamad,Static,BCA,1.212,1.565,0.443,81.4,359.7,-2.197,1.378,13.812,NaN,NaN,NaN,World,Quad,95.7,NaN,13.798,NaN,1,0,CabinetD05,None,0,0,0,0,0.0000,NaN,NaN,NaN,0
41.30,Hamad,Static,BCA,1.214,1.565,0.445,81.3,360.0,-2.197,1.378,13.812,NaN,NaN,NaN,World,Quad,95.6,NaN,13.797,NaN,1,0,CabinetD05,None,0,0,0,0,0.0000,NaN,NaN,NaN,0
41.41,Hamad,Static,BCA,1.216,1.565,0.446,81.4,0.1,-2.197,1.378,13.812,NaN,NaN,NaN,World,Quad,95.7,NaN,13.796,NaN,1,0,CabinetD05,None,0,0,0,0,0.0000,NaN,NaN,NaN,0
41.51,Hamad,Static,BCA,1.216,1.565,0.447,81.4,0.1,-2.197,1.378,13.812,NaN,NaN,NaN,World,Quad,95.8,NaN,13.795,NaN,1,0,CabinetD05,None,0,0,0,0,0.0000,NaN,NaN,NaN,0
41.61,Hamad,Static,BCA,1.217,1.565,0.448,81.5,360.0,-2.197,1.378,13.812,NaN,NaN,NaN,World,Quad,95.8,NaN,13.795,NaN,1,0,CabinetD05,None,0,0,0,0,0.0000,NaN,NaN,NaN,0
41.70,Hamad,Static,BCA,1.218,1.565,0.448,81.5,359.9,-2.197,1.378,13.812,NaN,NaN,NaN,World,Quad,95.8,NaN,13.795,NaN,1,0,CabinetD05,None,0,0,0,0,0.0000,NaN,NaN,NaN,0
41.80,Hamad,Static,BCA,1.219,1.565,0.449,81.4,360.0,-2.197,1.378,13.812,NaN,NaN,NaN,World,Quad,95.7,NaN,13.795,NaN,1,0,CabinetD05,None,0,0,0,0,0.0000,NaN,NaN,NaN,0
41.91,Hamad,Static,BCA,1.222,1.564,0.448,81.4,0.3,-2.197,1.378,13.812,NaN,NaN,NaN,World,Quad,95.8,NaN,13.795,NaN,1,0,CabinetD05,None,0,0,0,0,0.0000,NaN,NaN,NaN,0
42.01,Hamad,Static,BCA,1.224,1.563,0.448,81.5,0.8,-2.197,1.378,13.812,NaN,NaN,NaN,World,Quad,95.8,NaN,13.796,NaN,1,0,CabinetD05,None,0,0,0,0,0.0000,NaN,NaN,NaN,0
42.11,Hamad,Static,BCA,1.225,1.562,0.447,81.3,1.2,-2.197,1.378,13.812,NaN,NaN,NaN,World,Quad,95.7,NaN,13.797,NaN,1,0,CabinetD05,None,0,0,0,0,0.0000,NaN,NaN,NaN,0
42.20,Hamad,Static,BCA,1.227,1.562,0.447,81.2,1.4,-2.197,1.378,13.812,NaN,NaN,NaN,World,Quad,95.6,NaN,13.798,NaN,1,0,CabinetD05,None,0,0,0,0,0.0000,NaN,NaN,NaN,0
42.30,Hamad,Static,BCA,1.228,1.561,0.446,81.1,1.7,-2.197,1.378,13.812,NaN,NaN,NaN,World,Quad,95.5,NaN,13.799,NaN,1,0,CabinetD05,None,0,0,0,0,0.0000,NaN,NaN,NaN,0
42.41,Hamad,Static,BCA,1.229,1.561,0.446,80.9,1.7,-2.197,1.378,13.812,NaN,NaN,NaN,World,Quad,95.3,NaN,13.799,NaN,1,0,CabinetD05,None,0,0,0,0,0.0000,NaN,NaN,NaN,0
42.51,Hamad,Static,BCA,1.230,1.562,0.446,80.8,1.6,-2.197,1.378,13.812,NaN,NaN,NaN,World,Quad,95.2,NaN,13.800,NaN,1,0,CabinetD05,None,0,0,0,0,0.0000,NaN,NaN,NaN,0
42.61,Hamad,Static,BCA,1.231,1.562,0.447,80.8,1.6,-2.197,1.378,13.812,NaN,NaN,NaN,World,Quad,95.1,NaN,13.799,NaN,1,0,CabinetD05,None,0,0,0,0,0.0000,NaN,NaN,NaN,0
42.70,Hamad,Static,BCA,1.231,1.562,0.447,80.9,1.6,-2.197,1.378,13.812,NaN,NaN,NaN,World,Quad,95.2,NaN,13.799,NaN,1,0,CabinetD05,None,0,0,0,0,0.0000,NaN,NaN,NaN,0
42.80,Hamad,Static,BCA,1.231,1.562,0.447,80.9,1.5,-2.197,1.378,13.812,NaN,NaN,NaN,World,Quad,95.3,NaN,13.799,NaN,1,0,CabinetD05,None,0,0,0,0,0.0000,NaN,NaN,NaN,0
42.91,Hamad,Static,BCA,1.232,1.562,0.448,81.0,1.4,-2.197,1.378,13.812,NaN,NaN,NaN,World,Quad,95.3,NaN,13.798,NaN,1,0,CabinetD05,None,0,0,0,0,0.0000,NaN,NaN,NaN,0
43.01,Hamad,Static,BCA,1.231,1.562,0.449,80.9,1.3,-2.197,1.378,13.812,NaN,NaN,NaN,World,Quad,95.3,NaN,13.797,NaN,1,0,CabinetD05,None,0,0,0,0,0.0000,NaN,NaN,NaN,0
43.11,Hamad,Static,BCA,1.231,1.562,0.449,80.8,1.2,-2.197,1.378,13.812,NaN,NaN,NaN,World,Quad,95.2,NaN,13.797,NaN,1,0,CabinetD05,None,0,0,0,0,0.0000,NaN,NaN,NaN,0
43.20,Hamad,Static,BCA,1.231,1.562,0.450,80.6,1.1,-2.197,1.378,13.812,NaN,NaN,NaN,World,Quad,95.0,NaN,13.796,NaN,1,0,CabinetD05,None,0,0,0,0,0.0000,NaN,NaN,NaN,0
43.30,Hamad,Static,BCA,1.231,1.562,0.450,80.5,1.1,-2.197,1.378,13.812,NaN,NaN,NaN,World,Quad,94.9,NaN,13.796,NaN,1,0,CabinetD05,None,0,0,0,0,0.0000,NaN,NaN,NaN,0
43.41,Hamad,Static,BCA,1.231,1.562,0.450,80.5,1.0,-2.197,1.378,13.812,NaN,NaN,NaN,World,Quad,94.9,NaN,13.796,NaN,1,0,CabinetD05,None,0,0,0,0,0.0000,NaN,NaN,NaN,0
43.51,Hamad,Static,BCA,1.231,1.561,0.450,80.6,1.1,-2.197,1.378,13.812,NaN,NaN,NaN,World,Quad,94.9,NaN,13.796,NaN,1,0,CabinetD05,None,0,0,0,0,0.0000,NaN,NaN,NaN,0
43.61,Hamad,Static,BCA,1.231,1.562,0.449,80.6,1.2,-2.197,1.378,13.812,NaN,NaN,NaN,World,Quad,95.0,NaN,13.797,NaN,1,0,CabinetD05,None,0,0,0,0,0.0000,NaN,NaN,NaN,0
43.70,Hamad,Static,BCA,1.231,1.561,0.448,80.7,1.2,-2.197,1.378,13.812,NaN,NaN,NaN,World,Quad,95.0,NaN,13.798,NaN,1,0,CabinetD05,None,0,0,0,0,0.0000,NaN,NaN,NaN,0
43.80,Hamad,Static,BCA,1.231,1.562,0.447,80.6,1.2,-2.197,1.378,13.812,NaN,NaN,NaN,World,Quad,95.0,NaN,13.799,NaN,1,0,CabinetD05,None,0,0,0,0,0.0000,NaN,NaN,NaN,0
43.91,Hamad,Static,BCA,1.231,1.561,0.447,80.6,1.2,-2.197,1.378,13.812,NaN,NaN,NaN,World,Quad,95.0,NaN,13.800,NaN,1,0,CabinetD05,None,0,0,0,0,0.0000,NaN,NaN,NaN,0
44.01,Hamad,Static,BCA,1.231,1.561,0.446,80.7,1.2,-2.197,1.378,13.812,NaN,NaN,NaN,World,Quad,95.0,NaN,13.800,NaN,1,0,CabinetD05,None,0,0,0,0,0.0000,NaN,NaN,NaN,0
44.11,Hamad,Static,BCA,1.231,1.561,0.445,80.6,1.2,-2.197,1.378,13.812,NaN,NaN,NaN,World,Quad,95.0,NaN,13.801,NaN,1,0,CabinetD05,None,0,0,0,0,0.0000,NaN,NaN,NaN,0
44.20,Hamad,Static,BCA,1.231,1.561,0.445,80.6,1.2,-2.197,1.378,13.812,NaN,NaN,NaN,World,Quad,95.0,NaN,13.801,NaN,1,0,CabinetD05,None,0,0,0,0,0.0000,NaN,NaN,NaN,0
44.30,Hamad,Static,BCA,1.231,1.562,0.445,80.5,1.1,-2.197,1.378,13.812,NaN,NaN,NaN,World,Quad,94.9,NaN,13.801,NaN,1,0,CabinetD05,None,0,0,0,0,0.0000,NaN,NaN,NaN,0
44.41,Hamad,Static,BCA,1.231,1.561,0.445,80.5,1.3,-2.197,1.378,13.812,NaN,NaN,NaN,World,Quad,94.9,NaN,13.801,NaN,1,0,CabinetD05,None,0,0,0,0,0.0000,NaN,NaN,NaN,0
44.51,Hamad,Static,BCA,1.231,1.561,0.445,80.5,1.4,-2.197,1.378,13.812,NaN,NaN,NaN,World,Quad,94.9,NaN,13.801,NaN,1,0,CabinetD05,None,0,0,0,0,0.0000,NaN,NaN,NaN,0
44.61,Hamad,Static,BCA,1.231,1.561,0.445,80.5,1.4,-2.197,1.378,13.812,NaN,NaN,NaN,World,Quad,94.9,NaN,13.801,NaN,1,0,CabinetD05,None,0,0,0,0,0.0000,NaN,NaN,NaN,0
44.70,Hamad,Static,BCA,1.231,1.561,0.445,80.5,1.3,-2.197,1.378,13.812,NaN,NaN,NaN,World,Quad,94.8,NaN,13.801,NaN,1,0,CabinetD05,None,0,0,0,0,0.0000,NaN,NaN,NaN,0
44.80,Hamad,Static,BCA,1.231,1.561,0.445,80.4,1.2,-2.197,1.378,13.812,NaN,NaN,NaN,World,Quad,94.8,NaN,13.801,NaN,1,0,CabinetD05,None,0,0,0,0,0.0000,NaN,NaN,NaN,0
44.91,Hamad,Static,BCA,1.231,1.561,0.445,80.4,1.3,-2.197,1.378,13.812,NaN,NaN,NaN,World,Quad,94.8,NaN,13.801,NaN,1,0,CabinetD05,None,0,0,0,0,0.0000,NaN,NaN,NaN,0
45.01,Hamad,Static,BCA,1.230,1.561,0.445,80.4,1.2,-2.197,1.378,13.812,NaN,NaN,NaN,World,Quad,94.8,NaN,13.801,NaN,1,0,CabinetD05,None,0,0,0,0,0.0000,NaN,NaN,NaN,0
45.11,Hamad,Static,BCA,1.231,1.561,0.445,80.4,1.2,-2.197,1.378,13.812,NaN,NaN,NaN,World,Quad,94.8,NaN,13.801,NaN,1,0,CabinetD05,None,0,0,0,0,0.0000,NaN,NaN,NaN,0
45.20,Hamad,Static,BCA,1.232,1.561,0.446,80.4,1.2,-2.197,1.378,13.812,NaN,NaN,NaN,World,Quad,94.8,NaN,13.800,NaN,1,0,CabinetD05,None,0,0,0,0,0.0000,NaN,NaN,NaN,0
45.30,Hamad,Static,BCA,1.233,1.562,0.446,80.6,1.2,-2.197,1.378,13.812,NaN,NaN,NaN,World,Quad,94.9,NaN,13.801,NaN,1,0,CabinetD05,None,0,0,0,0,0.0000,NaN,NaN,NaN,0
45.41,Hamad,Static,BCA,1.234,1.561,0.446,80.6,1.4,-2.197,1.378,13.812,NaN,NaN,NaN,World,Quad,95.0,NaN,13.801,NaN,1,0,CabinetD05,None,0,0,0,0,0.0000,NaN,NaN,NaN,0
45.51,Hamad,Static,BCA,1.234,1.561,0.445,80.8,1.5,-2.197,1.378,13.812,NaN,NaN,NaN,World,Quad,95.2,NaN,13.802,NaN,1,0,CabinetD05,None,0,0,0,0,0.0000,NaN,NaN,NaN,0
45.61,Hamad,Static,BCA,1.235,1.561,0.445,80.9,1.5,-2.197,1.378,13.812,NaN,NaN,NaN,World,Quad,95.2,NaN,13.802,NaN,1,0,CabinetD05,None,0,0,0,0,0.0000,NaN,NaN,NaN,0
45.70,Hamad,Static,BCA,1.234,1.561,0.444,80.7,1.5,-2.197,1.378,13.812,NaN,NaN,NaN,World,Quad,95.0,NaN,13.802,NaN,1,0,CabinetD05,None,0,0,0,0,0.0000,NaN,NaN,NaN,0
45.80,Hamad,Static,BCA,1.235,1.561,0.445,80.6,1.5,-2.197,1.378,13.812,NaN,NaN,NaN,World,Quad,95.0,NaN,13.802,NaN,1,0,CabinetD05,None,0,0,0,0,0.0000,NaN,NaN,NaN,0
45.91,Hamad,Static,BCA,1.235,1.561,0.445,80.5,1.5,-2.197,1.378,13.812,NaN,NaN,NaN,World,Quad,94.8,NaN,13.802,NaN,1,0,CabinetD05,None,0,0,0,0,0.0000,NaN,NaN,NaN,0
46.01,Hamad,Static,BCA,1.236,1.561,0.446,80.4,1.5,-2.197,1.378,13.812,NaN,NaN,NaN,World,Quad,94.8,NaN,13.801,NaN,1,0,CabinetD05,None,0,0,0,0,0.0000,NaN,NaN,NaN,0
46.11,Hamad,Static,BCA,1.237,1.561,0.447,80.5,1.5,-2.197,1.378,13.812,NaN,NaN,NaN,World,Quad,94.8,NaN,13.800,NaN,1,0,CabinetD05,None,0,0,0,0,0.0000,NaN,NaN,NaN,0
46.20,Hamad,Static,BCA,1.238,1.561,0.448,80.4,1.6,-2.197,1.378,13.812,NaN,NaN,NaN,World,Quad,94.8,NaN,13.800,NaN,1,0,CabinetD05,None,0,0,0,0,0.0000,NaN,NaN,NaN,0
46.30,Hamad,Static,BCA,1.238,1.561,0.448,80.5,1.6,-2.197,1.378,13.812,NaN,NaN,NaN,World,Quad,94.9,NaN,13.800,NaN,1,0,CabinetD05,None,0,0,0,0,0.0000,NaN,NaN,NaN,0
46.41,Hamad,Static,BCA,1.239,1.560,0.448,80.5,1.6,-2.197,1.378,13.812,NaN,NaN,NaN,World,Quad,94.9,NaN,13.800,NaN,1,0,CabinetD05,None,0,0,0,0,0.0000,NaN,NaN,NaN,0
46.51,Hamad,Static,BCA,1.240,1.560,0.448,80.5,1.6,-2.197,1.378,13.812,NaN,NaN,NaN,World,Quad,94.9,NaN,13.800,NaN,1,0,CabinetD05,None,0,0,0,0,0.0000,NaN,NaN,NaN,0
46.61,Hamad,Static,BCA,1.240,1.560,0.448,80.4,1.6,-2.197,1.378,13.812,NaN,NaN,NaN,World,Quad,94.8,NaN,13.800,NaN,1,0,CabinetD05,None,0,0,0,0,0.0000,NaN,NaN,NaN,0
46.70,Hamad,Static,BCA,1.240,1.560,0.449,80.3,1.6,-2.197,1.378,13.812,NaN,NaN,NaN,World,Quad,94.7,NaN,13.800,NaN,1,0,CabinetD05,None,0,0,0,0,0.0000,NaN,NaN,NaN,0
46.80,Hamad,Static,BCA,1.240,1.560,0.449,80.3,1.6,-2.197,1.378,13.812,NaN,NaN,NaN,World,Quad,94.7,NaN,13.800,NaN,1,0,CabinetD05,None,0,0,0,0,0.0000,NaN,NaN,NaN,0
46.91,Hamad,Static,BCA,1.240,1.560,0.449,80.3,1.7,-2.197,1.378,13.812,NaN,NaN,NaN,World,Quad,94.7,NaN,13.799,NaN,1,0,CabinetD05,None,0,0,0,0,0.0000,NaN,NaN,NaN,0
47.01,Hamad,Static,BCA,1.240,1.560,0.449,80.4,1.8,-2.197,1.378,13.812,NaN,NaN,NaN,World,Quad,94.8,NaN,13.799,NaN,1,0,CabinetD05,None,0,0,0,0,0.0000,NaN,NaN,NaN,0
47.11,Hamad,Static,BCA,1.240,1.560,0.449,80.4,1.8,-2.197,1.378,13.812,NaN,NaN,NaN,World,Quad,94.8,NaN,13.800,NaN,1,0,CabinetD05,None,0,0,0,0,0.0000,NaN,NaN,NaN,0
47.20,Hamad,Static,BCA,1.240,1.560,0.448,80.4,1.8,-2.197,1.378,13.812,NaN,NaN,NaN,World,Quad,94.8,NaN,13.800,NaN,1,0,CabinetD05,None,0,0,0,0,0.0000,NaN,NaN,NaN,0
47.30,Hamad,Static,BCA,1.239,1.560,0.447,80.4,1.8,-2.197,1.378,13.812,NaN,NaN,NaN,World,Quad,94.8,NaN,13.801,NaN,1,0,CabinetD05,None,0,0,0,0,0.0000,NaN,NaN,NaN,0
47.41,Hamad,Static,BCA,1.238,1.560,0.446,80.3,1.7,-2.197,1.378,13.812,NaN,NaN,NaN,World,Quad,94.7,NaN,13.802,NaN,1,0,CabinetD05,None,0,0,0,0,0.0000,NaN,NaN,NaN,0
47.51,Hamad,Static,BCA,1.238,1.560,0.446,80.2,1.6,-2.197,1.378,13.812,NaN,NaN,NaN,World,Quad,94.6,NaN,13.802,NaN,1,0,CabinetD05,None,0,0,0,0,0.0000,NaN,NaN,NaN,0
47.61,Hamad,Static,BCA,1.237,1.560,0.446,80.1,1.7,-2.197,1.378,13.812,NaN,NaN,NaN,World,Quad,94.5,NaN,13.802,NaN,1,0,CabinetD05,None,0,0,0,0,0.0000,NaN,NaN,NaN,0
47.70,Hamad,Static,BCA,1.237,1.560,0.446,80.1,1.7,-2.197,1.378,13.812,NaN,NaN,NaN,World,Quad,94.5,NaN,13.802,NaN,1,0,CabinetD05,None,0,0,0,0,0.0000,NaN,NaN,NaN,0
47.80,Hamad,Static,BCA,1.237,1.560,0.446,80.0,1.6,-2.197,1.378,13.812,NaN,NaN,NaN,World,Quad,94.4,NaN,13.802,NaN,1,0,CabinetD05,None,0,0,0,0,0.0000,NaN,NaN,NaN,0
47.91,Hamad,Static,BCA,1.237,1.560,0.446,80.0,1.6,-2.197,1.378,13.812,NaN,NaN,NaN,World,Quad,94.4,NaN,13.801,NaN,1,0,CabinetD05,None,0,0,0,0,0.0000,NaN,NaN,NaN,0
48.01,Hamad,Static,BCA,1.237,1.560,0.447,80.0,1.7,-2.197,1.378,13.812,NaN,NaN,NaN,World,Quad,94.4,NaN,13.801,NaN,1,0,CabinetD05,None,0,0,0,0,0.0000,NaN,NaN,NaN,0
48.11,Hamad,Static,BCA,1.237,1.560,0.447,80.1,1.7,-2.197,1.378,13.812,NaN,NaN,NaN,World,Quad,94.5,NaN,13.800,NaN,1,0,CabinetD05,None,0,0,0,0,0.0000,NaN,NaN,NaN,0
48.20,Hamad,Static,BCA,1.237,1.560,0.448,80.1,1.5,-2.197,1.378,13.812,NaN,NaN,NaN,World,Quad,94.5,NaN,13.800,NaN,1,0,CabinetD05,None,0,0,0,0,0.0000,NaN,NaN,NaN,0
48.30,Hamad,Static,BCA,1.237,1.560,0.448,80.1,1.4,-2.197,1.378,13.812,NaN,NaN,NaN,World,Quad,94.5,NaN,13.800,NaN,1,0,CabinetD05,None,0,0,0,0,0.0000,NaN,NaN,NaN,0
48.41,Hamad,Static,BCA,1.237,1.560,0.448,79.9,1.3,-2.197,1.378,13.812,NaN,NaN,NaN,World,Quad,94.3,NaN,13.799,NaN,1,0,CabinetD05,None,0,0,0,0,0.0000,NaN,NaN,NaN,0
48.51,Hamad,Static,BCA,1.237,1.560,0.449,79.9,1.2,-2.197,1.378,13.812,NaN,NaN,NaN,World,Quad,94.3,NaN,13.799,NaN,1,0,CabinetD05,None,0,0,0,0,0.0000,NaN,NaN,NaN,0
48.61,Hamad,Static,BCA,1.238,1.560,0.449,80.0,1.4,-2.197,1.378,13.812,NaN,NaN,NaN,World,Quad,94.4,NaN,13.799,NaN,1,0,CabinetD05,None,0,0,0,0,0.0000,NaN,NaN,NaN,0
48.70,Hamad,Static,BCA,1.239,1.560,0.449,80.0,1.4,-2.197,1.378,13.812,NaN,NaN,NaN,World,Quad,94.4,NaN,13.799,NaN,1,0,CabinetD05,None,0,0,0,0,0.0000,NaN,NaN,NaN,0
48.80,Hamad,Static,BCA,1.240,1.560,0.449,80.0,1.5,-2.197,1.378,13.812,NaN,NaN,NaN,World,Quad,94.4,NaN,13.799,NaN,1,0,CabinetD05,None,0,0,0,0,0.0000,NaN,NaN,NaN,0
48.91,Hamad,Static,BCA,1.240,1.560,0.449,80.2,1.6,-2.197,1.378,13.812,NaN,NaN,NaN,World,Quad,94.6,NaN,13.799,NaN,1,0,CabinetD05,None,0,0,0,0,0.0000,NaN,NaN,NaN,0
49.01,Hamad,Static,BCA,1.241,1.560,0.449,80.2,1.6,-2.197,1.378,13.812,NaN,NaN,NaN,World,Quad,94.6,NaN,13.800,NaN,1,0,CabinetD05,None,0,0,0,0,0.0000,NaN,NaN,NaN,0
49.11,Hamad,Static,BCA,1.242,1.560,0.448,80.1,1.6,-2.197,1.378,13.812,NaN,NaN,NaN,World,Quad,94.5,NaN,13.801,NaN,1,0,CabinetD05,None,0,0,0,0,0.0000,NaN,NaN,NaN,0
49.20,Hamad,Static,BCA,1.242,1.559,0.447,80.1,1.7,-2.197,1.378,13.812,NaN,NaN,NaN,World,Quad,94.5,NaN,13.802,NaN,1,0,CabinetD05,None,0,0,0,0,0.0000,NaN,NaN,NaN,0
49.30,Hamad,Static,BCA,1.242,1.560,0.446,79.9,1.6,-2.197,1.378,13.812,NaN,NaN,NaN,World,Quad,94.3,NaN,13.803,NaN,1,0,CabinetD05,None,0,0,0,0,0.0000,NaN,NaN,NaN,0
49.41,Hamad,Static,BCA,1.243,1.560,0.445,79.8,1.6,-2.197,1.378,13.812,NaN,NaN,NaN,World,Quad,94.2,NaN,13.804,NaN,1,0,CabinetD05,None,0,0,0,0,0.0000,NaN,NaN,NaN,0
49.51,Hamad,Static,BCA,1.243,1.559,0.444,79.7,1.6,-2.197,1.378,13.812,NaN,NaN,NaN,World,Quad,94.1,NaN,13.804,NaN,1,0,CabinetD05,None,0,0,0,0,0.0000,NaN,NaN,NaN,0
49.61,Hamad,Static,BCA,1.242,1.560,0.444,79.7,1.6,-2.197,1.378,13.812,NaN,NaN,NaN,World,Quad,94.1,NaN,13.805,NaN,1,0,CabinetD05,None,0,0,0,0,0.0000,NaN,NaN,NaN,0
49.70,Hamad,Static,BCA,1.241,1.559,0.443,79.7,1.5,-2.197,1.378,13.812,NaN,NaN,NaN,World,Quad,94.1,NaN,13.805,NaN,1,0,CabinetD05,None,0,0,0,0,0.0000,NaN,NaN,NaN,0
49.80,Hamad,Static,BCA,1.240,1.560,0.444,79.7,1.4,-2.197,1.378,13.812,NaN,NaN,NaN,World,Quad,94.1,NaN,13.805,NaN,1,0,CabinetD05,None,0,0,0,0,0.0000,NaN,NaN,NaN,0
49.91,Hamad,Static,BCA,1.240,1.560,0.444,79.7,1.4,-2.197,1.378,13.812,NaN,NaN,NaN,World,Quad,94.1,NaN,13.804,NaN,1,0,CabinetD05,None,0,0,0,0,0.0000,NaN,NaN,NaN,0
50.01,Hamad,Static,BCA,1.239,1.560,0.445,79.7,1.4,-2.197,1.378,13.812,NaN,NaN,NaN,World,Quad,94.1,NaN,13.803,NaN,1,0,CabinetD05,None,0,0,0,0,0.0000,NaN,NaN,NaN,0
50.11,Hamad,Static,BCA,1.238,1.560,0.446,79.7,1.3,-2.197,1.378,13.812,NaN,NaN,NaN,World,Quad,94.1,NaN,13.802,NaN,1,0,CabinetD05,None,0,0,0,0,0.0000,NaN,NaN,NaN,0
50.20,Hamad,Static,BCA,1.238,1.560,0.446,79.7,1.3,-2.197,1.378,13.812,NaN,NaN,NaN,World,Quad,94.1,NaN,13.801,NaN,1,0,CabinetD05,None,0,0,0,0,0.0000,NaN,NaN,NaN,0
50.30,Hamad,Static,BCA,1.238,1.560,0.447,79.7,1.3,-2.197,1.378,13.812,NaN,NaN,NaN,World,Quad,94.1,NaN,13.801,NaN,1,0,CabinetD05,None,0,0,0,0,0.0000,NaN,NaN,NaN,0
50.41,Hamad,Static,BCA,1.238,1.560,0.448,79.7,1.2,-2.197,1.378,13.812,NaN,NaN,NaN,World,Quad,94.1,NaN,13.800,NaN,1,0,CabinetD05,None,0,0,0,0,0.0000,NaN,NaN,NaN,0
50.51,Hamad,Static,BCA,1.238,1.560,0.448,79.7,1.2,-2.197,1.378,13.812,NaN,NaN,NaN,World,Quad,94.1,NaN,13.800,NaN,1,0,CabinetD05,None,0,0,0,0,0.0000,NaN,NaN,NaN,0
50.61,Hamad,Static,BCA,1.238,1.560,0.448,79.7,1.1,-2.197,1.378,13.812,NaN,NaN,NaN,World,Quad,94.1,NaN,13.800,NaN,1,0,CabinetD05,None,0,0,0,0,0.0000,NaN,NaN,NaN,0
50.70,Hamad,Static,BCA,1.239,1.560,0.449,79.7,1.2,-2.197,1.378,13.812,NaN,NaN,NaN,World,Quad,94.1,NaN,13.799,NaN,1,0,CabinetD05,None,0,0,0,0,0.0000,NaN,NaN,NaN,0
50.80,Hamad,Static,BCA,1.239,1.560,0.449,79.7,1.1,-2.197,1.378,13.812,NaN,NaN,NaN,World,Quad,94.1,NaN,13.799,NaN,1,0,CabinetD05,None,0,0,0,0,0.0000,NaN,NaN,NaN,0
50.91,Hamad,Static,BCA,1.240,1.560,0.450,79.7,1.1,-2.197,1.378,13.812,NaN,NaN,NaN,World,Quad,94.1,NaN,13.799,NaN,1,0,CabinetD05,None,0,0,0,0,0.0000,NaN,NaN,NaN,0
51.01,Hamad,Static,BCA,1.240,1.560,0.450,79.7,1.2,-2.197,1.378,13.812,NaN,NaN,NaN,World,Quad,94.1,NaN,13.799,NaN,1,0,CabinetD05,None,0,0,0,0,0.0000,NaN,NaN,NaN,0
51.11,Hamad,Static,BCA,1.241,1.560,0.450,79.8,1.3,-2.197,1.378,13.812,NaN,NaN,NaN,World,Quad,94.2,NaN,13.799,NaN,1,0,CabinetD05,None,0,0,0,0,0.0000,NaN,NaN,NaN,0
51.20,Hamad,Static,BCA,1.241,1.560,0.450,79.8,1.3,-2.197,1.378,13.812,NaN,NaN,NaN,World,Quad,94.2,NaN,13.799,NaN,1,0,CabinetD05,None,0,0,0,0,0.0000,NaN,NaN,NaN,0
51.30,Hamad,Static,BCA,1.241,1.560,0.450,79.8,1.4,-2.197,1.378,13.812,NaN,NaN,NaN,World,Quad,94.2,NaN,13.799,NaN,1,0,CabinetD05,None,0,0,0,0,0.0000,NaN,NaN,NaN,0
51.41,Hamad,Static,BCA,1.240,1.560,0.449,79.7,1.3,-2.197,1.378,13.812,NaN,NaN,NaN,World,Quad,94.1,NaN,13.799,NaN,1,0,CabinetD05,None,0,0,0,0,0.0000,NaN,NaN,NaN,0
51.51,Hamad,Static,BCA,1.239,1.560,0.449,79.6,1.3,-2.197,1.378,13.812,NaN,NaN,NaN,World,Quad,94.0,NaN,13.799,NaN,1,0,CabinetD05,None,0,0,0,0,0.0000,NaN,NaN,NaN,0
51.61,Hamad,Static,BCA,1.238,1.560,0.448,79.5,1.2,-2.197,1.378,13.812,NaN,NaN,NaN,World,Quad,93.9,NaN,13.799,NaN,1,0,CabinetD05,None,0,0,0,0,0.0000,NaN,NaN,NaN,0
51.70,Hamad,Static,BCA,1.237,1.560,0.448,79.5,1.1,-2.197,1.378,13.812,NaN,NaN,NaN,World,Quad,93.8,NaN,13.800,NaN,1,0,CabinetD05,None,0,0,0,0,0.0000,NaN,NaN,NaN,0
51.80,Hamad,Static,BCA,1.237,1.560,0.448,79.4,1.1,-2.197,1.378,13.812,NaN,NaN,NaN,World,Quad,93.8,NaN,13.800,NaN,1,0,CabinetD05,None,0,0,0,0,0.0000,NaN,NaN,NaN,0
51.91,Hamad,Static,BCA,1.237,1.560,0.448,79.4,1.1,-2.197,1.378,13.812,NaN,NaN,NaN,World,Quad,93.8,NaN,13.799,NaN,1,0,CabinetD05,None,0,0,0,0,0.0000,NaN,NaN,NaN,0
52.01,Hamad,Static,BCA,1.237,1.560,0.448,79.3,1.1,-2.197,1.378,13.812,NaN,NaN,NaN,World,Quad,93.7,NaN,13.799,NaN,1,0,CabinetD05,None,0,0,0,0,0.0000,NaN,NaN,NaN,0
52.11,Hamad,Static,BCA,1.237,1.560,0.449,79.3,1.2,-2.197,1.378,13.812,NaN,NaN,NaN,World,Quad,93.7,NaN,13.799,NaN,1,0,CabinetD05,None,0,0,0,0,0.0000,NaN,NaN,NaN,0
52.20,Hamad,Static,BCA,1.237,1.560,0.450,79.1,1.1,-2.197,1.378,13.812,NaN,NaN,NaN,World,Quad,93.5,NaN,13.798,NaN,1,0,CabinetD05,None,0,0,0,0,0.0000,NaN,NaN,NaN,0
52.30,Hamad,Static,BCA,1.237,1.560,0.450,79.1,1.1,-2.197,1.378,13.812,NaN,NaN,NaN,World,Quad,93.5,NaN,13.797,NaN,1,0,CabinetD05,None,0,0,0,0,0.0000,NaN,NaN,NaN,0
52.40,Hamad,Static,BCA,1.237,1.560,0.451,79.1,1.1,-2.197,1.378,13.812,NaN,NaN,NaN,World,Quad,93.5,NaN,13.797,NaN,1,0,CabinetD05,None,0,0,0,0,0.0000,NaN,NaN,NaN,0
52.53,Hamad,Static,BCA,1.237,1.560,0.451,79.1,1.0,-2.197,1.378,13.812,NaN,NaN,NaN,World,Quad,93.5,NaN,13.797,NaN,1,0,CabinetD05,None,0,0,0,0,0.0000,NaN,NaN,NaN,0
52.61,Hamad,Static,BCA,1.238,1.560,0.452,79.2,1.0,-2.197,1.378,13.812,NaN,NaN,NaN,World,Quad,93.6,NaN,13.796,NaN,1,0,CabinetD05,None,0,0,0,0,0.0000,NaN,NaN,NaN,0
52.70,Hamad,Static,BCA,1.239,1.560,0.452,79.2,1.0,-2.197,1.378,13.812,NaN,NaN,NaN,World,Quad,93.6,NaN,13.796,NaN,1,0,CabinetD05,None,0,0,0,0,0.0000,NaN,NaN,NaN,0
52.80,Hamad,Static,BCA,1.240,1.560,0.452,79.2,1.1,-2.197,1.378,13.812,NaN,NaN,NaN,World,Quad,93.6,NaN,13.796,NaN,1,0,CabinetD05,None,0,0,0,0,0.0000,NaN,NaN,NaN,0
52.91,Hamad,Static,BCA,1.241,1.560,0.452,79.3,1.1,-2.197,1.378,13.812,NaN,NaN,NaN,World,Quad,93.7,NaN,13.796,NaN,1,0,CabinetD05,None,0,0,0,0,0.0000,NaN,NaN,NaN,0
53.01,Hamad,Static,BCA,1.242,1.560,0.452,79.3,1.2,-2.197,1.378,13.812,NaN,NaN,NaN,World,Quad,93.7,NaN,13.797,NaN,1,0,CabinetD05,None,0,0,0,0,0.0000,NaN,NaN,NaN,0
53.11,Hamad,Static,BCA,1.243,1.560,0.452,79.3,1.3,-2.197,1.378,13.812,NaN,NaN,NaN,World,Quad,93.7,NaN,13.797,NaN,1,0,CabinetD05,None,0,0,0,0,0.0000,NaN,NaN,NaN,0
53.20,Hamad,Static,BCA,1.243,1.560,0.451,79.3,1.3,-2.197,1.378,13.812,NaN,NaN,NaN,World,Quad,93.7,NaN,13.798,NaN,1,0,CabinetD05,None,0,0,0,0,0.0000,NaN,NaN,NaN,0
53.30,Hamad,Static,BCA,1.242,1.560,0.451,79.3,1.4,-2.197,1.378,13.812,NaN,NaN,NaN,World,Quad,93.7,NaN,13.798,NaN,1,0,CabinetD05,None,0,0,0,0,0.0000,NaN,NaN,NaN,0
53.41,Hamad,Static,BCA,1.242,1.560,0.450,79.2,1.4,-2.197,1.378,13.812,NaN,NaN,NaN,World,Quad,93.6,NaN,13.799,NaN,1,0,CabinetD05,None,0,0,0,0,0.0000,NaN,NaN,NaN,0
53.51,Hamad,Static,BCA,1.241,1.559,0.449,79.1,1.3,-2.197,1.378,13.812,NaN,NaN,NaN,World,Quad,93.5,NaN,13.799,NaN,1,0,CabinetD05,None,0,0,0,0,0.0000,NaN,NaN,NaN,0
53.61,Hamad,Static,BCA,1.240,1.560,0.449,79.1,1.3,-2.197,1.378,13.812,NaN,NaN,NaN,World,Quad,93.5,NaN,13.800,NaN,1,0,CabinetD05,None,0,0,0,0,0.0000,NaN,NaN,NaN,0
53.70,Hamad,Static,BCA,1.240,1.560,0.448,79.1,1.3,-2.197,1.378,13.812,NaN,NaN,NaN,World,Quad,93.5,NaN,13.800,NaN,1,0,CabinetD05,None,0,0,0,0,0.0000,NaN,NaN,NaN,0
53.80,Hamad,Static,BCA,1.240,1.560,0.448,79.2,1.4,-2.197,1.378,13.812,NaN,NaN,NaN,World,Quad,93.6,NaN,13.801,NaN,1,0,CabinetD05,None,0,0,0,0,0.0000,NaN,NaN,NaN,0
53.91,Hamad,Static,BCA,1.240,1.560,0.448,79.3,1.4,-2.197,1.378,13.812,NaN,NaN,NaN,World,Quad,93.7,NaN,13.801,NaN,1,0,CabinetD05,None,0,0,0,0,0.0000,NaN,NaN,NaN,0
54.01,Hamad,Static,BCA,1.240,1.559,0.448,79.4,1.4,-2.197,1.378,13.812,NaN,NaN,NaN,World,Quad,93.8,NaN,13.800,NaN,1,0,CabinetD05,None,0,0,0,0,0.0000,NaN,NaN,NaN,0
54.11,Hamad,Static,BCA,1.240,1.559,0.448,79.4,1.4,-2.197,1.378,13.812,NaN,NaN,NaN,World,Quad,93.8,NaN,13.800,NaN,1,0,CabinetD05,None,0,0,0,0,0.0000,NaN,NaN,NaN,0
54.20,Hamad,Static,BCA,1.240,1.560,0.449,79.4,1.3,-2.197,1.378,13.812,NaN,NaN,NaN,World,Quad,93.8,NaN,13.800,NaN,1,0,CabinetD05,None,0,0,0,0,0.0000,NaN,NaN,NaN,0
54.30,Hamad,Static,BCA,1.240,1.560,0.449,79.3,1.2,-2.197,1.378,13.812,NaN,NaN,NaN,World,Quad,93.7,NaN,13.799,NaN,1,0,CabinetD05,None,0,0,0,0,0.0000,NaN,NaN,NaN,0
54.41,Hamad,Static,BCA,1.241,1.560,0.451,79.0,1.2,-2.197,1.378,13.812,NaN,NaN,NaN,World,Quad,93.4,NaN,13.798,NaN,1,0,CabinetD05,None,0,0,0,0,0.0000,NaN,NaN,NaN,0
54.51,Hamad,Static,BCA,1.243,1.561,0.453,78.8,1.4,-2.197,1.378,13.812,NaN,NaN,NaN,World,Quad,93.2,NaN,13.797,NaN,1,0,CabinetD05,None,0,0,0,0,0.0000,NaN,NaN,NaN,0
54.61,Hamad,Static,BCA,1.245,1.561,0.453,79.1,1.5,-2.197,1.378,13.812,NaN,NaN,NaN,World,Quad,93.6,NaN,13.797,NaN,1,0,CabinetD05,None,0,0,0,0,0.0000,NaN,NaN,NaN,0
54.70,Hamad,Static,BCA,1.246,1.562,0.452,79.8,1.6,-2.197,1.378,13.812,NaN,NaN,NaN,World,Quad,94.3,NaN,13.798,NaN,1,0,CabinetD05,None,0,0,0,0,0.0000,NaN,NaN,NaN,0
54.80,Hamad,Static,BCA,1.246,1.561,0.451,80.7,1.7,-2.197,1.378,13.812,NaN,NaN,NaN,World,Quad,95.1,NaN,13.798,NaN,1,0,CabinetD05,None,0,0,0,0,0.0000,NaN,NaN,NaN,0
54.91,Hamad,Static,BCA,1.245,1.562,0.451,81.5,1.5,-2.197,1.378,13.812,NaN,NaN,NaN,World,Quad,95.9,NaN,13.798,NaN,1,0,CabinetD05,None,0,0,0,0,0.0000,NaN,NaN,NaN,0
55.01,Hamad,Static,BCA,1.245,1.562,0.453,81.0,1.4,-2.197,1.378,13.812,NaN,NaN,NaN,World,Quad,95.5,NaN,13.796,NaN,1,0,CabinetD05,None,0,0,0,0,0.0000,NaN,NaN,NaN,0
55.11,Hamad,Static,BCA,1.246,1.563,0.458,79.5,1.3,-2.197,1.378,13.812,NaN,NaN,NaN,World,Quad,93.9,NaN,13.792,NaN,1,0,CabinetD05,None,0,0,0,0,0.0000,NaN,NaN,NaN,0
55.20,Hamad,Static,BCA,1.249,1.563,0.460,78.2,1.6,-2.197,1.378,13.812,NaN,NaN,NaN,World,Quad,92.6,NaN,13.790,NaN,1,0,CabinetD05,None,0,0,0,0,0.0000,NaN,NaN,NaN,0
55.30,Hamad,Static,BCA,1.251,1.564,0.460,77.8,1.6,-2.197,1.378,13.812,NaN,NaN,NaN,World,Quad,92.2,NaN,13.791,NaN,1,0,CabinetD05,None,0,0,0,0,0.0000,NaN,NaN,NaN,0
55.41,Hamad,Static,BCA,1.253,1.563,0.457,78.5,1.6,-2.197,1.378,13.812,NaN,NaN,NaN,World,Quad,92.9,NaN,13.795,NaN,1,0,CabinetD05,None,0,0,0,0,0.0000,NaN,NaN,NaN,0
55.51,Hamad,Static,BCA,1.253,1.563,0.453,79.7,1.5,-2.197,1.378,13.812,NaN,NaN,NaN,World,Quad,94.1,NaN,13.799,NaN,1,0,CabinetD05,None,0,0,0,0,0.0000,NaN,NaN,NaN,0
55.61,Hamad,Static,BCA,1.254,1.563,0.450,80.7,1.4,-2.197,1.378,13.812,NaN,NaN,NaN,World,Quad,95.1,NaN,13.802,NaN,1,0,CabinetD05,None,0,0,0,0,0.0000,NaN,NaN,NaN,0
55.70,Hamad,Static,BCA,1.254,1.563,0.448,81.4,1.4,-2.197,1.378,13.812,NaN,NaN,NaN,World,Quad,95.8,NaN,13.804,NaN,1,0,CabinetD05,None,0,0,0,0,0.0000,NaN,NaN,NaN,0
55.80,Hamad,Static,BCA,1.255,1.563,0.447,81.4,1.3,-2.197,1.378,13.812,NaN,NaN,NaN,World,Quad,95.9,NaN,13.805,NaN,1,0,CabinetD05,None,0,0,0,0,0.0000,NaN,NaN,NaN,0
55.91,Hamad,Static,BCA,1.257,1.563,0.447,80.9,1.2,-2.197,1.378,13.812,NaN,NaN,NaN,World,Quad,95.4,NaN,13.805,NaN,1,0,CabinetD05,None,0,0,0,0,0.0000,NaN,NaN,NaN,0
56.01,Hamad,Static,BCA,1.259,1.563,0.448,80.4,1.3,-2.197,1.378,13.812,NaN,NaN,NaN,World,Quad,94.9,NaN,13.805,NaN,1,0,CabinetD05,None,0,0,0,0,0.0000,NaN,NaN,NaN,0
56.11,Hamad,Static,BCA,1.262,1.563,0.450,80.0,1.4,-2.197,1.378,13.812,NaN,NaN,NaN,World,Quad,94.5,NaN,13.804,NaN,1,0,CabinetD05,None,0,0,0,0,0.0000,NaN,NaN,NaN,0
56.20,Hamad,Static,BCA,1.264,1.564,0.450,80.4,1.2,-2.197,1.378,13.812,NaN,NaN,NaN,World,Quad,94.9,NaN,13.805,NaN,1,0,CabinetD05,None,0,0,0,0,0.0000,NaN,NaN,NaN,0
56.30,Hamad,Static,BCA,1.263,1.567,0.447,82.3,359.8,-2.197,1.378,13.812,NaN,NaN,NaN,World,Quad,96.9,NaN,13.807,NaN,1,0,CabinetD05,None,0,0,0,0,0.0000,NaN,NaN,NaN,0
56.41,Hamad,Static,BCA,1.258,1.572,0.440,84.9,357.3,-2.197,1.378,13.812,NaN,NaN,NaN,World,Quad,99.4,NaN,13.812,NaN,1,0,CabinetD05,None,0,0,0,0,0.0000,NaN,NaN,NaN,0
56.51,Hamad,Static,BCA,1.253,1.573,0.437,86.4,356.5,-2.197,1.378,13.812,NaN,NaN,NaN,World,Quad,100.9,NaN,13.815,NaN,1,0,CabinetD05,None,0,0,0,0,0.0000,NaN,NaN,NaN,0
56.61,Hamad,Static,BCA,1.249,1.572,0.435,87.6,356.4,-2.197,1.378,13.812,NaN,NaN,NaN,World,Quad,102.0,NaN,13.816,NaN,1,0,CabinetD05,None,0,0,0,0,0.0000,NaN,NaN,NaN,0
56.70,Hamad,Static,BCA,1.246,1.572,0.434,87.8,356.3,-2.197,1.378,13.812,NaN,NaN,NaN,World,Quad,102.3,NaN,13.815,NaN,1,0,CabinetD05,None,0,0,0,0,0.0000,NaN,NaN,NaN,0
56.80,Hamad,Static,BCA,1.244,1.572,0.435,87.5,356.2,-2.197,1.378,13.812,NaN,NaN,NaN,World,Quad,102.0,NaN,13.814,NaN,1,0,CabinetD05,None,0,0,0,0,0.0000,NaN,NaN,NaN,0
56.91,Hamad,Static,BCA,1.242,1.571,0.438,86.4,356.6,-2.197,1.378,13.812,NaN,NaN,NaN,World,Quad,100.9,NaN,13.811,NaN,1,0,CabinetD05,None,0,0,0,0,0.0000,NaN,NaN,NaN,0
57.01,Hamad,Static,BCA,1.240,1.571,0.441,85.3,356.9,-2.197,1.378,13.812,NaN,NaN,NaN,World,Quad,99.8,NaN,13.807,NaN,1,0,CabinetD05,None,0,0,0,0,0.0000,NaN,NaN,NaN,0
57.11,Hamad,Static,BCA,1.238,1.571,0.443,83.9,357.0,-2.197,1.378,13.812,NaN,NaN,NaN,World,Quad,98.4,NaN,13.804,NaN,1,0,CabinetD05,None,0,0,0,0,0.0000,NaN,NaN,NaN,0
57.20,Hamad,Static,BCA,1.234,1.570,0.447,82.1,357.0,-2.197,1.378,13.812,NaN,NaN,NaN,World,Quad,96.5,NaN,13.800,NaN,1,0,CabinetD05,None,0,0,0,0,0.0000,NaN,NaN,NaN,0
57.30,Hamad,Static,BCA,1.231,1.570,0.450,80.2,356.9,-2.197,1.378,13.812,NaN,NaN,NaN,World,Quad,94.6,NaN,13.796,NaN,1,0,CabinetD05,None,0,0,0,0,0.0000,NaN,NaN,NaN,0
57.41,Hamad,Static,BCA,1.227,1.570,0.451,78.8,356.9,-2.197,1.378,13.812,NaN,NaN,NaN,World,Quad,93.2,NaN,13.794,NaN,1,0,CabinetD05,None,0,0,0,0,0.0000,NaN,NaN,NaN,0
57.51,Hamad,Static,BCA,1.225,1.570,0.452,78.1,356.9,-2.197,1.378,13.812,NaN,NaN,NaN,World,Quad,92.5,NaN,13.793,NaN,1,0,CabinetD05,None,0,0,0,0,0.0000,NaN,NaN,NaN,0
57.61,Hamad,Static,BCA,1.225,1.569,0.451,77.9,357.0,-2.197,1.378,13.812,NaN,NaN,NaN,World,Quad,92.3,NaN,13.794,NaN,1,0,CabinetD05,None,0,0,0,0,0.0000,NaN,NaN,NaN,0
57.70,Hamad,Static,BCA,1.225,1.569,0.450,78.1,357.3,-2.197,1.378,13.812,NaN,NaN,NaN,World,Quad,92.5,NaN,13.795,NaN,1,0,CabinetD05,None,0,0,0,0,0.0000,NaN,NaN,NaN,0
57.80,Hamad,Static,BCA,1.226,1.568,0.449,78.6,357.5,-2.197,1.378,13.812,NaN,NaN,NaN,World,Quad,93.0,NaN,13.796,NaN,1,0,CabinetD05,None,0,0,0,0,0.0000,NaN,NaN,NaN,0
57.91,Hamad,Static,BCA,1.228,1.568,0.448,78.9,357.8,-2.197,1.378,13.812,NaN,NaN,NaN,World,Quad,93.3,NaN,13.797,NaN,1,0,CabinetD05,None,0,0,0,0,0.0000,NaN,NaN,NaN,0
58.01,Hamad,Static,BCA,1.229,1.568,0.449,79.3,357.9,-2.197,1.378,13.812,NaN,NaN,NaN,World,Quad,93.7,NaN,13.797,NaN,1,0,CabinetD05,None,0,0,0,0,0.0000,NaN,NaN,NaN,0
58.11,Hamad,Static,BCA,1.230,1.568,0.449,79.3,357.9,-2.197,1.378,13.812,NaN,NaN,NaN,World,Quad,93.8,NaN,13.797,NaN,1,0,CabinetD05,None,0,0,0,0,0.0000,NaN,NaN,NaN,0
58.20,Hamad,Static,BCA,1.232,1.568,0.450,79.4,358.0,-2.197,1.378,13.812,NaN,NaN,NaN,World,Quad,93.8,NaN,13.797,NaN,1,0,CabinetD05,None,0,0,0,0,0.0000,NaN,NaN,NaN,0
58.30,Hamad,Static,BCA,1.233,1.568,0.451,79.3,358.0,-2.197,1.378,13.812,NaN,NaN,NaN,World,Quad,93.7,NaN,13.796,NaN,1,0,CabinetD05,None,0,0,0,0,0.0000,NaN,NaN,NaN,0
58.41,Hamad,Static,BCA,1.235,1.567,0.451,79.4,358.2,-2.197,1.378,13.812,NaN,NaN,NaN,World,Quad,93.8,NaN,13.796,NaN,1,0,CabinetD05,None,0,0,0,0,0.0000,NaN,NaN,NaN,0
58.51,Hamad,Static,BCA,1.236,1.567,0.453,79.4,358.3,-2.197,1.378,13.812,NaN,NaN,NaN,World,Quad,93.9,NaN,13.795,NaN,1,0,CabinetD05,None,0,0,0,0,0.0000,NaN,NaN,NaN,0
58.61,Hamad,Static,BCA,1.237,1.567,0.454,79.5,358.4,-2.197,1.378,13.812,NaN,NaN,NaN,World,Quad,94.0,NaN,13.794,NaN,1,0,CabinetD05,None,0,0,0,0,0.0000,NaN,NaN,NaN,0
58.70,Hamad,Static,BCA,1.238,1.567,0.455,79.7,358.5,-2.197,1.378,13.812,NaN,NaN,NaN,World,Quad,94.1,NaN,13.793,NaN,1,0,CabinetD05,None,0,0,0,0,0.0000,NaN,NaN,NaN,0
58.80,Hamad,Static,BCA,1.239,1.567,0.456,79.8,358.6,-2.197,1.378,13.812,NaN,NaN,NaN,World,Quad,94.2,NaN,13.792,NaN,1,0,CabinetD05,None,0,0,0,0,0.0000,NaN,NaN,NaN,0
58.91,Hamad,Static,BCA,1.240,1.566,0.457,79.9,358.7,-2.197,1.378,13.812,NaN,NaN,NaN,World,Quad,94.3,NaN,13.791,NaN,1,0,CabinetD05,None,0,0,0,0,0.0000,NaN,NaN,NaN,0
59.01,Hamad,Static,BCA,1.241,1.566,0.458,79.9,358.7,-2.197,1.378,13.812,NaN,NaN,NaN,World,Quad,94.4,NaN,13.791,NaN,1,0,CabinetD05,None,0,0,0,0,0.0000,NaN,NaN,NaN,0
59.11,Hamad,Static,BCA,1.241,1.566,0.459,80.1,358.8,-2.197,1.378,13.812,NaN,NaN,NaN,World,Quad,94.5,NaN,13.790,NaN,1,0,CabinetD05,None,0,0,0,0,0.0000,NaN,NaN,NaN,0
59.20,Hamad,Static,BCA,1.241,1.566,0.459,80.1,358.9,-2.197,1.378,13.812,NaN,NaN,NaN,World,Quad,94.6,NaN,13.790,NaN,1,0,CabinetD05,None,0,0,0,0,0.0000,NaN,NaN,NaN,0
59.30,Hamad,Static,BCA,1.241,1.566,0.459,80.2,358.9,-2.197,1.378,13.812,NaN,NaN,NaN,World,Quad,94.6,NaN,13.790,NaN,1,0,CabinetD05,None,0,0,0,0,0.0000,NaN,NaN,NaN,0
59.41,Hamad,Static,BCA,1.240,1.566,0.458,80.1,358.9,-2.197,1.378,13.812,NaN,NaN,NaN,World,Quad,94.6,NaN,13.791,NaN,1,0,CabinetD05,None,0,0,0,0,0.0000,NaN,NaN,NaN,0
59.51,Hamad,Static,BCA,1.240,1.566,0.457,80.1,358.9,-2.197,1.378,13.812,NaN,NaN,NaN,World,Quad,94.6,NaN,13.792,NaN,1,0,CabinetD05,None,0,0,0,0,0.0000,NaN,NaN,NaN,0
59.61,Hamad,Static,BCA,1.239,1.566,0.455,80.0,358.9,-2.197,1.378,13.812,NaN,NaN,NaN,World,Quad,94.4,NaN,13.793,NaN,1,0,CabinetD05,None,0,0,0,0,0.0000,NaN,NaN,NaN,0
59.70,Hamad,Static,BCA,1.239,1.566,0.454,80.0,358.8,-2.197,1.378,13.812,NaN,NaN,NaN,World,Quad,94.4,NaN,13.794,NaN,1,0,CabinetD05,None,0,0,0,0,0.0000,NaN,NaN,NaN,0
59.80,Hamad,Static,BCA,1.238,1.566,0.453,79.9,358.8,-2.197,1.378,13.812,NaN,NaN,NaN,World,Quad,94.4,NaN,13.795,NaN,1,0,CabinetD05,None,0,0,0,0,0.0000,NaN,NaN,NaN,0
59.91,Hamad,Static,BCA,1.237,1.566,0.452,80.0,358.8,-2.197,1.378,13.812,NaN,NaN,NaN,World,Quad,94.4,NaN,13.795,NaN,1,0,CabinetD05,None,0,0,0,0,0.0000,NaN,NaN,NaN,0
60.01,Hamad,Static,BCA,1.236,1.566,0.452,80.1,358.8,-2.197,1.378,13.812,NaN,NaN,NaN,World,Quad,94.5,NaN,13.796,NaN,1,0,CabinetD05,None,0,0,0,0,0.0000,NaN,NaN,NaN,0
60.11,Hamad,Static,BCA,1.235,1.566,0.451,80.1,358.7,-2.197,1.378,13.812,NaN,NaN,NaN,World,Quad,94.5,NaN,13.796,NaN,1,0,CabinetD05,None,0,0,0,0,0.0000,NaN,NaN,NaN,0
60.20,Hamad,Static,BCA,1.234,1.567,0.451,80.1,358.6,-2.197,1.378,13.812,NaN,NaN,NaN,World,Quad,94.5,NaN,13.796,NaN,1,0,CabinetD05,None,0,0,0,0,0.0000,NaN,NaN,NaN,0
60.30,Hamad,Static,BCA,1.233,1.567,0.451,80.1,358.5,-2.197,1.378,13.812,NaN,NaN,NaN,World,Quad,94.5,NaN,13.796,NaN,1,0,CabinetD05,None,0,0,0,0,0.0000,NaN,NaN,NaN,0
60.41,Hamad,Static,BCA,1.232,1.567,0.451,80.1,358.4,-2.197,1.378,13.812,NaN,NaN,NaN,World,Quad,94.5,NaN,13.796,NaN,1,0,CabinetD05,None,0,0,0,0,0.0000,NaN,NaN,NaN,0
60.51,Hamad,Static,BCA,1.232,1.567,0.451,80.1,358.5,-2.197,1.378,13.812,NaN,NaN,NaN,World,Quad,94.5,NaN,13.795,NaN,1,0,CabinetD05,None,0,0,0,0,0.0000,NaN,NaN,NaN,0
60.61,Hamad,Static,BCA,1.232,1.567,0.452,80.2,358.6,-2.197,1.378,13.812,NaN,NaN,NaN,World,Quad,94.6,NaN,13.794,NaN,1,0,CabinetD05,None,0,0,0,0,0.0000,NaN,NaN,NaN,0
60.70,Hamad,Static,BCA,1.232,1.567,0.453,80.3,358.6,-2.197,1.378,13.812,NaN,NaN,NaN,World,Quad,94.7,NaN,13.794,NaN,1,0,CabinetD05,None,0,0,0,0,0.0000,NaN,NaN,NaN,0
60.80,Hamad,Static,BCA,1.232,1.567,0.453,80.3,358.6,-2.197,1.378,13.812,NaN,NaN,NaN,World,Quad,94.7,NaN,13.793,NaN,1,0,CabinetD05,None,0,0,0,0,0.0000,NaN,NaN,NaN,0
60.91,Hamad,Static,BCA,1.232,1.567,0.453,80.4,358.5,-2.197,1.378,13.812,NaN,NaN,NaN,World,Quad,94.8,NaN,13.793,NaN,1,0,CabinetD05,None,0,0,0,0,0.0000,NaN,NaN,NaN,0
61.01,Hamad,Static,BCA,1.232,1.566,0.453,80.4,358.5,-2.197,1.378,13.812,NaN,NaN,NaN,World,Quad,94.8,NaN,13.793,NaN,1,0,CabinetD05,None,0,0,0,0,0.0000,NaN,NaN,NaN,0
61.11,Hamad,Static,BCA,1.233,1.566,0.453,80.4,358.5,-2.197,1.378,13.812,NaN,NaN,NaN,World,Quad,94.8,NaN,13.793,NaN,1,0,CabinetD05,None,0,0,0,0,0.0000,NaN,NaN,NaN,0
61.20,Hamad,Static,BCA,1.233,1.567,0.453,80.3,358.5,-2.197,1.378,13.812,NaN,NaN,NaN,World,Quad,94.7,NaN,13.794,NaN,1,0,CabinetD05,None,0,0,0,0,0.0000,NaN,NaN,NaN,0
61.30,Hamad,Static,BCA,1.234,1.566,0.454,80.2,358.7,-2.197,1.378,13.812,NaN,NaN,NaN,World,Quad,94.6,NaN,13.793,NaN,1,0,CabinetD05,None,0,0,0,0,0.0000,NaN,NaN,NaN,0
61.41,Hamad,Static,BCA,1.235,1.566,0.454,80.2,358.8,-2.197,1.378,13.812,NaN,NaN,NaN,World,Quad,94.7,NaN,13.794,NaN,1,0,CabinetD05,None,0,0,0,0,0.0000,NaN,NaN,NaN,0
61.51,Hamad,Static,BCA,1.235,1.566,0.453,80.2,358.8,-2.197,1.378,13.812,NaN,NaN,NaN,World,Quad,94.7,NaN,13.794,NaN,1,0,CabinetD05,None,0,0,0,0,0.0000,NaN,NaN,NaN,0
61.61,Hamad,Static,BCA,1.235,1.566,0.453,80.3,358.8,-2.197,1.378,13.812,NaN,NaN,NaN,World,Quad,94.7,NaN,13.794,NaN,1,0,CabinetD05,None,0,0,0,0,0.0000,NaN,NaN,NaN,0
61.70,Hamad,Static,BCA,1.235,1.566,0.453,80.2,358.7,-2.197,1.378,13.812,NaN,NaN,NaN,World,Quad,94.6,NaN,13.794,NaN,1,0,CabinetD05,None,0,0,0,0,0.0000,NaN,NaN,NaN,0
61.80,Hamad,Static,BCA,1.234,1.566,0.452,80.1,358.7,-2.197,1.378,13.812,NaN,NaN,NaN,World,Quad,94.5,NaN,13.795,NaN,1,0,CabinetD05,None,0,0,0,0,0.0000,NaN,NaN,NaN,0
61.91,Hamad,Static,BCA,1.233,1.567,0.452,80.1,358.6,-2.197,1.378,13.812,NaN,NaN,NaN,World,Quad,94.5,NaN,13.795,NaN,1,0,CabinetD05,None,0,0,0,0,0.0000,NaN,NaN,NaN,0
62.01,Hamad,Static,BCA,1.232,1.566,0.451,80.1,358.6,-2.197,1.378,13.812,NaN,NaN,NaN,World,Quad,94.5,NaN,13.796,NaN,1,0,CabinetD05,None,0,0,0,0,0.0000,NaN,NaN,NaN,0
62.11,Hamad,Static,BCA,1.230,1.567,0.450,80.2,358.5,-2.197,1.378,13.812,NaN,NaN,NaN,World,Quad,94.6,NaN,13.796,NaN,1,0,CabinetD05,None,0,0,0,0,0.0000,NaN,NaN,NaN,0
62.20,Hamad,Static,BCA,1.229,1.567,0.449,80.2,358.4,-2.197,1.378,13.812,NaN,NaN,NaN,World,Quad,94.6,NaN,13.796,NaN,1,0,CabinetD05,None,0,0,0,0,0.0000,NaN,NaN,NaN,0
62.30,Hamad,Static,BCA,1.228,1.567,0.450,80.1,358.3,-2.197,1.378,13.812,NaN,NaN,NaN,World,Quad,94.5,NaN,13.796,NaN,1,0,CabinetD05,None,0,0,0,0,0.0000,NaN,NaN,NaN,0
62.41,Hamad,Static,BCA,1.226,1.567,0.450,80.0,358.3,-2.197,1.378,13.812,NaN,NaN,NaN,World,Quad,94.4,NaN,13.795,NaN,1,0,CabinetD05,None,0,0,0,0,0.0000,NaN,NaN,NaN,0
62.51,Hamad,Static,BCA,1.226,1.567,0.450,80.0,358.2,-2.197,1.378,13.812,NaN,NaN,NaN,World,Quad,94.3,NaN,13.795,NaN,1,0,CabinetD05,None,0,0,0,0,0.0000,NaN,NaN,NaN,0
62.61,Hamad,Static,BCA,1.225,1.567,0.450,80.0,358.2,-2.197,1.378,13.812,NaN,NaN,NaN,World,Quad,94.3,NaN,13.795,NaN,1,0,CabinetD05,None,0,0,0,0,0.0000,NaN,NaN,NaN,0
62.70,Hamad,Static,BCA,1.225,1.567,0.450,79.9,358.3,-2.197,1.378,13.812,NaN,NaN,NaN,World,Quad,94.3,NaN,13.795,NaN,1,0,CabinetD05,None,0,0,0,0,0.0000,NaN,NaN,NaN,0
62.80,Hamad,Static,BCA,1.226,1.567,0.450,79.9,358.3,-2.197,1.378,13.812,NaN,NaN,NaN,World,Quad,94.3,NaN,13.795,NaN,1,0,CabinetD05,None,0,0,0,0,0.0000,NaN,NaN,NaN,0
62.91,Hamad,Static,BCA,1.226,1.567,0.449,79.9,358.3,-2.197,1.378,13.812,NaN,NaN,NaN,World,Quad,94.3,NaN,13.796,NaN,1,0,CabinetD05,None,0,0,0,0,0.0000,NaN,NaN,NaN,0
63.01,Hamad,Static,BCA,1.227,1.567,0.449,79.9,358.4,-2.197,1.378,13.812,NaN,NaN,NaN,World,Quad,94.3,NaN,13.796,NaN,1,0,CabinetD05,None,0,0,0,0,0.0000,NaN,NaN,NaN,0
63.11,Hamad,Static,BCA,1.227,1.567,0.449,80.0,358.4,-2.197,1.378,13.812,NaN,NaN,NaN,World,Quad,94.4,NaN,13.797,NaN,1,0,CabinetD05,None,0,0,0,0,0.0000,NaN,NaN,NaN,0
63.20,Hamad,Static,BCA,1.227,1.567,0.448,80.0,358.4,-2.197,1.378,13.812,NaN,NaN,NaN,World,Quad,94.4,NaN,13.797,NaN,1,0,CabinetD05,None,0,0,0,0,0.0000,NaN,NaN,NaN,0
63.30,Hamad,Static,BCA,1.228,1.567,0.448,79.9,358.4,-2.197,1.378,13.812,NaN,NaN,NaN,World,Quad,94.3,NaN,13.798,NaN,1,0,CabinetD05,None,0,0,0,0,0.0000,NaN,NaN,NaN,0
63.41,Hamad,Static,BCA,1.228,1.567,0.447,79.9,358.5,-2.197,1.378,13.812,NaN,NaN,NaN,World,Quad,94.3,NaN,13.798,NaN,1,0,CabinetD05,None,0,0,0,0,0.0000,NaN,NaN,NaN,0
63.51,Hamad,Static,BCA,1.229,1.567,0.448,79.8,358.6,-2.197,1.378,13.812,NaN,NaN,NaN,World,Quad,94.2,NaN,13.798,NaN,1,0,CabinetD05,None,0,0,0,0,0.0000,NaN,NaN,NaN,0
63.61,Hamad,Static,BCA,1.230,1.567,0.448,79.8,358.6,-2.197,1.378,13.812,NaN,NaN,NaN,World,Quad,94.2,NaN,13.798,NaN,1,0,CabinetD05,None,0,0,0,0,0.0000,NaN,NaN,NaN,0
63.70,Hamad,Static,BCA,1.231,1.566,0.448,79.9,358.7,-2.197,1.378,13.812,NaN,NaN,NaN,World,Quad,94.3,NaN,13.798,NaN,1,0,CabinetD05,None,0,0,0,0,0.0000,NaN,NaN,NaN,0
63.80,Hamad,Static,BCA,1.231,1.566,0.449,80.0,358.7,-2.197,1.378,13.812,NaN,NaN,NaN,World,Quad,94.4,NaN,13.797,NaN,1,0,CabinetD05,None,0,0,0,0,0.0000,NaN,NaN,NaN,0
63.91,Hamad,Static,BCA,1.231,1.567,0.450,80.0,358.6,-2.197,1.378,13.812,NaN,NaN,NaN,World,Quad,94.4,NaN,13.796,NaN,1,0,CabinetD05,None,0,0,0,0,0.0000,NaN,NaN,NaN,0
64.01,Hamad,Static,BCA,1.231,1.567,0.451,80.1,358.6,-2.197,1.378,13.812,NaN,NaN,NaN,World,Quad,94.5,NaN,13.795,NaN,1,0,CabinetD05,None,0,0,0,0,0.0000,NaN,NaN,NaN,0
64.11,Hamad,Static,BCA,1.232,1.567,0.452,80.1,358.6,-2.197,1.378,13.812,NaN,NaN,NaN,World,Quad,94.5,NaN,13.795,NaN,1,0,CabinetD05,None,0,0,0,0,0.0000,NaN,NaN,NaN,0
64.20,Hamad,Static,BCA,1.232,1.567,0.453,80.1,358.6,-2.197,1.378,13.812,NaN,NaN,NaN,World,Quad,94.5,NaN,13.794,NaN,1,0,CabinetD05,None,0,0,0,0,0.0000,NaN,NaN,NaN,0
64.30,Hamad,Static,BCA,1.232,1.567,0.453,80.1,358.6,-2.197,1.378,13.812,NaN,NaN,NaN,World,Quad,94.5,NaN,13.793,NaN,1,0,CabinetD05,None,0,0,0,0,0.0000,NaN,NaN,NaN,0
64.41,Hamad,Static,BCA,1.233,1.567,0.455,80.0,358.6,-2.197,1.378,13.812,NaN,NaN,NaN,World,Quad,94.5,NaN,13.792,NaN,1,0,CabinetD05,None,0,0,0,0,0.0000,NaN,NaN,NaN,0
64.51,Hamad,Static,BCA,1.234,1.566,0.455,80.1,358.7,-2.197,1.378,13.812,NaN,NaN,NaN,World,Quad,94.5,NaN,13.792,NaN,1,0,CabinetD05,None,0,0,0,0,0.0000,NaN,NaN,NaN,0
64.61,Hamad,Static,BCA,1.234,1.566,0.456,80.2,358.7,-2.197,1.378,13.812,NaN,NaN,NaN,World,Quad,94.6,NaN,13.791,NaN,1,0,CabinetD05,None,0,0,0,0,0.0000,NaN,NaN,NaN,0
64.70,Hamad,Static,BCA,1.235,1.566,0.457,80.2,358.8,-2.197,1.378,13.812,NaN,NaN,NaN,World,Quad,94.6,NaN,13.790,NaN,1,0,CabinetD05,None,0,0,0,0,0.0000,NaN,NaN,NaN,0
64.80,Hamad,Static,BCA,1.235,1.567,0.458,80.2,358.7,-2.197,1.378,13.812,NaN,NaN,NaN,World,Quad,94.6,NaN,13.790,NaN,1,0,CabinetD05,None,0,0,0,0,0.0000,NaN,NaN,NaN,0
64.91,Hamad,Static,BCA,1.236,1.566,0.458,80.2,358.7,-2.197,1.378,13.812,NaN,NaN,NaN,World,Quad,94.6,NaN,13.789,NaN,1,0,CabinetD05,None,0,0,0,0,0.0000,NaN,NaN,NaN,0
65.01,Hamad,Static,BCA,1.235,1.567,0.458,80.2,358.7,-2.197,1.378,13.812,NaN,NaN,NaN,World,Quad,94.6,NaN,13.789,NaN,1,0,CabinetD05,None,0,0,0,0,0.0000,NaN,NaN,NaN,0
65.11,Hamad,Static,BCA,1.235,1.566,0.458,80.2,358.7,-2.197,1.378,13.812,NaN,NaN,NaN,World,Quad,94.6,NaN,13.790,NaN,1,0,CabinetD05,None,0,0,0,0,0.0000,NaN,NaN,NaN,0
65.20,Hamad,Static,BCA,1.235,1.567,0.458,80.2,358.7,-2.197,1.378,13.812,NaN,NaN,NaN,World,Quad,94.6,NaN,13.790,NaN,1,0,CabinetD05,None,0,0,0,0,0.0000,NaN,NaN,NaN,0
65.30,Hamad,Static,BCA,1.234,1.567,0.457,80.2,358.8,-2.197,1.378,13.812,NaN,NaN,NaN,World,Quad,94.7,NaN,13.790,NaN,1,0,CabinetD05,None,0,0,0,0,0.0000,NaN,NaN,NaN,0
65.41,Hamad,Static,BCA,1.233,1.567,0.456,80.2,358.7,-2.197,1.378,13.812,NaN,NaN,NaN,World,Quad,94.6,NaN,13.791,NaN,1,0,CabinetD05,None,0,0,0,0,0.0000,NaN,NaN,NaN,0
65.51,Hamad,Static,BCA,1.232,1.567,0.455,80.1,358.7,-2.197,1.378,13.812,NaN,NaN,NaN,World,Quad,94.5,NaN,13.791,NaN,1,0,CabinetD05,None,0,0,0,0,0.0000,NaN,NaN,NaN,0
65.61,Hamad,Static,BCA,1.231,1.567,0.455,80.1,358.7,-2.197,1.378,13.812,NaN,NaN,NaN,World,Quad,94.5,NaN,13.792,NaN,1,0,CabinetD05,None,0,0,0,0,0.0000,NaN,NaN,NaN,0
65.70,Hamad,Static,BCA,1.230,1.567,0.454,80.1,358.5,-2.197,1.378,13.812,NaN,NaN,NaN,World,Quad,94.5,NaN,13.792,NaN,1,0,CabinetD05,None,0,0,0,0,0.0000,NaN,NaN,NaN,0
65.80,Hamad,Static,BCA,1.229,1.567,0.453,80.1,358.5,-2.197,1.378,13.812,NaN,NaN,NaN,World,Quad,94.5,NaN,13.793,NaN,1,0,CabinetD05,None,0,0,0,0,0.0000,NaN,NaN,NaN,0
65.91,Hamad,Static,BCA,1.228,1.567,0.453,80.2,358.5,-2.197,1.378,13.812,NaN,NaN,NaN,World,Quad,94.6,NaN,13.793,NaN,1,0,CabinetD05,None,0,0,0,0,0.0000,NaN,NaN,NaN,0
66.01,Hamad,Static,BCA,1.227,1.567,0.452,80.2,358.4,-2.197,1.378,13.812,NaN,NaN,NaN,World,Quad,94.6,NaN,13.793,NaN,1,0,CabinetD05,None,0,0,0,0,0.0000,NaN,NaN,NaN,0
66.11,Hamad,Static,BCA,1.227,1.567,0.452,80.1,358.4,-2.197,1.378,13.812,NaN,NaN,NaN,World,Quad,94.5,NaN,13.794,NaN,1,0,CabinetD05,None,0,0,0,0,0.0000,NaN,NaN,NaN,0
66.20,Hamad,Static,BCA,1.226,1.567,0.451,80.0,358.4,-2.197,1.378,13.812,NaN,NaN,NaN,World,Quad,94.4,NaN,13.794,NaN,1,0,CabinetD05,None,0,0,0,0,0.0000,NaN,NaN,NaN,0
66.30,Hamad,Static,BCA,1.226,1.567,0.451,80.0,358.3,-2.197,1.378,13.812,NaN,NaN,NaN,World,Quad,94.4,NaN,13.794,NaN,1,0,CabinetD05,None,0,0,0,0,0.0000,NaN,NaN,NaN,0
66.41,Hamad,Static,BCA,1.226,1.567,0.452,80.1,358.3,-2.197,1.378,13.812,NaN,NaN,NaN,World,Quad,94.5,NaN,13.793,NaN,1,0,CabinetD05,None,0,0,0,0,0.0000,NaN,NaN,NaN,0
66.51,Hamad,Static,BCA,1.226,1.567,0.452,80.2,358.3,-2.197,1.378,13.812,NaN,NaN,NaN,World,Quad,94.6,NaN,13.793,NaN,1,0,CabinetD05,None,0,0,0,0,0.0000,NaN,NaN,NaN,0
66.61,Hamad,Static,BCA,1.226,1.567,0.452,80.2,358.3,-2.197,1.378,13.812,NaN,NaN,NaN,World,Quad,94.6,NaN,13.793,NaN,1,0,CabinetD05,None,0,0,0,0,0.0000,NaN,NaN,NaN,0
66.70,Hamad,Static,BCA,1.227,1.567,0.452,80.2,358.4,-2.197,1.378,13.812,NaN,NaN,NaN,World,Quad,94.6,NaN,13.793,NaN,1,0,CabinetD05,None,0,0,0,0,0.0000,NaN,NaN,NaN,0
66.80,Hamad,Static,BCA,1.227,1.567,0.453,80.2,358.5,-2.197,1.378,13.812,NaN,NaN,NaN,World,Quad,94.6,NaN,13.793,NaN,1,0,CabinetD05,None,0,0,0,0,0.0000,NaN,NaN,NaN,0
66.91,Hamad,Static,BCA,1.228,1.567,0.453,80.2,358.5,-2.197,1.378,13.812,NaN,NaN,NaN,World,Quad,94.6,NaN,13.792,NaN,1,0,CabinetD05,None,0,0,0,0,0.0000,NaN,NaN,NaN,0
67.01,Hamad,Static,BCA,1.228,1.567,0.454,80.2,358.5,-2.197,1.378,13.812,NaN,NaN,NaN,World,Quad,94.6,NaN,13.792,NaN,1,0,CabinetD05,None,0,0,0,0,0.0000,NaN,NaN,NaN,0
67.11,Hamad,Static,BCA,1.229,1.567,0.454,80.3,358.4,-2.197,1.378,13.812,NaN,NaN,NaN,World,Quad,94.7,NaN,13.792,NaN,1,0,CabinetD05,None,0,0,0,0,0.0000,NaN,NaN,NaN,0
67.20,Hamad,Static,BCA,1.229,1.567,0.455,80.3,358.5,-2.197,1.378,13.812,NaN,NaN,NaN,World,Quad,94.7,NaN,13.791,NaN,1,0,CabinetD05,None,0,0,0,0,0.0000,NaN,NaN,NaN,0
67.30,Hamad,Static,BCA,1.230,1.567,0.455,80.3,358.5,-2.197,1.378,13.812,NaN,NaN,NaN,World,Quad,94.7,NaN,13.791,NaN,1,0,CabinetD05,None,0,0,0,0,0.0000,NaN,NaN,NaN,0
67.41,Hamad,Static,BCA,1.230,1.567,0.456,80.3,358.6,-2.197,1.378,13.812,NaN,NaN,NaN,World,Quad,94.7,NaN,13.791,NaN,1,0,CabinetD05,None,0,0,0,0,0.0000,NaN,NaN,NaN,0
67.51,Hamad,Static,BCA,1.231,1.567,0.456,80.3,358.6,-2.197,1.378,13.812,NaN,NaN,NaN,World,Quad,94.8,NaN,13.791,NaN,1,0,CabinetD05,None,0,0,0,0,0.0000,NaN,NaN,NaN,0
67.61,Hamad,Static,BCA,1.232,1.567,0.456,80.4,358.7,-2.197,1.378,13.812,NaN,NaN,NaN,World,Quad,94.8,NaN,13.790,NaN,1,0,CabinetD05,None,0,0,0,0,0.0000,NaN,NaN,NaN,0
67.70,Hamad,Static,BCA,1.232,1.567,0.456,80.4,358.7,-2.197,1.378,13.812,NaN,NaN,NaN,World,Quad,94.9,NaN,13.790,NaN,1,0,CabinetD05,None,0,0,0,0,0.0000,NaN,NaN,NaN,0
67.80,Hamad,Static,BCA,1.232,1.567,0.456,80.4,358.7,-2.197,1.378,13.812,NaN,NaN,NaN,World,Quad,94.9,NaN,13.790,NaN,1,0,CabinetD05,None,0,0,0,0,0.0000,NaN,NaN,NaN,0
67.91,Hamad,Static,BCA,1.232,1.567,0.456,80.4,358.6,-2.197,1.378,13.812,NaN,NaN,NaN,World,Quad,94.8,NaN,13.790,NaN,1,0,CabinetD05,None,0,0,0,0,0.0000,NaN,NaN,NaN,0
68.01,Hamad,Static,BCA,1.232,1.567,0.456,80.4,358.7,-2.197,1.378,13.812,NaN,NaN,NaN,World,Quad,94.8,NaN,13.790,NaN,1,0,CabinetD05,None,0,0,0,0,0.0000,NaN,NaN,NaN,0
68.11,Hamad,Static,BCA,1.231,1.567,0.456,80.4,358.6,-2.197,1.378,13.812,NaN,NaN,NaN,World,Quad,94.8,NaN,13.790,NaN,1,0,CabinetD05,None,0,0,0,0,0.0000,NaN,NaN,NaN,0
68.20,Hamad,Static,BCA,1.231,1.567,0.456,80.5,358.5,-2.197,1.378,13.812,NaN,NaN,NaN,World,Quad,94.9,NaN,13.791,NaN,1,0,CabinetD05,None,0,0,0,0,0.0000,NaN,NaN,NaN,0
68.30,Hamad,Static,BCA,1.231,1.567,0.456,80.5,358.3,-2.197,1.378,13.812,NaN,NaN,NaN,World,Quad,95.0,NaN,13.791,NaN,1,0,CabinetD05,None,0,0,0,0,0.0000,NaN,NaN,NaN,0
68.41,Hamad,Static,BCA,1.230,1.568,0.456,80.6,358.0,-2.197,1.378,13.812,NaN,NaN,NaN,World,Quad,95.0,NaN,13.790,NaN,1,0,CabinetD05,None,0,0,0,0,0.0000,NaN,NaN,NaN,0
68.51,Hamad,Static,BCA,1.229,1.569,0.456,80.5,357.3,-2.197,1.378,13.812,NaN,NaN,NaN,World,Quad,94.9,NaN,13.790,NaN,1,0,CabinetD05,None,0,0,0,0,0.0000,NaN,NaN,NaN,0
68.61,Hamad,Static,BCA,1.228,1.572,0.456,80.5,356.0,-2.197,1.378,13.812,NaN,NaN,NaN,World,Quad,94.9,NaN,13.789,NaN,1,0,CabinetD05,None,0,0,0,0,0.0000,NaN,NaN,NaN,0
68.70,Hamad,Static,BCA,1.226,1.574,0.456,80.7,354.9,-2.197,1.378,13.812,NaN,NaN,NaN,World,Quad,95.1,NaN,13.790,NaN,1,0,CabinetD05,None,0,0,0,0,0.0000,NaN,NaN,NaN,0
68.80,Hamad,Static,BCA,1.224,1.576,0.455,81.0,353.8,-2.197,1.378,13.812,NaN,NaN,NaN,World,Quad,95.4,NaN,13.790,NaN,1,0,CabinetD05,None,0,0,0,0,0.0000,NaN,NaN,NaN,0
68.91,Hamad,Static,BCA,1.221,1.578,0.454,81.4,353.0,-2.197,1.378,13.812,NaN,NaN,NaN,World,Quad,95.8,NaN,13.790,NaN,1,0,CabinetD05,None,0,0,0,0,0.0000,NaN,NaN,NaN,0
69.01,Hamad,Static,BCA,1.220,1.578,0.454,81.2,353.0,-2.197,1.378,13.812,NaN,NaN,NaN,World,Quad,95.6,NaN,13.790,NaN,1,0,CabinetD05,None,0,0,0,0,0.0000,NaN,NaN,NaN,0
69.11,Hamad,Static,BCA,1.222,1.582,0.463,76.8,353.4,-2.197,1.378,13.812,NaN,NaN,NaN,World,Quad,91.3,NaN,13.782,NaN,1,0,CabinetD05,None,0,0,0,0,0.0000,NaN,NaN,NaN,0
69.20,Hamad,Static,BCA,1.226,1.584,0.480,69.4,354.6,-2.197,1.378,13.812,NaN,NaN,NaN,World,Quad,83.9,NaN,13.766,NaN,1,0,CabinetD05,None,0,0,0,0,0.0000,NaN,NaN,NaN,0
69.30,Hamad,Static,BCA,1.226,1.581,0.487,68.2,358.4,-2.197,1.378,13.812,NaN,NaN,NaN,World,Quad,82.6,NaN,13.759,NaN,1,0,CabinetD05,None,0,0,0,0,0.0000,NaN,NaN,NaN,0
69.41,Hamad,Static,BCA,1.213,1.581,0.479,73.8,358.8,-2.197,1.378,13.812,NaN,NaN,NaN,World,Quad,88.2,NaN,13.764,NaN,1,0,CabinetD05,None,0,0,0,0,0.0000,NaN,NaN,NaN,0
69.51,Hamad,Static,BCA,1.190,1.581,0.470,78.5,358.8,-2.197,1.378,13.812,NaN,NaN,NaN,World,Quad,92.8,NaN,13.767,NaN,1,0,CabinetD05,None,0,0,0,0,0.0000,NaN,NaN,NaN,0
69.61,Hamad,Static,BCA,1.158,1.582,0.467,81.5,358.4,-2.197,1.378,13.812,NaN,NaN,NaN,World,Quad,95.7,NaN,13.762,NaN,1,0,CabinetD05,None,0,0,0,0,0.0000,NaN,NaN,NaN,0
69.70,Hamad,Static,BCA,1.123,1.580,0.468,82.5,359.0,-2.197,1.378,13.812,NaN,NaN,NaN,World,Quad,96.5,NaN,13.753,NaN,1,0,CabinetD05,None,0,0,0,0,0.0000,NaN,NaN,NaN,0
69.80,Hamad,Static,BCA,1.088,1.581,0.472,82.9,359.1,-2.197,1.378,13.812,NaN,NaN,NaN,World,Quad,96.7,NaN,13.741,NaN,1,0,CabinetD05,None,0,0,0,0,0.0000,NaN,NaN,NaN,0
69.91,Hamad,Static,BCA,1.057,1.582,0.478,81.6,359.3,-2.197,1.378,13.812,NaN,NaN,NaN,World,Quad,95.3,NaN,13.727,NaN,1,0,CabinetD05,None,0,0,0,0,0.0000,NaN,NaN,NaN,0
70.01,Hamad,Static,BCA,1.040,1.580,0.485,77.0,0.6,-2.197,1.378,13.812,NaN,NaN,NaN,World,Quad,90.6,NaN,13.716,NaN,1,0,CabinetD05,None,0,0,0,0,0.0000,NaN,NaN,NaN,0
70.11,Hamad,Static,BCA,1.026,1.579,0.502,63.4,2.4,-2.197,1.378,13.812,NaN,NaN,NaN,World,Wall4m,77.0,NaN,13.696,NaN,1,0,CabinetD05,None,0,0,0,0,0.0000,NaN,NaN,NaN,0
70.20,Hamad,Static,BCA,1.010,1.574,0.530,38.2,6.3,-2.197,1.378,13.812,NaN,NaN,NaN,World,CabinetDCorner02,51.9,NaN,13.665,NaN,1,0,CabinetD05,None,0,0,0,0,0.0000,NaN,NaN,NaN,0
70.30,Hamad,Static,BCA,0.982,1.565,0.556,5.5,10.6,-2.197,1.378,13.812,NaN,NaN,NaN,World,Wall4m,21.3,NaN,13.633,NaN,1,0,CabinetD05,None,1,0,0,0,0.0000,NaN,NaN,NaN,0
70.41,Hamad,Static,BCA,0.941,1.552,0.563,327.5,15.6,-2.197,1.378,13.812,NaN,NaN,NaN,World,Wall4m,24.1,NaN,13.617,NaN,1,0,CabinetD06,None,1,0,0,0,0.0000,NaN,NaN,NaN,0
70.51,Hamad,Static,BCA,0.912,1.542,0.545,300.5,18.4,-2.197,1.378,13.812,NaN,NaN,NaN,World,Refrigerator03_Door01,48.7,NaN,13.628,NaN,1,0,CabinetD06,None,0,0,0,0,0.0000,NaN,NaN,NaN,0
70.61,Hamad,Static,BCA,0.892,1.538,0.519,283.7,19.3,-2.197,1.378,13.812,NaN,NaN,NaN,World,Refrigerator03_Door01,64.6,NaN,13.649,NaN,1,0,CabinetD06,None,0,0,0,0,0.0000,NaN,NaN,NaN,0
70.70,Hamad,Static,BCA,0.874,1.538,0.493,273.0,18.8,-2.197,1.378,13.812,NaN,NaN,NaN,World,Refrigerator03,74.6,NaN,13.670,NaN,1,0,CabinetD06,None,0,0,0,0,0.0000,NaN,NaN,NaN,0
70.80,Hamad,Static,BCA,0.849,1.535,0.468,265.9,19.5,-2.197,1.378,13.812,NaN,NaN,NaN,World,Refrigerator03,81.5,NaN,13.688,NaN,1,0,CabinetD06,None,0,0,0,0,0.0000,NaN,NaN,NaN,0
70.91,Hamad,Static,BCA,0.806,1.531,0.438,260.5,18.1,-2.197,1.378,13.812,NaN,NaN,NaN,World,Refrigerator03,86.8,NaN,13.708,NaN,1,0,CabinetD06,None,0,0,0,0,0.0000,NaN,NaN,NaN,0
71.01,Hamad,Static,BCA,0.770,1.534,0.411,259.7,14.7,-2.197,1.378,13.812,NaN,NaN,NaN,World,Refrigerator03,87.7,NaN,13.727,NaN,1,0,CabinetD06,None,0,0,0,0,0.0000,NaN,NaN,NaN,0
71.11,Hamad,Static,BCA,0.736,1.547,0.382,259.4,11.0,-2.197,1.378,13.812,NaN,NaN,NaN,World,Refrigerator03,88.2,NaN,13.748,NaN,1,0,CabinetD06,None,0,0,0,0,0.0000,NaN,NaN,NaN,0
71.20,Hamad,Static,BCA,0.702,1.559,0.352,258.7,7.8,-2.197,1.378,13.812,NaN,NaN,NaN,World,Refrigerator03,89.1,NaN,13.770,NaN,1,0,CabinetD06,None,0,0,0,0,0.0000,NaN,NaN,NaN,0
71.30,Hamad,Static,BCA,0.669,1.564,0.324,258.3,6.4,-2.197,1.378,13.812,NaN,NaN,NaN,World,Refrigerator03,89.6,NaN,13.791,NaN,1,0,CabinetD06,None,0,0,0,0,0.0000,NaN,NaN,NaN,0
71.41,Hamad,Static,BCA,0.634,1.563,0.289,256.1,6.7,-2.197,1.378,13.812,NaN,NaN,NaN,World,Refrigerator03,92.0,NaN,13.817,NaN,1,0,CabinetD06,None,0,0,0,0,0.0000,NaN,NaN,NaN,0
71.51,Hamad,Static,BCA,0.610,1.561,0.267,255.1,7.8,-2.197,1.378,13.812,NaN,NaN,NaN,World,Refrigerator03,93.0,NaN,13.834,NaN,1,0,CabinetD06,None,0,0,0,0,0.0000,NaN,NaN,NaN,0
71.61,Hamad,Static,BCA,0.597,1.559,0.253,255.8,9.1,-2.197,1.378,13.812,NaN,NaN,NaN,World,Refrigerator03,92.4,NaN,13.845,NaN,1,0,CabinetD06,None,0,0,0,0,0.0000,NaN,NaN,NaN,0
71.70,Hamad,Static,BCA,0.593,1.563,0.252,257.5,8.4,-2.197,1.378,13.812,NaN,NaN,NaN,World,Refrigerator03,90.8,NaN,13.846,NaN,1,0,CabinetD06,None,0,0,0,0,0.0000,NaN,NaN,NaN,0
71.80,Hamad,Static,BCA,0.592,1.565,0.254,258.6,7.1,-2.197,1.378,13.812,NaN,NaN,NaN,World,Refrigerator03,89.7,NaN,13.843,NaN,1,0,CabinetD06,None,0,0,0,0,0.0000,NaN,NaN,NaN,0
71.91,Hamad,Static,BCA,0.577,1.565,0.242,257.3,6.6,-2.197,1.378,13.812,NaN,NaN,NaN,World,Refrigerator03,91.0,NaN,13.852,NaN,1,0,CabinetD06,None,0,0,0,0,0.0000,NaN,NaN,NaN,0
72.01,Hamad,Static,BCA,0.558,1.556,0.229,255.3,7.1,-2.197,1.378,13.812,NaN,NaN,NaN,World,Refrigerator03,93.1,NaN,13.861,NaN,1,0,CabinetD06,None,0,0,0,0,0.0000,NaN,NaN,NaN,0
72.11,Hamad,Static,BCA,0.538,1.549,0.217,252.8,8.4,-2.197,1.378,13.812,NaN,NaN,NaN,World,Refrigerator03,95.6,NaN,13.869,NaN,1,0,CabinetD06,None,0,0,0,0,0.0000,NaN,NaN,NaN,0
72.20,Hamad,Static,BCA,0.524,1.547,0.209,251.3,8.7,-2.197,1.378,13.812,NaN,NaN,NaN,World,Refrigerator03,97.2,NaN,13.874,NaN,1,0,CabinetD06,None,0,0,0,0,0.0000,NaN,NaN,NaN,0
72.30,Hamad,Static,BCA,0.514,1.546,0.204,252.1,8.6,-2.197,1.378,13.812,NaN,NaN,NaN,World,Refrigerator03,96.4,NaN,13.876,NaN,1,0,CabinetD06,None,0,0,0,0,0.0000,NaN,NaN,NaN,0
72.41,Hamad,Static,BCA,0.506,1.546,0.204,255.3,9.1,-2.197,1.378,13.812,NaN,NaN,NaN,World,Refrigerator03,93.3,NaN,13.875,NaN,1,0,CabinetD06,None,0,0,0,0,0.0000,NaN,NaN,NaN,0
72.51,Hamad,Static,BCA,0.502,1.545,0.212,259.1,9.8,-2.197,1.378,13.812,NaN,NaN,NaN,World,Refrigerator03,89.5,NaN,13.867,NaN,1,0,CabinetD06,None,0,0,0,0,0.0000,NaN,NaN,NaN,0
72.61,Hamad,Static,BCA,0.502,1.544,0.234,265.5,11.5,-2.197,1.378,13.812,NaN,NaN,NaN,World,Refrigerator03,83.3,NaN,13.845,NaN,1,0,CabinetD06,None,0,0,0,0,0.0000,NaN,NaN,NaN,0
72.70,Hamad,Static,BCA,0.510,1.548,0.273,275.3,12.1,-2.197,1.378,13.812,NaN,NaN,NaN,World,Refrigerator03,73.6,NaN,13.809,NaN,1,0,CabinetD06,None,0,0,0,0,0.0000,NaN,NaN,NaN,0
72.80,Hamad,Static,BCA,0.530,1.556,0.324,289.4,12.2,-2.197,1.378,13.812,NaN,NaN,NaN,World,Refrigerator03,59.8,NaN,13.762,NaN,1,0,CabinetD06,None,0,0,0,0,0.0000,NaN,NaN,NaN,0
72.91,Hamad,Static,BCA,0.571,1.562,0.392,309.3,12.2,-2.197,1.378,13.812,NaN,NaN,NaN,World,Refrigerator03_Door01,40.4,NaN,13.704,NaN,1,0,CabinetD06,None,0,0,0,0,0.0000,NaN,NaN,NaN,0
73.01,Hamad,Static,BCA,0.624,1.566,0.446,327.3,12.1,-2.197,1.378,13.812,NaN,NaN,NaN,World,Wall4m,23.5,NaN,13.661,NaN,1,0,CabinetD06,None,1,0,0,0,0.0000,NaN,NaN,NaN,0
73.11,Hamad,Static,BCA,0.684,1.569,0.492,342.5,11.7,-2.197,1.378,13.812,NaN,NaN,NaN,World,Wall4m,12.1,NaN,13.629,NaN,1,0,CabinetD06,None,1,0,0,0,0.0000,NaN,NaN,NaN,0
73.20,Hamad,Static,BCA,0.745,1.569,0.527,353.8,11.2,-2.197,1.378,13.812,NaN,NaN,NaN,World,Wall4m,12.1,NaN,13.609,NaN,1,0,CabinetD06,None,1,0,0,0,0.0000,NaN,NaN,NaN,0
73.30,Hamad,Static,BCA,0.801,1.566,0.556,0.8,11.5,-2.197,1.378,13.812,NaN,NaN,NaN,World,Wall4m,17.1,NaN,13.592,NaN,1,0,CabinetD06,None,1,0,0,0,0.0000,NaN,NaN,NaN,0
73.41,Hamad,Static,BCA,0.858,1.564,0.588,5.3,10.7,-2.197,1.378,13.812,NaN,NaN,NaN,World,Wall4m,20.7,NaN,13.574,NaN,1,0,CabinetD06,None,1,0,0,0,0.0000,NaN,NaN,NaN,0
73.51,Hamad,Static,BCA,0.901,1.563,0.615,6.7,10.2,-2.197,1.378,13.812,NaN,NaN,NaN,World,Wall4m,21.9,NaN,13.557,NaN,1,0,CabinetD06,None,1,0,0,0,0.0000,NaN,NaN,NaN,0
73.61,Hamad,Static,BCA,0.938,1.563,0.642,7.3,9.8,-2.197,1.378,13.812,NaN,NaN,NaN,World,Wall4m,22.5,NaN,13.540,NaN,1,0,CabinetD05,None,1,0,0,0,0.0000,NaN,NaN,NaN,0
73.70,Hamad,Static,BCA,0.967,1.565,0.662,7.2,9.3,-2.197,1.378,13.812,NaN,NaN,NaN,World,Wall4m,22.3,NaN,13.527,NaN,1,0,CabinetD05,None,1,0,0,0,0.0000,NaN,NaN,NaN,0
73.80,Hamad,Static,BCA,0.988,1.567,0.677,6.0,8.7,-2.197,1.378,13.812,NaN,NaN,NaN,World,CabinetD05Door,21.0,NaN,13.517,NaN,1,0,CabinetD05,None,1,0,0,0,0.0000,NaN,NaN,NaN,0
73.91,Hamad,Static,BCA,1.002,1.570,0.690,4.0,6.9,-2.197,1.378,13.812,NaN,NaN,NaN,World,CabinetD05Door,18.7,NaN,13.508,NaN,1,0,CabinetD05,None,1,0,0,0,0.0000,NaN,NaN,NaN,0
74.01,Hamad,Static,BCA,1.007,1.571,0.700,2.6,6.4,-2.197,1.378,13.812,NaN,NaN,NaN,World,CabinetD05,17.3,NaN,13.499,NaN,1,0,CabinetD05,None,1,0,0,0,0.0000,NaN,NaN,NaN,0
74.11,Hamad,Static,BCA,1.007,1.573,0.711,1.7,6.4,-2.197,1.378,13.812,NaN,NaN,NaN,World,CabinetD05,16.4,NaN,13.489,NaN,1,0,CabinetD05,None,1,0,0,0,0.0000,NaN,NaN,NaN,0
74.20,Hamad,Static,BCA,1.002,1.573,0.721,1.7,6.2,-2.197,1.378,13.812,NaN,NaN,NaN,World,CabinetD05,16.3,NaN,13.478,NaN,1,0,CabinetD05,None,1,0,0,0,0.0000,NaN,NaN,NaN,0
74.30,Hamad,Static,BCA,0.995,1.572,0.729,3.2,6.7,-2.197,1.378,13.812,NaN,NaN,NaN,World,CabinetD05,17.8,NaN,13.468,NaN,1,0,CabinetD05,None,1,0,0,0,0.0000,NaN,NaN,NaN,0
74.41,Hamad,Static,BCA,0.986,1.574,0.735,6.8,6.6,-2.197,1.378,13.812,NaN,NaN,NaN,World,CabinetD05Door,21.3,NaN,13.460,NaN,1,0,CabinetD05,None,1,0,0,0,0.0000,NaN,NaN,NaN,0
74.51,Hamad,Static,BCA,0.978,1.574,0.737,12.6,6.6,-2.197,1.378,13.812,NaN,NaN,NaN,World,CabinetD05Door,26.8,NaN,13.456,NaN,1,0,CabinetD05,None,0,0,0,0,0.0000,NaN,NaN,NaN,0
74.61,Hamad,Static,BCA,0.973,1.575,0.733,22.2,6.9,-2.197,1.378,13.812,NaN,NaN,NaN,World,CabinetDCorner02,36.3,NaN,13.459,NaN,1,0,CabinetD05,None,0,0,0,0,0.0000,NaN,NaN,NaN,0
74.70,Hamad,Static,BCA,0.975,1.578,0.717,37.8,5.1,-2.197,1.378,13.812,NaN,NaN,NaN,World,CabinetDCorner02,51.5,NaN,13.475,NaN,1,0,CabinetD05,None,0,0,0,0,0.0000,NaN,NaN,NaN,0
74.80,Hamad,Static,BCA,0.979,1.585,0.688,55.3,1.6,-2.197,1.378,13.812,NaN,NaN,NaN,World,Wall4m,68.9,NaN,13.504,NaN,1,0,CabinetD05,None,0,0,0,0,0.0000,NaN,NaN,NaN,0
74.91,Hamad,Static,BCA,0.988,1.594,0.652,69.9,357.1,-2.197,1.378,13.812,NaN,NaN,NaN,World,Wall4m,83.5,NaN,13.542,NaN,1,0,CabinetD05,None,0,0,0,0,0.0000,NaN,NaN,NaN,0
75.01,Hamad,Static,BCA,1.005,1.597,0.622,77.9,355.0,-2.197,1.378,13.812,NaN,NaN,NaN,World,Quad,91.6,NaN,13.575,NaN,1,0,CabinetD05,None,0,0,0,0,0.0000,NaN,NaN,NaN,0
75.11,Hamad,Static,BCA,1.031,1.593,0.595,81.9,354.8,-2.197,1.378,13.812,NaN,NaN,NaN,World,Quad,95.7,NaN,13.607,NaN,1,0,CabinetD05,None,0,0,0,0,0.0000,NaN,NaN,NaN,0
75.20,Hamad,Static,BCA,1.065,1.589,0.572,84.0,354.9,-2.197,1.378,13.812,NaN,NaN,NaN,World,Quad,97.9,NaN,13.638,NaN,1,0,CabinetD05,None,0,0,0,0,0.0000,NaN,NaN,NaN,0
75.30,Hamad,Static,BCA,1.098,1.582,0.553,85.4,355.5,-2.197,1.378,13.812,NaN,NaN,NaN,World,Quad,99.4,NaN,13.664,NaN,1,0,CabinetD05,None,0,0,0,0,0.0000,NaN,NaN,NaN,0
75.41,Hamad,Static,BCA,1.132,1.577,0.538,85.1,356.6,-2.197,1.378,13.812,NaN,NaN,NaN,World,Quad,99.2,NaN,13.686,NaN,1,0,CabinetD05,None,0,0,0,0,0.0000,NaN,NaN,NaN,0
75.51,Hamad,Static,BCA,1.156,1.575,0.529,83.9,357.2,-2.197,1.378,13.812,NaN,NaN,NaN,World,Quad,98.1,NaN,13.702,NaN,1,0,CabinetD05,None,0,0,0,0,0.0000,NaN,NaN,NaN,0
75.61,Hamad,Static,BCA,1.175,1.572,0.520,82.4,358.3,-2.197,1.378,13.812,NaN,NaN,NaN,World,Quad,96.7,NaN,13.715,NaN,1,0,CabinetD05,None,0,0,0,0,0.0000,NaN,NaN,NaN,0
75.70,Hamad,Static,BCA,1.189,1.570,0.513,81.3,359.0,-2.197,1.378,13.812,NaN,NaN,NaN,World,Quad,95.6,NaN,13.725,NaN,1,0,CabinetD05,None,0,0,0,0,0.0000,NaN,NaN,NaN,0
75.80,Hamad,Static,BCA,1.197,1.570,0.506,80.0,359.3,-2.197,1.378,13.812,NaN,NaN,NaN,World,Quad,94.3,NaN,13.734,NaN,1,0,CabinetD05,None,0,0,0,0,0.0000,NaN,NaN,NaN,0
75.91,Hamad,Static,BCA,1.202,1.570,0.499,79.2,359.6,-2.197,1.378,13.812,NaN,NaN,NaN,World,Quad,93.5,NaN,13.741,NaN,1,0,CabinetD05,None,0,0,0,0,0.0000,NaN,NaN,NaN,0
76.01,Hamad,Static,BCA,1.202,1.568,0.494,79.0,0.3,-2.197,1.378,13.812,NaN,NaN,NaN,World,Quad,93.3,NaN,13.747,NaN,1,0,CabinetD05,None,0,0,0,0,0.0000,NaN,NaN,NaN,0
76.11,Hamad,Static,BCA,1.200,1.567,0.489,78.5,1.4,-2.197,1.378,13.812,NaN,NaN,NaN,World,Quad,92.8,NaN,13.751,NaN,1,0,CabinetD05,None,0,0,0,0,0.0000,NaN,NaN,NaN,0
76.20,Hamad,Static,BCA,1.199,1.564,0.486,77.9,2.6,-2.197,1.378,13.812,NaN,NaN,NaN,World,Quad,92.2,NaN,13.753,NaN,1,0,CabinetD05,None,0,0,0,0,0.0000,NaN,NaN,NaN,0
76.30,Hamad,Static,BCA,1.195,1.565,0.482,77.2,2.2,-2.197,1.378,13.812,NaN,NaN,NaN,World,Quad,91.5,NaN,13.756,NaN,1,0,CabinetD05,None,0,0,0,0,0.0000,NaN,NaN,NaN,0
76.41,Hamad,Static,BCA,1.189,1.567,0.476,76.6,1.2,-2.197,1.378,13.812,NaN,NaN,NaN,World,Quad,90.8,NaN,13.761,NaN,1,0,CabinetD05,None,0,0,0,0,0.0000,NaN,NaN,NaN,0
76.51,Hamad,Static,BCA,1.183,1.566,0.468,76.3,0.9,-2.197,1.378,13.812,NaN,NaN,NaN,World,Quad,90.5,NaN,13.767,NaN,1,0,CabinetD05,None,0,0,0,0,0.0000,NaN,NaN,NaN,0
76.61,Hamad,Static,BCA,1.178,1.566,0.460,76.2,0.6,-2.197,1.378,13.812,NaN,NaN,NaN,World,Quad,90.4,NaN,13.773,NaN,1,0,CabinetD05,None,0,0,0,0,0.0000,NaN,NaN,NaN,0
76.70,Hamad,Static,BCA,1.175,1.566,0.452,76.1,0.3,-2.197,1.378,13.812,NaN,NaN,NaN,World,Quad,90.3,NaN,13.780,NaN,1,0,CabinetD05,None,0,0,0,0,0.0000,NaN,NaN,NaN,0
76.80,Hamad,Static,BCA,1.172,1.566,0.446,76.3,0.1,-2.197,1.378,13.812,NaN,NaN,NaN,World,Quad,90.4,NaN,13.786,NaN,1,0,CabinetD05,None,0,0,0,0,0.0000,NaN,NaN,NaN,0
76.91,Hamad,Static,BCA,1.169,1.566,0.440,76.4,0.1,-2.197,1.378,13.812,NaN,NaN,NaN,World,Quad,90.5,NaN,13.791,NaN,1,0,CabinetD05,None,0,0,0,0,0.0000,NaN,NaN,NaN,0
77.01,Hamad,Static,BCA,1.168,1.565,0.437,76.6,0.2,-2.197,1.378,13.812,NaN,NaN,NaN,World,Quad,90.7,NaN,13.793,NaN,1,0,CabinetD05,None,0,0,0,0,0.0000,NaN,NaN,NaN,0
77.11,Hamad,Static,BCA,1.166,1.566,0.436,76.4,0.1,-2.197,1.378,13.812,NaN,NaN,NaN,World,Quad,90.5,NaN,13.793,NaN,1,0,CabinetD05,None,0,0,0,0,0.0000,NaN,NaN,NaN,0
77.20,Hamad,Static,BCA,1.165,1.566,0.438,76.0,359.9,-2.197,1.378,13.812,NaN,NaN,NaN,World,Quad,90.1,NaN,13.792,NaN,1,0,CabinetD05,None,0,0,0,0,0.0000,NaN,NaN,NaN,0
77.30,Hamad,Static,BCA,1.165,1.566,0.441,75.8,359.9,-2.197,1.378,13.812,NaN,NaN,NaN,World,Quad,89.9,NaN,13.789,NaN,1,0,CabinetD05,None,0,0,0,0,0.0000,NaN,NaN,NaN,0
77.41,Hamad,Static,BCA,1.164,1.567,0.445,75.7,359.9,-2.197,1.378,13.812,NaN,NaN,NaN,World,Quad,89.8,NaN,13.785,NaN,1,0,CabinetD05,None,0,0,0,0,0.0000,NaN,NaN,NaN,0
77.51,Hamad,Static,BCA,1.163,1.568,0.450,75.2,359.7,-2.197,1.378,13.812,NaN,NaN,NaN,World,Quad,89.3,NaN,13.779,NaN,1,0,CabinetD05,None,0,0,0,0,0.0000,NaN,NaN,NaN,0
77.61,Hamad,Static,BCA,1.163,1.568,0.457,74.4,359.7,-2.197,1.378,13.812,NaN,NaN,NaN,World,Quad,88.5,NaN,13.772,NaN,1,0,CabinetD05,None,0,0,0,0,0.0000,NaN,NaN,NaN,0
77.70,Hamad,Static,BCA,1.162,1.571,0.469,71.0,359.3,-2.197,1.378,13.812,NaN,NaN,NaN,World,Quad,85.2,NaN,13.761,NaN,1,0,CabinetD05,None,0,0,0,0,0.0000,NaN,NaN,NaN,0
77.80,Hamad,Static,BCA,1.158,1.577,0.492,59.7,358.0,-2.197,1.378,13.812,NaN,NaN,NaN,World,Wall4m,73.8,NaN,13.738,NaN,1,0,CabinetD05,None,0,0,0,0,0.0000,NaN,NaN,NaN,0
77.91,Hamad,Static,BCA,1.142,1.584,0.528,36.1,355.5,-2.197,1.378,13.812,NaN,NaN,NaN,World,CabinetDCorner02,50.5,NaN,13.699,NaN,1,0,CabinetD05,None,0,0,0,0,0.0000,NaN,NaN,NaN,0
78.01,Hamad,Static,BCA,1.113,1.588,0.554,14.9,355.2,-2.197,1.378,13.812,NaN,NaN,NaN,World,CabinetDCorner02,29.4,NaN,13.666,NaN,1,0,CabinetD05,None,0,0,0,0,0.0000,NaN,NaN,NaN,0
78.11,Hamad,Static,BCA,1.076,1.589,0.571,357.5,355.5,-2.197,1.378,13.812,NaN,NaN,NaN,World,CabinetD05,12.6,NaN,13.642,NaN,1,0,CabinetD05,None,1,0,0,0,0.0000,NaN,NaN,NaN,0
78.20,Hamad,Static,BCA,1.040,1.592,0.581,347.1,355.4,-2.197,1.378,13.812,NaN,NaN,NaN,World,CabinetD05,5.6,NaN,13.623,NaN,1,0,CabinetD05,None,1,0,0,0,0.0000,NaN,NaN,NaN,0
78.30,Hamad,Static,BCA,1.008,1.594,0.591,342.4,354.6,-2.197,1.378,13.812,NaN,NaN,NaN,World,CabinetD06,7.5,NaN,13.606,NaN,1,0,CabinetD05,None,1,0,0,0,0.0000,NaN,NaN,NaN,0
78.41,Hamad,Static,BCA,0.977,1.595,0.605,343.5,354.0,-2.197,1.378,13.812,NaN,NaN,NaN,World,CabinetD06,7.6,NaN,13.585,NaN,1,0,CabinetD05,None,1,0,0,0,0.0000,NaN,NaN,NaN,0
78.51,Hamad,Static,BCA,0.950,1.597,0.622,347.6,353.7,-2.197,1.378,13.812,NaN,NaN,NaN,World,CabinetD05,7.3,NaN,13.563,NaN,1,0,CabinetD05,None,1,0,0,0,0.0000,NaN,NaN,NaN,0
78.61,Hamad,Static,BCA,0.923,1.601,0.640,349.9,353.5,-2.197,1.378,13.812,NaN,NaN,NaN,World,CabinetD05,8.1,NaN,13.539,NaN,1,0,CabinetD05,None,1,0,0,0,0.0000,NaN,NaN,NaN,0
78.70,Hamad,Static,BCA,0.896,1.603,0.658,350.8,353.2,-2.197,1.378,13.812,NaN,NaN,NaN,World,CabinetD05,8.7,NaN,13.515,NaN,1,0,CabinetD06,None,1,0,0,0,0.0000,NaN,NaN,NaN,0
78.80,Hamad,Static,BCA,0.871,1.605,0.674,350.6,353.2,-2.197,1.378,13.812,NaN,NaN,NaN,World,CabinetD05,8.7,NaN,13.494,NaN,1,0,CabinetD06,None,1,0,0,0,0.0000,NaN,NaN,NaN,0
78.91,Hamad,Static,BCA,0.849,1.605,0.690,350.4,353.7,-2.197,1.378,13.812,NaN,NaN,NaN,World,CabinetD05,8.1,NaN,13.473,NaN,1,0,CabinetD06,None,1,0,0,0,0.0000,NaN,NaN,NaN,0
79.01,Hamad,Static,BCA,0.836,1.605,0.701,350.7,353.5,-2.197,1.378,13.812,NaN,NaN,NaN,World,CabinetD05,8.3,NaN,13.460,NaN,1,0,CabinetD06,None,1,0,0,0,0.0000,NaN,NaN,NaN,0
79.11,Hamad,Static,BCA,0.827,1.605,0.709,350.9,353.5,-2.197,1.378,13.812,NaN,NaN,NaN,World,CabinetD05,8.5,NaN,13.449,NaN,1,0,CabinetD06,None,1,0,0,0,0.0000,NaN,NaN,NaN,0
79.20,Hamad,Static,BCA,0.822,1.604,0.716,351.8,353.9,-2.197,1.378,13.812,NaN,NaN,NaN,World,CabinetD05,8.5,NaN,13.442,NaN,1,0,CabinetD06,None,1,0,0,0,0.0000,NaN,NaN,NaN,0
79.30,Hamad,Static,BCA,0.820,1.602,0.720,353.7,354.4,-2.197,1.378,13.812,NaN,NaN,NaN,World,CabinetD05,9.4,NaN,13.437,NaN,1,0,CabinetD06,None,1,0,0,0,0.0000,NaN,NaN,NaN,0
79.41,Hamad,Static,BCA,0.826,1.594,0.729,359.5,358.8,-2.197,1.378,13.812,NaN,NaN,NaN,World,CabinetD05,12.7,NaN,13.430,NaN,1,0,CabinetD06,None,1,0,0,0,0.0000,NaN,NaN,NaN,0
79.51,Hamad,Static,BCA,0.839,1.585,0.737,5.4,3.4,-2.197,1.378,13.812,NaN,NaN,NaN,World,CabinetD05,18.6,NaN,13.425,NaN,1,0,CabinetD06,None,1,0,0,0,0.0000,NaN,NaN,NaN,0
79.61,Hamad,Static,BCA,0.858,1.578,0.742,10.1,7.0,-2.197,1.378,13.812,NaN,NaN,NaN,World,CabinetD05,24.0,NaN,13.424,NaN,1,0,CabinetD06,None,1,0,0,0,0.0000,NaN,NaN,NaN,0
79.70,Hamad,Static,BCA,0.885,1.575,0.745,12.1,8.5,-2.197,1.378,13.812,NaN,NaN,NaN,World,CabinetD05Door,26.4,NaN,13.427,NaN,1,0,CabinetD06,None,0,0,0,0,0.0000,NaN,NaN,NaN,0
79.80,Hamad,Static,BCA,0.916,1.573,0.747,11.9,9.6,-2.197,1.378,13.812,NaN,NaN,NaN,World,CabinetD05Door,26.6,NaN,13.432,NaN,1,0,CabinetD05,None,0,0,0,0,0.0000,NaN,NaN,NaN,0
79.91,Hamad,Static,BCA,0.953,1.571,0.752,10.8,10.8,-2.197,1.378,13.812,NaN,NaN,NaN,World,CabinetD05Door,26.1,NaN,13.436,NaN,1,0,CabinetD05,None,0,0,0,0,0.0000,NaN,NaN,NaN,0
80.01,Hamad,Static,BCA,0.985,1.570,0.755,9.8,11.4,-2.197,1.378,13.812,NaN,NaN,NaN,World,CabinetD05Door,25.6,NaN,13.440,NaN,1,0,CabinetD05,None,0,0,0,0,0.0000,NaN,NaN,NaN,0
80.11,Hamad,Static,BCA,1.016,1.568,0.756,9.4,12.0,-2.197,1.378,13.812,NaN,NaN,NaN,World,CabinetD05Door,25.6,NaN,13.447,NaN,1,0,CabinetD05,None,0,0,0,0,0.0000,NaN,NaN,NaN,0
80.20,Hamad,Static,BCA,1.043,1.566,0.753,9.2,12.3,-2.197,1.378,13.812,NaN,NaN,NaN,World,Wall4m,25.7,NaN,13.456,NaN,1,0,CabinetD05,None,0,0,0,0,0.0000,NaN,NaN,NaN,0
80.30,Hamad,Static,BCA,1.068,1.565,0.747,10.3,12.2,-2.197,1.378,13.812,NaN,NaN,NaN,World,Wall4m,26.7,NaN,13.469,NaN,1,0,CabinetD05,None,0,0,0,0,0.0000,NaN,NaN,NaN,0
80.41,Hamad,Static,BCA,1.096,1.564,0.734,13.7,11.7,-2.197,1.378,13.812,NaN,NaN,NaN,World,Wall4m,29.7,NaN,13.488,NaN,1,0,CabinetD05,None,0,0,0,0,0.0000,NaN,NaN,NaN,0
80.51,Hamad,Static,BCA,1.117,1.564,0.723,17.6,11.3,-2.197,1.378,13.812,NaN,NaN,NaN,World,Wall4m,33.3,NaN,13.504,NaN,1,0,CabinetD05,None,0,0,0,0,0.0000,NaN,NaN,NaN,0
80.61,Hamad,Static,BCA,1.134,1.566,0.708,24.2,11.1,-2.197,1.378,13.812,NaN,NaN,NaN,World,Wall4m,39.5,NaN,13.522,NaN,1,0,CabinetD05,None,0,0,0,0,0.0000,NaN,NaN,NaN,0
80.70,Hamad,Static,BCA,1.144,1.569,0.688,34.6,9.8,-2.197,1.378,13.812,NaN,NaN,NaN,World,Wall4m,49.5,NaN,13.544,NaN,1,0,CabinetD05,None,0,0,0,0,0.0000,NaN,NaN,NaN,0
80.80,Hamad,Static,BCA,1.144,1.572,0.659,49.6,7.5,-2.197,1.378,13.812,NaN,NaN,NaN,World,Wall4m,64.0,NaN,13.573,NaN,1,0,CabinetD05,None,0,0,0,0,0.0000,NaN,NaN,NaN,0
80.91,Hamad,Static,BCA,1.125,1.577,0.621,67.6,4.0,-2.197,1.378,13.812,NaN,NaN,NaN,World,Quad,81.7,NaN,13.604,NaN,1,0,CabinetD05,None,0,0,0,0,0.0000,NaN,NaN,NaN,0
81.01,Hamad,Static,BCA,1.099,1.583,0.594,80.9,0.7,-2.197,1.378,13.812,NaN,NaN,NaN,World,Quad,94.9,NaN,13.625,NaN,1,0,CabinetD05,None,0,0,0,0,0.0000,NaN,NaN,NaN,0
81.11,Hamad,Static,BCA,1.074,1.584,0.578,88.8,359.4,-2.197,1.378,13.812,NaN,NaN,NaN,World,Quad,102.7,NaN,13.634,NaN,1,0,CabinetD05,None,0,0,0,0,0.0000,NaN,NaN,NaN,0
81.20,Hamad,Static,BCA,1.058,1.583,0.568,92.7,358.8,-2.197,1.378,13.812,NaN,NaN,NaN,World,Quad,106.5,NaN,13.640,NaN,1,0,CabinetD05,None,0,0,0,0,0.0000,NaN,NaN,NaN,0
81.30,Hamad,Static,BCA,1.049,1.581,0.558,93.8,359.5,-2.197,1.378,13.812,NaN,NaN,NaN,World,Quad,107.6,NaN,13.647,NaN,1,0,CabinetD05,None,0,0,0,0,0.0000,NaN,NaN,NaN,0
81.41,Hamad,Static,BCA,1.047,1.580,0.548,93.1,0.4,-2.197,1.378,13.812,NaN,NaN,NaN,World,Quad,106.8,NaN,13.657,NaN,1,0,CabinetD05,None,0,0,0,0,0.0000,NaN,NaN,NaN,0
81.51,Hamad,Static,BCA,1.049,1.579,0.541,90.0,0.2,-2.197,1.378,13.812,NaN,NaN,NaN,World,Quad,103.8,NaN,13.664,NaN,1,0,CabinetD05,None,0,0,0,0,0.0000,NaN,NaN,NaN,0
81.61,Hamad,Static,BCA,1.056,1.579,0.536,85.6,360.0,-2.197,1.378,13.812,NaN,NaN,NaN,World,Quad,99.4,NaN,13.671,NaN,1,0,CabinetD05,None,0,0,0,0,0.0000,NaN,NaN,NaN,0
81.70,Hamad,Static,BCA,1.067,1.579,0.531,82.0,0.2,-2.197,1.378,13.812,NaN,NaN,NaN,World,Quad,95.8,NaN,13.678,NaN,1,0,CabinetD05,None,0,0,0,0,0.0000,NaN,NaN,NaN,0
81.80,Hamad,Static,BCA,1.079,1.579,0.525,79.8,0.7,-2.197,1.378,13.812,NaN,NaN,NaN,World,Quad,93.6,NaN,13.687,NaN,1,0,CabinetD05,None,0,0,0,0,0.0000,NaN,NaN,NaN,0
81.91,Hamad,Static,BCA,1.091,1.577,0.517,77.9,1.6,-2.197,1.378,13.812,NaN,NaN,NaN,World,Quad,91.7,NaN,13.697,NaN,1,0,CabinetD05,None,0,0,0,0,0.0000,NaN,NaN,NaN,0
82.01,Hamad,Static,BCA,1.099,1.575,0.513,76.4,1.9,-2.197,1.378,13.812,NaN,NaN,NaN,World,Quad,90.3,NaN,13.703,NaN,1,0,CabinetD05,None,0,0,0,0,0.0000,NaN,NaN,NaN,0
82.11,Hamad,Static,BCA,1.105,1.575,0.510,75.8,2.2,-2.197,1.378,13.812,NaN,NaN,NaN,World,Quad,89.7,NaN,13.707,NaN,1,0,CabinetD05,None,0,0,0,0,0.0000,NaN,NaN,NaN,0
82.20,Hamad,Static,BCA,1.109,1.575,0.508,75.9,2.2,-2.197,1.378,13.812,NaN,NaN,NaN,World,Quad,89.8,NaN,13.710,NaN,1,0,CabinetD05,None,0,0,0,0,0.0000,NaN,NaN,NaN,0
82.30,Hamad,Static,BCA,1.112,1.575,0.507,76.0,2.3,-2.197,1.378,13.812,NaN,NaN,NaN,World,Quad,89.9,NaN,13.712,NaN,1,0,CabinetD05,None,0,0,0,0,0.0000,NaN,NaN,NaN,0
82.41,Hamad,Static,BCA,1.115,1.575,0.506,76.3,2.3,-2.197,1.378,13.812,NaN,NaN,NaN,World,Quad,90.2,NaN,13.714,NaN,1,0,CabinetD05,None,0,0,0,0,0.0000,NaN,NaN,NaN,0
82.51,Hamad,Static,BCA,1.117,1.575,0.506,76.3,2.4,-2.197,1.378,13.812,NaN,NaN,NaN,World,Quad,90.3,NaN,13.714,NaN,1,0,CabinetD05,None,0,0,0,0,0.0000,NaN,NaN,NaN,0
82.61,Hamad,Static,BCA,1.119,1.575,0.505,76.4,2.5,-2.197,1.378,13.812,NaN,NaN,NaN,World,Quad,90.3,NaN,13.715,NaN,1,0,CabinetD05,None,0,0,0,0,0.0000,NaN,NaN,NaN,0
82.70,Hamad,Static,BCA,1.121,1.575,0.505,76.9,2.5,-2.197,1.378,13.812,NaN,NaN,NaN,World,Quad,90.8,NaN,13.716,NaN,1,0,CabinetD05,None,0,0,0,0,0.0000,NaN,NaN,NaN,0
82.80,Hamad,Static,BCA,1.122,1.575,0.504,76.9,2.6,-2.197,1.378,13.812,NaN,NaN,NaN,World,Quad,90.9,NaN,13.717,NaN,1,0,CabinetD05,None,0,0,0,0,0.0000,NaN,NaN,NaN,0
82.91,Hamad,Static,BCA,1.125,1.574,0.505,76.8,3.1,-2.197,1.378,13.812,NaN,NaN,NaN,World,Quad,90.8,NaN,13.717,NaN,1,0,CabinetD05,None,0,0,0,0,0.0000,NaN,NaN,NaN,0
83.01,Hamad,Static,BCA,1.126,1.573,0.511,73.5,4.3,-2.197,1.378,13.812,NaN,NaN,NaN,World,Quad,87.4,NaN,13.711,NaN,1,0,CabinetD05,None,0,0,0,0,0.0000,NaN,NaN,NaN,0
83.11,Hamad,Static,BCA,1.128,1.567,0.529,63.8,8.3,-2.197,1.378,13.812,NaN,NaN,NaN,World,Quad,77.9,NaN,13.694,NaN,1,0,CabinetD05,None,0,0,0,0,0.0000,NaN,NaN,NaN,0
83.20,Hamad,Static,BCA,1.129,1.559,0.550,54.0,13.0,-2.197,1.378,13.812,NaN,NaN,NaN,World,Wall4m,68.5,NaN,13.674,NaN,1,0,CabinetD05,None,0,0,0,0,0.0000,NaN,NaN,NaN,0
83.30,Hamad,Static,BCA,1.126,1.556,0.568,46.2,15.1,-2.197,1.378,13.812,NaN,NaN,NaN,World,Wall4m,61.2,NaN,13.656,NaN,1,0,CabinetD05,None,0,0,0,0,0.0000,NaN,NaN,NaN,0
83.41,Hamad,Static,BCA,1.119,1.556,0.588,36.3,15.7,-2.197,1.378,13.812,NaN,NaN,NaN,World,KitchenOven07,51.8,NaN,13.635,NaN,1,0,CabinetD05,None,0,0,0,0,0.0000,NaN,NaN,NaN,0
83.51,Hamad,Static,BCA,1.107,1.558,0.602,26.0,14.8,-2.197,1.378,13.812,NaN,NaN,NaN,World,Wall4m,42.0,NaN,13.619,NaN,1,0,CabinetD05,None,0,0,0,0,0.0000,NaN,NaN,NaN,0
83.61,Hamad,Static,BCA,1.094,1.560,0.610,18.3,14.4,-2.197,1.378,13.812,NaN,NaN,NaN,World,Wall4m,34.7,NaN,13.607,NaN,1,0,CabinetD05,None,0,0,0,0,0.0000,NaN,NaN,NaN,0
83.70,Hamad,Static,BCA,1.083,1.561,0.617,14.0,14.2,-2.197,1.378,13.812,NaN,NaN,NaN,World,Wall4m,30.7,NaN,13.598,NaN,1,0,CabinetD05,None,0,0,0,0,0.0000,NaN,NaN,NaN,0
83.80,Hamad,Static,BCA,1.073,1.561,0.623,12.2,14.0,-2.197,1.378,13.812,NaN,NaN,NaN,World,Wall4m,29.1,NaN,13.590,NaN,1,0,CabinetD05,None,0,0,0,0,0.0000,NaN,NaN,NaN,0
83.91,Hamad,Static,BCA,1.068,1.562,0.629,14.5,13.5,-2.197,1.378,13.812,NaN,NaN,NaN,World,Wall4m,30.9,NaN,13.583,NaN,1,0,CabinetD05,None,0,0,0,0,0.0000,NaN,NaN,NaN,0
84.01,Hamad,Static,BCA,1.065,1.564,0.636,16.7,12.4,-2.197,1.378,13.812,NaN,NaN,NaN,World,Wall4m,32.5,NaN,13.575,NaN,1,0,CabinetD05,None,0,0,0,0,0.0000,NaN,NaN,NaN,0
84.11,Hamad,Static,BCA,1.060,1.566,0.647,17.9,11.8,-2.197,1.378,13.812,NaN,NaN,NaN,World,Wall4m,33.4,NaN,13.564,NaN,1,0,CabinetD05,None,0,0,0,0,0.0000,NaN,NaN,NaN,0
84.20,Hamad,Static,BCA,1.053,1.566,0.659,18.5,12.0,-2.197,1.378,13.812,NaN,NaN,NaN,World,Wall4m,34.0,NaN,13.550,NaN,1,0,CabinetD05,None,0,0,0,0,0.0000,NaN,NaN,NaN,0
84.30,Hamad,Static,BCA,1.044,1.566,0.674,17.0,12.1,-2.197,1.378,13.812,NaN,NaN,NaN,World,Wall4m,32.7,NaN,13.533,NaN,1,0,CabinetD05,None,0,0,0,0,0.0000,NaN,NaN,NaN,0
84.41,Hamad,Static,BCA,1.037,1.565,0.693,15.3,12.4,-2.197,1.378,13.812,NaN,NaN,NaN,World,Wall4m,31.2,NaN,13.513,NaN,1,0,CabinetD05,None,0,0,0,0,0.0000,NaN,NaN,NaN,0
84.51,Hamad,Static,BCA,1.032,1.562,0.710,13.5,13.2,-2.197,1.378,13.812,NaN,NaN,NaN,World,Wall4m,29.8,NaN,13.496,NaN,1,0,CabinetD05,None,0,0,0,0,0.0000,NaN,NaN,NaN,0
84.61,Hamad,Static,BCA,1.031,1.558,0.724,13.3,14.5,-2.197,1.378,13.812,NaN,NaN,NaN,World,Wall4m,30.2,NaN,13.482,NaN,1,0,CabinetD05,None,0,0,0,0,0.0000,NaN,NaN,NaN,0
84.70,Hamad,Static,BCA,1.034,1.554,0.734,15.7,16.1,-2.197,1.378,13.812,NaN,NaN,NaN,World,Wall4m,33.0,NaN,13.473,NaN,1,0,CabinetD05,None,0,0,0,0,0.0000,NaN,NaN,NaN,0
84.80,Hamad,Static,BCA,1.044,1.551,0.733,22.0,17.5,-2.197,1.378,13.812,NaN,NaN,NaN,World,Wall4m,39.1,NaN,13.475,NaN,1,0,CabinetD05,None,0,0,0,0,0.0000,NaN,NaN,NaN,0
84.91,Hamad,Static,BCA,1.064,1.548,0.730,27.0,18.1,-2.197,1.378,13.812,NaN,NaN,NaN,World,KitchenOven07,43.9,NaN,13.484,NaN,1,0,CabinetD05,None,0,0,0,0,0.0000,NaN,NaN,NaN,0
85.01,Hamad,Static,BCA,1.094,1.542,0.731,30.6,19.4,-2.197,1.378,13.812,NaN,NaN,NaN,World,KitchenOven07,47.6,NaN,13.490,NaN,1,0,CabinetD05,None,0,0,0,0,0.0000,NaN,NaN,NaN,0
85.11,Hamad,Static,BCA,1.137,1.535,0.738,31.7,20.7,-2.197,1.378,13.812,NaN,NaN,NaN,World,KitchenOven07,49.2,NaN,13.493,NaN,1,0,CabinetD05,None,0,0,0,0,0.0000,NaN,NaN,NaN,0
85.20,Hamad,Static,BCA,1.190,1.526,0.745,30.7,22.0,-2.197,1.378,13.812,NaN,NaN,NaN,World,KitchenOven07,48.9,NaN,13.499,NaN,1,0,CabinetD05,None,0,0,0,0,0.0000,NaN,NaN,NaN,0
85.30,Hamad,Static,BCA,1.253,1.516,0.764,26.2,22.1,-2.197,1.378,13.812,NaN,NaN,NaN,World,KitchenOven07,45.4,NaN,13.497,NaN,1,0,CabinetD05Door,None,0,0,0,0,0.0000,NaN,NaN,NaN,0
85.41,Hamad,Static,BCA,1.327,1.492,0.792,22.5,23.9,-2.197,1.378,13.812,NaN,NaN,NaN,World,KitchenOven07,43.3,NaN,13.489,NaN,1,0,CabinetD05Door,None,0,0,0,0,0.0000,NaN,NaN,NaN,0
85.51,Hamad,Static,BCA,1.379,1.470,0.817,19.2,25.6,-2.197,1.378,13.812,NaN,NaN,NaN,World,KitchenOven07,41.8,NaN,13.479,NaN,1,0,CabinetD05,None,0,0,0,0,0.0000,NaN,NaN,NaN,0
85.61,Hamad,Static,BCA,1.416,1.452,0.837,15.1,26.5,-2.197,1.378,13.812,NaN,NaN,NaN,World,KitchenOven07,39.5,NaN,13.469,NaN,1,0,CabinetDCorner02,None,0,0,0,0,0.0000,NaN,NaN,NaN,0
85.70,Hamad,Static,BCA,1.440,1.443,0.848,12.5,27.8,-2.197,1.378,13.812,NaN,NaN,NaN,World,KitchenOven07,38.5,NaN,13.465,NaN,1,0,CabinetDCorner02,None,0,0,0,0,0.0000,NaN,NaN,NaN,0
85.80,Hamad,Static,BCA,1.456,1.446,0.848,12.9,28.2,-2.197,1.378,13.812,NaN,NaN,NaN,World,KitchenOven07,39.2,NaN,13.470,NaN,1,0,CabinetDCorner02,None,0,0,0,0,0.0000,NaN,NaN,NaN,0
85.91,Hamad,Static,BCA,1.465,1.455,0.837,14.6,27.0,-2.197,1.378,13.812,NaN,NaN,NaN,World,KitchenOven07,39.5,NaN,13.483,NaN,1,0,CabinetDCorner02,None,0,0,0,0,0.0000,NaN,NaN,NaN,0
86.01,Hamad,Static,BCA,1.466,1.467,0.820,17.5,26.0,-2.197,1.378,13.812,NaN,NaN,NaN,World,KitchenOven07,41.1,NaN,13.499,NaN,1,0,CabinetDCorner02,None,0,0,0,0,0.0000,NaN,NaN,NaN,0
86.11,Hamad,Static,BCA,1.457,1.484,0.799,21.4,24.5,-2.197,1.378,13.812,NaN,NaN,NaN,World,KitchenOven07,43.2,NaN,13.517,NaN,1,0,CabinetDCorner02,None,0,0,0,0,0.0000,NaN,NaN,NaN,0
86.20,Hamad,Static,BCA,1.439,1.505,0.770,28.7,21.5,-2.197,1.378,13.812,NaN,NaN,NaN,World,KitchenOven07,48.0,NaN,13.540,NaN,1,0,CabinetDCorner02,None,0,0,0,0,0.0000,NaN,NaN,NaN,0
86.30,Hamad,Static,BCA,1.411,1.525,0.733,38.8,17.6,-2.197,1.378,13.812,NaN,NaN,NaN,World,KitchenOven07,55.9,NaN,13.568,NaN,1,0,CabinetD05,None,0,0,0,0,0.0000,NaN,NaN,NaN,0
86.41,Hamad,Static,BCA,1.364,1.546,0.683,53.4,12.4,-2.197,1.378,13.812,NaN,NaN,NaN,World,Wall4m,68.9,NaN,13.604,NaN,1,0,CabinetD05Door,None,0,0,0,0,0.0000,NaN,NaN,NaN,0
86.51,Hamad,Static,BCA,1.317,1.563,0.642,66.1,6.5,-2.197,1.378,13.812,NaN,NaN,NaN,World,Quad,81.0,NaN,13.633,NaN,1,0,CabinetD05Door,None,0,0,0,0,0.0000,NaN,NaN,NaN,0
86.61,Hamad,Static,BCA,1.272,1.574,0.606,78.0,2.5,-2.197,1.378,13.812,NaN,NaN,NaN,World,Quad,92.7,NaN,13.655,NaN,1,0,CabinetD05Door,None,0,0,0,0,0.0000,NaN,NaN,NaN,0
86.70,Hamad,Static,BCA,1.233,1.582,0.581,86.6,359.8,-2.197,1.378,13.812,NaN,NaN,NaN,World,Quad,101.1,NaN,13.670,NaN,1,0,CabinetD05,None,0,0,0,0,0.0000,NaN,NaN,NaN,0
86.80,Hamad,Static,BCA,1.200,1.586,0.563,90.0,358.0,-2.197,1.378,13.812,NaN,NaN,NaN,World,Quad,104.4,NaN,13.679,NaN,1,0,CabinetD05,None,0,0,0,0,0.0000,NaN,NaN,NaN,0
86.91,Hamad,Static,BCA,1.173,1.588,0.546,91.9,356.2,-2.197,1.378,13.812,NaN,NaN,NaN,World,Quad,106.1,NaN,13.689,NaN,1,0,CabinetD05,None,0,0,0,0,0.0000,NaN,NaN,NaN,0
87.01,Hamad,Static,BCA,1.160,1.589,0.533,91.4,355.3,-2.197,1.378,13.812,NaN,NaN,NaN,World,Quad,105.6,NaN,13.699,NaN,1,0,CabinetD05,None,0,0,0,0,0.0000,NaN,NaN,NaN,0
87.11,Hamad,Static,BCA,1.156,1.589,0.518,90.2,355.6,-2.197,1.378,13.812,NaN,NaN,NaN,World,Quad,104.4,NaN,13.712,NaN,1,0,CabinetD05,None,0,0,0,0,0.0000,NaN,NaN,NaN,0
87.20,Hamad,Static,BCA,1.156,1.588,0.502,88.5,356.1,-2.197,1.378,13.812,NaN,NaN,NaN,World,Quad,102.7,NaN,13.727,NaN,1,0,CabinetD05,None,0,0,0,0,0.0000,NaN,NaN,NaN,0
87.30,Hamad,Static,BCA,1.161,1.588,0.486,87.0,356.5,-2.197,1.378,13.812,NaN,NaN,NaN,World,Quad,101.2,NaN,13.745,NaN,1,0,CabinetD05,None,0,0,0,0,0.0000,NaN,NaN,NaN,0
87.41,Hamad,Static,BCA,1.166,1.588,0.466,86.3,357.2,-2.197,1.378,13.812,NaN,NaN,NaN,World,Quad,100.5,NaN,13.765,NaN,1,0,CabinetD05,None,0,0,0,0,0.0000,NaN,NaN,NaN,0
87.51,Hamad,Static,BCA,1.171,1.587,0.452,85.0,357.4,-2.197,1.378,13.812,NaN,NaN,NaN,World,Quad,99.1,NaN,13.780,NaN,1,0,CabinetD05,None,0,0,0,0,0.0000,NaN,NaN,NaN,0
87.61,Hamad,Static,BCA,1.174,1.587,0.439,83.5,357.6,-2.197,1.378,13.812,NaN,NaN,NaN,World,Quad,97.7,NaN,13.793,NaN,1,0,CabinetD05,None,0,0,0,0,0.0000,NaN,NaN,NaN,0
87.70,Hamad,Static,BCA,1.177,1.585,0.428,81.6,358.4,-2.197,1.378,13.812,NaN,NaN,NaN,World,Quad,95.8,NaN,13.805,NaN,1,0,CabinetD05,None,0,0,0,0,0.0000,NaN,NaN,NaN,0
87.80,Hamad,Static,BCA,1.180,1.583,0.417,79.7,359.2,-2.197,1.378,13.812,NaN,NaN,NaN,World,Quad,93.9,NaN,13.816,NaN,1,0,CabinetD05,None,0,0,0,0,0.0000,NaN,NaN,NaN,0
87.91,Hamad,Static,BCA,1.182,1.581,0.408,75.6,359.8,-2.197,1.378,13.812,NaN,NaN,NaN,World,Quad,89.7,NaN,13.825,NaN,1,0,CabinetD05,None,0,0,0,0,0.0000,NaN,NaN,NaN,0
88.01,Hamad,Static,BCA,1.184,1.580,0.404,70.5,0.3,-2.197,1.378,13.812,NaN,NaN,NaN,World,Quad,84.6,NaN,13.829,NaN,1,0,CabinetD05,None,0,0,0,0,0.0000,NaN,NaN,NaN,0
88.11,Hamad,Static,BCA,1.188,1.579,0.401,65.4,1.4,-2.197,1.378,13.812,NaN,NaN,NaN,World,Quad,79.5,NaN,13.833,NaN,1,0,CabinetD05,None,0,0,0,0,0.0000,NaN,NaN,NaN,0
88.20,Hamad,Static,BCA,1.193,1.578,0.398,61.1,2.4,-2.197,1.378,13.812,NaN,NaN,NaN,World,Quad,75.3,NaN,13.837,NaN,1,0,CabinetD05,None,0,0,0,0,0.0000,NaN,NaN,NaN,0
88.30,Hamad,Static,BCA,1.198,1.581,0.395,58.2,1.2,-2.197,1.378,13.812,NaN,NaN,NaN,World,Quad,72.4,NaN,13.841,NaN,1,0,CabinetD05,None,0,0,0,0,0.0000,NaN,NaN,NaN,0
88.41,Hamad,Static,BCA,1.203,1.581,0.388,57.7,2.1,-2.197,1.378,13.812,NaN,NaN,NaN,World,Quad,71.9,NaN,13.850,NaN,1,0,CabinetD05,None,0,0,0,0,0.0000,NaN,NaN,NaN,0
88.51,Hamad,Static,BCA,1.208,1.576,0.378,59.2,4.6,-2.197,1.378,13.812,NaN,NaN,NaN,World,Quad,73.4,NaN,13.860,NaN,1,0,CabinetD05,None,0,0,0,0,0.0000,NaN,NaN,NaN,0
88.61,Hamad,Static,BCA,1.211,1.576,0.370,60.5,4.4,-2.197,1.378,13.812,NaN,NaN,NaN,World,Quad,74.7,NaN,13.869,NaN,1,0,CabinetD05,None,0,0,0,0,0.0000,NaN,NaN,NaN,0
88.70,Hamad,Static,BCA,1.212,1.576,0.360,62.6,4.3,-2.197,1.378,13.812,NaN,NaN,NaN,World,Quad,76.8,NaN,13.879,NaN,1,0,CabinetD05,None,0,0,0,0,0.0000,NaN,NaN,NaN,0
88.80,Hamad,Static,BCA,1.213,1.578,0.353,64.1,4.0,-2.197,1.378,13.812,NaN,NaN,NaN,World,Quad,78.3,NaN,13.886,NaN,1,0,CabinetD05,None,0,0,0,0,0.0000,NaN,NaN,NaN,0
88.91,Hamad,Static,BCA,1.213,1.580,0.348,64.2,2.9,-2.197,1.378,13.812,NaN,NaN,NaN,World,Quad,78.4,NaN,13.891,NaN,1,0,CabinetD05,None,0,0,0,0,0.0000,NaN,NaN,NaN,0
89.01,Hamad,Static,BCA,1.213,1.585,0.348,63.1,3.1,-2.197,1.378,13.812,NaN,NaN,NaN,World,Quad,77.2,NaN,13.891,NaN,1,0,CabinetD05,None,0,0,0,0,0.0000,NaN,NaN,NaN,0
89.11,Hamad,Static,BCA,1.210,1.610,0.358,59.8,359.0,-2.197,1.378,13.812,NaN,NaN,NaN,World,Quad,74.0,NaN,13.881,NaN,1,0,CabinetD05,None,0,0,0,0,0.0000,NaN,NaN,NaN,0
89.20,Hamad,Static,BCA,1.199,1.642,0.370,55.8,354.6,-2.197,1.378,13.812,NaN,NaN,NaN,World,Wall4m,70.1,NaN,13.867,NaN,1,0,CabinetD05,None,0,0,0,0,0.0000,NaN,NaN,NaN,0
89.30,Hamad,Static,BCA,1.181,1.680,0.383,51.5,356.3,-2.197,1.378,13.812,NaN,NaN,NaN,World,Wall4m,65.8,NaN,13.851,NaN,1,0,CabinetD05,None,0,0,0,0,0.0000,NaN,NaN,NaN,0
89.41,Hamad,Static,BCA,1.154,1.717,0.405,46.8,357.6,-2.197,1.378,13.812,NaN,NaN,NaN,World,Wall4m,60.9,NaN,13.824,NaN,1,0,CabinetD05,None,0,0,0,0,0.0000,NaN,NaN,NaN,0
89.51,Hamad,Static,BCA,1.137,1.716,0.424,39.4,1.1,-2.197,1.378,13.812,NaN,NaN,NaN,World,CabinetDCorner02,53.4,NaN,13.801,NaN,1,0,CabinetD05,None,0,0,0,0,0.0000,NaN,NaN,NaN,0
89.61,Hamad,Static,BCA,1.123,1.681,0.442,34.8,5.3,-2.197,1.378,13.812,NaN,NaN,NaN,World,CabinetDCorner02,48.8,NaN,13.779,NaN,1,0,CabinetD05,None,0,0,0,0,0.0000,NaN,NaN,NaN,0
89.70,Hamad,Static,BCA,1.115,1.630,0.462,29.0,12.6,-2.197,1.378,13.812,NaN,NaN,NaN,World,Wall4m,44.0,NaN,13.757,NaN,1,0,CabinetD05,None,0,0,0,0,0.0000,NaN,NaN,NaN,0
89.80,Hamad,Static,BCA,1.107,1.582,0.489,27.5,25.3,-2.197,1.378,13.812,NaN,NaN,NaN,World,KitchenOven07,46.8,NaN,13.728,NaN,1,0,CabinetD05,None,0,0,0,0,0.0000,NaN,NaN,NaN,0
89.95,Hamad,Static,BCA,1.000,0.000,0.500,0.0,0.0,-2.197,1.378,13.812,NaN,NaN,NaN,World,CabinetDCorner01,14.7,NaN,13.760,NaN,1,0,CabinetD01,None,1,0,0,0,0.0000,NaN,NaN,NaN,0
