Time,ParticipantID,Scenario,Sequence,HeadX,HeadY,HeadZ,HeadYaw,HeadPitch,VideoX,VideoY,VideoZ,InstX,InstY,InstZ,GazeTarget,HitObjectName,AngleToVideo,AngleToInst,VideoDist,InstDist,VideoOcc,InstOcc,VideoOccHitName,InstOccHitName,VideoInCone,InstInCone,VideoVisible,InstVisible,VideoSpeed,InstSpeed,PanelSeparation,ScreenOverlapPct,BothVisible
0.00,Hamad,AUIT_Multi,BCA,1.000,0.000,0.500,0.0,0.0,-2.197,1.378,13.812,-26.067,0.000,792.755,World,CabinetDCorner01,14.7,2.0,13.760,792.717,1,1,CabinetD01,CabinetDCorner01,1,1,0,0,0.0000,0.0000,779.309,0.000,0
0.17,Hamad,AUIT_Multi,BCA,1.000,0.000,0.500,0.0,0.0,-1.463,1.055,10.528,-18.765,0.000,583.235,World,CabinetDCorner01,15.0,1.9,10.380,583.070,1,1,CabinetD01,CabinetDCorner01,1,1,0,0,19.7669,1225.8310,572.969,0.047,0
0.20,Hamad,AUIT_Multi,BCA,1.000,0.000,0.500,0.0,0.0,0.263,0.131,2.645,1.079,0.000,12.317,World,CabinetDCorner01,19.2,0.4,2.272,11.817,1,1,CabinetD01,Floor,1,1,0,0,260.5623,18326.0300,9.707,0.000,0
0.31,Hamad,AUIT_Multi,BCA,1.000,0.000,0.500,0.0,0.0,0.485,0.009,1.664,1.466,0.018,1.579,World,CabinetDCorner01,23.9,23.4,1.273,1.176,1,0,CabinetD02,None,1,1,0,1,9.4706,100.4504,0.985,0.000,0
0.41,Hamad,AUIT_Multi,BCA,1.000,0.000,0.500,0.0,0.0,0.510,0.001,1.604,1.432,0.099,1.481,World,CabinetDCorner01,23.9,24.3,1.208,1.077,1,0,CabinetD02,None,1,1,0,1,0.6784,1.3536,0.936,0.000,0
0.50,Hamad,AUIT_Multi,BCA,1.000,0.000,0.500,0.0,0.0,0.513,0.000,1.597,1.426,0.117,1.461,World,CabinetDCorner01,23.9,24.7,1.201,1.057,1,0,CabinetD02,None,1,1,0,1,0.0733,0.2884,0.931,0.000,0
0.60,Hamad,AUIT_Multi,BCA,1.000,0.000,0.500,0.0,0.0,0.513,0.000,1.597,1.426,0.120,1.458,World,CabinetDCorner01,23.9,24.8,1.200,1.055,1,0,CabinetD02,None,1,1,0,1,0.0081,0.0383,0.931,0.000,0
0.71,Hamad,AUIT_Multi,BCA,1.000,0.000,0.500,0.0,0.0,0.555,-0.003,1.529,1.305,0.079,1.272,World,CabinetDCorner01,23.4,22.2,1.121,0.834,1,0,Floor,None,1,1,0,1,0.7188,2.0278,0.797,0.000,0
0.81,Hamad,AUIT_Multi,BCA,1.000,0.000,0.500,0.0,0.0,0.597,-0.007,1.464,1.188,0.040,1.094,World,CabinetDCorner01,22.7,18.0,1.045,0.624,1,0,Floor,None,1,1,0,0,0.7824,2.2045,0.700,0.000,0
0.91,Hamad,AUIT_Multi,BCA,1.000,0.000,0.500,0.0,0.0,0.639,-0.010,1.400,1.251,0.066,1.219,World,CabinetDCorner01,21.9,19.8,0.970,0.764,1,0,Floor,None,1,1,0,0,0.7965,1.4808,0.643,0.000,0
1.01,Hamad,AUIT_Multi,BCA,1.295,1.594,0.360,21.1,355.7,0.694,0.061,1.336,1.369,0.166,1.355,World,CabinetDCorner02,72.5,61.0,1.914,1.742,0,0,None,None,0,0,0,0,1.0870,2.0223,0.683,0.000,0
1.13,Hamad,AUIT_Multi,BCA,1.261,1.595,0.362,6.8,355.6,0.877,0.490,1.100,1.999,1.479,1.287,World,CabinetDCorner02,64.3,33.3,1.382,1.188,0,0,None,None,0,0,0,0,4.3223,12.0572,1.507,0.000,0
1.22,Hamad,AUIT_Multi,BCA,1.246,1.595,0.361,359.3,354.8,0.861,0.469,1.077,1.808,1.537,1.211,World,Wall4m,63.7,35.2,1.389,1.021,0,0,None,None,0,0,0,0,0.3926,2.4040,1.434,0.000,0
1.33,Hamad,AUIT_Multi,BCA,1.242,1.597,0.360,359.4,354.3,0.885,0.455,0.997,1.573,1.576,1.064,World,Wall4m,67.3,26.8,1.355,0.778,0,0,None,None,0,0,0,0,0.7752,2.5557,1.316,0.000,0
1.41,Hamad,AUIT_Multi,BCA,1.247,1.596,0.361,2.1,354.5,0.927,0.449,0.944,1.559,1.597,1.110,World,CabinetDCorner02,69.8,21.2,1.326,0.811,0,0,None,None,0,1,0,1,0.8039,0.6217,1.321,0.000,0
1.52,Hamad,AUIT_Multi,BCA,1.254,1.596,0.361,5.3,354.3,0.980,0.448,0.875,1.737,1.596,1.296,World,CabinetDCorner02,73.3,22.7,1.288,1.053,0,0,None,None,0,1,0,1,0.7824,2.3048,1.438,0.000,0
1.61,Hamad,AUIT_Multi,BCA,1.257,1.597,0.358,7.1,353.7,1.017,0.446,0.825,1.809,1.597,1.323,World,CabinetDCorner02,76.1,23.5,1.265,1.112,0,0,None,None,0,1,0,1,0.7446,0.9257,1.483,0.000,0
1.72,Hamad,AUIT_Multi,BCA,1.262,1.598,0.357,9.4,353.5,1.059,1.124,0.895,1.775,1.598,1.255,World,CabinetDCorner02,53.8,21.3,0.745,1.034,0,0,None,None,0,1,0,1,6.1370,0.6898,0.931,0.000,0
1.80,Hamad,AUIT_Multi,BCA,1.264,1.598,0.356,10.9,353.2,1.081,1.176,0.898,1.672,1.600,1.125,World,CabinetDCorner02,51.3,18.3,0.711,0.870,0,0,None,None,0,1,0,1,0.6797,1.9927,0.762,0.000,0
1.91,Hamad,AUIT_Multi,BCA,1.265,1.599,0.354,10.8,352.5,1.101,1.251,0.905,1.702,1.601,1.112,World,CabinetDCorner02,46.7,20.6,0.673,0.876,0,0,None,None,0,1,0,1,0.6960,0.2930,0.726,0.000,0
2.02,Hamad,AUIT_Multi,BCA,1.263,1.600,0.352,9.9,351.7,1.117,1.327,0.912,1.930,1.600,1.304,World,CabinetDCorner02,41.2,26.4,0.640,1.162,0,0,None,None,0,0,0,0,0.7026,2.6807,0.943,0.000,0
2.11,Hamad,AUIT_Multi,BCA,1.261,1.600,0.352,8.6,351.7,1.126,1.383,0.918,1.944,1.600,1.333,World,CabinetDCorner02,36.0,27.4,0.622,1.195,0,0,None,None,0,0,0,0,0.6871,0.3812,0.942,0.000,0
2.22,Hamad,AUIT_Multi,BCA,1.255,1.597,0.353,4.7,353.9,1.130,1.458,0.928,1.903,1.600,1.349,World,CabinetDCorner02,25.7,29.0,0.605,1.188,0,0,None,None,0,0,0,0,0.6842,0.3963,0.891,0.000,0
2.30,Hamad,AUIT_Multi,BCA,1.251,1.596,0.355,1.4,354.8,1.126,1.514,0.940,1.816,1.597,1.323,World,CabinetDCorner02,18.7,29.3,0.603,1.121,0,0,None,None,1,0,0,0,0.6814,1.0876,0.794,0.000,0
2.41,Hamad,AUIT_Multi,BCA,1.250,1.596,0.356,359.5,354.5,1.124,1.589,0.963,1.726,1.596,1.313,World,Quad,12.8,27.4,0.620,1.069,0,0,None,None,1,0,0,0,0.7060,0.8140,0.697,0.000,0
2.52,Hamad,AUIT_Multi,BCA,1.255,1.598,0.356,1.3,353.8,1.145,1.665,0.963,1.694,1.597,1.313,World,Quad,11.5,24.1,0.620,1.052,0,0,None,None,1,1,0,1,0.7096,0.2881,0.655,0.000,0
2.61,Hamad,AUIT_Multi,BCA,1.264,1.600,0.356,5.9,352.7,1.198,1.722,0.948,1.694,1.598,1.313,World,Quad,12.8,19.6,0.608,1.050,0,0,None,None,1,1,0,1,0.9515,0.0141,0.628,0.000,0
2.72,Hamad,AUIT_Multi,BCA,1.281,1.603,0.351,15.1,350.9,1.175,1.634,1.008,1.753,1.600,1.320,World,CabinetDCorner02,25.0,14.2,0.667,1.078,0,0,None,None,0,1,0,1,0.9791,0.5354,0.657,0.000,0
2.80,Hamad,AUIT_Multi,BCA,1.294,1.604,0.346,21.9,350.0,1.190,1.608,1.018,1.984,1.602,1.272,World,CabinetDCorner02,32.1,17.8,0.680,1.155,0,0,None,None,0,1,0,1,0.3715,2.8089,0.834,0.000,0
2.91,Hamad,AUIT_Multi,BCA,1.303,1.605,0.342,26.2,349.4,1.266,1.604,1.050,2.168,1.604,1.158,World,CabinetDCorner02,31.0,23.0,0.709,1.189,0,0,None,None,0,1,0,1,0.7459,1.9552,0.908,0.000,0
3.02,Hamad,AUIT_Multi,BCA,1.307,1.605,0.342,26.7,349.1,1.317,1.605,1.075,2.235,1.605,1.097,World,CabinetDCorner02,28.0,26.4,0.733,1.197,0,0,None,None,0,0,0,0,0.5117,0.8190,0.918,0.000,0
3.11,Hamad,AUIT_Multi,BCA,1.308,1.605,0.344,26.4,348.6,1.326,1.605,1.073,2.245,1.605,1.089,World,CabinetDCorner02,27.4,27.4,0.730,1.198,0,0,None,None,0,0,0,0,0.1051,0.1544,0.920,0.000,0
3.21,Hamad,AUIT_Multi,BCA,1.311,1.605,0.345,29.2,348.8,1.336,1.605,1.075,2.256,1.605,1.080,World,CabinetDCorner02,29.4,25.3,0.731,1.197,0,0,None,None,0,0,0,0,0.1046,0.1405,0.920,0.000,0
3.30,Hamad,AUIT_Multi,BCA,1.316,1.606,0.343,33.5,348.6,1.375,1.605,1.076,2.294,1.605,1.033,World,Wall4m,30.9,24.0,0.736,1.197,0,0,None,None,0,1,0,1,0.4037,0.6162,0.919,0.000,0
3.40,Hamad,AUIT_Multi,BCA,1.320,1.606,0.340,37.6,348.6,1.427,1.606,1.076,2.340,1.606,0.967,World,Wall4m,31.3,23.6,0.744,1.197,0,0,None,None,0,1,0,1,0.5361,0.8295,0.919,0.000,0
3.51,Hamad,AUIT_Multi,BCA,1.328,1.606,0.334,44.0,348.9,1.503,1.606,1.076,2.397,1.606,0.869,World,Wall4m,32.5,22.3,0.763,1.195,0,0,None,None,0,1,0,1,0.6785,1.0230,0.918,0.000,0
3.61,Hamad,AUIT_Multi,BCA,1.331,1.605,0.332,46.8,349.7,1.581,1.605,1.077,2.445,1.605,0.767,World,Wall4m,29.8,24.1,0.785,1.196,0,0,None,None,0,1,0,1,0.8033,1.1513,0.918,0.000,0
3.71,Hamad,AUIT_Multi,BCA,1.330,1.603,0.334,47.6,350.4,1.625,1.605,1.077,2.377,1.609,0.704,World,Wall4m,27.5,24.7,0.800,1.110,0,0,None,None,0,1,0,1,0.4549,0.9601,0.839,0.000,0
3.80,Hamad,AUIT_Multi,BCA,1.325,1.604,0.339,44.7,350.3,1.634,1.604,1.078,2.093,1.623,0.649,World,Wall4m,23.9,24.7,0.801,0.829,0,0,None,None,1,1,1,1,0.0908,2.9756,0.629,0.000,1
3.90,Hamad,AUIT_Multi,BCA,1.309,1.604,0.350,34.2,349.9,1.575,1.604,1.078,1.806,1.637,0.605,World,Quad,17.3,29.2,0.775,0.559,0,0,None,None,1,0,0,0,0.6040,2.9891,0.528,0.000,0
4.01,Hamad,AUIT_Multi,BCA,1.285,1.605,0.363,17.7,349.4,1.370,1.605,1.058,2.151,1.611,0.996,World,CabinetDCorner02,15.0,37.4,0.700,1.072,0,0,None,None,1,0,0,0,1.8500,4.6929,0.783,0.000,0
4.11,Hamad,AUIT_Multi,BCA,1.263,1.606,0.369,4.1,349.3,1.181,1.605,1.018,2.042,1.606,1.251,World,CabinetDCorner02,15.5,38.7,0.654,1.176,0,0,None,None,1,0,0,0,1.9919,2.8483,0.892,0.000,0
4.21,Hamad,AUIT_Multi,BCA,1.241,1.605,0.371,352.2,350.0,0.898,1.605,1.197,1.770,1.606,1.277,World,Quad,17.8,39.1,0.895,1.049,0,0,None,None,1,0,1,0,3.4496,2.8127,0.876,0.000,0
4.30,Hamad,AUIT_Multi,BCA,1.221,1.603,0.370,343.7,351.4,0.609,1.605,1.309,1.544,1.605,1.112,World,Quad,18.8,40.6,1.121,0.809,0,0,None,None,1,0,1,0,3.1910,2.8797,0.956,0.000,0
4.40,Hamad,AUIT_Multi,BCA,1.208,1.601,0.370,340.7,353.1,0.504,1.603,1.198,1.333,1.605,0.951,World,CabinetD05,22.1,32.1,1.087,0.594,0,0,None,None,1,0,1,0,1.5708,2.7242,0.865,0.000,0
4.51,Hamad,AUIT_Multi,BCA,1.194,1.600,0.366,337.9,353.8,0.443,1.601,1.143,1.276,1.601,1.216,World,CabinetD06,22.7,28.3,1.080,0.854,0,0,None,None,1,0,1,0,0.7340,2.4393,0.836,0.000,0
4.61,Hamad,AUIT_Multi,BCA,1.182,1.599,0.363,335.7,354.2,0.396,1.600,1.099,1.233,1.600,1.302,World,CabinetD06,23.2,28.0,1.077,0.940,0,0,None,None,1,0,1,0,0.6712,0.9910,0.861,0.000,0
4.71,Hamad,AUIT_Multi,BCA,1.179,1.599,0.363,338.6,354.7,0.377,1.599,1.071,1.204,1.599,1.319,World,CabinetD06,27.7,23.4,1.070,0.956,0,0,None,None,0,1,0,1,0.3382,0.3426,0.863,0.000,0
4.80,Hamad,AUIT_Multi,BCA,1.177,1.600,0.360,342.3,353.6,0.413,1.599,1.117,1.254,1.599,1.312,World,CabinetD05,28.3,23.2,1.076,0.956,0,0,None,None,0,1,0,1,0.5930,0.5213,0.864,0.000,0
4.90,Hamad,AUIT_Multi,BCA,1.174,1.601,0.356,343.5,352.6,0.434,1.600,1.158,1.295,1.600,1.310,World,CabinetD05,27.1,24.8,1.091,0.962,0,0,None,None,0,1,0,1,0.4803,0.4208,0.874,0.000,0
5.01,Hamad,AUIT_Multi,BCA,1.176,1.602,0.355,347.4,352.0,0.451,1.601,1.207,1.336,1.601,1.310,World,CabinetD05,28.8,23.5,1.119,0.968,0,0,None,None,0,1,0,1,0.4664,0.3697,0.891,0.000,0
5.11,Hamad,AUIT_Multi,BCA,1.182,1.603,0.355,351.9,351.4,0.470,1.602,1.302,1.402,1.602,1.311,World,CabinetD05,30.0,22.7,1.185,0.981,0,0,None,None,0,1,0,1,0.9987,0.6770,0.932,0.000,0
5.21,Hamad,AUIT_Multi,BCA,1.186,1.603,0.355,354.6,351.1,0.533,1.603,1.356,1.476,1.603,1.312,World,CabinetD05Door,29.0,23.9,1.195,1.000,0,0,None,None,0,1,0,1,0.8481,0.7593,0.944,0.000,0
5.31,Hamad,AUIT_Multi,BCA,1.193,1.603,0.356,357.7,351.1,0.644,1.603,1.286,1.533,1.603,1.312,World,Wall4m,29.5,23.6,1.080,1.016,0,0,None,None,0,1,0,1,1.3368,0.5854,0.890,0.000,0
5.40,Hamad,AUIT_Multi,BCA,1.198,1.603,0.357,360.0,350.9,0.777,1.603,1.167,1.599,1.603,1.313,World,Wall4m,28.8,24.4,0.914,1.037,0,0,None,None,0,1,0,1,1.8417,0.6839,0.835,0.000,0
5.51,Hamad,AUIT_Multi,BCA,1.204,1.603,0.358,0.9,351.0,0.846,1.603,1.113,1.645,1.603,1.314,World,Wall4m,27.6,25.5,0.836,1.053,0,0,None,None,0,0,0,0,0.7881,0.4157,0.824,0.000,0
5.61,Hamad,AUIT_Multi,BCA,1.210,1.603,0.358,2.4,351.0,0.879,1.603,1.089,1.671,1.603,1.314,World,CabinetDCorner02,28.1,25.0,0.802,1.061,0,0,None,None,0,1,0,1,0.4275,0.2677,0.824,0.000,0
5.71,Hamad,AUIT_Multi,BCA,1.219,1.604,0.357,5.8,350.4,0.927,1.603,1.055,1.717,1.603,1.315,World,CabinetDCorner02,30.0,23.7,0.756,1.079,0,0,None,None,0,1,0,1,0.5972,0.4657,0.832,0.000,0
5.80,Hamad,AUIT_Multi,BCA,1.232,1.605,0.355,13.0,349.8,1.003,1.604,1.022,1.837,1.604,1.338,World,CabinetDCorner02,33.4,21.2,0.705,1.154,0,0,None,None,0,1,0,1,0.8584,1.2613,0.891,0.000,0
5.90,Hamad,AUIT_Multi,BCA,1.245,1.605,0.353,20.8,349.8,1.104,1.605,1.011,1.982,1.605,1.281,World,CabinetDCorner02,34.3,20.3,0.673,1.185,0,0,None,None,0,1,0,1,1.0387,1.6017,0.919,0.000,0
6.01,Hamad,AUIT_Multi,BCA,1.255,1.605,0.351,27.2,350.0,1.215,1.605,1.028,2.126,1.605,1.165,World,CabinetDCorner02,32.0,22.0,0.678,1.192,0,0,None,None,0,1,0,1,1.0098,1.6566,0.921,0.000,0
6.11,Hamad,AUIT_Multi,BCA,1.259,1.605,0.350,30.3,349.9,1.281,1.605,1.056,2.201,1.605,1.087,World,CabinetDCorner02,30.0,23.8,0.706,1.196,0,0,None,None,0,1,0,1,0.7438,1.1157,0.920,0.000,0
6.21,Hamad,AUIT_Multi,BCA,1.262,1.605,0.349,33.1,350.0,1.329,1.605,1.077,2.247,1.605,1.029,World,CabinetDCorner02,29.4,24.3,0.731,1.197,0,0,None,None,0,1,0,1,0.5348,0.7601,0.919,0.000,0
6.31,Hamad,AUIT_Multi,BCA,1.264,1.605,0.348,34.6,350.1,1.365,1.605,1.078,2.280,1.605,0.984,World,Wall4m,28.3,25.2,0.737,1.198,0,0,None,None,0,0,0,0,0.3657,0.5696,0.920,0.000,0
6.40,Hamad,AUIT_Multi,BCA,1.264,1.605,0.347,35.1,349.8,1.385,1.605,1.078,2.297,1.605,0.958,World,Wall4m,27.5,26.3,0.741,1.200,0,0,None,None,0,0,0,0,0.2053,0.3206,0.920,0.000,0
6.51,Hamad,AUIT_Multi,BCA,1.262,1.606,0.347,33.8,349.3,1.389,1.605,1.077,2.300,1.605,0.951,World,CabinetDCorner02,26.1,28.0,0.742,1.201,0,0,None,None,0,0,0,0,0.0392,0.0716,0.920,0.000,0
6.61,Hamad,AUIT_Multi,BCA,1.259,1.605,0.348,31.7,349.6,1.368,1.606,1.077,2.282,1.606,0.978,World,CabinetDCorner02,25.4,28.5,0.737,1.201,0,0,None,None,0,0,0,0,0.2184,0.3287,0.920,0.000,0
6.71,Hamad,AUIT_Multi,BCA,1.261,1.605,0.349,32.3,349.6,1.351,1.605,1.078,2.267,1.605,1.000,World,CabinetDCorner02,27.2,26.8,0.734,1.199,0,0,None,None,0,0,0,0,0.1743,0.2740,0.920,0.000,0
6.81,Hamad,AUIT_Multi,BCA,1.264,1.605,0.348,33.9,349.9,1.359,1.605,1.078,2.275,1.605,0.991,World,CabinetDCorner02,28.2,25.6,0.736,1.198,0,0,None,None,0,0,0,0,0.0843,0.1181,0.920,0.000,0
6.90,Hamad,AUIT_Multi,BCA,1.271,1.605,0.346,36.0,350.0,1.385,1.605,1.078,2.297,1.605,0.961,World,Wall4m,28.7,25.1,0.741,1.196,0,0,None,None,0,0,0,0,0.2640,0.3862,0.920,0.000,0
7.01,Hamad,AUIT_Multi,BCA,1.277,1.604,0.344,36.5,350.3,1.412,1.605,1.077,2.319,1.605,0.931,World,Wall4m,27.7,25.9,0.746,1.196,0,0,None,None,0,0,0,0,0.2426,0.3382,0.920,0.000,0
7.11,Hamad,AUIT_Multi,BCA,1.282,1.604,0.342,38.6,350.5,1.431,1.604,1.077,2.335,1.604,0.909,World,Wall4m,28.7,24.8,0.750,1.196,0,0,None,None,0,1,0,1,0.2036,0.2734,0.919,0.000,0
7.21,Hamad,AUIT_Multi,BCA,1.291,1.604,0.337,43.3,350.6,1.470,1.604,1.077,2.364,1.604,0.863,World,Wall4m,31.0,22.6,0.762,1.195,0,0,None,None,0,1,0,1,0.3983,0.5616,0.919,0.000,0
7.31,Hamad,AUIT_Multi,BCA,1.299,1.603,0.330,49.6,351.1,1.552,1.604,1.077,2.293,1.603,0.783,World,Wall4m,32.1,18.2,0.789,1.092,0,0,None,None,0,1,0,1,0.8374,1.0946,0.798,0.000,0
7.40,Hamad,AUIT_Multi,BCA,1.306,1.603,0.323,55.8,351.4,1.656,1.603,1.078,2.084,1.601,0.716,World,Wall4m,31.9,11.4,0.833,0.872,0,0,None,None,0,1,0,1,1.0737,2.2612,0.560,0.000,0
7.51,Hamad,AUIT_Multi,BCA,1.308,1.602,0.314,60.9,351.4,1.779,1.602,1.079,1.841,1.598,0.645,World,Wall4m,30.4,9.3,0.898,0.627,0,0,None,None,0,1,0,0,1.1032,2.2736,0.438,0.000,0
7.61,Hamad,AUIT_Multi,BCA,1.308,1.603,0.312,62.8,350.9,1.861,1.602,1.079,2.378,1.601,0.432,World,Wall4m,28.4,22.7,0.946,1.077,0,0,None,None,0,1,0,1,0.8482,5.9508,0.829,0.000,0
7.71,Hamad,AUIT_Multi,BCA,1.308,1.603,0.314,62.2,350.7,1.896,1.603,1.080,2.490,1.602,0.370,World,Wall4m,26.3,26.6,0.965,1.183,0,0,None,None,0,0,0,0,0.3534,1.3070,0.925,0.000,0
7.81,Hamad,AUIT_Multi,BCA,1.308,1.603,0.319,59.8,350.6,1.874,1.603,1.080,2.504,1.603,0.389,World,Wall4m,24.9,28.4,0.948,1.197,0,0,None,None,1,0,1,0,0.2185,0.2348,0.935,0.000,0
7.90,Hamad,AUIT_Multi,BCA,1.316,1.604,0.318,61.6,350.3,1.849,1.603,1.080,2.505,1.603,0.417,World,Wall4m,28.2,25.5,0.930,1.194,0,0,None,None,0,0,0,0,0.2610,0.2947,0.933,0.000,0
8.01,Hamad,AUIT_Multi,BCA,1.329,1.602,0.315,66.0,351.5,1.914,1.603,1.082,2.518,1.603,0.362,World,Wall4m,29.8,23.2,0.965,1.190,0,0,None,None,0,1,0,1,0.5849,0.5037,0.939,0.000,0
8.11,Hamad,AUIT_Multi,BCA,1.339,1.600,0.307,71.3,352.2,2.050,1.602,1.112,2.528,1.602,0.274,World,Wall4m,30.7,21.6,1.074,1.190,0,0,None,None,0,1,0,1,1.4378,0.9144,0.964,0.000,0
8.21,Hamad,AUIT_Multi,BCA,1.346,1.600,0.301,74.9,352.3,2.196,1.601,1.113,2.530,1.601,0.168,World,Wall4m,29.5,22.8,1.175,1.192,0,0,None,None,0,1,0,1,1.4973,1.0901,1.002,0.000,0
8.31,Hamad,AUIT_Multi,BCA,1.349,1.600,0.300,76.0,352.6,2.246,1.601,1.071,2.490,1.602,0.127,World,Wall4m,27.6,23.7,1.183,1.155,0,0,None,None,0,1,0,1,0.6699,0.5975,0.975,0.000,0
8.40,Hamad,AUIT_Multi,BCA,1.348,1.600,0.306,73.4,352.4,2.199,1.608,1.023,2.253,1.617,0.261,World,Wall4m,24.5,20.5,1.113,0.906,0,0,None,None,1,1,1,1,0.6933,2.8064,0.764,0.000,1
8.51,Hamad,AUIT_Multi,BCA,1.341,1.601,0.325,60.9,352.0,2.148,1.616,0.968,1.985,1.633,0.469,World,Quad,11.9,17.3,1.032,0.661,0,0,None,None,1,1,1,0,0.6761,3.0563,0.526,0.000,0
8.61,Hamad,AUIT_Multi,BCA,1.326,1.602,0.346,44.2,351.8,2.016,1.623,0.917,2.359,1.610,0.600,World,Quad,9.2,32.8,0.895,1.063,0,0,None,None,1,0,1,0,1.4629,4.0838,0.467,0.000,0
8.71,Hamad,AUIT_Multi,BCA,1.307,1.603,0.362,27.6,351.9,1.925,1.630,0.870,2.389,1.603,0.834,World,CabinetDCorner02,23.7,39.5,0.801,1.180,0,0,None,None,1,0,1,0,1.0459,2.4231,0.466,1.000,0
8.80,Hamad,AUIT_Multi,BCA,1.294,1.603,0.371,17.6,352.3,1.856,1.637,0.813,2.247,1.603,1.088,World,CabinetDCorner02,34.4,36.2,0.716,1.193,0,0,None,None,0,0,0,0,0.9272,2.9962,0.479,1.000,0
8.90,Hamad,AUIT_Multi,BCA,1.282,1.601,0.378,9.8,353.6,1.791,1.643,0.761,1.925,1.603,0.983,World,CabinetDCorner02,43.1,37.4,0.639,0.883,0,0,None,None,0,0,0,0,0.8550,3.4759,0.262,1.000,0
9.01,Hamad,AUIT_Multi,BCA,1.282,1.602,0.380,10.7,353.8,1.737,1.651,0.706,1.586,1.603,0.856,World,CabinetDCorner02,43.4,22.7,0.562,0.564,0,0,None,None,0,1,0,0,0.7016,3.2651,0.218,0.000,0
9.11,Hamad,AUIT_Multi,BCA,1.290,1.602,0.378,16.3,353.7,1.829,1.658,0.669,1.223,1.602,1.120,World,CabinetDCorner02,45.1,22.3,0.615,0.745,0,0,None,None,0,1,0,0,1.0269,4.6183,0.757,0.000,0
9.21,Hamad,AUIT_Multi,BCA,1.290,1.602,0.376,16.7,353.6,1.797,1.665,0.621,1.171,1.602,1.216,World,CabinetDCorner02,47.2,25.5,0.567,0.849,0,0,None,None,0,0,0,0,0.5927,1.1236,0.866,0.000,0
9.30,Hamad,AUIT_Multi,BCA,1.282,1.603,0.374,14.7,352.8,1.799,1.658,0.688,1.160,1.602,1.224,World,CabinetDCorner02,43.7,24.0,0.607,0.858,0,0,None,None,0,1,0,1,0.6996,0.1382,0.835,0.000,0
9.40,Hamad,AUIT_Multi,BCA,1.269,1.601,0.377,8.1,353.0,1.871,1.612,1.070,1.104,1.602,1.239,World,CabinetDCorner02,33.4,20.1,0.918,0.878,0,0,None,None,0,1,0,1,4.0197,0.5989,0.785,0.000,0
9.51,Hamad,AUIT_Multi,BCA,1.247,1.599,0.378,356.1,353.6,1.690,1.602,1.095,0.871,1.601,1.444,World,Wall4m,36.0,16.8,0.843,1.131,0,0,None,None,0,1,0,1,1.6490,2.7931,0.890,0.000,0
9.61,Hamad,AUIT_Multi,BCA,1.232,1.600,0.375,347.4,353.0,1.512,1.600,1.088,0.654,1.600,1.405,World,CabinetD05,34.7,18.0,0.766,1.181,0,0,None,None,0,1,0,1,1.8324,2.2671,0.915,0.000,0
9.71,Hamad,AUIT_Multi,BCA,1.224,1.599,0.377,343.1,353.3,1.391,1.600,1.085,0.503,1.600,1.324,World,CabinetD05,30.8,21.4,0.728,1.190,0,0,None,None,0,1,0,1,1.2485,1.7601,0.919,0.000,0
9.80,Hamad,AUIT_Multi,BCA,1.220,1.598,0.379,338.9,353.7,1.320,1.599,1.069,0.419,1.599,1.264,World,CabinetD05,29.9,21.9,0.697,1.194,0,0,None,None,0,1,0,1,0.7488,1.0650,0.922,0.000,0
9.90,Hamad,AUIT_Multi,BCA,1.216,1.596,0.381,333.8,354.6,1.259,1.598,1.039,0.556,1.600,1.104,World,CabinetD06,30.3,16.9,0.659,0.979,0,0,None,None,0,1,0,1,0.6971,2.1734,0.706,0.000,0
10.01,Hamad,AUIT_Multi,BCA,1.211,1.595,0.381,327.5,355.2,1.184,1.596,1.019,0.792,1.602,0.879,World,CabinetD06,30.5,8.6,0.639,0.650,0,0,None,None,0,1,0,0,0.6958,2.9287,0.416,0.000,0
10.11,Hamad,AUIT_Multi,BCA,1.207,1.595,0.379,324.4,354.8,1.124,1.595,1.017,0.687,1.601,0.818,World,CabinetD06,28.6,15.0,0.644,0.681,0,0,None,None,0,1,0,0,0.6205,1.2519,0.480,0.000,0
10.21,Hamad,AUIT_Multi,BCA,1.207,1.596,0.378,324.8,354.4,1.094,1.596,1.017,0.249,1.596,0.943,World,CabinetD06,25.7,24.9,0.649,1.112,0,0,None,None,0,1,0,1,0.3110,4.6849,0.848,0.000,0
10.30,Hamad,AUIT_Multi,BCA,1.207,1.596,0.378,325.7,354.3,1.093,1.596,1.017,0.178,1.596,0.973,World,CabinetD06,24.7,26.3,0.648,1.189,0,0,None,None,1,0,0,0,0.0095,0.7976,0.916,0.000,0
10.40,Hamad,AUIT_Multi,BCA,1.206,1.596,0.380,326.0,354.3,1.087,1.597,1.000,0.353,1.600,0.927,World,CabinetD06,23.8,23.9,0.631,1.014,0,0,None,None,1,1,0,1,0.1849,1.8656,0.738,0.000,0
10.51,Hamad,AUIT_Multi,BCA,1.204,1.596,0.380,324.6,354.5,1.066,1.598,0.969,0.687,1.608,0.823,World,CabinetD06,22.7,14.6,0.605,0.681,0,0,None,None,1,1,0,0,0.3330,3.1348,0.405,0.000,0
10.61,Hamad,AUIT_Multi,BCA,1.201,1.596,0.377,322.2,354.2,1.047,1.599,0.943,0.658,1.608,0.835,World,CabinetD06,23.2,13.0,0.586,0.711,0,0,None,None,1,1,0,0,0.3338,0.3278,0.404,0.000,0
10.71,Hamad,AUIT_Multi,BCA,1.197,1.597,0.373,318.9,353.8,1.027,1.601,0.919,0.229,1.598,0.927,World,CabinetD06Door,24.5,20.0,0.572,1.115,0,0,None,None,1,1,0,1,0.3169,4.5075,0.798,0.000,0
10.80,Hamad,AUIT_Multi,BCA,1.197,1.597,0.372,319.0,353.5,1.006,1.602,0.900,0.134,1.597,0.906,World,CabinetD06Door,21.9,23.2,0.561,1.189,0,0,None,None,1,1,0,1,0.2986,1.0034,0.872,0.000,0
10.90,Hamad,AUIT_Multi,BCA,1.196,1.597,0.372,318.7,353.6,0.986,1.603,0.892,0.125,1.597,0.909,World,CabinetD06Door,20.0,23.0,0.561,1.199,0,0,None,None,1,1,0,1,0.2257,0.1029,0.861,0.000,0
11.01,Hamad,AUIT_Multi,BCA,1.198,1.597,0.372,319.0,353.6,0.969,1.605,0.864,0.124,1.597,0.910,World,Quad,16.9,23.3,0.542,1.201,0,0,None,None,1,1,0,1,0.2907,0.0092,0.847,0.000,0
11.11,Hamad,AUIT_Multi,BCA,1.200,1.598,0.371,319.6,353.1,0.966,1.606,0.814,0.125,1.597,0.909,World,Quad,13.9,23.9,0.501,1.202,0,0,None,None,1,1,0,1,0.5101,0.0137,0.846,0.000,0
11.21,Hamad,AUIT_Multi,BCA,1.202,1.598,0.370,320.2,352.7,0.957,1.607,0.783,0.127,1.598,0.908,World,Quad,11.1,24.6,0.480,1.202,0,0,None,None,1,1,0,1,0.3386,0.0236,0.839,0.000,0
11.30,Hamad,AUIT_Multi,BCA,1.202,1.598,0.369,319.9,352.9,0.943,1.609,0.756,0.129,1.598,0.907,World,Quad,8.5,24.2,0.466,1.201,0,0,None,None,1,1,0,1,0.3095,0.0195,0.828,0.000,0
11.40,Hamad,AUIT_Multi,BCA,1.200,1.598,0.366,318.2,352.8,0.923,1.601,1.089,0.129,1.598,0.907,World,CabinetD06Door,21.9,22.5,0.774,1.200,0,0,None,None,1,1,0,1,3.4330,0.0061,0.814,0.000,0
11.51,Hamad,AUIT_Multi,BCA,1.200,1.599,0.364,317.6,352.4,0.948,1.599,1.053,0.124,1.598,0.896,World,CabinetD06Door,23.6,22.5,0.734,1.200,0,0,None,None,1,1,0,1,0.3931,0.1074,0.839,0.000,0
11.61,Hamad,AUIT_Multi,BCA,1.198,1.599,0.362,316.4,352.5,0.949,1.599,1.050,0.109,1.599,0.865,World,CabinetD06Door,24.8,22.8,0.732,1.200,0,0,None,None,1,1,0,1,0.0325,0.3561,0.860,0.000,0
11.71,Hamad,AUIT_Multi,BCA,1.198,1.599,0.361,315.6,352.4,0.949,1.599,1.050,0.090,1.599,0.822,World,CabinetD06Door,25.6,24.2,0.732,1.199,0,0,None,None,0,1,0,1,0.0073,0.4865,0.889,0.000,0
11.80,Hamad,AUIT_Multi,BCA,1.197,1.599,0.360,315.2,352.6,0.949,1.599,1.049,0.078,1.599,0.793,World,CabinetD06Door,26.0,25.1,0.732,1.200,0,0,None,None,0,0,0,0,0.0048,0.3216,0.908,0.000,0
11.90,Hamad,AUIT_Multi,BCA,1.197,1.599,0.360,315.2,352.6,0.949,1.599,1.049,0.072,1.599,0.778,World,CabinetD06Door,26.0,25.8,0.733,1.200,0,0,None,None,0,0,0,0,0.0040,0.1685,0.918,0.000,0
12.01,Hamad,AUIT_Multi,BCA,1.198,1.598,0.360,315.4,352.6,0.952,1.598,1.047,0.073,1.598,0.777,World,CabinetD06Door,25.9,26.1,0.730,1.200,0,0,None,None,0,0,0,0,0.0326,0.0040,0.920,0.000,0
12.11,Hamad,AUIT_Multi,BCA,1.198,1.599,0.360,315.5,352.6,0.953,1.598,1.047,0.073,1.598,0.778,World,CabinetD06Door,25.9,26.1,0.729,1.200,0,0,None,None,0,0,0,0,0.0094,0.0080,0.920,0.000,0
12.21,Hamad,AUIT_Multi,BCA,1.197,1.599,0.360,315.5,352.6,0.954,1.599,1.047,0.073,1.599,0.779,World,CabinetD06Door,26.0,26.0,0.729,1.200,0,0,None,None,0,0,0,0,0.0081,0.0112,0.920,0.000,0
12.30,Hamad,AUIT_Multi,BCA,1.196,1.598,0.360,315.3,352.8,0.952,1.598,1.047,0.072,1.598,0.778,World,CabinetD06Door,26.1,25.8,0.730,1.199,0,0,None,None,0,0,0,0,0.0155,0.0093,0.920,0.000,0
12.40,Hamad,AUIT_Multi,BCA,1.195,1.598,0.360,314.6,352.9,0.948,1.598,1.050,0.070,1.598,0.774,World,CabinetD06Door,26.6,25.3,0.734,1.199,0,0,None,None,0,0,0,0,0.0575,0.0473,0.920,0.000,0
12.51,Hamad,AUIT_Multi,BCA,1.192,1.598,0.358,312.1,353.0,0.922,1.598,1.071,0.060,1.598,0.751,World,CabinetD06Door,27.9,23.9,0.763,1.198,0,0,None,None,0,1,0,1,0.2985,0.2293,0.919,0.000,0
12.61,Hamad,AUIT_Multi,BCA,1.187,1.599,0.353,307.9,352.6,0.807,1.598,1.228,0.040,1.598,0.694,World,Wall4m,29.5,22.5,0.954,1.197,0,0,None,None,0,1,0,1,2.0031,0.6179,0.934,0.000,0
12.71,Hamad,AUIT_Multi,BCA,1.183,1.599,0.349,304.0,352.6,0.656,1.599,1.358,0.016,1.599,0.609,World,Wall4m,29.2,22.6,1.138,1.196,0,0,None,None,0,1,0,1,2.0452,0.9147,0.985,0.000,0
12.80,Hamad,AUIT_Multi,BCA,1.181,1.597,0.347,301.9,353.1,0.569,1.598,1.368,-0.001,1.598,0.536,World,Refrigerator03_Door01,28.0,23.7,1.191,1.197,0,0,None,None,0,1,0,1,0.9033,0.7706,1.009,0.000,0
12.90,Hamad,AUIT_Multi,BCA,1.179,1.597,0.346,300.7,353.4,0.526,1.597,1.351,-0.010,1.597,0.491,World,Refrigerator03_Door01,27.1,24.6,1.198,1.198,0,0,None,None,0,1,0,1,0.4776,0.4722,1.013,0.000,0
13.01,Hamad,AUIT_Multi,BCA,1.177,1.597,0.347,299.6,353.3,0.507,1.597,1.326,-0.016,1.597,0.463,World,Refrigerator03_Door01,26.8,24.9,1.186,1.199,0,0,None,None,0,1,0,1,0.2812,0.2588,1.009,0.000,0
13.11,Hamad,AUIT_Multi,BCA,1.176,1.597,0.348,299.5,353.4,0.503,1.597,1.295,-0.019,1.597,0.442,World,Refrigerator03_Door01,25.9,25.7,1.161,1.199,0,0,None,None,0,0,0,0,0.3254,0.2106,0.999,0.000,0
13.21,Hamad,AUIT_Multi,BCA,1.178,1.597,0.351,303.0,353.2,0.497,1.597,1.326,-0.018,1.597,0.457,World,Wall4m,23.0,28.7,1.189,1.201,0,0,None,None,1,0,1,0,0.3313,0.1469,1.010,0.000,0
13.30,Hamad,AUIT_Multi,BCA,1.178,1.599,0.352,303.8,352.8,0.548,1.598,1.356,-0.010,1.598,0.517,World,Wall4m,25.1,26.8,1.185,1.200,0,0,None,None,0,0,0,0,0.6136,0.6222,1.008,0.000,0
13.40,Hamad,AUIT_Multi,BCA,1.174,1.598,0.350,300.5,353.1,0.545,1.598,1.359,-0.011,1.598,0.517,World,Refrigerator03_Door01,28.3,23.5,1.189,1.196,0,0,None,None,0,1,0,1,0.0505,0.0138,1.010,0.000,0
13.51,Hamad,AUIT_Multi,BCA,1.166,1.597,0.347,295.1,353.6,0.521,1.598,1.252,-0.024,1.598,0.435,World,Refrigerator03_Door01,30.1,21.7,1.112,1.194,0,0,None,None,0,1,0,1,0.9944,0.7431,0.982,0.000,0
13.61,Hamad,AUIT_Multi,BCA,1.161,1.598,0.342,291.4,353.0,0.475,1.597,1.163,-0.033,1.597,0.341,World,Refrigerator03_Door01,29.6,22.5,1.070,1.194,0,0,None,None,0,1,0,1,1.0248,0.9748,0.967,0.000,0
13.71,Hamad,AUIT_Multi,BCA,1.156,1.599,0.338,288.5,352.6,0.421,1.598,1.111,-0.036,1.598,0.260,World,Refrigerator03_Door01,28.8,23.4,1.067,1.195,0,0,None,None,0,1,0,1,0.7784,0.8304,0.965,0.000,0
13.80,Hamad,AUIT_Multi,BCA,1.153,1.598,0.338,287.6,353.0,0.377,1.598,1.081,-0.036,1.598,0.205,World,Refrigerator03_Door01,27.0,24.9,1.074,1.197,0,0,None,None,0,1,0,1,0.5436,0.5651,0.968,0.000,0
13.90,Hamad,AUIT_Multi,BCA,1.151,1.598,0.339,287.1,353.3,0.363,1.598,1.064,-0.037,1.598,0.183,World,Refrigerator03_Door01,26.3,25.4,1.071,1.198,0,0,None,None,0,0,0,0,0.2260,0.2269,0.967,0.000,0
14.01,Hamad,AUIT_Multi,BCA,1.150,1.598,0.341,287.4,353.1,0.360,1.598,1.057,0.159,1.596,0.254,World,Refrigerator03_Door01,25.6,23.4,1.066,0.994,0,0,None,None,0,1,0,1,0.0688,1.8805,0.827,0.000,0
14.11,Hamad,AUIT_Multi,BCA,1.149,1.597,0.343,287.9,353.4,0.360,1.598,1.057,0.423,1.594,0.357,World,Refrigerator03_Door01,25.0,18.1,1.064,0.727,0,0,None,None,0,1,0,0,0.0051,2.9077,0.702,0.000,0
14.21,Hamad,AUIT_Multi,BCA,1.149,1.597,0.345,288.7,353.3,0.360,1.598,1.057,0.529,1.593,0.411,World,Refrigerator03_Door01,24.3,14.4,1.062,0.624,0,0,None,None,1,1,1,0,0.0026,1.2259,0.667,0.000,0
14.30,Hamad,AUIT_Multi,BCA,1.149,1.598,0.347,289.1,353.2,0.360,1.598,1.057,0.055,1.597,0.281,World,Refrigerator03_Door01,23.8,23.5,1.061,1.096,0,0,None,None,1,1,1,1,0.0011,5.0474,0.834,0.000,1
14.40,Hamad,AUIT_Multi,BCA,1.149,1.597,0.349,290.1,353.3,0.369,1.598,1.065,-0.034,1.598,0.269,World,Refrigerator03_Door01,23.3,24.9,1.059,1.187,0,0,None,None,1,1,1,1,0.1190,0.9281,0.892,0.000,1
14.51,Hamad,AUIT_Multi,BCA,1.150,1.597,0.350,290.4,353.3,0.386,1.597,1.089,-0.046,1.597,0.268,World,Refrigerator03_Door01,24.5,25.2,1.062,1.199,0,0,None,None,1,0,1,0,0.2688,0.1089,0.928,0.000,0
14.61,Hamad,AUIT_Multi,BCA,1.150,1.598,0.350,290.4,353.1,0.391,1.598,1.100,-0.047,1.598,0.268,World,Refrigerator03_Door01,25.2,25.2,1.067,1.200,0,0,None,None,0,0,0,0,0.1284,0.0101,0.941,0.000,0
14.71,Hamad,AUIT_Multi,BCA,1.150,1.598,0.349,290.3,353.1,0.391,1.598,1.102,-0.047,1.598,0.264,World,Refrigerator03_Door01,25.4,25.3,1.069,1.200,0,0,None,None,0,0,0,0,0.0200,0.0391,0.946,0.000,0
14.80,Hamad,AUIT_Multi,BCA,1.149,1.598,0.348,290.2,353.2,0.391,1.598,1.102,-0.047,1.598,0.258,World,Refrigerator03_Door01,25.5,25.4,1.070,1.200,0,0,None,None,0,0,0,0,0.0028,0.0661,0.951,0.000,0
14.90,Hamad,AUIT_Multi,BCA,1.150,1.598,0.349,291.1,353.2,0.394,1.598,1.107,-0.047,1.598,0.256,World,Refrigerator03_Door01,24.9,26.3,1.071,1.201,0,0,None,None,1,0,1,0,0.0601,0.0116,0.958,0.000,0
15.01,Hamad,AUIT_Multi,BCA,1.155,1.598,0.355,296.4,353.6,0.417,1.598,1.139,-0.047,1.598,0.290,World,Refrigerator03_Door01,21.3,30.1,1.077,1.203,0,0,None,None,1,0,1,0,0.3574,0.3001,0.968,0.000,0
15.11,Hamad,AUIT_Multi,BCA,1.160,1.597,0.359,301.3,354.2,0.444,1.598,1.267,-0.042,1.598,0.395,World,Refrigerator03_Door01,21.2,30.1,1.156,1.203,0,0,None,None,1,0,1,0,1.3439,1.0832,0.999,0.000,0
15.21,Hamad,AUIT_Multi,BCA,1.163,1.597,0.361,303.2,354.3,0.498,1.597,1.351,-0.032,1.597,0.489,World,Wall4m,23.5,27.6,1.193,1.202,0,0,None,None,1,0,1,0,1.0208,0.9700,1.011,0.000,0
15.30,Hamad,AUIT_Multi,BCA,1.166,1.597,0.362,303.9,354.1,0.553,1.597,1.342,-0.024,1.597,0.531,World,Wall4m,24.8,26.4,1.156,1.202,0,0,None,None,1,0,1,0,0.5824,0.4380,0.996,0.000,0
15.40,Hamad,AUIT_Multi,BCA,1.166,1.597,0.360,303.9,354.2,0.572,1.597,1.341,-0.021,1.597,0.545,World,Wall4m,25.6,25.6,1.147,1.201,0,0,None,None,0,0,0,0,0.1875,0.1484,0.993,0.000,0
15.51,Hamad,AUIT_Multi,BCA,1.167,1.597,0.358,303.2,353.9,0.551,1.597,1.365,-0.021,1.597,0.538,World,Wall4m,26.0,25.3,1.180,1.201,0,0,None,None,0,0,0,0,0.2832,0.0628,1.005,0.000,0
15.61,Hamad,AUIT_Multi,BCA,1.173,1.595,0.357,304.0,354.6,0.550,1.597,1.359,-0.020,1.597,0.532,World,Wall4m,24.7,26.2,1.179,1.205,0,0,None,None,1,0,1,0,0.0656,0.0622,1.004,0.000,0
15.71,Hamad,AUIT_Multi,BCA,1.182,1.595,0.355,309.3,355.3,0.661,1.595,1.249,-0.006,1.595,0.573,World,Wall4m,21.0,29.3,1.035,1.207,0,0,None,None,1,0,1,0,1.5989,0.4420,0.950,0.000,0
15.80,Hamad,AUIT_Multi,BCA,1.187,1.595,0.347,313.9,355.1,0.828,1.595,1.096,0.023,1.595,0.660,World,CabinetD06Door,21.0,29.3,0.830,1.205,0,0,None,None,1,0,1,0,2.3418,0.9482,0.915,0.000,0
15.90,Hamad,AUIT_Multi,BCA,1.186,1.599,0.339,314.8,353.8,0.900,1.596,1.062,0.048,1.596,0.723,World,CabinetD06Door,24.5,26.8,0.777,1.201,0,0,None,None,1,0,0,0,0.8163,0.6929,0.918,0.000,0
16.01,Hamad,AUIT_Multi,BCA,1.182,1.599,0.334,315.0,353.4,0.915,1.599,1.059,0.054,1.599,0.740,World,CabinetD06Door,25.7,26.0,0.772,1.199,0,0,None,None,0,0,0,0,0.1386,0.1619,0.919,0.000,0
16.11,Hamad,AUIT_Multi,BCA,1.183,1.598,0.334,317.3,353.8,0.929,1.599,1.048,0.058,1.599,0.754,World,CabinetD06Door,23.9,27.4,0.759,1.201,0,0,None,None,1,0,0,0,0.1754,0.1555,0.919,0.000,0
16.21,Hamad,AUIT_Multi,BCA,1.189,1.598,0.334,322.0,354.1,0.972,1.598,1.025,0.080,1.598,0.803,World,CabinetD06Door,21.4,29.6,0.724,1.204,0,0,None,None,1,0,0,0,0.5114,0.5487,0.919,0.000,0
16.30,Hamad,AUIT_Multi,BCA,1.196,1.597,0.334,327.3,354.5,1.045,1.597,1.007,0.131,1.597,0.895,World,CabinetD06,20.7,30.0,0.690,1.204,0,0,None,None,1,0,0,0,0.7699,1.0849,0.921,0.000,0
16.40,Hamad,AUIT_Multi,BCA,1.200,1.599,0.336,329.1,353.3,1.104,1.598,1.004,0.181,1.598,0.972,World,CabinetD06,23.6,27.9,0.675,1.201,0,0,None,None,1,0,0,0,0.6020,0.9470,0.923,0.000,0
16.51,Hamad,AUIT_Multi,BCA,1.194,1.599,0.339,328.0,353.7,1.123,1.599,1.005,0.199,1.599,1.001,World,CabinetD06,26.6,25.1,0.670,1.196,0,0,None,None,0,0,0,0,0.1769,0.3057,0.924,0.000,0
16.61,Hamad,AUIT_Multi,BCA,1.189,1.597,0.335,324.9,354.6,1.104,1.598,1.006,0.180,1.598,0.980,World,CabinetD06,28.4,22.9,0.676,1.197,0,0,None,None,0,1,0,1,0.1990,0.2897,0.924,0.000,0
16.71,Hamad,AUIT_Multi,BCA,1.188,1.599,0.334,323.1,353.8,1.068,1.598,1.007,0.148,1.598,0.930,World,CabinetD06,27.4,24.1,0.684,1.199,0,0,None,None,0,1,0,1,0.3744,0.6141,0.923,0.000,0
16.80,Hamad,AUIT_Multi,BCA,1.188,1.597,0.338,324.6,354.1,1.055,1.598,1.007,0.137,1.598,0.913,World,CabinetD06,24.9,26.5,0.682,1.198,0,0,None,None,1,0,0,0,0.1269,0.2048,0.923,0.000,0
16.90,Hamad,AUIT_Multi,BCA,1.188,1.598,0.339,324.9,354.0,1.064,1.598,1.007,0.144,1.598,0.930,World,CabinetD06,25.3,26.0,0.679,1.200,0,0,None,None,0,0,0,0,0.0966,0.1843,0.924,0.000,0
17.01,Hamad,AUIT_Multi,BCA,1.191,1.599,0.340,326.7,353.3,1.074,1.598,1.006,0.152,1.598,0.944,World,CabinetD06,24.3,27.4,0.676,1.201,0,0,None,None,1,0,0,0,0.0887,0.1464,0.924,0.000,0
17.11,Hamad,AUIT_Multi,BCA,1.193,1.599,0.343,329.6,353.0,1.099,1.599,1.006,0.175,1.599,0.979,World,CabinetD06,23.4,28.3,0.670,1.200,0,0,None,None,1,0,0,0,0.2546,0.4326,0.924,0.000,0
17.21,Hamad,AUIT_Multi,BCA,1.194,1.599,0.345,331.1,352.8,1.129,1.599,1.007,0.205,1.599,1.023,World,CabinetD06,24.3,27.5,0.665,1.200,0,0,None,None,1,0,0,0,0.3099,0.5452,0.925,0.000,0
17.30,Hamad,AUIT_Multi,BCA,1.194,1.599,0.347,331.5,352.8,1.146,1.599,1.007,0.222,1.599,1.049,World,CabinetD06,25.3,26.6,0.662,1.199,0,0,None,None,0,0,0,0,0.1763,0.3212,0.925,0.000,0
17.40,Hamad,AUIT_Multi,BCA,1.193,1.599,0.348,331.3,353.1,1.152,1.599,1.008,0.228,1.599,1.060,World,CabinetD06,26.1,25.8,0.661,1.199,0,0,None,None,0,0,0,0,0.0600,0.1254,0.926,0.000,0
17.51,Hamad,AUIT_Multi,BCA,1.193,1.599,0.349,331.1,353.0,1.150,1.599,1.008,0.225,1.599,1.058,World,CabinetD06,26.1,25.8,0.661,1.200,0,0,None,None,0,0,0,0,0.0210,0.0270,0.926,0.000,0
17.61,Hamad,AUIT_Multi,BCA,1.191,1.598,0.348,329.3,353.1,1.144,1.599,1.008,0.219,1.599,1.051,World,CabinetD06,27.4,24.4,0.662,1.199,0,0,None,None,0,1,0,1,0.0580,0.0995,0.926,0.000,0
17.71,Hamad,AUIT_Multi,BCA,1.190,1.600,0.347,326.1,352.4,1.117,1.599,1.008,0.192,1.599,1.011,World,CabinetD06,28.5,23.7,0.665,1.199,0,0,None,None,0,1,0,1,0.2832,0.4953,0.925,0.000,0
17.80,Hamad,AUIT_Multi,BCA,1.194,1.601,0.350,326.3,351.9,1.093,1.600,1.008,0.169,1.600,0.975,World,CabinetD06,26.2,26.2,0.665,1.201,0,0,None,None,0,0,0,0,0.2450,0.4414,0.925,0.000,0
17.90,Hamad,AUIT_Multi,BCA,1.198,1.601,0.355,325.9,351.6,1.095,1.600,1.009,0.170,1.600,0.975,World,CabinetD06,26.4,26.0,0.662,1.201,0,0,None,None,0,0,0,0,0.0221,0.0169,0.925,0.000,0
18.01,Hamad,AUIT_Multi,BCA,1.194,1.601,0.356,319.9,351.6,1.070,1.601,1.013,0.149,1.601,0.939,World,CabinetD06Door,30.5,22.3,0.668,1.197,0,0,None,None,0,1,0,1,0.2220,0.3776,0.924,0.000,0
18.11,Hamad,AUIT_Multi,BCA,1.190,1.600,0.357,316.1,352.0,1.005,1.601,1.031,0.102,1.601,0.853,World,CabinetD06Door,29.5,23.0,0.700,1.196,0,0,None,None,0,1,0,1,0.7012,1.0116,0.920,0.000,0
18.21,Hamad,AUIT_Multi,BCA,1.190,1.599,0.359,315.7,352.5,0.960,1.600,1.047,0.075,1.600,0.798,World,CabinetD06Door,26.9,25.2,0.726,1.198,0,0,None,None,0,0,0,0,0.4861,0.6256,0.920,0.000,0
18.30,Hamad,AUIT_Multi,BCA,1.190,1.598,0.360,315.8,352.9,0.950,1.599,1.048,0.068,1.599,0.786,World,CabinetD06Door,25.9,25.9,0.729,1.200,0,0,None,None,0,0,0,0,0.1000,0.1401,0.920,0.000,0
18.40,Hamad,AUIT_Multi,BCA,1.192,1.597,0.362,315.9,353.4,0.951,1.598,1.047,0.068,1.598,0.787,World,CabinetD06Door,25.6,26.0,0.727,1.201,0,0,None,None,0,0,0,0,0.0148,0.0112,0.920,0.000,0
18.51,Hamad,AUIT_Multi,BCA,1.190,1.597,0.360,314.7,353.4,0.951,1.597,1.049,0.069,1.597,0.786,World,CabinetD06Door,26.9,24.7,0.729,1.200,0,0,None,None,0,1,0,1,0.0134,0.0104,0.920,0.000,0
18.61,Hamad,AUIT_Multi,BCA,1.188,1.596,0.358,312.1,353.9,0.915,1.597,1.079,0.057,1.597,0.753,World,CabinetD06Door,27.8,23.6,0.771,1.199,0,0,None,None,0,1,0,1,0.4803,0.3620,0.918,0.000,0
18.71,Hamad,AUIT_Multi,BCA,1.188,1.595,0.357,311.0,354.1,0.860,1.596,1.132,0.041,1.596,0.710,World,Wall4m,26.7,24.6,0.841,1.199,0,0,None,None,0,1,0,1,0.7905,0.4698,0.921,0.000,0
18.80,Hamad,AUIT_Multi,BCA,1.189,1.595,0.359,311.3,354.3,0.842,1.596,1.142,0.036,1.596,0.693,World,CabinetD06Door,25.4,25.8,0.857,1.200,0,0,None,None,0,0,0,0,0.2141,0.1898,0.923,0.000,0
18.90,Hamad,AUIT_Multi,BCA,1.190,1.595,0.360,311.7,354.3,0.862,1.595,1.106,0.038,1.595,0.697,World,CabinetD06Door,25.1,26.0,0.815,1.201,0,0,None,None,0,0,0,0,0.4250,0.0515,0.920,0.000,0
19.01,Hamad,AUIT_Multi,BCA,1.194,1.595,0.363,312.6,354.3,0.884,1.595,1.088,0.044,1.595,0.713,World,CabinetD06Door,24.8,26.3,0.788,1.202,0,0,None,None,1,0,0,0,0.2565,0.1541,0.919,0.000,0
19.11,Hamad,AUIT_Multi,BCA,1.195,1.595,0.363,313.0,354.4,0.899,1.595,1.079,0.050,1.595,0.727,World,CabinetD06Door,25.2,25.9,0.774,1.201,0,0,None,None,0,0,0,0,0.1841,0.1499,0.919,0.000,0
19.21,Hamad,AUIT_Multi,BCA,1.194,1.595,0.362,312.7,354.1,0.903,1.595,1.079,0.052,1.595,0.731,World,CabinetD06Door,25.8,25.4,0.773,1.200,0,0,None,None,0,0,0,0,0.0398,0.0474,0.919,0.000,0
19.30,Hamad,AUIT_Multi,BCA,1.196,1.595,0.362,312.6,354.0,0.901,1.595,1.080,0.052,1.595,0.728,World,CabinetD06Door,25.7,25.5,0.776,1.201,0,0,None,None,0,0,0,0,0.0241,0.0234,0.919,0.000,0
19.40,Hamad,AUIT_Multi,BCA,1.198,1.595,0.362,313.0,353.8,0.903,1.595,1.078,0.053,1.595,0.728,World,CabinetD06Door,25.3,26.0,0.774,1.201,0,0,None,None,0,0,0,0,0.0280,0.0144,0.919,0.000,0
19.51,Hamad,AUIT_Multi,BCA,1.198,1.595,0.362,313.2,353.9,0.913,1.595,1.070,0.057,1.595,0.735,World,CabinetD06Door,25.6,25.8,0.763,1.200,0,0,None,None,0,0,0,0,0.1202,0.0778,0.919,0.000,0
19.61,Hamad,AUIT_Multi,BCA,1.196,1.595,0.361,312.4,353.9,0.908,1.595,1.077,0.056,1.595,0.732,World,CabinetD06Door,26.3,25.1,0.771,1.199,0,0,None,None,0,0,0,0,0.0916,0.0339,0.919,0.000,0
19.71,Hamad,AUIT_Multi,BCA,1.194,1.594,0.361,311.7,354.3,0.888,1.595,1.096,0.050,1.595,0.718,World,CabinetD06Door,26.3,25.0,0.796,1.199,0,0,None,None,0,1,0,1,0.2838,0.1623,0.919,0.000,0
19.80,Hamad,AUIT_Multi,BCA,1.194,1.595,0.361,312.1,354.1,0.881,1.594,1.096,0.046,1.594,0.710,World,CabinetD06Door,25.4,25.9,0.799,1.200,0,0,None,None,0,0,0,0,0.0704,0.0869,0.920,0.000,0
19.90,Hamad,AUIT_Multi,BCA,1.194,1.595,0.362,312.1,354.3,0.888,1.595,1.089,0.048,1.595,0.715,World,CabinetD06Door,25.7,25.5,0.789,1.200,0,0,None,None,0,0,0,0,0.1011,0.0508,0.919,0.000,0
20.01,Hamad,AUIT_Multi,BCA,1.197,1.595,0.362,312.0,353.7,0.878,1.595,1.101,0.046,1.595,0.708,World,CabinetD06Door,25.3,26.0,0.805,1.202,0,0,None,None,0,0,0,0,0.1475,0.0645,0.920,0.000,0
20.11,Hamad,AUIT_Multi,BCA,1.196,1.594,0.363,311.9,354.3,0.893,1.595,1.083,0.050,1.595,0.716,World,CabinetD06Door,25.9,25.4,0.782,1.200,0,0,None,None,0,0,0,0,0.2457,0.0933,0.920,0.000,0
20.21,Hamad,AUIT_Multi,BCA,1.195,1.593,0.363,310.8,354.6,0.859,1.594,1.138,0.045,1.594,0.703,World,Wall4m,26.3,24.8,0.845,1.199,0,0,None,None,0,1,0,1,0.6623,0.1410,0.922,0.000,0
20.30,Hamad,AUIT_Multi,BCA,1.197,1.594,0.366,312.1,354.1,0.866,1.594,1.107,0.042,1.594,0.696,World,CabinetD06Door,24.5,26.7,0.813,1.201,0,0,None,None,1,0,1,0,0.3201,0.0801,0.920,0.000,0
20.40,Hamad,AUIT_Multi,BCA,1.203,1.594,0.371,315.7,353.9,0.911,1.594,1.066,0.055,1.594,0.732,World,CabinetD06Door,22.3,28.8,0.755,1.203,0,0,None,None,1,0,0,0,0.6281,0.3945,0.918,0.000,0
20.51,Hamad,AUIT_Multi,BCA,1.197,1.594,0.364,309.9,353.5,0.938,1.594,1.072,0.072,1.594,0.771,World,Wall4m,30.7,21.0,0.754,1.196,0,0,None,None,0,1,0,1,0.2529,0.3831,0.917,0.000,0
20.61,Hamad,AUIT_Multi,BCA,1.182,1.596,0.348,298.4,353.2,0.683,1.595,1.321,0.027,1.595,0.623,World,Refrigerator03_Door01,35.0,16.5,1.094,1.187,0,0,None,None,0,1,0,1,3.6766,1.5882,0.958,0.000,0
20.71,Hamad,AUIT_Multi,BCA,1.172,1.597,0.337,290.4,353.5,0.528,1.596,1.209,-0.012,1.596,0.406,World,Refrigerator03_Door01,33.7,18.3,1.084,1.185,0,0,None,None,0,1,0,1,1.9632,2.2742,0.968,0.000,0
20.80,Hamad,AUIT_Multi,BCA,1.167,1.596,0.333,285.7,354.0,0.421,1.596,1.097,-0.021,1.596,0.239,World,Refrigerator03_Door01,30.5,21.0,1.068,1.192,0,0,None,None,0,1,0,1,1.6015,1.7164,0.965,0.000,0
20.90,Hamad,AUIT_Multi,BCA,1.165,1.595,0.331,281.6,354.4,0.334,1.596,1.041,-0.014,1.596,0.133,World,Refrigerator03,29.5,21.8,1.093,1.196,0,0,None,None,0,1,0,1,1.0578,1.0930,0.973,0.000,0
21.01,Hamad,AUIT_Multi,BCA,1.162,1.594,0.330,278.0,354.9,0.219,1.595,1.008,0.002,1.595,0.034,World,Refrigerator03,28.1,22.8,1.162,1.197,0,0,None,None,0,1,0,1,1.0794,0.8977,0.997,0.000,0
21.11,Hamad,AUIT_Multi,BCA,1.159,1.593,0.331,277.3,355.1,0.187,1.594,0.969,0.013,1.594,-0.016,World,Refrigerator03,26.3,24.6,1.163,1.198,0,0,None,None,0,1,0,1,0.5211,0.5288,1.000,0.000,0
21.21,Hamad,AUIT_Multi,BCA,1.157,1.593,0.332,277.4,355.3,0.181,1.593,0.953,0.015,1.593,-0.030,World,Refrigerator03,25.5,25.4,1.156,1.198,0,0,None,None,0,0,0,0,0.1672,0.1492,0.997,0.000,0
21.30,Hamad,AUIT_Multi,BCA,1.153,1.593,0.332,277.5,355.6,0.182,1.593,0.950,0.012,1.593,-0.031,World,Refrigerator03,25.3,25.5,1.151,1.197,0,0,None,None,0,0,0,0,0.0374,0.0272,0.995,0.000,0
21.40,Hamad,AUIT_Multi,BCA,1.150,1.592,0.330,277.4,355.8,0.179,1.593,0.951,0.009,1.593,-0.031,World,Refrigerator03,25.5,25.3,1.153,1.197,0,0,None,None,0,0,0,0,0.0391,0.0364,0.996,0.000,0
21.51,Hamad,AUIT_Multi,BCA,1.147,1.592,0.328,277.0,356.1,0.164,1.592,0.953,0.006,1.592,-0.035,World,Refrigerator03,25.7,25.0,1.166,1.198,0,0,None,None,0,1,0,1,0.1363,0.0439,1.000,0.000,0
21.61,Hamad,AUIT_Multi,BCA,1.147,1.592,0.327,277.2,356.1,0.155,1.592,0.951,0.005,1.592,-0.040,World,Refrigerator03,25.3,25.4,1.172,1.199,0,0,None,None,0,0,0,0,0.0904,0.0566,1.003,0.000,0
21.71,Hamad,AUIT_Multi,BCA,1.148,1.592,0.330,278.9,356.0,0.194,1.592,0.936,0.002,1.592,-0.031,World,Refrigerator03,23.9,26.7,1.130,1.201,0,0,None,None,1,0,1,0,0.4297,0.0950,0.987,0.000,0
21.80,Hamad,AUIT_Multi,BCA,1.150,1.591,0.337,281.3,356.2,0.244,1.592,0.948,-0.007,1.592,0.007,World,Refrigerator03,23.0,27.5,1.093,1.203,0,0,None,None,1,0,1,0,0.5252,0.4012,0.974,0.000,0
21.90,Hamad,AUIT_Multi,BCA,1.153,1.592,0.342,282.7,355.9,0.285,1.591,0.973,-0.015,1.591,0.053,World,Refrigerator03,23.7,26.9,1.073,1.203,0,0,None,None,1,0,1,0,0.4964,0.4844,0.967,0.000,0
22.01,Hamad,AUIT_Multi,BCA,1.155,1.592,0.342,282.8,355.5,0.309,1.592,0.995,-0.019,1.592,0.087,World,Refrigerator03,25.3,25.4,1.068,1.201,0,0,None,None,0,0,0,0,0.2977,0.3099,0.966,0.000,0
22.11,Hamad,AUIT_Multi,BCA,1.155,1.592,0.335,280.9,355.3,0.295,1.592,0.995,-0.016,1.592,0.076,World,Refrigerator03,27.0,23.9,1.084,1.199,0,0,None,None,0,1,0,1,0.1513,0.1187,0.970,0.000,0
22.21,Hamad,AUIT_Multi,BCA,1.156,1.593,0.328,279.1,354.9,0.248,1.593,0.984,-0.008,1.593,0.037,World,Refrigerator03,27.2,23.6,1.121,1.199,0,0,None,None,0,1,0,1,0.4934,0.4120,0.981,0.000,0
22.30,Hamad,AUIT_Multi,BCA,1.161,1.594,0.327,281.8,354.7,0.237,1.593,0.968,-0.001,1.593,0.014,World,Refrigerator03,23.5,27.4,1.124,1.203,0,0,None,None,1,0,1,0,0.2019,0.2416,0.983,0.000,0
22.40,Hamad,AUIT_Multi,BCA,1.168,1.595,0.330,287.6,354.2,0.316,1.594,0.989,-0.011,1.594,0.079,World,Refrigerator03_Door01,21.0,30.1,1.077,1.205,0,0,None,None,1,0,1,0,0.8340,0.6768,0.966,0.000,0
22.51,Hamad,AUIT_Multi,BCA,1.174,1.596,0.331,293.4,353.7,0.395,1.595,1.076,-0.022,1.595,0.203,World,Refrigerator03_Door01,21.3,30.1,1.078,1.203,0,0,None,None,1,0,1,0,1.0636,1.1197,0.968,0.000,0
22.61,Hamad,AUIT_Multi,BCA,1.176,1.596,0.331,296.4,354.1,0.416,1.596,1.189,-0.025,1.596,0.300,World,Refrigerator03_Door01,22.8,28.5,1.146,1.201,0,0,None,None,1,0,1,0,1.1838,0.9938,0.993,0.000,0
22.71,Hamad,AUIT_Multi,BCA,1.178,1.596,0.331,296.4,354.1,0.468,1.596,1.206,-0.024,1.596,0.352,World,Refrigerator03_Door01,25.2,26.0,1.127,1.202,0,0,None,None,0,0,0,0,0.5552,0.5417,0.985,0.000,0
22.80,Hamad,AUIT_Multi,BCA,1.181,1.595,0.331,295.8,354.4,0.481,1.596,1.202,-0.021,1.596,0.359,World,Refrigerator03_Door01,26.0,25.0,1.118,1.203,0,0,None,None,0,0,0,0,0.1437,0.0719,0.981,0.000,0
22.90,Hamad,AUIT_Multi,BCA,1.183,1.595,0.326,291.8,354.1,0.473,1.595,1.173,-0.018,1.595,0.329,World,Refrigerator03_Door01,28.8,22.4,1.106,1.201,0,0,None,None,0,1,0,1,0.3086,0.3120,0.977,0.000,0
23.01,Hamad,AUIT_Multi,BCA,1.183,1.595,0.320,286.5,353.7,0.418,1.595,1.103,-0.012,1.595,0.231,World,Refrigerator03_Door01,29.7,21.7,1.095,1.199,0,0,None,None,0,1,0,1,0.7980,0.8835,0.973,0.000,0
23.11,Hamad,AUIT_Multi,BCA,1.182,1.595,0.313,282.1,353.7,0.338,1.595,1.055,-0.001,1.595,0.134,World,Refrigerator03,29.8,21.6,1.124,1.197,0,0,None,None,0,1,0,1,0.9642,1.0056,0.982,0.000,0
23.21,Hamad,AUIT_Multi,BCA,1.181,1.595,0.305,277.5,353.9,0.231,1.595,1.015,0.016,1.595,0.033,World,Refrigerator03,29.8,21.5,1.186,1.196,0,0,None,None,0,1,0,1,1.1791,1.0560,1.005,0.000,0
23.30,Hamad,AUIT_Multi,BCA,1.180,1.596,0.301,274.7,353.5,0.170,1.595,0.946,0.038,1.595,-0.058,World,Refrigerator03,28.5,23.1,1.198,1.197,0,0,None,None,0,1,0,1,0.9468,0.9571,1.012,0.000,0
23.40,Hamad,AUIT_Multi,BCA,1.179,1.596,0.303,274.2,353.4,0.139,1.596,0.898,0.054,1.596,-0.112,World,Refrigerator03,26.4,25.3,1.198,1.199,0,0,None,None,0,0,0,0,0.5832,0.5836,1.014,0.000,0
23.51,Hamad,AUIT_Multi,BCA,1.178,1.594,0.306,275.1,354.4,0.135,1.595,0.897,0.054,1.595,-0.114,World,Refrigerator03,25.0,26.1,1.198,1.200,0,0,None,None,0,0,0,0,0.0379,0.0182,1.014,0.000,0
23.61,Hamad,AUIT_Multi,BCA,1.177,1.594,0.306,276.1,354.4,0.141,1.594,0.910,0.048,1.594,-0.100,World,Refrigerator03,24.7,26.5,1.199,1.199,0,0,None,None,1,0,1,0,0.1471,0.1560,1.014,0.000,0
23.71,Hamad,AUIT_Multi,BCA,1.175,1.594,0.306,277.2,354.6,0.151,1.594,0.929,0.040,1.594,-0.079,World,Refrigerator03,24.7,26.5,1.199,1.198,0,0,None,None,1,0,1,0,0.2205,0.2291,1.014,0.000,0
23.80,Hamad,AUIT_Multi,BCA,1.172,1.593,0.305,277.8,355.2,0.159,1.594,0.944,0.032,1.594,-0.062,World,Refrigerator03,24.8,26.1,1.198,1.198,0,0,None,None,1,0,1,0,0.1781,0.1978,1.014,0.000,0
23.90,Hamad,AUIT_Multi,BCA,1.172,1.594,0.308,278.9,355.0,0.175,1.593,0.950,0.025,1.593,-0.048,World,Refrigerator03,24.4,26.6,1.185,1.200,0,0,None,None,1,0,1,0,0.1814,0.1634,1.009,0.000,0
24.01,Hamad,AUIT_Multi,BCA,1.173,1.594,0.318,281.5,354.9,0.254,1.594,0.945,0.015,1.594,-0.006,World,Refrigerator03,23.4,27.6,1.113,1.203,0,0,None,None,1,0,1,0,0.7108,0.3826,0.981,0.000,0
24.11,Hamad,AUIT_Multi,BCA,1.173,1.595,0.326,282.6,354.7,0.294,1.594,0.970,0.007,1.594,0.040,World,Refrigerator03,24.2,26.9,1.090,1.202,0,0,None,None,1,0,1,0,0.4860,0.4831,0.974,0.000,0
24.21,Hamad,AUIT_Multi,BCA,1.170,1.595,0.327,281.6,354.5,0.304,1.595,0.987,0.002,1.595,0.062,World,Refrigerator03,26.2,25.0,1.088,1.198,0,0,None,None,0,0,0,0,0.1988,0.2291,0.973,0.000,0
24.30,Hamad,AUIT_Multi,BCA,1.166,1.594,0.325,279.4,354.7,0.265,1.595,0.986,0.004,1.595,0.039,World,Refrigerator03,27.3,23.8,1.118,1.196,0,0,None,None,0,1,0,1,0.4089,0.2385,0.982,0.000,0
24.40,Hamad,AUIT_Multi,BCA,1.164,1.595,0.323,278.1,354.6,0.198,1.595,0.984,0.011,1.595,0.000,World,Refrigerator03,26.8,24.3,1.170,1.197,0,0,None,None,0,1,0,1,0.6836,0.4065,1.002,0.000,0
24.51,Hamad,AUIT_Multi,BCA,1.162,1.595,0.323,278.1,354.3,0.194,1.595,0.956,0.015,1.595,-0.025,World,Refrigerator03,25.7,25.6,1.156,1.198,0,0,None,None,0,0,0,0,0.2554,0.2267,0.997,0.000,0
24.61,Hamad,AUIT_Multi,BCA,1.160,1.595,0.326,279.7,354.3,0.218,1.595,0.945,0.012,1.595,-0.019,World,Refrigerator03,24.3,27.0,1.127,1.199,0,0,None,None,1,0,1,0,0.2759,0.0697,0.986,0.000,0
24.71,Hamad,AUIT_Multi,BCA,1.161,1.595,0.330,284.1,354.1,0.270,1.595,0.959,0.000,1.595,0.024,World,Refrigerator03,21.9,29.4,1.090,1.201,0,0,None,None,1,0,1,0,0.5469,0.4610,0.973,0.000,0
24.80,Hamad,AUIT_Multi,BCA,1.164,1.596,0.337,292.3,353.7,0.353,1.595,1.020,-0.020,1.595,0.133,World,Quad,18.8,32.6,1.061,1.202,0,0,None,None,1,0,1,0,1.0617,1.1358,0.963,0.000,0
24.90,Hamad,AUIT_Multi,BCA,1.167,1.598,0.339,297.7,352.6,0.412,1.597,1.173,-0.031,1.597,0.291,World,Refrigerator03_Door01,21.4,30.8,1.125,1.199,0,0,None,None,1,0,1,0,1.6836,1.6366,0.987,0.000,0
25.01,Hamad,AUIT_Multi,BCA,1.165,1.598,0.333,297.4,352.8,0.463,1.598,1.248,-0.032,1.598,0.385,World,Refrigerator03_Door01,26.0,25.9,1.153,1.198,0,0,None,None,0,0,0,0,0.8180,0.8437,0.995,0.000,0
25.11,Hamad,AUIT_Multi,BCA,1.162,1.597,0.330,297.1,353.3,0.488,1.598,1.208,-0.035,1.598,0.381,World,Refrigerator03_Door01,26.2,25.5,1.107,1.197,0,0,None,None,0,0,0,0,0.4836,0.0551,0.978,0.000,0
25.21,Hamad,AUIT_Multi,BCA,1.161,1.596,0.329,297.2,354.0,0.485,1.597,1.204,-0.037,1.597,0.377,World,Refrigerator03_Door01,25.8,25.5,1.105,1.199,0,0,None,None,0,0,0,0,0.0540,0.0472,0.978,0.000,0
25.30,Hamad,AUIT_Multi,BCA,1.162,1.596,0.327,296.3,354.2,0.482,1.596,1.197,-0.038,1.596,0.370,World,Refrigerator03_Door01,26.2,25.0,1.104,1.201,0,0,None,None,0,1,0,1,0.0780,0.0769,0.977,0.000,0
25.40,Hamad,AUIT_Multi,BCA,1.166,1.597,0.327,296.0,353.6,0.477,1.596,1.186,-0.036,1.596,0.356,World,Refrigerator03_Door01,26.1,25.4,1.101,1.203,0,0,None,None,0,0,0,0,0.1216,0.1399,0.976,0.000,0
25.51,Hamad,AUIT_Multi,BCA,1.169,1.596,0.328,296.5,353.7,0.474,1.597,1.185,-0.033,1.597,0.349,World,Refrigerator03_Door01,25.2,26.2,1.104,1.203,0,0,None,None,0,0,0,0,0.0326,0.0658,0.977,0.000,0
25.61,Hamad,AUIT_Multi,BCA,1.172,1.595,0.330,299.5,354.4,0.462,1.596,1.242,-0.029,1.596,0.374,World,Refrigerator03_Door01,23.3,27.9,1.156,1.202,0,0,None,None,1,0,1,0,0.6014,0.2594,0.997,0.000,0
25.71,Hamad,AUIT_Multi,BCA,1.175,1.596,0.333,301.5,354.1,0.481,1.596,1.302,-0.024,1.596,0.425,World,Refrigerator03_Door01,23.6,27.7,1.192,1.202,0,0,None,None,1,0,1,0,0.6474,0.5269,1.011,0.000,0
25.80,Hamad,AUIT_Multi,BCA,1.179,1.594,0.339,307.1,355.5,0.534,1.595,1.341,-0.014,1.595,0.491,World,Wall4m,20.6,30.2,1.192,1.202,0,0,None,None,1,0,1,0,0.6776,0.6794,1.011,0.000,0
25.90,Hamad,AUIT_Multi,BCA,1.181,1.592,0.345,311.9,356.7,0.762,1.593,1.131,0.010,1.593,0.604,World,CabinetD06Door,20.2,29.6,0.891,1.199,0,0,None,None,1,0,1,0,3.1853,1.1860,0.918,0.000,0
26.01,Hamad,AUIT_Multi,BCA,1.177,1.591,0.349,313.8,356.9,0.866,1.592,1.083,0.034,1.592,0.698,World,CabinetD06Door,23.5,26.9,0.797,1.196,0,0,None,None,1,0,0,0,1.0347,0.8774,0.917,0.000,0
26.11,Hamad,AUIT_Multi,BCA,1.168,1.593,0.350,312.1,356.0,0.872,1.592,1.109,0.036,1.592,0.725,World,CabinetD06Door,26.9,24.0,0.814,1.192,0,0,None,None,0,1,0,1,0.2668,0.2787,0.920,0.000,0
26.21,Hamad,AUIT_Multi,BCA,1.152,1.595,0.345,307.3,354.4,0.754,1.593,1.271,0.013,1.593,0.682,World,Wall4m,30.0,21.5,1.007,1.188,0,0,None,None,0,1,0,1,2.0599,0.5037,0.947,0.000,0
26.30,Hamad,AUIT_Multi,BCA,1.137,1.594,0.341,303.6,355.1,0.599,1.595,1.366,-0.023,1.595,0.590,World,Wall4m,29.1,22.0,1.157,1.186,0,0,None,None,0,1,0,1,1.8743,1.0195,0.995,0.000,0
26.40,Hamad,AUIT_Multi,BCA,1.123,1.594,0.338,301.1,354.8,0.537,1.594,1.325,-0.050,1.594,0.522,World,Refrigerator03_Door01,28.7,22.7,1.148,1.188,0,0,None,None,0,1,0,1,0.7583,0.7437,0.995,0.000,0
26.51,Hamad,AUIT_Multi,BCA,1.110,1.596,0.333,296.9,353.7,0.509,1.595,1.213,-0.074,1.595,0.442,World,Refrigerator03_Door01,29.4,22.5,1.067,1.190,0,0,None,None,0,1,0,1,1.0378,0.7560,0.967,0.000,0
26.61,Hamad,AUIT_Multi,BCA,1.103,1.597,0.332,294.2,353.9,0.464,1.596,1.151,-0.089,1.596,0.368,World,Refrigerator03_Door01,28.4,23.3,1.039,1.192,0,0,None,None,0,1,0,1,0.7924,0.7763,0.958,0.000,0
26.71,Hamad,AUIT_Multi,BCA,1.100,1.596,0.335,293.7,354.0,0.429,1.596,1.122,-0.096,1.596,0.322,World,Refrigerator03_Door01,26.5,25.0,1.034,1.197,0,0,None,None,0,0,0,0,0.4719,0.4842,0.957,0.000,0
26.80,Hamad,AUIT_Multi,BCA,1.100,1.596,0.339,293.7,353.9,0.415,1.596,1.118,-0.099,1.596,0.310,World,Refrigerator03_Door01,25.7,25.8,1.037,1.199,0,0,None,None,0,0,0,0,0.1475,0.1266,0.958,0.000,0
26.90,Hamad,AUIT_Multi,BCA,1.101,1.596,0.342,293.6,353.8,0.413,1.596,1.120,-0.099,1.596,0.311,World,Refrigerator03_Door01,25.6,25.8,1.039,1.200,0,0,None,None,0,0,0,0,0.0348,0.0117,0.958,0.000,0
27.01,Hamad,AUIT_Multi,BCA,1.101,1.597,0.343,293.3,353.7,0.412,1.596,1.120,-0.099,1.596,0.310,World,Refrigerator03_Door01,25.8,25.7,1.038,1.200,0,0,None,None,0,0,0,0,0.0085,0.0060,0.957,0.000,0
27.11,Hamad,AUIT_Multi,BCA,1.100,1.597,0.343,293.0,353.6,0.410,1.597,1.118,-0.099,1.597,0.307,World,Refrigerator03_Door01,26.0,25.5,1.038,1.200,0,0,None,None,0,0,0,0,0.0268,0.0291,0.957,0.000,0
27.21,Hamad,AUIT_Multi,BCA,1.100,1.597,0.342,292.5,353.6,0.406,1.597,1.115,-0.099,1.597,0.302,World,Refrigerator03_Door01,26.3,25.2,1.038,1.199,0,0,None,None,0,0,0,0,0.0507,0.0566,0.957,0.000,0
27.30,Hamad,AUIT_Multi,BCA,1.097,1.597,0.340,291.4,353.6,0.397,1.597,1.104,-0.100,1.597,0.286,World,Refrigerator03_Door01,26.8,24.8,1.036,1.198,0,0,None,None,0,1,0,1,0.1524,0.1677,0.957,0.000,0
27.40,Hamad,AUIT_Multi,BCA,1.094,1.596,0.338,291.3,354.5,0.383,1.597,1.093,-0.101,1.597,0.268,World,Refrigerator03_Door01,25.9,25.3,1.036,1.197,0,0,None,None,0,0,0,0,0.1743,0.1825,0.957,0.000,0
27.51,Hamad,AUIT_Multi,BCA,1.090,1.596,0.332,288.6,354.5,0.366,1.596,1.079,-0.103,1.596,0.244,World,Refrigerator03_Door01,27.8,23.4,1.040,1.196,0,0,None,None,0,1,0,1,0.2047,0.2140,0.957,0.000,0
27.61,Hamad,AUIT_Multi,BCA,1.087,1.596,0.327,286.3,354.3,0.326,1.596,1.052,-0.102,1.596,0.193,World,Refrigerator03_Door01,27.8,23.4,1.051,1.197,0,0,None,None,0,1,0,1,0.4878,0.5291,0.960,0.000,0
27.71,Hamad,AUIT_Multi,BCA,1.086,1.595,0.323,285.0,354.5,0.292,1.596,1.025,-0.099,1.596,0.145,World,Refrigerator03,27.0,24.2,1.059,1.198,0,0,None,None,0,1,0,1,0.4551,0.4982,0.963,0.000,0
27.80,Hamad,AUIT_Multi,BCA,1.086,1.594,0.322,284.7,354.9,0.277,1.595,1.007,-0.096,1.595,0.119,World,Refrigerator03,26.0,25.0,1.061,1.199,0,0,None,None,0,1,0,1,0.2377,0.2650,0.963,0.000,0
27.90,Hamad,AUIT_Multi,BCA,1.087,1.594,0.322,285.6,355.0,0.275,1.594,1.001,-0.095,1.594,0.112,World,Refrigerator03,24.8,26.1,1.059,1.201,0,0,None,None,1,0,1,0,0.0663,0.0706,0.963,0.000,0
28.01,Hamad,AUIT_Multi,BCA,1.092,1.593,0.329,290.2,355.5,0.311,1.594,1.019,-0.099,1.594,0.153,World,Refrigerator03_Door01,21.7,28.9,1.042,1.204,0,0,None,None,1,0,1,0,0.3585,0.3649,0.958,0.000,0
28.11,Hamad,AUIT_Multi,BCA,1.099,1.591,0.338,297.0,357.1,0.371,1.593,1.083,-0.103,1.593,0.251,World,Refrigerator03_Door01,18.9,31.3,1.041,1.205,0,0,None,None,1,0,1,0,0.9123,1.0132,0.958,0.000,0
28.21,Hamad,AUIT_Multi,BCA,1.108,1.587,0.352,306.1,359.7,0.434,1.590,1.245,-0.094,1.590,0.411,World,Quad,16.9,33.2,1.119,1.203,0,0,None,None,1,0,1,0,1.7776,1.6511,0.987,0.000,0
28.30,Hamad,AUIT_Multi,BCA,1.115,1.583,0.362,312.8,2.1,0.596,1.586,1.286,-0.064,1.586,0.592,World,Quad,18.0,31.9,1.060,1.201,0,0,None,None,1,0,1,0,1.7200,1.8824,0.958,0.000,0
28.40,Hamad,AUIT_Multi,BCA,1.116,1.579,0.368,317.2,3.8,0.807,1.582,1.105,-0.024,1.582,0.734,World,CabinetD06Door,20.5,29.6,0.799,1.197,0,0,None,None,1,0,0,0,2.8688,1.5203,0.910,0.000,0
28.51,Hamad,AUIT_Multi,BCA,1.103,1.577,0.370,319.9,5.5,0.890,1.579,1.072,0.005,1.579,0.828,World,Wall4m,23.9,27.8,0.734,1.190,0,0,None,None,1,0,0,0,0.8034,0.8926,0.918,0.000,0
28.61,Hamad,AUIT_Multi,BCA,1.084,1.576,0.368,321.8,5.0,0.915,1.577,1.061,0.013,1.577,0.878,World,Wall4m,25.0,26.8,0.713,1.185,0,0,None,None,1,0,0,0,0.2783,0.5137,0.920,0.000,0
28.71,Hamad,AUIT_Multi,BCA,1.064,1.576,0.368,324.1,4.2,0.925,1.576,1.055,0.014,1.576,0.916,World,CabinetD06Door,24.8,26.8,0.701,1.185,0,0,None,None,1,0,0,0,0.1217,0.3984,0.921,0.000,0
28.80,Hamad,AUIT_Multi,BCA,1.047,1.575,0.373,325.6,5.2,0.933,1.576,1.049,0.016,1.576,0.955,World,Wall4m,25.4,26.7,0.686,1.184,0,0,None,None,0,0,0,0,0.1050,0.4002,0.922,0.000,0
28.90,Hamad,AUIT_Multi,BCA,1.028,1.572,0.387,325.7,7.0,0.932,1.574,1.054,0.011,1.574,0.985,World,Wall4m,27.0,26.1,0.674,1.180,0,0,None,None,0,0,0,0,0.0480,0.3084,0.923,0.000,0
29.01,Hamad,AUIT_Multi,BCA,1.007,1.571,0.411,324.4,6.7,0.906,1.572,1.080,-0.013,1.572,0.997,World,Wall4m,27.7,25.4,0.676,1.176,0,0,None,None,0,0,0,0,0.3310,0.2429,0.922,0.000,0
29.11,Hamad,AUIT_Multi,BCA,0.989,1.567,0.442,323.1,7.0,0.871,1.570,1.124,-0.042,1.570,1.002,World,Wall4m,28.0,25.5,0.691,1.172,0,0,None,None,0,0,0,0,0.5802,0.3023,0.920,0.000,0
29.21,Hamad,AUIT_Multi,BCA,0.970,1.563,0.482,321.1,7.3,0.808,1.567,1.268,-0.075,1.567,1.007,World,Wall4m,28.2,25.5,0.803,1.170,0,0,None,None,0,0,0,0,1.6186,0.3473,0.921,0.000,0
29.30,Hamad,AUIT_Multi,BCA,0.954,1.564,0.528,319.5,7.7,0.759,1.563,1.334,-0.109,1.563,1.014,World,Wall4m,27.9,26.0,0.829,1.169,0,0,None,None,0,0,0,0,0.8454,0.3587,0.924,0.000,0
29.40,Hamad,AUIT_Multi,BCA,0.937,1.570,0.575,318.5,7.1,0.720,1.566,1.367,-0.014,1.565,0.991,World,Wall4m,27.0,25.8,0.822,1.038,0,0,None,None,0,0,0,0,0.5279,1.0003,0.825,0.000,0
29.51,Hamad,AUIT_Multi,BCA,0.914,1.570,0.618,317.0,6.9,0.690,1.569,1.381,0.264,1.566,0.913,World,Wall4m,27.4,23.5,0.795,0.715,0,0,None,None,0,1,0,0,0.2992,2.6004,0.632,0.000,0
29.61,Hamad,AUIT_Multi,BCA,0.890,1.572,0.648,316.4,8.1,0.662,1.571,1.391,0.353,1.568,0.894,World,Wall4m,27.6,23.0,0.778,0.591,0,0,None,None,0,1,0,0,0.3090,0.9372,0.585,0.000,0
29.71,Hamad,AUIT_Multi,BCA,0.861,1.569,0.674,316.5,8.4,0.636,1.571,1.401,-0.131,1.571,1.059,World,Wall4m,27.5,26.6,0.762,1.064,0,0,None,None,0,0,0,0,0.2869,5.2612,0.839,0.000,0
29.80,Hamad,AUIT_Multi,BCA,0.825,1.562,0.698,317.2,9.5,0.614,1.567,1.409,-0.233,1.567,1.110,World,Wall4m,28.0,27.5,0.742,1.136,0,0,None,None,0,0,0,0,0.2417,1.1807,0.898,0.000,0
29.90,Hamad,AUIT_Multi,BCA,0.779,1.557,0.718,318.2,10.1,0.598,1.562,1.401,-0.143,1.560,1.104,World,Wall4m,28.8,27.3,0.707,1.000,0,0,None,None,0,0,0,0,0.1947,0.9332,0.798,0.000,0
30.01,Hamad,AUIT_Multi,BCA,0.720,1.550,0.738,320.2,10.2,0.595,1.558,1.363,0.119,1.549,1.058,World,Wall4m,30.3,24.3,0.637,0.681,0,0,None,None,0,1,0,0,0.3450,2.3926,0.566,0.000,0
30.11,Hamad,AUIT_Multi,BCA,0.662,1.555,0.758,322.6,11.3,0.593,1.556,1.330,0.347,1.540,1.020,World,Wall4m,32.4,15.8,0.576,0.409,0,0,None,None,0,1,0,0,0.3400,2.3810,0.396,0.000,0
30.21,Hamad,AUIT_Multi,BCA,0.610,1.560,0.777,324.2,11.5,0.590,1.554,1.297,-0.113,1.554,1.188,World,Wall4m,35.0,26.9,0.520,0.832,0,0,None,None,0,0,0,0,0.3392,5.0388,0.711,0.000,0
30.30,Hamad,AUIT_Multi,BCA,0.570,1.562,0.798,325.7,13.0,0.587,1.552,1.265,-0.202,1.560,1.238,World,Wall4m,37.9,28.7,0.468,0.889,0,0,None,None,0,0,0,0,0.3327,1.0505,0.789,0.000,0
30.40,Hamad,AUIT_Multi,BCA,0.538,1.565,0.816,325.6,14.2,0.585,1.549,1.232,-0.214,1.562,1.259,World,Wall4m,42.2,28.5,0.418,0.873,0,0,None,None,0,0,0,0,0.3456,0.2505,0.800,0.000,0
30.51,Hamad,AUIT_Multi,BCA,0.511,1.565,0.841,324.0,14.5,0.580,1.546,1.194,-0.215,1.564,1.256,World,Wall4m,48.0,28.0,0.361,0.836,0,0,None,None,0,0,0,0,0.3419,0.0360,0.798,0.000,0
30.61,Hamad,AUIT_Multi,BCA,0.498,1.564,0.865,323.0,15.2,0.577,1.543,1.162,-0.215,1.564,1.245,World,Wall4m,52.3,29.0,0.309,0.808,0,0,None,None,0,0,0,0,0.3292,0.1118,0.797,0.000,0
30.71,Hamad,AUIT_Multi,BCA,0.490,1.563,0.888,321.8,15.7,0.575,1.541,1.130,-0.215,1.564,1.244,World,Wall4m,57.4,29.3,0.257,0.790,0,0,None,None,0,0,0,0,0.3337,0.0097,0.799,0.000,0
30.80,Hamad,AUIT_Multi,BCA,0.485,1.561,0.910,320.5,16.5,0.573,1.538,1.098,-0.215,1.563,1.244,World,Wall4m,63.8,29.8,0.209,0.776,0,0,None,None,0,0,0,0,0.3298,0.0105,0.802,0.000,0
30.90,Hamad,AUIT_Multi,BCA,0.484,1.560,0.929,320.2,16.9,0.482,1.544,1.255,-0.215,1.561,1.248,World,Wall4m,41.1,30.5,0.327,0.769,0,0,None,None,0,0,0,0,1.8716,0.0412,0.697,0.000,0
31.01,Hamad,AUIT_Multi,BCA,0.485,1.558,0.947,320.5,17.5,0.351,1.557,1.478,-0.030,1.533,1.270,World,Wall4m,30.5,23.5,0.548,0.608,0,0,None,None,0,1,0,0,2.3294,1.6971,0.435,0.000,0
31.11,Hamad,AUIT_Multi,BCA,0.490,1.557,0.953,321.7,17.9,0.347,1.558,1.478,0.074,1.509,1.323,World,Wall4m,28.9,16.3,0.544,0.559,0,0,None,None,0,1,0,0,0.0386,1.2215,0.318,0.000,0
31.21,Hamad,AUIT_Multi,BCA,0.499,1.558,0.954,322.6,16.8,0.347,1.558,1.478,-0.260,1.533,1.465,World,Wall4m,26.8,23.9,0.545,0.914,0,0,None,None,0,1,0,1,0.0027,3.7378,0.608,0.000,0
31.30,Hamad,AUIT_Multi,BCA,0.506,1.557,0.956,324.4,16.7,0.355,1.558,1.478,-0.481,1.554,1.567,World,Wall4m,25.6,27.8,0.544,1.161,0,0,None,None,0,0,0,0,0.0848,2.5200,0.842,0.000,0
31.40,Hamad,AUIT_Multi,BCA,0.509,1.556,0.959,325.4,17.0,0.390,1.557,1.478,-0.510,1.557,1.585,World,Wall4m,27.4,29.0,0.532,1.196,0,0,None,None,0,0,0,0,0.3600,0.3471,0.907,0.000,0
31.51,Hamad,AUIT_Multi,BCA,0.504,1.553,0.968,322.9,17.5,0.384,1.552,1.471,-0.249,1.533,1.486,World,Wall4m,29.1,24.4,0.517,0.914,0,0,None,None,0,1,0,1,0.0949,2.5222,0.634,0.000,0
31.61,Hamad,AUIT_Multi,BCA,0.498,1.548,0.978,321.4,18.1,0.378,1.547,1.465,0.000,1.510,1.385,World,Wall4m,30.3,18.9,0.501,0.644,0,0,None,None,0,1,0,0,0.1073,2.7712,0.388,0.000,0
31.71,Hamad,AUIT_Multi,BCA,0.484,1.545,0.986,319.6,19.3,0.369,1.542,1.458,-0.298,1.527,1.431,World,Wall4m,32.4,26.7,0.486,0.900,0,0,None,None,0,0,0,0,0.1193,3.1099,0.669,0.000,0
31.80,Hamad,AUIT_Multi,BCA,0.468,1.546,0.991,319.2,19.4,0.361,1.538,1.452,-0.405,1.543,1.404,World,Wall4m,32.8,30.4,0.473,0.966,0,0,None,None,0,0,0,0,0.1199,1.1448,0.768,0.000,0
31.90,Hamad,AUIT_Multi,BCA,0.452,1.548,0.993,320.9,19.2,0.355,1.534,1.445,-0.507,1.546,1.441,World,Wall4m,31.7,31.8,0.462,1.059,0,0,None,None,0,0,0,0,0.1013,1.1201,0.863,0.000,0
32.01,Hamad,AUIT_Multi,BCA,0.431,1.550,0.993,322.3,18.8,0.349,1.530,1.437,-0.614,1.548,1.518,World,Wall4m,31.2,31.4,0.452,1.169,0,0,None,None,0,0,0,0,0.0998,1.1811,0.966,0.000,0
32.11,Hamad,AUIT_Multi,BCA,0.409,1.548,0.996,322.8,19.3,0.341,1.525,1.429,-0.637,1.549,1.541,World,Wall4m,32.1,31.5,0.439,1.180,0,0,None,None,0,0,0,0,0.1182,0.3386,0.985,0.000,0
32.21,Hamad,AUIT_Multi,BCA,0.388,1.543,1.002,323.3,19.9,0.335,1.520,1.417,-0.653,1.547,1.558,World,Wall4m,33.3,31.8,0.419,1.181,0,0,None,None,0,0,0,0,0.1480,0.2425,0.999,0.000,0
32.30,Hamad,AUIT_Multi,BCA,0.368,1.539,1.008,323.5,20.9,0.329,1.515,1.402,-0.671,1.542,1.572,World,Wall4m,34.8,32.3,0.397,1.182,0,0,None,None,0,0,0,0,0.1757,0.2280,1.014,0.000,0
32.40,Hamad,AUIT_Multi,BCA,0.353,1.537,1.011,324.2,21.8,0.323,1.510,1.390,-0.687,1.539,1.582,World,Wall4m,35.1,33.1,0.381,1.187,0,0,None,None,0,0,0,0,0.1480,0.2035,1.029,0.000,0
32.51,Hamad,AUIT_Multi,BCA,0.350,1.541,1.010,325.7,21.6,0.286,1.534,1.408,-0.689,1.538,1.605,World,Wall4m,32.1,33.1,0.404,1.197,0,0,None,None,0,0,0,0,0.4268,0.2135,0.995,0.000,0
32.61,Hamad,AUIT_Multi,BCA,0.356,1.545,1.007,326.6,20.8,0.285,1.541,1.423,-0.680,1.541,1.622,World,Wall4m,30.8,32.7,0.422,1.205,0,0,None,None,0,0,0,0,0.1665,0.1923,0.985,0.000,0
32.71,Hamad,AUIT_Multi,BCA,0.370,1.548,1.004,328.3,20.1,0.292,1.545,1.472,-0.661,1.545,1.639,World,Wall4m,29.4,32.9,0.474,1.211,0,0,None,None,0,0,0,0,0.5104,0.2736,0.968,0.000,0
32.80,Hamad,AUIT_Multi,BCA,0.388,1.552,1.003,329.5,18.9,0.316,1.549,1.490,-0.629,1.549,1.664,World,Wall4m,28.5,32.0,0.492,1.213,0,0,None,None,0,0,0,0,0.3140,0.4112,0.962,0.000,0
32.90,Hamad,AUIT_Multi,BCA,0.405,1.554,1.003,330.1,18.8,0.344,1.552,1.490,-0.598,1.552,1.684,World,Wall4m,29.0,31.6,0.491,1.212,0,0,None,None,0,0,0,0,0.2858,0.3842,0.962,0.000,0
33.01,Hamad,AUIT_Multi,BCA,0.419,1.553,1.001,329.2,19.1,0.363,1.553,1.489,-0.578,1.553,1.687,World,Wall4m,30.6,30.8,0.492,1.210,0,0,None,None,0,0,0,0,0.1686,0.1817,0.961,0.000,0
33.11,Hamad,AUIT_Multi,BCA,0.428,1.552,0.998,328.2,19.3,0.365,1.553,1.489,-0.570,1.553,1.679,World,Wall4m,30.9,30.4,0.495,1.208,0,0,None,None,0,0,0,0,0.0238,0.1116,0.954,0.000,0
33.21,Hamad,AUIT_Multi,BCA,0.435,1.551,0.996,327.6,19.6,0.365,1.552,1.488,-0.571,1.552,1.663,World,Wall4m,30.9,30.7,0.497,1.207,0,0,None,None,0,0,0,0,0.0120,0.1681,0.952,0.000,0
33.30,Hamad,AUIT_Multi,BCA,0.442,1.551,0.994,327.3,19.5,0.366,1.551,1.488,-0.566,1.551,1.656,World,Wall4m,30.5,30.5,0.500,1.206,0,0,None,None,0,0,0,0,0.0158,0.0834,0.948,0.000,0
33.40,Hamad,AUIT_Multi,BCA,0.450,1.550,0.993,326.9,19.5,0.367,1.551,1.488,-0.561,1.551,1.652,World,Wall4m,30.3,30.5,0.501,1.206,0,0,None,None,0,0,0,0,0.0102,0.0734,0.942,0.000,0
33.51,Hamad,AUIT_Multi,BCA,0.458,1.548,0.994,326.9,20.0,0.373,1.549,1.487,-0.554,1.549,1.648,World,Wall4m,30.5,30.9,0.501,1.205,0,0,None,None,0,0,0,0,0.0564,0.0668,0.941,0.000,0
33.61,Hamad,AUIT_Multi,BCA,0.464,1.548,0.995,327.1,20.0,0.382,1.548,1.488,-0.550,1.548,1.645,World,Wall4m,30.4,31.1,0.500,1.205,0,0,None,None,0,0,0,0,0.0875,0.0581,0.945,0.000,0
33.71,Hamad,AUIT_Multi,BCA,0.470,1.549,0.994,326.6,19.4,0.389,1.548,1.488,-0.546,1.548,1.642,World,Wall4m,30.4,30.5,0.500,1.205,0,0,None,None,0,0,0,0,0.0709,0.0519,0.947,0.000,0
33.80,Hamad,AUIT_Multi,BCA,0.475,1.551,0.993,325.9,18.7,0.389,1.550,1.488,-0.543,1.550,1.636,World,Wall4m,30.1,29.7,0.502,1.205,0,0,None,None,0,0,0,0,0.0156,0.0726,0.944,0.000,0
33.90,Hamad,AUIT_Multi,BCA,0.479,1.552,0.992,325.1,18.1,0.389,1.551,1.487,-0.549,1.551,1.617,World,Wall4m,30.2,29.5,0.503,1.203,0,0,None,None,0,0,0,0,0.0173,0.1991,0.947,0.000,0
34.01,Hamad,AUIT_Multi,BCA,0.481,1.553,0.992,324.3,17.8,0.389,1.553,1.487,-0.559,1.553,1.594,World,Wall4m,30.6,29.7,0.504,1.201,0,0,None,None,0,0,0,0,0.0114,0.2229,0.954,0.000,0
34.11,Hamad,AUIT_Multi,BCA,0.479,1.553,0.992,323.5,18.0,0.385,1.553,1.487,-0.567,1.553,1.577,World,Wall4m,31.0,29.9,0.505,1.199,0,0,None,None,0,0,0,0,0.0450,0.2013,0.956,0.000,0
34.21,Hamad,AUIT_Multi,BCA,0.477,1.553,0.992,323.3,18.1,0.378,1.553,1.487,-0.575,1.553,1.566,World,Wall4m,30.9,30.3,0.505,1.198,0,0,None,None,0,0,0,0,0.0664,0.1401,0.957,0.000,0
34.30,Hamad,AUIT_Multi,BCA,0.476,1.553,0.992,324.8,18.3,0.377,1.553,1.488,-0.577,1.553,1.567,World,Wall4m,29.7,31.5,0.505,1.200,0,0,None,None,0,0,0,0,0.0146,0.0209,0.957,0.000,0
34.40,Hamad,AUIT_Multi,BCA,0.481,1.554,0.991,328.9,18.0,0.394,1.553,1.487,-0.556,1.553,1.600,World,Wall4m,27.5,33.2,0.504,1.204,0,0,None,None,0,0,0,0,0.1786,0.4013,0.957,0.000,0
34.51,Hamad,AUIT_Multi,BCA,0.494,1.554,0.989,336.4,18.3,0.447,1.554,1.486,-0.018,1.554,1.334,World,Wall4m,25.5,36.8,0.499,0.617,0,0,None,None,0,0,0,0,0.4693,5.4016,0.489,0.000,0
34.61,Hamad,AUIT_Multi,BCA,0.509,1.553,0.987,344.8,18.6,0.518,1.553,1.488,0.160,1.553,1.291,World,Wall4m,24.6,38.0,0.501,0.463,0,0,None,None,1,0,0,0,0.7355,1.8859,0.408,0.000,0
34.71,Hamad,AUIT_Multi,BCA,0.527,1.551,0.982,353.9,19.0,0.608,1.552,1.487,0.187,1.552,1.391,World,Wall4m,24.2,38.2,0.512,0.532,0,0,None,None,1,0,0,0,0.9231,1.0612,0.432,0.000,0
34.80,Hamad,AUIT_Multi,BCA,0.546,1.552,0.975,2.0,18.7,0.712,1.552,1.487,0.195,1.552,1.567,World,Wall4m,24.3,37.2,0.539,0.689,0,0,None,None,1,0,0,0,1.0699,1.8159,0.523,0.000,0
34.90,Hamad,AUIT_Multi,BCA,0.568,1.554,0.967,8.9,18.1,0.800,1.553,1.455,0.279,1.553,1.635,World,Wall4m,24.2,36.5,0.540,0.727,0,0,None,None,1,0,0,0,0.9705,1.1096,0.552,0.000,0
35.01,Hamad,AUIT_Multi,BCA,0.593,1.555,0.960,14.5,17.4,0.839,1.554,1.348,0.393,1.554,1.643,World,Wall4m,24.7,35.0,0.459,0.712,0,0,None,None,1,0,0,0,1.0265,1.0296,0.535,0.000,0
35.11,Hamad,AUIT_Multi,BCA,0.619,1.556,0.956,17.5,17.0,0.865,1.556,1.287,0.524,1.534,1.573,World,Wall4m,25.3,29.9,0.412,0.625,0,0,None,None,0,0,0,0,0.6760,1.5398,0.446,0.000,0
35.21,Hamad,AUIT_Multi,BCA,0.646,1.557,0.952,20.2,16.4,0.885,1.556,1.263,0.663,1.515,1.513,World,Wall4m,23.7,21.8,0.392,0.563,0,0,None,None,1,1,0,0,0.3251,1.5693,0.337,0.000,0
35.30,Hamad,AUIT_Multi,BCA,0.670,1.556,0.951,21.6,15.9,0.892,1.556,1.269,0.736,1.528,1.552,World,Wall4m,20.7,20.1,0.388,0.606,0,0,None,None,1,1,0,0,0.0922,0.8726,0.325,0.000,0
35.40,Hamad,AUIT_Multi,BCA,0.691,1.556,0.951,22.2,15.5,0.901,1.556,1.244,0.742,1.552,1.630,World,Wall4m,20.4,23.3,0.360,0.681,0,0,None,None,1,1,0,0,0.2680,0.8377,0.418,0.000,0
35.51,Hamad,AUIT_Multi,BCA,0.710,1.556,0.952,22.0,14.9,0.922,1.556,1.219,0.743,1.556,1.642,World,Wall4m,22.1,24.2,0.341,0.690,0,0,None,None,1,1,0,0,0.2927,0.1072,0.459,0.000,0
35.61,Hamad,AUIT_Multi,BCA,0.722,1.556,0.954,21.2,14.6,0.935,1.556,1.212,0.743,1.556,1.642,World,Wall4m,23.3,24.2,0.334,0.689,0,0,None,None,1,1,0,0,0.1525,0.0084,0.471,0.000,0
35.71,Hamad,AUIT_Multi,BCA,0.729,1.556,0.955,20.7,14.3,0.941,1.556,1.209,0.743,1.556,1.642,World,Wall4m,23.7,24.1,0.330,0.687,0,0,None,None,1,1,0,0,0.0708,0.0005,0.476,0.000,0
35.80,Hamad,AUIT_Multi,BCA,0.734,1.556,0.958,20.4,14.5,0.944,1.556,1.208,0.743,1.556,1.642,World,Wall4m,24.2,24.3,0.327,0.685,0,0,None,None,1,1,0,0,0.0315,0.0014,0.478,0.000,0
35.90,Hamad,AUIT_Multi,BCA,0.736,1.556,0.960,20.4,14.6,0.945,1.556,1.209,0.743,1.556,1.642,World,Wall4m,24.4,24.5,0.326,0.683,0,0,None,None,1,1,0,0,0.0143,0.0011,0.479,0.000,0
36.01,Hamad,AUIT_Multi,BCA,0.735,1.555,0.962,20.5,14.8,0.946,1.556,1.209,0.741,1.556,1.642,World,Wall4m,24.8,24.7,0.325,0.681,0,0,None,None,1,1,0,0,0.0095,0.0113,0.480,0.000,0
36.11,Hamad,AUIT_Multi,BCA,0.734,1.555,0.963,20.4,14.9,0.947,1.555,1.209,0.740,1.555,1.643,World,Wall4m,25.1,24.7,0.325,0.679,0,0,None,None,0,1,0,0,0.0074,0.0129,0.480,0.000,0
36.21,Hamad,AUIT_Multi,BCA,0.733,1.555,0.965,19.7,14.9,0.947,1.555,1.210,0.730,1.555,1.643,World,Wall4m,25.9,24.7,0.325,0.678,0,0,None,None,0,1,0,0,0.0047,0.1046,0.484,0.000,0
36.30,Hamad,AUIT_Multi,BCA,0.729,1.555,0.969,17.0,15.2,0.947,1.555,1.210,0.697,1.555,1.643,World,Wall4m,29.2,24.8,0.325,0.675,0,0,None,None,0,1,0,0,0.0059,0.3419,0.500,0.000,0
36.40,Hamad,AUIT_Multi,BCA,0.720,1.554,0.975,11.0,15.8,0.941,1.555,1.219,0.620,1.555,1.702,World,Wall4m,34.5,24.5,0.329,0.735,0,0,None,None,0,1,0,0,0.1145,0.9966,0.580,0.000,0
36.51,Hamad,AUIT_Multi,BCA,0.701,1.553,0.981,359.0,16.1,0.922,1.554,1.302,0.508,1.554,1.658,World,Wall4m,38.6,21.9,0.389,0.704,0,0,None,None,0,1,0,0,0.7617,1.0891,0.546,0.000,0
36.61,Hamad,AUIT_Multi,BCA,0.680,1.554,0.983,348.4,15.7,0.888,1.553,1.453,0.347,1.553,1.653,World,Wall4m,38.3,21.4,0.514,0.748,0,0,None,None,0,1,0,0,1.5982,1.6521,0.576,0.000,0
36.71,Hamad,AUIT_Multi,BCA,0.660,1.556,0.975,341.0,14.7,0.793,1.554,1.486,0.231,1.554,1.574,World,Wall4m,36.2,22.0,0.528,0.737,0,0,None,None,0,1,0,0,1.0326,1.4408,0.568,0.000,0
36.80,Hamad,AUIT_Multi,BCA,0.642,1.561,0.959,338.5,13.1,0.714,1.557,1.481,0.210,1.557,1.444,World,Wall4m,31.8,23.7,0.527,0.649,0,0,None,None,0,1,0,0,0.8111,1.3494,0.505,0.000,0
36.90,Hamad,AUIT_Multi,BCA,0.627,1.572,0.936,340.7,8.4,0.680,1.562,1.476,0.206,1.562,1.381,World,CabinetD06,25.9,25.1,0.543,0.612,0,0,None,None,0,0,0,0,0.3612,0.6575,0.483,0.000,0
37.01,Hamad,AUIT_Multi,BCA,0.608,1.590,0.902,343.1,0.3,0.680,1.577,1.469,0.202,1.577,1.377,World,CabinetD06,24.1,23.7,0.572,0.625,0,0,None,None,1,1,0,0,0.1468,0.1394,0.487,0.000,0
37.11,Hamad,AUIT_Multi,BCA,0.591,1.600,0.871,341.5,354.9,0.678,1.591,1.461,0.201,1.591,1.347,World,CabinetD06,27.4,21.7,0.596,0.615,0,0,None,None,0,1,0,0,0.1693,0.3429,0.490,0.000,0
37.21,Hamad,AUIT_Multi,BCA,0.574,1.602,0.846,337.2,352.6,0.645,1.599,1.453,0.185,1.599,1.282,World,CabinetD06,30.4,20.4,0.611,0.583,0,0,None,None,0,1,0,0,0.3558,0.6945,0.491,0.000,0
37.30,Hamad,AUIT_Multi,BCA,0.560,1.602,0.831,333.9,351.7,0.592,1.601,1.450,-0.108,1.601,1.444,World,CabinetD06Door,30.1,22.9,0.620,0.907,0,0,None,None,0,1,0,1,0.5490,3.4548,0.700,0.000,0
37.40,Hamad,AUIT_Multi,BCA,0.555,1.602,0.822,331.9,352.1,0.547,1.602,1.443,-0.339,1.602,1.549,World,CabinetD06Door,28.4,24.0,0.621,1.152,0,0,None,None,0,1,0,1,0.4609,2.6036,0.893,0.000,0
37.51,Hamad,AUIT_Multi,BCA,0.567,1.591,0.825,336.2,358.6,0.534,1.600,1.441,-0.386,1.600,1.555,World,CabinetD06,20.7,28.8,0.617,1.201,0,0,None,None,1,0,0,0,0.1194,0.4304,0.928,0.000,0
37.61,Hamad,AUIT_Multi,BCA,0.588,1.568,0.838,344.5,11.1,0.606,1.586,1.444,0.004,1.586,1.340,World,Wall4m,21.4,35.9,0.606,0.770,0,0,None,None,1,0,0,0,0.7480,4.5844,0.611,0.000,0
37.71,Hamad,AUIT_Multi,BCA,0.605,1.555,0.852,348.1,17.3,0.692,1.567,1.447,0.169,1.567,1.329,World,Wall4m,27.1,35.2,0.602,0.647,0,0,None,None,0,0,0,0,0.9119,1.7106,0.537,0.000,0
37.80,Hamad,AUIT_Multi,BCA,0.615,1.556,0.860,347.2,17.0,0.735,1.557,1.451,0.194,1.557,1.383,World,Wall4m,29.4,30.8,0.603,0.672,0,0,None,None,0,0,0,0,0.4520,0.6196,0.546,0.000,0
37.90,Hamad,AUIT_Multi,BCA,0.624,1.559,0.865,345.4,15.8,0.738,1.557,1.452,0.198,1.557,1.388,World,Wall4m,29.7,28.8,0.598,0.675,0,0,None,None,0,0,0,0,0.0407,0.0726,0.544,0.000,0
38.01,Hamad,AUIT_Multi,BCA,0.633,1.559,0.870,344.1,15.6,0.732,1.559,1.454,0.200,1.559,1.378,World,Wall4m,29.6,28.8,0.592,0.668,0,0,None,None,0,0,0,0,0.0593,0.0984,0.537,0.000,0
38.11,Hamad,AUIT_Multi,BCA,0.639,1.561,0.871,342.8,14.8,0.726,1.560,1.454,0.202,1.560,1.366,World,Wall4m,29.3,28.2,0.589,0.660,0,0,None,None,0,0,0,0,0.0696,0.1260,0.532,0.000,0
38.21,Hamad,AUIT_Multi,BCA,0.644,1.562,0.872,341.9,13.9,0.719,1.561,1.454,0.203,1.561,1.352,World,Wall4m,28.7,27.9,0.587,0.652,0,0,None,None,0,0,0,0,0.0730,0.1441,0.526,0.000,0
38.30,Hamad,AUIT_Multi,BCA,0.648,1.563,0.873,341.3,13.3,0.714,1.562,1.455,0.203,1.562,1.343,World,Wall4m,28.3,27.8,0.585,0.647,0,0,None,None,0,0,0,0,0.0460,0.0916,0.523,0.000,0
38.40,Hamad,AUIT_Multi,BCA,0.652,1.563,0.874,341.2,13.4,0.712,1.563,1.455,0.204,1.563,1.339,World,Wall4m,28.0,28.3,0.584,0.645,0,0,None,None,0,0,0,0,0.0214,0.0465,0.522,0.000,0
38.51,Hamad,AUIT_Multi,BCA,0.655,1.561,0.876,341.5,14.1,0.716,1.562,1.455,0.204,1.562,1.344,World,Wall4m,28.2,28.9,0.583,0.651,0,0,None,None,0,0,0,0,0.0378,0.0537,0.525,0.000,0
38.61,Hamad,AUIT_Multi,BCA,0.657,1.560,0.876,341.4,14.4,0.720,1.561,1.456,0.204,1.561,1.350,World,Wall4m,28.5,28.8,0.583,0.656,0,0,None,None,0,0,0,0,0.0410,0.0600,0.527,0.000,0
38.71,Hamad,AUIT_Multi,BCA,0.658,1.559,0.876,341.8,15.0,0.723,1.560,1.456,0.204,1.560,1.354,World,Wall4m,28.6,29.3,0.583,0.659,0,0,None,None,0,0,0,0,0.0292,0.0384,0.529,0.000,0
38.80,Hamad,AUIT_Multi,BCA,0.659,1.558,0.875,341.7,15.3,0.726,1.559,1.456,0.204,1.559,1.359,World,Wall4m,29.1,29.0,0.584,0.664,0,0,None,None,0,0,0,0,0.0375,0.0516,0.532,0.000,0
38.90,Hamad,AUIT_Multi,BCA,0.659,1.559,0.873,341.8,15.1,0.727,1.558,1.455,0.204,1.558,1.359,World,Wall4m,28.9,28.9,0.586,0.665,0,0,None,None,0,0,0,0,0.0105,0.0060,0.532,0.000,0
39.01,Hamad,AUIT_Multi,BCA,0.659,1.559,0.871,341.6,14.8,0.727,1.559,1.455,0.204,1.559,1.356,World,Wall4m,28.8,28.6,0.588,0.665,0,0,None,None,0,0,0,0,0.0077,0.0258,0.533,0.000,0
39.11,Hamad,AUIT_Multi,BCA,0.659,1.560,0.869,341.6,14.8,0.727,1.559,1.454,0.204,1.559,1.353,World,Wall4m,28.7,28.7,0.589,0.665,0,0,None,None,0,0,0,0,0.0087,0.0311,0.532,0.000,0
39.21,Hamad,AUIT_Multi,BCA,0.659,1.561,0.867,341.3,14.2,0.726,1.560,1.454,0.204,1.560,1.351,World,Wall4m,28.7,28.1,0.591,0.664,0,0,None,None,0,0,0,0,0.0079,0.0237,0.533,0.000,0
39.30,Hamad,AUIT_Multi,BCA,0.656,1.565,0.864,339.6,12.3,0.719,1.562,1.453,0.204,1.562,1.335,World,Wall4m,28.8,26.1,0.593,0.653,0,0,None,None,0,0,0,0,0.0785,0.1599,0.528,0.000,0
39.40,Hamad,AUIT_Multi,BCA,0.652,1.571,0.859,336.7,9.3,0.699,1.566,1.452,0.205,1.566,1.302,World,Wall4m,29.1,23.6,0.594,0.630,0,0,None,None,0,1,0,0,0.2086,0.3422,0.517,0.000,0
39.51,Hamad,AUIT_Multi,BCA,0.646,1.583,0.851,331.2,3.3,0.654,1.575,1.451,0.168,1.575,1.266,World,CabinetD06,29.6,20.4,0.600,0.633,0,0,None,None,0,1,0,0,0.4189,0.4732,0.520,0.000,0
39.61,Hamad,AUIT_Multi,BCA,0.641,1.590,0.842,325.8,359.2,0.596,1.584,1.451,-0.202,1.584,1.438,World,CabinetD06Door,30.0,20.6,0.610,1.032,0,0,None,None,0,1,0,1,0.5946,4.1985,0.799,0.000,0
39.71,Hamad,AUIT_Multi,BCA,0.638,1.595,0.837,322.5,356.5,0.540,1.591,1.447,-0.339,1.591,1.420,World,CabinetD06Door,28.7,22.0,0.618,1.138,0,0,None,None,0,1,0,1,0.5803,1.4192,0.880,0.000,0
39.80,Hamad,AUIT_Multi,BCA,0.641,1.595,0.836,325.4,356.2,0.514,1.595,1.446,-0.274,1.595,1.333,World,CabinetD06Door,23.1,27.1,0.623,1.041,0,0,None,None,1,0,0,0,0.2728,1.1228,0.796,0.000,0
39.90,Hamad,AUIT_Multi,BCA,0.645,1.594,0.838,329.9,356.9,0.549,1.595,1.447,-0.349,1.595,1.443,World,CabinetD06,21.3,28.8,0.616,1.164,0,0,None,None,1,0,0,0,0.3592,1.3752,0.898,0.000,0
40.01,Hamad,AUIT_Multi,BCA,0.644,1.591,0.839,329.6,358.5,0.586,1.594,1.451,-0.340,1.594,1.515,World,CabinetD06Door,25.0,25.1,0.615,1.195,0,0,None,None,0,0,0,0,0.3311,0.6542,0.928,0.000,0
40.11,Hamad,AUIT_Multi,BCA,0.643,1.586,0.845,330.4,1.5,0.586,1.590,1.450,-0.343,1.590,1.522,World,CabinetD06,24.3,26.0,0.608,1.196,0,0,None,None,1,0,0,0,0.0423,0.0814,0.932,0.000,0
40.21,Hamad,AUIT_Multi,BCA,0.644,1.592,0.843,333.6,358.1,0.601,1.588,1.451,-0.103,1.588,1.382,World,CabinetD06,22.5,27.9,0.609,0.921,0,0,None,None,1,0,0,0,0.1536,2.8581,0.707,0.000,0
40.30,Hamad,AUIT_Multi,BCA,0.650,1.601,0.836,337.1,352.9,0.635,1.594,1.447,0.112,1.594,1.270,World,CabinetD06,22.9,29.1,0.611,0.691,0,0,None,None,1,0,0,0,0.3578,2.4838,0.552,0.000,0
40.40,Hamad,AUIT_Multi,BCA,0.656,1.607,0.828,341.2,348.9,0.679,1.602,1.444,0.181,1.602,1.266,World,CabinetD06,23.7,30.6,0.617,0.647,0,0,None,None,1,0,0,0,0.4571,0.7176,0.529,0.000,0
40.51,Hamad,AUIT_Multi,BCA,0.662,1.608,0.822,345.3,347.6,0.736,1.607,1.442,0.200,1.607,1.323,World,CabinetD06,24.8,30.4,0.625,0.681,0,0,None,None,1,0,0,0,0.5145,0.5367,0.549,0.000,0
40.61,Hamad,AUIT_Multi,BCA,0.663,1.608,0.820,347.6,347.6,0.776,1.608,1.442,0.200,1.608,1.381,World,CabinetD06,25.6,29.7,0.632,0.728,0,0,None,None,0,0,0,0,0.4104,0.6031,0.578,0.000,0
40.71,Hamad,AUIT_Multi,BCA,0.664,1.607,0.821,349.7,348.3,0.801,1.607,1.432,0.200,1.607,1.431,World,CabinetD06,25.6,29.2,0.626,0.766,0,0,None,None,0,0,0,0,0.2810,0.5060,0.601,0.000,0
40.80,Hamad,AUIT_Multi,BCA,0.664,1.606,0.823,351.0,348.7,0.814,1.607,1.391,0.199,1.607,1.481,World,CabinetD06,26.1,28.5,0.588,0.806,0,0,None,None,0,0,0,0,0.4366,0.5137,0.621,0.000,0
40.90,Hamad,AUIT_Multi,BCA,0.663,1.606,0.824,350.8,349.1,0.824,1.606,1.386,0.199,1.606,1.509,World,CabinetD06,27.3,27.1,0.585,0.828,0,0,None,None,0,0,0,0,0.1187,0.2952,0.637,0.000,0
41.01,Hamad,AUIT_Multi,BCA,0.660,1.606,0.825,349.5,349.3,0.825,1.606,1.414,0.200,1.606,1.496,World,CabinetD06,28.1,26.1,0.612,0.813,0,0,None,None,0,0,0,0,0.2520,0.1230,0.630,0.000,0
41.11,Hamad,AUIT_Multi,BCA,0.656,1.606,0.825,348.0,349.4,0.816,1.606,1.440,0.201,1.606,1.464,World,CabinetD06,28.4,25.7,0.635,0.785,0,0,None,None,0,0,0,0,0.2824,0.3252,0.616,0.000,0
41.21,Hamad,AUIT_Multi,BCA,0.652,1.607,0.824,346.1,349.4,0.795,1.606,1.443,0.202,1.606,1.422,World,CabinetD06,28.8,25.3,0.635,0.749,0,0,None,None,0,0,0,0,0.2169,0.4311,0.594,0.000,0
41.30,Hamad,AUIT_Multi,BCA,0.648,1.606,0.825,344.1,350.1,0.771,1.607,1.442,0.202,1.607,1.378,World,CabinetD06,28.7,24.9,0.629,0.710,0,0,None,None,0,1,0,0,0.2548,0.4548,0.572,0.000,0
41.40,Hamad,AUIT_Multi,BCA,0.645,1.605,0.825,342.6,350.4,0.745,1.606,1.442,0.203,1.606,1.337,World,CabinetD06,28.2,25.1,0.625,0.676,0,0,None,None,0,0,0,0,0.2587,0.4215,0.553,0.000,0
41.51,Hamad,AUIT_Multi,BCA,0.643,1.606,0.824,342.4,349.8,0.727,1.605,1.442,0.203,1.605,1.308,World,CabinetD06,27.2,26.6,0.623,0.654,0,0,None,None,0,0,0,0,0.1665,0.2560,0.541,0.000,0
41.61,Hamad,AUIT_Multi,BCA,0.643,1.607,0.825,342.5,349.6,0.724,1.606,1.442,0.203,1.606,1.304,World,CabinetD06,27.0,27.0,0.623,0.651,0,0,None,None,0,0,0,0,0.0305,0.0419,0.539,0.000,0
41.71,Hamad,AUIT_Multi,BCA,0.640,1.606,0.825,341.7,349.9,0.722,1.607,1.442,0.203,1.607,1.302,World,CabinetD06,27.6,26.1,0.622,0.647,0,0,None,None,0,0,0,0,0.0256,0.0300,0.538,0.000,0
41.80,Hamad,AUIT_Multi,BCA,0.637,1.607,0.825,340.8,349.7,0.711,1.607,1.442,0.202,1.607,1.287,World,CabinetD06,27.8,26.1,0.621,0.634,0,0,None,None,0,0,0,0,0.1120,0.1488,0.531,0.000,0
41.90,Hamad,AUIT_Multi,BCA,0.635,1.607,0.826,340.3,349.5,0.700,1.607,1.442,0.200,1.607,1.276,World,CabinetD06,27.6,26.5,0.619,0.625,0,0,None,None,0,0,0,0,0.1117,0.1223,0.527,0.000,0
42.01,Hamad,AUIT_Multi,BCA,0.631,1.607,0.829,340.0,349.7,0.691,1.607,1.442,0.197,1.607,1.269,World,CabinetD06,27.4,26.6,0.616,0.619,0,0,None,None,0,0,0,0,0.0785,0.0636,0.524,0.000,0
42.11,Hamad,AUIT_Multi,BCA,0.628,1.607,0.832,339.6,349.8,0.684,1.607,1.443,0.194,1.607,1.266,World,CabinetD06,27.5,26.5,0.614,0.614,0,0,None,None,0,0,0,0,0.0756,0.0483,0.521,0.000,0
42.21,Hamad,AUIT_Multi,BCA,0.626,1.607,0.834,339.8,349.8,0.678,1.607,1.444,0.192,1.607,1.263,World,CabinetD06,27.0,27.0,0.612,0.611,0,0,None,None,0,0,0,0,0.0615,0.0312,0.519,0.000,0
42.30,Hamad,AUIT_Multi,BCA,0.624,1.609,0.837,340.4,349.4,0.679,1.608,1.444,0.194,1.608,1.267,World,CabinetD06,26.8,27.5,0.610,0.608,0,0,None,None,0,0,0,0,0.0170,0.0421,0.517,0.000,0
42.40,Hamad,AUIT_Multi,BCA,0.620,1.611,0.842,341.1,349.1,0.682,1.609,1.445,0.197,1.609,1.272,World,CabinetD06,27.1,27.7,0.607,0.603,0,0,None,None,0,0,0,0,0.0354,0.0653,0.515,0.000,0
42.51,Hamad,AUIT_Multi,BCA,0.609,1.612,0.849,341.1,349.6,0.681,1.611,1.447,0.199,1.611,1.277,World,CabinetD06,27.7,26.9,0.602,0.592,0,0,None,None,0,0,0,0,0.0279,0.0508,0.511,0.000,0
42.61,Hamad,AUIT_Multi,BCA,0.599,1.613,0.854,340.5,349.5,0.670,1.612,1.449,0.198,1.612,1.274,World,CabinetD06,28.3,26.3,0.599,0.581,0,0,None,None,0,0,0,0,0.1071,0.0342,0.504,0.000,0
42.71,Hamad,AUIT_Multi,BCA,0.590,1.615,0.861,339.7,348.9,0.654,1.613,1.450,0.192,1.613,1.267,World,CabinetD06,28.7,26.5,0.592,0.568,0,0,None,None,0,0,0,0,0.1664,0.0948,0.497,0.000,0
42.80,Hamad,AUIT_Multi,BCA,0.581,1.616,0.875,337.9,348.7,0.634,1.615,1.453,0.184,1.615,1.260,World,CabinetD06,29.5,26.2,0.580,0.553,0,0,None,None,0,0,0,0,0.2064,0.1095,0.490,0.000,0
42.90,Hamad,AUIT_Multi,BCA,0.571,1.613,0.891,337.1,348.6,0.609,1.615,1.459,0.171,1.615,1.256,World,CabinetD06,28.8,27.0,0.569,0.541,0,0,None,None,0,0,0,0,0.2690,0.1341,0.482,0.000,0
43.01,Hamad,AUIT_Multi,BCA,0.562,1.610,0.908,338.2,349.2,0.594,1.612,1.466,0.173,1.612,1.257,World,CabinetD06,27.0,28.1,0.559,0.523,0,0,None,None,0,0,0,0,0.1504,0.0305,0.470,0.000,0
43.11,Hamad,AUIT_Multi,BCA,0.560,1.614,0.930,339.0,349.8,0.595,1.611,1.469,0.186,1.611,1.265,World,CabinetD06,26.7,28.9,0.541,0.503,0,0,None,None,0,0,0,0,0.0375,0.1568,0.457,0.000,0
43.21,Hamad,AUIT_Multi,BCA,0.568,1.613,0.960,340.7,349.8,0.604,1.614,1.474,0.196,1.614,1.292,World,CabinetD06,25.3,30.4,0.516,0.498,0,0,None,None,0,0,0,0,0.1045,0.2985,0.446,0.000,0
43.30,Hamad,AUIT_Multi,BCA,0.583,1.609,0.989,341.5,350.5,0.622,1.612,1.480,0.198,1.612,1.344,World,CabinetD06,24.7,30.1,0.493,0.523,0,0,None,None,1,0,0,0,0.1945,0.5290,0.445,0.000,0
43.40,Hamad,AUIT_Multi,BCA,0.605,1.604,1.016,344.3,353.5,0.646,1.608,1.488,0.199,1.608,1.406,World,CabinetD06,21.4,31.0,0.473,0.563,0,0,None,None,1,0,0,0,0.2603,0.6371,0.454,0.000,0
43.51,Hamad,AUIT_Multi,BCA,0.625,1.599,1.036,348.5,356.9,0.694,1.603,1.496,0.197,1.603,1.515,World,CabinetD06,20.1,30.4,0.465,0.643,0,0,None,None,1,0,0,0,0.4437,0.9915,0.497,0.000,0
43.61,Hamad,AUIT_Multi,BCA,0.640,1.595,1.039,353.0,359.2,0.743,1.599,1.500,0.206,1.599,1.617,World,CabinetD06,19.5,29.9,0.473,0.723,0,0,None,None,1,0,0,0,0.5073,1.0494,0.550,0.000,0
43.71,Hamad,AUIT_Multi,BCA,0.653,1.584,1.028,359.4,3.2,0.802,1.593,1.502,0.274,1.593,1.647,World,Quad,18.6,31.1,0.497,0.725,0,0,None,None,1,0,0,0,0.6118,0.7659,0.548,0.000,0
43.80,Hamad,AUIT_Multi,BCA,0.661,1.573,1.011,6.7,8.7,0.842,1.583,1.428,0.367,1.583,1.648,World,Quad,19.5,32.8,0.455,0.701,0,0,None,None,1,0,0,0,0.8665,0.9705,0.523,0.000,0
43.90,Hamad,AUIT_Multi,BCA,0.664,1.564,0.992,12.1,12.4,0.864,1.572,1.338,0.454,1.572,1.646,World,Wall4m,22.5,32.4,0.400,0.687,0,0,None,None,1,0,0,0,0.9669,0.8980,0.513,0.000,0
44.01,Hamad,AUIT_Multi,BCA,0.665,1.562,0.972,17.2,12.8,0.886,1.564,1.273,0.525,1.564,1.645,World,Wall4m,23.0,31.6,0.373,0.688,0,0,None,None,1,0,0,0,0.6180,0.6420,0.519,0.000,0
44.11,Hamad,AUIT_Multi,BCA,0.671,1.563,0.957,20.1,13.5,0.907,1.563,1.236,0.567,1.563,1.730,World,Wall4m,24.1,30.6,0.366,0.781,0,0,None,None,1,0,0,0,0.4417,0.9767,0.600,0.000,0
44.21,Hamad,AUIT_Multi,BCA,0.678,1.566,0.943,20.8,12.6,0.929,1.564,1.213,0.604,1.564,1.725,World,Wall4m,25.0,28.9,0.369,0.786,0,0,None,None,0,0,0,0,0.3220,0.3784,0.607,0.000,0
44.30,Hamad,AUIT_Multi,BCA,0.689,1.570,0.930,19.7,10.7,0.944,1.567,1.202,0.622,1.567,1.666,World,Wall4m,25.5,26.9,0.372,0.738,0,0,None,None,0,0,0,0,0.1951,0.6437,0.565,0.000,0
44.40,Hamad,AUIT_Multi,BCA,0.707,1.571,0.922,18.0,9.5,0.951,1.570,1.195,0.623,1.570,1.660,World,Wall4m,25.4,26.1,0.366,0.743,0,0,None,None,0,0,0,0,0.0990,0.0682,0.568,0.000,0
44.51,Hamad,AUIT_Multi,BCA,0.736,1.571,0.920,16.2,9.3,0.956,1.571,1.190,0.623,1.571,1.663,World,Wall4m,24.8,26.4,0.349,0.751,0,0,None,None,1,0,0,0,0.0729,0.0294,0.579,0.000,0
44.61,Hamad,AUIT_Multi,BCA,0.763,1.570,0.921,15.3,9.5,0.969,1.571,1.184,0.627,1.571,1.661,World,Wall4m,24.6,27.4,0.334,0.752,0,0,None,None,1,0,0,0,0.1426,0.0446,0.587,0.000,0
44.71,Hamad,AUIT_Multi,BCA,0.788,1.569,0.924,14.1,9.5,0.984,1.570,1.180,0.640,1.570,1.650,World,Wall4m,25.1,27.2,0.322,0.741,0,0,None,None,0,0,0,0,0.1585,0.1793,0.583,0.000,0
44.80,Hamad,AUIT_Multi,BCA,0.808,1.567,0.924,13.0,9.8,0.995,1.569,1.178,0.649,1.569,1.646,World,Wall4m,25.4,27.2,0.315,0.739,0,0,None,None,0,0,0,0,0.1202,0.1006,0.583,0.000,0
44.90,Hamad,AUIT_Multi,BCA,0.824,1.567,0.923,12.0,9.7,1.006,1.568,1.175,0.655,1.568,1.645,World,Wall4m,25.6,26.8,0.311,0.741,0,0,None,None,0,0,0,0,0.1091,0.0646,0.586,0.000,0
45.01,Hamad,AUIT_Multi,BCA,0.837,1.566,0.922,11.0,10.0,1.014,1.567,1.174,0.656,1.567,1.645,World,Wall4m,26.0,26.9,0.308,0.745,0,0,None,None,0,0,0,0,0.0740,0.0108,0.592,0.000,0
45.11,Hamad,AUIT_Multi,BCA,0.845,1.567,0.920,10.2,10.0,1.019,1.567,1.173,0.656,1.567,1.645,World,Wall4m,26.3,26.6,0.307,0.749,0,0,None,None,0,0,0,0,0.0583,0.0055,0.596,0.000,0
45.21,Hamad,AUIT_Multi,BCA,0.847,1.572,0.918,6.9,7.9,1.018,1.568,1.172,0.642,1.568,1.666,World,CabinetD05,28.1,23.4,0.306,0.775,0,0,None,None,0,1,0,0,0.0181,0.2564,0.621,0.000,0
45.30,Hamad,AUIT_Multi,BCA,0.841,1.582,0.914,359.6,2.8,0.997,1.573,1.176,0.582,1.573,1.663,World,CabinetD05,31.2,18.8,0.305,0.793,0,0,None,None,0,1,0,0,0.2247,0.6111,0.640,0.000,0
45.40,Hamad,AUIT_Multi,BCA,0.834,1.592,0.907,351.7,357.4,0.963,1.583,1.196,0.472,1.583,1.650,World,CabinetD05,32.7,17.9,0.318,0.827,0,0,None,None,0,1,0,1,0.4260,1.1542,0.669,0.000,0
45.51,Hamad,AUIT_Multi,BCA,0.825,1.600,0.899,342.7,352.6,0.928,1.594,1.300,0.299,1.594,1.646,World,CabinetD06,32.7,19.4,0.414,0.914,0,0,None,None,0,1,0,1,0.9839,1.5610,0.719,0.000,0
45.61,Hamad,AUIT_Multi,BCA,0.822,1.604,0.894,337.3,351.0,0.890,1.600,1.434,0.228,1.600,1.551,World,CabinetD06,31.2,21.5,0.544,0.886,0,0,None,None,0,1,0,1,1.4361,1.2279,0.673,0.000,0
45.71,Hamad,AUIT_Multi,BCA,0.818,1.604,0.887,333.5,350.8,0.842,1.603,1.461,0.218,1.603,1.442,World,CabinetD06,30.2,22.7,0.574,0.817,0,0,None,None,0,1,0,1,0.5717,1.1253,0.624,0.000,0
45.80,Hamad,AUIT_Multi,BCA,0.810,1.603,0.878,331.4,351.0,0.801,1.604,1.458,0.217,1.604,1.364,World,CabinetD06,29.1,23.7,0.580,0.766,0,0,None,None,0,1,0,0,0.4147,0.7958,0.592,0.000,0
45.90,Hamad,AUIT_Multi,BCA,0.797,1.603,0.868,330.0,351.2,0.771,1.603,1.455,0.216,1.603,1.313,World,CabinetD06,28.7,24.1,0.588,0.731,0,0,None,None,0,1,0,0,0.3137,0.5237,0.573,0.000,0
46.01,Hamad,AUIT_Multi,BCA,0.781,1.603,0.857,329.5,351.4,0.741,1.603,1.452,0.204,1.603,1.277,World,CabinetD06,27.9,24.9,0.597,0.713,0,0,None,None,0,1,0,0,0.2763,0.3471,0.565,0.000,0
46.11,Hamad,AUIT_Multi,BCA,0.769,1.602,0.850,329.4,351.7,0.723,1.603,1.450,0.189,1.603,1.264,World,CabinetD06,27.4,25.2,0.602,0.712,0,0,None,None,0,0,0,0,0.1788,0.2015,0.565,0.000,0
46.21,Hamad,AUIT_Multi,BCA,0.760,1.601,0.845,330.5,352.1,0.712,1.602,1.448,0.175,1.602,1.259,World,CabinetD06,26.1,26.3,0.605,0.717,0,0,None,None,0,0,0,0,0.1198,0.1534,0.569,0.000,0
46.30,Hamad,AUIT_Multi,BCA,0.756,1.600,0.843,332.8,352.1,0.717,1.601,1.447,0.186,1.601,1.261,World,CabinetD06,24.8,27.6,0.605,0.707,0,0,None,None,1,0,0,0,0.0554,0.1074,0.563,0.000,0
46.40,Hamad,AUIT_Multi,BCA,0.753,1.600,0.843,335.3,352.4,0.734,1.600,1.446,0.203,1.600,1.275,World,CabinetD06,24.1,28.1,0.604,0.700,0,0,None,None,1,0,0,0,0.1790,0.2283,0.559,0.000,0
46.51,Hamad,AUIT_Multi,BCA,0.755,1.600,0.844,339.0,352.5,0.766,1.600,1.446,0.209,1.600,1.319,World,CabinetD06,23.2,28.9,0.602,0.723,0,0,None,None,1,0,0,0,0.2802,0.4022,0.571,0.000,0
46.61,Hamad,AUIT_Multi,BCA,0.759,1.599,0.847,343.4,353.1,0.803,1.600,1.436,0.208,1.600,1.386,World,CabinetD06,21.8,29.8,0.591,0.771,0,0,None,None,1,0,0,0,0.3942,0.6873,0.597,0.000,0
46.71,Hamad,AUIT_Multi,BCA,0.766,1.599,0.848,348.5,353.2,0.834,1.599,1.323,0.206,1.599,1.490,World,CabinetD06,20.7,30.3,0.480,0.852,0,0,None,None,1,0,0,0,1.2103,1.0725,0.650,0.000,0
46.80,Hamad,AUIT_Multi,BCA,0.774,1.600,0.847,354.1,352.6,0.867,1.599,1.252,0.221,1.599,1.606,World,CabinetD05,20.2,30.9,0.415,0.939,0,0,None,None,1,0,0,0,0.8049,1.2027,0.736,0.000,0
46.90,Hamad,AUIT_Multi,BCA,0.782,1.601,0.843,359.9,352.0,0.901,1.600,1.202,0.312,1.600,1.638,World,CabinetD05,20.2,31.4,0.378,0.923,0,0,None,None,1,0,0,0,0.6239,0.9919,0.733,0.000,0
47.01,Hamad,AUIT_Multi,BCA,0.789,1.603,0.838,5.5,350.7,0.944,1.602,1.168,0.430,1.602,1.641,World,CabinetD05,21.8,30.9,0.364,0.879,0,0,None,None,1,0,0,0,0.4903,1.0640,0.698,0.000,0
47.11,Hamad,AUIT_Multi,BCA,0.790,1.603,0.836,7.0,350.3,0.974,1.603,1.155,0.502,1.603,1.640,World,CabinetD05,24.9,28.3,0.369,0.854,0,0,None,None,1,0,0,0,0.3423,0.7399,0.677,0.000,0
47.21,Hamad,AUIT_Multi,BCA,0.788,1.603,0.838,3.9,351.1,0.982,1.603,1.155,0.515,1.603,1.641,World,CabinetD05,28.9,24.3,0.371,0.847,0,0,None,None,0,1,0,1,0.0750,0.1319,0.674,0.000,0
47.30,Hamad,AUIT_Multi,BCA,0.784,1.603,0.846,354.9,352.9,0.958,1.603,1.172,0.449,1.603,1.643,World,CabinetD05,33.9,19.0,0.369,0.864,0,0,None,None,0,1,0,1,0.3017,0.6778,0.693,0.000,0
47.40,Hamad,AUIT_Multi,BCA,0.782,1.596,0.855,341.3,355.5,0.919,1.601,1.303,0.291,1.601,1.622,World,CabinetD06,35.8,14.6,0.468,0.911,0,0,None,None,0,1,0,1,1.4130,1.6420,0.704,0.000,0
47.51,Hamad,AUIT_Multi,BCA,0.778,1.586,0.864,321.1,0.1,0.793,1.593,1.450,0.189,1.593,1.391,World,CabinetD06Door,40.4,9.3,0.586,0.790,0,0,None,None,0,1,0,0,1.7383,2.2762,0.607,0.000,0
47.61,Hamad,AUIT_Multi,BCA,0.770,1.577,0.860,301.9,5.0,0.597,1.585,1.458,-0.124,1.585,1.245,World,Wall4m,42.3,10.2,0.622,0.973,0,0,None,None,0,1,0,1,2.0275,3.5700,0.752,0.000,0
47.71,Hamad,AUIT_Multi,BCA,0.766,1.571,0.840,285.6,7.8,0.430,1.577,1.355,-0.196,1.577,0.946,World,Refrigerator03_Door01,42.1,12.3,0.615,0.967,0,0,None,None,0,1,0,1,2.0179,3.1594,0.748,0.000,0
47.80,Hamad,AUIT_Multi,BCA,0.769,1.569,0.808,272.3,8.8,0.318,1.571,1.205,-0.299,1.571,0.627,World,Refrigerator03_Door01,39.9,14.9,0.601,1.082,0,0,None,None,0,1,0,1,1.9297,3.4523,0.845,0.000,0
47.90,Hamad,AUIT_Multi,BCA,0.773,1.568,0.772,262.9,9.6,0.088,1.569,1.133,-0.169,1.558,0.546,World,Refrigerator03,36.0,11.1,0.774,0.969,0,0,None,None,0,1,0,1,2.4718,1.5796,0.642,0.000,0
48.01,Hamad,AUIT_Multi,BCA,0.775,1.567,0.731,256.8,10.4,0.030,1.568,0.988,0.113,1.535,0.642,World,Refrigerator03,33.7,9.4,0.787,0.669,0,0,None,None,0,1,0,0,1.4010,2.6766,0.357,0.000,0
48.11,Hamad,AUIT_Multi,BCA,0.774,1.562,0.692,253.8,11.6,0.034,1.566,0.882,0.146,1.535,0.446,World,Refrigerator03,32.7,10.6,0.764,0.675,0,0,None,None,0,1,0,0,1.0973,2.0499,0.451,0.000,0
48.21,Hamad,AUIT_Multi,BCA,0.773,1.564,0.646,252.6,10.4,0.035,1.563,0.801,-0.078,1.558,-0.027,World,Refrigerator03,30.9,23.2,0.754,1.084,0,0,None,None,0,1,0,1,0.8309,5.3886,0.836,0.000,0
48.30,Hamad,AUIT_Multi,BCA,0.773,1.567,0.601,252.8,8.5,0.033,1.564,0.743,-0.110,1.564,-0.154,World,Refrigerator03,29.2,24.7,0.753,1.162,0,0,None,None,0,1,0,1,0.5993,1.3519,0.909,0.000,0
48.40,Hamad,AUIT_Multi,BCA,0.771,1.571,0.563,253.7,6.3,0.030,1.568,0.703,-0.033,1.566,-0.096,World,Refrigerator03,27.6,23.7,0.755,1.039,0,0,None,None,0,1,0,1,0.4195,0.9980,0.800,0.000,0
48.51,Hamad,AUIT_Multi,BCA,0.763,1.577,0.529,253.5,4.8,0.022,1.572,0.668,0.172,1.567,0.126,World,Refrigerator03,27.5,18.2,0.753,0.715,0,0,None,None,0,1,0,0,0.3190,2.7224,0.562,0.000,0
48.61,Hamad,AUIT_Multi,BCA,0.745,1.581,0.506,254.4,3.9,0.013,1.577,0.642,0.350,1.568,0.323,World,Refrigerator03,26.3,9.5,0.744,0.436,0,0,None,None,0,1,0,0,0.2928,2.7244,0.464,0.000,0
48.71,Hamad,AUIT_Multi,BCA,0.718,1.581,0.486,254.5,3.0,0.003,1.581,0.626,-0.075,1.579,-0.164,World,Refrigerator03,26.8,24.0,0.729,1.025,0,0,None,None,0,1,0,1,0.1949,6.6405,0.794,0.000,0
48.80,Hamad,AUIT_Multi,BCA,0.681,1.577,0.468,253.2,3.1,-0.017,1.580,0.602,-0.182,1.580,-0.285,World,Refrigerator03,27.9,24.5,0.711,1.146,0,0,None,None,0,1,0,1,0.3197,1.6619,0.902,0.000,0
48.90,Hamad,AUIT_Multi,BCA,0.632,1.572,0.450,250.8,3.1,-0.040,1.576,0.573,-0.165,1.577,-0.257,World,Refrigerator03,29.7,22.6,0.683,1.065,0,0,None,None,0,1,0,1,0.3828,0.3392,0.839,0.000,0
49.01,Hamad,AUIT_Multi,BCA,0.556,1.564,0.428,247.9,3.2,-0.032,1.571,0.551,-0.019,1.574,-0.017,World,Refrigerator03,34.1,16.1,0.601,0.727,0,0,None,None,0,1,0,0,0.2111,2.5280,0.569,0.000,0
49.11,Hamad,AUIT_Multi,BCA,0.473,1.559,0.406,245.3,3.4,-0.025,1.566,0.533,0.105,1.572,0.191,World,Refrigerator03,39.2,7.5,0.515,0.426,0,0,None,None,0,1,0,0,0.2074,2.4902,0.366,0.000,0
49.21,Hamad,AUIT_Multi,BCA,0.388,1.562,0.382,243.2,4.9,-0.020,1.562,0.514,-0.180,1.562,-0.322,World,Refrigerator03,44.9,24.8,0.429,0.904,0,0,None,None,0,1,0,1,0.2071,6.0395,0.851,0.000,0
49.30,Hamad,AUIT_Multi,BCA,0.323,1.570,0.365,241.3,5.9,-0.014,1.559,0.499,-0.226,1.564,-0.390,World,Refrigerator03,50.4,25.8,0.362,0.935,0,0,None,None,0,0,0,0,0.1723,0.8564,0.914,0.000,0
49.40,Hamad,AUIT_Multi,BCA,0.279,1.574,0.356,239.2,5.8,-0.006,1.556,0.483,-0.234,1.570,-0.398,World,Refrigerator03,54.8,25.5,0.313,0.912,0,0,None,None,0,0,0,0,0.1789,0.1267,0.910,0.000,0
49.51,Hamad,AUIT_Multi,BCA,0.250,1.572,0.352,239.3,6.9,0.003,1.552,0.470,-0.237,1.573,-0.392,World,Refrigerator03,55.9,26.9,0.274,0.889,0,0,None,None,0,0,0,0,0.1535,0.0678,0.895,0.000,0
49.61,Hamad,AUIT_Multi,BCA,0.243,1.572,0.354,240.7,7.6,0.013,1.548,0.461,-0.238,1.572,-0.358,World,Refrigerator03,53.8,27.7,0.255,0.860,0,0,None,None,0,0,0,0,0.1420,0.3451,0.857,0.000,0
49.71,Hamad,AUIT_Multi,BCA,0.252,1.574,0.363,244.4,7.4,0.024,1.544,0.456,-0.237,1.573,-0.302,World,Refrigerator03,47.4,28.9,0.248,0.825,0,0,None,None,0,0,0,0,0.1250,0.5753,0.802,0.000,0
49.80,Hamad,AUIT_Multi,BCA,0.276,1.573,0.376,249.9,7.5,0.036,1.540,0.455,-0.234,1.574,-0.218,World,Refrigerator03,38.0,30.1,0.255,0.782,0,0,None,None,0,0,0,0,0.1329,0.8679,0.726,0.000,0
49.90,Hamad,AUIT_Multi,BCA,0.315,1.568,0.393,257.2,8.8,-0.101,1.555,0.460,-0.231,1.572,-0.119,World,Refrigerator03,23.0,31.5,0.421,0.748,0,0,None,None,1,0,0,0,1.3726,0.9847,0.594,0.000,0
50.00,Hamad,AUIT_Multi,BCA,0.366,1.561,0.412,266.8,10.1,-0.164,1.564,0.521,-0.282,1.567,-0.048,World,Refrigerator03,18.0,33.7,0.541,0.795,0,0,None,None,1,0,0,0,0.8912,0.8816,0.581,0.000,0
50.11,Hamad,AUIT_Multi,BCA,0.423,1.556,0.429,276.9,10.9,-0.094,1.561,0.624,-0.315,1.561,0.074,World,Refrigerator03,17.8,34.2,0.552,0.818,0,0,None,None,1,0,0,0,1.1678,1.1932,0.592,0.000,0
50.21,Hamad,AUIT_Multi,BCA,0.464,1.552,0.444,285.9,12.6,-0.067,1.556,0.753,-0.315,1.556,0.201,World,Refrigerator03,19.2,35.4,0.615,0.816,0,0,None,None,1,0,0,0,1.3626,1.3085,0.605,0.000,0
50.30,Hamad,AUIT_Multi,BCA,0.503,1.554,0.463,296.0,14.2,-0.062,1.553,0.934,-0.313,1.553,0.338,World,Refrigerator03_Door01,19.6,37.1,0.736,0.826,0,0,None,None,1,0,0,0,1.8667,1.4106,0.647,0.000,0
50.40,Hamad,AUIT_Multi,BCA,0.545,1.558,0.486,307.3,14.3,0.058,1.555,1.045,-0.312,1.555,0.501,World,Refrigerator03_Door01,18.2,38.6,0.741,0.857,0,0,None,None,1,0,0,0,1.6890,1.6824,0.658,0.000,0
50.51,Hamad,AUIT_Multi,BCA,0.596,1.558,0.514,322.0,14.9,0.267,1.558,1.135,-0.086,1.544,0.611,World,Wall4m,17.9,45.5,0.702,0.689,0,0,None,None,1,0,0,0,2.0392,2.2492,0.633,0.000,0
50.61,Hamad,AUIT_Multi,BCA,0.642,1.558,0.542,333.6,14.6,0.435,1.558,1.343,0.091,1.535,0.722,World,Wall4m,18.7,46.6,0.827,0.580,0,0,None,None,1,0,1,0,2.7497,2.1567,0.710,0.000,0
50.71,Hamad,AUIT_Multi,BCA,0.691,1.560,0.576,344.1,13.9,0.639,1.558,1.348,-0.095,1.550,1.176,World,Wall4m,18.2,38.7,0.774,0.989,0,0,None,None,1,0,0,0,2.0999,5.0627,0.753,0.000,0
50.80,Hamad,AUIT_Multi,BCA,0.742,1.558,0.616,351.9,13.6,0.789,1.559,1.180,0.091,1.558,1.287,World,Wall4m,18.7,38.2,0.566,0.935,0,0,None,None,1,0,0,0,2.3157,2.2211,0.706,0.000,0
50.90,Hamad,AUIT_Multi,BCA,0.793,1.554,0.666,357.0,13.8,0.896,1.557,1.118,0.182,1.557,1.506,World,Wall4m,21.1,35.6,0.463,1.038,0,0,None,None,1,0,0,0,1.2723,2.4373,0.812,0.000,0
51.01,Hamad,AUIT_Multi,BCA,0.851,1.552,0.728,0.9,13.6,0.982,1.554,1.108,0.394,1.520,1.367,World,Wall4m,22.8,37.7,0.402,0.786,0,0,None,None,1,0,0,0,0.7871,2.3001,0.644,0.000,0
51.11,Hamad,AUIT_Multi,BCA,0.896,1.553,0.773,3.5,14.2,1.044,1.553,1.118,0.585,1.486,1.212,World,Wall4m,24.1,38.7,0.376,0.543,0,0,None,None,1,0,0,0,0.6455,2.5554,0.474,0.000,0
51.21,Hamad,AUIT_Multi,BCA,0.930,1.557,0.808,4.4,14.6,1.090,1.554,1.132,0.641,1.508,1.381,World,Wall4m,26.0,32.3,0.361,0.643,0,0,None,None,0,0,0,0,0.4878,1.8525,0.515,0.000,0
51.30,Hamad,AUIT_Multi,BCA,0.955,1.557,0.833,4.7,14.5,1.119,1.556,1.145,0.612,1.549,1.650,World,Wall4m,26.9,30.6,0.352,0.886,0,0,None,None,0,0,0,0,0.3294,2.8120,0.716,0.000,0
51.40,Hamad,AUIT_Multi,BCA,0.975,1.557,0.851,4.4,14.3,1.141,1.557,1.157,0.655,1.556,1.650,World,Wall4m,27.9,29.6,0.348,0.861,0,0,None,None,0,0,0,0,0.2617,0.4459,0.693,0.000,0
51.51,Hamad,AUIT_Multi,BCA,0.992,1.556,0.871,2.4,14.5,1.148,1.557,1.163,0.755,1.546,1.533,World,Wall4m,29.4,25.7,0.331,0.703,0,0,None,None,0,0,0,0,0.0777,1.3904,0.540,0.000,0
51.61,Hamad,AUIT_Multi,BCA,1.002,1.553,0.887,0.7,15.2,1.142,1.556,1.163,0.851,1.535,1.420,World,Wall4m,30.3,21.0,0.310,0.554,0,0,None,None,0,1,0,0,0.0628,1.5310,0.389,0.000,0
51.71,Hamad,AUIT_Multi,BCA,1.008,1.549,0.899,359.4,16.3,1.134,1.552,1.163,0.762,1.538,1.544,World,Wall4m,30.8,25.3,0.293,0.690,0,0,None,None,0,0,0,0,0.0921,1.5715,0.532,0.000,0
51.80,Hamad,AUIT_Multi,BCA,1.014,1.545,0.910,358.9,17.0,1.128,1.549,1.165,0.632,1.546,1.702,World,Wall4m,30.6,29.6,0.280,0.879,0,0,None,None,0,0,0,0,0.0679,2.1045,0.731,0.000,0
51.90,Hamad,AUIT_Multi,BCA,1.019,1.542,0.918,358.8,17.8,1.128,1.545,1.168,0.637,1.545,1.683,World,Wall4m,30.6,30.7,0.273,0.855,0,0,None,None,0,0,0,0,0.0473,0.2039,0.712,0.000,0
52.01,Hamad,AUIT_Multi,BCA,1.023,1.541,0.921,358.7,18.0,1.118,1.536,1.173,0.737,1.530,1.562,World,Wall4m,27.4,28.2,0.270,0.702,0,0,None,None,0,0,0,0,0.1294,1.4142,0.545,0.000,0
52.11,Hamad,AUIT_Multi,BCA,1.024,1.544,0.917,359.1,17.1,1.101,1.527,1.178,0.865,1.513,1.420,World,Wall4m,21.7,21.3,0.273,0.528,0,0,None,None,1,1,0,0,0.2071,1.9763,0.338,0.000,0
52.21,Hamad,AUIT_Multi,BCA,1.021,1.549,0.908,358.8,15.3,1.085,1.518,1.183,0.906,1.516,1.430,World,Quad,16.8,16.1,0.285,0.535,0,0,None,None,1,1,0,0,0.1951,0.4385,0.304,0.000,0
52.30,Hamad,AUIT_Multi,BCA,1.012,1.558,0.894,357.1,11.9,1.070,1.510,1.188,0.814,1.546,1.612,World,Quad,14.0,16.6,0.303,0.745,0,0,None,None,1,1,0,0,0.1838,2.1186,0.496,0.000,0
52.40,Hamad,AUIT_Multi,BCA,1.001,1.571,0.874,354.7,6.4,1.053,1.503,1.193,0.762,1.559,1.640,World,Quad,15.5,13.2,0.330,0.802,0,0,None,None,1,1,0,1,0.1930,0.6247,0.537,0.000,0
52.51,Hamad,AUIT_Multi,BCA,0.986,1.582,0.845,351.9,1.3,1.034,1.494,1.198,0.700,1.573,1.644,World,CabinetD05,20.1,11.7,0.367,0.849,0,0,None,None,1,1,0,1,0.1948,0.5794,0.563,0.000,0
52.61,Hamad,AUIT_Multi,BCA,0.970,1.591,0.819,348.2,356.6,1.018,1.487,1.203,0.604,1.583,1.654,World,CabinetD05,26.3,12.5,0.400,0.912,0,0,None,None,0,1,0,1,0.1882,0.9951,0.620,0.000,0
52.71,Hamad,AUIT_Multi,BCA,0.953,1.599,0.794,343.1,352.4,1.002,1.478,1.208,0.452,1.591,1.648,World,CabinetD05,33.4,15.7,0.434,0.990,0,0,None,None,0,1,0,1,0.1949,1.5697,0.714,0.000,0
52.80,Hamad,AUIT_Multi,BCA,0.938,1.602,0.774,338.5,350.5,0.985,1.469,1.215,0.268,1.599,1.583,World,CabinetD06,37.9,20.5,0.463,1.050,0,0,None,None,0,1,0,1,0.2107,2.0036,0.816,0.000,0
52.90,Hamad,AUIT_Multi,BCA,0.927,1.602,0.762,336.0,351.1,0.967,1.460,1.223,0.227,1.601,1.455,World,CabinetD06,38.5,23.0,0.484,0.985,0,0,None,None,0,1,0,1,0.2239,1.3779,0.788,0.000,0
53.01,Hamad,AUIT_Multi,BCA,0.920,1.601,0.753,335.1,351.6,0.935,1.566,1.174,0.221,1.602,1.373,World,CabinetD06,29.9,24.9,0.423,0.934,0,0,None,None,0,1,0,1,1.0864,0.7381,0.742,0.000,0
53.11,Hamad,AUIT_Multi,BCA,0.918,1.599,0.750,335.7,352.6,0.923,1.595,1.182,0.220,1.600,1.349,World,CabinetD06,26.1,26.1,0.431,0.919,0,0,None,None,0,0,0,0,0.3378,0.2514,0.723,0.000,0
53.21,Hamad,AUIT_Multi,BCA,0.917,1.598,0.749,336.9,353.1,0.925,1.598,1.174,0.219,1.599,1.358,World,CabinetD06,25.1,26.7,0.425,0.926,0,0,None,None,0,0,0,0,0.0848,0.0980,0.730,0.000,0
53.30,Hamad,AUIT_Multi,BCA,0.918,1.599,0.749,337.8,353.0,0.932,1.598,1.165,0.218,1.598,1.380,World,CabinetD06,25.1,26.6,0.417,0.942,0,0,None,None,0,0,0,0,0.1171,0.2282,0.746,0.000,0
53.40,Hamad,AUIT_Multi,BCA,0.918,1.598,0.748,339.0,353.3,0.939,1.599,1.159,0.218,1.599,1.400,World,CabinetD06,24.8,26.8,0.412,0.957,0,0,None,None,1,0,0,0,0.0910,0.2074,0.760,0.000,0
53.51,Hamad,AUIT_Multi,BCA,0.920,1.597,0.748,341.2,354.0,0.950,1.598,1.150,0.217,1.598,1.436,World,CabinetD06,23.7,27.4,0.403,0.984,0,0,None,None,1,0,0,0,0.1327,0.3261,0.787,0.000,0
53.61,Hamad,AUIT_Multi,BCA,0.921,1.596,0.748,341.2,354.2,0.962,1.597,1.141,0.216,1.597,1.480,World,CabinetD06,25.5,25.7,0.395,1.016,0,0,None,None,0,0,0,0,0.1591,0.4537,0.820,0.000,0
53.71,Hamad,AUIT_Multi,BCA,0.917,1.598,0.746,337.1,353.4,0.955,1.597,1.152,0.218,1.597,1.448,World,CabinetD06,29.0,22.9,0.407,0.990,0,0,None,None,0,1,0,1,0.1386,0.3303,0.794,0.000,0
53.80,Hamad,AUIT_Multi,BCA,0.918,1.591,0.750,337.2,357.0,0.934,1.597,1.172,0.220,1.597,1.383,World,CabinetD06,25.0,25.2,0.422,0.943,0,0,None,None,0,0,0,0,0.2929,0.6700,0.745,0.000,0
53.90,Hamad,AUIT_Multi,BCA,0.926,1.569,0.763,343.9,9.7,0.947,1.587,1.152,0.217,1.587,1.435,World,Wall4m,22.8,32.2,0.390,0.977,0,0,None,None,1,0,0,0,0.2634,0.5401,0.783,0.000,0
54.01,Hamad,AUIT_Multi,BCA,0.930,1.554,0.776,349.0,16.6,0.991,1.565,1.130,0.227,1.565,1.610,World,Wall4m,27.6,33.5,0.359,1.090,0,0,None,None,0,0,0,0,0.4827,1.5960,0.902,0.000,0
54.11,Hamad,AUIT_Multi,BCA,0.929,1.555,0.781,349.7,15.8,1.014,1.556,1.128,0.293,1.556,1.639,World,Wall4m,28.6,30.4,0.357,1.069,0,0,None,None,0,0,0,0,0.2524,0.7451,0.884,0.000,0
54.21,Hamad,AUIT_Multi,BCA,0.929,1.557,0.782,349.6,15.1,1.019,1.556,1.129,0.314,1.556,1.643,World,Wall4m,28.8,29.0,0.358,1.058,0,0,None,None,0,0,0,0,0.0560,0.2253,0.873,0.000,0
54.30,Hamad,AUIT_Multi,BCA,0.929,1.558,0.782,349.5,14.7,1.019,1.557,1.129,0.315,1.557,1.644,World,Wall4m,28.8,28.7,0.359,1.058,0,0,None,None,0,0,0,0,0.0117,0.0155,0.872,0.000,0
54.40,Hamad,AUIT_Multi,BCA,0.928,1.558,0.783,349.5,14.5,1.018,1.557,1.130,0.313,1.557,1.644,World,Wall4m,28.8,28.6,0.359,1.058,0,0,None,None,0,0,0,0,0.0117,0.0209,0.873,0.000,0
54.51,Hamad,AUIT_Multi,BCA,0.926,1.558,0.784,349.3,14.2,1.016,1.558,1.130,0.311,1.558,1.644,World,Wall4m,28.8,28.4,0.357,1.057,0,0,None,None,0,0,0,0,0.0183,0.0233,0.873,0.000,0
54.61,Hamad,AUIT_Multi,BCA,0.925,1.559,0.786,349.3,13.9,1.014,1.558,1.131,0.308,1.558,1.644,World,Wall4m,28.6,28.4,0.357,1.057,0,0,None,None,0,0,0,0,0.0255,0.0300,0.873,0.000,0
54.71,Hamad,AUIT_Multi,BCA,0.924,1.559,0.786,349.1,13.7,1.013,1.559,1.132,0.307,1.559,1.644,World,Wall4m,28.5,28.1,0.357,1.056,0,0,None,None,0,0,0,0,0.0167,0.0098,0.872,0.000,0
54.80,Hamad,AUIT_Multi,BCA,0.922,1.561,0.786,348.4,12.8,1.009,1.559,1.133,0.299,1.559,1.644,World,Wall4m,28.5,27.3,0.358,1.061,0,0,None,None,0,0,0,0,0.0342,0.0860,0.876,0.000,0
54.90,Hamad,AUIT_Multi,BCA,0.921,1.564,0.785,347.6,11.4,1.004,1.561,1.134,0.281,1.561,1.645,World,Wall4m,27.9,26.6,0.359,1.072,0,0,None,None,0,0,0,0,0.0617,0.1826,0.885,0.000,0
55.01,Hamad,AUIT_Multi,BCA,0.916,1.571,0.782,344.8,7.8,0.995,1.565,1.138,0.247,1.565,1.645,World,Wall4m,28.4,23.7,0.364,1.091,0,0,None,None,0,1,0,1,0.0958,0.3037,0.903,0.000,0
55.11,Hamad,AUIT_Multi,BCA,0.909,1.584,0.775,339.5,1.2,0.972,1.573,1.152,0.223,1.573,1.572,World,CabinetD06,30.0,20.2,0.382,1.051,0,0,None,None,0,1,0,1,0.2925,0.7941,0.858,0.000,0
55.21,Hamad,AUIT_Multi,BCA,0.903,1.595,0.764,334.0,355.1,0.933,1.585,1.209,0.221,1.585,1.433,World,CabinetD06,30.6,20.2,0.446,0.955,0,0,None,None,0,1,0,1,0.7151,1.4296,0.747,0.000,0
55.30,Hamad,AUIT_Multi,BCA,0.900,1.600,0.756,330.8,352.0,0.890,1.595,1.295,0.218,1.595,1.318,World,CabinetD06,29.3,22.8,0.539,0.883,0,0,None,None,0,1,0,1,0.9923,1.1888,0.673,0.000,0
55.40,Hamad,AUIT_Multi,BCA,0.898,1.600,0.753,329.4,351.6,0.856,1.599,1.343,0.194,1.599,1.267,World,CabinetD06,27.7,24.8,0.591,0.872,0,0,None,None,0,1,0,1,0.6057,0.5866,0.667,0.000,0
55.51,Hamad,AUIT_Multi,BCA,0.898,1.599,0.754,330.1,352.1,0.847,1.600,1.314,0.178,1.600,1.254,World,CabinetD06,25.8,26.4,0.563,0.877,0,0,None,None,0,0,0,0,0.2667,0.1836,0.672,0.000,0
55.61,Hamad,AUIT_Multi,BCA,0.897,1.600,0.753,329.5,351.8,0.845,1.599,1.342,0.182,1.599,1.253,World,CabinetD06,26.7,25.8,0.591,0.873,0,0,None,None,0,0,0,0,0.2852,0.0413,0.670,0.000,0
55.71,Hamad,AUIT_Multi,BCA,0.895,1.600,0.752,328.1,352.1,0.836,1.600,1.362,0.164,1.600,1.253,World,CabinetD06,27.5,24.9,0.614,0.886,0,0,None,None,0,1,0,1,0.2332,0.1867,0.681,0.000,0
55.80,Hamad,AUIT_Multi,BCA,0.892,1.600,0.750,326.2,352.0,0.811,1.600,1.407,0.005,1.600,1.321,World,CabinetD06,27.8,24.6,0.662,1.055,0,0,None,None,0,1,0,1,0.5245,1.7705,0.810,0.000,0
55.90,Hamad,AUIT_Multi,BCA,0.890,1.599,0.748,325.9,352.7,0.789,1.600,1.423,-0.114,1.600,1.360,World,CabinetD06,26.5,25.5,0.682,1.175,0,0,None,None,0,0,0,0,0.2775,1.2895,0.904,0.000,0
56.01,Hamad,AUIT_Multi,BCA,0.891,1.597,0.749,328.6,353.5,0.794,1.598,1.386,-0.095,1.598,1.351,World,CabinetD06,23.6,27.9,0.644,1.155,0,0,None,None,1,0,0,0,0.3298,0.1875,0.890,0.000,0
56.11,Hamad,AUIT_Multi,BCA,0.894,1.597,0.750,331.9,353.9,0.836,1.597,1.286,0.159,1.599,1.313,World,CabinetD06,22.7,25.2,0.539,0.925,0,0,None,None,1,0,0,0,1.1170,2.6467,0.677,0.000,0
56.21,Hamad,AUIT_Multi,BCA,0.894,1.598,0.750,332.2,353.5,0.841,1.597,1.326,0.400,1.600,1.309,World,CabinetD06,23.4,15.0,0.578,0.746,0,0,None,None,1,1,0,0,0.4079,2.4760,0.441,0.000,0
56.30,Hamad,AUIT_Multi,BCA,0.896,1.598,0.749,332.6,353.4,0.840,1.598,1.329,0.537,1.601,1.304,World,CabinetD06,22.9,8.4,0.583,0.661,0,0,None,None,1,1,0,0,0.0388,1.4053,0.305,0.000,0
56.40,Hamad,AUIT_Multi,BCA,0.897,1.599,0.748,332.6,352.9,0.839,1.598,1.345,0.271,1.599,1.329,World,CabinetD06,22.9,20.9,0.600,0.854,0,0,None,None,1,1,0,1,0.1609,2.7451,0.568,0.000,0
56.51,Hamad,AUIT_Multi,BCA,0.899,1.599,0.748,333.1,352.7,0.840,1.599,1.337,0.222,1.599,1.338,World,CabinetD06,22.3,23.2,0.592,0.898,0,0,None,None,1,1,0,1,0.0720,0.4472,0.618,0.000,0
56.61,Hamad,AUIT_Multi,BCA,0.901,1.600,0.749,334.3,352.6,0.856,1.599,1.289,0.218,1.599,1.341,World,CabinetD06,22.1,24.5,0.543,0.904,0,0,None,None,1,1,0,1,0.5160,0.0500,0.640,0.000,0
56.71,Hamad,AUIT_Multi,BCA,0.906,1.600,0.751,336.8,352.1,0.888,1.600,1.199,0.218,1.600,1.341,World,CabinetD06,22.3,27.3,0.448,0.907,0,0,None,None,1,0,0,0,0.9892,0.0084,0.685,0.000,0
56.80,Hamad,AUIT_Multi,BCA,0.918,1.600,0.756,342.3,351.5,0.926,1.600,1.162,0.217,1.600,1.399,World,CabinetD06,20.5,30.9,0.406,0.951,0,0,None,None,1,0,0,0,0.5383,0.5891,0.748,0.000,0
56.90,Hamad,AUIT_Multi,BCA,0.936,1.599,0.764,350.5,351.0,0.976,1.599,1.133,0.214,1.599,1.566,World,Quad,17.9,33.6,0.371,1.079,0,0,None,None,1,0,0,0,0.6026,1.7286,0.877,0.000,0
57.01,Hamad,AUIT_Multi,BCA,0.958,1.598,0.776,358.9,349.6,1.054,1.598,1.124,0.387,1.598,1.633,World,CabinetD05,19.5,34.0,0.361,1.029,0,0,None,None,1,0,0,0,0.7086,1.6691,0.839,0.000,0
57.11,Hamad,AUIT_Multi,BCA,0.967,1.600,0.791,2.9,349.1,1.117,1.599,1.134,0.535,1.599,1.643,World,CabinetD05,23.4,31.6,0.375,0.955,0,0,None,None,1,0,0,0,0.6576,1.5179,0.774,0.000,0
57.21,Hamad,AUIT_Multi,BCA,0.963,1.601,0.812,3.8,349.7,1.150,1.600,1.148,0.596,1.600,1.691,World,CabinetD05,27.3,28.2,0.384,0.953,0,0,None,None,0,0,0,0,0.3653,0.8002,0.776,0.000,0
57.30,Hamad,AUIT_Multi,BCA,0.946,1.601,0.837,2.6,350.2,1.138,1.601,1.147,0.607,1.601,1.698,World,CabinetD05,30.6,25.9,0.364,0.926,0,0,None,None,0,0,0,0,0.1285,0.1393,0.765,0.000,0
57.40,Hamad,AUIT_Multi,BCA,0.920,1.599,0.863,1.4,350.6,1.101,1.601,1.147,0.598,1.601,1.667,World,CabinetD05,32.2,25.0,0.337,0.867,0,0,None,None,0,1,0,1,0.3749,0.3377,0.724,0.000,0
57.51,Hamad,AUIT_Multi,BCA,0.887,1.600,0.890,1.1,351.5,1.056,1.599,1.154,0.575,1.599,1.648,World,CabinetD05,32.6,24.9,0.313,0.820,0,0,None,None,0,1,0,1,0.4140,0.2655,0.690,0.000,0
57.61,Hamad,AUIT_Multi,BCA,0.858,1.606,0.913,1.2,351.4,1.017,1.601,1.164,0.550,1.601,1.645,World,CabinetD05,32.4,25.5,0.297,0.794,0,0,None,None,0,0,0,0,0.4170,0.2556,0.670,0.000,0
57.71,Hamad,AUIT_Multi,BCA,0.834,1.610,0.932,1.1,350.5,0.986,1.606,1.180,0.533,1.606,1.646,World,CabinetD05,31.9,25.8,0.291,0.775,0,0,None,None,0,0,0,0,0.3556,0.1853,0.650,0.000,0
57.80,Hamad,AUIT_Multi,BCA,0.818,1.612,0.946,1.2,350.3,0.963,1.610,1.198,0.517,1.610,1.646,World,CabinetD05,30.4,26.2,0.291,0.762,0,0,None,None,0,0,0,0,0.3032,0.1717,0.633,0.000,0
57.90,Hamad,AUIT_Multi,BCA,0.806,1.613,0.958,1.2,349.7,0.948,1.612,1.213,0.509,1.612,1.647,World,CabinetD05,29.8,26.5,0.292,0.750,0,0,None,None,0,0,0,0,0.2196,0.0850,0.617,0.000,0
58.01,Hamad,AUIT_Multi,BCA,0.796,1.612,0.972,1.6,350.5,0.937,1.613,1.230,0.503,1.613,1.647,World,CabinetD05,28.5,26.7,0.294,0.736,0,0,None,None,0,0,0,0,0.1862,0.0534,0.602,0.000,0
58.11,Hamad,AUIT_Multi,BCA,0.790,1.611,0.980,3.0,351.4,0.931,1.612,1.239,0.508,1.612,1.647,World,CabinetD05,26.8,27.2,0.295,0.724,0,0,None,None,0,0,0,0,0.1109,0.0508,0.588,0.000,0
58.21,Hamad,AUIT_Multi,BCA,0.789,1.607,0.990,5.2,353.4,0.930,1.610,1.241,0.525,1.610,1.647,World,CabinetD05,24.8,27.8,0.287,0.708,0,0,None,None,1,0,0,0,0.0290,0.1731,0.574,0.000,0
58.30,Hamad,AUIT_Multi,BCA,0.795,1.601,0.999,7.7,356.5,0.934,1.606,1.235,0.557,1.606,1.650,World,CabinetD05,23.0,28.0,0.273,0.692,0,0,None,None,1,0,0,0,0.0867,0.3352,0.561,0.000,0
58.40,Hamad,AUIT_Multi,BCA,0.808,1.596,1.007,9.9,359.8,0.943,1.600,1.226,0.585,1.600,1.689,World,CabinetD05,21.8,28.0,0.258,0.718,0,0,None,None,1,0,0,0,0.1374,0.4993,0.585,0.000,0
58.51,Hamad,AUIT_Multi,BCA,0.833,1.588,1.012,12.1,3.8,0.960,1.594,1.214,0.639,1.594,1.674,World,CabinetD05,20.7,28.8,0.239,0.690,0,0,None,None,1,0,0,0,0.1983,0.5122,0.561,0.000,0
58.61,Hamad,AUIT_Multi,BCA,0.862,1.581,1.013,13.5,7.1,0.983,1.587,1.204,0.691,1.587,1.649,World,CabinetD05,20.6,29.4,0.227,0.659,0,0,None,None,1,0,0,0,0.2678,0.6003,0.532,0.000,0
58.71,Hamad,AUIT_Multi,BCA,0.897,1.576,1.009,14.5,9.5,1.016,1.580,1.199,0.773,1.584,1.547,World,CabinetD05Door,20.6,29.2,0.224,0.552,0,0,None,None,1,0,0,0,0.3501,1.3433,0.425,0.000,0
58.80,Hamad,AUIT_Multi,BCA,0.933,1.572,1.004,14.3,10.5,1.056,1.576,1.198,0.852,1.581,1.448,World,CabinetD05Door,21.2,27.1,0.229,0.451,0,0,None,None,1,0,0,0,0.4115,1.3128,0.322,0.000,0
58.90,Hamad,AUIT_Multi,BCA,0.967,1.568,0.999,13.0,11.3,1.078,1.572,1.195,0.885,1.575,1.514,World,CabinetD05Door,20.6,25.0,0.225,0.522,0,0,None,None,1,1,0,0,0.2402,0.7610,0.373,0.000,0
59.01,Hamad,AUIT_Multi,BCA,0.999,1.564,0.991,10.2,11.6,1.112,1.567,1.198,0.866,1.567,1.632,World,CabinetD05Door,22.2,24.8,0.236,0.654,0,0,None,None,1,1,0,0,0.3055,1.0784,0.498,0.000,0
59.11,Hamad,AUIT_Multi,BCA,1.021,1.563,0.986,7.7,12.2,1.126,1.564,1.196,0.864,1.564,1.644,World,CabinetD05Door,22.5,24.3,0.234,0.676,0,0,None,None,1,1,0,0,0.1481,0.1281,0.518,0.000,0
59.21,Hamad,AUIT_Multi,BCA,1.040,1.563,0.978,6.6,12.2,1.144,1.563,1.203,0.864,1.563,1.645,World,CabinetD05Door,21.9,24.5,0.248,0.690,0,0,None,None,1,1,0,0,0.2016,0.0169,0.524,0.000,0
59.30,Hamad,AUIT_Multi,BCA,1.052,1.563,0.969,5.7,12.2,1.164,1.563,1.210,0.864,1.563,1.645,World,CabinetD05Door,22.6,24.4,0.266,0.701,0,0,None,None,1,1,0,0,0.2163,0.0020,0.528,0.000,0
59.40,Hamad,AUIT_Multi,BCA,1.058,1.563,0.961,5.6,12.3,1.184,1.563,1.227,0.864,1.563,1.645,World,CabinetD05Door,23.1,24.6,0.294,0.711,0,0,None,None,1,1,0,0,0.2621,0.0015,0.526,0.000,0
59.51,Hamad,AUIT_Multi,BCA,1.061,1.564,0.954,5.7,12.2,1.202,1.563,1.238,0.864,1.563,1.644,World,CabinetD05Door,23.9,24.7,0.317,0.718,0,0,None,None,1,1,0,0,0.1964,0.0031,0.528,0.000,0
59.61,Hamad,AUIT_Multi,BCA,1.060,1.564,0.950,5.2,12.1,1.199,1.564,1.226,0.863,1.564,1.644,World,CabinetD05Door,24.6,24.1,0.310,0.722,0,0,None,None,1,1,0,0,0.1262,0.0094,0.536,0.000,0
59.71,Hamad,AUIT_Multi,BCA,1.058,1.564,0.944,4.7,12.2,1.197,1.564,1.222,0.853,1.564,1.644,World,CabinetD05Door,25.0,24.1,0.311,0.730,0,0,None,None,1,1,0,0,0.0495,0.1050,0.545,0.000,0
59.80,Hamad,AUIT_Multi,BCA,1.056,1.565,0.937,4.5,11.4,1.194,1.564,1.215,0.841,1.564,1.644,World,CabinetD05Door,24.5,24.1,0.310,0.739,0,0,None,None,1,1,0,0,0.0793,0.1246,0.556,0.000,0
59.90,Hamad,AUIT_Multi,BCA,1.054,1.566,0.931,4.1,10.8,1.192,1.565,1.211,0.832,1.565,1.644,World,CabinetD05Door,24.4,23.8,0.312,0.747,0,0,None,None,1,1,0,0,0.0486,0.0877,0.563,0.000,0
60.01,Hamad,AUIT_Multi,BCA,1.051,1.570,0.924,3.5,8.8,1.189,1.567,1.206,0.815,1.567,1.644,World,CabinetD05Door,24.0,23.2,0.315,0.758,0,0,None,None,1,1,0,0,0.0529,0.1541,0.576,0.000,0
60.11,Hamad,AUIT_Multi,BCA,1.048,1.575,0.916,2.7,6.5,1.187,1.571,1.201,0.797,1.571,1.644,World,CabinetD05Door,24.0,22.4,0.317,0.770,0,0,None,None,1,1,0,0,0.0644,0.1888,0.590,0.000,0
60.21,Hamad,AUIT_Multi,BCA,1.041,1.583,0.908,359.7,2.1,1.184,1.576,1.196,0.758,1.576,1.645,World,CabinetD05,26.6,20.8,0.322,0.790,0,0,None,None,0,1,0,0,0.0843,0.4093,0.619,0.000,0
60.30,Hamad,AUIT_Multi,BCA,1.032,1.593,0.897,354.7,356.6,1.157,1.584,1.173,0.669,1.584,1.667,World,CabinetD05,30.1,20.3,0.303,0.851,0,0,None,None,0,1,0,1,0.3690,0.9418,0.695,0.000,0
60.40,Hamad,AUIT_Multi,BCA,1.023,1.598,0.886,350.0,353.4,1.122,1.593,1.158,0.577,1.593,1.656,World,CabinetD05,30.9,21.2,0.289,0.890,0,0,None,None,0,1,0,1,0.4032,0.9655,0.739,0.000,0
60.51,Hamad,AUIT_Multi,BCA,1.015,1.600,0.877,346.6,352.5,1.089,1.598,1.153,0.466,1.598,1.651,World,CabinetD05,29.3,23.2,0.285,0.949,0,0,None,None,0,1,0,1,0.3103,1.0026,0.798,0.000,0
60.61,Hamad,AUIT_Multi,BCA,1.013,1.599,0.871,346.5,352.4,1.073,1.599,1.150,0.408,1.599,1.650,World,CabinetD05,26.7,25.4,0.286,0.986,0,0,None,None,0,0,0,0,0.1612,0.5916,0.832,0.000,0
60.71,Hamad,AUIT_Multi,BCA,1.009,1.601,0.866,344.3,351.7,1.067,1.600,1.149,0.384,1.600,1.649,World,CabinetD05,28.5,24.3,0.289,1.002,0,0,None,None,0,1,0,1,0.0635,0.2471,0.847,0.000,0
60.80,Hamad,AUIT_Multi,BCA,1.003,1.602,0.862,339.9,351.2,1.050,1.601,1.148,0.309,1.601,1.651,World,CabinetD05,30.6,22.9,0.290,1.051,0,0,None,None,0,1,0,1,0.1785,0.7716,0.895,0.000,0
60.90,Hamad,AUIT_Multi,BCA,0.996,1.602,0.858,335.6,351.3,1.025,1.602,1.154,0.240,1.602,1.608,World,CabinetD06,31.1,22.5,0.297,1.065,0,0,None,None,0,1,0,1,0.2686,0.8427,0.907,0.000,0
61.01,Hamad,AUIT_Multi,BCA,0.989,1.601,0.855,332.7,351.6,0.993,1.601,1.171,0.226,1.601,1.502,World,CabinetD06,29.3,23.8,0.316,1.000,0,0,None,None,0,1,0,1,0.3179,0.9599,0.836,0.000,0
61.11,Hamad,AUIT_Multi,BCA,0.984,1.601,0.853,331.9,352.0,0.977,1.601,1.180,0.224,1.601,1.451,World,CabinetD06,27.8,25.0,0.327,0.967,0,0,None,None,0,1,0,1,0.1986,0.5250,0.799,0.000,0
61.21,Hamad,AUIT_Multi,BCA,0.981,1.600,0.852,331.7,352.2,0.966,1.601,1.188,0.224,1.601,1.424,World,CabinetD06,26.7,25.8,0.336,0.949,0,0,None,None,0,0,0,0,0.1383,0.2712,0.779,0.000,0
61.30,Hamad,AUIT_Multi,BCA,0.981,1.599,0.854,333.9,353.0,0.966,1.600,1.184,0.223,1.600,1.432,World,CabinetD06,24.4,27.4,0.330,0.953,0,0,None,None,1,0,0,0,0.0511,0.0807,0.784,0.000,0
61.40,Hamad,AUIT_Multi,BCA,0.982,1.599,0.855,336.1,353.4,0.976,1.599,1.173,0.222,1.599,1.472,World,CabinetD06,23.8,27.8,0.318,0.978,0,0,None,None,1,0,0,0,0.1470,0.4078,0.811,0.000,0
61.51,Hamad,AUIT_Multi,BCA,0.987,1.593,0.861,341.2,356.8,0.995,1.597,1.160,0.220,1.597,1.552,World,CabinetD05,20.5,29.3,0.299,1.033,0,0,None,None,1,0,0,0,0.2094,0.7265,0.869,0.000,0
61.61,Hamad,AUIT_Multi,BCA,0.994,1.581,0.870,347.7,3.3,1.024,1.591,1.150,0.276,1.591,1.629,World,Quad,19.1,31.4,0.281,1.044,0,0,None,None,1,0,0,0,0.3169,0.9742,0.888,0.000,0
61.71,Hamad,AUIT_Multi,BCA,1.000,1.576,0.877,353.1,6.0,1.060,1.581,1.150,0.415,1.581,1.643,World,CabinetD05,20.6,31.1,0.280,0.964,0,0,None,None,1,0,0,0,0.3914,1.4406,0.812,0.000,0
61.80,Hamad,AUIT_Multi,BCA,1.004,1.573,0.881,355.3,7.5,1.089,1.577,1.153,0.517,1.577,1.644,World,CabinetD05,23.5,28.8,0.285,0.905,0,0,None,None,1,0,0,0,0.3032,1.0553,0.754,0.000,0
61.90,Hamad,AUIT_Multi,BCA,1.010,1.563,0.887,358.5,13.1,1.108,1.572,1.156,0.571,1.572,1.650,World,Wall4m,26.0,31.3,0.286,0.880,0,0,None,None,0,0,0,0,0.1978,0.5622,0.729,0.000,0
62.01,Hamad,AUIT_Multi,BCA,1.018,1.550,0.893,2.8,18.7,1.143,1.559,1.172,0.649,1.559,1.656,World,Wall4m,29.4,34.1,0.306,0.847,0,0,None,None,0,0,0,0,0.3704,0.7087,0.692,0.000,0
62.11,Hamad,AUIT_Multi,BCA,1.020,1.549,0.896,3.6,19.1,1.173,1.551,1.191,0.706,1.551,1.645,World,Wall4m,30.5,32.2,0.332,0.812,0,0,None,None,0,0,0,0,0.3738,0.6079,0.651,0.000,0
62.21,Hamad,AUIT_Multi,BCA,1.022,1.550,0.897,3.6,18.6,1.181,1.549,1.193,0.724,1.549,1.644,World,Wall4m,30.5,31.0,0.336,0.804,0,0,None,None,0,0,0,0,0.0850,0.1872,0.641,0.000,0
62.30,Hamad,AUIT_Multi,BCA,1.022,1.550,0.897,3.6,18.2,1.184,1.550,1.195,0.729,1.550,1.644,World,Wall4m,30.6,30.5,0.340,0.802,0,0,None,None,0,0,0,0,0.0405,0.0506,0.639,0.000,0
62.40,Hamad,AUIT_Multi,BCA,1.021,1.551,0.897,3.1,17.4,1.179,1.550,1.189,0.726,1.550,1.644,World,Wall4m,30.4,29.8,0.333,0.803,0,0,None,None,0,0,0,0,0.0781,0.0389,0.642,0.000,0
62.51,Hamad,AUIT_Multi,BCA,1.019,1.554,0.897,2.2,15.9,1.173,1.552,1.184,0.717,1.552,1.644,World,Wall4m,29.9,28.6,0.326,0.806,0,0,None,None,0,0,0,0,0.0787,0.0776,0.647,0.000,0
62.61,Hamad,AUIT_Multi,BCA,1.014,1.562,0.896,360.0,12.2,1.160,1.555,1.176,0.700,1.555,1.644,World,Wall4m,29.5,25.4,0.316,0.812,0,0,None,None,0,0,0,0,0.1573,0.1815,0.657,0.000,0
62.71,Hamad,AUIT_Multi,BCA,1.003,1.580,0.890,353.1,2.8,1.130,1.566,1.162,0.631,1.566,1.666,World,CabinetD05,31.9,18.8,0.301,0.860,0,0,None,None,0,1,0,1,0.3537,0.7521,0.709,0.000,0
62.80,Hamad,AUIT_Multi,BCA,0.993,1.593,0.879,345.7,355.6,1.084,1.581,1.155,0.504,1.581,1.654,World,CabinetD05,33.3,18.7,0.290,0.916,0,0,None,None,0,1,0,1,0.5022,1.3059,0.765,0.000,0
62.90,Hamad,AUIT_Multi,BCA,0.987,1.600,0.870,341.2,351.4,1.045,1.593,1.153,0.355,1.593,1.652,World,CabinetD05,31.8,21.9,0.289,1.005,0,0,None,None,0,1,0,1,0.4270,1.5464,0.851,0.000,0
63.01,Hamad,AUIT_Multi,BCA,0.984,1.602,0.864,338.3,350.1,1.014,1.600,1.159,0.243,1.600,1.625,World,CabinetD06,29.3,24.5,0.297,1.062,0,0,None,None,0,1,0,1,0.2866,1.0402,0.901,0.000,0
63.11,Hamad,AUIT_Multi,BCA,0.984,1.600,0.862,339.1,351.0,1.004,1.601,1.161,0.224,1.601,1.593,World,CabinetD06,26.1,26.7,0.299,1.054,0,0,None,None,0,0,0,0,0.1113,0.3850,0.891,0.000,0
63.21,Hamad,AUIT_Multi,BCA,0.983,1.600,0.862,339.3,351.3,1.006,1.600,1.158,0.221,1.600,1.606,World,CabinetD06,26.5,26.3,0.297,1.065,0,0,None,None,0,0,0,0,0.0384,0.1400,0.904,0.000,0
63.30,Hamad,AUIT_Multi,BCA,0.979,1.601,0.859,337.0,350.8,1.001,1.600,1.161,0.221,1.600,1.588,World,CabinetD06,28.7,24.8,0.303,1.051,0,0,None,None,0,1,0,1,0.0560,0.1893,0.889,0.000,0
63.40,Hamad,AUIT_Multi,BCA,0.976,1.603,0.854,334.2,350.3,0.987,1.602,1.171,0.223,1.602,1.529,World,CabinetD06,29.5,24.3,0.317,1.011,0,0,None,None,0,1,0,1,0.1782,0.6004,0.844,0.000,0
63.51,Hamad,AUIT_Multi,BCA,0.972,1.602,0.850,331.9,350.4,0.966,1.602,1.189,0.224,1.602,1.454,World,CabinetD06,28.6,24.8,0.339,0.962,0,0,None,None,0,1,0,1,0.2478,0.6744,0.789,0.000,0
63.61,Hamad,AUIT_Multi,BCA,0.969,1.602,0.847,329.8,350.9,0.950,1.602,1.208,0.224,1.602,1.406,World,CabinetD06,28.6,24.5,0.362,0.931,0,0,None,None,0,1,0,1,0.2554,0.4973,0.753,0.000,0
63.71,Hamad,AUIT_Multi,BCA,0.966,1.601,0.844,328.1,351.1,0.931,1.602,1.246,0.224,1.602,1.361,World,CabinetD06,28.2,24.8,0.404,0.904,0,0,None,None,0,1,0,1,0.4450,0.4642,0.716,0.000,0
63.80,Hamad,AUIT_Multi,BCA,0.965,1.601,0.844,328.4,351.5,0.917,1.601,1.259,0.224,1.601,1.332,World,CabinetD06,26.4,26.3,0.418,0.887,0,0,None,None,0,0,0,0,0.1905,0.2940,0.697,0.000,0
63.90,Hamad,AUIT_Multi,BCA,0.965,1.599,0.844,329.9,352.2,0.920,1.600,1.250,0.224,1.600,1.337,World,CabinetD06,24.8,27.3,0.409,0.891,0,0,None,None,1,0,0,0,0.0956,0.0548,0.701,0.000,0
64.01,Hamad,AUIT_Multi,BCA,0.968,1.597,0.847,333.6,353.4,0.941,1.599,1.197,0.222,1.599,1.386,World,CabinetD06,22.7,28.5,0.351,0.920,0,0,None,None,1,0,0,0,0.5193,0.4345,0.743,0.000,0
64.11,Hamad,AUIT_Multi,BCA,0.970,1.597,0.848,336.2,353.8,0.961,1.597,1.179,0.221,1.597,1.448,World,CabinetD06,23.0,28.1,0.330,0.960,0,0,None,None,1,0,0,0,0.2779,0.6478,0.788,0.000,0
64.21,Hamad,AUIT_Multi,BCA,0.974,1.594,0.852,339.7,355.8,0.980,1.596,1.165,0.220,1.596,1.519,World,CabinetD06,21.7,28.5,0.313,1.007,0,0,None,None,1,0,0,0,0.2387,0.7218,0.838,0.000,0
64.30,Hamad,AUIT_Multi,BCA,0.976,1.593,0.854,342.2,356.1,0.999,1.594,1.155,0.219,1.594,1.605,World,CabinetD05,22.6,27.7,0.302,1.066,0,0,None,None,1,0,0,0,0.2268,0.8873,0.901,0.000,0
64.40,Hamad,AUIT_Multi,BCA,0.980,1.593,0.854,345.0,356.2,1.015,1.593,1.150,0.255,1.593,1.642,World,CabinetD05,22.2,27.8,0.298,1.070,0,0,None,None,1,0,0,0,0.1728,0.5257,0.906,0.000,0
64.51,Hamad,AUIT_Multi,BCA,0.987,1.585,0.859,349.5,0.6,1.037,1.591,1.146,0.337,1.591,1.646,World,CabinetD05,20.5,29.0,0.292,1.021,0,0,None,None,1,0,0,0,0.2006,0.7431,0.860,0.000,0
64.61,Hamad,AUIT_Multi,BCA,0.994,1.577,0.864,353.6,4.9,1.065,1.584,1.147,0.435,1.584,1.645,World,CabinetD05,21.4,29.6,0.292,0.960,0,0,None,None,1,0,0,0,0.2948,1.0148,0.803,0.000,0
64.71,Hamad,AUIT_Multi,BCA,0.999,1.574,0.867,356.6,6.7,1.091,1.578,1.150,0.518,1.578,1.644,World,CabinetD05,22.5,29.1,0.297,0.915,0,0,None,None,1,0,0,0,0.2728,0.8491,0.757,0.000,0
64.80,Hamad,AUIT_Multi,BCA,1.007,1.568,0.871,359.8,9.6,1.116,1.573,1.154,0.579,1.573,1.656,World,Wall4m,23.7,29.9,0.303,0.894,0,0,None,None,1,0,0,0,0.2689,0.6466,0.735,0.000,0
64.90,Hamad,AUIT_Multi,BCA,1.013,1.566,0.874,1.7,10.9,1.143,1.568,1.165,0.634,1.568,1.665,World,Wall4m,25.1,29.3,0.319,0.878,0,0,None,None,0,0,0,0,0.3074,0.5690,0.715,0.000,0
65.01,Hamad,AUIT_Multi,BCA,1.019,1.566,0.875,2.7,10.5,1.167,1.566,1.177,0.682,1.566,1.646,World,Wall4m,25.6,28.1,0.336,0.841,0,0,None,None,0,0,0,0,0.2374,0.4704,0.674,0.000,0
65.11,Hamad,AUIT_Multi,BCA,1.024,1.567,0.875,3.0,10.3,1.183,1.566,1.189,0.703,1.566,1.643,World,Wall4m,26.0,27.5,0.352,0.832,0,0,None,None,0,0,0,0,0.2107,0.2172,0.661,0.000,0
65.21,Hamad,AUIT_Multi,BCA,1.029,1.567,0.875,3.0,10.1,1.194,1.567,1.196,0.713,1.567,1.643,World,Wall4m,26.2,27.1,0.362,0.831,0,0,None,None,0,0,0,0,0.1351,0.1030,0.657,0.000,0
65.30,Hamad,AUIT_Multi,BCA,1.034,1.566,0.874,2.9,10.2,1.205,1.566,1.205,0.718,1.566,1.643,World,Wall4m,26.4,27.2,0.372,0.831,0,0,None,None,0,0,0,0,0.1387,0.0532,0.655,0.000,0
65.40,Hamad,AUIT_Multi,BCA,1.039,1.564,0.876,3.1,10.7,1.218,1.566,1.220,0.724,1.566,1.643,World,CabinetD05Door,26.6,27.5,0.387,0.829,0,0,None,None,0,0,0,0,0.2029,0.0623,0.650,0.000,0
65.51,Hamad,AUIT_Multi,BCA,1.046,1.563,0.880,3.7,11.4,1.229,1.564,1.226,0.736,1.564,1.643,World,CabinetD05Door,26.6,28.1,0.391,0.824,0,0,None,None,0,0,0,0,0.1167,0.1096,0.645,0.000,0
65.61,Hamad,AUIT_Multi,BCA,1.054,1.562,0.885,4.5,11.7,1.238,1.563,1.227,0.751,1.563,1.643,World,CabinetD05Door,26.3,28.7,0.388,0.816,0,0,None,None,0,0,0,0,0.0932,0.1583,0.640,0.000,0
65.71,Hamad,AUIT_Multi,BCA,1.065,1.569,0.889,8.6,8.3,1.256,1.563,1.230,0.784,1.563,1.642,World,Wall4m,22.0,30.0,0.391,0.804,0,0,None,None,1,0,0,0,0.1938,0.3362,0.627,0.000,0
65.80,Hamad,AUIT_Multi,BCA,1.075,1.581,0.885,14.8,1.3,1.308,1.571,1.233,0.862,1.571,1.641,World,CabinetDCorner02,18.9,30.6,0.419,0.786,0,0,None,None,1,0,0,0,0.5397,0.8056,0.604,0.000,0
65.90,Hamad,AUIT_Multi,BCA,1.084,1.588,0.877,18.5,357.3,1.373,1.582,1.235,0.943,1.582,1.640,World,CabinetDCorner02,20.7,29.1,0.461,0.776,0,0,None,None,1,0,0,0,0.6823,0.8426,0.591,0.000,0
66.01,Hamad,AUIT_Multi,BCA,1.091,1.590,0.871,19.9,355.7,1.427,1.588,1.235,1.030,1.588,1.337,World,CabinetDCorner02,23.2,27.8,0.495,0.469,0,0,None,None,1,0,0,0,0.4888,2.8408,0.411,0.000,0
66.11,Hamad,AUIT_Multi,BCA,1.095,1.587,0.871,19.5,356.9,1.451,1.589,1.235,1.055,1.589,1.256,World,CabinetDCorner02,25.1,25.5,0.508,0.387,0,0,None,None,0,0,0,0,0.2388,0.8699,0.396,0.000,0
66.21,Hamad,AUIT_Multi,BCA,1.095,1.577,0.880,14.7,2.6,1.435,1.585,1.234,1.022,1.585,1.458,World,CabinetDCorner02,29.4,22.2,0.490,0.583,0,0,None,None,0,1,0,0,0.1662,2.1015,0.470,0.000,0
66.30,Hamad,AUIT_Multi,BCA,1.096,1.562,0.895,11.3,10.1,1.383,1.574,1.233,0.954,1.574,1.615,World,CabinetDCorner02,31.2,24.9,0.444,0.733,0,0,None,None,0,1,0,0,0.5426,1.7598,0.574,0.000,0
66.40,Hamad,AUIT_Multi,BCA,1.095,1.555,0.910,9.3,13.9,1.345,1.562,1.236,0.914,1.562,1.639,World,Wall4m,31.7,27.2,0.410,0.751,0,0,None,None,0,0,0,0,0.4159,0.4998,0.590,0.000,0
66.51,Hamad,AUIT_Multi,BCA,1.092,1.554,0.925,6.6,14.4,1.311,1.555,1.239,0.880,1.555,1.643,World,Wall4m,31.6,27.0,0.383,0.749,0,0,None,None,0,0,0,0,0.3134,0.3161,0.591,0.000,0
66.61,Hamad,AUIT_Multi,BCA,1.090,1.554,0.936,4.8,14.8,1.285,1.554,1.241,0.851,1.554,1.644,World,CabinetD05Door,31.2,27.5,0.362,0.748,0,0,None,None,0,0,0,0,0.2671,0.2945,0.592,0.000,0
66.71,Hamad,AUIT_Multi,BCA,1.091,1.553,0.943,3.5,15.0,1.266,1.554,1.243,0.828,1.554,1.645,World,CabinetD05Door,30.4,28.1,0.347,0.749,0,0,None,None,0,0,0,0,0.2034,0.2394,0.594,0.000,0
66.80,Hamad,AUIT_Multi,BCA,1.091,1.553,0.949,2.7,14.7,1.254,1.553,1.244,0.814,1.553,1.646,World,CabinetD05Door,29.8,28.3,0.336,0.749,0,0,None,None,0,0,0,0,0.1212,0.1463,0.596,0.000,0
66.90,Hamad,AUIT_Multi,BCA,1.092,1.552,0.956,2.6,15.4,1.247,1.553,1.245,0.806,1.553,1.646,World,CabinetD05Door,29.5,29.2,0.328,0.747,0,0,None,None,0,0,0,0,0.0748,0.0771,0.595,0.000,0
67.01,Hamad,AUIT_Multi,BCA,1.095,1.548,0.962,3.9,16.8,1.247,1.551,1.248,0.813,1.551,1.646,World,Wall4m,29.4,31.0,0.323,0.740,0,0,None,None,0,0,0,0,0.0240,0.0637,0.589,0.000,0
67.11,Hamad,AUIT_Multi,BCA,1.100,1.542,0.962,7.8,19.4,1.260,1.547,1.250,0.843,1.547,1.646,World,Wall4m,29.2,34.3,0.329,0.730,0,0,None,None,0,0,0,0,0.1498,0.3036,0.575,0.000,0
67.21,Hamad,AUIT_Multi,BCA,1.108,1.535,0.956,13.4,22.3,1.295,1.541,1.252,0.900,1.541,1.644,World,Wall4m,29.7,37.2,0.351,0.719,0,0,None,None,0,0,0,0,0.3675,0.5944,0.557,0.000,0
67.30,Hamad,AUIT_Multi,BCA,1.114,1.527,0.940,20.4,25.4,1.357,1.534,1.254,1.016,1.534,1.391,World,CabinetDCorner01,31.4,41.1,0.397,0.461,0,0,None,None,0,0,0,0,0.6389,2.8685,0.368,0.000,0
67.40,Hamad,AUIT_Multi,BCA,1.114,1.523,0.919,27.6,27.0,1.449,1.527,1.254,1.102,1.508,1.306,World,KitchenOven07,32.1,37.5,0.474,0.388,0,0,None,None,0,0,0,0,0.9526,1.2715,0.352,0.000,0
67.51,Hamad,AUIT_Multi,BCA,1.111,1.522,0.895,34.8,27.6,1.561,1.523,1.240,1.204,1.466,1.313,World,KitchenOven07,32.5,29.1,0.567,0.432,0,0,None,None,0,0,0,0,1.0111,0.9930,0.369,0.000,0
67.61,Hamad,AUIT_Multi,BCA,1.111,1.520,0.875,39.6,27.8,1.577,1.521,1.217,1.275,1.466,1.312,World,KitchenOven07,31.1,27.8,0.578,0.470,0,0,None,None,0,0,0,0,0.2866,0.7309,0.321,0.000,0
67.71,Hamad,AUIT_Multi,BCA,1.117,1.523,0.850,42.2,28.0,1.695,1.521,1.206,1.281,1.511,1.328,World,KitchenOven07,31.9,34.8,0.678,0.505,0,0,None,None,0,0,0,0,1.2190,0.5017,0.432,0.000,0
67.80,Hamad,AUIT_Multi,BCA,1.130,1.527,0.823,43.2,27.0,1.841,1.524,1.171,1.283,1.522,1.330,World,KitchenOven07,33.3,36.6,0.792,0.529,0,0,None,None,0,0,0,0,1.5398,0.1163,0.580,0.000,0
67.90,Hamad,AUIT_Multi,BCA,1.152,1.529,0.794,42.9,25.9,1.904,1.527,1.135,1.301,1.527,1.329,World,KitchenOven07,33.8,36.8,0.826,0.555,0,0,None,None,0,0,0,0,0.7525,0.1898,0.634,0.000,0
68.01,Hamad,AUIT_Multi,BCA,1.193,1.526,0.758,41.6,24.8,1.965,1.528,1.119,1.333,1.528,1.327,World,KitchenOven07,33.7,36.8,0.852,0.586,0,0,None,None,0,0,0,0,0.5630,0.2854,0.666,0.000,0
68.11,Hamad,AUIT_Multi,BCA,1.244,1.517,0.727,39.4,23.8,2.052,1.524,1.130,1.366,1.524,1.326,World,KitchenOven07,33.7,36.5,0.903,0.611,0,0,None,None,0,0,0,0,0.9071,0.3493,0.713,0.000,0
68.21,Hamad,AUIT_Multi,BCA,1.308,1.507,0.700,35.2,23.5,2.074,1.516,1.129,1.399,1.516,1.324,World,KitchenOven07,34.6,35.7,0.878,0.631,0,0,None,None,0,0,0,0,0.2453,0.3496,0.703,0.000,0
68.30,Hamad,AUIT_Multi,BCA,1.371,1.504,0.690,30.7,24.3,2.045,1.508,1.127,1.420,1.508,1.323,World,KitchenOven07,35.5,35.4,0.803,0.634,0,0,None,None,0,0,0,0,0.3149,0.2323,0.654,0.000,0
68.40,Hamad,AUIT_Multi,BCA,1.422,1.499,0.692,27.8,25.0,2.033,1.499,1.144,1.447,1.483,1.306,World,KitchenOven07,35.3,34.1,0.760,0.615,0,0,None,None,0,0,0,0,0.2279,0.4119,0.608,0.000,0
68.51,Hamad,AUIT_Multi,BCA,1.463,1.484,0.704,25.5,25.1,1.984,1.478,1.148,1.500,1.403,1.249,World,KitchenOven07,33.8,26.5,0.684,0.552,0,0,None,None,0,0,0,0,0.4896,1.0084,0.500,0.000,0
68.61,Hamad,AUIT_Multi,BCA,1.485,1.467,0.710,26.0,26.2,1.934,1.457,1.149,1.554,1.331,1.199,World,KitchenOven07,31.6,20.0,0.629,0.513,0,0,None,None,0,1,0,0,0.5509,1.0536,0.404,0.000,0
68.71,Hamad,AUIT_Multi,BCA,1.501,1.464,0.703,25.5,26.1,1.893,1.439,1.151,1.568,1.428,1.292,World,KitchenOven07,28.1,29.1,0.596,0.594,0,0,None,None,0,0,0,0,0.4627,1.3844,0.355,0.000,0
68.80,Hamad,AUIT_Multi,BCA,1.513,1.472,0.687,23.3,25.6,1.847,1.422,1.148,1.571,1.461,1.318,World,KitchenOven07,24.0,30.2,0.572,0.634,0,0,None,None,1,0,0,0,0.5005,0.4338,0.327,0.000,0
68.90,Hamad,AUIT_Multi,BCA,1.527,1.476,0.664,20.4,25.3,1.798,1.406,1.146,1.571,1.471,1.321,World,KitchenOven07,20.0,29.6,0.558,0.658,0,0,None,None,1,0,0,0,0.5333,0.1110,0.294,0.000,0
69.01,Hamad,AUIT_Multi,BCA,1.545,1.476,0.628,17.5,25.6,1.744,1.386,1.143,1.571,1.475,1.320,World,KitchenOven07,16.7,29.5,0.559,0.692,0,0,None,None,1,0,0,0,0.5174,0.0348,0.263,0.000,0
69.11,Hamad,AUIT_Multi,BCA,1.563,1.480,0.601,17.1,25.4,1.706,1.369,1.141,1.571,1.477,1.319,World,KitchenOven07,14.3,29.8,0.569,0.718,0,0,None,None,1,0,0,0,0.4303,0.0210,0.248,0.368,0
69.21,Hamad,AUIT_Multi,BCA,1.575,1.482,0.581,16.8,25.1,1.671,1.353,1.139,1.571,1.480,1.318,World,KitchenOven07,14.0,29.9,0.581,0.737,0,0,None,None,1,0,0,0,0.4016,0.0327,0.241,0.000,0
69.30,Hamad,AUIT_Multi,BCA,1.581,1.484,0.568,15.9,25.5,1.628,1.335,1.138,1.571,1.482,1.317,World,KitchenOven07,15.1,30.1,0.590,0.749,0,0,None,None,1,0,0,0,0.4760,0.0248,0.239,0.000,0
69.40,Hamad,AUIT_Multi,BCA,1.584,1.484,0.564,15.5,25.4,1.615,1.378,1.135,1.745,1.484,1.387,World,KitchenOven07,19.0,25.8,0.581,0.839,0,0,None,None,1,0,0,0,0.4618,1.9287,0.303,0.461,0
69.51,Hamad,AUIT_Multi,BCA,1.581,1.476,0.568,14.9,26.0,1.595,1.469,1.134,2.124,1.482,1.569,World,KitchenOven07,28.3,29.3,0.567,1.139,0,0,None,None,0,0,0,0,0.8332,3.7853,0.685,0.000,0
69.61,Hamad,AUIT_Multi,BCA,1.576,1.465,0.580,13.8,25.4,1.579,1.473,1.137,2.058,1.475,1.410,World,KitchenOven07,29.3,30.4,0.557,0.960,0,0,None,None,0,0,0,0,0.1755,1.7747,0.552,0.000,0
69.71,Hamad,AUIT_Multi,BCA,1.570,1.445,0.605,11.8,25.9,1.542,1.462,1.141,2.071,1.462,1.432,World,KitchenOven07,31.3,32.8,0.537,0.967,0,0,None,None,0,0,0,0,0.4011,0.2948,0.604,0.000,0
69.80,Hamad,AUIT_Multi,BCA,1.562,1.417,0.639,9.7,27.4,1.492,1.441,1.149,2.067,1.441,1.426,World,KitchenOven07,34.5,36.3,0.515,0.936,0,0,None,None,0,0,0,0,0.5617,0.2270,0.639,0.000,0
69.90,Hamad,AUIT_Multi,BCA,1.553,1.384,0.675,7.2,28.2,1.434,1.413,1.159,2.069,1.413,1.436,World,KitchenOven07,37.5,39.6,0.499,0.920,0,0,None,None,0,0,0,0,0.6690,0.3025,0.693,0.000,0
70.01,Hamad,AUIT_Multi,BCA,1.540,1.339,0.714,5.1,28.3,1.391,1.374,1.176,2.060,1.374,1.513,World,KitchenOven07,39.2,40.6,0.487,0.954,0,0,None,None,0,0,0,0,0.5412,0.7775,0.748,0.000,0
70.11,Hamad,AUIT_Multi,BCA,1.528,1.295,0.740,3.1,28.0,1.362,1.333,1.197,2.115,1.333,1.721,World,CabinetDCorner01,39.4,40.1,0.489,1.144,0,0,None,None,0,0,0,0,0.5629,2.2559,0.916,0.000,0
70.21,Hamad,AUIT_Multi,BCA,1.520,1.255,0.761,1.4,29.6,1.330,1.290,1.229,2.087,1.290,1.796,World,CabinetDCorner01,40.5,40.8,0.506,1.181,0,0,None,None,0,0,0,0,0.6372,0.9325,0.946,0.000,0
70.30,Hamad,AUIT_Multi,BCA,1.513,1.231,0.779,359.8,29.3,1.298,1.254,1.265,2.051,1.254,1.837,World,CabinetDCorner01,39.0,39.9,0.531,1.187,0,0,None,None,0,0,0,0,0.6196,0.6788,0.945,0.000,0
70.40,Hamad,AUIT_Multi,BCA,1.512,1.221,0.795,0.5,29.2,1.274,1.232,1.293,2.020,1.232,1.868,World,CabinetDCorner01,39.1,38.1,0.552,1.188,0,0,None,None,0,0,0,0,0.4458,0.4974,0.942,0.000,0
70.51,Hamad,AUIT_Multi,BCA,1.512,1.228,0.804,2.0,29.4,1.287,1.224,1.300,2.036,1.224,1.876,World,CabinetDCorner01,38.5,37.1,0.545,1.193,0,0,None,None,0,0,0,0,0.1443,0.1716,0.945,0.000,0
70.61,Hamad,AUIT_Multi,BCA,1.516,1.237,0.807,2.9,28.9,1.308,1.230,1.290,2.060,1.230,1.872,World,CabinetDCorner01,37.6,36.7,0.526,1.196,0,0,None,None,0,0,0,0,0.2478,0.2567,0.951,0.000,0
70.71,Hamad,AUIT_Multi,BCA,1.521,1.237,0.809,3.4,29.1,1.323,1.236,1.285,2.078,1.236,1.868,World,CabinetDCorner01,38.2,37.3,0.516,1.196,0,0,None,None,0,0,0,0,0.1762,0.1972,0.954,0.000,0
70.80,Hamad,AUIT_Multi,BCA,1.524,1.230,0.813,3.7,29.4,1.330,1.235,1.292,2.091,1.235,1.866,World,CabinetDCorner01,38.7,37.8,0.516,1.196,0,0,None,None,0,0,0,0,0.1056,0.1428,0.953,0.000,0
70.90,Hamad,AUIT_Multi,BCA,1.524,1.231,0.816,4.7,30.3,1.337,1.231,1.300,2.105,1.231,1.864,World,KitchenOven07,39.0,38.1,0.519,1.197,0,0,None,None,0,0,0,0,0.1164,0.1492,0.953,0.000,0
71.01,Hamad,AUIT_Multi,BCA,1.525,1.255,0.809,5.3,29.7,1.351,1.237,1.285,2.120,1.237,1.857,World,KitchenOven07,36.8,36.9,0.507,1.204,0,0,None,None,0,0,0,0,0.1919,0.1571,0.958,0.000,0
71.11,Hamad,AUIT_Multi,BCA,1.528,1.294,0.791,6.2,27.2,1.366,1.261,1.253,2.133,1.261,1.841,World,KitchenOven07,33.7,34.3,0.491,1.213,0,0,None,None,0,0,0,0,0.4408,0.3301,0.966,0.000,0
71.21,Hamad,AUIT_Multi,BCA,1.531,1.347,0.758,6.6,24.5,1.380,1.301,1.220,2.149,1.301,1.812,World,KitchenOven07,30.5,32.1,0.488,1.223,0,0,None,None,0,0,0,0,0.5564,0.5335,0.971,0.000,0
71.30,Hamad,AUIT_Multi,BCA,1.532,1.410,0.712,6.4,20.4,1.389,1.355,1.192,1.983,1.355,1.510,World,KitchenOven07,26.4,28.2,0.504,0.919,0,0,None,None,0,0,0,0,0.6264,3.5806,0.674,0.000,0
71.40,Hamad,AUIT_Multi,BCA,1.532,1.471,0.652,5.8,17.5,1.391,1.417,1.173,1.895,1.417,1.353,World,KitchenOven07,23.7,25.1,0.543,0.791,0,0,None,None,1,0,0,0,0.6626,1.9633,0.535,0.000,0
71.51,Hamad,AUIT_Multi,BCA,1.530,1.524,0.580,4.8,16.6,1.390,1.482,1.154,1.881,1.482,1.326,World,KitchenOven07,22.0,24.3,0.593,0.826,0,0,None,None,1,1,0,1,0.6130,0.6474,0.520,0.000,0
71.61,Hamad,AUIT_Multi,BCA,1.526,1.554,0.521,1.6,12.2,1.360,1.525,1.135,1.879,1.525,1.322,World,Quad,19.2,24.3,0.637,0.876,0,0,None,None,1,1,0,1,0.5741,0.4472,0.551,0.000,0
71.71,Hamad,AUIT_Multi,BCA,1.523,1.574,0.471,357.3,5.7,1.297,1.555,1.083,1.877,1.555,1.319,World,Quad,18.0,25.7,0.654,0.919,0,0,None,None,1,0,0,0,0.8936,0.3072,0.627,0.000,0
71.80,Hamad,AUIT_Multi,BCA,1.522,1.586,0.432,354.7,0.5,1.222,1.574,1.049,1.862,1.574,1.316,World,CabinetDCorner02,20.7,26.3,0.685,0.947,0,0,None,None,1,0,0,0,0.8751,0.2582,0.694,0.000,0
71.90,Hamad,AUIT_Multi,BCA,1.516,1.592,0.405,353.4,357.0,1.166,1.586,1.037,1.836,1.586,1.314,World,CabinetDCorner02,22.6,26.2,0.722,0.964,0,0,None,None,1,0,0,0,0.5927,0.2963,0.724,0.000,0
72.01,Hamad,AUIT_Multi,BCA,1.505,1.595,0.387,353.5,354.3,1.128,1.592,1.030,1.817,1.592,1.313,World,CabinetDCorner02,24.6,25.8,0.746,0.977,0,0,None,None,1,0,0,0,0.3575,0.1754,0.745,0.000,0
72.11,Hamad,AUIT_Multi,BCA,1.486,1.599,0.376,351.0,352.3,1.100,1.596,1.028,1.801,1.596,1.312,World,CabinetDCorner02,23.0,28.6,0.758,0.988,0,0,None,None,1,0,0,0,0.2939,0.1709,0.757,0.000,0
72.21,Hamad,AUIT_Multi,BCA,1.464,1.602,0.369,350.3,351.4,1.025,1.599,1.046,1.746,1.599,1.311,World,CabinetDCorner02,24.8,27.7,0.807,0.984,0,0,None,None,1,0,1,0,0.7885,0.5628,0.768,0.000,0
72.30,Hamad,AUIT_Multi,BCA,1.451,1.604,0.367,357.5,350.2,1.038,1.602,1.033,1.760,1.602,1.312,World,CabinetDCorner02,30.8,22.8,0.783,0.994,0,0,None,None,0,1,0,1,0.1946,0.1388,0.774,0.000,0
72.40,Hamad,AUIT_Multi,BCA,1.437,1.606,0.366,3.9,349.3,1.120,1.604,1.018,1.860,1.604,1.314,World,CabinetDCorner02,31.6,22.7,0.725,1.038,0,0,None,None,0,1,0,1,0.8562,1.0291,0.797,0.000,0
72.51,Hamad,AUIT_Multi,BCA,1.421,1.606,0.363,8.3,348.7,1.193,1.606,1.020,2.004,1.606,1.350,World,CabinetDCorner02,29.5,24.9,0.695,1.146,0,0,None,None,0,1,0,1,0.6589,1.3381,0.875,0.000,0
72.61,Hamad,AUIT_Multi,BCA,1.407,1.605,0.363,8.3,348.8,1.215,1.606,1.021,2.063,1.606,1.364,World,CabinetDCorner02,26.9,27.2,0.685,1.197,0,0,None,None,0,0,0,0,0.2216,0.6259,0.915,0.000,0
72.71,Hamad,AUIT_Multi,BCA,1.398,1.605,0.366,9.8,348.8,1.214,1.605,1.020,2.068,1.605,1.364,World,CabinetDCorner02,27.7,26.4,0.680,1.202,0,0,None,None,0,0,0,0,0.0141,0.0494,0.921,0.000,0
72.80,Hamad,AUIT_Multi,BCA,1.394,1.605,0.371,12.0,348.7,1.223,1.605,1.024,2.087,1.605,1.349,World,CabinetDCorner02,28.8,25.8,0.675,1.199,0,0,None,None,0,0,0,0,0.1060,0.2531,0.923,0.000,0
72.90,Hamad,AUIT_Multi,BCA,1.394,1.605,0.376,14.5,348.5,1.245,1.605,1.033,2.121,1.605,1.326,World,CabinetDCorner02,29.4,25.6,0.674,1.197,0,0,None,None,0,0,0,0,0.2470,0.4231,0.924,0.000,0
73.01,Hamad,AUIT_Multi,BCA,1.393,1.606,0.380,15.1,348.2,1.270,1.606,1.044,2.119,1.608,1.281,World,CabinetDCorner02,28.1,26.3,0.675,1.156,0,0,None,None,0,0,0,0,0.2394,0.4086,0.881,0.000,0
73.11,Hamad,AUIT_Multi,BCA,1.391,1.605,0.386,14.6,348.9,1.276,1.606,1.046,1.900,1.622,1.131,World,CabinetDCorner02,26.8,22.0,0.670,0.902,0,0,None,None,0,1,0,1,0.0655,2.7442,0.630,0.000,0
73.21,Hamad,AUIT_Multi,BCA,1.385,1.600,0.394,11.6,351.1,1.276,1.604,1.047,1.673,1.636,0.992,World,CabinetDCorner02,22.6,15.2,0.663,0.665,0,0,None,None,1,1,0,0,0.0205,2.7335,0.403,0.000,0
73.30,Hamad,AUIT_Multi,BCA,1.380,1.579,0.412,7.9,3.7,1.275,1.596,1.050,1.761,1.613,1.164,World,Quad,17.9,19.9,0.647,0.844,0,0,None,None,1,1,0,1,0.0880,1.9961,0.499,0.000,0
73.40,Hamad,AUIT_Multi,BCA,1.377,1.561,0.427,4.7,13.8,1.237,1.577,1.039,1.836,1.580,1.298,World,Wall4m,23.2,27.3,0.628,0.984,0,0,None,None,1,0,0,0,0.4582,1.6110,0.652,0.000,0
73.51,Hamad,AUIT_Multi,BCA,1.375,1.552,0.437,3.2,18.1,1.173,1.561,1.033,1.845,1.561,1.316,World,Wall4m,28.7,30.7,0.630,0.996,0,0,None,None,0,0,0,0,0.5976,0.2490,0.729,0.000,0
73.61,Hamad,AUIT_Multi,BCA,1.375,1.551,0.440,2.1,18.9,1.138,1.553,1.036,1.838,1.553,1.317,World,CabinetDCorner01,30.2,31.6,0.641,0.991,0,0,None,None,0,0,0,0,0.3623,0.1122,0.754,0.000,0
73.71,Hamad,AUIT_Multi,BCA,1.378,1.556,0.439,2.2,16.4,1.126,1.552,1.037,1.827,1.552,1.317,World,Wall4m,29.4,29.4,0.648,0.986,0,0,None,None,0,0,0,0,0.1299,0.1172,0.755,0.000,0
73.80,Hamad,AUIT_Multi,BCA,1.381,1.570,0.435,3.2,8.8,1.129,1.559,1.036,1.833,1.559,1.317,World,Wall4m,27.0,25.2,0.653,0.992,0,0,None,None,0,0,0,0,0.0764,0.0934,0.758,0.000,0
73.90,Hamad,AUIT_Multi,BCA,1.387,1.585,0.426,7.0,0.5,1.150,1.572,1.034,1.870,1.572,1.318,World,CabinetDCorner02,28.3,21.5,0.653,1.014,0,0,None,None,0,1,0,1,0.2589,0.4126,0.774,0.000,0
74.01,Hamad,AUIT_Multi,BCA,1.394,1.598,0.414,11.5,352.6,1.203,1.588,1.037,2.000,1.588,1.353,World,CabinetDCorner02,29.6,22.7,0.652,1.118,0,0,None,None,0,1,0,1,0.5013,1.2152,0.857,0.000,0
74.11,Hamad,AUIT_Multi,BCA,1.397,1.603,0.408,13.6,349.7,1.242,1.598,1.045,2.099,1.598,1.366,World,CabinetDCorner02,29.1,24.9,0.655,1.188,0,0,None,None,0,1,0,1,0.4213,1.0331,0.915,0.000,0
74.21,Hamad,AUIT_Multi,BCA,1.397,1.602,0.407,13.9,349.8,1.265,1.602,1.050,2.141,1.602,1.347,World,CabinetDCorner02,27.3,26.4,0.657,1.199,0,0,None,None,0,0,0,0,0.2447,0.4754,0.925,0.000,0
74.30,Hamad,AUIT_Multi,BCA,1.393,1.602,0.409,13.6,349.9,1.267,1.602,1.049,2.145,1.602,1.344,World,CabinetDCorner02,26.6,27.0,0.653,1.200,0,0,None,None,0,0,0,0,0.0260,0.0525,0.926,0.000,0
74.40,Hamad,AUIT_Multi,BCA,1.390,1.602,0.410,14.1,349.7,1.265,1.602,1.048,2.143,1.602,1.345,World,CabinetDCorner02,27.2,26.6,0.650,1.200,0,0,None,None,0,0,0,0,0.0253,0.0296,0.927,0.000,0
74.51,Hamad,AUIT_Multi,BCA,1.390,1.603,0.413,15.6,349.7,1.272,1.602,1.053,2.154,1.602,1.337,World,CabinetDCorner02,27.9,26.0,0.652,1.199,0,0,None,None,0,0,0,0,0.0782,0.1296,0.927,0.000,0
74.61,Hamad,AUIT_Multi,BCA,1.390,1.602,0.414,15.9,350.0,1.283,1.602,1.060,2.170,1.602,1.324,World,CabinetDCorner02,27.1,26.5,0.654,1.199,0,0,None,None,0,0,0,0,0.1299,0.2094,0.926,0.000,0
74.71,Hamad,AUIT_Multi,BCA,1.386,1.603,0.415,13.6,349.7,1.281,1.602,1.057,2.167,1.602,1.327,World,CabinetDCorner02,25.0,28.7,0.650,1.201,0,0,None,None,1,0,0,0,0.0343,0.0459,0.927,0.000,0
74.80,Hamad,AUIT_Multi,BCA,1.379,1.603,0.415,9.7,349.5,1.250,1.603,1.042,2.121,1.603,1.362,World,CabinetDCorner02,23.6,30.1,0.641,1.203,0,0,None,None,1,0,0,0,0.3488,0.5899,0.928,0.000,0
74.90,Hamad,AUIT_Multi,BCA,1.376,1.604,0.414,8.1,349.0,1.211,1.603,1.032,2.023,1.603,1.341,World,CabinetDCorner02,25.5,28.8,0.640,1.130,0,0,None,None,0,0,0,0,0.4196,1.0345,0.869,0.000,0
75.01,Hamad,AUIT_Multi,BCA,1.377,1.604,0.413,8.3,349.0,1.193,1.604,1.030,1.975,1.604,1.320,World,CabinetDCorner02,27.1,27.3,0.644,1.086,0,0,None,None,0,0,0,0,0.1570,0.4693,0.834,0.000,0
75.11,Hamad,AUIT_Multi,BCA,1.376,1.603,0.414,7.8,349.3,1.190,1.604,1.030,1.968,1.604,1.318,World,CabinetDCorner02,26.7,27.3,0.644,1.080,0,0,None,None,0,0,0,0,0.0322,0.0788,0.829,0.000,0
75.21,Hamad,AUIT_Multi,BCA,1.375,1.602,0.415,6.9,350.0,1.186,1.603,1.030,1.959,1.603,1.318,World,CabinetDCorner02,25.8,27.7,0.644,1.075,0,0,None,None,0,0,0,0,0.0445,0.0907,0.825,0.000,0
75.30,Hamad,AUIT_Multi,BCA,1.369,1.601,0.416,2.7,351.0,1.162,1.602,1.029,1.916,1.602,1.317,World,CabinetDCorner02,23.0,29.8,0.647,1.054,0,0,None,None,1,0,0,0,0.2444,0.4422,0.807,0.000,0
75.40,Hamad,AUIT_Multi,BCA,1.363,1.598,0.418,358.7,352.9,1.109,1.600,1.032,1.831,1.600,1.315,World,CabinetDCorner02,22.1,29.7,0.664,1.012,0,0,None,None,1,0,0,0,0.5466,0.8702,0.776,0.000,0
75.51,Hamad,AUIT_Multi,BCA,1.352,1.591,0.422,354.3,357.0,1.034,1.596,1.049,1.735,1.596,1.314,World,CabinetDCorner02,21.4,29.1,0.704,0.970,0,0,None,None,1,0,0,0,0.7002,0.8656,0.750,0.000,0
75.61,Hamad,AUIT_Multi,BCA,1.342,1.583,0.429,351.7,1.8,0.901,1.590,1.171,1.661,1.590,1.313,World,CabinetD05,22.6,28.2,0.863,0.940,0,0,None,None,1,0,1,0,1.8520,0.7719,0.773,0.000,0
75.71,Hamad,AUIT_Multi,BCA,1.337,1.579,0.434,349.9,4.5,0.813,1.583,1.230,1.607,1.583,1.313,World,CabinetD05Door,23.7,27.5,0.953,0.920,0,0,None,None,1,0,1,0,1.0956,0.5628,0.798,0.000,0
75.80,Hamad,AUIT_Multi,BCA,1.333,1.577,0.434,348.7,5.4,0.755,1.579,1.260,1.571,1.579,1.313,World,CabinetD05Door,24.3,26.9,1.009,0.911,0,0,None,None,1,0,1,0,0.6740,0.3695,0.818,0.000,0
75.90,Hamad,AUIT_Multi,BCA,1.327,1.574,0.430,346.3,6.7,0.643,1.576,1.360,1.542,1.576,1.313,World,CabinetD05Door,23.6,28.2,1.154,0.909,0,0,None,None,1,0,1,0,1.5435,0.2937,0.900,0.000,0
76.02,Hamad,AUIT_Multi,BCA,1.319,1.574,0.425,344.2,7.5,0.565,1.573,1.351,1.489,1.573,1.313,World,Wall4m,24.5,27.6,1.194,0.903,0,0,None,None,1,0,1,0,0.6689,0.4537,0.925,0.000,0
76.11,Hamad,AUIT_Multi,BCA,1.328,1.576,0.426,347.3,5.0,0.548,1.574,1.342,1.476,1.574,1.313,World,CabinetD05Door,28.1,22.7,1.203,0.898,0,0,None,None,0,1,0,1,0.2105,0.1507,0.928,0.000,0
76.21,Hamad,AUIT_Multi,BCA,1.330,1.576,0.427,348.0,5.5,0.652,1.576,1.291,1.518,1.576,1.313,World,CabinetD05Door,26.7,24.5,1.098,0.906,0,0,None,None,0,1,0,1,1.1845,0.4302,0.866,0.000,0
76.30,Hamad,AUIT_Multi,BCA,1.333,1.576,0.429,348.0,5.1,0.681,1.576,1.284,1.532,1.576,1.313,World,CabinetD05Door,25.8,25.2,1.076,0.907,0,0,None,None,0,0,0,0,0.3040,0.1512,0.852,0.000,0
76.40,Hamad,AUIT_Multi,BCA,1.334,1.574,0.429,346.9,6.7,0.632,1.575,1.347,1.532,1.575,1.313,World,CabinetD05Door,25.1,26.6,1.155,0.906,0,0,None,None,0,0,0,0,0.8166,0.0116,0.900,0.000,0
76.51,Hamad,AUIT_Multi,BCA,1.333,1.576,0.430,345.2,5.5,0.592,1.574,1.366,1.515,1.574,1.313,World,CabinetD05Door,24.2,27.0,1.194,0.902,0,0,None,None,1,0,1,0,0.4010,0.1498,0.925,0.000,0
76.61,Hamad,AUIT_Multi,BCA,1.330,1.584,0.432,343.1,2.4,0.559,1.577,1.346,1.485,1.577,1.313,World,CabinetD05,23.4,26.9,1.197,0.894,0,0,None,None,1,0,1,0,0.3937,0.3100,0.927,0.000,0
76.71,Hamad,AUIT_Multi,BCA,1.324,1.599,0.434,340.6,0.4,0.523,1.587,1.321,1.450,1.587,1.312,World,CabinetD05,22.7,27.6,1.194,0.887,0,0,None,None,1,0,1,0,0.4548,0.3732,0.927,0.000,0
76.80,Hamad,AUIT_Multi,BCA,1.316,1.617,0.436,337.4,356.7,0.479,1.601,1.287,1.404,1.601,1.312,World,CabinetD05,22.3,28.6,1.194,0.881,0,0,None,None,1,0,1,0,0.6032,0.5025,0.926,0.000,0
76.90,Hamad,AUIT_Multi,BCA,1.311,1.638,0.435,335.9,354.8,0.451,1.620,1.233,1.357,1.620,1.312,World,CabinetD05,23.8,27.8,1.173,0.878,0,0,None,None,1,0,1,0,0.6513,0.5222,0.909,0.000,0
77.01,Hamad,AUIT_Multi,BCA,1.305,1.658,0.436,335.2,353.6,0.463,1.642,1.167,1.321,1.642,1.312,World,CabinetD05,25.2,26.9,1.115,0.877,0,0,None,None,0,0,0,0,0.6362,0.3737,0.871,0.000,0
77.11,Hamad,AUIT_Multi,BCA,1.297,1.675,0.433,337.4,358.6,0.464,1.660,1.162,1.311,1.659,1.283,World,CabinetD05,26.3,23.7,1.108,0.851,0,0,None,None,0,1,0,1,0.1847,0.3621,0.856,0.000,0
77.21,Hamad,AUIT_Multi,BCA,1.291,1.680,0.435,336.1,358.3,0.462,1.673,1.187,1.276,1.672,1.105,World,CabinetD05,24.0,22.7,1.119,0.670,0,0,None,None,1,1,1,0,0.2919,1.8762,0.818,0.000,0
77.30,Hamad,AUIT_Multi,BCA,1.281,1.687,0.442,336.5,2.0,0.465,1.680,1.184,1.238,1.685,0.931,World,CabinetD05,24.2,18.5,1.103,0.492,0,0,None,None,1,1,1,0,0.0778,1.8323,0.813,0.000,0
77.40,Hamad,AUIT_Multi,BCA,1.264,1.697,0.446,337.0,5.4,0.463,1.689,1.186,1.268,1.692,1.173,World,CabinetD05,24.7,23.8,1.091,0.727,0,0,None,None,1,1,1,0,0.0952,2.5067,0.805,0.000,0
77.53,Hamad,AUIT_Multi,BCA,1.000,0.000,0.500,0.0,0.0,0.462,1.691,1.187,1.275,1.693,1.232,World,CabinetDCorner01,68.8,66.9,1.903,1.865,0,0,None,None,0,0,0,0,0.0234,0.4766,0.814,0.000,0
