Time,ParticipantID,Scenario,Sequence,HeadX,HeadY,HeadZ,HeadYaw,HeadPitch,VideoX,VideoY,VideoZ,InstX,InstY,InstZ,GazeTarget,HitObjectName,AngleToVideo,AngleToInst,VideoDist,InstDist,VideoOcc,InstOcc,VideoOccHitName,InstOccHitName,VideoInCone,InstInCone,VideoVisible,InstVisible,VideoSpeed,InstSpeed,PanelSeparation,ScreenOverlapPct,BothVisible
0.00,Marianne,AUIT_Multi,CAB,1.000,0.000,1.000,0.0,0.0,-2.197,1.378,13.812,-26.067,0.000,792.755,World,CabinetD01,15.2,2.0,13.277,792.217,1,1,CabinetD01,CabinetD01,1,1,0,0,0.0000,0.0000,779.309,0.000,0
0.18,Marianne,AUIT_Multi,CAB,1.000,0.000,1.000,0.0,0.0,-1.422,1.055,10.573,-18.765,0.000,583.367,World,CabinetD01,15.4,1.9,9.931,582.703,1,1,CabinetD01,CabinetD01,1,1,0,0,18.5286,1160.2550,573.057,0.047,0
0.24,Marianne,AUIT_Multi,CAB,1.000,0.000,1.000,0.0,0.0,0.295,0.119,2.984,1.293,0.000,6.441,World,CabinetD01,19.8,3.1,2.109,5.449,1,1,CabinetD01,Floor,1,1,0,0,142.4165,10489.7900,3.600,0.000,0
0.30,Marianne,AUIT_Multi,CAB,1.000,0.000,1.000,0.0,0.0,0.473,0.012,2.179,0.843,-0.001,12.419,World,CabinetD01,24.1,0.8,1.292,11.420,1,1,CabinetD01,Floor,1,1,0,0,12.7889,92.2638,10.246,0.000,0
0.41,Marianne,AUIT_Multi,CAB,1.000,0.000,1.000,0.0,0.0,0.500,0.001,2.099,1.240,0.114,2.150,World,CabinetD01,24.4,13.0,1.207,1.180,1,1,CabinetD01,CabinetDCorner01,1,1,0,0,0.7669,92.3322,0.750,0.000,0
0.51,Marianne,AUIT_Multi,CAB,1.000,0.000,1.000,0.0,0.0,0.503,0.000,2.093,1.216,0.122,1.524,World,CabinetD01,24.5,25.4,1.201,0.580,1,0,CabinetD01,None,1,0,0,0,0.0687,6.4656,0.921,0.000,0
0.61,Marianne,AUIT_Multi,CAB,1.000,0.000,1.000,0.0,0.0,0.503,0.000,2.092,1.216,0.120,1.479,World,CabinetD01,24.5,27.3,1.200,0.539,1,0,CabinetD01,None,1,0,0,0,0.0075,0.4593,0.948,0.000,0
0.70,Marianne,AUIT_Multi,CAB,1.000,0.000,1.000,0.0,0.0,0.543,0.000,2.029,1.134,0.079,1.549,World,CabinetD01,23.9,15.8,1.126,0.571,1,0,CabinetD01,None,1,1,0,0,0.7668,1.1868,0.766,0.000,0
0.80,Marianne,AUIT_Multi,CAB,1.000,0.000,1.000,0.0,0.0,0.582,0.000,1.969,1.055,0.039,1.616,World,CabinetD01,23.3,6.3,1.055,0.620,1,1,CabinetD01,CabinetDCorner01,1,1,0,0,0.7412,1.1425,0.591,0.000,0
0.91,Marianne,AUIT_Multi,CAB,1.000,0.000,1.000,0.0,0.0,0.628,0.000,1.900,1.119,0.076,1.549,World,CabinetD01,22.5,14.5,0.974,0.567,1,0,CabinetD01,None,1,1,0,0,0.7426,0.9016,0.609,0.000,0
1.31,Marianne,AUIT_Multi,CAB,1.035,1.704,0.882,358.6,14.9,0.649,0.000,1.878,1.177,0.110,1.492,World,CabinetD05Door,45.5,54.5,2.011,1.713,1,0,CabinetD01,None,0,0,0,0,0.0769,0.2220,0.664,0.000,0
1.37,Marianne,AUIT_Multi,CAB,1.034,1.718,0.890,356.6,6.3,0.822,1.615,1.326,1.211,1.621,1.298,World,CabinetD05Door,22.9,27.1,0.495,0.455,0,0,None,None,1,0,0,0,27.6184,24.5316,0.390,0.000,0
1.40,Marianne,AUIT_Multi,CAB,1.035,1.719,0.894,356.4,5.5,0.903,0.790,1.329,1.151,1.060,1.434,World,CabinetD05Door,59.3,46.5,1.035,0.860,0,0,None,None,0,0,0,0,29.9727,20.9701,0.382,0.000,0
1.43,Marianne,AUIT_Multi,CAB,1.035,1.719,0.895,356.5,5.4,0.906,0.463,1.358,1.145,0.963,1.441,World,CabinetD05Door,64.2,49.8,1.346,0.939,0,0,None,None,0,0,0,0,10.9153,3.2391,0.561,0.000,0
1.46,Marianne,AUIT_Multi,CAB,1.035,1.719,0.895,356.5,5.4,0.865,0.543,1.489,1.139,1.149,1.440,World,CabinetD05Door,57.6,42.3,1.329,0.796,0,0,None,None,0,0,0,0,5.7808,6.7304,0.667,0.000,0
1.51,Marianne,AUIT_Multi,CAB,1.035,1.719,0.894,356.4,5.6,0.835,0.533,1.604,1.129,1.384,1.436,World,CabinetD05Door,53.4,28.7,1.397,0.644,1,0,CabinetD01,None,0,0,0,0,2.0693,4.0921,0.916,0.000,0
1.62,Marianne,AUIT_Multi,CAB,1.034,1.719,0.894,356.2,5.2,0.782,0.971,1.735,1.154,1.692,1.538,World,CabinetD05Door,37.1,14.6,1.153,0.656,0,0,None,None,0,1,0,0,4.1230,2.9191,0.834,0.000,0
1.71,Marianne,AUIT_Multi,CAB,1.034,1.720,0.895,355.9,5.0,0.827,1.556,1.524,1.169,1.715,1.588,World,CabinetD05Door,16.5,15.7,0.682,0.705,0,0,None,None,1,1,0,0,7.4272,0.6700,0.382,0.000,0
1.82,Marianne,AUIT_Multi,CAB,1.034,1.719,0.895,355.9,5.7,0.941,1.704,1.166,1.171,1.719,1.597,World,Quad,14.9,16.2,0.287,0.715,0,0,None,None,1,1,0,0,3.6251,0.0915,0.488,0.000,0
1.90,Marianne,AUIT_Multi,CAB,1.033,1.720,0.896,355.3,5.0,0.907,1.717,1.256,1.171,1.719,1.596,World,Quad,15.3,16.6,0.382,0.714,0,0,None,None,1,1,0,0,1.1623,0.0060,0.431,0.000,0
2.01,Marianne,AUIT_Multi,CAB,1.032,1.720,0.895,355.0,5.0,0.898,1.716,1.304,1.144,1.693,1.520,World,Quad,13.9,15.3,0.431,0.636,0,0,None,None,1,1,0,0,0.4468,0.7606,0.329,0.000,0
2.13,Marianne,AUIT_Multi,CAB,1.028,1.723,0.889,356.5,4.8,0.908,1.716,1.307,1.119,1.668,1.423,World,Quad,13.1,13.2,0.435,0.545,0,0,None,None,1,1,0,0,0.0973,0.9240,0.246,0.000,0
2.21,Marianne,AUIT_Multi,CAB,1.022,1.725,0.887,357.1,4.0,0.907,1.716,1.339,1.160,1.710,1.479,World,Quad,11.7,16.3,0.466,0.608,0,0,None,None,1,1,0,0,0.3849,0.9551,0.290,0.000,0
2.32,Marianne,AUIT_Multi,CAB,1.009,1.727,0.886,359.2,4.3,0.934,1.717,1.290,1.168,1.724,1.427,World,Quad,10.1,17.7,0.411,0.564,0,0,None,None,1,1,0,0,0.5023,0.4870,0.271,0.000,0
2.40,Marianne,AUIT_Multi,CAB,0.995,1.727,0.886,1.4,4.0,0.931,1.717,1.341,1.168,1.726,1.417,World,Quad,9.7,17.1,0.459,0.558,0,0,None,None,1,1,0,0,0.6069,0.1233,0.249,0.000,0
2.52,Marianne,AUIT_Multi,CAB,0.973,1.733,0.887,4.5,1.1,0.952,1.717,1.337,1.158,1.729,1.373,World,Quad,7.3,16.4,0.451,0.520,0,0,None,None,1,1,0,0,0.1886,0.4069,0.210,0.000,0
2.60,Marianne,AUIT_Multi,CAB,0.956,1.734,0.887,8.4,359.1,0.975,1.718,1.302,1.158,1.732,1.357,World,Quad,6.6,14.9,0.416,0.512,0,0,None,None,1,1,0,0,0.5006,0.1958,0.191,0.000,0
2.71,Marianne,AUIT_Multi,CAB,0.936,1.734,0.883,12.9,354.8,1.000,1.718,1.255,1.165,1.735,1.354,World,Quad,8.2,14.0,0.377,0.524,0,0,None,None,1,1,0,0,0.4820,0.0719,0.193,1.000,0
2.82,Marianne,AUIT_Multi,CAB,0.926,1.732,0.866,14.5,356.1,1.015,1.717,1.246,1.183,1.735,1.340,World,Quad,6.2,14.4,0.391,0.539,0,0,None,None,1,1,0,0,0.1515,0.2083,0.193,1.000,0
2.91,Marianne,AUIT_Multi,CAB,0.920,1.729,0.837,10.8,3.3,0.976,1.722,1.293,1.188,1.732,1.336,World,Quad,4.4,17.9,0.459,0.566,0,0,None,None,1,1,0,0,0.7291,0.0804,0.216,0.000,0
3.02,Marianne,AUIT_Multi,CAB,0.917,1.733,0.797,7.6,1.7,0.845,1.730,1.443,1.187,1.732,1.334,World,Quad,14.1,19.1,0.650,0.600,0,0,None,None,1,1,0,0,1.7940,0.0238,0.359,0.000,0
3.10,Marianne,AUIT_Multi,CAB,0.920,1.741,0.769,5.3,357.6,0.794,1.735,1.439,1.186,1.735,1.332,World,Quad,16.2,20.2,0.681,0.623,0,0,None,None,1,1,0,0,0.6138,0.0434,0.407,0.000,0
3.21,Marianne,AUIT_Multi,CAB,0.930,1.730,0.740,1.6,0.9,0.736,1.738,1.428,1.186,1.738,1.331,World,Quad,17.4,21.8,0.715,0.644,0,0,None,None,1,1,0,0,0.5262,0.0303,0.460,0.000,0
3.32,Marianne,AUIT_Multi,CAB,0.947,1.723,0.714,357.7,6.1,0.667,1.728,1.424,1.185,1.728,1.330,World,CabinetD05,20.2,24.3,0.763,0.661,0,0,None,None,1,1,0,0,0.6264,0.0943,0.526,0.000,0
3.41,Marianne,AUIT_Multi,CAB,0.957,1.717,0.686,355.6,8.3,0.611,1.722,1.420,1.185,1.722,1.330,World,CabinetD05,22.5,25.3,0.812,0.683,0,0,None,None,1,0,1,0,0.6753,0.0632,0.581,0.000,0
3.52,Marianne,AUIT_Multi,CAB,0.968,1.702,0.647,355.7,8.8,0.577,1.714,1.410,1.185,1.714,1.329,World,CabinetD05,24.7,23.9,0.858,0.716,0,0,None,None,1,1,1,0,0.3287,0.0790,0.613,0.000,0
3.60,Marianne,AUIT_Multi,CAB,0.976,1.696,0.617,355.8,10.8,0.581,1.704,1.402,1.195,1.704,1.325,World,CabinetD05,25.1,24.1,0.879,0.741,0,0,None,None,0,1,0,0,0.1568,0.1700,0.618,0.000,0
3.71,Marianne,AUIT_Multi,CAB,0.980,1.701,0.580,355.2,11.4,0.585,1.699,1.391,1.205,1.699,1.321,World,CabinetD05,23.8,24.4,0.902,0.775,0,0,None,None,1,1,1,0,0.1127,0.1091,0.624,0.000,0
3.82,Marianne,AUIT_Multi,CAB,0.978,1.714,0.554,355.2,11.7,0.584,1.704,1.381,1.205,1.704,1.320,World,CabinetD05,23.3,23.8,0.917,0.798,0,0,None,None,1,1,1,0,0.0984,0.0448,0.624,0.000,0
3.91,Marianne,AUIT_Multi,CAB,0.974,1.721,0.538,354.6,9.6,0.573,1.713,1.376,1.205,1.713,1.319,World,CabinetD05,22.0,23.6,0.929,0.815,0,0,None,None,1,1,1,1,0.1864,0.1084,0.635,0.000,1
4.02,Marianne,AUIT_Multi,CAB,0.962,1.724,0.518,354.2,7.4,0.535,1.720,1.371,1.205,1.720,1.318,World,CabinetD05,22.0,23.7,0.954,0.836,0,0,None,None,1,1,1,1,0.3504,0.0668,0.672,0.000,1
4.10,Marianne,AUIT_Multi,CAB,0.952,1.727,0.504,355.1,5.0,0.511,1.723,1.367,1.205,1.723,1.317,World,CabinetD05,22.7,22.6,0.968,0.852,0,0,None,None,1,1,1,1,0.2863,0.0396,0.695,0.000,1
4.21,Marianne,AUIT_Multi,CAB,0.930,1.729,0.492,357.6,2.3,0.511,1.728,1.361,1.222,1.728,1.317,World,CabinetD05,23.4,22.0,0.965,0.876,0,0,None,None,1,1,1,1,0.0634,0.1615,0.712,0.000,1
4.33,Marianne,AUIT_Multi,CAB,0.900,1.729,0.483,358.6,1.2,0.512,1.729,1.357,1.238,1.729,1.317,World,CabinetD05,22.6,23.5,0.956,0.900,0,0,None,None,1,1,1,1,0.0382,0.1434,0.728,0.000,1
4.41,Marianne,AUIT_Multi,CAB,0.877,1.735,0.483,359.7,2.4,0.499,1.730,1.355,1.238,1.730,1.317,World,CabinetD05,23.2,23.8,0.951,0.909,0,0,None,None,1,1,1,1,0.1541,0.0134,0.740,0.000,1
4.52,Marianne,AUIT_Multi,CAB,0.845,1.725,0.481,359.3,2.8,0.483,1.733,1.335,1.238,1.733,1.318,World,CabinetD05,22.5,26.1,0.927,0.924,0,0,None,None,1,0,1,0,0.2339,0.0245,0.756,0.000,0
4.60,Marianne,AUIT_Multi,CAB,0.824,1.721,0.478,359.4,3.9,0.471,1.726,1.277,1.223,1.726,1.318,World,CabinetD05,23.7,26.3,0.874,0.930,0,0,None,None,1,0,1,0,0.7144,0.1935,0.754,0.000,0
4.71,Marianne,AUIT_Multi,CAB,0.801,1.721,0.471,0.6,3.5,0.452,1.721,1.266,1.212,1.721,1.318,World,CabinetD05,24.5,25.6,0.867,0.941,0,0,None,None,1,0,1,0,0.2010,0.1127,0.762,0.000,0
4.83,Marianne,AUIT_Multi,CAB,0.785,1.723,0.467,0.3,2.4,0.445,1.722,1.243,1.201,1.722,1.318,World,CabinetD05,24.1,25.8,0.847,0.947,0,0,None,None,1,0,1,0,0.2128,0.0983,0.759,0.000,0
4.91,Marianne,AUIT_Multi,CAB,0.779,1.721,0.462,0.1,1.3,0.439,1.723,1.228,1.191,1.723,1.318,World,CabinetD05,24.1,25.6,0.839,0.950,0,0,None,None,1,0,1,0,0.1952,0.1217,0.758,0.000,0
5.02,Marianne,AUIT_Multi,CAB,0.772,1.722,0.453,359.8,0.9,0.431,1.721,1.210,1.182,1.721,1.320,World,CabinetD05,24.1,25.5,0.831,0.959,0,0,None,None,1,0,1,0,0.1799,0.0847,0.759,0.000,0
5.10,Marianne,AUIT_Multi,CAB,0.769,1.722,0.448,0.3,0.4,0.425,1.722,1.198,1.167,1.722,1.302,World,CabinetD05,24.9,24.7,0.825,0.942,0,0,None,None,1,1,1,1,0.1600,0.2756,0.750,0.000,1
5.22,Marianne,AUIT_Multi,CAB,0.767,1.722,0.440,0.6,0.9,0.423,1.722,1.199,1.179,1.722,1.315,World,CabinetD05,25.0,24.7,0.833,0.968,0,0,None,None,1,1,1,1,0.0174,0.1645,0.765,0.000,1
5.33,Marianne,AUIT_Multi,CAB,0.768,1.723,0.435,0.5,359.7,0.424,1.722,1.197,1.188,1.722,1.317,World,CabinetD05,24.8,24.9,0.835,0.977,0,0,None,None,1,1,1,1,0.0201,0.0773,0.773,0.000,1
5.41,Marianne,AUIT_Multi,CAB,0.769,1.724,0.432,359.5,359.3,0.423,1.723,1.190,1.186,1.723,1.318,World,CabinetD05,24.0,25.8,0.832,0.979,0,0,None,None,1,0,1,0,0.0892,0.0196,0.774,0.000,0
5.52,Marianne,AUIT_Multi,CAB,0.772,1.724,0.429,358.2,359.3,0.415,1.724,1.170,1.141,1.724,1.255,World,CabinetD05,24.0,25.9,0.822,0.904,0,0,None,None,1,0,1,0,0.1950,0.6973,0.732,0.000,0
5.60,Marianne,AUIT_Multi,CAB,0.775,1.723,0.426,357.8,359.3,0.407,1.723,1.159,1.119,1.723,1.232,World,CabinetD05,24.5,25.3,0.820,0.877,0,0,None,None,1,0,1,0,0.1676,0.3758,0.716,0.000,0
5.72,Marianne,AUIT_Multi,CAB,0.780,1.724,0.419,358.0,358.7,0.402,1.723,1.156,1.116,1.723,1.229,World,CabinetD05,25.2,24.5,0.828,0.877,0,0,None,None,0,1,0,1,0.0440,0.0435,0.717,0.000,0
5.83,Marianne,AUIT_Multi,CAB,0.785,1.724,0.410,358.0,358.1,0.405,1.723,1.157,1.136,1.723,1.252,World,CabinetD05,25.1,24.6,0.838,0.912,0,0,None,None,0,1,0,1,0.0239,0.2745,0.737,0.000,0
5.91,Marianne,AUIT_Multi,CAB,0.788,1.723,0.402,358.5,358.0,0.407,1.724,1.156,1.166,1.724,1.303,World,CabinetD05,25.4,24.4,0.844,0.977,0,0,None,None,0,1,0,1,0.0265,0.7149,0.773,0.000,0
6.02,Marianne,AUIT_Multi,CAB,0.790,1.723,0.395,359.0,357.0,0.411,1.723,1.159,1.187,1.723,1.315,World,CabinetD05,25.6,24.4,0.853,1.002,0,0,None,None,0,1,0,1,0.0494,0.2145,0.791,0.000,0
6.10,Marianne,AUIT_Multi,CAB,0.789,1.722,0.390,359.1,357.0,0.415,1.723,1.161,1.197,1.723,1.315,World,CabinetD05,25.2,24.9,0.856,1.011,0,0,None,None,0,1,0,1,0.0488,0.1301,0.797,0.000,0
6.22,Marianne,AUIT_Multi,CAB,0.788,1.722,0.386,358.9,356.7,0.416,1.723,1.157,1.200,1.723,1.314,World,CabinetD05,24.8,25.3,0.856,1.016,0,0,None,None,1,0,1,0,0.0316,0.0249,0.799,0.000,0
6.30,Marianne,AUIT_Multi,CAB,0.786,1.722,0.383,358.5,357.1,0.413,1.722,1.148,1.196,1.722,1.314,World,CabinetD05,24.7,25.4,0.852,1.018,0,0,None,None,1,0,1,0,0.1175,0.0449,0.801,0.000,0
6.41,Marianne,AUIT_Multi,CAB,0.785,1.724,0.382,358.6,356.8,0.408,1.723,1.143,1.192,1.723,1.314,World,CabinetD05,25.1,25.2,0.849,1.017,0,0,None,None,0,0,0,0,0.0578,0.0351,0.803,0.000,0
6.51,Marianne,AUIT_Multi,CAB,0.784,1.723,0.380,358.4,357.7,0.407,1.723,1.142,1.191,1.723,1.315,World,CabinetD05,24.8,25.3,0.850,1.019,0,0,None,None,1,0,1,0,0.0239,0.0148,0.803,0.000,0
6.61,Marianne,AUIT_Multi,CAB,0.784,1.724,0.379,358.4,357.2,0.404,1.723,1.138,1.188,1.723,1.315,World,CabinetD05,25.1,25.1,0.848,1.019,0,0,None,None,0,0,0,0,0.0457,0.0297,0.804,0.000,0
6.71,Marianne,AUIT_Multi,CAB,0.784,1.723,0.379,358.5,357.8,0.405,1.723,1.140,1.191,1.723,1.314,World,CabinetD05,25.1,25.0,0.851,1.021,0,0,None,None,0,0,0,0,0.0261,0.0294,0.805,0.000,0
6.80,Marianne,AUIT_Multi,CAB,0.784,1.722,0.379,358.2,357.7,0.405,1.723,1.139,1.191,1.723,1.315,World,CabinetD05,24.9,25.3,0.849,1.020,0,0,None,None,1,0,1,0,0.0197,0.0100,0.805,0.000,0
6.91,Marianne,AUIT_Multi,CAB,0.784,1.722,0.378,358.2,357.6,0.402,1.722,1.135,1.186,1.722,1.315,World,CabinetD05,25.1,25.1,0.847,1.020,0,0,None,None,0,0,0,0,0.0396,0.0422,0.804,0.000,0
7.01,Marianne,AUIT_Multi,CAB,0.784,1.722,0.378,358.3,357.5,0.402,1.722,1.136,1.187,1.722,1.315,World,CabinetD05,25.1,25.1,0.848,1.020,0,0,None,None,0,0,0,0,0.0117,0.0068,0.805,0.000,0
7.11,Marianne,AUIT_Multi,CAB,0.784,1.722,0.378,358.4,357.8,0.403,1.722,1.137,1.188,1.722,1.315,World,CabinetD05,25.1,25.0,0.850,1.021,0,0,None,None,0,0,0,0,0.0160,0.0185,0.805,0.000,0
7.21,Marianne,AUIT_Multi,CAB,0.784,1.722,0.376,358.6,357.6,0.404,1.722,1.138,1.190,1.722,1.315,World,CabinetD05,25.2,24.9,0.852,1.023,0,0,None,None,0,1,0,1,0.0089,0.0218,0.806,0.000,0
7.30,Marianne,AUIT_Multi,CAB,0.783,1.722,0.374,358.6,357.2,0.405,1.722,1.138,1.193,1.722,1.314,World,CabinetD05,25.1,25.1,0.852,1.025,0,0,None,None,0,0,0,0,0.0092,0.0262,0.808,0.000,0
7.41,Marianne,AUIT_Multi,CAB,0.783,1.722,0.373,358.5,357.5,0.404,1.722,1.135,1.192,1.722,1.314,World,CabinetD05,25.0,25.1,0.852,1.027,0,0,None,None,0,0,0,0,0.0230,0.0063,0.808,0.000,0
7.51,Marianne,AUIT_Multi,CAB,0.784,1.722,0.370,358.5,357.1,0.404,1.722,1.135,1.193,1.722,1.314,World,CabinetD05,25.1,25.1,0.854,1.028,0,0,None,None,0,0,0,0,0.0047,0.0108,0.810,0.000,0
7.61,Marianne,AUIT_Multi,CAB,0.784,1.722,0.369,358.3,357.1,0.403,1.722,1.133,1.193,1.722,1.314,World,CabinetD05,25.0,25.3,0.853,1.029,0,0,None,None,1,0,1,0,0.0217,0.0036,0.810,0.000,0
7.71,Marianne,AUIT_Multi,CAB,0.784,1.722,0.370,358.0,357.2,0.401,1.722,1.129,1.189,1.722,1.314,World,CabinetD05,24.9,25.4,0.851,1.028,0,0,None,None,1,0,1,0,0.0480,0.0388,0.810,0.000,0
7.80,Marianne,AUIT_Multi,CAB,0.783,1.721,0.370,358.3,357.9,0.399,1.721,1.128,1.187,1.721,1.315,World,CabinetD05,25.3,24.9,0.850,1.027,0,0,None,None,0,1,0,1,0.0210,0.0274,0.810,0.000,0
7.90,Marianne,AUIT_Multi,CAB,0.782,1.721,0.373,358.2,358.3,0.400,1.721,1.131,1.188,1.721,1.315,World,CabinetD05,25.0,25.2,0.849,1.026,0,0,None,None,1,0,1,0,0.0293,0.0183,0.810,0.000,0
8.01,Marianne,AUIT_Multi,CAB,0.781,1.721,0.374,357.9,358.1,0.398,1.721,1.129,1.184,1.721,1.316,World,CabinetD05,24.9,25.3,0.846,1.024,0,0,None,None,1,0,1,0,0.0218,0.0419,0.808,0.000,0
8.11,Marianne,AUIT_Multi,CAB,0.780,1.721,0.376,357.7,358.5,0.396,1.721,1.127,1.178,1.721,1.314,World,CabinetD05,24.8,25.3,0.844,1.019,0,0,None,None,1,0,1,0,0.0355,0.0658,0.804,0.000,0
8.21,Marianne,AUIT_Multi,CAB,0.780,1.720,0.376,357.7,358.7,0.393,1.721,1.125,1.155,1.721,1.272,World,CabinetD05,25.0,25.1,0.842,0.971,0,0,None,None,1,0,1,0,0.0301,0.4893,0.776,0.000,0
8.30,Marianne,AUIT_Multi,CAB,0.778,1.720,0.378,357.4,358.7,0.392,1.720,1.124,1.144,1.720,1.251,World,CabinetD05,24.8,25.3,0.840,0.947,0,0,None,None,1,0,1,0,0.0177,0.2463,0.762,0.000,0
8.40,Marianne,AUIT_Multi,CAB,0.777,1.719,0.378,357.2,358.7,0.390,1.720,1.122,1.133,1.720,1.237,World,CabinetD05,24.8,25.3,0.838,0.930,0,0,None,None,1,0,1,0,0.0364,0.1844,0.752,0.000,0
8.51,Marianne,AUIT_Multi,CAB,0.774,1.718,0.378,357.0,359.0,0.386,1.719,1.118,1.123,1.719,1.230,World,CabinetD05,24.7,25.3,0.835,0.920,0,0,None,None,1,0,1,0,0.0508,0.1123,0.746,0.000,0
8.61,Marianne,AUIT_Multi,CAB,0.772,1.717,0.378,356.8,359.0,0.382,1.718,1.114,1.116,1.718,1.226,World,CabinetD05,24.7,25.3,0.833,0.915,0,0,None,None,1,0,1,0,0.0514,0.0806,0.742,0.000,0
8.71,Marianne,AUIT_Multi,CAB,0.769,1.717,0.378,356.7,358.9,0.379,1.717,1.111,1.110,1.717,1.224,World,CabinetD05,24.8,25.3,0.831,0.912,0,0,None,None,1,0,1,0,0.0462,0.0661,0.740,0.000,0
8.80,Marianne,AUIT_Multi,CAB,0.767,1.717,0.378,356.5,358.9,0.375,1.717,1.109,1.105,1.717,1.223,World,CabinetD05,24.7,25.3,0.828,0.910,0,0,None,None,1,0,1,0,0.0426,0.0558,0.738,0.000,0
8.90,Marianne,AUIT_Multi,CAB,0.764,1.717,0.378,356.4,358.8,0.372,1.717,1.105,1.099,1.717,1.222,World,CabinetD05,24.8,25.3,0.826,0.908,0,0,None,None,1,0,1,0,0.0486,0.0577,0.736,0.000,0
9.01,Marianne,AUIT_Multi,CAB,0.762,1.717,0.378,356.4,358.9,0.369,1.717,1.103,1.095,1.717,1.222,World,CabinetD05,24.9,25.1,0.825,0.907,0,0,None,None,1,0,1,0,0.0340,0.0404,0.735,0.000,0
9.11,Marianne,AUIT_Multi,CAB,0.760,1.716,0.378,356.4,359.0,0.367,1.717,1.102,1.093,1.717,1.222,World,CabinetD05,24.9,25.2,0.824,0.907,0,0,None,None,1,0,1,0,0.0198,0.0221,0.735,0.000,0
9.21,Marianne,AUIT_Multi,CAB,0.759,1.716,0.378,356.3,359.1,0.366,1.716,1.101,1.090,1.716,1.222,World,CabinetD05,24.9,25.1,0.823,0.907,0,0,None,None,1,0,1,0,0.0229,0.0228,0.735,0.000,0
9.30,Marianne,AUIT_Multi,CAB,0.758,1.715,0.378,356.1,359.2,0.364,1.716,1.099,1.088,1.716,1.222,World,CabinetD05,24.8,25.2,0.822,0.906,0,0,None,None,1,0,1,0,0.0241,0.0248,0.734,0.000,0
9.40,Marianne,AUIT_Multi,CAB,0.758,1.715,0.379,355.9,359.5,0.361,1.715,1.097,1.083,1.715,1.222,World,CabinetD05,24.8,25.3,0.820,0.903,0,0,None,None,1,0,1,0,0.0368,0.0473,0.733,0.000,0
9.51,Marianne,AUIT_Multi,CAB,0.757,1.714,0.381,356.0,360.0,0.360,1.714,1.097,1.080,1.714,1.222,World,CabinetD05,25.1,25.0,0.819,0.901,0,0,None,None,0,1,0,1,0.0170,0.0308,0.731,0.000,0
9.61,Marianne,AUIT_Multi,CAB,0.757,1.713,0.383,356.0,0.3,0.360,1.714,1.098,1.080,1.714,1.222,World,CabinetD05,25.1,25.0,0.818,0.899,0,0,None,None,0,0,0,0,0.0160,0.0070,0.730,0.000,0
9.71,Marianne,AUIT_Multi,CAB,0.758,1.713,0.385,356.2,0.6,0.361,1.713,1.100,1.080,1.713,1.222,World,CabinetD05,25.2,24.9,0.817,0.897,0,0,None,None,0,1,0,1,0.0213,0.0069,0.729,0.000,0
9.80,Marianne,AUIT_Multi,CAB,0.758,1.712,0.387,356.4,0.9,0.364,1.713,1.103,1.083,1.713,1.222,World,CabinetD05,25.3,24.9,0.818,0.896,0,0,None,None,0,1,0,1,0.0447,0.0274,0.729,0.000,0
9.90,Marianne,AUIT_Multi,CAB,0.759,1.712,0.388,356.7,1.1,0.367,1.712,1.107,1.087,1.712,1.222,World,CabinetD05,25.4,24.7,0.819,0.896,0,0,None,None,0,1,0,1,0.0514,0.0400,0.729,0.000,0
10.01,Marianne,AUIT_Multi,CAB,0.762,1.712,0.387,357.2,1.1,0.372,1.712,1.112,1.094,1.712,1.222,World,CabinetD05,25.5,24.5,0.823,0.899,0,0,None,None,0,1,0,1,0.0649,0.0682,0.730,0.000,0
10.11,Marianne,AUIT_Multi,CAB,0.764,1.712,0.386,357.5,1.0,0.378,1.712,1.117,1.104,1.712,1.223,World,CabinetD05,25.4,24.6,0.827,0.903,0,0,None,None,0,1,0,1,0.0774,0.0986,0.734,0.000,0
10.21,Marianne,AUIT_Multi,CAB,0.767,1.712,0.385,357.8,0.8,0.382,1.712,1.121,1.113,1.712,1.226,World,CabinetD05,25.4,24.6,0.830,0.909,0,0,None,None,0,1,0,1,0.0616,0.0949,0.738,0.000,0
10.30,Marianne,AUIT_Multi,CAB,0.770,1.712,0.383,358.1,0.7,0.387,1.712,1.125,1.124,1.712,1.232,World,CabinetD05,25.4,24.6,0.834,0.919,0,0,None,None,0,1,0,1,0.0635,0.1278,0.744,0.000,0
10.40,Marianne,AUIT_Multi,CAB,0.772,1.713,0.382,358.5,0.4,0.392,1.713,1.130,1.154,1.713,1.282,World,CabinetD05,25.5,24.5,0.838,0.977,0,0,None,None,0,1,0,1,0.0704,0.6007,0.777,0.000,0
10.51,Marianne,AUIT_Multi,CAB,0.775,1.713,0.382,359.7,0.4,0.401,1.713,1.141,1.184,1.713,1.312,World,CabinetD05,26.0,24.0,0.846,1.016,0,0,None,None,0,1,0,1,0.1261,0.3853,0.802,0.000,0
10.61,Marianne,AUIT_Multi,CAB,0.778,1.712,0.382,0.6,0.6,0.411,1.713,1.155,1.206,1.713,1.314,World,CabinetD05,25.9,24.1,0.856,1.026,0,0,None,None,0,1,0,1,0.1866,0.2271,0.810,0.000,0
10.71,Marianne,AUIT_Multi,CAB,0.779,1.712,0.382,1.1,1.0,0.421,1.712,1.168,1.225,1.712,1.315,World,CabinetD05,25.6,24.4,0.863,1.033,0,0,None,None,0,1,0,1,0.1632,0.1916,0.817,0.000,0
10.80,Marianne,AUIT_Multi,CAB,0.779,1.711,0.382,1.0,1.3,0.427,1.712,1.173,1.235,1.712,1.315,World,CabinetD05,25.0,25.0,0.866,1.038,0,0,None,None,0,0,0,0,0.0860,0.1029,0.819,0.000,0
10.90,Marianne,AUIT_Multi,CAB,0.778,1.711,0.384,0.6,1.4,0.427,1.711,1.169,1.232,1.711,1.314,World,CabinetD05,24.8,25.4,0.860,1.035,0,0,None,None,1,0,1,0,0.0422,0.0311,0.817,0.000,0
11.01,Marianne,AUIT_Multi,CAB,0.776,1.711,0.388,0.4,1.7,0.424,1.711,1.166,1.223,1.711,1.314,World,CabinetD05,24.8,25.4,0.853,1.029,0,0,None,None,1,0,1,0,0.0451,0.0762,0.813,0.000,0
11.11,Marianne,AUIT_Multi,CAB,0.773,1.711,0.392,0.0,1.9,0.420,1.711,1.162,1.214,1.711,1.314,World,CabinetD05,24.7,25.6,0.847,1.023,0,0,None,None,1,0,1,0,0.0510,0.0917,0.808,0.000,0
11.21,Marianne,AUIT_Multi,CAB,0.769,1.711,0.396,359.5,1.9,0.415,1.711,1.156,1.201,1.711,1.315,World,CabinetD05,24.5,25.8,0.838,1.015,0,0,None,None,1,0,1,0,0.0811,0.1324,0.802,0.000,0
11.30,Marianne,AUIT_Multi,CAB,0.765,1.711,0.401,359.0,1.9,0.408,1.711,1.149,1.186,1.711,1.317,World,CabinetD05,24.5,25.8,0.829,1.008,0,0,None,None,1,0,1,0,0.1020,0.1578,0.796,0.000,0
11.40,Marianne,AUIT_Multi,CAB,0.762,1.712,0.405,358.7,1.7,0.402,1.711,1.144,1.147,1.711,1.261,World,CabinetD05,24.7,25.6,0.822,0.938,0,0,None,None,1,0,1,0,0.0851,0.7066,0.754,0.000,0
11.51,Marianne,AUIT_Multi,CAB,0.760,1.713,0.410,358.7,1.3,0.398,1.712,1.144,1.126,1.712,1.235,World,CabinetD05,25.0,25.3,0.818,0.903,0,0,None,None,1,0,1,0,0.0350,0.2927,0.734,0.000,0
11.61,Marianne,AUIT_Multi,CAB,0.760,1.715,0.415,357.7,0.9,0.395,1.714,1.142,1.115,1.714,1.229,World,CabinetD05,24.3,25.9,0.813,0.888,0,0,None,None,1,0,1,0,0.0367,0.1325,0.725,0.000,0
11.71,Marianne,AUIT_Multi,CAB,0.761,1.717,0.419,356.6,0.3,0.387,1.715,1.133,1.096,1.715,1.224,World,CabinetD05,24.2,26.0,0.805,0.872,0,0,None,None,1,0,1,0,0.1276,0.2081,0.714,0.000,0
11.80,Marianne,AUIT_Multi,CAB,0.764,1.719,0.424,355.6,359.7,0.378,1.717,1.125,1.078,1.717,1.223,World,CabinetD05,24.4,25.9,0.800,0.859,0,0,None,None,1,0,1,0,0.1230,0.1884,0.706,0.000,0
11.90,Marianne,AUIT_Multi,CAB,0.768,1.721,0.430,354.1,358.9,0.369,1.719,1.119,1.060,1.719,1.223,World,Wall4m,24.2,26.2,0.796,0.845,0,0,None,None,1,0,0,0,0.1135,0.1773,0.699,0.000,0
12.01,Marianne,AUIT_Multi,CAB,0.774,1.722,0.439,352.1,357.6,0.356,1.722,1.110,1.037,1.722,1.226,World,CabinetD06,24.2,26.4,0.790,0.830,0,0,None,None,1,0,0,0,0.1436,0.2130,0.691,0.000,0
12.11,Marianne,AUIT_Multi,CAB,0.781,1.723,0.448,350.4,357.5,0.344,1.722,1.103,1.018,1.722,1.239,World,CabinetD06,24.2,26.4,0.787,0.825,0,0,None,None,1,0,0,0,0.1481,0.2341,0.688,0.000,0
12.21,Marianne,AUIT_Multi,CAB,0.789,1.728,0.458,348.3,358.3,0.332,1.724,1.098,0.956,1.723,1.193,World,CabinetD06,24.0,24.5,0.787,0.753,0,0,None,None,1,1,0,0,0.1369,0.8004,0.631,0.000,0
12.30,Marianne,AUIT_Multi,CAB,0.798,1.732,0.469,346.1,358.3,0.328,1.729,1.101,0.874,1.724,1.140,World,CabinetD06,22.9,20.5,0.787,0.675,0,0,None,None,1,1,0,0,0.0675,0.9997,0.548,0.000,0
12.40,Marianne,AUIT_Multi,CAB,0.807,1.731,0.480,344.9,358.9,0.326,1.731,1.103,0.830,1.725,1.171,World,CabinetD06,22.6,17.1,0.787,0.692,0,0,None,None,1,1,0,0,0.0426,0.5587,0.509,0.000,0
12.51,Marianne,AUIT_Multi,CAB,0.816,1.729,0.491,342.9,359.2,0.323,1.730,1.105,0.935,1.730,1.609,World,CabinetD06,21.7,23.1,0.787,1.124,0,0,None,None,1,1,0,1,0.0327,4.0491,0.793,0.000,0
12.61,Marianne,AUIT_Multi,CAB,0.822,1.725,0.502,340.6,359.1,0.296,1.728,1.091,0.942,1.728,1.677,World,CabinetD06,22.3,25.3,0.789,1.182,0,0,None,None,1,0,0,0,0.3138,0.7071,0.873,0.000,0
12.71,Marianne,AUIT_Multi,CAB,0.827,1.722,0.511,339.3,0.8,0.260,1.725,1.080,0.931,1.725,1.685,World,CabinetD06,24.2,25.8,0.804,1.179,0,0,None,None,1,0,1,0,0.3861,0.1460,0.903,0.000,0
12.80,Marianne,AUIT_Multi,CAB,0.832,1.721,0.515,338.2,1.5,0.247,1.722,1.078,0.912,1.722,1.639,World,CabinetD06,24.4,25.9,0.812,1.127,0,0,None,None,1,0,1,0,0.1453,0.5122,0.870,0.000,0
12.90,Marianne,AUIT_Multi,CAB,0.834,1.721,0.518,335.9,0.9,0.232,1.722,1.070,0.886,1.722,1.628,World,CabinetD06,23.4,26.8,0.818,1.112,0,0,None,None,1,0,1,0,0.1703,0.2839,0.860,0.000,0
13.01,Marianne,AUIT_Multi,CAB,0.836,1.721,0.521,333.4,1.1,0.200,1.721,1.057,0.841,1.721,1.627,World,CabinetD06,23.3,26.9,0.832,1.106,0,0,None,None,1,0,1,0,0.3150,0.4111,0.858,0.000,0
13.11,Marianne,AUIT_Multi,CAB,0.837,1.721,0.525,331.7,1.4,0.170,1.721,1.046,0.801,1.721,1.627,World,CabinetD06,23.7,26.5,0.847,1.103,0,0,None,None,1,0,1,0,0.3292,0.4044,0.858,0.000,0
13.21,Marianne,AUIT_Multi,CAB,0.836,1.722,0.528,331.0,1.3,0.149,1.722,1.037,0.773,1.722,1.627,World,CabinetD06,24.5,25.7,0.855,1.101,0,0,None,None,1,0,1,0,0.2295,0.2965,0.859,0.000,0
13.30,Marianne,AUIT_Multi,CAB,0.832,1.723,0.533,330.6,1.2,0.144,1.722,1.031,0.759,1.722,1.627,World,CabinetD06,24.8,25.6,0.850,1.097,0,0,None,None,1,0,1,0,0.0789,0.1432,0.856,0.000,0
13.40,Marianne,AUIT_Multi,CAB,0.823,1.722,0.542,330.2,1.6,0.137,1.723,1.031,0.746,1.723,1.628,World,CabinetD06,24.7,25.8,0.843,1.089,0,0,None,None,1,0,1,0,0.0712,0.1311,0.853,0.000,0
13.51,Marianne,AUIT_Multi,CAB,0.806,1.720,0.553,329.3,2.8,0.122,1.722,1.032,0.724,1.722,1.628,World,CabinetD06Door,24.5,26.5,0.834,1.078,0,0,None,None,1,0,1,0,0.1330,0.1993,0.847,0.000,0
13.61,Marianne,AUIT_Multi,CAB,0.785,1.717,0.564,328.1,4.2,0.095,1.720,1.034,0.693,1.720,1.629,World,CabinetD06Door,24.2,27.2,0.835,1.068,0,0,None,None,1,0,1,0,0.2795,0.3183,0.843,0.000,0
13.71,Marianne,AUIT_Multi,CAB,0.761,1.712,0.576,327.2,5.6,0.052,1.716,1.041,0.652,1.716,1.634,World,CabinetD06Door,24.7,27.5,0.847,1.063,0,0,None,None,1,0,1,0,0.4468,0.4232,0.844,0.000,0
13.80,Marianne,AUIT_Multi,CAB,0.734,1.708,0.589,327.0,6.3,0.022,1.712,1.042,0.608,1.712,1.679,World,CabinetD06Door,25.3,27.1,0.844,1.098,0,0,None,None,0,0,0,0,0.3121,0.6543,0.866,0.000,0
13.90,Marianne,AUIT_Multi,CAB,0.705,1.708,0.603,326.8,6.4,0.014,1.709,1.038,0.581,1.709,1.653,World,CabinetD06Door,25.3,27.3,0.817,1.057,0,0,None,None,0,0,0,0,0.1004,0.3897,0.836,0.000,0
14.01,Marianne,AUIT_Multi,CAB,0.670,1.710,0.622,326.2,6.4,0.005,1.709,1.033,0.546,1.709,1.634,World,CabinetD06Door,25.2,27.5,0.782,1.020,0,0,None,None,0,0,0,0,0.0913,0.3609,0.808,0.000,0
14.11,Marianne,AUIT_Multi,CAB,0.641,1.711,0.640,326.2,6.3,-0.003,1.711,1.031,0.513,1.711,1.632,World,CabinetD06Door,25.7,27.1,0.753,1.000,0,0,None,None,0,0,0,0,0.0868,0.3443,0.792,0.000,0
14.21,Marianne,AUIT_Multi,CAB,0.614,1.711,0.659,326.8,6.6,-0.011,1.711,1.038,0.491,1.711,1.568,World,CabinetD06Door,26.3,26.3,0.731,0.918,0,0,None,None,0,0,0,0,0.1136,0.6867,0.730,0.000,0
14.30,Marianne,AUIT_Multi,CAB,0.590,1.712,0.678,327.5,7.1,-0.018,1.711,1.053,0.480,1.711,1.366,World,CabinetD06Door,26.7,24.4,0.715,0.697,0,0,None,None,0,1,0,0,0.1688,2.0878,0.588,0.000,0
14.40,Marianne,AUIT_Multi,CAB,0.570,1.714,0.696,327.5,7.3,-0.025,1.712,1.069,0.468,1.712,1.164,World,CabinetD06Door,26.4,21.4,0.701,0.478,0,0,None,None,0,1,0,0,0.1752,2.0785,0.502,0.000,0
14.51,Marianne,AUIT_Multi,CAB,0.551,1.714,0.717,327.1,7.5,-0.030,1.714,1.079,0.442,1.714,1.547,World,CabinetD06Door,26.2,26.4,0.685,0.837,0,0,None,None,0,0,0,0,0.1098,3.4598,0.665,0.000,0
14.61,Marianne,AUIT_Multi,CAB,0.540,1.716,0.737,326.5,7.6,-0.034,1.715,1.086,0.422,1.715,1.625,World,CabinetD06Door,26.2,27.0,0.672,0.896,0,0,None,None,0,0,0,0,0.0748,0.8243,0.707,0.000,0
14.71,Marianne,AUIT_Multi,CAB,0.531,1.717,0.759,325.1,6.8,-0.031,1.715,1.090,0.397,1.715,1.616,World,CabinetD06Door,25.4,26.8,0.652,0.868,0,0,None,None,0,0,0,0,0.0560,0.2799,0.678,0.000,0
14.80,Marianne,AUIT_Multi,CAB,0.523,1.719,0.784,323.1,5.8,0.000,1.711,1.103,0.337,1.712,1.506,World,CabinetD06Door,22.3,23.0,0.613,0.746,0,0,None,None,1,1,0,0,0.3439,1.2870,0.526,0.000,0
14.90,Marianne,AUIT_Multi,CAB,0.516,1.723,0.811,320.6,4.8,0.030,1.707,1.118,0.272,1.709,1.398,World,Quad,18.5,17.2,0.576,0.636,0,0,None,None,1,1,0,0,0.3510,1.3003,0.370,0.000,0
15.01,Marianne,AUIT_Multi,CAB,0.510,1.725,0.845,317.7,4.5,0.065,1.703,1.131,0.199,1.720,1.522,World,Quad,15.2,18.1,0.529,0.745,0,0,None,None,1,1,0,0,0.3374,1.2992,0.414,0.000,0
15.11,Marianne,AUIT_Multi,CAB,0.505,1.727,0.876,315.6,4.3,0.095,1.699,1.136,0.187,1.725,1.549,World,Quad,13.3,19.6,0.486,0.744,0,0,None,None,1,1,0,0,0.3127,0.3054,0.424,0.000,0
15.21,Marianne,AUIT_Multi,CAB,0.501,1.728,0.907,313.5,4.5,0.125,1.695,1.141,0.186,1.727,1.551,World,Quad,11.5,20.9,0.444,0.717,0,0,None,None,1,1,0,0,0.3241,0.0348,0.416,0.000,0
15.30,Marianne,AUIT_Multi,CAB,0.498,1.727,0.934,311.6,5.1,0.156,1.691,1.148,0.186,1.727,1.551,World,Quad,9.6,22.2,0.405,0.692,0,0,None,None,1,1,0,0,0.3241,0.0048,0.406,0.000,0
15.40,Marianne,AUIT_Multi,CAB,0.499,1.725,0.957,310.3,5.9,0.188,1.687,1.155,0.186,1.726,1.551,World,Quad,7.7,22.8,0.371,0.672,0,0,None,None,1,1,0,0,0.3446,0.0107,0.398,0.000,0
15.51,Marianne,AUIT_Multi,CAB,0.505,1.721,0.975,310.0,7.6,0.222,1.682,1.168,0.187,1.724,1.550,World,Quad,5.9,22.4,0.345,0.657,0,0,None,None,1,1,0,0,0.3261,0.0278,0.386,0.000,0
15.61,Marianne,AUIT_Multi,CAB,0.517,1.718,0.984,311.0,8.6,0.252,1.677,1.183,0.188,1.720,1.548,World,Quad,4.3,20.6,0.333,0.653,0,0,None,None,1,1,0,0,0.3547,0.0373,0.373,0.000,0
15.71,Marianne,AUIT_Multi,CAB,0.532,1.718,0.988,313.3,8.7,0.211,1.681,1.216,0.189,1.718,1.546,World,Quad,8.5,17.4,0.396,0.655,0,0,None,None,1,1,0,0,0.5444,0.0356,0.332,0.000,0
15.80,Marianne,AUIT_Multi,CAB,0.551,1.718,0.986,317.9,8.6,0.188,1.711,1.186,0.194,1.718,1.584,World,CabinetD06Door,20.6,14.2,0.415,0.697,0,0,None,None,1,1,0,0,0.5031,0.3996,0.399,0.000,0
15.90,Marianne,AUIT_Multi,CAB,0.574,1.717,0.975,324.7,9.0,0.215,1.717,1.170,0.308,1.717,1.634,World,CabinetD06Door,27.6,16.0,0.409,0.711,0,0,None,None,0,1,0,0,0.3261,1.2812,0.473,0.000,0
16.01,Marianne,AUIT_Multi,CAB,0.601,1.716,0.953,333.3,8.8,0.248,1.717,1.180,0.473,1.717,1.643,World,CabinetD06,31.7,18.4,0.419,0.702,0,0,None,None,0,1,0,0,0.3118,1.4870,0.515,0.000,0
16.11,Marianne,AUIT_Multi,CAB,0.621,1.715,0.927,340.8,9.3,0.281,1.716,1.213,0.591,1.716,1.715,World,CabinetD06,32.0,19.3,0.444,0.788,0,0,None,None,0,1,0,0,0.4790,1.4171,0.590,0.000,0
16.21,Marianne,AUIT_Multi,CAB,0.636,1.713,0.901,347.3,9.6,0.297,1.715,1.269,0.703,1.715,1.655,World,CabinetD06,31.5,20.2,0.500,0.757,0,0,None,None,0,1,0,0,0.5943,1.3050,0.560,0.000,0
16.30,Marianne,AUIT_Multi,CAB,0.649,1.709,0.877,354.1,10.3,0.312,1.712,1.335,0.810,1.712,1.644,World,CabinetD06,32.1,20.6,0.568,0.784,0,0,None,None,0,1,0,0,0.6957,1.1153,0.587,0.000,0
16.40,Marianne,AUIT_Multi,CAB,0.661,1.707,0.854,0.8,11.1,0.337,1.709,1.420,0.927,1.709,1.637,World,CabinetD05,32.4,21.1,0.652,0.827,0,0,None,None,0,1,0,1,0.9148,1.1996,0.628,0.000,0
16.51,Marianne,AUIT_Multi,CAB,0.675,1.708,0.831,6.4,11.0,0.408,1.707,1.452,0.981,1.707,1.481,World,CabinetD05,31.4,21.7,0.676,0.718,0,0,None,None,0,1,0,0,0.7033,1.4937,0.574,0.000,0
16.61,Marianne,AUIT_Multi,CAB,0.689,1.710,0.816,9.4,10.4,0.471,1.708,1.445,0.987,1.708,1.342,World,CabinetD05,30.1,22.6,0.666,0.605,0,0,None,None,0,1,0,0,0.6469,1.4256,0.527,0.000,0
16.71,Marianne,AUIT_Multi,CAB,0.704,1.711,0.804,11.1,10.0,0.516,1.710,1.440,1.001,1.710,1.270,World,CabinetD05,29.2,23.4,0.664,0.552,0,0,None,None,0,1,0,0,0.4636,0.7570,0.514,0.000,0
16.80,Marianne,AUIT_Multi,CAB,0.722,1.713,0.798,12.5,9.1,0.550,1.711,1.438,0.997,1.707,1.276,World,CabinetD05,28.7,19.3,0.662,0.552,0,0,None,None,0,1,0,0,0.3605,0.0835,0.475,0.000,0
16.90,Marianne,AUIT_Multi,CAB,0.742,1.714,0.797,13.5,8.2,0.582,1.713,1.439,0.972,1.701,1.308,World,CabinetD05,28.6,12.7,0.661,0.560,0,0,None,None,0,1,0,0,0.3300,0.4132,0.412,0.000,0
17.01,Marianne,AUIT_Multi,CAB,0.767,1.715,0.803,14.2,7.1,0.619,1.714,1.438,1.040,1.702,1.346,World,CabinetD05,28.1,13.8,0.652,0.608,0,0,None,None,0,1,0,0,0.3274,0.7029,0.432,0.000,0
17.11,Marianne,AUIT_Multi,CAB,0.791,1.717,0.814,14.3,6.3,0.649,1.715,1.438,1.182,1.713,1.341,World,CabinetD05,27.8,23.0,0.640,0.656,0,0,None,None,0,1,0,0,0.3105,1.4633,0.542,0.000,0
17.21,Marianne,AUIT_Multi,CAB,0.814,1.716,0.826,13.5,5.9,0.673,1.716,1.440,1.216,1.716,1.339,World,CabinetD05,27.0,25.3,0.630,0.652,0,0,None,None,0,0,0,0,0.2511,0.3500,0.552,0.000,0
17.30,Marianne,AUIT_Multi,CAB,0.835,1.714,0.839,12.1,5.9,0.688,1.716,1.444,1.219,1.716,1.338,World,CabinetD05,26.4,26.1,0.622,0.630,0,0,None,None,0,0,0,0,0.1549,0.0288,0.541,0.000,0
17.40,Marianne,AUIT_Multi,CAB,0.853,1.711,0.853,10.3,6.4,0.695,1.714,1.448,1.209,1.714,1.337,World,CabinetD05,26.0,26.8,0.615,0.602,0,0,None,None,0,0,0,0,0.0837,0.0979,0.526,0.000,0
17.51,Marianne,AUIT_Multi,CAB,0.870,1.709,0.869,8.4,6.6,0.695,1.711,1.452,1.192,1.711,1.337,World,CabinetD05,25.9,26.9,0.609,0.568,0,0,None,None,0,0,0,0,0.0512,0.1596,0.510,0.000,0
17.61,Marianne,AUIT_Multi,CAB,0.882,1.708,0.883,6.9,6.3,0.695,1.709,1.457,1.179,1.709,1.339,World,CabinetD05,25.7,26.9,0.603,0.544,0,0,None,None,0,0,0,0,0.0473,0.1371,0.498,0.000,0
17.71,Marianne,AUIT_Multi,CAB,0.891,1.709,0.898,5.0,5.7,0.692,1.709,1.461,1.129,1.709,1.282,World,CabinetD05,25.0,27.4,0.597,0.452,0,0,None,None,0,0,0,0,0.0578,0.7747,0.472,0.000,0
17.80,Marianne,AUIT_Multi,CAB,0.897,1.709,0.912,3.2,5.6,0.682,1.709,1.466,1.092,1.709,1.250,World,CabinetD05,25.0,27.3,0.594,0.391,0,0,None,None,1,0,0,0,0.1092,0.5008,0.463,0.000,0
17.90,Marianne,AUIT_Multi,CAB,0.903,1.708,0.923,2.3,6.0,0.674,1.709,1.470,1.076,1.709,1.245,World,CabinetD05,25.6,26.6,0.593,0.366,0,0,None,None,0,0,0,0,0.0915,0.1746,0.460,0.000,0
18.01,Marianne,AUIT_Multi,CAB,0.909,1.707,0.932,2.5,6.5,0.676,1.708,1.473,1.070,1.708,1.245,World,CabinetD05,26.6,25.6,0.589,0.352,0,0,None,None,0,0,0,0,0.0330,0.0530,0.456,0.000,0
18.11,Marianne,AUIT_Multi,CAB,0.914,1.705,0.938,3.7,6.8,0.688,1.706,1.475,1.074,1.706,1.246,World,CabinetD05,27.4,24.8,0.583,0.347,0,0,None,None,0,1,0,0,0.1258,0.0469,0.450,0.000,0
18.21,Marianne,AUIT_Multi,CAB,0.919,1.703,0.943,4.8,7.4,0.707,1.705,1.476,1.085,1.705,1.247,World,CabinetD05,27.5,24.9,0.574,0.346,0,0,None,None,0,1,0,0,0.1957,0.1062,0.442,0.000,0
18.30,Marianne,AUIT_Multi,CAB,0.922,1.702,0.948,5.3,8.0,0.723,1.703,1.477,1.094,1.703,1.249,World,CabinetD05,27.1,25.7,0.566,0.347,0,0,None,None,0,0,0,0,0.1653,0.0989,0.436,0.000,0
18.40,Marianne,AUIT_Multi,CAB,0.923,1.702,0.952,5.3,8.3,0.731,1.702,1.478,1.097,1.702,1.250,World,CabinetD05,26.7,26.3,0.560,0.345,0,0,None,None,0,0,0,0,0.0862,0.0420,0.432,0.000,0
18.51,Marianne,AUIT_Multi,CAB,0.923,1.701,0.957,4.9,8.6,0.733,1.701,1.480,1.095,1.701,1.249,World,CabinetD05,26.3,26.8,0.556,0.339,0,0,None,None,0,0,0,0,0.0267,0.0214,0.429,0.000,0
18.61,Marianne,AUIT_Multi,CAB,0.924,1.700,0.960,4.7,9.0,0.732,1.701,1.481,1.091,1.701,1.248,World,CabinetD05,26.4,26.9,0.554,0.333,0,0,None,None,0,0,0,0,0.0176,0.0452,0.427,0.000,0
18.71,Marianne,AUIT_Multi,CAB,0.923,1.699,0.962,4.8,9.2,0.732,1.700,1.482,1.088,1.700,1.248,World,CabinetD05,26.6,26.7,0.554,0.330,0,0,None,None,0,0,0,0,0.0142,0.0309,0.426,0.000,0
18.80,Marianne,AUIT_Multi,CAB,0.923,1.699,0.962,5.0,9.2,0.733,1.699,1.482,1.088,1.699,1.248,World,CabinetD05,26.6,26.5,0.554,0.330,0,0,None,None,0,0,0,0,0.0129,0.0066,0.425,0.000,0
18.90,Marianne,AUIT_Multi,CAB,0.922,1.700,0.960,5.1,9.0,0.733,1.699,1.482,1.088,1.699,1.248,World,CabinetD05,26.5,26.3,0.555,0.333,0,0,None,None,0,0,0,0,0.0058,0.0039,0.425,0.000,0
19.01,Marianne,AUIT_Multi,CAB,0.921,1.700,0.956,5.3,8.8,0.734,1.700,1.481,1.090,1.700,1.248,World,CabinetD05,26.4,26.2,0.557,0.337,0,0,None,None,0,0,0,0,0.0090,0.0175,0.426,0.000,0
19.11,Marianne,AUIT_Multi,CAB,0.918,1.701,0.953,5.2,8.6,0.733,1.700,1.480,1.091,1.700,1.248,World,CabinetD05,25.9,26.4,0.559,0.342,0,0,None,None,0,0,0,0,0.0118,0.0077,0.426,0.000,0
19.21,Marianne,AUIT_Multi,CAB,0.915,1.702,0.948,4.8,8.4,0.727,1.701,1.479,1.089,1.701,1.248,World,CabinetD05,25.5,26.6,0.563,0.347,0,0,None,None,0,0,0,0,0.0600,0.0175,0.429,0.000,0
19.30,Marianne,AUIT_Multi,CAB,0.911,1.703,0.943,4.3,8.1,0.718,1.702,1.478,1.085,1.702,1.247,World,CabinetD05,25.3,26.6,0.569,0.351,0,0,None,None,0,0,0,0,0.0964,0.0421,0.434,0.000,0
19.40,Marianne,AUIT_Multi,CAB,0.907,1.705,0.937,4.0,7.8,0.708,1.704,1.477,1.081,1.704,1.247,World,CabinetD05,25.3,26.4,0.576,0.356,0,0,None,None,0,0,0,0,0.1040,0.0435,0.438,0.000,0
19.51,Marianne,AUIT_Multi,CAB,0.902,1.707,0.928,3.9,7.3,0.699,1.705,1.475,1.079,1.705,1.246,World,CabinetD05,25.3,26.0,0.583,0.364,0,0,None,None,0,0,0,0,0.0894,0.0294,0.443,0.000,0
19.61,Marianne,AUIT_Multi,CAB,0.896,1.709,0.919,3.7,6.7,0.691,1.707,1.473,1.077,1.707,1.246,World,CabinetD05,24.9,26.0,0.590,0.373,0,0,None,None,1,0,0,0,0.0866,0.0272,0.448,0.000,0
19.71,Marianne,AUIT_Multi,CAB,0.888,1.711,0.908,3.3,6.0,0.679,1.709,1.470,1.074,1.709,1.246,World,CabinetD05,24.3,26.2,0.600,0.386,0,0,None,None,1,0,0,0,0.1195,0.0344,0.454,0.000,0
19.80,Marianne,AUIT_Multi,CAB,0.879,1.713,0.894,2.3,4.8,0.661,1.711,1.469,1.068,1.711,1.245,World,CabinetD05,23.5,26.4,0.614,0.398,0,0,None,None,1,0,0,0,0.1903,0.0689,0.464,0.000,0
19.90,Marianne,AUIT_Multi,CAB,0.868,1.714,0.879,1.4,3.7,0.635,1.713,1.469,1.058,1.713,1.244,World,CabinetD05,23.3,26.3,0.634,0.412,0,0,None,None,1,0,0,0,0.2660,0.1019,0.479,0.000,0
20.01,Marianne,AUIT_Multi,CAB,0.856,1.715,0.861,1.0,3.2,0.608,1.715,1.463,1.048,1.715,1.243,World,CabinetD05,23.6,25.8,0.651,0.427,0,0,None,None,1,0,0,0,0.2495,0.0952,0.492,0.000,0
20.11,Marianne,AUIT_Multi,CAB,0.844,1.715,0.846,1.0,3.3,0.590,1.715,1.457,1.042,1.715,1.242,World,CabinetD05,23.8,25.7,0.661,0.442,0,0,None,None,1,0,0,0,0.1996,0.0642,0.500,0.000,0
20.21,Marianne,AUIT_Multi,CAB,0.831,1.715,0.833,1.0,3.0,0.573,1.715,1.452,1.036,1.715,1.242,World,CabinetD05,23.8,25.8,0.671,0.458,0,0,None,None,1,0,0,0,0.1813,0.0553,0.509,0.000,0
20.30,Marianne,AUIT_Multi,CAB,0.815,1.714,0.821,0.8,3.4,0.554,1.715,1.448,1.029,1.715,1.243,World,CabinetD05,23.6,26.3,0.680,0.473,0,0,None,None,1,0,0,0,0.1967,0.0745,0.518,0.000,0
20.40,Marianne,AUIT_Multi,CAB,0.796,1.712,0.810,0.0,4.1,0.530,1.714,1.445,1.019,1.714,1.248,World,CabinetD05,23.1,27.2,0.689,0.492,0,0,None,None,1,0,0,0,0.2533,0.1231,0.527,0.000,0
20.51,Marianne,AUIT_Multi,CAB,0.773,1.709,0.799,358.6,4.6,0.490,1.712,1.442,1.007,1.712,1.279,World,CabinetD05,22.8,27.8,0.702,0.534,0,0,None,None,1,0,0,0,0.3588,0.2942,0.542,0.000,0
20.61,Marianne,AUIT_Multi,CAB,0.750,1.705,0.794,356.7,5.8,0.448,1.709,1.441,1.004,1.709,1.343,World,CabinetD05,22.5,28.8,0.714,0.605,0,0,None,None,1,0,0,0,0.4292,0.6633,0.565,0.000,0
20.71,Marianne,AUIT_Multi,CAB,0.726,1.704,0.792,353.4,7.3,0.410,1.705,1.408,1.004,1.705,1.462,World,Wall4m,21.8,30.0,0.692,0.726,0,0,None,None,1,0,0,0,0.5160,1.2216,0.596,0.000,0
20.80,Marianne,AUIT_Multi,CAB,0.700,1.705,0.793,349.6,8.2,0.389,1.705,1.329,0.982,1.705,1.600,World,CabinetD06,21.4,30.6,0.620,0.854,0,0,None,None,1,0,0,0,0.8489,1.4384,0.653,0.000,0
20.90,Marianne,AUIT_Multi,CAB,0.675,1.706,0.799,345.4,8.9,0.361,1.705,1.261,0.908,1.705,1.633,World,CabinetD06,21.4,31.4,0.559,0.866,0,0,None,None,1,0,0,0,0.7487,0.8340,0.661,0.000,0
21.01,Marianne,AUIT_Multi,CAB,0.650,1.706,0.811,340.5,9.3,0.320,1.706,1.209,0.806,1.706,1.637,World,CabinetD06,22.0,31.6,0.516,0.840,0,0,None,None,1,0,0,0,0.5969,0.9138,0.647,0.000,0
21.11,Marianne,AUIT_Multi,CAB,0.631,1.704,0.826,336.1,9.6,0.280,1.706,1.181,0.720,1.706,1.637,World,CabinetD06,22.9,31.5,0.500,0.816,0,0,None,None,1,0,0,0,0.5041,0.8875,0.634,0.000,0
21.21,Marianne,AUIT_Multi,CAB,0.615,1.704,0.846,332.6,9.3,0.242,1.704,1.164,0.640,1.704,1.706,World,CabinetD06,24.0,30.4,0.490,0.861,0,0,None,None,1,0,0,0,0.4267,1.0863,0.673,0.000,0
21.30,Marianne,AUIT_Multi,CAB,0.601,1.707,0.871,330.1,8.3,0.220,1.705,1.152,0.578,1.705,1.698,World,CabinetD06Door,24.9,29.3,0.474,0.828,0,0,None,None,1,0,0,0,0.2600,0.6437,0.653,0.000,0
21.40,Marianne,AUIT_Multi,CAB,0.590,1.710,0.897,327.7,7.2,0.207,1.707,1.148,0.521,1.704,1.587,World,CabinetD06Door,25.3,27.4,0.458,0.693,0,0,None,None,0,0,0,0,0.1386,1.2881,0.539,0.000,0
21.51,Marianne,AUIT_Multi,CAB,0.577,1.714,0.927,325.0,6.5,0.201,1.711,1.149,0.442,1.700,1.396,World,CabinetD06Door,25.1,19.5,0.437,0.489,0,0,None,None,0,1,0,0,0.0686,1.8533,0.346,0.000,0
21.61,Marianne,AUIT_Multi,CAB,0.567,1.717,0.951,322.9,5.4,0.195,1.714,1.152,0.376,1.696,1.230,World,CabinetD06Door,25.0,3.3,0.422,0.338,0,0,None,None,1,1,0,0,0.0745,1.8426,0.198,0.000,0
21.71,Marianne,AUIT_Multi,CAB,0.556,1.715,0.975,320.1,4.8,0.188,1.716,1.156,0.390,1.712,1.571,World,CabinetD06Door,24.5,24.7,0.410,0.619,0,0,None,None,1,1,0,0,0.0784,3.5214,0.462,0.000,0
21.80,Marianne,AUIT_Multi,CAB,0.549,1.714,0.995,318.0,5.3,0.170,1.715,1.159,0.370,1.715,1.637,World,CabinetD06Door,25.1,27.0,0.413,0.667,0,0,None,None,0,0,0,0,0.1955,0.7081,0.519,0.000,0
21.90,Marianne,AUIT_Multi,CAB,0.544,1.715,1.009,316.4,5.2,0.161,1.715,1.159,0.347,1.715,1.646,World,CabinetD06Door,25.4,26.8,0.412,0.667,0,0,None,None,0,0,0,0,0.0866,0.2579,0.521,0.000,0
22.01,Marianne,AUIT_Multi,CAB,0.545,1.716,1.017,316.2,5.1,0.163,1.715,1.160,0.330,1.715,1.647,World,CabinetD06Door,26.1,25.5,0.408,0.666,0,0,None,None,0,0,0,0,0.0159,0.1494,0.515,0.000,0
22.11,Marianne,AUIT_Multi,CAB,0.549,1.715,1.016,317.9,5.3,0.179,1.715,1.161,0.336,1.715,1.647,World,CabinetD06Door,26.9,24.1,0.398,0.667,0,0,None,None,0,1,0,0,0.1699,0.0635,0.511,0.000,0
22.21,Marianne,AUIT_Multi,CAB,0.557,1.715,1.008,320.2,5.3,0.199,1.715,1.165,0.360,1.715,1.647,World,CabinetD06Door,27.0,23.3,0.390,0.668,0,0,None,None,0,1,0,0,0.2042,0.2406,0.508,0.000,0
22.30,Marianne,AUIT_Multi,CAB,0.566,1.715,0.995,323.2,5.3,0.216,1.715,1.170,0.394,1.715,1.646,World,CabinetD06Door,27.1,22.6,0.391,0.673,0,0,None,None,0,1,0,0,0.1874,0.3500,0.508,0.000,0
22.40,Marianne,AUIT_Multi,CAB,0.578,1.716,0.976,326.7,4.9,0.232,1.715,1.176,0.437,1.715,1.644,World,CabinetD06Door,27.0,21.9,0.399,0.683,0,0,None,None,0,1,0,0,0.1759,0.4419,0.511,0.000,0
22.51,Marianne,AUIT_Multi,CAB,0.594,1.717,0.948,331.0,4.4,0.249,1.716,1.183,0.495,1.716,1.643,World,CabinetD06,27.1,21.3,0.417,0.702,0,0,None,None,0,1,0,0,0.1625,0.5226,0.522,0.000,0
22.61,Marianne,AUIT_Multi,CAB,0.608,1.716,0.920,335.3,4.4,0.263,1.717,1.192,0.551,1.717,1.763,World,CabinetD06,27.4,21.3,0.438,0.845,0,0,None,None,0,1,0,1,0.1721,1.3646,0.640,0.000,0
22.71,Marianne,AUIT_Multi,CAB,0.621,1.713,0.890,339.4,4.6,0.276,1.716,1.204,0.618,1.716,1.714,World,CabinetD06,27.5,20.9,0.467,0.824,0,0,None,None,0,1,0,1,0.1853,0.8467,0.614,0.000,0
22.81,Marianne,AUIT_Multi,CAB,0.635,1.710,0.860,343.8,5.1,0.288,1.713,1.222,0.688,1.713,1.651,World,CabinetD06,28.1,20.7,0.502,0.793,0,0,None,None,0,1,0,0,0.2194,0.9758,0.587,0.000,0
22.90,Marianne,AUIT_Multi,CAB,0.648,1.708,0.831,348.7,5.8,0.304,1.710,1.246,0.767,1.710,1.641,World,CabinetD06,28.9,20.5,0.538,0.819,0,0,None,None,0,1,0,1,0.3017,0.8227,0.609,0.000,0
23.01,Marianne,AUIT_Multi,CAB,0.659,1.707,0.804,353.5,6.7,0.326,1.708,1.286,0.866,1.708,1.640,World,CabinetD06,28.9,21.4,0.585,0.861,0,0,None,None,0,1,0,1,0.4096,0.8849,0.645,0.000,0
23.11,Marianne,AUIT_Multi,CAB,0.666,1.708,0.786,357.1,7.5,0.344,1.708,1.326,0.945,1.708,1.639,World,Wall4m,28.9,22.2,0.630,0.898,0,0,None,None,0,1,0,1,0.4548,0.8208,0.678,0.000,0
23.21,Marianne,AUIT_Multi,CAB,0.675,1.708,0.772,0.1,8.1,0.361,1.708,1.372,0.984,1.708,1.557,World,CabinetD05,28.8,22.8,0.677,0.843,0,0,None,None,0,1,0,1,0.4987,0.9371,0.649,0.000,0
23.31,Marianne,AUIT_Multi,CAB,0.684,1.709,0.763,2.4,8.1,0.380,1.708,1.417,0.990,1.708,1.441,World,CabinetD05,28.5,23.3,0.721,0.743,0,0,None,None,0,1,0,0,0.5010,1.1949,0.611,0.000,0
23.40,Marianne,AUIT_Multi,CAB,0.693,1.710,0.760,4.0,7.3,0.409,1.709,1.429,0.992,1.709,1.356,World,CabinetD05,27.9,23.7,0.727,0.666,0,0,None,None,0,1,0,0,0.3270,0.8706,0.587,0.000,0
23.50,Marianne,AUIT_Multi,CAB,0.703,1.713,0.766,5.4,6.0,0.439,1.711,1.428,0.993,1.711,1.301,World,CabinetD05,27.7,23.7,0.714,0.609,0,0,None,None,0,1,0,0,0.3092,0.5658,0.568,0.000,0
23.61,Marianne,AUIT_Multi,CAB,0.716,1.714,0.778,6.5,5.0,0.473,1.713,1.430,0.999,1.713,1.264,World,CabinetD05,27.4,24.2,0.695,0.563,0,0,None,None,0,1,0,0,0.3113,0.3350,0.551,0.000,0
23.71,Marianne,AUIT_Multi,CAB,0.728,1.713,0.794,6.8,4.6,0.498,1.714,1.433,1.006,1.714,1.253,World,CabinetD05,26.9,24.9,0.679,0.537,0,0,None,None,0,1,0,0,0.2598,0.1379,0.539,0.000,0
23.81,Marianne,AUIT_Multi,CAB,0.741,1.712,0.814,6.2,4.5,0.516,1.713,1.437,1.008,1.713,1.251,World,CabinetD05,26.4,25.6,0.663,0.513,0,0,None,None,0,0,0,0,0.1819,0.0298,0.527,0.000,0
23.90,Marianne,AUIT_Multi,CAB,0.754,1.711,0.836,5.6,4.5,0.528,1.712,1.443,1.007,1.712,1.254,World,CabinetD05,26.4,25.9,0.648,0.488,0,0,None,None,0,0,0,0,0.1401,0.0371,0.515,0.000,0
24.01,Marianne,AUIT_Multi,CAB,0.770,1.711,0.863,4.9,4.9,0.542,1.711,1.450,0.923,1.711,1.322,World,CabinetD05,26.5,14.4,0.630,0.484,0,0,None,None,0,1,0,0,0.1406,0.9705,0.402,0.000,0
24.11,Marianne,AUIT_Multi,CAB,0.782,1.711,0.888,4.1,5.1,0.553,1.711,1.457,0.829,1.709,1.397,World,CabinetD05,26.4,5.1,0.613,0.512,0,0,None,None,0,1,0,0,0.1375,1.2332,0.282,0.000,0
24.21,Marianne,AUIT_Multi,CAB,0.791,1.710,0.911,2.8,6.2,0.561,1.711,1.464,0.879,1.709,1.371,World,CabinetD05,26.1,10.1,0.599,0.469,0,0,None,None,0,1,0,0,0.1032,0.5796,0.332,0.000,0
24.31,Marianne,AUIT_Multi,CAB,0.799,1.709,0.931,1.6,7.2,0.562,1.710,1.470,0.983,1.709,1.327,World,CabinetD05,26.3,24.3,0.589,0.437,0,0,None,None,0,1,0,0,0.0707,1.1560,0.444,0.000,0
24.40,Marianne,AUIT_Multi,CAB,0.805,1.707,0.946,1.0,8.0,0.564,1.708,1.476,1.001,1.708,1.341,World,CabinetD05,26.6,26.7,0.582,0.441,0,0,None,None,0,0,0,0,0.0622,0.2366,0.457,0.000,0
24.51,Marianne,AUIT_Multi,CAB,0.809,1.705,0.958,0.5,8.9,0.567,1.706,1.480,1.004,1.706,1.359,World,CabinetD05,26.8,26.9,0.576,0.446,0,0,None,None,0,0,0,0,0.0527,0.1629,0.454,0.000,0
24.61,Marianne,AUIT_Multi,CAB,0.813,1.704,0.963,0.9,9.0,0.572,1.705,1.483,1.005,1.705,1.365,World,CabinetD05,27.2,26.2,0.574,0.445,0,0,None,None,0,0,0,0,0.0523,0.0621,0.449,0.000,0
24.71,Marianne,AUIT_Multi,CAB,0.816,1.704,0.964,2.0,8.9,0.582,1.704,1.485,1.004,1.704,1.352,World,CabinetD05,27.6,25.4,0.571,0.431,0,0,None,None,0,0,0,0,0.1094,0.1284,0.443,0.000,0
24.81,Marianne,AUIT_Multi,CAB,0.818,1.705,0.965,3.2,8.7,0.597,1.704,1.487,1.004,1.704,1.329,World,CabinetD05,27.5,25.1,0.567,0.409,0,0,None,None,0,0,0,0,0.1505,0.2391,0.437,0.000,0
24.90,Marianne,AUIT_Multi,CAB,0.819,1.705,0.963,4.3,8.5,0.610,1.704,1.489,1.003,1.704,1.307,World,CabinetD05,27.3,25.2,0.566,0.390,0,0,None,None,0,0,0,0,0.1363,0.2234,0.433,0.000,0
25.01,Marianne,AUIT_Multi,CAB,0.820,1.705,0.961,5.9,8.1,0.625,1.705,1.487,1.002,1.705,1.284,World,CabinetD05,27.4,24.8,0.560,0.370,0,0,None,None,0,1,0,0,0.1426,0.2099,0.428,0.000,0
25.11,Marianne,AUIT_Multi,CAB,0.819,1.705,0.962,7.3,8.0,0.641,1.705,1.483,1.004,1.705,1.269,World,CabinetD05,27.2,25.2,0.551,0.359,0,0,None,None,0,0,0,0,0.1614,0.1587,0.422,0.000,0
25.21,Marianne,AUIT_Multi,CAB,0.814,1.704,0.965,8.2,8.2,0.652,1.705,1.482,1.007,1.705,1.262,World,CabinetD05,26.8,26.0,0.542,0.354,0,0,None,None,0,0,0,0,0.1212,0.0750,0.418,0.000,0
25.31,Marianne,AUIT_Multi,CAB,0.807,1.704,0.968,8.5,8.4,0.657,1.704,1.482,1.007,1.704,1.261,World,CabinetD05,26.1,27.0,0.536,0.355,0,0,None,None,0,0,0,0,0.0477,0.0085,0.414,0.000,0
25.40,Marianne,AUIT_Multi,CAB,0.796,1.704,0.970,8.5,8.4,0.653,1.704,1.483,1.003,1.704,1.267,World,CabinetD05,25.4,27.6,0.533,0.362,0,0,None,None,0,0,0,0,0.0463,0.0677,0.412,0.000,0
25.50,Marianne,AUIT_Multi,CAB,0.780,1.705,0.973,7.5,7.8,0.640,1.704,1.486,0.999,1.704,1.283,World,CabinetD05,24.0,28.7,0.532,0.380,0,0,None,None,1,0,0,0,0.1357,0.1703,0.413,0.000,0
25.61,Marianne,AUIT_Multi,CAB,0.752,1.706,0.978,3.7,7.3,0.602,1.705,1.488,1.000,1.705,1.343,World,CabinetD05,21.3,31.2,0.531,0.441,0,0,None,None,1,0,0,0,0.3375,0.5466,0.423,0.000,0
25.71,Marianne,AUIT_Multi,CAB,0.721,1.705,0.984,359.3,7.6,0.543,1.706,1.488,1.001,1.706,1.461,World,CabinetD05,20.3,32.0,0.534,0.552,0,0,None,None,1,0,0,0,0.6130,1.2051,0.460,0.000,0
25.81,Marianne,AUIT_Multi,CAB,0.689,1.704,0.991,355.0,8.0,0.469,1.705,1.491,0.987,1.705,1.601,World,Wall4m,20.4,32.0,0.547,0.679,0,0,None,None,1,0,0,0,0.7600,1.4534,0.530,0.000,0
25.90,Marianne,AUIT_Multi,CAB,0.657,1.704,0.996,350.6,8.6,0.391,1.704,1.491,0.915,1.704,1.640,World,CabinetD06,20.7,32.3,0.561,0.694,0,0,None,None,1,0,0,0,0.7974,0.8400,0.545,0.000,0
26.00,Marianne,AUIT_Multi,CAB,0.625,1.706,1.002,346.9,7.9,0.353,1.704,1.433,0.831,1.704,1.644,World,CabinetD06,20.6,31.8,0.509,0.674,0,0,None,None,1,0,0,0,0.7079,0.8631,0.523,0.000,0
26.11,Marianne,AUIT_Multi,CAB,0.590,1.708,1.011,342.9,8.0,0.327,1.707,1.365,0.742,1.707,1.645,World,CabinetD06,20.9,31.5,0.441,0.652,0,0,None,None,1,0,0,0,0.6563,0.8004,0.501,0.000,0
26.21,Marianne,AUIT_Multi,CAB,0.561,1.707,1.018,339.8,8.3,0.307,1.708,1.320,0.672,1.708,1.645,World,CabinetD06,21.4,31.3,0.394,0.637,0,0,None,None,1,0,0,0,0.5092,0.7221,0.489,0.000,0
26.31,Marianne,AUIT_Multi,CAB,0.535,1.707,1.025,336.4,8.3,0.290,1.707,1.283,0.616,1.707,1.842,World,CabinetD06,21.6,30.4,0.355,0.821,0,0,None,None,1,0,0,0,0.4219,2.1000,0.648,0.000,0
26.40,Marianne,AUIT_Multi,CAB,0.512,1.707,1.032,333.6,8.3,0.271,1.707,1.256,0.549,1.707,1.714,World,CabinetD06,22.3,30.6,0.329,0.683,0,0,None,None,1,0,0,0,0.3416,1.4916,0.536,0.000,0
26.50,Marianne,AUIT_Multi,CAB,0.494,1.708,1.038,331.7,7.9,0.255,1.707,1.236,0.495,1.707,1.654,World,CabinetD06Door,23.3,29.4,0.310,0.616,0,0,None,None,1,0,0,0,0.2558,0.8210,0.482,0.000,0
26.61,Marianne,AUIT_Multi,CAB,0.478,1.708,1.045,330.6,7.5,0.243,1.708,1.224,0.432,1.700,1.595,World,CabinetD06Door,24.5,25.4,0.295,0.552,0,0,None,None,1,0,0,0,0.1572,0.7808,0.417,0.000,0
26.71,Marianne,AUIT_Multi,CAB,0.468,1.708,1.051,330.1,7.3,0.240,1.708,1.223,0.376,1.694,1.545,World,CabinetD06Door,24.1,20.1,0.285,0.502,0,0,None,None,1,1,0,0,0.0264,0.7855,0.349,0.000,0
26.81,Marianne,AUIT_Multi,CAB,0.460,1.708,1.057,330.3,7.4,0.238,1.708,1.225,0.375,1.701,1.596,World,CabinetD06Door,24.4,21.7,0.278,0.546,0,0,None,None,1,1,0,0,0.0258,0.5387,0.396,0.000,0
26.90,Marianne,AUIT_Multi,CAB,0.456,1.706,1.062,331.3,7.6,0.237,1.707,1.226,0.396,1.706,1.640,World,CabinetD06Door,25.7,23.9,0.274,0.581,0,0,None,None,0,1,0,0,0.0217,0.4980,0.444,0.000,0
27.01,Marianne,AUIT_Multi,CAB,0.456,1.705,1.066,333.1,7.5,0.237,1.706,1.228,0.419,1.706,1.646,World,CabinetD06Door,27.6,24.4,0.272,0.581,0,0,None,None,0,1,0,0,0.0243,0.2162,0.456,0.000,0
27.11,Marianne,AUIT_Multi,CAB,0.459,1.705,1.067,336.1,7.7,0.244,1.705,1.236,0.441,1.705,1.646,World,CabinetD06,28.9,23.5,0.273,0.580,0,0,None,None,0,1,0,0,0.1043,0.2309,0.455,0.000,0
27.21,Marianne,AUIT_Multi,CAB,0.463,1.704,1.066,339.9,7.8,0.251,1.705,1.252,0.475,1.705,1.646,World,CabinetD06,29.7,22.6,0.282,0.580,0,0,None,None,0,1,0,0,0.1794,0.3497,0.454,0.000,0
27.31,Marianne,AUIT_Multi,CAB,0.470,1.703,1.064,344.8,7.7,0.255,1.704,1.279,0.527,1.704,1.694,World,CabinetD06,30.7,21.8,0.304,0.633,0,0,None,None,0,1,0,0,0.2845,0.7246,0.496,0.000,0
27.40,Marianne,AUIT_Multi,CAB,0.479,1.704,1.061,350.1,8.0,0.258,1.703,1.323,0.589,1.703,1.705,World,CabinetD06,31.1,21.1,0.342,0.654,0,0,None,None,0,1,0,0,0.4532,0.6421,0.505,0.000,0
27.51,Marianne,AUIT_Multi,CAB,0.490,1.707,1.057,355.8,7.3,0.270,1.705,1.379,0.655,1.705,1.656,World,CabinetD06,30.8,20.9,0.390,0.622,0,0,None,None,0,1,0,0,0.5180,0.7461,0.474,0.000,0
27.61,Marianne,AUIT_Multi,CAB,0.502,1.708,1.053,0.8,6.5,0.284,1.707,1.439,0.724,1.707,1.651,World,CabinetD06,30.9,20.5,0.443,0.638,0,0,None,None,0,1,0,0,0.6312,0.7099,0.489,0.000,0
27.71,Marianne,AUIT_Multi,CAB,0.518,1.709,1.051,5.6,6.0,0.310,1.708,1.499,0.802,1.708,1.653,World,Wall4m,31.1,20.4,0.494,0.665,0,0,None,None,0,1,0,0,0.6755,0.8000,0.515,0.000,0
27.81,Marianne,AUIT_Multi,CAB,0.539,1.711,1.050,9.7,5.1,0.364,1.709,1.506,0.884,1.709,1.655,World,CabinetD05,31.1,20.5,0.488,0.696,0,0,None,None,0,1,0,0,0.5571,0.8436,0.541,0.000,0
27.90,Marianne,AUIT_Multi,CAB,0.563,1.714,1.049,13.7,3.4,0.421,1.712,1.504,0.957,1.712,1.639,World,CabinetD05,31.1,20.3,0.476,0.709,0,0,None,None,0,1,0,0,0.5908,0.7669,0.552,0.000,0
28.01,Marianne,AUIT_Multi,CAB,0.593,1.719,1.049,17.4,2.6,0.485,1.715,1.503,0.977,1.715,1.547,World,CabinetD05,30.8,20.4,0.466,0.629,0,0,None,None,0,1,0,0,0.5729,0.8459,0.494,0.000,0
28.11,Marianne,AUIT_Multi,CAB,0.620,1.721,1.049,20.1,1.6,0.513,1.717,1.495,0.898,1.712,1.505,World,CabinetD05,33.6,11.3,0.459,0.534,0,0,None,None,0,1,0,0,0.3036,0.9210,0.385,0.000,0
28.21,Marianne,AUIT_Multi,CAB,0.647,1.721,1.048,22.0,1.4,0.533,1.718,1.486,0.793,1.706,1.478,World,CabinetD05,36.6,3.4,0.452,0.454,0,0,None,None,0,1,0,0,0.2295,1.1215,0.260,0.000,0
28.31,Marianne,AUIT_Multi,CAB,0.671,1.719,1.048,22.9,1.6,0.552,1.718,1.475,0.750,1.704,1.435,World,CabinetD05,38.6,11.4,0.443,0.395,0,0,None,None,0,1,0,0,0.2218,0.6227,0.203,0.000,0
28.40,Marianne,AUIT_Multi,CAB,0.694,1.717,1.049,22.8,2.0,0.569,1.718,1.465,0.941,1.716,1.342,World,CabinetD05,39.6,17.5,0.434,0.383,0,0,None,None,0,1,0,0,0.1997,2.1839,0.392,0.000,0
28.51,Marianne,AUIT_Multi,CAB,0.718,1.713,1.052,22.1,2.4,0.587,1.718,1.454,0.979,1.716,1.311,World,CabinetD05,40.3,23.3,0.423,0.368,0,0,None,None,0,1,0,0,0.1896,0.4430,0.417,0.000,0
28.61,Marianne,AUIT_Multi,CAB,0.736,1.710,1.056,21.5,3.3,0.601,1.718,1.444,0.983,1.713,1.299,World,CabinetD05,40.9,24.3,0.411,0.347,0,0,None,None,0,1,0,0,0.1840,0.1339,0.408,0.000,0
28.71,Marianne,AUIT_Multi,CAB,0.752,1.706,1.060,20.8,4.4,0.616,1.718,1.434,0.985,1.709,1.292,World,CabinetD05,41.2,24.8,0.398,0.329,0,0,None,None,0,1,0,0,0.1789,0.0799,0.396,0.000,0
28.81,Marianne,AUIT_Multi,CAB,0.765,1.704,1.063,19.5,4.8,0.630,1.718,1.425,0.987,1.706,1.289,World,CabinetD05,40.5,25.4,0.386,0.317,0,0,None,None,0,0,0,0,0.1745,0.0498,0.382,0.000,0
28.90,Marianne,AUIT_Multi,CAB,0.775,1.704,1.064,18.1,5.3,0.643,1.718,1.415,0.988,1.704,1.291,World,CabinetD05,39.5,25.8,0.375,0.311,0,0,None,None,0,0,0,0,0.1643,0.0291,0.368,0.000,0
29.01,Marianne,AUIT_Multi,CAB,0.783,1.703,1.064,16.7,5.3,0.657,1.719,1.404,0.990,1.703,1.295,World,CabinetD05,37.7,25.8,0.363,0.310,0,0,None,None,0,0,0,0,0.1616,0.0399,0.351,0.000,0
29.11,Marianne,AUIT_Multi,CAB,0.784,1.704,1.062,14.4,4.3,0.693,1.708,1.491,0.991,1.703,1.301,World,CabinetD05,26.8,26.7,0.439,0.317,0,0,None,None,0,0,0,0,0.9804,0.0714,0.354,0.000,0
29.21,Marianne,AUIT_Multi,CAB,0.783,1.705,1.059,11.6,3.6,0.694,1.705,1.508,0.994,1.704,1.321,World,CabinetD05,23.2,27.4,0.457,0.336,0,0,None,None,1,0,0,0,0.1703,0.2020,0.353,0.000,0
29.30,Marianne,AUIT_Multi,CAB,0.782,1.706,1.057,9.5,3.0,0.675,1.705,1.506,0.996,1.705,1.347,World,CabinetD05,23.1,27.0,0.462,0.361,0,0,None,None,1,0,0,0,0.1928,0.2712,0.358,0.000,0
29.40,Marianne,AUIT_Multi,CAB,0.780,1.707,1.055,8.1,2.8,0.656,1.706,1.507,0.997,1.706,1.371,World,CabinetD05,23.5,26.6,0.469,0.384,0,0,None,None,1,0,0,0,0.1931,0.2445,0.367,0.000,0
29.51,Marianne,AUIT_Multi,CAB,0.776,1.707,1.053,6.8,2.9,0.638,1.707,1.509,0.998,1.707,1.395,World,CabinetD05,23.8,26.4,0.477,0.408,0,0,None,None,1,0,0,0,0.1669,0.2151,0.378,0.000,0
29.61,Marianne,AUIT_Multi,CAB,0.773,1.708,1.052,6.1,2.8,0.624,1.707,1.512,0.999,1.707,1.413,World,CabinetD05,24.1,26.1,0.484,0.426,0,0,None,None,1,0,0,0,0.1446,0.1915,0.387,0.000,0
29.71,Marianne,AUIT_Multi,CAB,0.768,1.708,1.051,5.6,2.6,0.614,1.708,1.513,0.999,1.708,1.429,World,CabinetD05,24.2,26.0,0.486,0.442,0,0,None,None,1,0,0,0,0.1056,0.1582,0.394,0.000,0
29.80,Marianne,AUIT_Multi,CAB,0.762,1.709,1.051,5.1,2.5,0.605,1.708,1.511,0.999,1.708,1.444,World,CabinetD05,24.1,26.1,0.486,0.458,0,0,None,None,1,0,0,0,0.0938,0.1565,0.399,0.000,0
29.90,Marianne,AUIT_Multi,CAB,0.755,1.709,1.052,4.7,2.6,0.595,1.709,1.509,0.999,1.709,1.462,World,CabinetD05,24.1,26.1,0.484,0.477,0,0,None,None,1,0,0,0,0.1000,0.1833,0.406,0.000,0
30.01,Marianne,AUIT_Multi,CAB,0.747,1.710,1.053,4.9,2.6,0.586,1.709,1.508,0.998,1.709,1.480,World,CabinetD05,24.5,25.7,0.482,0.496,0,0,None,None,1,0,0,0,0.0894,0.1661,0.414,0.000,0
30.11,Marianne,AUIT_Multi,CAB,0.738,1.711,1.055,5.3,2.7,0.580,1.710,1.508,0.998,1.710,1.490,World,CabinetD05,24.7,25.6,0.479,0.507,0,0,None,None,1,0,0,0,0.0566,0.1022,0.418,0.000,0
30.21,Marianne,AUIT_Multi,CAB,0.728,1.712,1.057,5.6,2.9,0.575,1.711,1.508,0.997,1.711,1.500,World,CabinetD05,24.5,25.8,0.476,0.517,0,0,None,None,1,0,0,0,0.0523,0.0986,0.422,0.000,0
30.31,Marianne,AUIT_Multi,CAB,0.719,1.713,1.060,5.9,3.0,0.569,1.712,1.508,0.996,1.712,1.511,World,CabinetD05,24.5,25.8,0.472,0.530,0,0,None,None,1,0,0,0,0.0628,0.1186,0.427,0.000,0
30.40,Marianne,AUIT_Multi,CAB,0.709,1.713,1.062,5.9,3.3,0.562,1.713,1.508,0.995,1.713,1.524,World,CabinetD05,24.3,26.1,0.470,0.544,0,0,None,None,1,0,0,0,0.0714,0.1380,0.433,0.000,0
30.51,Marianne,AUIT_Multi,CAB,0.698,1.713,1.064,5.3,3.9,0.551,1.713,1.509,0.995,1.713,1.547,World,CabinetD05,23.9,26.5,0.468,0.566,0,0,None,None,1,0,0,0,0.1016,0.2003,0.445,0.000,0
30.61,Marianne,AUIT_Multi,CAB,0.688,1.712,1.067,4.0,4.8,0.536,1.713,1.509,0.995,1.713,1.579,World,CabinetD05,23.4,27.4,0.468,0.598,0,0,None,None,1,0,0,0,0.1577,0.3360,0.464,0.000,0
30.71,Marianne,AUIT_Multi,CAB,0.677,1.710,1.069,2.1,5.5,0.514,1.711,1.511,0.993,1.711,1.628,World,CabinetD05,23.1,27.9,0.471,0.642,0,0,None,None,1,0,0,0,0.2283,0.4994,0.494,0.000,0
30.81,Marianne,AUIT_Multi,CAB,0.668,1.709,1.071,359.9,6.0,0.487,1.710,1.512,0.969,1.710,1.648,World,CabinetD05,23.1,28.2,0.477,0.651,0,0,None,None,1,0,0,0,0.2771,0.3267,0.501,0.000,0
30.90,Marianne,AUIT_Multi,CAB,0.660,1.709,1.073,357.6,6.3,0.458,1.709,1.514,0.933,1.709,1.651,World,Wall4m,23.1,28.4,0.484,0.639,0,0,None,None,1,0,0,0,0.3000,0.3706,0.495,0.000,0
31.01,Marianne,AUIT_Multi,CAB,0.653,1.709,1.077,355.8,6.3,0.426,1.709,1.516,0.894,1.709,1.650,World,Wall4m,24.0,27.6,0.494,0.622,0,0,None,None,1,0,0,0,0.2857,0.3535,0.487,0.000,0
31.11,Marianne,AUIT_Multi,CAB,0.650,1.709,1.079,355.4,6.2,0.408,1.709,1.517,0.872,1.709,1.650,World,Wall4m,24.9,26.6,0.499,0.613,0,0,None,None,1,0,0,0,0.1799,0.2231,0.483,0.000,0
31.21,Marianne,AUIT_Multi,CAB,0.648,1.710,1.081,355.3,5.9,0.401,1.709,1.518,0.862,1.709,1.650,World,Wall4m,25.5,25.9,0.502,0.608,0,0,None,None,0,0,0,0,0.0805,0.1054,0.480,0.000,0
31.31,Marianne,AUIT_Multi,CAB,0.647,1.710,1.083,355.9,5.9,0.401,1.710,1.518,0.860,1.710,1.650,World,Wall4m,26.0,25.4,0.500,0.606,0,0,None,None,0,0,0,0,0.0059,0.0156,0.479,0.000,0
31.40,Marianne,AUIT_Multi,CAB,0.647,1.709,1.085,356.3,6.4,0.405,1.710,1.518,0.864,1.710,1.651,World,Wall4m,26.2,25.5,0.497,0.606,0,0,None,None,0,0,0,0,0.0427,0.0328,0.478,0.000,0
31.51,Marianne,AUIT_Multi,CAB,0.647,1.708,1.087,356.6,7.4,0.410,1.709,1.519,0.868,1.709,1.651,World,Wall4m,26.3,25.9,0.492,0.605,0,0,None,None,0,0,0,0,0.0476,0.0387,0.477,0.000,0
31.61,Marianne,AUIT_Multi,CAB,0.648,1.709,1.089,356.7,7.3,0.413,1.708,1.519,0.869,1.708,1.651,World,Wall4m,26.4,25.7,0.490,0.604,0,0,None,None,0,0,0,0,0.0311,0.0176,0.475,0.000,0
31.71,Marianne,AUIT_Multi,CAB,0.652,1.712,1.090,358.5,5.8,0.421,1.709,1.519,0.877,1.709,1.651,World,Wall4m,27.3,24.0,0.487,0.604,0,0,None,None,0,1,0,0,0.0834,0.0795,0.475,0.000,0
31.81,Marianne,AUIT_Multi,CAB,0.659,1.715,1.091,1.0,4.6,0.443,1.712,1.519,0.902,1.712,1.652,World,CabinetD05,28.1,22.8,0.479,0.611,0,0,None,None,0,1,0,0,0.2334,0.2613,0.478,0.000,0
31.90,Marianne,AUIT_Multi,CAB,0.667,1.717,1.092,3.4,3.4,0.472,1.715,1.518,0.938,1.715,1.653,World,CabinetD05,28.1,22.6,0.468,0.624,0,0,None,None,0,1,0,0,0.3006,0.3663,0.485,0.000,0
32.01,Marianne,AUIT_Multi,CAB,0.676,1.718,1.091,5.6,2.3,0.504,1.717,1.517,0.977,1.717,1.651,World,CabinetD05,27.7,22.8,0.459,0.636,0,0,None,None,0,1,0,0,0.2875,0.3591,0.492,0.000,0
32.11,Marianne,AUIT_Multi,CAB,0.684,1.719,1.091,7.1,1.5,0.528,1.718,1.516,0.989,1.718,1.618,World,CabinetD05,27.3,23.0,0.453,0.609,0,0,None,None,0,1,0,0,0.2447,0.3626,0.472,0.000,0
32.21,Marianne,AUIT_Multi,CAB,0.694,1.720,1.090,8.6,1.0,0.549,1.719,1.516,0.991,1.719,1.575,World,CabinetD05,27.3,22.9,0.449,0.569,0,0,None,None,0,1,0,0,0.2197,0.4382,0.445,0.000,0
32.31,Marianne,AUIT_Multi,CAB,0.702,1.719,1.089,10.0,0.8,0.570,1.720,1.517,0.991,1.720,1.535,World,CabinetD05,27.3,22.9,0.447,0.531,0,0,None,None,0,1,0,0,0.2098,0.4177,0.421,0.000,0
32.40,Marianne,AUIT_Multi,CAB,0.711,1.719,1.089,10.9,0.7,0.588,1.719,1.519,0.990,1.719,1.499,World,CabinetD05,26.7,23.4,0.448,0.497,0,0,None,None,0,1,0,0,0.1950,0.3653,0.402,0.000,0
32.51,Marianne,AUIT_Multi,CAB,0.718,1.717,1.087,11.3,0.7,0.604,1.718,1.522,0.991,1.718,1.472,World,CabinetD05,26.0,24.0,0.450,0.472,0,0,None,None,0,1,0,0,0.1402,0.2434,0.390,0.000,0
32.61,Marianne,AUIT_Multi,CAB,0.723,1.716,1.085,11.1,0.5,0.612,1.717,1.520,0.991,1.717,1.459,World,CabinetD05,25.4,24.5,0.449,0.460,0,0,None,None,0,1,0,0,0.0864,0.1364,0.384,0.000,0
32.71,Marianne,AUIT_Multi,CAB,0.726,1.716,1.082,10.5,0.4,0.614,1.716,1.520,0.992,1.716,1.455,World,CabinetD05,24.8,25.0,0.451,0.458,0,0,None,None,1,1,0,0,0.0266,0.0425,0.383,0.000,0
32.81,Marianne,AUIT_Multi,CAB,0.727,1.715,1.079,10.0,0.3,0.612,1.716,1.520,0.992,1.716,1.456,World,CabinetD05,24.7,25.1,0.456,0.461,0,0,None,None,1,0,0,0,0.0238,0.0157,0.386,0.000,0
32.90,Marianne,AUIT_Multi,CAB,0.727,1.715,1.076,9.9,0.4,0.609,1.715,1.520,0.993,1.715,1.458,World,CabinetD05,24.7,25.0,0.459,0.465,0,0,None,None,1,0,0,0,0.0300,0.0130,0.389,0.000,0
33.01,Marianne,AUIT_Multi,CAB,0.723,1.717,1.073,9.7,0.1,0.606,1.716,1.518,0.993,1.716,1.459,World,CabinetD05,24.5,25.2,0.460,0.471,0,0,None,None,1,0,0,0,0.0375,0.0148,0.392,0.000,0
33.11,Marianne,AUIT_Multi,CAB,0.717,1.718,1.071,9.4,0.1,0.601,1.717,1.516,0.993,1.717,1.464,World,CabinetD05,24.2,25.6,0.459,0.480,0,0,None,None,1,0,0,0,0.0562,0.0542,0.396,0.000,0
33.21,Marianne,AUIT_Multi,CAB,0.708,1.719,1.071,8.1,0.1,0.591,1.718,1.513,0.993,1.718,1.479,World,CabinetD05,23.0,26.7,0.458,0.498,0,0,None,None,1,0,0,0,0.1030,0.1540,0.404,0.000,0
33.31,Marianne,AUIT_Multi,CAB,0.697,1.721,1.071,5.5,359.7,0.569,1.720,1.511,0.994,1.720,1.521,World,CabinetD05,21.7,28.0,0.458,0.539,0,0,None,None,1,0,0,0,0.2278,0.4262,0.425,0.000,0
33.40,Marianne,AUIT_Multi,CAB,0.684,1.723,1.072,2.6,359.2,0.536,1.722,1.511,0.995,1.722,1.591,World,CabinetD05,21.2,28.4,0.463,0.605,0,0,None,None,1,0,0,0,0.3412,0.7234,0.466,0.000,0
33.51,Marianne,AUIT_Multi,CAB,0.668,1.724,1.075,359.3,358.9,0.492,1.723,1.513,0.969,1.723,1.644,World,CabinetD05,21.3,28.6,0.473,0.644,0,0,None,None,1,0,0,0,0.4006,0.5347,0.495,0.000,0
33.61,Marianne,AUIT_Multi,CAB,0.655,1.725,1.078,356.8,358.9,0.453,1.724,1.515,0.924,1.724,1.650,World,Wall4m,21.6,28.4,0.481,0.632,0,0,None,None,1,0,0,0,0.4003,0.4671,0.490,0.000,0
33.71,Marianne,AUIT_Multi,CAB,0.641,1.725,1.081,354.6,359.2,0.415,1.725,1.517,0.879,1.725,1.650,World,CabinetD06,22.0,28.1,0.491,0.617,0,0,None,None,1,0,0,0,0.3854,0.4565,0.483,0.000,0
33.80,Marianne,AUIT_Multi,CAB,0.629,1.724,1.084,353.0,359.5,0.382,1.725,1.519,0.841,1.725,1.650,World,CabinetD06,22.6,27.5,0.500,0.604,0,0,None,None,1,0,0,0,0.3454,0.3937,0.477,0.000,0
33.90,Marianne,AUIT_Multi,CAB,0.618,1.724,1.086,352.3,359.4,0.356,1.724,1.520,0.812,1.724,1.649,World,CabinetD06,23.4,26.8,0.507,0.596,0,0,None,None,1,0,0,0,0.2641,0.2935,0.474,0.000,0
34.01,Marianne,AUIT_Multi,CAB,0.607,1.724,1.089,351.5,358.9,0.336,1.724,1.521,0.790,1.724,1.649,World,CabinetD06,23.6,26.6,0.510,0.590,0,0,None,None,1,0,0,0,0.1836,0.2055,0.472,0.000,0
34.11,Marianne,AUIT_Multi,CAB,0.598,1.723,1.090,350.4,358.6,0.328,1.724,1.506,0.770,1.724,1.649,World,CabinetD06,23.5,26.7,0.496,0.585,0,0,None,None,1,0,0,0,0.1759,0.2061,0.465,0.000,0
34.21,Marianne,AUIT_Multi,CAB,0.592,1.723,1.091,350.0,358.5,0.322,1.723,1.491,0.752,1.723,1.649,World,CabinetD06,24.1,26.0,0.483,0.581,0,0,None,None,1,0,0,0,0.1628,0.1769,0.459,0.000,0
34.30,Marianne,AUIT_Multi,CAB,0.587,1.724,1.091,349.7,357.9,0.317,1.723,1.482,0.741,1.723,1.649,World,CabinetD06,24.4,25.8,0.475,0.579,0,0,None,None,1,0,0,0,0.1024,0.1184,0.455,0.000,0
34.40,Marianne,AUIT_Multi,CAB,0.582,1.725,1.092,349.5,357.1,0.314,1.724,1.476,0.732,1.724,1.649,World,CabinetD06,24.6,25.8,0.468,0.577,0,0,None,None,1,0,0,0,0.0749,0.0870,0.453,0.000,0
34.51,Marianne,AUIT_Multi,CAB,0.576,1.725,1.092,349.4,356.9,0.311,1.725,1.469,0.725,1.725,1.649,World,CabinetD06,24.6,25.7,0.461,0.577,0,0,None,None,1,0,0,0,0.0618,0.0707,0.451,0.000,0
34.61,Marianne,AUIT_Multi,CAB,0.570,1.724,1.091,348.9,357.4,0.309,1.725,1.462,0.717,1.725,1.649,World,CabinetD06,24.1,26.0,0.453,0.577,0,0,None,None,1,0,0,0,0.0804,0.0762,0.449,0.000,0
34.71,Marianne,AUIT_Multi,CAB,0.563,1.724,1.088,348.0,357.9,0.307,1.725,1.448,0.705,1.725,1.649,World,CabinetD06,23.5,26.4,0.441,0.578,0,0,None,None,1,0,0,0,0.1476,0.1218,0.446,0.000,0
34.80,Marianne,AUIT_Multi,CAB,0.556,1.724,1.083,346.9,358.3,0.304,1.724,1.429,0.690,1.724,1.648,World,CabinetD06,23.1,26.5,0.427,0.581,0,0,None,None,1,0,0,0,0.1990,0.1584,0.444,0.000,0
34.90,Marianne,AUIT_Multi,CAB,0.548,1.724,1.078,346.0,358.2,0.300,1.724,1.408,0.673,1.724,1.648,World,CabinetD06,23.1,26.4,0.413,0.584,0,0,None,None,1,0,0,0,0.2208,0.1713,0.444,0.000,0
35.01,Marianne,AUIT_Multi,CAB,0.540,1.726,1.072,345.3,357.9,0.294,1.724,1.387,0.656,1.724,1.648,World,CabinetD06,23.5,26.2,0.399,0.587,0,0,None,None,1,0,0,0,0.1914,0.1527,0.446,0.000,0
35.11,Marianne,AUIT_Multi,CAB,0.533,1.727,1.068,344.5,357.5,0.291,1.726,1.371,0.643,1.726,1.647,World,CabinetD06,23.3,26.4,0.388,0.590,0,0,None,None,1,0,0,0,0.1668,0.1354,0.448,0.000,0
35.21,Marianne,AUIT_Multi,CAB,0.527,1.727,1.064,344.1,357.0,0.287,1.727,1.355,0.630,1.727,1.649,World,CabinetD06,23.8,26.1,0.377,0.594,0,0,None,None,1,0,0,0,0.1688,0.1426,0.451,0.000,0
35.30,Marianne,AUIT_Multi,CAB,0.522,1.728,1.061,343.8,356.8,0.283,1.727,1.345,0.621,1.727,1.652,World,CabinetD06,24.1,25.8,0.371,0.599,0,0,None,None,1,0,0,0,0.1134,0.0985,0.456,0.000,0
35.40,Marianne,AUIT_Multi,CAB,0.519,1.728,1.059,343.4,356.5,0.281,1.728,1.336,0.614,1.728,1.657,World,CabinetD06,24.3,25.8,0.366,0.605,0,0,None,None,1,0,0,0,0.0939,0.0841,0.462,0.000,0
35.51,Marianne,AUIT_Multi,CAB,0.518,1.727,1.056,343.4,356.4,0.279,1.727,1.328,0.608,1.727,1.663,World,CabinetD06,25.0,25.3,0.362,0.613,0,0,None,None,1,0,0,0,0.0743,0.0798,0.469,0.000,0
35.61,Marianne,AUIT_Multi,CAB,0.518,1.727,1.056,343.8,356.3,0.277,1.727,1.328,0.608,1.727,1.662,World,CabinetD06,25.5,24.9,0.364,0.613,0,0,None,None,0,1,0,0,0.0146,0.0105,0.470,0.000,0
35.71,Marianne,AUIT_Multi,CAB,0.520,1.728,1.056,344.4,356.4,0.277,1.728,1.332,0.612,1.728,1.657,World,CabinetD06,25.9,24.6,0.367,0.608,0,0,None,None,0,1,0,0,0.0391,0.0643,0.467,0.000,0
35.80,Marianne,AUIT_Multi,CAB,0.522,1.728,1.057,345.2,356.4,0.278,1.728,1.340,0.620,1.728,1.652,World,CabinetD06,26.2,24.4,0.373,0.603,0,0,None,None,0,1,0,0,0.0832,0.0980,0.463,0.000,0
35.90,Marianne,AUIT_Multi,CAB,0.523,1.728,1.058,345.5,356.5,0.280,1.728,1.347,0.628,1.728,1.648,World,CabinetD06,25.7,24.9,0.378,0.600,0,0,None,None,0,1,0,0,0.0780,0.0907,0.460,0.000,0
36.01,Marianne,AUIT_Multi,CAB,0.523,1.728,1.058,345.1,356.7,0.282,1.728,1.349,0.630,1.728,1.648,World,CabinetD06,25.0,25.4,0.378,0.600,0,0,None,None,0,0,0,0,0.0201,0.0236,0.459,0.000,0
36.11,Marianne,AUIT_Multi,CAB,0.524,1.728,1.057,344.9,356.6,0.282,1.728,1.346,0.629,1.728,1.648,World,CabinetD06,25.1,25.3,0.377,0.600,0,0,None,None,0,0,0,0,0.0264,0.0186,0.460,0.000,0
36.21,Marianne,AUIT_Multi,CAB,0.525,1.728,1.057,344.8,356.6,0.282,1.728,1.345,0.628,1.728,1.648,World,CabinetD06,25.2,25.3,0.377,0.600,0,0,None,None,0,0,0,0,0.0106,0.0109,0.460,0.000,0
36.30,Marianne,AUIT_Multi,CAB,0.526,1.728,1.057,344.7,356.4,0.282,1.728,1.345,0.627,1.728,1.649,World,CabinetD06,25.2,25.3,0.377,0.600,0,0,None,None,0,0,0,0,0.0041,0.0064,0.460,0.000,0
36.40,Marianne,AUIT_Multi,CAB,0.527,1.729,1.058,345.0,356.0,0.282,1.728,1.346,0.628,1.728,1.648,World,CabinetD06,25.7,25.0,0.379,0.599,0,0,None,None,0,1,0,0,0.0117,0.0077,0.460,0.000,0
36.51,Marianne,AUIT_Multi,CAB,0.529,1.729,1.058,345.4,355.8,0.282,1.729,1.351,0.632,1.729,1.647,World,CabinetD06,25.9,24.9,0.383,0.599,0,0,None,None,0,1,0,0,0.0472,0.0431,0.459,0.000,0
36.61,Marianne,AUIT_Multi,CAB,0.530,1.730,1.058,345.9,355.5,0.283,1.730,1.356,0.638,1.730,1.647,World,CabinetD06,26.0,24.9,0.387,0.599,0,0,None,None,0,1,0,0,0.0549,0.0594,0.459,0.000,0
36.71,Marianne,AUIT_Multi,CAB,0.532,1.732,1.058,346.1,355.2,0.284,1.731,1.361,0.644,1.731,1.647,World,CabinetD06,25.8,25.1,0.391,0.599,0,0,None,None,0,0,0,0,0.0507,0.0574,0.459,0.000,0
36.80,Marianne,AUIT_Multi,CAB,0.532,1.733,1.058,346.3,354.8,0.286,1.732,1.364,0.648,1.732,1.647,World,CabinetD06,25.8,25.2,0.393,0.600,0,0,None,None,0,0,0,0,0.0336,0.0424,0.460,0.000,0
36.90,Marianne,AUIT_Multi,CAB,0.533,1.733,1.058,346.4,354.6,0.287,1.733,1.365,0.650,1.733,1.647,World,CabinetD06,25.6,25.5,0.394,0.601,0,0,None,None,0,0,0,0,0.0224,0.0293,0.460,0.000,0
37.01,Marianne,AUIT_Multi,CAB,0.533,1.734,1.057,346.3,354.4,0.287,1.734,1.365,0.651,1.734,1.647,World,CabinetD06,25.5,25.7,0.394,0.601,0,0,None,None,0,0,0,0,0.0117,0.0113,0.460,0.000,0
37.11,Marianne,AUIT_Multi,CAB,0.533,1.735,1.056,346.0,354.5,0.287,1.734,1.363,0.650,1.734,1.647,World,CabinetD06,25.2,25.8,0.393,0.602,0,0,None,None,0,0,0,0,0.0231,0.0137,0.461,0.000,0
37.21,Marianne,AUIT_Multi,CAB,0.532,1.735,1.055,345.4,354.7,0.287,1.735,1.358,0.646,1.735,1.647,World,CabinetD06,24.9,26.0,0.390,0.603,0,0,None,None,1,0,0,0,0.0485,0.0382,0.461,0.000,0
37.30,Marianne,AUIT_Multi,CAB,0.532,1.734,1.053,344.8,354.8,0.286,1.734,1.351,0.640,1.734,1.647,World,CabinetD06,24.8,26.0,0.386,0.603,0,0,None,None,1,0,0,0,0.0761,0.0666,0.461,0.000,0
37.40,Marianne,AUIT_Multi,CAB,0.532,1.734,1.051,344.4,355.2,0.285,1.734,1.344,0.634,1.734,1.647,World,CabinetD06,24.9,25.7,0.384,0.605,0,0,None,None,1,0,0,0,0.0687,0.0585,0.462,0.000,0
37.51,Marianne,AUIT_Multi,CAB,0.534,1.732,1.047,344.6,355.5,0.284,1.733,1.341,0.632,1.733,1.647,World,CabinetD06,25.4,25.0,0.385,0.608,0,0,None,None,0,0,0,0,0.0358,0.0224,0.464,0.000,0
37.61,Marianne,AUIT_Multi,CAB,0.537,1.732,1.045,345.4,355.9,0.284,1.732,1.343,0.637,1.732,1.647,World,CabinetD06,26.0,24.4,0.391,0.610,0,0,None,None,0,1,0,0,0.0309,0.0602,0.466,0.000,0
37.71,Marianne,AUIT_Multi,CAB,0.540,1.731,1.043,346.2,355.8,0.285,1.732,1.350,0.649,1.732,1.647,World,CabinetD06,26.1,24.3,0.399,0.614,0,0,None,None,0,1,0,0,0.0748,0.1155,0.469,0.000,0
37.80,Marianne,AUIT_Multi,CAB,0.543,1.731,1.041,347.0,355.8,0.288,1.731,1.358,0.661,1.731,1.647,World,CabinetD06,26.2,24.4,0.406,0.617,0,0,None,None,0,1,0,0,0.0798,0.1250,0.472,0.000,0
37.90,Marianne,AUIT_Multi,CAB,0.545,1.731,1.041,348.0,355.9,0.290,1.731,1.367,0.673,1.731,1.647,World,CabinetD06,26.4,24.2,0.414,0.619,0,0,None,None,0,1,0,0,0.0961,0.1273,0.474,0.000,0
38.01,Marianne,AUIT_Multi,CAB,0.549,1.731,1.041,349.2,356.2,0.293,1.731,1.380,0.689,1.731,1.647,World,CabinetD06,26.4,24.2,0.425,0.623,0,0,None,None,0,1,0,0,0.1215,0.1439,0.478,0.000,0
38.11,Marianne,AUIT_Multi,CAB,0.551,1.731,1.041,350.1,356.3,0.296,1.731,1.392,0.703,1.731,1.647,World,CabinetD06,26.3,24.2,0.434,0.625,0,0,None,None,0,1,0,0,0.1246,0.1433,0.480,0.000,0
38.21,Marianne,AUIT_Multi,CAB,0.555,1.731,1.040,351.0,356.5,0.299,1.731,1.403,0.716,1.731,1.647,World,CabinetD06,26.3,24.1,0.444,0.628,0,0,None,None,0,1,0,0,0.1219,0.1355,0.483,0.000,0
38.30,Marianne,AUIT_Multi,CAB,0.559,1.730,1.040,352.0,356.7,0.303,1.731,1.417,0.731,1.731,1.648,World,CabinetD06,26.5,23.9,0.456,0.632,0,0,None,None,0,1,0,0,0.1443,0.1526,0.487,0.000,0
38.40,Marianne,AUIT_Multi,CAB,0.565,1.730,1.039,353.1,356.9,0.307,1.730,1.433,0.748,1.730,1.648,World,CabinetD06,26.5,23.8,0.471,0.636,0,0,None,None,0,1,0,0,0.1690,0.1763,0.491,0.000,0
38.51,Marianne,AUIT_Multi,CAB,0.572,1.730,1.037,354.0,356.9,0.312,1.730,1.449,0.768,1.730,1.648,World,CabinetD06,26.4,23.9,0.487,0.642,0,0,None,None,0,1,0,0,0.1582,0.1768,0.497,0.000,0
38.61,Marianne,AUIT_Multi,CAB,0.579,1.730,1.036,355.2,356.8,0.317,1.730,1.465,0.786,1.730,1.649,World,CabinetD06,26.7,23.7,0.503,0.647,0,0,None,None,0,1,0,0,0.1728,0.1827,0.503,0.000,0
38.71,Marianne,AUIT_Multi,CAB,0.588,1.730,1.034,356.4,357.0,0.323,1.730,1.487,0.807,1.730,1.649,World,CabinetD06,26.9,23.4,0.524,0.652,0,0,None,None,0,1,0,0,0.2241,0.2169,0.510,0.000,0
38.80,Marianne,AUIT_Multi,CAB,0.598,1.731,1.034,357.7,357.2,0.334,1.731,1.503,0.831,1.731,1.649,World,Wall4m,27.1,23.2,0.538,0.659,0,0,None,None,0,1,0,0,0.2101,0.2534,0.518,0.000,0
38.90,Marianne,AUIT_Multi,CAB,0.609,1.730,1.032,359.3,357.6,0.358,1.731,1.504,0.859,1.731,1.650,World,Wall4m,27.5,22.8,0.534,0.666,0,0,None,None,0,1,0,0,0.2443,0.2895,0.522,0.000,0
39.01,Marianne,AUIT_Multi,CAB,0.624,1.730,1.031,1.7,357.7,0.392,1.730,1.502,0.900,1.730,1.651,World,CabinetD05,28.0,22.4,0.525,0.678,0,0,None,None,0,1,0,0,0.3081,0.3666,0.529,0.000,0
39.11,Marianne,AUIT_Multi,CAB,0.639,1.730,1.031,3.9,358.1,0.426,1.730,1.501,0.942,1.730,1.651,World,CabinetD05,28.2,22.2,0.517,0.691,0,0,None,None,0,1,0,0,0.3463,0.4298,0.537,0.000,0
39.21,Marianne,AUIT_Multi,CAB,0.653,1.729,1.031,6.2,358.3,0.461,1.730,1.500,0.978,1.730,1.638,World,CabinetD05,28.5,22.0,0.508,0.688,0,0,None,None,0,1,0,0,0.3603,0.4014,0.535,0.000,0
39.30,Marianne,AUIT_Multi,CAB,0.669,1.727,1.032,8.8,358.9,0.498,1.729,1.500,0.987,1.729,1.575,World,CabinetD05,28.9,21.6,0.498,0.630,0,0,None,None,0,1,0,0,0.3811,0.6520,0.495,0.000,0
39.40,Marianne,AUIT_Multi,CAB,0.685,1.725,1.032,12.1,359.5,0.539,1.727,1.499,0.988,1.727,1.499,World,CabinetD05,29.5,20.8,0.490,0.557,0,0,None,None,0,1,0,0,0.4187,0.7781,0.449,0.000,0
39.51,Marianne,AUIT_Multi,CAB,0.703,1.720,1.033,15.7,0.7,0.588,1.724,1.503,0.987,1.724,1.417,World,CabinetD05,29.5,20.8,0.484,0.478,0,0,None,None,0,1,0,0,0.4451,0.7437,0.408,0.000,0
39.61,Marianne,AUIT_Multi,CAB,0.717,1.715,1.036,18.2,2.7,0.629,1.720,1.500,0.986,1.720,1.360,World,CabinetD05,29.1,21.7,0.473,0.422,0,0,None,None,0,1,0,0,0.4320,0.5864,0.383,0.000,0
39.71,Marianne,AUIT_Multi,CAB,0.729,1.708,1.040,20.3,5.3,0.665,1.714,1.499,0.985,1.714,1.320,World,CabinetD05,29.0,23.0,0.463,0.379,0,0,None,None,0,1,0,0,0.3664,0.4209,0.367,0.000,0
39.80,Marianne,AUIT_Multi,CAB,0.739,1.702,1.045,21.7,7.4,0.693,1.707,1.500,0.986,1.707,1.293,World,CabinetD05,28.5,24.6,0.457,0.350,0,0,None,None,0,1,0,0,0.3023,0.2795,0.358,0.000,0
39.90,Marianne,AUIT_Multi,CAB,0.746,1.698,1.050,22.0,8.7,0.712,1.702,1.501,0.988,1.702,1.281,World,CabinetD05,27.7,26.0,0.452,0.335,0,0,None,None,0,0,0,0,0.2058,0.1376,0.353,0.000,0
40.01,Marianne,AUIT_Multi,CAB,0.751,1.696,1.055,20.7,9.1,0.720,1.698,1.502,0.989,1.698,1.280,World,CabinetD05,26.3,27.5,0.449,0.328,0,0,None,None,0,0,0,0,0.0757,0.0343,0.349,0.000,0
40.11,Marianne,AUIT_Multi,CAB,0.753,1.695,1.057,18.8,9.6,0.714,1.696,1.504,0.988,1.696,1.289,World,CabinetD05,25.6,28.2,0.448,0.330,0,0,None,None,0,0,0,0,0.0620,0.0955,0.348,0.000,0
40.21,Marianne,AUIT_Multi,CAB,0.755,1.695,1.058,17.1,9.8,0.703,1.695,1.504,0.989,1.695,1.304,World,CabinetD05,25.7,28.0,0.450,0.340,0,0,None,None,0,0,0,0,0.1163,0.1562,0.349,0.000,0
40.30,Marianne,AUIT_Multi,CAB,0.757,1.694,1.058,16.1,9.9,0.693,1.695,1.505,0.990,1.695,1.317,World,CabinetD05,26.1,27.6,0.451,0.349,0,0,None,None,0,0,0,0,0.1018,0.1346,0.351,0.000,0
40.40,Marianne,AUIT_Multi,CAB,0.758,1.693,1.058,15.4,10.0,0.687,1.694,1.505,0.990,1.694,1.326,World,CabinetD05,26.4,27.4,0.453,0.355,0,0,None,None,0,0,0,0,0.0659,0.0861,0.353,0.000,0
40.51,Marianne,AUIT_Multi,CAB,0.760,1.692,1.057,14.8,10.3,0.681,1.693,1.505,0.991,1.693,1.333,World,CabinetD05,26.7,27.2,0.454,0.360,0,0,None,None,0,0,0,0,0.0477,0.0631,0.354,0.000,0
40.61,Marianne,AUIT_Multi,CAB,0.761,1.691,1.055,14.5,10.3,0.679,1.692,1.505,0.991,1.692,1.335,World,CabinetD05,26.8,26.9,0.457,0.362,0,0,None,None,0,0,0,0,0.0218,0.0219,0.355,0.000,0
40.71,Marianne,AUIT_Multi,CAB,0.761,1.691,1.052,14.1,10.2,0.678,1.691,1.504,0.992,1.691,1.335,World,CabinetD05,26.5,26.9,0.459,0.365,0,0,None,None,0,0,0,0,0.0207,0.0079,0.357,0.000,0
40.80,Marianne,AUIT_Multi,CAB,0.761,1.692,1.049,13.8,9.7,0.674,1.691,1.503,0.992,1.691,1.336,World,CabinetD05,26.3,26.7,0.462,0.369,0,0,None,None,0,0,0,0,0.0376,0.0136,0.359,0.000,0
40.90,Marianne,AUIT_Multi,CAB,0.760,1.692,1.046,13.3,9.1,0.670,1.692,1.503,0.992,1.692,1.338,World,CabinetD05,26.0,26.7,0.465,0.373,0,0,None,None,0,0,0,0,0.0427,0.0174,0.362,0.000,0
41.01,Marianne,AUIT_Multi,CAB,0.758,1.693,1.043,12.9,8.6,0.664,1.693,1.502,0.993,1.693,1.342,World,CabinetD05,25.9,26.5,0.468,0.379,0,0,None,None,0,0,0,0,0.0519,0.0339,0.365,0.000,0
41.11,Marianne,AUIT_Multi,CAB,0.757,1.694,1.041,12.8,8.2,0.660,1.693,1.501,0.993,1.693,1.344,World,CabinetD05,25.9,26.2,0.471,0.383,0,0,None,None,0,0,0,0,0.0419,0.0230,0.368,0.000,0
41.21,Marianne,AUIT_Multi,CAB,0.756,1.695,1.039,12.8,7.9,0.658,1.694,1.501,0.993,1.694,1.344,World,CabinetD05,25.9,26.1,0.472,0.386,0,0,None,None,0,0,0,0,0.0282,0.0107,0.370,0.000,0
41.30,Marianne,AUIT_Multi,CAB,0.754,1.696,1.038,12.9,7.6,0.656,1.695,1.501,0.993,1.695,1.344,World,CabinetD05,25.9,26.0,0.473,0.388,0,0,None,None,0,0,0,0,0.0195,0.0076,0.371,0.000,0
41.40,Marianne,AUIT_Multi,CAB,0.752,1.696,1.037,13.1,7.5,0.655,1.696,1.500,0.992,1.696,1.344,World,CabinetD05,25.9,26.0,0.473,0.390,0,0,None,None,0,0,0,0,0.0108,0.0074,0.371,0.000,0
41.51,Marianne,AUIT_Multi,CAB,0.748,1.697,1.036,13.2,7.3,0.654,1.696,1.500,0.992,1.696,1.344,World,CabinetD05,25.7,26.1,0.473,0.393,0,0,None,None,0,0,0,0,0.0169,0.0065,0.373,0.000,0
41.61,Marianne,AUIT_Multi,CAB,0.744,1.697,1.036,13.4,7.2,0.651,1.697,1.500,0.992,1.697,1.346,World,CabinetD05,25.7,26.2,0.473,0.397,0,0,None,None,0,0,0,0,0.0279,0.0229,0.374,0.000,0
41.71,Marianne,AUIT_Multi,CAB,0.738,1.698,1.036,13.6,7.1,0.648,1.697,1.500,0.991,1.697,1.349,World,CabinetD05,25.5,26.3,0.473,0.403,0,0,None,None,0,0,0,0,0.0328,0.0342,0.375,0.000,0
41.80,Marianne,AUIT_Multi,CAB,0.732,1.700,1.037,13.8,7.0,0.644,1.698,1.501,0.991,1.698,1.354,World,CabinetD05,25.4,26.3,0.472,0.410,0,0,None,None,0,0,0,0,0.0417,0.0477,0.377,0.000,0
41.90,Marianne,AUIT_Multi,CAB,0.725,1.701,1.037,13.8,6.9,0.639,1.700,1.501,0.991,1.700,1.360,World,CabinetD05,25.2,26.4,0.472,0.419,0,0,None,None,0,0,0,0,0.0578,0.0668,0.379,0.000,0
42.01,Marianne,AUIT_Multi,CAB,0.717,1.704,1.037,14.3,6.5,0.632,1.702,1.502,0.990,1.702,1.367,World,CabinetD05,25.4,25.9,0.473,0.429,0,0,None,None,0,0,0,0,0.0617,0.0668,0.383,0.000,0
42.11,Marianne,AUIT_Multi,CAB,0.710,1.705,1.036,15.1,6.3,0.630,1.704,1.502,0.989,1.704,1.368,World,CabinetD05,25.6,25.6,0.473,0.434,0,0,None,None,0,0,0,0,0.0312,0.0232,0.384,0.000,0
42.21,Marianne,AUIT_Multi,CAB,0.701,1.707,1.035,15.7,6.1,0.628,1.706,1.502,0.988,1.706,1.367,World,CabinetD05,25.2,25.8,0.472,0.439,0,0,None,None,0,0,0,0,0.0272,0.0232,0.385,0.000,0
42.30,Marianne,AUIT_Multi,CAB,0.693,1.709,1.034,16.2,5.7,0.624,1.707,1.502,0.987,1.707,1.369,World,CabinetD05,25.1,25.7,0.473,0.446,0,0,None,None,0,0,0,0,0.0463,0.0266,0.387,0.000,0
42.40,Marianne,AUIT_Multi,CAB,0.684,1.711,1.034,16.9,5.1,0.620,1.710,1.502,0.987,1.710,1.370,World,CabinetD05,25.1,25.5,0.473,0.452,0,0,None,None,0,0,0,0,0.0435,0.0246,0.390,0.000,0
42.51,Marianne,AUIT_Multi,CAB,0.675,1.713,1.033,17.6,4.8,0.617,1.712,1.502,0.986,1.712,1.370,World,CabinetD05,25.1,25.5,0.473,0.458,0,0,None,None,0,0,0,0,0.0344,0.0211,0.392,0.000,0
42.61,Marianne,AUIT_Multi,CAB,0.668,1.714,1.033,17.9,4.4,0.614,1.713,1.503,0.985,1.713,1.370,World,CabinetD05,24.8,25.6,0.473,0.464,0,0,None,None,1,0,0,0,0.0380,0.0175,0.394,0.000,0
42.71,Marianne,AUIT_Multi,CAB,0.660,1.715,1.032,17.8,3.6,0.608,1.714,1.504,0.984,1.714,1.374,World,CabinetD05,24.4,25.8,0.475,0.472,0,0,None,None,1,0,0,0,0.0612,0.0421,0.398,0.000,0
42.80,Marianne,AUIT_Multi,CAB,0.653,1.717,1.030,17.3,2.7,0.599,1.715,1.504,0.984,1.715,1.383,World,CabinetD05,24.0,26.0,0.477,0.484,0,0,None,None,1,0,0,0,0.0937,0.0907,0.404,0.000,0
42.90,Marianne,AUIT_Multi,CAB,0.645,1.718,1.030,16.6,1.7,0.587,1.717,1.502,0.984,1.717,1.397,World,CabinetD05,23.5,26.3,0.475,0.500,0,0,None,None,1,0,0,0,0.1205,0.1409,0.410,0.000,0
43.01,Marianne,AUIT_Multi,CAB,0.636,1.719,1.031,15.3,0.8,0.571,1.718,1.499,0.984,1.718,1.420,World,CabinetD05,23.3,26.5,0.473,0.522,0,0,None,None,1,0,0,0,0.1507,0.2057,0.421,0.000,0
43.11,Marianne,AUIT_Multi,CAB,0.629,1.721,1.031,14.0,0.0,0.555,1.719,1.498,0.985,1.719,1.445,World,CabinetD05,23.1,26.6,0.473,0.545,0,0,None,None,1,0,0,0,0.1687,0.2581,0.434,0.000,0
43.21,Marianne,AUIT_Multi,CAB,0.623,1.722,1.032,12.8,359.3,0.537,1.721,1.498,0.985,1.721,1.474,World,CabinetD05,23.2,26.7,0.474,0.571,0,0,None,None,1,0,0,0,0.1798,0.2994,0.449,0.000,0
43.30,Marianne,AUIT_Multi,CAB,0.616,1.723,1.034,11.3,358.7,0.519,1.722,1.499,0.986,1.722,1.506,World,CabinetD05,23.1,26.8,0.475,0.599,0,0,None,None,1,0,0,0,0.1836,0.3285,0.466,0.000,0
43.40,Marianne,AUIT_Multi,CAB,0.610,1.723,1.036,10.0,358.3,0.501,1.723,1.499,0.986,1.723,1.541,World,CabinetD05,23.2,26.7,0.476,0.630,0,0,None,None,1,0,0,0,0.1882,0.3659,0.487,0.000,0
43.51,Marianne,AUIT_Multi,CAB,0.602,1.723,1.038,8.9,358.0,0.482,1.723,1.500,0.987,1.723,1.582,World,CabinetD05,23.6,26.4,0.478,0.666,0,0,None,None,1,0,0,0,0.1759,0.3674,0.512,0.000,0
43.61,Marianne,AUIT_Multi,CAB,0.596,1.724,1.041,8.2,357.8,0.468,1.723,1.501,0.987,1.723,1.612,World,CabinetD05,23.8,26.3,0.478,0.693,0,0,None,None,1,0,0,0,0.1435,0.3121,0.531,0.000,0
43.71,Marianne,AUIT_Multi,CAB,0.588,1.724,1.043,7.5,357.4,0.455,1.724,1.502,0.986,1.724,1.640,World,CabinetD05,23.8,26.3,0.478,0.718,0,0,None,None,1,0,0,0,0.1318,0.2873,0.549,0.000,0
43.80,Marianne,AUIT_Multi,CAB,0.580,1.725,1.046,7.0,356.9,0.442,1.724,1.503,0.974,1.724,1.651,World,CabinetD05,24.0,26.2,0.478,0.723,0,0,None,None,1,0,0,0,0.1313,0.1638,0.553,0.000,0
43.91,Marianne,AUIT_Multi,CAB,0.570,1.725,1.050,6.4,356.4,0.428,1.725,1.504,0.955,1.725,1.653,World,CabinetD05,24.0,26.4,0.476,0.716,0,0,None,None,1,0,0,0,0.1247,0.1734,0.548,0.000,0
44.01,Marianne,AUIT_Multi,CAB,0.560,1.724,1.053,6.0,356.1,0.416,1.725,1.505,0.937,1.725,1.653,World,CabinetD05,24.1,26.4,0.475,0.709,0,0,None,None,1,0,0,0,0.1313,0.1870,0.542,0.000,0
44.11,Marianne,AUIT_Multi,CAB,0.551,1.723,1.056,5.9,356.1,0.404,1.724,1.506,0.920,1.724,1.653,World,CabinetD05,24.2,26.2,0.474,0.702,0,0,None,None,1,0,0,0,0.1254,0.1740,0.537,0.000,0
44.20,Marianne,AUIT_Multi,CAB,0.542,1.723,1.058,5.8,355.9,0.394,1.723,1.507,0.907,1.723,1.653,World,CabinetD05,24.3,26.1,0.473,0.699,0,0,None,None,1,0,0,0,0.1052,0.1369,0.534,0.000,0
44.30,Marianne,AUIT_Multi,CAB,0.532,1.722,1.059,5.7,355.5,0.383,1.723,1.507,0.895,1.723,1.653,World,CabinetD05,24.4,26.1,0.473,0.696,0,0,None,None,1,0,0,0,0.1041,0.1262,0.532,0.000,0
44.41,Marianne,AUIT_Multi,CAB,0.523,1.722,1.059,5.9,355.2,0.373,1.722,1.508,0.884,1.722,1.653,World,Wall4m,24.8,25.8,0.473,0.695,0,0,None,None,1,0,0,0,0.0939,0.1022,0.531,0.000,0
44.51,Marianne,AUIT_Multi,CAB,0.515,1.722,1.059,6.0,354.4,0.367,1.722,1.508,0.878,1.722,1.653,World,Wall4m,25.0,25.9,0.473,0.696,0,0,None,None,1,0,0,0,0.0650,0.0560,0.532,0.000,0
44.61,Marianne,AUIT_Multi,CAB,0.509,1.723,1.059,5.9,353.9,0.360,1.722,1.508,0.872,1.722,1.653,World,Wall4m,25.0,26.2,0.473,0.696,0,0,None,None,1,0,0,0,0.0654,0.0631,0.532,0.000,0
44.70,Marianne,AUIT_Multi,CAB,0.505,1.722,1.059,5.5,354.5,0.353,1.722,1.508,0.863,1.722,1.653,World,Wall4m,24.8,26.1,0.474,0.694,0,0,None,None,1,0,0,0,0.0789,0.0920,0.531,0.000,0
44.80,Marianne,AUIT_Multi,CAB,0.501,1.722,1.060,5.6,354.4,0.346,1.722,1.508,0.855,1.722,1.653,World,Wall4m,25.3,25.8,0.474,0.691,0,0,None,None,0,0,0,0,0.0682,0.0826,0.529,0.000,0
44.91,Marianne,AUIT_Multi,CAB,0.497,1.723,1.062,5.5,353.9,0.343,1.722,1.508,0.851,1.722,1.653,World,Wall4m,25.3,26.1,0.472,0.689,0,0,None,None,0,0,0,0,0.0293,0.0354,0.529,0.000,0
45.01,Marianne,AUIT_Multi,CAB,0.494,1.723,1.065,5.0,354.0,0.338,1.723,1.509,0.843,1.723,1.653,World,Wall4m,25.1,26.3,0.471,0.684,0,0,None,None,0,0,0,0,0.0530,0.0820,0.526,0.000,0
45.11,Marianne,AUIT_Multi,CAB,0.492,1.723,1.067,4.4,354.3,0.331,1.723,1.510,0.832,1.723,1.653,World,Wall4m,24.9,26.4,0.471,0.678,0,0,None,None,1,0,0,0,0.0670,0.1098,0.521,0.000,0
45.20,Marianne,AUIT_Multi,CAB,0.490,1.724,1.069,3.9,354.1,0.325,1.724,1.510,0.821,1.724,1.653,World,Wall4m,25.1,26.2,0.472,0.671,0,0,None,None,0,0,0,0,0.0707,0.1167,0.517,0.000,0
45.30,Marianne,AUIT_Multi,CAB,0.489,1.724,1.070,3.7,354.3,0.320,1.724,1.511,0.813,1.724,1.653,World,Wall4m,25.4,25.9,0.472,0.667,0,0,None,None,0,0,0,0,0.0498,0.0854,0.513,0.000,0
45.41,Marianne,AUIT_Multi,CAB,0.489,1.724,1.071,4.0,354.2,0.319,1.724,1.511,0.811,1.724,1.653,World,Wall4m,25.8,25.5,0.473,0.665,0,0,None,None,0,0,0,0,0.0095,0.0192,0.512,0.000,0
45.51,Marianne,AUIT_Multi,CAB,0.490,1.724,1.070,4.2,354.0,0.321,1.724,1.511,0.813,1.724,1.653,World,Wall4m,25.8,25.5,0.472,0.667,0,0,None,None,0,0,0,0,0.0207,0.0268,0.513,0.000,0
45.61,Marianne,AUIT_Multi,CAB,0.490,1.724,1.070,4.3,353.9,0.322,1.724,1.511,0.815,1.724,1.653,World,Wall4m,25.8,25.6,0.472,0.668,0,0,None,None,0,0,0,0,0.0133,0.0204,0.513,0.000,0
45.70,Marianne,AUIT_Multi,CAB,0.490,1.724,1.069,4.4,353.6,0.323,1.724,1.511,0.818,1.724,1.653,World,Wall4m,25.9,25.6,0.473,0.670,0,0,None,None,0,0,0,0,0.0139,0.0243,0.514,0.000,0
45.80,Marianne,AUIT_Multi,CAB,0.490,1.724,1.068,4.5,353.5,0.324,1.724,1.511,0.820,1.724,1.653,World,Wall4m,25.8,25.7,0.472,0.671,0,0,None,None,0,0,0,0,0.0104,0.0214,0.515,0.000,0
45.91,Marianne,AUIT_Multi,CAB,0.489,1.724,1.068,4.4,353.5,0.324,1.724,1.511,0.820,1.724,1.653,World,Wall4m,25.6,25.9,0.473,0.672,0,0,None,None,0,0,0,0,0.0057,0.0005,0.516,0.000,0
46.01,Marianne,AUIT_Multi,CAB,0.488,1.725,1.068,4.2,353.5,0.322,1.724,1.510,0.818,1.724,1.653,World,Wall4m,25.5,26.0,0.473,0.672,0,0,None,None,0,0,0,0,0.0200,0.0205,0.516,0.000,0
46.11,Marianne,AUIT_Multi,CAB,0.486,1.724,1.068,3.9,353.5,0.319,1.724,1.511,0.814,1.724,1.653,World,Wall4m,25.5,26.1,0.473,0.671,0,0,None,None,0,0,0,0,0.0303,0.0395,0.515,0.000,0
46.21,Marianne,AUIT_Multi,CAB,0.486,1.724,1.068,4.0,353.6,0.316,1.724,1.510,0.810,1.724,1.653,World,Wall4m,25.6,25.8,0.474,0.669,0,0,None,None,0,0,0,0,0.0259,0.0355,0.514,0.000,0
46.30,Marianne,AUIT_Multi,CAB,0.485,1.724,1.068,4.1,353.8,0.316,1.724,1.511,0.810,1.724,1.653,World,Wall4m,25.7,25.7,0.474,0.669,0,0,None,None,0,0,0,0,0.0080,0.0076,0.514,0.000,0
46.41,Marianne,AUIT_Multi,CAB,0.483,1.724,1.068,3.9,353.7,0.315,1.724,1.509,0.809,1.724,1.653,World,Wall4m,25.4,26.0,0.472,0.670,0,0,None,None,0,0,0,0,0.0111,0.0047,0.514,0.000,0
46.51,Marianne,AUIT_Multi,CAB,0.481,1.725,1.068,3.6,353.4,0.315,1.724,1.502,0.805,1.724,1.653,World,CabinetD06,25.4,26.2,0.464,0.669,0,0,None,None,0,0,0,0,0.0796,0.0481,0.513,0.000,0
46.61,Marianne,AUIT_Multi,CAB,0.479,1.725,1.068,3.5,353.5,0.313,1.725,1.497,0.799,1.725,1.653,World,CabinetD06,25.6,26.0,0.460,0.666,0,0,None,None,0,0,0,0,0.0528,0.0533,0.511,0.000,0
46.70,Marianne,AUIT_Multi,CAB,0.478,1.725,1.069,3.6,353.6,0.311,1.725,1.496,0.797,1.725,1.653,World,CabinetD06,25.7,25.8,0.459,0.666,0,0,None,None,0,0,0,0,0.0158,0.0216,0.511,0.000,0
46.80,Marianne,AUIT_Multi,CAB,0.477,1.724,1.069,3.7,353.8,0.311,1.725,1.497,0.797,1.725,1.653,World,CabinetD06,25.7,25.7,0.460,0.666,0,0,None,None,0,0,0,0,0.0069,0.0036,0.511,0.000,0
46.91,Marianne,AUIT_Multi,CAB,0.475,1.724,1.067,3.6,354.0,0.311,1.724,1.494,0.797,1.724,1.653,World,CabinetD06,25.4,25.8,0.458,0.668,0,0,None,None,0,0,0,0,0.0231,0.0057,0.511,0.000,0
47.01,Marianne,AUIT_Multi,CAB,0.474,1.725,1.065,3.7,354.0,0.310,1.724,1.489,0.795,1.724,1.653,World,CabinetD06,25.6,25.6,0.454,0.670,0,0,None,None,0,0,0,0,0.0574,0.0191,0.512,0.000,0
47.11,Marianne,AUIT_Multi,CAB,0.474,1.727,1.063,4.5,353.5,0.309,1.725,1.492,0.798,1.725,1.653,World,Wall4m,26.4,25.1,0.460,0.673,0,0,None,None,0,0,0,0,0.0406,0.0370,0.515,0.000,0
47.20,Marianne,AUIT_Multi,CAB,0.477,1.729,1.062,6.3,352.7,0.312,1.727,1.506,0.813,1.727,1.654,World,Wall4m,27.6,24.5,0.473,0.681,0,0,None,None,0,1,0,0,0.1413,0.1591,0.522,0.000,0
47.30,Marianne,AUIT_Multi,CAB,0.480,1.730,1.060,7.8,352.4,0.327,1.729,1.508,0.840,1.729,1.654,World,Wall4m,27.6,24.6,0.473,0.695,0,0,None,None,0,1,0,0,0.1568,0.2731,0.533,0.000,0
47.41,Marianne,AUIT_Multi,CAB,0.485,1.729,1.057,7.8,352.8,0.342,1.729,1.507,0.864,1.729,1.655,World,CabinetD05,26.4,25.5,0.472,0.708,0,0,None,None,0,0,0,0,0.1297,0.2128,0.542,0.000,0
47.51,Marianne,AUIT_Multi,CAB,0.491,1.728,1.052,6.3,354.2,0.343,1.729,1.506,0.866,1.729,1.654,World,Wall4m,24.9,26.3,0.477,0.709,0,0,None,None,1,0,0,0,0.0184,0.0260,0.543,0.000,0
47.61,Marianne,AUIT_Multi,CAB,0.500,1.726,1.043,3.3,355.2,0.333,1.727,1.505,0.851,1.727,1.653,World,Wall4m,23.6,27.0,0.491,0.704,0,0,None,None,1,0,0,0,0.1055,0.1591,0.538,0.000,0
47.70,Marianne,AUIT_Multi,CAB,0.514,1.727,1.031,359.5,354.8,0.325,1.727,1.474,0.823,1.727,1.651,World,CabinetD06,23.2,27.4,0.482,0.693,0,0,None,None,1,0,0,0,0.3295,0.2856,0.528,0.000,0
47.80,Marianne,AUIT_Multi,CAB,0.535,1.729,1.017,356.5,353.5,0.320,1.728,1.438,0.797,1.728,1.649,World,CabinetD06,24.4,26.8,0.472,0.684,0,0,None,None,1,0,0,0,0.3744,0.2709,0.521,0.000,0
47.91,Marianne,AUIT_Multi,CAB,0.564,1.732,1.003,353.4,352.6,0.317,1.730,1.417,0.783,1.730,1.648,World,CabinetD06,25.4,26.3,0.483,0.681,0,0,None,None,0,0,0,0,0.1950,0.1231,0.520,0.000,0
48.01,Marianne,AUIT_Multi,CAB,0.593,1.736,0.991,350.4,351.9,0.318,1.733,1.402,0.779,1.733,1.647,World,CabinetD06,25.4,26.7,0.495,0.682,0,0,None,None,0,0,0,0,0.1525,0.0536,0.521,0.000,0
48.11,Marianne,AUIT_Multi,CAB,0.620,1.734,0.981,345.9,351.4,0.320,1.735,1.379,0.768,1.735,1.645,World,CabinetD06,24.3,27.9,0.498,0.680,0,0,None,None,1,0,0,0,0.2377,0.1150,0.521,0.000,0
48.20,Marianne,AUIT_Multi,CAB,0.642,1.729,0.973,339.4,353.1,0.320,1.733,1.341,0.739,1.733,1.644,World,CabinetD06,21.5,29.5,0.489,0.678,0,0,None,None,1,0,0,0,0.3961,0.3055,0.517,0.000,0
48.30,Marianne,AUIT_Multi,CAB,0.654,1.730,0.961,330.1,354.8,0.310,1.730,1.281,0.675,1.730,1.671,World,Quad,18.0,31.9,0.470,0.710,0,0,None,None,1,0,0,0,0.6257,0.7113,0.534,0.000,0
48.40,Marianne,AUIT_Multi,CAB,0.660,1.732,0.942,318.2,356.9,0.271,1.731,1.210,0.570,1.731,1.698,World,Quad,13.9,35.2,0.472,0.762,0,0,None,None,1,0,0,0,0.8098,1.0784,0.573,0.000,0
48.51,Marianne,AUIT_Multi,CAB,0.661,1.728,0.909,302.2,0.2,0.043,1.731,1.138,0.384,1.731,1.653,World,Quad,11.9,37.4,0.659,0.793,0,0,None,None,1,0,0,0,2.1495,1.7204,0.618,0.000,0
48.61,Marianne,AUIT_Multi,CAB,0.658,1.725,0.873,286.8,1.8,0.002,1.728,0.971,0.257,1.728,1.508,World,Quad,8.5,41.0,0.663,0.752,0,0,None,None,1,0,0,0,1.7439,1.9575,0.595,0.000,0
48.70,Marianne,AUIT_Multi,CAB,0.654,1.725,0.832,272.3,2.0,-0.023,1.725,0.751,0.182,1.728,1.387,World,Quad,9.4,47.3,0.682,0.728,0,0,None,None,1,0,0,0,2.3831,1.5404,0.668,0.000,0
48.80,Marianne,AUIT_Multi,CAB,0.650,1.723,0.791,261.4,3.5,-0.079,1.725,0.502,0.201,1.728,1.177,World,Quad,13.5,49.4,0.784,0.592,0,0,None,None,1,0,0,0,2.6299,2.1699,0.730,0.000,0
48.91,Marianne,AUIT_Multi,CAB,0.643,1.719,0.746,253.3,5.6,-0.088,1.722,0.252,-0.113,1.723,0.995,World,Quad,18.2,35.3,0.882,0.796,0,0,None,None,1,0,1,0,2.2498,3.2649,0.743,0.000,0
49.01,Marianne,AUIT_Multi,CAB,0.637,1.717,0.708,249.1,6.3,-0.056,1.719,0.113,-0.194,1.719,0.862,World,Refrigerator03,20.8,32.0,0.914,0.844,0,0,None,None,1,0,1,0,1.4732,1.5977,0.762,0.000,0
49.11,Marianne,AUIT_Multi,CAB,0.629,1.717,0.672,248.2,6.1,-0.031,1.717,0.025,-0.206,1.717,0.770,World,Refrigerator03,23.4,29.2,0.924,0.841,0,0,None,None,1,0,1,0,0.9368,0.9488,0.766,0.000,0
49.20,Marianne,AUIT_Multi,CAB,0.622,1.715,0.636,247.4,5.7,-0.024,1.717,-0.022,-0.066,1.699,0.644,World,Refrigerator03,23.6,23.7,0.922,0.688,0,0,None,None,1,1,1,0,0.4883,1.9456,0.668,0.000,0
49.30,Marianne,AUIT_Multi,CAB,0.614,1.712,0.606,246.5,6.0,-0.025,1.714,-0.026,0.083,1.681,0.516,World,Refrigerator03,22.1,14.2,0.899,0.539,0,0,None,None,1,1,1,0,0.0510,2.0318,0.554,0.000,0
49.41,Marianne,AUIT_Multi,CAB,0.602,1.714,0.578,245.8,5.7,-0.029,1.712,-0.030,-0.119,1.695,0.492,World,Refrigerator03,20.4,17.9,0.876,0.726,0,0,None,None,1,1,1,0,0.0520,1.8388,0.530,0.000,0
49.51,Marianne,AUIT_Multi,CAB,0.584,1.719,0.556,245.3,4.3,-0.031,1.715,-0.040,-0.285,1.712,0.500,World,Refrigerator03,19.9,21.3,0.857,0.871,0,0,None,None,1,1,1,1,0.1089,1.7169,0.597,0.000,1
49.61,Marianne,AUIT_Multi,CAB,0.559,1.723,0.538,245.6,3.4,-0.034,1.720,-0.071,-0.307,1.719,0.499,World,Refrigerator03,21.5,22.0,0.850,0.867,0,0,None,None,1,1,1,1,0.3212,0.2431,0.631,0.000,1
49.70,Marianne,AUIT_Multi,CAB,0.529,1.725,0.524,245.6,2.5,-0.026,1.721,-0.033,-0.144,1.704,0.474,World,Refrigerator03,20.8,20.2,0.785,0.675,0,0,None,None,1,1,0,0,0.4028,1.7023,0.520,0.000,0
49.80,Marianne,AUIT_Multi,CAB,0.497,1.724,0.514,245.0,2.1,-0.016,1.721,0.012,0.039,1.686,0.446,World,Refrigerator03,19.4,16.7,0.718,0.465,0,0,None,None,1,1,0,0,0.4677,1.9185,0.439,0.000,0
49.91,Marianne,AUIT_Multi,CAB,0.461,1.728,0.508,243.8,0.7,-0.006,1.722,0.062,-0.131,1.705,0.412,World,Quad,17.5,17.0,0.646,0.600,0,0,None,None,1,1,0,0,0.4636,1.5684,0.372,0.000,0
50.01,Marianne,AUIT_Multi,CAB,0.433,1.732,0.508,243.2,359.0,0.004,1.723,0.104,-0.291,1.726,0.391,World,Quad,16.6,17.6,0.589,0.733,0,0,None,None,1,1,0,0,0.4420,1.6701,0.411,0.000,0
50.11,Marianne,AUIT_Multi,CAB,0.412,1.732,0.512,242.6,359.2,0.014,1.723,0.145,-0.313,1.731,0.387,World,Quad,15.3,17.7,0.541,0.736,0,0,None,None,1,1,0,0,0.4296,0.2379,0.407,0.000,0
50.20,Marianne,AUIT_Multi,CAB,0.397,1.731,0.518,242.7,0.1,0.024,1.723,0.189,-0.316,1.732,0.386,World,Quad,14.1,16.9,0.497,0.725,0,0,None,None,1,1,0,0,0.4659,0.0301,0.394,0.000,0
50.30,Marianne,AUIT_Multi,CAB,0.390,1.728,0.525,243.0,1.3,0.033,1.723,0.233,-0.317,1.730,0.386,World,Quad,12.3,16.0,0.461,0.720,0,0,None,None,1,1,0,0,0.4655,0.0164,0.382,0.000,0
50.41,Marianne,AUIT_Multi,CAB,0.388,1.727,0.530,244.0,1.8,0.043,1.723,0.283,-0.317,1.728,0.387,World,Quad,9.6,14.6,0.424,0.720,0,0,None,None,1,1,0,0,0.4601,0.0212,0.375,0.000,0
50.51,Marianne,AUIT_Multi,CAB,0.395,1.725,0.532,246.0,2.7,0.052,1.723,0.327,-0.317,1.726,0.398,World,Quad,7.4,13.6,0.399,0.724,0,0,None,None,1,1,0,0,0.4583,0.1189,0.376,0.000,0
50.61,Marianne,AUIT_Multi,CAB,0.406,1.725,0.533,249.0,2.9,0.059,1.723,0.370,-0.316,1.725,0.425,World,Quad,4.9,12.8,0.384,0.730,0,0,None,None,1,1,0,0,0.4452,0.2759,0.379,0.351,0
50.70,Marianne,AUIT_Multi,CAB,0.422,1.725,0.531,252.9,2.9,-0.144,1.725,0.161,-0.316,1.725,0.464,World,Quad,16.3,12.2,0.676,0.741,0,0,None,None,1,1,0,0,2.9983,0.3977,0.347,0.000,0
50.80,Marianne,AUIT_Multi,CAB,0.440,1.726,0.529,257.7,3.2,-0.145,1.725,0.160,-0.315,1.725,0.536,World,Refrigerator03,20.1,13.2,0.692,0.755,0,0,None,None,1,1,0,0,0.0179,0.7481,0.412,0.000,0
50.91,Marianne,AUIT_Multi,CAB,0.460,1.725,0.527,264.2,3.1,-0.139,1.726,0.164,-0.282,1.726,0.660,World,Refrigerator03,25.5,16.3,0.700,0.754,0,0,None,None,0,1,0,0,0.0656,1.1507,0.516,0.000,0
51.01,Marianne,AUIT_Multi,CAB,0.476,1.721,0.526,271.3,3.2,-0.133,1.724,0.195,-0.227,1.724,0.769,World,Refrigerator03,30.0,18.0,0.693,0.744,0,0,None,None,0,1,0,0,0.3227,1.2527,0.581,0.000,0
51.11,Marianne,AUIT_Multi,CAB,0.491,1.718,0.532,281.5,4.0,-0.125,1.721,0.280,-0.219,1.721,0.896,World,Refrigerator03,33.9,16.2,0.665,0.798,0,0,None,None,0,1,0,0,0.8794,1.3072,0.622,0.000,0
51.21,Marianne,AUIT_Multi,CAB,0.507,1.717,0.544,292.5,5.6,-0.119,1.718,0.401,-0.180,1.719,0.976,World,Refrigerator03_Door01,35.8,11.2,0.642,0.811,0,0,None,None,0,1,0,1,1.2369,0.9172,0.578,0.000,0
51.30,Marianne,AUIT_Multi,CAB,0.527,1.716,0.561,302.6,5.9,-0.097,1.717,0.529,-0.063,1.720,0.917,World,Refrigerator03_Door01,36.0,6.4,0.625,0.689,0,0,None,None,0,1,0,0,1.3479,1.3545,0.389,0.000,0
51.41,Marianne,AUIT_Multi,CAB,0.552,1.717,0.586,312.9,5.6,-0.038,1.716,0.664,0.111,1.720,0.779,World,Wall4m,35.7,20.1,0.596,0.482,0,0,None,None,0,1,0,0,1.3269,1.9935,0.188,0.923,0
51.51,Marianne,AUIT_Multi,CAB,0.572,1.720,0.615,321.2,4.1,-0.027,1.718,0.788,0.189,1.719,1.446,World,CabinetD07,35.3,14.6,0.623,0.914,0,0,None,None,0,1,0,1,1.2800,6.8928,0.692,0.000,0
51.61,Marianne,AUIT_Multi,CAB,0.589,1.720,0.647,328.6,3.1,-0.025,1.719,0.926,0.340,1.720,1.608,World,CabinetD06Door,34.3,17.1,0.675,0.993,0,0,None,None,0,1,0,1,1.4119,2.2779,0.774,0.000,0
51.70,Marianne,AUIT_Multi,CAB,0.604,1.720,0.682,334.8,1.9,0.019,1.720,1.037,0.445,1.720,1.582,World,CabinetD06Door,33.6,15.3,0.684,0.914,0,0,None,None,0,1,0,1,1.2389,1.1212,0.692,0.000,0
51.80,Marianne,AUIT_Multi,CAB,0.618,1.720,0.721,340.9,0.8,0.147,1.720,1.073,0.449,1.720,1.388,World,CabinetD06,34.0,5.0,0.588,0.688,0,0,None,None,0,1,0,0,1.3656,1.9987,0.436,0.000,0
51.91,Marianne,AUIT_Multi,CAB,0.633,1.723,0.763,346.7,359.8,0.244,1.721,1.135,0.451,1.721,1.181,World,CabinetD06,33.0,10.3,0.539,0.456,0,0,None,None,0,1,0,0,1.0339,1.8656,0.212,0.000,0
52.01,Marianne,AUIT_Multi,CAB,0.645,1.724,0.796,350.2,358.9,0.291,1.723,1.203,0.744,1.723,1.525,World,CabinetD06,31.2,17.6,0.540,0.737,0,0,None,None,0,1,0,0,0.8534,4.6507,0.556,0.000,0
52.11,Marianne,AUIT_Multi,CAB,0.655,1.724,0.826,353.5,359.0,0.318,1.724,1.277,0.870,1.724,1.626,World,CabinetD06,30.2,21.5,0.563,0.829,0,0,None,None,0,1,0,1,0.8095,1.6582,0.653,0.000,0
52.20,Marianne,AUIT_Multi,CAB,0.663,1.726,0.851,356.9,0.0,0.335,1.725,1.360,0.905,1.725,1.620,World,Wall4m,29.7,20.6,0.606,0.806,0,0,None,None,0,1,0,1,0.8723,0.3675,0.626,0.000,0
52.30,Marianne,AUIT_Multi,CAB,0.670,1.725,0.873,0.1,0.7,0.355,1.726,1.439,0.787,1.725,1.494,World,CabinetD05,29.1,10.7,0.648,0.632,0,0,None,None,0,1,0,0,0.8345,1.7692,0.436,0.000,0
52.41,Marianne,AUIT_Multi,CAB,0.674,1.726,0.896,4.2,1.7,0.409,1.725,1.462,0.649,1.726,1.342,World,CabinetD05,29.4,7.6,0.625,0.446,0,0,None,None,0,1,0,0,0.5292,1.8548,0.269,0.000,0
52.51,Marianne,AUIT_Multi,CAB,0.676,1.727,0.916,8.1,1.7,0.463,1.726,1.465,0.874,1.726,1.399,World,CabinetD05,29.3,14.4,0.589,0.522,0,0,None,None,0,1,0,0,0.5598,2.3871,0.416,0.000,0
52.61,Marianne,AUIT_Multi,CAB,0.673,1.727,0.937,11.0,1.5,0.509,1.727,1.469,0.975,1.727,1.395,World,CabinetD05,28.1,22.5,0.557,0.549,0,0,None,None,0,1,0,0,0.4697,1.0327,0.472,0.000,0
52.70,Marianne,AUIT_Multi,CAB,0.666,1.725,0.958,13.7,2.2,0.540,1.726,1.474,0.987,1.726,1.373,World,CabinetD05,27.6,24.1,0.532,0.524,0,0,None,None,0,1,0,0,0.3219,0.2611,0.458,0.000,0
52.80,Marianne,AUIT_Multi,CAB,0.658,1.725,0.979,16.5,3.1,0.560,1.726,1.453,0.890,1.720,1.339,World,CabinetD05,28.3,16.4,0.484,0.429,0,0,None,None,0,1,0,0,0.3049,1.0545,0.349,0.000,0
52.91,Marianne,AUIT_Multi,CAB,0.645,1.723,1.001,19.3,4.7,0.583,1.725,1.431,0.784,1.713,1.303,World,CabinetD05,27.9,6.2,0.434,0.332,0,0,None,None,0,1,0,0,0.2860,1.0127,0.238,0.000,0
53.01,Marianne,AUIT_Multi,CAB,0.632,1.720,1.020,21.5,6.2,0.602,1.725,1.410,0.911,1.718,1.334,World,CabinetD05,26.9,20.9,0.392,0.420,0,0,None,None,0,1,0,0,0.2877,1.3519,0.319,0.000,0
53.11,Marianne,AUIT_Multi,CAB,0.619,1.717,1.035,23.6,7.5,0.621,1.724,1.390,0.971,1.719,1.352,World,CabinetD05,24.7,25.4,0.355,0.474,0,0,None,None,1,0,0,0,0.2933,0.6477,0.352,0.000,0
53.20,Marianne,AUIT_Multi,CAB,0.605,1.714,1.048,25.6,8.7,0.639,1.723,1.368,0.977,1.717,1.357,World,CabinetD05,22.1,26.1,0.323,0.484,0,0,None,None,1,0,0,0,0.2837,0.0842,0.338,0.000,0
53.30,Marianne,AUIT_Multi,CAB,0.593,1.711,1.058,27.6,9.1,0.657,1.722,1.349,0.976,1.713,1.356,World,CabinetD05,18.9,26.1,0.298,0.486,0,0,None,None,1,0,0,0,0.2718,0.0397,0.319,0.000,0
53.41,Marianne,AUIT_Multi,CAB,0.584,1.711,1.070,30.0,7.1,0.680,1.722,1.323,0.974,1.711,1.355,World,Quad,13.2,24.8,0.271,0.483,0,0,None,None,1,1,0,0,0.3109,0.0279,0.297,0.000,0
53.51,Marianne,AUIT_Multi,CAB,0.581,1.715,1.079,32.4,5.8,0.702,1.722,1.302,0.973,1.712,1.354,World,Quad,8.5,23.2,0.254,0.479,0,0,None,None,1,1,0,0,0.3071,0.0170,0.277,0.000,0
53.61,Marianne,AUIT_Multi,CAB,0.582,1.719,1.085,33.9,4.2,0.724,1.723,1.282,0.973,1.715,1.354,World,Quad,5.4,21.9,0.242,0.474,0,0,None,None,1,1,0,0,0.3122,0.0346,0.260,0.000,0
53.70,Marianne,AUIT_Multi,CAB,0.584,1.723,1.090,34.9,1.9,0.744,1.723,1.259,0.972,1.719,1.352,World,Quad,8.5,21.1,0.232,0.468,0,0,None,None,1,1,0,0,0.3068,0.0434,0.247,1.000,0
53.80,Marianne,AUIT_Multi,CAB,0.590,1.724,1.091,35.6,1.1,0.712,1.723,1.506,0.972,1.723,1.350,World,CabinetD05Door,19.2,20.3,0.433,0.462,0,0,None,None,1,1,0,0,2.5576,0.0409,0.303,0.000,0
53.91,Marianne,AUIT_Multi,CAB,0.599,1.727,1.088,36.8,1.3,0.709,1.724,1.515,0.972,1.724,1.339,World,CabinetD05Door,22.3,19.3,0.441,0.450,0,0,None,None,1,1,0,0,0.0816,0.0995,0.316,0.000,0
54.01,Marianne,AUIT_Multi,CAB,0.608,1.731,1.085,37.1,0.3,0.709,1.728,1.514,0.972,1.728,1.311,World,CabinetD05Door,23.9,21.0,0.440,0.428,0,0,None,None,1,1,0,0,0.0354,0.2952,0.332,0.000,0
54.11,Marianne,AUIT_Multi,CAB,0.618,1.732,1.082,38.0,359.4,0.709,1.731,1.513,0.982,1.731,1.289,World,CabinetD05Door,26.0,22.4,0.441,0.419,0,0,None,None,0,1,0,0,0.0323,0.2541,0.353,0.000,0
54.20,Marianne,AUIT_Multi,CAB,0.627,1.732,1.079,38.1,358.9,0.718,1.732,1.512,1.004,1.732,1.280,World,CabinetD05Door,26.2,23.8,0.442,0.427,0,0,None,None,0,1,0,0,0.0958,0.2381,0.368,0.000,0
54.30,Marianne,AUIT_Multi,CAB,0.635,1.733,1.077,37.6,358.8,0.727,1.732,1.511,1.018,1.732,1.278,World,CabinetD05Door,25.7,24.7,0.444,0.432,0,0,None,None,0,1,0,0,0.0938,0.1481,0.372,0.000,0
54.41,Marianne,AUIT_Multi,CAB,0.643,1.735,1.078,36.5,356.8,0.732,1.734,1.510,1.017,1.734,1.277,World,CabinetD05Door,25.1,25.8,0.441,0.423,0,0,None,None,0,0,0,0,0.0406,0.0216,0.369,0.000,0
54.51,Marianne,AUIT_Multi,CAB,0.649,1.734,1.080,35.9,356.4,0.731,1.734,1.511,1.006,1.734,1.276,World,CabinetD05Door,25.4,25.6,0.438,0.407,0,0,None,None,0,0,0,0,0.0102,0.1097,0.362,0.000,0
54.61,Marianne,AUIT_Multi,CAB,0.655,1.734,1.081,36.0,356.6,0.733,1.735,1.511,1.002,1.735,1.276,World,CabinetD05Door,25.8,25.0,0.437,0.398,0,0,None,None,0,1,0,0,0.0222,0.0413,0.357,0.000,0
54.70,Marianne,AUIT_Multi,CAB,0.658,1.735,1.081,36.4,356.3,0.739,1.735,1.511,1.008,1.735,1.276,World,CabinetD05Door,25.9,24.8,0.438,0.401,0,0,None,None,0,1,0,0,0.0618,0.0643,0.357,0.000,0
54.80,Marianne,AUIT_Multi,CAB,0.660,1.736,1.082,36.2,356.1,0.744,1.735,1.511,1.014,1.735,1.276,World,CabinetD05Door,25.4,25.4,0.438,0.404,0,0,None,None,0,0,0,0,0.0490,0.0599,0.358,0.000,0
54.91,Marianne,AUIT_Multi,CAB,0.661,1.737,1.086,35.4,355.2,0.743,1.737,1.512,1.008,1.737,1.276,World,CabinetD05Door,25.0,26.3,0.434,0.396,0,0,None,None,1,0,0,0,0.0179,0.0588,0.355,0.000,0
55.01,Marianne,AUIT_Multi,CAB,0.662,1.736,1.090,34.9,355.9,0.739,1.737,1.513,0.997,1.737,1.277,World,CabinetD05Door,24.9,26.2,0.430,0.384,0,0,None,None,1,0,0,0,0.0430,0.1125,0.349,0.000,0
55.11,Marianne,AUIT_Multi,CAB,0.663,1.735,1.093,34.8,356.0,0.736,1.736,1.514,0.990,1.736,1.280,World,CabinetD05Door,25.2,25.8,0.427,0.376,0,0,None,None,0,0,0,0,0.0308,0.0762,0.345,0.000,0
55.20,Marianne,AUIT_Multi,CAB,0.664,1.735,1.097,34.5,356.1,0.735,1.735,1.514,0.986,1.735,1.282,World,CabinetD05Door,25.1,25.8,0.424,0.372,0,0,None,None,0,0,0,0,0.0158,0.0455,0.342,0.000,0
55.30,Marianne,AUIT_Multi,CAB,0.664,1.733,1.100,33.6,356.6,0.733,1.734,1.515,0.982,1.734,1.286,World,CabinetD05Door,24.5,26.2,0.421,0.369,0,0,None,None,1,0,0,0,0.0306,0.0578,0.339,0.000,0
55.41,Marianne,AUIT_Multi,CAB,0.664,1.733,1.102,32.9,357.0,0.726,1.733,1.516,0.978,1.733,1.293,World,CabinetD05Door,24.6,25.9,0.418,0.367,0,0,None,None,1,0,0,0,0.0618,0.0744,0.337,0.000,0
55.51,Marianne,AUIT_Multi,CAB,0.664,1.732,1.104,32.8,357.1,0.722,1.733,1.517,0.976,1.733,1.297,World,CabinetD05Door,25.0,25.5,0.417,0.367,0,0,None,None,1,0,0,0,0.0395,0.0516,0.335,0.000,0
55.61,Marianne,AUIT_Multi,CAB,0.665,1.732,1.106,32.4,357.0,0.721,1.732,1.517,0.975,1.732,1.300,World,CabinetD05Door,24.8,25.8,0.415,0.366,0,0,None,None,1,0,0,0,0.0162,0.0293,0.334,0.000,0
55.70,Marianne,AUIT_Multi,CAB,0.665,1.733,1.108,32.1,356.8,0.717,1.732,1.517,0.975,1.732,1.305,World,CabinetD05Door,24.9,25.7,0.413,0.368,0,0,None,None,1,0,0,0,0.0337,0.0516,0.334,0.000,0
55.80,Marianne,AUIT_Multi,CAB,0.665,1.732,1.109,32.2,357.0,0.716,1.732,1.518,0.975,1.732,1.308,World,CabinetD05Door,25.2,25.3,0.412,0.368,0,0,None,None,0,0,0,0,0.0155,0.0320,0.333,0.000,0
55.91,Marianne,AUIT_Multi,CAB,0.666,1.732,1.110,32.3,357.2,0.717,1.732,1.518,0.975,1.732,1.309,World,CabinetD05Door,25.3,25.1,0.411,0.368,0,0,None,None,0,0,0,0,0.0099,0.0101,0.332,0.000,0
56.01,Marianne,AUIT_Multi,CAB,0.667,1.732,1.110,33.6,357.0,0.720,1.732,1.519,0.975,1.732,1.306,World,CabinetD05Door,26.4,23.9,0.412,0.365,0,0,None,None,0,1,0,0,0.0368,0.0314,0.331,0.000,0
56.11,Marianne,AUIT_Multi,CAB,0.670,1.732,1.108,35.6,356.9,0.732,1.732,1.519,0.977,1.732,1.296,World,CabinetD05Door,27.2,23.2,0.415,0.359,0,0,None,None,0,1,0,0,0.1232,0.1109,0.331,0.000,0
56.20,Marianne,AUIT_Multi,CAB,0.674,1.732,1.107,37.6,356.8,0.749,1.732,1.519,0.988,1.732,1.285,World,CabinetD05Door,27.4,23.0,0.419,0.361,0,0,None,None,0,1,0,0,0.1761,0.1529,0.334,0.000,0
56.30,Marianne,AUIT_Multi,CAB,0.676,1.732,1.106,39.1,356.9,0.767,1.732,1.519,1.012,1.732,1.281,World,CabinetD05Door,26.8,23.5,0.423,0.379,0,0,None,None,0,1,0,0,0.1815,0.2552,0.341,0.000,0
56.41,Marianne,AUIT_Multi,CAB,0.677,1.731,1.104,39.2,357.0,0.780,1.731,1.519,1.037,1.731,1.281,World,CabinetD05Door,25.5,24.8,0.427,0.401,0,0,None,None,0,1,0,0,0.1157,0.2250,0.350,0.000,0
56.51,Marianne,AUIT_Multi,CAB,0.679,1.730,1.102,38.8,356.5,0.782,1.731,1.518,1.041,1.731,1.280,World,CabinetD05Door,25.1,25.2,0.429,0.404,0,0,None,None,0,0,0,0,0.0218,0.0410,0.352,0.000,0
56.61,Marianne,AUIT_Multi,CAB,0.681,1.728,1.099,38.9,357.1,0.781,1.730,1.517,1.041,1.730,1.279,World,CabinetD05Door,25.5,24.6,0.430,0.403,0,0,None,None,0,1,0,0,0.0152,0.0136,0.352,0.000,0
56.70,Marianne,AUIT_Multi,CAB,0.683,1.726,1.095,39.7,357.4,0.786,1.728,1.517,1.109,1.728,1.306,World,CabinetD05Door,26.0,24.1,0.434,0.476,0,0,None,None,0,1,0,0,0.0514,0.7567,0.386,0.000,0
56.81,Marianne,AUIT_Multi,CAB,0.684,1.725,1.091,40.4,357.3,0.795,1.726,1.516,1.252,1.726,1.361,World,CabinetD05Door,25.9,24.3,0.439,0.629,0,0,None,None,0,1,0,0,0.0815,1.3903,0.483,0.000,0
56.91,Marianne,AUIT_Multi,CAB,0.684,1.725,1.087,40.9,357.1,0.802,1.725,1.515,1.291,1.725,1.367,World,CabinetD05Door,25.7,24.5,0.443,0.668,0,0,None,None,0,1,0,0,0.0705,0.4004,0.511,0.000,0
57.01,Marianne,AUIT_Multi,CAB,0.684,1.728,1.084,41.3,356.0,0.807,1.726,1.514,1.313,1.726,1.367,World,CabinetD05Door,25.8,24.7,0.447,0.690,0,0,None,None,0,1,0,0,0.0523,0.2318,0.528,0.000,0
57.10,Marianne,AUIT_Multi,CAB,0.684,1.731,1.081,41.6,355.1,0.810,1.728,1.513,1.330,1.728,1.367,World,CabinetD05Door,25.9,25.0,0.450,0.706,0,0,None,None,0,0,0,0,0.0438,0.1782,0.541,0.000,0
57.20,Marianne,AUIT_Multi,CAB,0.685,1.733,1.079,41.7,354.7,0.813,1.731,1.513,1.344,1.731,1.367,World,CabinetD05Door,25.8,25.3,0.452,0.719,0,0,None,None,0,0,0,0,0.0414,0.1437,0.551,0.000,0
57.31,Marianne,AUIT_Multi,CAB,0.687,1.737,1.077,42.4,353.5,0.816,1.734,1.512,1.356,1.734,1.366,World,CabinetD05Door,26.7,25.1,0.454,0.729,0,0,None,None,0,0,0,0,0.0394,0.1144,0.560,0.000,0
57.41,Marianne,AUIT_Multi,CAB,0.691,1.738,1.076,43.3,352.5,0.825,1.737,1.512,1.253,1.748,1.346,World,CabinetD05Door,27.2,22.0,0.456,0.624,0,0,None,None,0,1,0,0,0.0954,1.0919,0.459,0.000,0
57.51,Marianne,AUIT_Multi,CAB,0.695,1.738,1.075,44.2,352.2,0.836,1.738,1.512,1.134,1.762,1.324,World,CabinetD05Door,27.3,17.0,0.459,0.506,0,0,None,None,0,1,0,0,0.1161,1.2529,0.353,0.000,0
57.61,Marianne,AUIT_Multi,CAB,0.698,1.738,1.074,45.2,352.8,0.848,1.738,1.512,1.281,1.755,1.344,World,CabinetD05Door,27.3,20.6,0.463,0.642,0,0,None,None,0,1,0,0,0.1222,1.5248,0.465,0.000,0
57.70,Marianne,AUIT_Multi,CAB,0.702,1.738,1.071,46.9,352.8,0.861,1.738,1.506,1.513,1.741,1.367,World,CabinetD05Door,27.7,24.0,0.463,0.863,0,0,None,None,0,1,0,1,0.1432,2.4039,0.667,0.000,0
57.81,Marianne,AUIT_Multi,CAB,0.705,1.737,1.069,48.6,352.8,0.868,1.738,1.476,1.632,1.738,1.367,World,CabinetD05Door,27.7,24.5,0.439,0.973,0,0,None,None,0,1,0,1,0.2791,1.0693,0.771,0.000,0
57.91,Marianne,AUIT_Multi,CAB,0.708,1.738,1.066,50.4,352.9,0.875,1.737,1.452,1.753,1.738,1.371,World,CabinetD05Door,27.9,24.3,0.420,1.089,0,0,None,None,0,1,0,1,0.2596,1.2488,0.882,0.000,0
58.01,Marianne,AUIT_Multi,CAB,0.710,1.737,1.065,52.0,353.0,0.881,1.737,1.427,1.852,1.737,1.359,World,CabinetD05Door,27.5,24.5,0.400,1.179,0,0,None,None,0,1,0,1,0.2624,1.0215,0.973,0.000,0
58.10,Marianne,AUIT_Multi,CAB,0.711,1.737,1.065,52.6,353.6,0.887,1.737,1.413,1.876,1.737,1.335,World,CabinetD05Door,26.5,25.1,0.390,1.196,0,0,None,None,0,0,0,0,0.1537,0.3505,0.993,0.000,0
58.20,Marianne,AUIT_Multi,CAB,0.711,1.736,1.066,52.5,354.0,0.891,1.736,1.411,1.882,1.736,1.325,World,CabinetD05Door,25.6,25.7,0.389,1.200,0,0,None,None,0,0,0,0,0.0459,0.1205,0.995,0.000,0
58.31,Marianne,AUIT_Multi,CAB,0.710,1.735,1.068,52.0,354.5,0.892,1.736,1.417,1.881,1.736,1.329,World,CabinetD05Door,25.0,26.0,0.394,1.200,0,0,None,None,1,0,0,0,0.0516,0.0320,0.994,0.000,0
58.41,Marianne,AUIT_Multi,CAB,0.709,1.735,1.068,51.5,354.7,0.891,1.735,1.425,1.878,1.735,1.339,World,CabinetD05Door,25.0,26.0,0.400,1.201,0,0,None,None,1,0,0,0,0.0849,0.1149,0.991,0.000,0
58.51,Marianne,AUIT_Multi,CAB,0.708,1.734,1.069,51.0,354.8,0.889,1.735,1.431,1.875,1.735,1.350,World,CabinetD05Door,25.0,25.9,0.405,1.201,0,0,None,None,0,0,0,0,0.0641,0.1115,0.990,0.000,0
58.60,Marianne,AUIT_Multi,CAB,0.707,1.734,1.070,50.1,354.9,0.888,1.734,1.439,1.872,1.734,1.362,World,CabinetD05Door,24.6,26.3,0.411,1.201,0,0,None,None,1,0,0,0,0.0837,0.1262,0.987,0.000,0
58.70,Marianne,AUIT_Multi,CAB,0.705,1.734,1.072,48.9,355.0,0.886,1.734,1.455,1.799,1.734,1.363,World,CabinetD05Door,24.1,26.7,0.423,1.131,0,0,None,None,1,0,0,0,0.1629,0.7519,0.918,0.000,0
58.81,Marianne,AUIT_Multi,CAB,0.703,1.734,1.075,46.7,355.3,0.882,1.734,1.483,1.672,1.734,1.362,World,CabinetD05Door,23.5,27.2,0.445,1.011,0,0,None,None,1,0,0,0,0.2603,1.1419,0.800,0.000,0
58.91,Marianne,AUIT_Multi,CAB,0.700,1.734,1.079,44.5,355.5,0.872,1.734,1.509,1.559,1.734,1.362,World,CabinetD05Door,23.1,27.6,0.464,0.905,0,0,None,None,1,0,0,0,0.2837,1.1513,0.703,0.000,0
59.01,Marianne,AUIT_Multi,CAB,0.697,1.734,1.083,41.9,355.6,0.850,1.734,1.513,1.449,1.734,1.363,World,CabinetD05Door,22.7,28.0,0.457,0.803,0,0,None,None,1,0,0,0,0.2310,1.1411,0.617,0.000,0
59.11,Marianne,AUIT_Multi,CAB,0.694,1.734,1.087,39.6,355.9,0.825,1.734,1.513,1.350,1.734,1.364,World,CabinetD05Door,22.8,27.8,0.447,0.712,0,0,None,None,1,0,0,0,0.2564,1.0169,0.546,0.000,0
59.20,Marianne,AUIT_Multi,CAB,0.691,1.734,1.089,37.8,355.9,0.804,1.734,1.514,1.200,1.734,1.326,World,CabinetD05Door,23.2,27.6,0.439,0.562,0,0,None,None,1,0,0,0,0.2225,1.5864,0.439,0.000,0
59.31,Marianne,AUIT_Multi,CAB,0.688,1.733,1.092,36.0,356.4,0.784,1.734,1.514,1.058,1.734,1.281,World,CabinetD05Door,23.6,27.1,0.433,0.415,0,0,None,None,1,0,0,0,0.1818,1.3462,0.360,0.000,0
59.41,Marianne,AUIT_Multi,CAB,0.686,1.732,1.094,34.7,357.0,0.770,1.733,1.514,1.020,1.733,1.276,World,CabinetD05Door,23.6,26.8,0.429,0.381,0,0,None,None,1,0,0,0,0.1431,0.3929,0.345,0.000,0
59.51,Marianne,AUIT_Multi,CAB,0.683,1.731,1.096,33.2,357.5,0.757,1.732,1.515,0.998,1.732,1.278,World,CabinetD05Door,23.4,26.9,0.425,0.364,0,0,None,None,1,0,0,0,0.1360,0.2224,0.339,0.000,0
59.61,Marianne,AUIT_Multi,CAB,0.681,1.730,1.097,31.7,358.2,0.742,1.731,1.515,0.985,1.731,1.284,World,CabinetD05Door,23.4,26.8,0.422,0.357,0,0,None,None,1,0,0,0,0.1464,0.1504,0.335,0.000,0
59.70,Marianne,AUIT_Multi,CAB,0.679,1.729,1.099,30.2,359.0,0.729,1.730,1.515,0.979,1.730,1.294,World,CabinetD05,23.3,26.8,0.419,0.358,0,0,None,None,1,0,0,0,0.1389,0.1240,0.334,0.000,0
59.81,Marianne,AUIT_Multi,CAB,0.676,1.728,1.101,28.0,359.5,0.712,1.729,1.515,0.978,1.729,1.311,World,CabinetD05,22.9,27.1,0.416,0.368,0,0,None,None,1,0,0,0,0.1490,0.1558,0.335,0.000,0
59.91,Marianne,AUIT_Multi,CAB,0.673,1.727,1.103,25.5,359.9,0.695,1.728,1.516,0.979,1.728,1.333,World,CabinetD05,22.5,27.6,0.413,0.382,0,0,None,None,1,0,0,0,0.1823,0.2206,0.338,0.000,0
60.01,Marianne,AUIT_Multi,CAB,0.670,1.726,1.105,22.7,0.5,0.674,1.727,1.516,0.980,1.727,1.360,World,CabinetD05,22.2,27.9,0.412,0.402,0,0,None,None,1,0,0,0,0.2139,0.2806,0.344,0.000,0
60.11,Marianne,AUIT_Multi,CAB,0.667,1.725,1.107,19.6,1.0,0.650,1.726,1.517,0.982,1.726,1.394,World,CabinetD05,22.0,28.1,0.411,0.426,0,0,None,None,1,0,0,0,0.2432,0.3464,0.354,0.000,0
60.20,Marianne,AUIT_Multi,CAB,0.665,1.724,1.109,16.9,1.6,0.626,1.725,1.521,0.984,1.725,1.432,World,CabinetD05,22.3,27.8,0.415,0.454,0,0,None,None,1,0,0,0,0.2531,0.3898,0.369,0.000,0
60.30,Marianne,AUIT_Multi,CAB,0.663,1.722,1.110,14.3,2.6,0.603,1.724,1.525,0.986,1.724,1.470,World,CabinetD05,22.6,27.7,0.420,0.484,0,0,None,None,1,0,0,0,0.2359,0.3976,0.386,0.000,0
60.41,Marianne,AUIT_Multi,CAB,0.661,1.721,1.112,11.7,3.4,0.580,1.722,1.522,0.980,1.722,1.519,World,CabinetD05,23.0,26.6,0.418,0.518,0,0,None,None,1,0,0,0,0.2124,0.4472,0.400,0.000,0
60.51,Marianne,AUIT_Multi,CAB,0.659,1.720,1.113,9.7,3.8,0.571,1.721,1.522,0.932,1.721,1.584,World,CabinetD05,22.1,20.7,0.418,0.545,0,0,None,None,1,1,0,0,0.0916,0.8293,0.366,0.000,0
60.61,Marianne,AUIT_Multi,CAB,0.658,1.720,1.115,8.1,4.1,0.571,1.720,1.522,0.879,1.720,1.639,World,CabinetD05,20.6,15.3,0.417,0.569,0,0,None,None,1,1,0,0,0.0091,0.7830,0.329,0.000,0
60.70,Marianne,AUIT_Multi,CAB,0.658,1.719,1.116,7.2,4.3,0.571,1.720,1.522,0.913,1.719,1.656,World,CabinetD05,19.7,18.5,0.416,0.597,0,0,None,None,1,1,0,0,0.0064,0.3929,0.367,0.000,0
60.80,Marianne,AUIT_Multi,CAB,0.660,1.720,1.117,7.4,4.3,0.571,1.719,1.523,0.926,1.719,1.655,World,CabinetD05,20.1,19.5,0.415,0.600,0,0,None,None,1,1,0,0,0.0036,0.1363,0.379,0.000,0
60.91,Marianne,AUIT_Multi,CAB,0.661,1.720,1.118,8.2,4.3,0.571,1.720,1.523,0.940,1.720,1.655,World,CabinetD05,21.2,19.7,0.415,0.604,0,0,None,None,1,1,0,0,0.0036,0.1229,0.392,0.000,0
61.01,Marianne,AUIT_Multi,CAB,0.663,1.719,1.118,9.2,4.5,0.571,1.719,1.523,0.962,1.719,1.656,World,CabinetD05,22.4,20.4,0.416,0.615,0,0,None,None,1,1,0,0,0.0021,0.2304,0.413,0.000,0
61.11,Marianne,AUIT_Multi,CAB,0.664,1.719,1.117,10.4,4.7,0.571,1.719,1.523,0.984,1.719,1.643,World,CabinetD05,23.8,21.4,0.417,0.615,0,0,None,None,1,1,0,0,0.0044,0.2597,0.430,0.000,0
61.20,Marianne,AUIT_Multi,CAB,0.666,1.718,1.116,11.8,4.7,0.571,1.719,1.523,0.988,1.719,1.595,World,CabinetD05,25.3,22.6,0.418,0.577,0,0,None,None,0,1,0,0,0.0052,0.4925,0.423,0.000,0
61.30,Marianne,AUIT_Multi,CAB,0.667,1.718,1.116,13.0,4.7,0.573,1.718,1.523,0.987,1.718,1.550,World,CabinetD05,26.3,23.9,0.418,0.539,0,0,None,None,0,1,0,0,0.0263,0.4660,0.414,0.000,0
61.41,Marianne,AUIT_Multi,CAB,0.666,1.718,1.115,13.6,4.9,0.581,1.718,1.524,0.987,1.718,1.525,World,CabinetD05,25.9,24.9,0.418,0.520,0,0,None,None,0,1,0,0,0.0663,0.2259,0.406,0.000,0
61.51,Marianne,AUIT_Multi,CAB,0.665,1.718,1.115,13.6,4.8,0.583,1.718,1.525,0.987,1.718,1.518,World,CabinetD05,25.4,25.4,0.417,0.516,0,0,None,None,0,0,0,0,0.0243,0.0652,0.404,0.000,0
61.61,Marianne,AUIT_Multi,CAB,0.664,1.718,1.115,13.5,4.7,0.582,1.718,1.524,0.987,1.718,1.519,World,CabinetD05,25.2,25.5,0.417,0.517,0,0,None,None,0,0,0,0,0.0097,0.0120,0.405,0.000,0
61.70,Marianne,AUIT_Multi,CAB,0.664,1.719,1.115,13.4,4.3,0.581,1.718,1.524,0.987,1.718,1.521,World,CabinetD05,25.2,25.4,0.418,0.520,0,0,None,None,0,0,0,0,0.0151,0.0220,0.406,0.000,0
61.80,Marianne,AUIT_Multi,CAB,0.663,1.720,1.114,13.2,3.8,0.579,1.719,1.524,0.987,1.719,1.523,World,CabinetD05,25.0,25.4,0.418,0.522,0,0,None,None,0,0,0,0,0.0164,0.0205,0.408,0.000,0
61.91,Marianne,AUIT_Multi,CAB,0.662,1.720,1.113,12.7,3.7,0.577,1.720,1.523,0.987,1.720,1.528,World,CabinetD05,24.8,25.6,0.418,0.527,0,0,None,None,1,0,0,0,0.0255,0.0403,0.411,0.000,0
62.01,Marianne,AUIT_Multi,CAB,0.662,1.720,1.113,12.2,3.5,0.573,1.720,1.522,0.988,1.720,1.535,World,CabinetD05,24.7,25.7,0.419,0.533,0,0,None,None,1,0,0,0,0.0398,0.0718,0.415,0.000,0
62.11,Marianne,AUIT_Multi,CAB,0.661,1.721,1.113,11.4,3.5,0.568,1.720,1.522,0.988,1.720,1.545,World,CabinetD05,24.4,26.0,0.419,0.542,0,0,None,None,1,0,0,0,0.0518,0.1029,0.421,0.000,0
62.20,Marianne,AUIT_Multi,CAB,0.659,1.721,1.113,10.3,3.4,0.561,1.721,1.521,0.989,1.721,1.560,World,CabinetD05,24.1,26.2,0.420,0.555,0,0,None,None,1,0,0,0,0.0745,0.1571,0.430,0.000,0
62.30,Marianne,AUIT_Multi,CAB,0.657,1.721,1.113,8.8,3.2,0.550,1.721,1.521,0.989,1.721,1.583,World,CabinetD05,23.7,26.6,0.422,0.576,0,0,None,None,1,0,0,0,0.1063,0.2364,0.443,0.000,0
62.41,Marianne,AUIT_Multi,CAB,0.655,1.721,1.113,6.8,3.3,0.534,1.721,1.521,0.990,1.721,1.621,World,CabinetD05,23.4,26.8,0.426,0.609,0,0,None,None,1,0,0,0,0.1442,0.3385,0.467,0.000,0
62.51,Marianne,AUIT_Multi,CAB,0.653,1.719,1.113,5.7,4.4,0.520,1.721,1.522,0.986,1.721,1.649,World,CabinetD05,24.2,26.6,0.430,0.631,0,0,None,None,1,0,0,0,0.1511,0.2918,0.483,0.000,0
62.61,Marianne,AUIT_Multi,CAB,0.653,1.715,1.113,5.9,6.7,0.511,1.719,1.522,0.977,1.719,1.655,World,CabinetD05,26.0,25.9,0.433,0.631,0,0,None,None,0,0,0,0,0.0910,0.1163,0.484,0.000,0
62.70,Marianne,AUIT_Multi,CAB,0.655,1.711,1.114,7.1,9.4,0.514,1.715,1.522,0.982,1.715,1.656,World,CabinetD05,27.9,25.8,0.432,0.633,0,0,None,None,0,0,0,0,0.0509,0.0668,0.486,0.000,0
62.80,Marianne,AUIT_Multi,CAB,0.658,1.707,1.114,8.6,11.6,0.526,1.711,1.522,0.988,1.711,1.639,World,CabinetD05,29.0,26.4,0.428,0.620,0,0,None,None,0,0,0,0,0.1261,0.1894,0.477,0.000,0
62.91,Marianne,AUIT_Multi,CAB,0.660,1.703,1.114,9.5,14.0,0.540,1.706,1.521,0.989,1.706,1.609,World,CabinetD05,29.5,27.8,0.425,0.594,0,0,None,None,0,0,0,0,0.1315,0.2738,0.457,0.000,0
63.01,Marianne,AUIT_Multi,CAB,0.661,1.700,1.114,9.7,15.4,0.547,1.702,1.521,0.989,1.702,1.593,World,CabinetD05,29.6,29.0,0.423,0.580,0,0,None,None,0,0,0,0,0.0840,0.1690,0.447,0.000,0
63.11,Marianne,AUIT_Multi,CAB,0.662,1.698,1.114,9.1,16.3,0.548,1.700,1.521,0.989,1.700,1.592,World,CabinetD05,29.4,29.9,0.423,0.579,0,0,None,None,0,0,0,0,0.0286,0.0293,0.447,0.000,0
63.20,Marianne,AUIT_Multi,CAB,0.662,1.698,1.115,7.8,16.6,0.543,1.698,1.522,0.990,1.698,1.605,World,CabinetD05,29.0,30.6,0.424,0.590,0,0,None,None,0,0,0,0,0.0543,0.1423,0.455,0.000,0
63.30,Marianne,AUIT_Multi,CAB,0.662,1.697,1.117,6.9,16.9,0.535,1.698,1.522,0.991,1.698,1.627,World,CabinetD05,29.3,30.6,0.425,0.607,0,0,None,None,0,0,0,0,0.0814,0.2239,0.468,0.000,0
63.41,Marianne,AUIT_Multi,CAB,0.663,1.698,1.120,5.8,17.0,0.528,1.697,1.523,0.990,1.697,1.649,World,CabinetD05,29.3,30.7,0.425,0.622,0,0,None,None,0,0,0,0,0.0658,0.1965,0.479,0.000,0
63.51,Marianne,AUIT_Multi,CAB,0.663,1.698,1.124,4.8,17.0,0.521,1.698,1.524,0.980,1.698,1.655,World,CabinetD05,29.4,30.7,0.425,0.618,0,0,None,None,0,0,0,0,0.0686,0.1220,0.477,0.000,0
63.61,Marianne,AUIT_Multi,CAB,0.664,1.698,1.127,3.9,17.1,0.515,1.698,1.526,0.967,1.698,1.655,World,CabinetD05,29.5,30.7,0.426,0.609,0,0,None,None,0,0,0,0,0.0662,0.1342,0.470,0.000,0
63.70,Marianne,AUIT_Multi,CAB,0.664,1.698,1.129,2.9,17.3,0.509,1.698,1.527,0.954,1.698,1.655,World,CabinetD05,29.5,30.8,0.427,0.601,0,0,None,None,0,0,0,0,0.0674,0.1307,0.464,0.000,0
63.80,Marianne,AUIT_Multi,CAB,0.665,1.698,1.129,2.3,17.3,0.502,1.698,1.527,0.942,1.698,1.655,World,CabinetD05,29.7,30.5,0.431,0.594,0,0,None,None,0,0,0,0,0.0691,0.1197,0.459,0.000,0
63.91,Marianne,AUIT_Multi,CAB,0.667,1.698,1.128,2.6,17.0,0.500,1.698,1.528,0.939,1.698,1.655,World,CabinetD05,30.1,29.7,0.433,0.593,0,0,None,None,0,0,0,0,0.0198,0.0341,0.457,0.000,0
64.01,Marianne,AUIT_Multi,CAB,0.669,1.699,1.126,3.0,16.7,0.503,1.698,1.527,0.943,1.698,1.655,World,CabinetD05,30.1,29.3,0.434,0.596,0,0,None,None,0,0,0,0,0.0317,0.0474,0.459,0.000,0
64.11,Marianne,AUIT_Multi,CAB,0.670,1.699,1.125,3.4,16.4,0.507,1.699,1.527,0.950,1.699,1.655,World,CabinetD05,29.9,29.1,0.433,0.600,0,0,None,None,0,0,0,0,0.0444,0.0708,0.461,0.000,0
64.20,Marianne,AUIT_Multi,CAB,0.670,1.700,1.124,3.5,16.1,0.510,1.699,1.526,0.956,1.699,1.655,World,CabinetD05,29.6,29.2,0.433,0.604,0,0,None,None,0,0,0,0,0.0357,0.0611,0.464,0.000,0
64.30,Marianne,AUIT_Multi,CAB,0.670,1.700,1.123,3.5,16.0,0.511,1.700,1.526,0.958,1.700,1.655,World,CabinetD05,29.3,29.4,0.432,0.605,0,0,None,None,0,0,0,0,0.0107,0.0224,0.465,0.000,0
64.41,Marianne,AUIT_Multi,CAB,0.670,1.700,1.123,3.5,16.1,0.511,1.700,1.526,0.958,1.700,1.655,World,CabinetD05,29.5,29.4,0.433,0.605,0,0,None,None,0,0,0,0,0.0036,0.0014,0.466,0.000,0
64.51,Marianne,AUIT_Multi,CAB,0.669,1.700,1.123,3.6,16.2,0.511,1.700,1.526,0.959,1.700,1.655,World,CabinetD05,29.5,29.5,0.433,0.606,0,0,None,None,0,0,0,0,0.0027,0.0062,0.466,0.000,0
64.61,Marianne,AUIT_Multi,CAB,0.669,1.700,1.122,3.5,16.2,0.511,1.700,1.526,0.959,1.700,1.655,World,CabinetD05,29.4,29.5,0.433,0.606,0,0,None,None,0,0,0,0,0.0014,0.0018,0.466,0.000,0
64.70,Marianne,AUIT_Multi,CAB,0.669,1.700,1.121,3.5,16.2,0.510,1.700,1.525,0.959,1.700,1.655,World,CabinetD05,29.4,29.5,0.434,0.607,0,0,None,None,0,0,0,0,0.0081,0.0041,0.467,0.000,0
64.80,Marianne,AUIT_Multi,CAB,0.668,1.700,1.120,3.6,16.1,0.510,1.700,1.525,0.959,1.700,1.655,World,CabinetD05,29.4,29.4,0.435,0.609,0,0,None,None,0,0,0,0,0.0038,0.0020,0.467,0.000,0
64.91,Marianne,AUIT_Multi,CAB,0.667,1.700,1.118,3.9,16.0,0.510,1.700,1.525,0.961,1.700,1.655,World,CabinetD05,29.4,29.3,0.436,0.612,0,0,None,None,0,0,0,0,0.0049,0.0181,0.469,0.000,0
65.01,Marianne,AUIT_Multi,CAB,0.666,1.701,1.116,4.0,15.7,0.511,1.700,1.524,0.962,1.700,1.655,World,CabinetD05,29.0,29.1,0.436,0.615,0,0,None,None,0,0,0,0,0.0069,0.0117,0.470,0.000,0
65.11,Marianne,AUIT_Multi,CAB,0.664,1.702,1.114,4.0,15.2,0.510,1.701,1.523,0.962,1.701,1.655,World,CabinetD05,28.6,28.8,0.437,0.618,0,0,None,None,0,0,0,0,0.0142,0.0097,0.471,0.000,0
65.20,Marianne,AUIT_Multi,CAB,0.660,1.704,1.111,4.2,14.5,0.508,1.703,1.523,0.962,1.703,1.655,World,CabinetD05,28.2,28.4,0.439,0.622,0,0,None,None,0,0,0,0,0.0229,0.0144,0.472,0.000,0
65.30,Marianne,AUIT_Multi,CAB,0.656,1.705,1.109,4.5,13.7,0.506,1.704,1.522,0.961,1.704,1.655,World,CabinetD05,27.7,27.9,0.440,0.626,0,0,None,None,0,0,0,0,0.0258,0.0156,0.474,0.000,0
65.41,Marianne,AUIT_Multi,CAB,0.650,1.707,1.106,4.6,12.6,0.503,1.706,1.521,0.961,1.706,1.655,World,CabinetD05,26.9,27.8,0.440,0.631,0,0,None,None,0,0,0,0,0.0371,0.0140,0.478,0.000,0
65.51,Marianne,AUIT_Multi,CAB,0.643,1.713,1.104,4.2,10.0,0.494,1.708,1.521,0.958,1.708,1.655,World,CabinetD05,25.6,27.2,0.442,0.634,0,0,None,None,0,0,0,0,0.0925,0.0424,0.483,0.000,0
65.61,Marianne,AUIT_Multi,CAB,0.636,1.719,1.101,3.7,6.0,0.483,1.714,1.520,0.949,1.714,1.654,World,CabinetD05,24.2,26.4,0.446,0.635,0,0,None,None,1,0,0,0,0.1229,0.1130,0.484,0.000,0
65.70,Marianne,AUIT_Multi,CAB,0.627,1.724,1.098,3.2,3.5,0.471,1.719,1.520,0.937,1.719,1.654,World,CabinetD05,23.7,26.0,0.450,0.637,0,0,None,None,1,0,0,0,0.1378,0.1305,0.485,0.000,0
65.81,Marianne,AUIT_Multi,CAB,0.618,1.727,1.092,2.8,1.5,0.456,1.724,1.519,0.924,1.724,1.654,World,CabinetD05,23.6,25.8,0.456,0.639,0,0,None,None,1,0,0,0,0.1426,0.1283,0.487,0.000,0
65.91,Marianne,AUIT_Multi,CAB,0.608,1.727,1.087,2.3,359.9,0.442,1.727,1.517,0.912,1.727,1.653,World,CabinetD05,23.4,25.9,0.461,0.642,0,0,None,None,1,0,0,0,0.1455,0.1256,0.489,0.000,0
66.01,Marianne,AUIT_Multi,CAB,0.599,1.724,1.081,1.9,359.7,0.428,1.727,1.516,0.900,1.727,1.653,World,Wall4m,23.4,25.8,0.468,0.646,0,0,None,None,1,0,0,0,0.1536,0.1286,0.491,0.000,0
66.10,Marianne,AUIT_Multi,CAB,0.591,1.721,1.074,1.1,359.7,0.412,1.724,1.515,0.887,1.724,1.652,World,Wall4m,23.2,26.0,0.476,0.650,0,0,None,None,1,0,0,0,0.1638,0.1309,0.495,0.000,0
66.20,Marianne,AUIT_Multi,CAB,0.583,1.721,1.068,0.3,358.2,0.394,1.722,1.513,0.872,1.722,1.652,World,Wall4m,23.4,26.0,0.484,0.652,0,0,None,None,1,0,0,0,0.1842,0.1546,0.498,0.000,0
66.31,Marianne,AUIT_Multi,CAB,0.575,1.720,1.064,359.8,356.7,0.377,1.721,1.512,0.857,1.721,1.651,World,Wall4m,23.9,26.1,0.490,0.652,0,0,None,None,1,0,0,0,0.1603,0.1358,0.501,0.000,0
66.41,Marianne,AUIT_Multi,CAB,0.568,1.720,1.062,358.0,355.6,0.360,1.720,1.511,0.841,1.720,1.651,World,CabinetD06,23.2,27.2,0.495,0.649,0,0,None,None,1,0,0,0,0.1677,0.1667,0.501,0.000,0
66.51,Marianne,AUIT_Multi,CAB,0.562,1.719,1.061,356.3,355.4,0.338,1.720,1.510,0.815,1.720,1.650,World,CabinetD06,23.3,27.3,0.501,0.641,0,0,None,None,1,0,0,0,0.2312,0.2685,0.497,0.000,0
66.60,Marianne,AUIT_Multi,CAB,0.557,1.719,1.061,354.9,355.0,0.346,1.719,1.500,0.767,1.726,1.657,World,CabinetD06,21.2,24.8,0.488,0.632,0,0,None,None,1,1,0,0,0.1271,0.5008,0.449,0.000,0
66.70,Marianne,AUIT_Multi,CAB,0.553,1.720,1.061,353.8,354.3,0.370,1.719,1.507,0.698,1.737,1.668,World,Quad,17.1,20.0,0.483,0.624,0,0,None,None,1,1,0,0,0.2544,0.7257,0.366,0.000,0
66.81,Marianne,AUIT_Multi,CAB,0.549,1.721,1.060,352.6,354.2,0.401,1.718,1.508,0.638,1.738,1.667,World,Quad,12.5,16.2,0.472,0.614,0,0,None,None,1,1,0,0,0.2776,0.5456,0.286,0.000,0
66.91,Marianne,AUIT_Multi,CAB,0.547,1.722,1.059,352.3,354.7,0.421,1.718,1.508,0.635,1.724,1.650,World,Quad,9.8,17.0,0.466,0.597,0,0,None,None,1,1,0,0,0.2107,0.2252,0.257,0.000,0
67.01,Marianne,AUIT_Multi,CAB,0.545,1.722,1.060,352.7,354.7,0.443,1.717,1.509,0.635,1.722,1.647,World,Quad,8.0,16.9,0.461,0.595,0,0,None,None,1,1,0,0,0.2289,0.0318,0.236,0.000,0
67.10,Marianne,AUIT_Multi,CAB,0.544,1.722,1.061,353.6,355.2,0.468,1.717,1.510,0.635,1.722,1.647,World,Quad,6.3,15.9,0.455,0.594,0,0,None,None,1,1,0,0,0.2565,0.0019,0.216,0.448,0
67.20,Marianne,AUIT_Multi,CAB,0.543,1.721,1.061,354.8,355.1,0.493,1.716,1.510,0.637,1.722,1.647,World,Quad,5.7,15.1,0.452,0.594,0,0,None,None,1,1,0,0,0.2563,0.0259,0.199,0.449,0
67.31,Marianne,AUIT_Multi,CAB,0.543,1.720,1.062,355.9,355.1,0.520,1.716,1.511,0.647,1.721,1.647,World,Quad,5.7,15.0,0.449,0.594,0,0,None,None,1,1,0,0,0.2447,0.0893,0.186,0.474,0
67.41,Marianne,AUIT_Multi,CAB,0.542,1.719,1.063,356.5,355.2,0.544,1.715,1.512,0.656,1.720,1.647,World,Quad,6.6,15.3,0.448,0.595,0,0,None,None,1,1,0,0,0.2460,0.0864,0.176,0.496,0
67.51,Marianne,AUIT_Multi,CAB,0.541,1.719,1.064,356.7,355.1,0.567,1.714,1.512,0.660,1.720,1.647,World,Quad,8.7,15.6,0.449,0.595,0,0,None,None,1,1,0,0,0.2375,0.0470,0.164,0.514,0
67.60,Marianne,AUIT_Multi,CAB,0.540,1.719,1.065,356.5,355.0,0.451,1.718,1.509,0.661,1.719,1.647,World,Quad,9.4,16.0,0.454,0.595,0,0,None,None,1,1,0,0,1.1959,0.0097,0.251,0.000,0
67.70,Marianne,AUIT_Multi,CAB,0.539,1.719,1.064,355.8,355.0,0.394,1.719,1.509,0.661,1.719,1.647,World,Quad,14.7,16.8,0.468,0.596,0,0,None,None,1,1,0,0,0.5845,0.0007,0.300,0.000,0
67.81,Marianne,AUIT_Multi,CAB,0.538,1.719,1.064,354.9,355.0,0.374,1.719,1.510,0.661,1.719,1.647,World,Quad,16.0,17.7,0.475,0.596,0,0,None,None,1,1,0,0,0.1871,0.0012,0.319,0.000,0
67.91,Marianne,AUIT_Multi,CAB,0.537,1.720,1.064,353.2,354.8,0.351,1.720,1.510,0.661,1.720,1.647,World,Quad,16.7,19.5,0.484,0.597,0,0,None,None,1,1,0,0,0.2298,0.0020,0.339,0.000,0
68.01,Marianne,AUIT_Multi,CAB,0.537,1.720,1.064,351.8,354.9,0.329,1.720,1.493,0.661,1.720,1.647,World,Quad,18.3,20.9,0.477,0.597,0,0,None,None,1,1,0,0,0.2912,0.0066,0.366,0.000,0
68.10,Marianne,AUIT_Multi,CAB,0.537,1.720,1.064,350.6,354.8,0.319,1.720,1.463,0.661,1.720,1.647,World,CabinetD06,20.0,21.9,0.455,0.596,0,0,None,None,1,1,0,0,0.3214,0.0028,0.389,0.000,0
68.20,Marianne,AUIT_Multi,CAB,0.537,1.720,1.064,348.7,354.8,0.312,1.720,1.436,0.661,1.720,1.647,World,CabinetD06,20.5,23.8,0.435,0.597,0,0,None,None,1,1,0,0,0.2910,0.0003,0.409,0.000,0
68.31,Marianne,AUIT_Multi,CAB,0.534,1.721,1.063,345.8,354.7,0.303,1.720,1.385,0.659,1.720,1.647,World,CabinetD06,22.0,26.8,0.397,0.598,0,0,None,None,1,0,0,0,0.4593,0.0165,0.442,0.000,0
68.41,Marianne,AUIT_Multi,CAB,0.531,1.720,1.062,342.9,354.5,0.293,1.721,1.355,0.639,1.721,1.648,World,CabinetD06,22.6,28.0,0.378,0.596,0,0,None,None,1,0,0,0,0.3283,0.2152,0.453,0.000,0
68.51,Marianne,AUIT_Multi,CAB,0.528,1.720,1.062,340.0,354.6,0.285,1.720,1.330,0.613,1.720,1.696,World,CabinetD06,22.6,28.1,0.362,0.640,0,0,None,None,1,0,0,0,0.2670,0.5577,0.491,0.000,0
68.60,Marianne,AUIT_Multi,CAB,0.526,1.720,1.061,337.8,354.5,0.279,1.720,1.308,0.592,1.720,1.844,World,CabinetD06,23.3,27.6,0.349,0.786,0,0,None,None,1,0,0,0,0.2341,1.5361,0.620,0.000,0
68.70,Marianne,AUIT_Multi,CAB,0.524,1.719,1.061,336.8,354.7,0.275,1.720,1.293,0.557,1.720,1.693,World,CabinetD06,24.3,26.8,0.339,0.633,0,0,None,None,1,0,0,0,0.1679,1.5841,0.490,0.000,0
68.81,Marianne,AUIT_Multi,CAB,0.524,1.718,1.063,337.2,355.0,0.275,1.719,1.286,0.545,1.719,1.655,World,CabinetD06,25.8,25.3,0.334,0.592,0,0,None,None,0,0,0,0,0.0596,0.3630,0.457,0.000,0
68.91,Marianne,AUIT_Multi,CAB,0.524,1.717,1.065,337.3,355.3,0.275,1.718,1.289,0.547,1.718,1.654,World,CabinetD06,25.7,25.3,0.335,0.590,0,0,None,None,0,0,0,0,0.0329,0.0239,0.455,0.000,0
69.01,Marianne,AUIT_Multi,CAB,0.524,1.717,1.066,337.3,355.5,0.275,1.717,1.291,0.548,1.717,1.655,World,CabinetD06,25.5,25.4,0.336,0.589,0,0,None,None,0,0,0,0,0.0247,0.0141,0.454,0.000,0
69.11,Marianne,AUIT_Multi,CAB,0.525,1.716,1.068,337.3,355.7,0.275,1.717,1.293,0.548,1.717,1.655,World,CabinetD06,25.6,25.3,0.336,0.587,0,0,None,None,0,0,0,0,0.0190,0.0073,0.453,0.000,0
69.20,Marianne,AUIT_Multi,CAB,0.526,1.716,1.070,337.1,355.6,0.275,1.716,1.295,0.548,1.716,1.655,World,CabinetD06,25.5,25.4,0.337,0.585,0,0,None,None,0,0,0,0,0.0236,0.0058,0.451,0.000,0
69.31,Marianne,AUIT_Multi,CAB,0.525,1.717,1.072,335.7,355.4,0.276,1.716,1.293,0.543,1.716,1.652,World,CabinetD06,24.5,26.5,0.333,0.580,0,0,None,None,1,0,0,0,0.0214,0.0551,0.447,0.000,0
69.41,Marianne,AUIT_Multi,CAB,0.523,1.717,1.072,334.2,355.3,0.276,1.717,1.284,0.529,1.717,1.648,World,CabinetD06,24.1,26.8,0.325,0.575,0,0,None,None,1,0,0,0,0.0907,0.1428,0.443,0.000,0
69.51,Marianne,AUIT_Multi,CAB,0.521,1.717,1.073,333.2,355.1,0.274,1.717,1.275,0.514,1.717,1.647,World,CabinetD06,24.4,26.6,0.318,0.573,0,0,None,None,1,0,0,0,0.1004,0.1604,0.443,0.000,0
69.60,Marianne,AUIT_Multi,CAB,0.519,1.717,1.075,332.8,355.1,0.273,1.717,1.268,0.503,1.717,1.647,World,CabinetD06,25.1,26.0,0.313,0.572,0,0,None,None,0,0,0,0,0.0630,0.1130,0.443,0.000,0
69.70,Marianne,AUIT_Multi,CAB,0.518,1.717,1.077,332.8,355.1,0.273,1.717,1.267,0.498,1.717,1.647,World,CabinetD06,25.5,25.7,0.310,0.570,0,0,None,None,0,0,0,0,0.0181,0.0537,0.442,0.000,0
69.80,Marianne,AUIT_Multi,CAB,0.515,1.717,1.080,332.5,355.2,0.272,1.717,1.267,0.494,1.717,1.647,World,CabinetD06,25.3,25.8,0.307,0.568,0,0,None,None,0,0,0,0,0.0053,0.0346,0.440,0.000,0
69.91,Marianne,AUIT_Multi,CAB,0.513,1.716,1.083,332.5,355.3,0.272,1.717,1.267,0.490,1.717,1.647,World,CabinetD06,25.6,25.5,0.303,0.564,0,0,None,None,0,0,0,0,0.0069,0.0412,0.438,0.000,0
70.01,Marianne,AUIT_Multi,CAB,0.512,1.716,1.086,332.9,355.4,0.272,1.716,1.269,0.489,1.716,1.647,World,CabinetD06,26.0,25.2,0.302,0.561,0,0,None,None,0,0,0,0,0.0244,0.0073,0.436,0.000,0
70.11,Marianne,AUIT_Multi,CAB,0.511,1.715,1.090,333.5,355.6,0.272,1.715,1.274,0.492,1.715,1.647,World,CabinetD06,26.2,24.9,0.301,0.558,0,0,None,None,0,1,0,0,0.0502,0.0323,0.433,0.000,0
70.20,Marianne,AUIT_Multi,CAB,0.510,1.714,1.093,334.2,355.9,0.273,1.715,1.280,0.497,1.715,1.647,World,CabinetD06,26.2,24.8,0.303,0.555,0,0,None,None,0,1,0,0,0.0644,0.0509,0.430,0.000,0
70.30,Marianne,AUIT_Multi,CAB,0.510,1.714,1.095,334.8,356.0,0.273,1.714,1.287,0.503,1.714,1.647,World,CabinetD06,26.2,24.7,0.305,0.552,0,0,None,None,0,1,0,0,0.0692,0.0605,0.428,0.000,0
70.41,Marianne,AUIT_Multi,CAB,0.511,1.713,1.098,335.4,356.2,0.273,1.714,1.295,0.510,1.714,1.647,World,CabinetD06,26.0,24.8,0.309,0.550,0,0,None,None,0,1,0,0,0.0728,0.0629,0.425,0.000,0
70.51,Marianne,AUIT_Multi,CAB,0.512,1.713,1.099,335.7,356.3,0.273,1.713,1.301,0.515,1.713,1.647,World,CabinetD06,25.8,24.9,0.313,0.548,0,0,None,None,0,1,0,0,0.0574,0.0498,0.423,0.000,0
70.61,Marianne,AUIT_Multi,CAB,0.512,1.713,1.100,336.0,356.3,0.273,1.713,1.305,0.519,1.713,1.647,World,CabinetD06,25.7,24.9,0.315,0.547,0,0,None,None,0,1,0,0,0.0452,0.0401,0.422,0.000,0
70.70,Marianne,AUIT_Multi,CAB,0.513,1.714,1.100,335.8,356.3,0.273,1.713,1.308,0.521,1.713,1.647,World,CabinetD06,25.3,25.3,0.317,0.547,0,0,None,None,0,0,0,0,0.0277,0.0252,0.421,0.000,0
70.80,Marianne,AUIT_Multi,CAB,0.514,1.714,1.101,335.8,356.2,0.273,1.714,1.308,0.521,1.714,1.647,World,CabinetD06,25.4,25.2,0.318,0.547,0,0,None,None,0,0,0,0,0.0052,0.0031,0.421,0.000,0
70.91,Marianne,AUIT_Multi,CAB,0.515,1.715,1.101,336.0,356.1,0.273,1.714,1.309,0.523,1.714,1.647,World,CabinetD06,25.5,25.1,0.319,0.547,0,0,None,None,0,0,0,0,0.0129,0.0124,0.420,0.000,0
71.01,Marianne,AUIT_Multi,CAB,0.515,1.715,1.101,336.1,356.2,0.273,1.715,1.311,0.524,1.715,1.648,World,CabinetD06,25.4,25.1,0.320,0.546,0,0,None,None,0,0,0,0,0.0185,0.0196,0.420,0.000,0
71.11,Marianne,AUIT_Multi,CAB,0.514,1.714,1.101,336.1,356.3,0.273,1.715,1.312,0.525,1.715,1.648,World,CabinetD06,25.2,25.3,0.320,0.546,0,0,None,None,0,0,0,0,0.0108,0.0089,0.420,0.000,0
71.20,Marianne,AUIT_Multi,CAB,0.513,1.714,1.101,336.1,356.4,0.273,1.714,1.311,0.524,1.714,1.648,World,CabinetD06,25.1,25.3,0.319,0.547,0,0,None,None,0,0,0,0,0.0095,0.0107,0.420,0.000,0
71.30,Marianne,AUIT_Multi,CAB,0.512,1.713,1.100,336.2,356.5,0.273,1.714,1.310,0.524,1.714,1.648,World,CabinetD06,25.1,25.3,0.318,0.548,0,0,None,None,0,0,0,0,0.0103,0.0082,0.420,0.000,0
71.41,Marianne,AUIT_Multi,CAB,0.511,1.713,1.099,336.3,356.4,0.272,1.713,1.309,0.523,1.713,1.648,World,CabinetD06,25.1,25.2,0.317,0.548,0,0,None,None,0,0,0,0,0.0121,0.0078,0.421,0.000,0
71.51,Marianne,AUIT_Multi,CAB,0.510,1.713,1.099,336.5,356.4,0.272,1.713,1.309,0.523,1.713,1.648,World,CabinetD06,25.2,25.1,0.317,0.549,0,0,None,None,0,0,0,0,0.0049,0.0031,0.421,0.000,0
71.61,Marianne,AUIT_Multi,CAB,0.509,1.713,1.097,336.6,356.4,0.272,1.713,1.309,0.524,1.713,1.648,World,CabinetD06,25.0,25.2,0.318,0.550,0,0,None,None,0,0,0,0,0.0052,0.0045,0.422,0.000,0
71.70,Marianne,AUIT_Multi,CAB,0.508,1.713,1.096,336.6,356.3,0.271,1.713,1.308,0.523,1.713,1.648,World,CabinetD06,25.0,25.3,0.317,0.552,0,0,None,None,0,0,0,0,0.0153,0.0020,0.423,0.000,0
71.80,Marianne,AUIT_Multi,CAB,0.507,1.713,1.095,336.6,356.3,0.271,1.713,1.306,0.523,1.713,1.648,World,CabinetD06,25.0,25.3,0.316,0.553,0,0,None,None,0,0,0,0,0.0176,0.0058,0.424,0.000,0
71.91,Marianne,AUIT_Multi,CAB,0.507,1.714,1.094,336.6,356.0,0.271,1.713,1.304,0.522,1.713,1.648,World,CabinetD06,25.2,25.3,0.316,0.554,0,0,None,None,0,0,0,0,0.0188,0.0095,0.425,0.000,0
72.01,Marianne,AUIT_Multi,CAB,0.507,1.713,1.093,336.5,355.9,0.271,1.713,1.303,0.522,1.713,1.648,World,CabinetD06,25.2,25.4,0.315,0.554,0,0,None,None,0,0,0,0,0.0107,0.0039,0.426,0.000,0
72.11,Marianne,AUIT_Multi,CAB,0.506,1.713,1.093,336.2,356.1,0.271,1.713,1.301,0.521,1.713,1.648,World,CabinetD06,24.9,25.6,0.314,0.555,0,0,None,None,1,0,0,0,0.0174,0.0137,0.427,0.000,0
72.20,Marianne,AUIT_Multi,CAB,0.506,1.713,1.092,335.9,356.1,0.271,1.713,1.298,0.517,1.713,1.647,World,CabinetD06,24.9,25.6,0.312,0.556,0,0,None,None,1,0,0,0,0.0349,0.0350,0.427,0.000,0
72.31,Marianne,AUIT_Multi,CAB,0.506,1.713,1.092,336.0,355.9,0.271,1.713,1.296,0.515,1.713,1.647,World,CabinetD06,25.4,25.2,0.311,0.556,0,0,None,None,0,0,0,0,0.0223,0.0214,0.428,0.000,0
72.41,Marianne,AUIT_Multi,CAB,0.506,1.713,1.092,336.1,356.0,0.271,1.713,1.296,0.516,1.713,1.647,World,CabinetD06,25.4,25.2,0.311,0.555,0,0,None,None,0,0,0,0,0.0088,0.0109,0.428,0.000,0
72.51,Marianne,AUIT_Multi,CAB,0.505,1.713,1.093,336.1,356.1,0.271,1.713,1.297,0.516,1.713,1.647,World,CabinetD06,25.3,25.3,0.311,0.555,0,0,None,None,0,0,0,0,0.0053,0.0025,0.428,0.000,0
72.60,Marianne,AUIT_Multi,CAB,0.505,1.713,1.093,336.2,356.2,0.271,1.713,1.298,0.516,1.713,1.647,World,CabinetD06,25.3,25.2,0.311,0.555,0,0,None,None,0,0,0,0,0.0070,0.0040,0.427,0.000,0
72.70,Marianne,AUIT_Multi,CAB,0.505,1.713,1.093,336.2,356.1,0.271,1.713,1.298,0.517,1.713,1.647,World,CabinetD06,25.3,25.2,0.312,0.555,0,0,None,None,0,0,0,0,0.0053,0.0049,0.427,0.000,0
72.81,Marianne,AUIT_Multi,CAB,0.505,1.713,1.092,336.2,356.1,0.271,1.713,1.298,0.517,1.713,1.647,World,CabinetD06,25.2,25.3,0.312,0.555,0,0,None,None,0,0,0,0,0.0012,0.0039,0.427,0.000,0
72.91,Marianne,AUIT_Multi,CAB,0.506,1.713,1.092,336.1,356.1,0.271,1.713,1.298,0.517,1.713,1.647,World,CabinetD06,25.2,25.3,0.312,0.555,0,0,None,None,0,0,0,0,0.0044,0.0021,0.428,0.000,0
73.01,Marianne,AUIT_Multi,CAB,0.506,1.713,1.092,336.0,356.1,0.271,1.713,1.297,0.516,1.713,1.647,World,CabinetD06,25.2,25.4,0.312,0.555,0,0,None,None,0,0,0,0,0.0047,0.0037,0.428,0.000,0
73.10,Marianne,AUIT_Multi,CAB,0.506,1.713,1.092,335.7,356.1,0.271,1.713,1.296,0.515,1.713,1.647,World,CabinetD06,25.0,25.5,0.311,0.556,0,0,None,None,0,0,0,0,0.0162,0.0163,0.428,0.000,0
73.20,Marianne,AUIT_Multi,CAB,0.507,1.713,1.092,335.7,356.1,0.271,1.713,1.294,0.513,1.713,1.647,World,CabinetD06,25.3,25.3,0.311,0.556,0,0,None,None,0,0,0,0,0.0167,0.0152,0.428,0.000,0
73.31,Marianne,AUIT_Multi,CAB,0.511,1.712,1.093,337.3,356.6,0.272,1.713,1.297,0.517,1.713,1.647,World,CabinetD06,27.1,23.5,0.315,0.555,0,0,None,None,0,1,0,0,0.0253,0.0323,0.428,0.000,0
73.41,Marianne,AUIT_Multi,CAB,0.523,1.708,1.096,344.4,359.6,0.271,1.712,1.325,0.561,1.712,1.787,World,CabinetD06,32.1,18.7,0.341,0.693,0,0,None,None,0,1,0,0,0.2937,1.5119,0.546,0.000,0
73.51,Marianne,AUIT_Multi,CAB,0.540,1.703,1.099,355.2,3.5,0.270,1.707,1.420,0.638,1.707,1.692,World,CabinetD06,35.5,14.7,0.420,0.602,0,0,None,None,0,1,0,0,0.9717,1.2623,0.458,0.000,0
73.60,Marianne,AUIT_Multi,CAB,0.557,1.698,1.099,5.8,6.5,0.318,1.702,1.514,0.762,1.702,1.658,World,CabinetD05,36.4,15.8,0.479,0.596,0,0,None,None,0,1,0,0,1.0894,1.3262,0.467,0.000,0
73.70,Marianne,AUIT_Multi,CAB,0.572,1.694,1.097,14.5,8.8,0.417,1.697,1.518,0.904,1.697,1.654,World,CabinetD05,35.7,18.6,0.449,0.649,0,0,None,None,0,1,0,0,1.0219,1.4604,0.505,0.000,0
73.81,Marianne,AUIT_Multi,CAB,0.584,1.691,1.095,20.2,10.5,0.504,1.693,1.515,0.969,1.693,1.560,World,CabinetD05,32.6,22.1,0.427,0.604,0,0,None,None,0,1,0,0,0.7860,1.0319,0.467,0.000,0
73.91,Marianne,AUIT_Multi,CAB,0.590,1.691,1.099,21.8,11.2,0.547,1.691,1.516,0.976,1.691,1.490,World,CabinetD05,29.7,25.3,0.420,0.550,0,0,None,None,0,0,0,0,0.4361,0.7200,0.430,0.000,0
74.01,Marianne,AUIT_Multi,CAB,0.594,1.692,1.108,21.6,11.1,0.564,1.691,1.519,0.977,1.691,1.468,World,CabinetD05,27.9,27.3,0.412,0.526,0,0,None,None,0,0,0,0,0.1826,0.2284,0.416,0.000,0
74.10,Marianne,AUIT_Multi,CAB,0.600,1.693,1.125,20.9,10.5,0.569,1.692,1.522,0.978,1.692,1.475,World,CabinetD05,27.2,28.2,0.398,0.516,0,0,None,None,0,0,0,0,0.0623,0.0724,0.412,0.000,0
74.20,Marianne,AUIT_Multi,CAB,0.606,1.691,1.150,19.9,9.8,0.571,1.692,1.527,0.979,1.692,1.497,World,CabinetD05,26.9,28.8,0.379,0.510,0,0,None,None,0,0,0,0,0.0557,0.2283,0.409,0.000,0
74.31,Marianne,AUIT_Multi,CAB,0.610,1.685,1.186,17.0,8.3,0.568,1.689,1.535,0.981,1.689,1.544,World,CabinetD05,25.4,30.2,0.351,0.516,0,0,None,None,0,0,0,0,0.0758,0.4206,0.413,0.000,0
74.41,Marianne,AUIT_Multi,CAB,0.612,1.676,1.217,13.8,7.5,0.558,1.684,1.542,0.983,1.684,1.612,World,CabinetD05,24.9,30.4,0.330,0.542,0,0,None,None,1,0,0,0,0.1434,0.7009,0.431,0.000,0
74.51,Marianne,AUIT_Multi,CAB,0.613,1.668,1.237,12.5,8.4,0.547,1.675,1.549,0.964,1.675,1.655,World,CabinetD05,26.3,28.9,0.319,0.546,0,0,None,None,0,0,0,0,0.1608,0.4931,0.430,0.000,0
74.60,Marianne,AUIT_Multi,CAB,0.613,1.665,1.242,13.4,11.0,0.545,1.668,1.554,0.945,1.668,1.663,World,CabinetD05,28.1,27.1,0.320,0.536,0,0,None,None,0,0,0,0,0.0922,0.2260,0.415,0.000,0
74.70,Marianne,AUIT_Multi,CAB,0.615,1.670,1.234,15.7,12.0,0.552,1.667,1.555,0.957,1.667,1.665,World,CabinetD05,28.9,25.4,0.327,0.551,0,0,None,None,0,0,0,0,0.0716,0.1213,0.420,0.000,0
74.81,Marianne,AUIT_Multi,CAB,0.616,1.675,1.217,18.1,12.9,0.565,1.671,1.553,0.978,1.671,1.645,World,CabinetD05,29.3,25.2,0.340,0.560,0,0,None,None,0,0,0,0,0.1254,0.2688,0.423,0.000,0
74.91,Marianne,AUIT_Multi,CAB,0.619,1.679,1.198,21.2,13.4,0.580,1.675,1.553,0.980,1.675,1.595,World,CabinetD05,30.1,24.6,0.356,0.536,0,0,None,None,0,1,0,0,0.1580,0.5183,0.402,0.000,0
75.01,Marianne,AUIT_Multi,CAB,0.620,1.683,1.179,23.8,13.7,0.597,1.679,1.548,0.978,1.679,1.538,World,CabinetD05,30.1,24.8,0.370,0.507,0,0,None,None,0,1,0,0,0.1929,0.5844,0.381,0.000,0
75.10,Marianne,AUIT_Multi,CAB,0.621,1.689,1.163,26.2,13.2,0.614,1.684,1.539,0.977,1.684,1.488,World,CabinetD05,29.8,24.6,0.376,0.482,0,0,None,None,0,1,0,0,0.2015,0.5150,0.367,0.000,0
75.20,Marianne,AUIT_Multi,CAB,0.625,1.694,1.154,28.3,12.2,0.631,1.689,1.532,0.976,1.689,1.446,World,CabinetD05,29.5,24.7,0.379,0.456,0,0,None,None,0,1,0,0,0.1977,0.4444,0.355,0.000,0
75.31,Marianne,AUIT_Multi,CAB,0.635,1.699,1.152,29.4,11.3,0.651,1.695,1.530,0.975,1.695,1.411,World,CabinetD05,28.9,25.5,0.378,0.428,0,0,None,None,0,0,0,0,0.1839,0.3121,0.345,0.000,0
75.41,Marianne,AUIT_Multi,CAB,0.647,1.700,1.155,28.7,11.4,0.664,1.699,1.530,0.975,1.699,1.398,World,CabinetD05,28.3,27.0,0.375,0.408,0,0,None,None,0,0,0,0,0.1447,0.1443,0.338,0.000,0
75.51,Marianne,AUIT_Multi,CAB,0.661,1.701,1.157,26.7,12.2,0.671,1.700,1.530,0.977,1.700,1.399,World,CabinetD05,27.8,28.3,0.373,0.397,0,0,None,None,0,0,0,0,0.0709,0.0251,0.333,0.000,0
75.60,Marianne,AUIT_Multi,CAB,0.678,1.705,1.161,24.9,11.8,0.673,1.702,1.531,0.979,1.702,1.409,World,CabinetD05,28.0,27.8,0.370,0.389,0,0,None,None,0,0,0,0,0.0331,0.1013,0.329,0.000,0
75.70,Marianne,AUIT_Multi,CAB,0.697,1.706,1.166,24.0,11.6,0.680,1.705,1.532,0.980,1.705,1.413,World,CabinetD05,28.8,27.2,0.366,0.376,0,0,None,None,0,0,0,0,0.0765,0.0579,0.323,0.000,0
75.81,Marianne,AUIT_Multi,CAB,0.718,1.706,1.174,22.8,11.5,0.693,1.706,1.534,0.982,1.706,1.414,World,CabinetD05,28.9,27.3,0.361,0.357,0,0,None,None,0,0,0,0,0.1190,0.0207,0.313,0.000,0
75.91,Marianne,AUIT_Multi,CAB,0.732,1.706,1.179,22.1,11.3,0.704,1.706,1.535,0.983,1.706,1.415,World,CabinetD05,28.6,27.1,0.358,0.345,0,0,None,None,0,0,0,0,0.1180,0.0156,0.304,0.000,0
76.01,Marianne,AUIT_Multi,CAB,0.739,1.705,1.179,21.3,11.5,0.713,1.705,1.537,0.985,1.705,1.414,World,CabinetD05,27.9,27.3,0.359,0.340,0,0,None,None,0,0,0,0,0.0901,0.0157,0.298,0.000,0
76.10,Marianne,AUIT_Multi,CAB,0.742,1.707,1.176,19.8,10.2,0.714,1.705,1.536,0.986,1.705,1.415,World,CabinetD05,26.0,27.4,0.361,0.342,0,0,None,None,0,0,0,0,0.0143,0.0203,0.297,0.000,0
76.20,Marianne,AUIT_Multi,CAB,0.741,1.709,1.173,17.8,8.9,0.707,1.707,1.536,0.987,1.707,1.426,World,CabinetD05,24.8,27.6,0.365,0.353,0,0,None,None,1,0,0,0,0.0832,0.1088,0.301,0.000,0
76.31,Marianne,AUIT_Multi,CAB,0.740,1.711,1.171,16.3,8.0,0.693,1.709,1.535,0.989,1.709,1.443,World,CabinetD05,24.7,27.1,0.368,0.369,0,0,None,None,1,0,0,0,0.1264,0.1631,0.310,0.000,0
76.41,Marianne,AUIT_Multi,CAB,0.740,1.712,1.169,16.1,7.9,0.684,1.711,1.535,0.989,1.711,1.454,World,CabinetD05,25.7,26.3,0.370,0.379,0,0,None,None,0,0,0,0,0.0886,0.1091,0.315,0.000,0
76.50,Marianne,AUIT_Multi,CAB,0.740,1.711,1.167,17.1,8.2,0.684,1.711,1.534,0.989,1.711,1.452,World,CabinetD05,27.0,25.4,0.371,0.378,0,0,None,None,0,0,0,0,0.0086,0.0210,0.316,0.000,0
76.60,Marianne,AUIT_Multi,CAB,0.740,1.710,1.167,18.3,8.5,0.691,1.711,1.534,0.988,1.711,1.440,World,CabinetD05,27.3,25.3,0.370,0.368,0,0,None,None,0,0,0,0,0.0700,0.1236,0.312,0.000,0
76.71,Marianne,AUIT_Multi,CAB,0.740,1.710,1.167,19.2,8.7,0.698,1.711,1.534,0.987,1.711,1.428,World,CabinetD05,27.1,25.8,0.369,0.359,0,0,None,None,0,0,0,0,0.0692,0.1112,0.308,0.000,0
76.81,Marianne,AUIT_Multi,CAB,0.739,1.708,1.168,19.8,9.6,0.703,1.710,1.534,0.987,1.710,1.421,World,CabinetD05,27.1,26.4,0.368,0.354,0,0,None,None,0,0,0,0,0.0502,0.0745,0.305,0.000,0
76.91,Marianne,AUIT_Multi,CAB,0.738,1.709,1.166,19.7,9.3,0.705,1.709,1.534,0.986,1.709,1.417,World,CabinetD05,26.3,26.5,0.369,0.354,0,0,None,None,0,0,0,0,0.0228,0.0365,0.304,0.000,0
77.00,Marianne,AUIT_Multi,CAB,0.735,1.711,1.163,19.3,8.2,0.703,1.710,1.533,0.987,1.710,1.418,World,CabinetD05,25.4,26.5,0.372,0.358,0,0,None,None,0,0,0,0,0.0285,0.0127,0.306,0.000,0
77.10,Marianne,AUIT_Multi,CAB,0.732,1.712,1.160,18.7,7.4,0.697,1.711,1.532,0.987,1.711,1.422,World,CabinetD05,25.0,26.5,0.374,0.366,0,0,None,None,0,0,0,0,0.0620,0.0459,0.310,0.000,0
77.21,Marianne,AUIT_Multi,CAB,0.728,1.713,1.156,18.3,6.1,0.689,1.712,1.531,0.987,1.712,1.428,World,CabinetD05,25.0,25.9,0.377,0.376,0,0,None,None,1,0,0,0,0.0726,0.0541,0.316,0.000,0
77.31,Marianne,AUIT_Multi,CAB,0.726,1.713,1.154,18.3,5.2,0.684,1.713,1.531,0.987,1.713,1.430,World,CabinetD05,25.1,25.6,0.379,0.380,0,0,None,None,0,0,0,0,0.0493,0.0255,0.319,0.000,0
77.41,Marianne,AUIT_Multi,CAB,0.725,1.713,1.153,18.3,4.4,0.682,1.713,1.530,0.987,1.713,1.431,World,CabinetD05,25.2,25.4,0.380,0.382,0,0,None,None,0,0,0,0,0.0252,0.0046,0.321,0.000,0
77.50,Marianne,AUIT_Multi,CAB,0.726,1.713,1.153,18.0,4.1,0.680,1.713,1.530,0.987,1.713,1.431,World,CabinetD05,25.2,25.4,0.380,0.382,0,0,None,None,0,0,0,0,0.0142,0.0077,0.322,0.000,0
77.60,Marianne,AUIT_Multi,CAB,0.728,1.714,1.152,18.2,3.7,0.681,1.713,1.530,0.987,1.713,1.432,World,CabinetD05,25.7,24.8,0.381,0.381,0,0,None,None,0,1,0,0,0.0016,0.0028,0.322,0.000,0
77.71,Marianne,AUIT_Multi,CAB,0.731,1.714,1.152,18.6,3.3,0.685,1.714,1.530,0.987,1.714,1.426,World,CabinetD05,25.8,24.7,0.380,0.374,0,0,None,None,0,1,0,0,0.0399,0.0539,0.319,0.000,0
77.81,Marianne,AUIT_Multi,CAB,0.732,1.713,1.153,18.7,3.3,0.689,1.714,1.530,0.987,1.714,1.421,World,CabinetD05,25.5,25.0,0.380,0.370,0,0,None,None,0,0,0,0,0.0382,0.0464,0.317,0.000,0
77.91,Marianne,AUIT_Multi,CAB,0.733,1.713,1.153,18.5,3.4,0.690,1.713,1.530,0.987,1.713,1.420,World,CabinetD05,25.2,25.3,0.379,0.368,0,0,None,None,0,0,0,0,0.0172,0.0141,0.316,0.000,0
78.00,Marianne,AUIT_Multi,CAB,0.733,1.712,1.152,18.5,3.4,0.690,1.713,1.530,0.987,1.713,1.420,World,CabinetD05,25.2,25.2,0.380,0.369,0,0,None,None,0,0,0,0,0.0051,0.0077,0.316,0.000,0
78.10,Marianne,AUIT_Multi,CAB,0.734,1.712,1.151,18.7,3.4,0.691,1.712,1.530,0.987,1.712,1.419,World,CabinetD05,25.4,24.9,0.381,0.369,0,0,None,None,0,1,0,0,0.0061,0.0152,0.316,0.000,0
78.21,Marianne,AUIT_Multi,CAB,0.733,1.712,1.149,18.9,3.7,0.692,1.712,1.529,0.987,1.712,1.415,World,CabinetD05,25.3,25.0,0.382,0.368,0,0,None,None,0,0,0,0,0.0116,0.0335,0.316,0.000,0
78.31,Marianne,AUIT_Multi,CAB,0.731,1.713,1.146,19.0,3.7,0.692,1.712,1.529,0.987,1.712,1.414,World,CabinetD05,25.1,25.0,0.384,0.370,0,0,None,None,0,1,0,0,0.0060,0.0152,0.316,0.000,0
78.41,Marianne,AUIT_Multi,CAB,0.729,1.714,1.143,19.4,3.6,0.692,1.713,1.528,0.987,1.713,1.412,World,CabinetD05,25.1,24.6,0.386,0.372,0,0,None,None,0,1,0,0,0.0100,0.0171,0.316,0.000,0
78.50,Marianne,AUIT_Multi,CAB,0.727,1.718,1.139,21.0,2.3,0.694,1.715,1.527,0.986,1.715,1.403,World,CabinetD05,26.0,23.5,0.389,0.370,0,0,None,None,0,1,0,0,0.0236,0.0932,0.317,0.000,0
78.60,Marianne,AUIT_Multi,CAB,0.724,1.723,1.135,22.6,0.2,0.701,1.718,1.526,0.985,1.718,1.386,World,CabinetD05,26.0,23.4,0.391,0.362,0,0,None,None,0,1,0,0,0.0886,0.1826,0.316,0.000,0
78.71,Marianne,AUIT_Multi,CAB,0.720,1.728,1.132,23.2,357.6,0.708,1.724,1.524,0.983,1.724,1.371,World,CabinetD05,25.2,24.7,0.393,0.356,0,0,None,None,0,1,0,0,0.0794,0.1452,0.315,0.000,0
78.81,Marianne,AUIT_Multi,CAB,0.715,1.730,1.128,22.8,356.3,0.706,1.728,1.524,0.983,1.728,1.369,World,CabinetD05,24.4,25.6,0.396,0.360,0,0,None,None,1,0,0,0,0.0468,0.0474,0.317,0.000,0
78.91,Marianne,AUIT_Multi,CAB,0.709,1.732,1.124,22.6,355.4,0.699,1.730,1.523,0.983,1.730,1.372,World,CabinetD05,24.6,25.6,0.399,0.370,0,0,None,None,1,0,0,0,0.0775,0.0376,0.322,0.000,0
79.00,Marianne,AUIT_Multi,CAB,0.702,1.734,1.119,22.9,354.7,0.693,1.732,1.521,0.983,1.732,1.373,World,CabinetD05,24.9,25.5,0.403,0.378,0,0,None,None,1,0,0,0,0.0695,0.0215,0.326,0.000,0
79.10,Marianne,AUIT_Multi,CAB,0.695,1.734,1.114,23.3,354.3,0.688,1.734,1.520,0.983,1.734,1.372,World,CabinetD05,24.9,25.4,0.406,0.386,0,0,None,None,1,0,0,0,0.0497,0.0144,0.329,0.000,0
79.21,Marianne,AUIT_Multi,CAB,0.686,1.735,1.108,23.7,354.6,0.684,1.734,1.519,0.982,1.734,1.372,World,CabinetD05,24.5,25.2,0.411,0.397,0,0,None,None,1,0,0,0,0.0426,0.0099,0.332,0.000,0
79.31,Marianne,AUIT_Multi,CAB,0.676,1.734,1.103,24.1,354.5,0.679,1.734,1.517,0.981,1.734,1.371,World,CabinetD05,24.4,25.1,0.414,0.406,0,0,None,None,1,0,0,0,0.0571,0.0075,0.336,0.000,0
79.41,Marianne,AUIT_Multi,CAB,0.667,1.731,1.097,24.3,354.8,0.671,1.733,1.516,0.981,1.733,1.371,World,CabinetD05,24.1,25.1,0.418,0.416,0,0,None,None,1,0,0,0,0.0751,0.0160,0.342,0.000,0
79.50,Marianne,AUIT_Multi,CAB,0.658,1.727,1.092,24.5,355.1,0.664,1.730,1.514,0.980,1.730,1.370,World,CabinetD05,24.2,25.0,0.422,0.425,0,0,None,None,1,0,0,0,0.0870,0.0302,0.348,0.000,0
79.60,Marianne,AUIT_Multi,CAB,0.651,1.722,1.088,24.6,355.5,0.657,1.726,1.513,0.980,1.726,1.370,World,CabinetD05,24.2,25.0,0.425,0.433,0,0,None,None,1,1,0,0,0.0854,0.0438,0.353,0.000,0
79.71,Marianne,AUIT_Multi,CAB,0.645,1.718,1.083,25.2,356.0,0.651,1.721,1.512,0.979,1.721,1.369,World,CabinetD05,24.6,24.4,0.429,0.440,0,0,None,None,1,1,0,0,0.0671,0.0456,0.357,0.000,0
79.81,Marianne,AUIT_Multi,CAB,0.643,1.716,1.079,26.0,356.3,0.651,1.718,1.511,0.979,1.718,1.364,World,CabinetD05,25.1,23.9,0.432,0.441,0,0,None,None,0,1,0,0,0.0350,0.0620,0.359,0.000,0
79.91,Marianne,AUIT_Multi,CAB,0.641,1.715,1.075,27.2,356.6,0.652,1.716,1.509,0.977,1.716,1.350,World,CabinetD05,25.9,23.8,0.435,0.435,0,0,None,None,0,1,0,0,0.0236,0.1500,0.362,0.000,0
80.00,Marianne,AUIT_Multi,CAB,0.640,1.714,1.072,28.4,356.9,0.659,1.715,1.508,0.977,1.715,1.334,World,CabinetD05,26.2,23.8,0.437,0.427,0,0,None,None,0,1,0,0,0.0688,0.1648,0.363,0.000,0
80.10,Marianne,AUIT_Multi,CAB,0.640,1.714,1.069,29.8,357.3,0.668,1.714,1.508,0.976,1.714,1.319,World,CabinetD05,26.3,23.7,0.439,0.418,0,0,None,None,0,1,0,0,0.0953,0.1574,0.361,0.000,0
80.21,Marianne,AUIT_Multi,CAB,0.640,1.713,1.068,31.2,357.6,0.679,1.713,1.507,0.975,1.713,1.303,World,CabinetD05,26.2,23.9,0.441,0.409,0,0,None,None,0,1,0,0,0.1042,0.1438,0.360,0.000,0
80.31,Marianne,AUIT_Multi,CAB,0.641,1.712,1.068,32.2,358.0,0.688,1.713,1.507,0.977,1.713,1.293,World,CabinetD05Door,26.0,24.1,0.442,0.405,0,0,None,None,0,1,0,0,0.0926,0.1008,0.359,0.000,0
80.41,Marianne,AUIT_Multi,CAB,0.640,1.711,1.068,33.1,358.2,0.697,1.712,1.507,0.980,1.712,1.286,World,CabinetD05Door,25.9,24.2,0.443,0.404,0,0,None,None,0,1,0,0,0.0841,0.0783,0.360,0.000,0
80.50,Marianne,AUIT_Multi,CAB,0.641,1.712,1.068,33.6,358.3,0.703,1.711,1.507,0.984,1.711,1.282,World,CabinetD05Door,25.6,24.5,0.444,0.405,0,0,None,None,0,1,0,0,0.0665,0.0618,0.360,0.000,0
80.60,Marianne,AUIT_Multi,CAB,0.641,1.712,1.069,33.8,358.2,0.707,1.712,1.507,0.987,1.712,1.280,World,CabinetD05Door,25.3,24.9,0.444,0.405,0,0,None,None,0,1,0,0,0.0431,0.0378,0.361,0.000,0
80.71,Marianne,AUIT_Multi,CAB,0.642,1.713,1.070,33.7,358.3,0.709,1.712,1.508,0.988,1.712,1.279,World,CabinetD05Door,25.0,25.3,0.443,0.404,0,0,None,None,1,0,0,0,0.0158,0.0079,0.360,0.000,0
80.81,Marianne,AUIT_Multi,CAB,0.641,1.713,1.072,33.3,358.6,0.708,1.713,1.508,0.986,1.713,1.281,World,CabinetD05Door,24.7,25.6,0.441,0.403,0,0,None,None,1,0,0,0,0.0129,0.0247,0.359,0.000,0
80.91,Marianne,AUIT_Multi,CAB,0.640,1.713,1.074,32.5,358.7,0.704,1.713,1.509,0.982,1.713,1.284,World,CabinetD05Door,24.3,25.9,0.439,0.401,0,0,None,None,1,0,0,0,0.0433,0.0530,0.358,0.000,0
81.00,Marianne,AUIT_Multi,CAB,0.639,1.713,1.075,31.5,358.7,0.697,1.713,1.509,0.978,1.713,1.290,World,CabinetD05,24.0,26.1,0.437,0.401,0,0,None,None,1,0,0,0,0.0710,0.0741,0.356,0.000,0
81.10,Marianne,AUIT_Multi,CAB,0.638,1.713,1.076,30.7,358.6,0.688,1.713,1.509,0.976,1.713,1.298,World,CabinetD05,24.1,26.0,0.436,0.404,0,0,None,None,1,0,0,0,0.0852,0.0866,0.356,0.000,0
81.21,Marianne,AUIT_Multi,CAB,0.636,1.712,1.077,29.7,358.7,0.679,1.713,1.509,0.975,1.713,1.308,World,CabinetD05,24.1,25.9,0.435,0.410,0,0,None,None,1,0,0,0,0.0830,0.0914,0.358,0.000,0
81.31,Marianne,AUIT_Multi,CAB,0.635,1.712,1.077,29.0,358.7,0.672,1.712,1.509,0.975,1.712,1.317,World,CabinetD05,24.2,25.8,0.434,0.417,0,0,None,None,1,0,0,0,0.0768,0.0898,0.359,0.000,0
81.41,Marianne,AUIT_Multi,CAB,0.633,1.712,1.077,28.3,358.7,0.665,1.712,1.509,0.976,1.712,1.325,World,CabinetD05,24.2,25.8,0.433,0.423,0,0,None,None,1,0,0,0,0.0728,0.0834,0.362,0.000,0
81.50,Marianne,AUIT_Multi,CAB,0.631,1.713,1.078,27.2,358.5,0.657,1.712,1.509,0.976,1.712,1.335,World,CabinetD05,23.8,26.3,0.432,0.430,0,0,None,None,1,0,0,0,0.0815,0.0975,0.364,0.000,0
81.60,Marianne,AUIT_Multi,CAB,0.628,1.713,1.080,25.6,358.2,0.645,1.713,1.510,0.977,1.713,1.350,World,CabinetD05,23.4,26.7,0.430,0.442,0,0,None,None,1,0,0,0,0.1224,0.1602,0.369,0.000,0
81.71,Marianne,AUIT_Multi,CAB,0.625,1.712,1.081,24.0,358.1,0.629,1.713,1.512,0.978,1.713,1.372,World,CabinetD05,23.5,26.6,0.430,0.458,0,0,None,None,1,0,0,0,0.1449,0.2001,0.376,0.000,0
81.81,Marianne,AUIT_Multi,CAB,0.622,1.712,1.083,23.0,358.2,0.616,1.712,1.514,0.979,1.712,1.390,World,CabinetD05,23.8,26.2,0.431,0.471,0,0,None,None,1,0,0,0,0.1288,0.1833,0.383,0.000,0
81.91,Marianne,AUIT_Multi,CAB,0.619,1.712,1.083,22.2,358.3,0.607,1.712,1.516,0.979,1.712,1.404,World,CabinetD05,24.0,26.1,0.433,0.482,0,0,None,None,1,0,0,0,0.1051,0.1463,0.389,0.000,0
82.00,Marianne,AUIT_Multi,CAB,0.616,1.711,1.085,21.3,358.4,0.597,1.712,1.519,0.979,1.712,1.419,World,CabinetD05,23.8,26.2,0.435,0.494,0,0,None,None,1,0,0,0,0.1016,0.1453,0.395,0.000,0
82.10,Marianne,AUIT_Multi,CAB,0.612,1.711,1.086,20.3,358.4,0.586,1.711,1.517,0.980,1.711,1.435,World,CabinetD05,23.8,26.2,0.433,0.507,0,0,None,None,1,0,0,0,0.1105,0.1682,0.402,0.000,0
82.21,Marianne,AUIT_Multi,CAB,0.609,1.711,1.086,19.6,358.4,0.575,1.711,1.515,0.980,1.711,1.452,World,CabinetD05,24.2,25.8,0.430,0.522,0,0,None,None,1,0,0,0,0.1015,0.1575,0.410,0.000,0
82.31,Marianne,AUIT_Multi,CAB,0.607,1.711,1.086,19.3,358.3,0.569,1.711,1.514,0.980,1.711,1.463,World,CabinetD05,24.4,25.6,0.430,0.530,0,0,None,None,1,0,0,0,0.0692,0.1043,0.415,0.000,0
82.41,Marianne,AUIT_Multi,CAB,0.605,1.711,1.086,19.3,358.2,0.564,1.711,1.514,0.980,1.711,1.469,World,CabinetD05,24.8,25.2,0.430,0.536,0,0,None,None,1,0,0,0,0.0439,0.0608,0.419,0.000,0
82.50,Marianne,AUIT_Multi,CAB,0.604,1.711,1.086,19.1,358.2,0.562,1.711,1.514,0.980,1.711,1.471,World,CabinetD05,24.8,25.3,0.430,0.538,0,0,None,None,1,0,0,0,0.0219,0.0227,0.420,0.000,0
82.60,Marianne,AUIT_Multi,CAB,0.603,1.712,1.085,18.5,357.8,0.559,1.711,1.513,0.980,1.711,1.475,World,CabinetD05,24.5,25.6,0.430,0.543,0,0,None,None,1,0,0,0,0.0321,0.0440,0.423,0.000,0
82.71,Marianne,AUIT_Multi,CAB,0.602,1.713,1.084,17.2,357.1,0.552,1.712,1.512,0.981,1.712,1.487,World,CabinetD05,24.1,26.2,0.431,0.553,0,0,None,None,1,0,0,0,0.0672,0.1131,0.430,0.000,0
82.81,Marianne,AUIT_Multi,CAB,0.601,1.715,1.085,15.7,356.5,0.542,1.713,1.512,0.982,1.713,1.507,World,CabinetD05,23.9,26.5,0.431,0.568,0,0,None,None,1,0,0,0,0.1041,0.1976,0.440,0.000,0
82.91,Marianne,AUIT_Multi,CAB,0.601,1.716,1.085,14.1,356.2,0.530,1.715,1.512,0.983,1.715,1.531,World,CabinetD05,23.8,26.7,0.433,0.587,0,0,None,None,1,0,0,0,0.1199,0.2485,0.453,0.000,0
83.00,Marianne,AUIT_Multi,CAB,0.601,1.718,1.085,12.4,355.5,0.517,1.716,1.512,0.984,1.716,1.559,World,CabinetD05,23.9,26.9,0.435,0.609,0,0,None,None,1,0,0,0,0.1317,0.2943,0.469,0.000,0
83.10,Marianne,AUIT_Multi,CAB,0.602,1.719,1.086,10.6,354.8,0.504,1.718,1.513,0.985,1.718,1.591,World,CabinetD05,24.1,27.0,0.438,0.634,0,0,None,None,1,0,0,0,0.1367,0.3277,0.487,0.000,0
83.21,Marianne,AUIT_Multi,CAB,0.602,1.721,1.086,8.7,353.6,0.489,1.720,1.514,0.986,1.720,1.630,World,CabinetD05,24.4,27.2,0.442,0.665,0,0,None,None,1,0,0,0,0.1348,0.3477,0.510,0.000,0
83.31,Marianne,AUIT_Multi,CAB,0.602,1.723,1.086,6.8,352.5,0.475,1.721,1.514,0.975,1.721,1.651,World,CabinetD05,24.5,27.7,0.446,0.677,0,0,None,None,1,0,0,0,0.1477,0.2447,0.519,0.000,0
83.41,Marianne,AUIT_Multi,CAB,0.601,1.724,1.087,4.7,351.3,0.459,1.723,1.515,0.950,1.723,1.654,World,CabinetD05,24.7,28.1,0.451,0.666,0,0,None,None,1,0,0,0,0.1687,0.2620,0.511,0.000,0
83.50,Marianne,AUIT_Multi,CAB,0.602,1.724,1.088,3.3,350.6,0.443,1.724,1.516,0.924,1.724,1.654,World,CabinetD05,25.4,27.9,0.457,0.651,0,0,None,None,0,0,0,0,0.1677,0.2680,0.501,0.000,0
83.60,Marianne,AUIT_Multi,CAB,0.602,1.725,1.088,2.3,349.5,0.430,1.725,1.516,0.905,1.725,1.653,World,Wall4m,26.3,27.9,0.461,0.641,0,0,None,None,0,0,0,0,0.1258,0.1955,0.494,0.000,0
83.70,Marianne,AUIT_Multi,CAB,0.603,1.727,1.088,1.7,348.6,0.423,1.726,1.517,0.894,1.726,1.653,World,Wall4m,26.8,27.9,0.465,0.636,0,0,None,None,0,0,0,0,0.0790,0.1188,0.490,0.000,0
83.81,Marianne,AUIT_Multi,CAB,0.603,1.727,1.087,1.3,348.2,0.417,1.727,1.517,0.886,1.727,1.653,World,Wall4m,27.2,27.8,0.468,0.633,0,0,None,None,0,0,0,0,0.0533,0.0720,0.488,0.000,0
83.91,Marianne,AUIT_Multi,CAB,0.603,1.727,1.086,1.3,348.5,0.414,1.727,1.517,0.883,1.727,1.653,World,Wall4m,27.2,27.4,0.470,0.632,0,0,None,None,0,0,0,0,0.0266,0.0296,0.488,0.000,0
84.00,Marianne,AUIT_Multi,CAB,0.602,1.726,1.085,1.1,348.9,0.413,1.727,1.517,0.882,1.727,1.653,World,Wall4m,26.9,27.3,0.471,0.633,0,0,None,None,0,0,0,0,0.0130,0.0090,0.488,0.000,0
84.10,Marianne,AUIT_Multi,CAB,0.600,1.726,1.084,0.8,349.2,0.410,1.726,1.516,0.879,1.726,1.653,World,Wall4m,26.6,27.4,0.472,0.633,0,0,None,None,0,0,0,0,0.0335,0.0323,0.488,0.000,0
84.21,Marianne,AUIT_Multi,CAB,0.598,1.724,1.083,0.7,349.5,0.405,1.725,1.516,0.874,1.725,1.652,World,Wall4m,26.7,27.1,0.475,0.633,0,0,None,None,0,0,0,0,0.0479,0.0476,0.488,0.000,0
84.31,Marianne,AUIT_Multi,CAB,0.596,1.723,1.081,1.0,350.0,0.403,1.724,1.516,0.873,1.724,1.652,World,Wall4m,26.7,26.7,0.476,0.635,0,0,None,None,0,0,0,0,0.0240,0.0175,0.489,0.000,0
84.41,Marianne,AUIT_Multi,CAB,0.594,1.722,1.080,1.1,350.3,0.403,1.723,1.515,0.873,1.723,1.652,World,Wall4m,26.5,26.6,0.475,0.637,0,0,None,None,0,0,0,0,0.0129,0.0142,0.490,0.000,0
84.50,Marianne,AUIT_Multi,CAB,0.592,1.722,1.079,1.1,350.5,0.401,1.722,1.515,0.873,1.722,1.652,World,Wall4m,26.4,26.7,0.476,0.639,0,0,None,None,0,0,0,0,0.0187,0.0075,0.492,0.000,0
84.60,Marianne,AUIT_Multi,CAB,0.591,1.722,1.078,1.4,350.5,0.400,1.722,1.515,0.873,1.722,1.652,World,Wall4m,26.6,26.4,0.477,0.640,0,0,None,None,0,0,0,0,0.0156,0.0031,0.493,0.000,0
84.71,Marianne,AUIT_Multi,CAB,0.589,1.721,1.077,1.9,350.8,0.401,1.722,1.514,0.878,1.722,1.652,World,Wall4m,26.7,26.3,0.476,0.643,0,0,None,None,0,0,0,0,0.0139,0.0381,0.496,0.000,0
84.81,Marianne,AUIT_Multi,CAB,0.587,1.721,1.077,1.7,351.0,0.402,1.721,1.514,0.880,1.721,1.652,World,Wall4m,26.2,26.6,0.475,0.646,0,0,None,None,0,0,0,0,0.0086,0.0213,0.497,0.000,0
84.91,Marianne,AUIT_Multi,CAB,0.585,1.720,1.076,1.3,351.0,0.398,1.721,1.514,0.876,1.721,1.652,World,Wall4m,25.9,26.9,0.476,0.646,0,0,None,None,0,0,0,0,0.0388,0.0376,0.498,0.000,0
85.00,Marianne,AUIT_Multi,CAB,0.582,1.720,1.075,0.8,351.1,0.392,1.720,1.514,0.869,1.720,1.652,World,Wall4m,25.7,27.0,0.478,0.645,0,0,None,None,0,0,0,0,0.0651,0.0724,0.497,0.000,0
85.10,Marianne,AUIT_Multi,CAB,0.580,1.719,1.074,0.3,351.2,0.385,1.720,1.514,0.861,1.720,1.652,World,Wall4m,25.7,27.0,0.481,0.642,0,0,None,None,0,0,0,0,0.0745,0.0851,0.496,0.000,0
85.21,Marianne,AUIT_Multi,CAB,0.578,1.719,1.074,359.7,351.4,0.376,1.719,1.514,0.851,1.719,1.652,World,Wall4m,25.7,26.9,0.484,0.639,0,0,None,None,0,0,0,0,0.0772,0.0895,0.494,0.000,0
85.31,Marianne,AUIT_Multi,CAB,0.576,1.719,1.074,359.4,351.6,0.369,1.719,1.514,0.843,1.719,1.652,World,Wall4m,25.8,26.7,0.486,0.637,0,0,None,None,0,0,0,0,0.0682,0.0791,0.493,0.000,0
85.41,Marianne,AUIT_Multi,CAB,0.574,1.719,1.074,359.1,351.8,0.364,1.719,1.514,0.837,1.719,1.651,World,Wall4m,25.8,26.6,0.488,0.635,0,0,None,None,0,0,0,0,0.0508,0.0600,0.492,0.000,0
85.50,Marianne,AUIT_Multi,CAB,0.572,1.719,1.074,359.2,352.0,0.361,1.719,1.514,0.833,1.719,1.651,World,Wall4m,26.0,26.3,0.489,0.634,0,0,None,None,0,0,0,0,0.0405,0.0460,0.492,0.000,0
85.60,Marianne,AUIT_Multi,CAB,0.570,1.718,1.074,359.5,352.2,0.359,1.718,1.514,0.832,1.718,1.651,World,Wall4m,26.1,26.0,0.488,0.634,0,0,None,None,0,0,0,0,0.0115,0.0102,0.492,0.000,0
85.71,Marianne,AUIT_Multi,CAB,0.567,1.717,1.073,359.5,352.5,0.359,1.718,1.514,0.832,1.718,1.651,World,Wall4m,25.8,26.1,0.487,0.636,0,0,None,None,0,0,0,0,0.0085,0.0052,0.493,0.000,0
85.81,Marianne,AUIT_Multi,CAB,0.564,1.717,1.073,359.6,352.6,0.356,1.717,1.514,0.830,1.717,1.651,World,Wall4m,25.8,26.1,0.487,0.637,0,0,None,None,0,0,0,0,0.0237,0.0182,0.493,0.000,0
85.91,Marianne,AUIT_Multi,CAB,0.560,1.716,1.073,0.0,352.7,0.355,1.717,1.514,0.829,1.717,1.652,World,Wall4m,25.9,25.9,0.486,0.638,0,0,None,None,0,0,0,0,0.0146,0.0084,0.494,0.000,0
86.00,Marianne,AUIT_Multi,CAB,0.555,1.716,1.072,0.3,353.0,0.355,1.716,1.513,0.830,1.716,1.652,World,Wall4m,25.6,25.9,0.485,0.641,0,0,None,None,0,0,0,0,0.0085,0.0088,0.494,0.000,0
86.10,Marianne,AUIT_Multi,CAB,0.550,1.716,1.071,0.1,352.9,0.352,1.716,1.513,0.828,1.716,1.652,World,Wall4m,25.2,26.4,0.484,0.644,0,0,None,None,0,0,0,0,0.0359,0.0178,0.496,0.000,0
86.21,Marianne,AUIT_Multi,CAB,0.543,1.715,1.070,359.7,353.0,0.342,1.715,1.513,0.819,1.715,1.652,World,Wall4m,25.1,26.5,0.486,0.643,0,0,None,None,0,0,0,0,0.0845,0.0819,0.497,0.000,0
86.31,Marianne,AUIT_Multi,CAB,0.539,1.716,1.070,359.6,353.1,0.334,1.715,1.513,0.810,1.715,1.651,World,Wall4m,25.3,26.3,0.488,0.642,0,0,None,None,0,0,0,0,0.0870,0.0906,0.496,0.000,0
86.41,Marianne,AUIT_Multi,CAB,0.536,1.717,1.070,359.5,353.1,0.328,1.716,1.513,0.804,1.716,1.651,World,CabinetD06,25.5,26.2,0.490,0.641,0,0,None,None,0,0,0,0,0.0593,0.0610,0.496,0.000,0
86.50,Marianne,AUIT_Multi,CAB,0.534,1.719,1.070,359.5,353.4,0.324,1.717,1.513,0.801,1.717,1.651,World,CabinetD06,25.6,26.0,0.490,0.640,0,0,None,None,0,0,0,0,0.0408,0.0406,0.496,0.000,0
86.60,Marianne,AUIT_Multi,CAB,0.534,1.720,1.070,359.9,353.5,0.323,1.719,1.513,0.800,1.719,1.651,World,Wall4m,26.1,25.5,0.490,0.639,0,0,None,None,0,0,0,0,0.0187,0.0186,0.496,0.000,0
86.71,Marianne,AUIT_Multi,CAB,0.536,1.718,1.071,0.7,353.8,0.330,1.720,1.513,0.807,1.720,1.652,World,Wall4m,26.5,25.0,0.488,0.641,0,0,None,None,0,1,0,0,0.0585,0.0709,0.498,0.000,0
86.81,Marianne,AUIT_Multi,CAB,0.546,1.716,1.070,4.1,355.8,0.343,1.718,1.512,0.824,1.718,1.652,World,Wall4m,29.0,21.7,0.487,0.646,0,0,None,None,0,1,0,0,0.1405,0.1742,0.501,0.000,0
86.91,Marianne,AUIT_Multi,CAB,0.569,1.712,1.065,14.5,357.4,0.400,1.715,1.510,0.905,1.715,1.651,World,CabinetD05,35.3,15.5,0.476,0.676,0,0,None,None,0,1,0,0,0.5858,0.8351,0.525,0.000,0
87.00,Marianne,AUIT_Multi,CAB,0.592,1.710,1.056,23.4,359.2,0.497,1.712,1.506,0.965,1.712,1.530,World,CabinetD05,35.3,14.8,0.460,0.603,0,0,None,None,0,1,0,0,0.9976,1.3788,0.468,0.000,0
87.10,Marianne,AUIT_Multi,CAB,0.612,1.708,1.046,28.5,0.8,0.582,1.710,1.507,0.973,1.710,1.396,World,CabinetD05,32.2,17.4,0.462,0.503,0,0,None,None,0,1,0,0,0.8764,1.3890,0.406,0.000,0
87.21,Marianne,AUIT_Multi,CAB,0.632,1.708,1.031,32.8,1.3,0.650,1.708,1.500,0.979,1.708,1.306,World,CabinetD05Door,30.7,18.8,0.469,0.442,0,0,None,None,0,1,0,0,0.6145,0.8118,0.382,0.000,0
87.31,Marianne,AUIT_Multi,CAB,0.650,1.709,1.015,36.9,1.5,0.702,1.708,1.497,1.086,1.708,1.305,World,CabinetD05Door,30.7,19.6,0.485,0.523,0,0,None,None,0,1,0,0,0.5408,1.1008,0.429,0.000,0
87.41,Marianne,AUIT_Multi,CAB,0.667,1.711,0.995,40.5,1.5,0.756,1.710,1.493,1.308,1.710,1.354,World,CabinetD05Door,30.4,20.4,0.505,0.734,0,0,None,None,0,1,0,0,0.5527,2.3487,0.570,0.000,0
87.50,Marianne,AUIT_Multi,CAB,0.683,1.712,0.974,43.8,1.5,0.809,1.711,1.488,1.499,1.711,1.362,World,CabinetD05Door,30.0,20.8,0.529,0.904,0,0,None,None,0,1,0,1,0.5505,1.9662,0.702,0.000,0
87.60,Marianne,AUIT_Multi,CAB,0.697,1.714,0.952,46.4,0.6,0.839,1.712,1.423,1.719,1.712,1.365,World,CabinetD05Door,29.6,21.7,0.492,1.103,0,0,None,None,0,1,0,1,0.7273,2.2553,0.882,0.000,0
87.71,Marianne,AUIT_Multi,CAB,0.712,1.718,0.931,47.8,359.5,0.859,1.715,1.350,1.421,1.713,1.327,World,CabinetDCorner02,28.4,13.1,0.444,0.812,0,0,None,None,0,1,0,1,0.6851,2.7084,0.562,0.000,0
87.81,Marianne,AUIT_Multi,CAB,0.724,1.720,0.915,47.7,358.9,0.872,1.718,1.311,1.173,1.714,1.298,World,CabinetDCorner02,27.3,2.4,0.424,0.591,0,0,None,None,0,1,0,0,0.4242,2.5677,0.302,0.000,0
87.91,Marianne,AUIT_Multi,CAB,0.734,1.719,0.900,46.7,358.9,0.880,1.719,1.289,1.535,1.717,1.277,World,CabinetDCorner02,26.1,18.1,0.415,0.885,0,0,None,None,0,1,0,1,0.2461,3.7230,0.655,0.000,0
88.00,Marianne,AUIT_Multi,CAB,0.743,1.717,0.888,44.4,359.2,0.884,1.718,1.282,1.821,1.718,1.284,World,CabinetDCorner02,24.7,25.4,0.419,1.149,0,0,None,None,1,0,0,0,0.0801,2.9452,0.937,0.000,0
88.10,Marianne,AUIT_Multi,CAB,0.749,1.714,0.879,41.0,358.9,0.884,1.716,1.300,1.856,1.716,1.319,World,CabinetDCorner02,23.3,27.3,0.442,1.191,0,0,None,None,1,0,0,0,0.1837,0.5081,0.972,0.000,0
88.21,Marianne,AUIT_Multi,CAB,0.754,1.712,0.872,36.9,359.0,0.876,1.714,1.347,1.766,1.714,1.347,World,CabinetD05Door,22.5,28.0,0.491,1.118,0,0,None,None,1,0,0,0,0.4346,0.8463,0.890,0.000,0
88.31,Marianne,AUIT_Multi,CAB,0.756,1.713,0.870,33.1,358.8,0.862,1.713,1.413,1.632,1.713,1.346,World,CabinetD05Door,22.0,28.4,0.553,0.996,0,0,None,None,1,0,0,0,0.6845,1.3800,0.772,0.000,0
88.41,Marianne,AUIT_Multi,CAB,0.758,1.714,0.871,28.9,358.8,0.833,1.713,1.453,1.509,1.713,1.345,World,CabinetD05Door,21.5,28.8,0.587,0.888,0,0,None,None,1,0,0,0,0.5116,1.2643,0.684,0.000,0
88.50,Marianne,AUIT_Multi,CAB,0.758,1.715,0.872,25.0,359.3,0.793,1.714,1.454,1.400,1.714,1.345,World,CabinetD05Door,21.6,28.7,0.583,0.797,0,0,None,None,1,0,0,0,0.4151,1.1154,0.617,0.000,0
88.60,Marianne,AUIT_Multi,CAB,0.755,1.717,0.878,21.5,359.3,0.754,1.715,1.455,1.313,1.715,1.344,World,CabinetD05Door,21.6,28.7,0.577,0.727,0,0,None,None,1,0,0,0,0.4022,0.8957,0.570,0.000,0
88.71,Marianne,AUIT_Multi,CAB,0.747,1.719,0.889,17.3,358.3,0.708,1.717,1.457,1.221,1.717,1.337,World,CabinetD05,21.3,29.4,0.569,0.652,0,0,None,None,1,0,0,0,0.4110,0.8320,0.526,0.000,0
88.81,Marianne,AUIT_Multi,CAB,0.736,1.721,0.905,13.6,357.0,0.664,1.719,1.461,1.088,1.719,1.270,World,CabinetD05,21.2,30.6,0.560,0.507,0,0,None,None,1,0,0,0,0.4559,1.5352,0.465,0.000,0
88.91,Marianne,AUIT_Multi,CAB,0.723,1.722,0.927,10.6,355.4,0.619,1.721,1.470,1.017,1.721,1.264,World,CabinetD05,22.0,30.8,0.553,0.447,0,0,None,None,1,0,0,0,0.4793,0.7341,0.449,0.000,0
89.00,Marianne,AUIT_Multi,CAB,0.708,1.725,0.953,8.6,354.3,0.581,1.723,1.474,0.997,1.723,1.317,World,CabinetD05,23.0,30.4,0.536,0.464,0,0,None,None,1,0,0,0,0.3854,0.5825,0.444,0.000,0
89.10,Marianne,AUIT_Multi,CAB,0.693,1.729,0.980,6.9,353.4,0.551,1.726,1.480,0.995,1.726,1.393,World,CabinetD05,23.7,30.0,0.520,0.512,0,0,None,None,1,0,0,0,0.3181,0.7873,0.452,0.000,0
89.21,Marianne,AUIT_Multi,CAB,0.677,1.732,1.009,5.4,352.8,0.522,1.730,1.489,0.995,1.730,1.484,World,CabinetD05,24.4,29.3,0.504,0.572,0,0,None,None,1,0,0,0,0.2750,0.8188,0.472,0.000,0
89.31,Marianne,AUIT_Multi,CAB,0.665,1.730,1.029,5.0,353.0,0.503,1.731,1.495,0.994,1.731,1.553,World,CabinetD05,25.0,27.9,0.494,0.619,0,0,None,None,1,0,0,0,0.2073,0.7110,0.494,0.000,0
89.41,Marianne,AUIT_Multi,CAB,0.656,1.726,1.044,5.4,353.6,0.494,1.730,1.501,0.993,1.730,1.596,World,CabinetD05,25.5,26.7,0.485,0.647,0,0,None,None,0,0,0,0,0.1087,0.4383,0.508,0.000,0
89.50,Marianne,AUIT_Multi,CAB,0.649,1.722,1.053,5.7,354.0,0.492,1.726,1.504,0.991,1.726,1.615,World,CabinetD05,25.5,26.2,0.478,0.658,0,0,None,None,0,0,0,0,0.0581,0.2036,0.511,0.000,0
89.60,Marianne,AUIT_Multi,CAB,0.646,1.719,1.060,5.6,354.1,0.490,1.722,1.506,0.991,1.722,1.630,World,CabinetD05,25.3,26.2,0.473,0.666,0,0,None,None,0,0,0,0,0.0527,0.1576,0.516,0.000,0
89.71,Marianne,AUIT_Multi,CAB,0.643,1.717,1.067,5.0,353.7,0.486,1.718,1.509,0.990,1.718,1.648,World,CabinetD05,25.2,26.5,0.469,0.677,0,0,None,None,0,0,0,0,0.0497,0.1634,0.522,0.000,0
89.81,Marianne,AUIT_Multi,CAB,0.642,1.715,1.072,4.1,353.4,0.480,1.717,1.510,0.978,1.717,1.653,World,CabinetD05,25.1,26.8,0.467,0.671,0,0,None,None,0,0,0,0,0.0675,0.1269,0.518,0.000,0
89.91,Marianne,AUIT_Multi,CAB,0.642,1.714,1.076,3.9,353.7,0.474,1.715,1.512,0.965,1.715,1.653,World,CabinetD05,25.6,26.1,0.467,0.661,0,0,None,None,0,0,0,0,0.0668,0.1386,0.511,0.000,0
90.00,Marianne,AUIT_Multi,CAB,0.643,1.715,1.079,3.9,353.8,0.474,1.714,1.513,0.961,1.714,1.653,World,CabinetD05,25.9,25.8,0.466,0.656,0,0,None,None,0,0,0,0,0.0147,0.0429,0.507,0.000,0
90.10,Marianne,AUIT_Multi,CAB,0.646,1.716,1.082,3.4,353.8,0.475,1.715,1.514,0.959,1.715,1.653,World,CabinetD05,25.7,26.0,0.464,0.652,0,0,None,None,0,0,0,0,0.0148,0.0255,0.503,0.000,0
90.21,Marianne,AUIT_Multi,CAB,0.652,1.718,1.083,3.0,354.0,0.475,1.716,1.515,0.888,1.717,1.616,World,CabinetD05,25.9,21.7,0.467,0.583,0,0,None,None,0,1,0,0,0.0161,0.7193,0.425,0.000,0
90.31,Marianne,AUIT_Multi,CAB,0.661,1.720,1.081,3.0,353.6,0.479,1.719,1.515,0.776,1.720,1.554,World,CabinetD05,26.6,12.5,0.470,0.486,0,0,None,None,0,1,0,0,0.0439,1.3166,0.300,0.000,0
90.41,Marianne,AUIT_Multi,CAB,0.673,1.722,1.078,2.8,353.8,0.487,1.721,1.514,0.666,1.723,1.492,World,CabinetD05,26.5,7.0,0.475,0.414,0,0,None,None,0,1,0,0,0.0882,1.3057,0.180,0.000,0
90.50,Marianne,AUIT_Multi,CAB,0.686,1.722,1.071,0.8,355.1,0.493,1.722,1.514,0.917,1.722,1.626,World,CabinetD05,24.9,22.3,0.483,0.601,0,0,None,None,1,1,0,0,0.0581,2.9260,0.439,0.000,0
90.60,Marianne,AUIT_Multi,CAB,0.699,1.723,1.063,356.5,355.7,0.484,1.722,1.513,0.947,1.722,1.649,World,CabinetD05,22.4,26.8,0.499,0.637,0,0,None,None,1,0,0,0,0.0873,0.3866,0.483,0.000,0
90.71,Marianne,AUIT_Multi,CAB,0.715,1.726,1.052,350.7,355.7,0.441,1.724,1.513,0.916,1.724,1.649,World,CabinetD06,21.8,28.3,0.536,0.630,0,0,None,None,1,0,0,0,0.3868,0.2787,0.494,0.000,0
90.81,Marianne,AUIT_Multi,CAB,0.729,1.727,1.042,346.7,355.8,0.396,1.726,1.513,0.880,1.726,1.647,World,CabinetD06,22.4,27.6,0.577,0.624,0,0,None,None,1,0,0,0,0.4691,0.3737,0.503,0.000,0
90.91,Marianne,AUIT_Multi,CAB,0.743,1.725,1.031,343.8,356.2,0.360,1.726,1.504,0.854,1.726,1.646,World,CabinetD06,23.0,26.7,0.609,0.625,0,0,None,None,1,0,0,0,0.3724,0.2742,0.513,0.000,0
91.00,Marianne,AUIT_Multi,CAB,0.755,1.723,1.020,341.4,356.6,0.351,1.725,1.476,0.837,1.725,1.646,World,CabinetD06,23.2,26.3,0.610,0.631,0,0,None,None,1,0,0,0,0.3135,0.1698,0.515,0.000,0
91.10,Marianne,AUIT_Multi,CAB,0.766,1.721,1.011,339.5,356.7,0.346,1.722,1.448,0.825,1.722,1.645,World,CabinetD06,23.6,25.9,0.607,0.637,0,0,None,None,1,0,0,0,0.2935,0.1307,0.518,0.000,0
91.21,Marianne,AUIT_Multi,CAB,0.776,1.723,1.003,338.9,356.9,0.341,1.722,1.428,0.817,1.722,1.645,World,CabinetD06,24.8,25.0,0.608,0.643,0,0,None,None,1,1,0,0,0.1801,0.0648,0.523,0.000,0
91.31,Marianne,AUIT_Multi,CAB,0.782,1.724,0.999,338.9,356.4,0.342,1.723,1.425,0.819,1.723,1.644,World,CabinetD06,25.1,24.7,0.612,0.646,0,0,None,None,0,1,0,0,0.0332,0.0241,0.525,0.000,0
91.41,Marianne,AUIT_Multi,CAB,0.784,1.725,0.998,338.7,356.0,0.343,1.724,1.424,0.823,1.724,1.644,World,CabinetD06,24.9,25.2,0.613,0.648,0,0,None,None,1,0,0,0,0.0212,0.0426,0.528,0.000,0
91.50,Marianne,AUIT_Multi,CAB,0.783,1.725,0.998,338.0,356.2,0.344,1.725,1.417,0.823,1.725,1.644,World,CabinetD06,24.6,25.8,0.607,0.648,0,0,None,None,1,0,0,0,0.0736,0.0104,0.530,0.000,0
91.60,Marianne,AUIT_Multi,CAB,0.781,1.724,0.999,337.1,356.6,0.344,1.724,1.405,0.815,1.724,1.644,World,CabinetD06,24.4,26.1,0.596,0.646,0,0,None,None,1,0,0,0,0.1235,0.0799,0.528,0.000,0
91.71,Marianne,AUIT_Multi,CAB,0.777,1.724,1.001,336.3,356.7,0.344,1.724,1.391,0.801,1.724,1.644,World,CabinetD06,24.6,26.1,0.582,0.643,0,0,None,None,1,0,0,0,0.1271,0.1197,0.523,0.000,0
91.81,Marianne,AUIT_Multi,CAB,0.773,1.724,1.004,336.3,356.8,0.343,1.724,1.383,0.792,1.724,1.644,World,CabinetD06,25.1,25.6,0.573,0.640,0,0,None,None,0,0,0,0,0.0751,0.0959,0.519,0.000,0
91.91,Marianne,AUIT_Multi,CAB,0.769,1.725,1.008,336.7,356.5,0.342,1.724,1.384,0.788,1.724,1.644,World,CabinetD06,25.5,25.3,0.569,0.637,0,0,None,None,0,0,0,0,0.0140,0.0395,0.516,0.000,0
92.00,Marianne,AUIT_Multi,CAB,0.764,1.725,1.012,336.9,356.7,0.341,1.725,1.389,0.787,1.725,1.644,World,CabinetD06,25.3,25.4,0.567,0.633,0,0,None,None,0,0,0,0,0.0512,0.0154,0.514,0.000,0
92.10,Marianne,AUIT_Multi,CAB,0.758,1.725,1.016,337.0,356.8,0.339,1.725,1.392,0.784,1.725,1.644,World,CabinetD06,25.3,25.5,0.563,0.629,0,0,None,None,0,0,0,0,0.0352,0.0326,0.511,0.000,0
92.21,Marianne,AUIT_Multi,CAB,0.753,1.725,1.021,337.7,356.8,0.337,1.725,1.397,0.781,1.725,1.645,World,CabinetD06,25.6,25.2,0.561,0.624,0,0,None,None,0,0,0,0,0.0515,0.0227,0.508,0.000,0
92.31,Marianne,AUIT_Multi,CAB,0.747,1.725,1.026,338.1,356.9,0.336,1.725,1.406,0.781,1.725,1.645,World,CabinetD06,25.6,25.2,0.560,0.620,0,0,None,None,0,0,0,0,0.0884,0.0037,0.506,0.000,0
92.41,Marianne,AUIT_Multi,CAB,0.742,1.724,1.030,338.8,357.1,0.334,1.725,1.414,0.781,1.725,1.645,World,CabinetD06,25.7,25.1,0.560,0.616,0,0,None,None,0,0,0,0,0.0825,0.0062,0.504,0.000,0
92.50,Marianne,AUIT_Multi,CAB,0.737,1.724,1.036,341.2,357.7,0.331,1.725,1.432,0.788,1.725,1.645,World,CabinetD06,27.0,23.7,0.566,0.611,0,0,None,None,0,1,0,0,0.1887,0.0702,0.504,0.000,0
92.60,Marianne,AUIT_Multi,CAB,0.733,1.724,1.043,343.9,358.2,0.330,1.724,1.467,0.806,1.724,1.646,World,CabinetD06,27.5,23.1,0.586,0.607,0,0,None,None,0,1,0,0,0.3633,0.1909,0.509,0.000,0
92.71,Marianne,AUIT_Multi,CAB,0.730,1.725,1.052,347.2,357.8,0.339,1.724,1.508,0.835,1.724,1.647,World,CabinetD06,27.9,22.9,0.600,0.604,0,0,None,None,0,1,0,0,0.3758,0.2557,0.514,0.000,0
92.81,Marianne,AUIT_Multi,CAB,0.726,1.727,1.061,349.3,357.5,0.372,1.725,1.515,0.859,1.725,1.647,World,CabinetD06,27.3,23.7,0.576,0.601,0,0,None,None,0,1,0,0,0.3444,0.2516,0.505,0.000,0
92.91,Marianne,AUIT_Multi,CAB,0.722,1.728,1.070,350.7,356.9,0.399,1.727,1.516,0.875,1.727,1.648,World,CabinetD06,26.8,24.3,0.551,0.598,0,0,None,None,0,1,0,0,0.2744,0.1608,0.494,0.000,0
93.00,Marianne,AUIT_Multi,CAB,0.719,1.728,1.077,352.8,356.8,0.421,1.728,1.517,0.888,1.728,1.649,World,Wall4m,27.2,23.8,0.532,0.596,0,0,None,None,0,1,0,0,0.2252,0.1371,0.486,0.000,0
93.10,Marianne,AUIT_Multi,CAB,0.717,1.728,1.083,354.7,356.9,0.444,1.728,1.518,0.905,1.728,1.650,World,CabinetD05,26.9,23.9,0.514,0.597,0,0,None,None,0,1,0,0,0.2389,0.1755,0.480,0.000,0
93.21,Marianne,AUIT_Multi,CAB,0.714,1.727,1.085,356.6,357.7,0.465,1.728,1.519,0.924,1.728,1.651,World,CabinetD05,26.5,23.9,0.500,0.603,0,0,None,None,0,1,0,0,0.1951,0.1670,0.477,0.000,0
93.31,Marianne,AUIT_Multi,CAB,0.710,1.727,1.084,358.2,357.7,0.480,1.727,1.518,0.939,1.727,1.651,World,CabinetD05,26.2,23.9,0.491,0.612,0,0,None,None,0,1,0,0,0.1506,0.1618,0.478,0.000,0
93.41,Marianne,AUIT_Multi,CAB,0.706,1.726,1.081,359.4,357.5,0.491,1.727,1.517,0.954,1.727,1.652,World,CabinetD05,25.8,24.2,0.486,0.622,0,0,None,None,0,1,0,0,0.1126,0.1513,0.482,0.000,0
93.50,Marianne,AUIT_Multi,CAB,0.702,1.726,1.078,0.2,357.5,0.497,1.726,1.516,0.965,1.726,1.652,World,CabinetD05,25.4,24.5,0.483,0.631,0,0,None,None,0,1,0,0,0.0670,0.1133,0.487,0.000,0
93.60,Marianne,AUIT_Multi,CAB,0.699,1.724,1.075,0.8,358.1,0.500,1.726,1.515,0.972,1.726,1.652,World,CabinetD05,25.1,24.7,0.483,0.639,0,0,None,None,0,1,0,0,0.0328,0.0759,0.492,0.000,0
93.71,Marianne,AUIT_Multi,CAB,0.694,1.721,1.069,0.7,359.8,0.500,1.724,1.513,0.975,1.724,1.652,World,CabinetD05,24.4,25.0,0.485,0.647,0,0,None,None,1,1,0,0,0.0224,0.0270,0.495,0.000,0
93.81,Marianne,AUIT_Multi,CAB,0.694,1.717,1.064,1.6,2.2,0.497,1.720,1.512,0.976,1.720,1.652,World,CabinetD05,25.5,24.1,0.490,0.652,0,0,None,None,0,1,0,0,0.0463,0.0363,0.499,0.000,0
93.91,Marianne,AUIT_Multi,CAB,0.698,1.712,1.057,3.9,4.3,0.506,1.716,1.510,0.989,1.716,1.640,World,CabinetD05,27.3,23.1,0.492,0.652,0,0,None,None,0,1,0,0,0.1007,0.1848,0.501,0.000,0
94.00,Marianne,AUIT_Multi,CAB,0.707,1.710,1.050,7.9,5.7,0.531,1.712,1.507,0.992,1.712,1.575,World,CabinetD05,29.5,21.4,0.489,0.597,0,0,None,None,0,1,0,0,0.2666,0.6731,0.466,0.000,0
94.10,Marianne,AUIT_Multi,CAB,0.721,1.707,1.042,13.3,7.0,0.574,1.709,1.507,0.990,1.709,1.476,World,CabinetD05,31.5,19.9,0.487,0.510,0,0,None,None,0,1,0,0,0.4472,1.0209,0.417,0.000,0
94.21,Marianne,AUIT_Multi,CAB,0.740,1.706,1.031,21.0,8.5,0.643,1.707,1.501,0.987,1.707,1.357,World,CabinetD05,33.6,18.3,0.479,0.408,0,0,None,None,0,1,0,0,0.6244,1.0774,0.372,0.000,0
94.31,Marianne,AUIT_Multi,CAB,0.758,1.706,1.021,28.9,8.5,0.718,1.706,1.496,1.020,1.706,1.289,World,CabinetD05Door,34.6,17.6,0.477,0.375,0,0,None,None,0,1,0,0,0.7711,0.7743,0.366,0.000,0
94.41,Marianne,AUIT_Multi,CAB,0.773,1.708,1.012,34.9,7.5,0.796,1.707,1.494,1.222,1.707,1.343,World,CabinetD05Door,32.9,20.1,0.482,0.558,0,0,None,None,0,1,0,0,0.7995,2.1535,0.452,0.000,0
94.50,Marianne,AUIT_Multi,CAB,0.784,1.709,1.006,37.9,7.3,0.850,1.708,1.455,1.382,1.708,1.361,World,CabinetD05Door,30.3,22.6,0.454,0.696,0,0,None,None,0,1,0,0,0.6811,1.6524,0.541,0.000,0
94.60,Marianne,AUIT_Multi,CAB,0.790,1.709,1.003,38.5,7.2,0.874,1.709,1.412,1.474,1.709,1.362,World,CabinetD05Door,27.7,24.9,0.418,0.773,0,0,None,None,0,1,0,0,0.5116,0.9457,0.602,0.000,0
94.71,Marianne,AUIT_Multi,CAB,0.793,1.709,1.002,37.2,7.2,0.886,1.709,1.416,1.493,1.709,1.360,World,CabinetD05Door,25.5,26.7,0.424,0.786,0,0,None,None,0,0,0,0,0.1112,0.1711,0.610,0.000,0
94.81,Marianne,AUIT_Multi,CAB,0.793,1.709,1.005,35.2,7.3,0.885,1.709,1.447,1.419,1.709,1.358,World,CabinetD05Door,24.5,26.4,0.451,0.718,0,0,None,None,1,0,0,0,0.3143,0.7668,0.541,0.000,0
94.91,Marianne,AUIT_Multi,CAB,0.792,1.709,1.010,33.2,7.2,0.880,1.709,1.441,1.241,1.710,1.355,World,CabinetD05Door,22.8,20.5,0.440,0.566,0,0,None,None,1,1,0,0,0.0849,1.8225,0.371,0.000,0
95.00,Marianne,AUIT_Multi,CAB,0.791,1.710,1.016,31.4,6.8,0.881,1.709,1.446,1.068,1.711,1.352,World,CabinetD05Door,20.6,10.7,0.439,0.435,0,0,None,None,1,1,0,0,0.0562,1.7834,0.210,0.000,0
95.10,Marianne,AUIT_Multi,CAB,0.789,1.711,1.025,29.9,6.6,0.882,1.710,1.450,1.086,1.711,1.317,World,Quad,18.8,16.9,0.434,0.416,0,0,None,None,1,1,0,0,0.0405,0.4041,0.244,0.000,0
95.21,Marianne,AUIT_Multi,CAB,0.787,1.711,1.038,28.2,6.6,0.877,1.711,1.485,1.051,1.711,1.269,World,Quad,18.1,21.6,0.456,0.351,0,0,None,None,1,1,0,0,0.3180,0.5318,0.277,0.000,0
95.31,Marianne,AUIT_Multi,CAB,0.785,1.712,1.049,26.9,6.5,0.844,1.711,1.500,1.047,1.711,1.265,World,CabinetD05Door,20.4,24.4,0.455,0.339,0,0,None,None,1,1,0,0,0.3713,0.0629,0.310,0.000,0
95.41,Marianne,AUIT_Multi,CAB,0.782,1.714,1.060,25.7,5.4,0.809,1.712,1.502,1.047,1.712,1.266,World,CabinetD05Door,22.8,26.7,0.444,0.336,0,0,None,None,1,0,0,0,0.3616,0.0152,0.335,0.000,0
95.50,Marianne,AUIT_Multi,CAB,0.779,1.716,1.069,24.6,3.7,0.788,1.714,1.505,1.031,1.714,1.266,World,CabinetD05Door,23.6,27.4,0.437,0.320,0,0,None,None,1,0,0,0,0.2163,0.1666,0.340,0.000,0
95.60,Marianne,AUIT_Multi,CAB,0.775,1.717,1.077,23.8,2.7,0.776,1.716,1.507,1.011,1.716,1.267,World,CabinetD05Door,23.9,27.3,0.431,0.303,0,0,None,None,1,0,0,0,0.1344,0.2077,0.336,0.000,0
95.71,Marianne,AUIT_Multi,CAB,0.771,1.718,1.085,22.7,2.1,0.763,1.717,1.510,0.996,1.717,1.274,World,CabinetD05,23.8,27.3,0.424,0.293,0,0,None,None,1,0,0,0,0.1124,0.1490,0.331,0.000,0
95.81,Marianne,AUIT_Multi,CAB,0.769,1.718,1.093,22.3,1.7,0.754,1.718,1.512,0.989,1.718,1.284,World,CabinetD05,24.5,26.6,0.419,0.291,0,0,None,None,1,0,0,0,0.0982,0.1253,0.327,0.000,0
95.91,Marianne,AUIT_Multi,CAB,0.768,1.718,1.099,22.7,2.3,0.751,1.718,1.514,0.987,1.718,1.293,World,CabinetD05,25.2,25.9,0.415,0.292,0,0,None,None,0,0,0,0,0.0399,0.0875,0.323,0.000,0
96.00,Marianne,AUIT_Multi,CAB,0.768,1.717,1.104,23.4,2.7,0.753,1.718,1.515,0.986,1.718,1.296,World,CabinetD05,25.7,25.3,0.412,0.291,0,0,None,None,0,0,0,0,0.0263,0.0389,0.320,0.000,0
96.10,Marianne,AUIT_Multi,CAB,0.768,1.717,1.107,24.0,3.1,0.757,1.717,1.517,0.985,1.717,1.296,World,CabinetD05,25.6,25.2,0.409,0.288,0,0,None,None,0,0,0,0,0.0486,0.0077,0.317,0.000,0
96.21,Marianne,AUIT_Multi,CAB,0.767,1.716,1.111,24.0,3.3,0.760,1.716,1.518,0.985,1.716,1.297,World,CabinetD05,25.2,25.7,0.407,0.287,0,0,None,None,0,0,0,0,0.0290,0.0119,0.315,0.000,0
96.31,Marianne,AUIT_Multi,CAB,0.765,1.716,1.113,23.7,3.2,0.759,1.716,1.518,0.985,1.716,1.301,World,CabinetD05,24.8,25.9,0.405,0.289,0,0,None,None,1,0,0,0,0.0130,0.0384,0.313,0.000,0
96.41,Marianne,AUIT_Multi,CAB,0.764,1.716,1.114,23.0,3.2,0.755,1.716,1.519,0.985,1.716,1.307,World,CabinetD05,24.5,26.1,0.405,0.293,0,0,None,None,1,0,0,0,0.0418,0.0632,0.313,0.000,0
96.50,Marianne,AUIT_Multi,CAB,0.763,1.716,1.115,22.5,3.2,0.750,1.716,1.519,0.986,1.716,1.314,World,CabinetD05,24.7,25.9,0.404,0.298,0,0,None,None,1,0,0,0,0.0542,0.0701,0.313,0.000,0
96.60,Marianne,AUIT_Multi,CAB,0.763,1.716,1.116,22.1,3.1,0.746,1.716,1.520,0.986,1.716,1.319,World,CabinetD05,24.7,25.7,0.404,0.302,0,0,None,None,1,0,0,0,0.0415,0.0534,0.313,0.000,0
96.71,Marianne,AUIT_Multi,CAB,0.763,1.716,1.115,21.7,2.7,0.742,1.716,1.520,0.986,1.716,1.323,World,CabinetD05,24.8,25.5,0.405,0.305,0,0,None,None,1,0,0,0,0.0357,0.0408,0.313,0.000,0
96.81,Marianne,AUIT_Multi,CAB,0.763,1.718,1.115,21.2,2.0,0.739,1.717,1.519,0.986,1.717,1.327,World,CabinetD05,24.6,25.4,0.406,0.308,0,0,None,None,1,0,0,0,0.0337,0.0342,0.314,0.000,0
96.91,Marianne,AUIT_Multi,CAB,0.764,1.718,1.113,21.4,1.8,0.736,1.718,1.519,0.987,1.718,1.329,World,CabinetD05,25.4,24.5,0.407,0.310,0,0,None,None,0,1,0,0,0.0271,0.0225,0.315,0.000,0
97.00,Marianne,AUIT_Multi,CAB,0.767,1.717,1.111,22.3,2.3,0.741,1.718,1.519,0.986,1.718,1.322,World,CabinetD05,26.1,23.9,0.409,0.304,0,0,None,None,0,1,0,0,0.0474,0.0691,0.315,0.000,0
97.10,Marianne,AUIT_Multi,CAB,0.769,1.716,1.109,22.5,3.1,0.748,1.717,1.518,0.986,1.717,1.313,World,CabinetD05,25.7,24.4,0.410,0.298,0,0,None,None,0,1,0,0,0.0703,0.0948,0.315,0.000,0
97.21,Marianne,AUIT_Multi,CAB,0.772,1.713,1.105,22.5,4.4,0.752,1.715,1.517,0.986,1.715,1.306,World,CabinetD05,25.7,24.7,0.412,0.294,0,0,None,None,0,1,0,0,0.0402,0.0608,0.315,0.000,0
97.31,Marianne,AUIT_Multi,CAB,0.774,1.713,1.101,22.7,4.6,0.755,1.714,1.517,0.986,1.714,1.300,World,CabinetD05,25.8,24.4,0.416,0.291,0,0,None,None,0,1,0,0,0.0351,0.0623,0.317,0.000,0
97.41,Marianne,AUIT_Multi,CAB,0.776,1.713,1.094,22.6,4.4,0.757,1.713,1.515,0.986,1.713,1.293,World,CabinetD05,25.5,24.3,0.422,0.290,0,0,None,None,0,1,0,0,0.0307,0.0768,0.319,0.000,0
97.50,Marianne,AUIT_Multi,CAB,0.778,1.715,1.084,22.3,3.5,0.758,1.714,1.513,0.988,1.714,1.286,World,CabinetD05,25.2,24.0,0.429,0.291,0,0,None,None,0,1,0,0,0.0234,0.0725,0.323,0.000,0
97.60,Marianne,AUIT_Multi,CAB,0.780,1.717,1.074,21.3,2.3,0.758,1.715,1.511,0.990,1.715,1.281,World,CabinetD05,24.2,24.2,0.437,0.295,0,0,None,None,1,1,0,0,0.0305,0.0608,0.326,0.000,0
97.71,Marianne,AUIT_Multi,CAB,0.780,1.720,1.061,18.9,0.5,0.751,1.718,1.507,0.991,1.718,1.281,World,CabinetD05,22.6,24.8,0.448,0.305,0,0,None,None,1,1,0,0,0.0729,0.0236,0.330,0.000,0
97.81,Marianne,AUIT_Multi,CAB,0.780,1.723,1.048,15.9,358.8,0.730,1.720,1.505,0.991,1.720,1.283,World,CabinetD05,22.1,26.0,0.460,0.316,0,0,None,None,1,0,0,0,0.2200,0.0382,0.342,0.000,0
97.91,Marianne,AUIT_Multi,CAB,0.780,1.726,1.034,12.9,356.9,0.704,1.724,1.501,0.992,1.724,1.295,World,CabinetD05,22.4,26.4,0.474,0.337,0,0,None,None,1,0,0,0,0.2740,0.1282,0.354,0.000,0
98.00,Marianne,AUIT_Multi,CAB,0.783,1.729,1.020,11.0,355.4,0.679,1.726,1.498,0.994,1.726,1.309,World,CabinetD05,23.7,25.7,0.489,0.358,0,0,None,None,1,0,0,0,0.2557,0.1424,0.368,0.000,0
98.10,Marianne,AUIT_Multi,CAB,0.786,1.730,1.006,9.8,354.5,0.665,1.729,1.495,0.996,1.729,1.312,World,CabinetD05,24.3,25.3,0.503,0.371,0,0,None,None,1,0,0,0,0.1560,0.0443,0.378,0.000,0
98.21,Marianne,AUIT_Multi,CAB,0.790,1.732,0.992,8.1,353.3,0.652,1.731,1.492,0.997,1.731,1.315,World,CabinetD05,24.4,25.6,0.519,0.384,0,0,None,None,1,0,0,0,0.1171,0.0310,0.388,0.000,0
98.31,Marianne,AUIT_Multi,CAB,0.793,1.734,0.981,7.1,352.4,0.640,1.732,1.491,0.998,1.732,1.317,World,CabinetD05,25.0,25.5,0.532,0.393,0,0,None,None,1,0,0,0,0.1231,0.0315,0.398,0.000,0
98.41,Marianne,AUIT_Multi,CAB,0.798,1.734,0.971,7.0,351.8,0.638,1.734,1.488,1.000,1.734,1.317,World,CabinetD05,25.5,24.6,0.541,0.400,0,0,None,None,0,1,0,0,0.0399,0.0182,0.400,0.000,0
98.50,Marianne,AUIT_Multi,CAB,0.802,1.733,0.963,7.1,351.9,0.639,1.734,1.485,1.000,1.734,1.300,World,CabinetD05,25.7,24.5,0.547,0.390,0,0,None,None,0,1,0,0,0.0289,0.1715,0.405,0.000,0
98.60,Marianne,AUIT_Multi,CAB,0.807,1.732,0.957,6.9,351.7,0.640,1.733,1.483,1.000,1.733,1.283,World,CabinetD05,25.7,25.0,0.553,0.380,0,0,None,None,0,1,0,0,0.0245,0.1728,0.412,0.000,0
98.71,Marianne,AUIT_Multi,CAB,0.810,1.731,0.950,6.5,351.9,0.640,1.732,1.481,1.001,1.732,1.276,World,CabinetD05,25.4,25.1,0.558,0.377,0,0,None,None,0,0,0,0,0.0217,0.0705,0.415,0.000,0
98.81,Marianne,AUIT_Multi,CAB,0.811,1.732,0.946,6.1,352.2,0.641,1.731,1.480,1.002,1.731,1.274,World,CabinetD05,25.0,25.2,0.561,0.380,0,0,None,None,1,0,0,0,0.0160,0.0181,0.416,0.000,0
98.91,Marianne,AUIT_Multi,CAB,0.811,1.731,0.942,5.9,352.7,0.637,1.731,1.480,1.002,1.731,1.274,World,CabinetD05,24.8,25.0,0.565,0.383,0,0,None,None,1,0,0,0,0.0365,0.0055,0.419,0.000,0
99.00,Marianne,AUIT_Multi,CAB,0.809,1.731,0.938,6.1,353.3,0.636,1.731,1.479,1.002,1.731,1.274,World,CabinetD05,24.8,24.6,0.568,0.388,0,0,None,None,1,1,0,0,0.0178,0.0023,0.419,0.000,0
99.10,Marianne,AUIT_Multi,CAB,0.803,1.733,0.933,6.7,352.3,0.636,1.732,1.477,1.002,1.732,1.272,World,CabinetD05,25.0,24.9,0.569,0.393,0,0,None,None,1,1,0,0,0.0175,0.0224,0.419,0.000,0
99.21,Marianne,AUIT_Multi,CAB,0.793,1.736,0.928,7.3,351.7,0.635,1.733,1.475,1.002,1.733,1.271,World,CabinetD05,24.8,25.4,0.570,0.401,0,0,None,None,1,0,0,0,0.0230,0.0209,0.420,0.000,0
99.31,Marianne,AUIT_Multi,CAB,0.782,1.740,0.924,7.6,351.5,0.626,1.737,1.476,1.001,1.737,1.270,World,CabinetD05,24.9,26.3,0.574,0.410,0,0,None,None,1,0,0,0,0.1063,0.0354,0.429,0.000,0
99.41,Marianne,AUIT_Multi,CAB,0.769,1.741,0.920,7.6,351.1,0.609,1.740,1.476,1.000,1.740,1.271,World,CabinetD05,25.3,27.2,0.578,0.420,0,0,None,None,0,0,0,0,0.1770,0.0352,0.441,0.000,0
99.50,Marianne,AUIT_Multi,CAB,0.757,1.740,0.916,8.1,351.0,0.596,1.741,1.473,0.998,1.741,1.278,World,CabinetD05,25.7,27.0,0.579,0.434,0,0,None,None,0,0,0,0,0.1353,0.0753,0.447,0.000,0
99.60,Marianne,AUIT_Multi,CAB,0.745,1.740,0.912,9.1,351.3,0.588,1.740,1.471,0.996,1.740,1.283,World,CabinetD05,26.1,26.3,0.580,0.448,0,0,None,None,0,0,0,0,0.0807,0.0541,0.449,0.000,0
99.71,Marianne,AUIT_Multi,CAB,0.731,1.738,0.907,10.5,351.4,0.587,1.739,1.469,0.994,1.739,1.279,World,CabinetD05,26.2,26.1,0.580,0.455,0,0,None,None,0,0,0,0,0.0172,0.0382,0.449,0.000,0
99.81,Marianne,AUIT_Multi,CAB,0.720,1.734,0.904,11.0,351.3,0.586,1.738,1.468,0.993,1.738,1.277,World,CabinetD05,25.6,26.5,0.580,0.462,0,0,None,None,0,0,0,0,0.0271,0.0278,0.450,0.000,0
99.91,Marianne,AUIT_Multi,CAB,0.710,1.729,0.900,11.2,352.2,0.579,1.734,1.466,0.992,1.734,1.280,World,CabinetD05,25.3,26.4,0.581,0.473,0,0,None,None,0,0,0,0,0.0867,0.0549,0.453,0.000,0
100.00,Marianne,AUIT_Multi,CAB,0.702,1.725,0.897,11.3,352.8,0.571,1.729,1.464,0.991,1.729,1.285,World,CabinetD05,25.2,26.2,0.582,0.484,0,0,None,None,0,0,0,0,0.0952,0.0735,0.457,0.000,0
100.10,Marianne,AUIT_Multi,CAB,0.696,1.723,0.894,11.1,353.5,0.563,1.725,1.463,0.991,1.725,1.291,World,CabinetD05,24.9,26.2,0.584,0.495,0,0,None,None,1,0,0,0,0.0884,0.0720,0.461,0.000,0
100.21,Marianne,AUIT_Multi,CAB,0.690,1.723,0.889,10.3,352.9,0.551,1.723,1.462,0.991,1.723,1.302,World,CabinetD05,24.9,26.7,0.589,0.511,0,0,None,None,1,0,0,0,0.1110,0.1055,0.467,0.000,0
100.31,Marianne,AUIT_Multi,CAB,0.687,1.722,0.887,9.9,352.5,0.540,1.722,1.461,0.991,1.722,1.315,World,CabinetD05,25.4,26.4,0.593,0.525,0,0,None,None,0,0,0,0,0.1199,0.1270,0.474,0.000,0
100.40,Marianne,AUIT_Multi,CAB,0.685,1.721,0.884,9.8,352.6,0.533,1.722,1.460,0.991,1.722,1.321,World,CabinetD05,25.6,26.2,0.595,0.533,0,0,None,None,0,0,0,0,0.0714,0.0643,0.478,0.000,0
100.50,Marianne,AUIT_Multi,CAB,0.684,1.721,0.883,9.4,352.6,0.528,1.721,1.460,0.991,1.721,1.326,World,CabinetD05,25.7,26.2,0.598,0.539,0,0,None,None,0,0,0,0,0.0550,0.0505,0.482,0.000,0
100.60,Marianne,AUIT_Multi,CAB,0.684,1.721,0.882,9.5,352.4,0.525,1.721,1.459,0.991,1.721,1.329,World,CabinetD05,26.1,26.0,0.599,0.542,0,0,None,None,0,0,0,0,0.0309,0.0270,0.484,0.000,0
100.71,Marianne,AUIT_Multi,CAB,0.684,1.722,0.882,9.4,352.3,0.524,1.721,1.459,0.991,1.721,1.328,World,CabinetD05,26.0,26.2,0.599,0.541,0,0,None,None,0,0,0,0,0.0036,0.0078,0.484,0.000,0
100.81,Marianne,AUIT_Multi,CAB,0.684,1.722,0.883,9.1,352.4,0.522,1.722,1.459,0.991,1.722,1.331,World,CabinetD05,25.9,26.3,0.598,0.543,0,0,None,None,0,0,0,0,0.0200,0.0335,0.486,0.000,0
100.90,Marianne,AUIT_Multi,CAB,0.685,1.722,0.885,9.0,352.6,0.520,1.722,1.459,0.991,1.722,1.336,World,CabinetD05,25.9,26.2,0.598,0.545,0,0,None,None,0,0,0,0,0.0225,0.0515,0.487,0.000,0
101.00,Marianne,AUIT_Multi,CAB,0.686,1.722,0.887,9.2,352.7,0.520,1.722,1.460,0.991,1.722,1.338,World,CabinetD05,26.3,25.8,0.596,0.545,0,0,None,None,0,0,0,0,0.0056,0.0239,0.486,0.000,0
101.10,Marianne,AUIT_Multi,CAB,0.688,1.721,0.889,10.1,352.8,0.526,1.722,1.460,0.991,1.722,1.332,World,CabinetD05,26.8,25.3,0.594,0.537,0,0,None,None,0,0,0,0,0.0566,0.0598,0.482,0.000,0
101.21,Marianne,AUIT_Multi,CAB,0.691,1.722,0.892,11.9,352.8,0.541,1.721,1.461,0.990,1.721,1.312,World,CabinetD05,27.6,24.5,0.588,0.516,0,0,None,None,0,1,0,0,0.1362,0.1825,0.473,0.000,0
101.31,Marianne,AUIT_Multi,CAB,0.694,1.723,0.895,13.7,352.4,0.561,1.722,1.462,0.990,1.722,1.287,World,CabinetD05,27.9,24.5,0.583,0.491,0,0,None,None,0,1,0,0,0.2091,0.2639,0.463,0.000,0
101.40,Marianne,AUIT_Multi,CAB,0.697,1.723,0.898,15.2,352.8,0.581,1.723,1.465,0.994,1.723,1.269,World,CabinetD05,27.5,24.6,0.578,0.475,0,0,None,None,0,1,0,0,0.2097,0.1896,0.457,0.000,0
101.50,Marianne,AUIT_Multi,CAB,0.699,1.722,0.902,16.9,353.6,0.600,1.723,1.467,1.003,1.723,1.259,World,CabinetD05,27.5,24.3,0.574,0.469,0,0,None,None,0,1,0,0,0.1986,0.1369,0.453,0.000,0
101.60,Marianne,AUIT_Multi,CAB,0.701,1.721,0.904,18.6,354.5,0.621,1.722,1.465,1.018,1.722,1.254,World,CabinetD05,27.3,24.1,0.567,0.473,0,0,None,None,0,1,0,0,0.2112,0.1588,0.449,0.000,0
101.71,Marianne,AUIT_Multi,CAB,0.704,1.720,0.906,20.5,355.1,0.643,1.721,1.463,1.040,1.721,1.255,World,CabinetD05,27.2,23.9,0.561,0.485,0,0,None,None,0,1,0,0,0.1978,0.2013,0.449,0.000,0
101.81,Marianne,AUIT_Multi,CAB,0.707,1.718,0.907,22.5,355.9,0.663,1.719,1.463,1.069,1.719,1.261,World,CabinetD05,27.2,23.6,0.558,0.507,0,0,None,None,0,1,0,0,0.2050,0.3075,0.454,0.000,0
101.90,Marianne,AUIT_Multi,CAB,0.709,1.717,0.908,24.5,356.3,0.684,1.718,1.464,1.172,1.718,1.329,World,CabinetD05Door,27.2,23.5,0.557,0.626,0,0,None,None,0,1,0,0,0.2232,1.2652,0.506,0.000,0
102.00,Marianne,AUIT_Multi,CAB,0.711,1.717,0.908,25.9,356.3,0.705,1.717,1.464,1.225,1.717,1.346,World,CabinetD05Door,26.8,23.9,0.555,0.675,0,0,None,None,0,1,0,0,0.2171,0.5799,0.533,0.000,0
102.10,Marianne,AUIT_Multi,CAB,0.711,1.717,0.909,26.5,356.4,0.720,1.717,1.464,1.253,1.717,1.349,World,CabinetD05Door,25.9,24.7,0.555,0.698,0,0,None,None,0,1,0,0,0.1471,0.2843,0.546,0.000,0
102.21,Marianne,AUIT_Multi,CAB,0.710,1.717,0.910,26.5,356.5,0.725,1.717,1.464,1.263,1.717,1.349,World,CabinetD05Door,25.2,25.2,0.555,0.706,0,0,None,None,0,0,0,0,0.0483,0.0889,0.550,0.000,0
102.31,Marianne,AUIT_Multi,CAB,0.708,1.717,0.909,26.6,356.4,0.725,1.717,1.464,1.263,1.717,1.349,World,CabinetD05Door,25.1,25.2,0.556,0.708,0,0,None,None,0,0,0,0,0.0056,0.0039,0.550,0.000,0
102.40,Marianne,AUIT_Multi,CAB,0.706,1.717,0.908,26.7,356.4,0.724,1.717,1.464,1.263,1.717,1.349,World,CabinetD05Door,25.1,25.1,0.556,0.710,0,0,None,None,0,0,0,0,0.0043,0.0033,0.551,0.000,0
102.50,Marianne,AUIT_Multi,CAB,0.704,1.717,0.907,26.6,356.3,0.723,1.717,1.464,1.263,1.717,1.349,World,CabinetD05Door,24.9,25.3,0.557,0.713,0,0,None,None,1,0,0,0,0.0082,0.0022,0.552,0.000,0
102.61,Marianne,AUIT_Multi,CAB,0.701,1.717,0.905,26.3,356.1,0.718,1.717,1.463,1.260,1.717,1.348,World,CabinetD05Door,24.8,25.5,0.559,0.713,0,0,None,None,1,0,0,0,0.0453,0.0298,0.553,0.000,0
102.71,Marianne,AUIT_Multi,CAB,0.700,1.717,0.903,26.2,355.9,0.714,1.717,1.463,1.255,1.717,1.348,World,CabinetD05Door,25.1,25.3,0.560,0.711,0,0,None,None,0,0,0,0,0.0483,0.0514,0.553,0.000,0
102.81,Marianne,AUIT_Multi,CAB,0.699,1.718,0.901,26.2,355.6,0.712,1.717,1.462,1.254,1.717,1.348,World,CabinetD05Door,25.3,25.2,0.562,0.713,0,0,None,None,0,0,0,0,0.0178,0.0084,0.554,0.000,0
102.90,Marianne,AUIT_Multi,CAB,0.699,1.718,0.898,26.3,355.5,0.712,1.718,1.462,1.256,1.718,1.348,World,CabinetD05Door,25.4,25.1,0.563,0.716,0,0,None,None,0,0,0,0,0.0064,0.0246,0.556,0.000,0
103.00,Marianne,AUIT_Multi,CAB,0.700,1.718,0.896,26.4,355.2,0.713,1.718,1.461,1.261,1.718,1.348,World,CabinetD05Door,25.5,25.2,0.565,0.721,0,0,None,None,0,0,0,0,0.0090,0.0520,0.560,0.000,0
103.10,Marianne,AUIT_Multi,CAB,0.700,1.718,0.894,26.5,355.2,0.713,1.718,1.461,1.266,1.718,1.348,World,CabinetD05Door,25.6,25.2,0.567,0.725,0,0,None,None,0,0,0,0,0.0110,0.0446,0.564,0.000,0
103.21,Marianne,AUIT_Multi,CAB,0.702,1.718,0.891,26.7,355.1,0.716,1.718,1.460,1.273,1.718,1.348,World,CabinetD05Door,25.7,25.1,0.569,0.731,0,0,None,None,0,0,0,0,0.0236,0.0655,0.568,0.000,0
103.31,Marianne,AUIT_Multi,CAB,0.703,1.718,0.889,26.7,355.1,0.718,1.718,1.459,1.279,1.718,1.348,World,CabinetD05Door,25.6,25.2,0.570,0.737,0,0,None,None,0,0,0,0,0.0258,0.0667,0.572,0.000,0
103.40,Marianne,AUIT_Multi,CAB,0.705,1.718,0.887,26.7,355.2,0.720,1.718,1.459,1.284,1.718,1.348,World,CabinetD05Door,25.5,25.3,0.572,0.740,0,0,None,None,0,0,0,0,0.0175,0.0464,0.575,0.000,0
103.50,Marianne,AUIT_Multi,CAB,0.706,1.717,0.886,26.6,355.3,0.721,1.718,1.458,1.286,1.718,1.348,World,CabinetD05Door,25.5,25.3,0.573,0.742,0,0,None,None,0,0,0,0,0.0106,0.0232,0.576,0.000,0
103.61,Marianne,AUIT_Multi,CAB,0.707,1.716,0.886,26.8,355.8,0.722,1.717,1.458,1.289,1.717,1.348,World,CabinetD05Door,25.5,25.1,0.572,0.743,0,0,None,None,0,0,0,0,0.0147,0.0273,0.578,0.000,0
103.71,Marianne,AUIT_Multi,CAB,0.707,1.717,0.891,26.5,356.5,0.724,1.717,1.458,1.290,1.717,1.348,World,CabinetD05Door,25.0,25.7,0.567,0.740,0,0,None,None,0,0,0,0,0.0148,0.0068,0.577,0.000,0
103.81,Marianne,AUIT_Multi,CAB,0.708,1.716,0.904,25.8,357.8,0.720,1.717,1.460,1.275,1.717,1.347,World,CabinetD05Door,24.7,26.2,0.556,0.719,0,0,None,None,1,0,0,0,0.0374,0.1530,0.566,0.000,0
103.90,Marianne,AUIT_Multi,CAB,0.713,1.710,0.923,25.9,2.5,0.718,1.715,1.464,1.252,1.715,1.348,World,CabinetD05Door,25.5,26.0,0.540,0.686,0,0,None,None,0,0,0,0,0.0524,0.2351,0.547,0.000,0
104.00,Marianne,AUIT_Multi,CAB,0.721,1.704,0.953,27.4,6.8,0.726,1.709,1.470,1.239,1.709,1.349,World,CabinetD05Door,27.8,26.2,0.517,0.652,0,0,None,None,0,0,0,0,0.1149,0.1448,0.527,0.000,0
104.10,Marianne,AUIT_Multi,CAB,0.733,1.698,0.986,28.8,9.6,0.747,1.703,1.478,1.239,1.703,1.352,World,CabinetD05Door,29.0,27.1,0.491,0.624,0,0,None,None,0,0,0,0,0.2348,0.0681,0.509,0.000,0
104.21,Marianne,AUIT_Multi,CAB,0.750,1.694,1.028,28.7,10.6,0.769,1.697,1.488,1.219,1.697,1.350,World,CabinetD05Door,28.5,28.8,0.461,0.569,0,0,None,None,0,0,0,0,0.2293,0.1912,0.471,0.000,0
104.31,Marianne,AUIT_Multi,CAB,0.768,1.696,1.063,28.9,11.2,0.783,1.695,1.498,1.099,1.695,1.286,World,CabinetD05Door,28.9,29.2,0.436,0.399,0,0,None,None,0,0,0,0,0.1785,1.4014,0.381,0.000,0
104.40,Marianne,AUIT_Multi,CAB,0.784,1.698,1.093,29.6,11.8,0.800,1.696,1.507,1.052,1.696,1.271,World,CabinetD05Door,29.5,28.9,0.414,0.322,0,0,None,None,0,0,0,0,0.2017,0.5032,0.345,0.000,0
104.50,Marianne,AUIT_Multi,CAB,0.800,1.701,1.119,30.1,11.0,0.820,1.699,1.515,1.035,1.699,1.272,World,CabinetD05Door,29.0,28.7,0.397,0.281,0,0,None,None,0,0,0,0,0.2226,0.1812,0.325,0.000,0
104.61,Marianne,AUIT_Multi,CAB,0.813,1.702,1.143,29.8,10.2,0.837,1.701,1.523,1.016,1.701,1.274,World,CabinetD05Door,27.8,29.1,0.381,0.242,0,0,None,None,0,0,0,0,0.1667,0.1703,0.307,0.000,0
104.71,Marianne,AUIT_Multi,CAB,0.820,1.702,1.158,29.6,10.6,0.845,1.702,1.528,1.002,1.702,1.277,World,CabinetD05Door,27.7,29.1,0.370,0.217,0,0,None,None,0,0,0,0,0.0996,0.1562,0.296,0.000,0
104.81,Marianne,AUIT_Multi,CAB,0.823,1.700,1.164,29.8,11.9,0.850,1.701,1.532,0.994,1.701,1.281,World,CabinetD05Door,28.1,28.4,0.368,0.207,0,0,None,None,0,0,0,0,0.0673,0.0912,0.288,0.000,0
104.90,Marianne,AUIT_Multi,CAB,0.821,1.698,1.158,30.0,12.8,0.853,1.699,1.532,0.992,1.699,1.282,World,CabinetD05Door,28.0,27.2,0.376,0.212,0,0,None,None,0,0,0,0,0.0336,0.0251,0.286,0.000,0
105.00,Marianne,AUIT_Multi,CAB,0.815,1.698,1.139,31.6,12.8,0.855,1.698,1.530,1.000,1.698,1.279,World,CabinetD05Door,28.7,24.7,0.393,0.232,0,0,None,None,0,1,0,0,0.0325,0.0899,0.290,0.000,0
105.11,Marianne,AUIT_Multi,CAB,0.805,1.697,1.105,34.3,13.1,0.864,1.698,1.524,1.086,1.698,1.304,World,CabinetD05Door,29.3,24.2,0.423,0.344,0,0,None,None,0,1,0,0,0.0979,0.8051,0.313,0.000,0
105.21,Marianne,AUIT_Multi,CAB,0.795,1.695,1.070,37.0,13.2,0.874,1.697,1.515,1.245,1.697,1.357,World,CabinetD05Door,29.7,24.3,0.452,0.534,0,0,None,None,0,1,0,0,0.1423,1.7169,0.403,0.000,0
105.31,Marianne,AUIT_Multi,CAB,0.786,1.692,1.032,40.7,13.3,0.878,1.695,1.449,1.376,1.695,1.366,World,CabinetD05Door,31.2,23.9,0.427,0.678,0,0,None,None,0,1,0,0,0.6810,1.3511,0.505,0.000,0
105.40,Marianne,AUIT_Multi,CAB,0.781,1.688,0.995,45.2,14.3,0.885,1.691,1.370,1.567,1.691,1.366,World,CabinetDCorner02,33.0,24.1,0.389,0.870,0,0,None,None,0,1,0,1,0.8132,1.9735,0.683,0.000,0
105.50,Marianne,AUIT_Multi,CAB,0.783,1.688,0.962,50.0,14.8,0.895,1.688,1.291,1.829,1.688,1.349,World,CabinetDCorner02,34.3,24.5,0.347,1.115,0,0,None,None,0,1,0,1,0.8269,2.7012,0.937,0.000,0
105.61,Marianne,AUIT_Multi,CAB,0.794,1.689,0.929,55.1,16.1,0.913,1.682,1.257,1.686,1.669,1.290,World,CabinetDCorner02,37.8,19.5,0.350,0.962,0,0,None,None,0,1,0,1,0.3480,1.4074,0.774,0.000,0
105.71,Marianne,AUIT_Multi,CAB,0.807,1.688,0.902,57.9,17.1,0.930,1.674,1.249,1.420,1.644,1.257,World,Wall4m,40.6,13.6,0.368,0.709,0,0,None,None,0,1,0,0,0.2054,2.7692,0.491,0.000,0
105.81,Marianne,AUIT_Multi,CAB,0.824,1.686,0.879,59.3,18.2,0.946,1.666,1.243,1.335,1.633,1.193,World,Wall4m,42.6,13.3,0.384,0.602,0,0,None,None,0,1,0,0,0.2030,1.0980,0.393,0.000,0
105.90,Marianne,AUIT_Multi,CAB,0.848,1.681,0.861,59.9,20.2,0.963,1.658,1.239,1.903,1.675,1.024,World,KitchenOven07,45.1,28.9,0.395,1.067,0,0,None,None,0,0,0,0,0.1973,6.0959,0.964,0.000,0
106.00,Marianne,AUIT_Multi,CAB,0.879,1.674,0.847,59.8,22.6,0.981,1.649,1.235,2.031,1.678,0.974,World,KitchenOven07,47.5,32.6,0.403,1.160,0,0,None,None,0,0,0,0,0.2090,1.4220,1.082,0.000,0
106.11,Marianne,AUIT_Multi,CAB,0.920,1.669,0.831,60.4,24.7,1.003,1.639,1.232,2.082,1.673,0.948,World,KitchenOven07,51.1,34.0,0.411,1.168,0,0,None,None,0,0,0,0,0.2186,0.5129,1.116,0.000,0
106.21,Marianne,AUIT_Multi,CAB,0.959,1.675,0.819,61.4,22.0,1.030,1.632,1.236,2.121,1.670,0.924,World,KitchenOven07,52.4,31.6,0.425,1.166,0,0,None,None,0,0,0,0,0.2878,0.4718,1.135,0.000,0
106.31,Marianne,AUIT_Multi,CAB,0.997,1.690,0.806,64.7,12.8,1.057,1.626,1.240,2.161,1.678,0.880,World,Wall4m,56.0,24.7,0.442,1.166,0,0,None,None,0,1,0,1,0.2903,0.6178,1.162,0.000,0
106.40,Marianne,AUIT_Multi,CAB,1.030,1.700,0.796,70.6,6.6,1.086,1.620,1.237,2.199,1.691,0.789,World,Wall4m,62.7,20.6,0.452,1.169,0,0,None,None,0,1,0,1,0.3024,1.0282,1.202,0.000,0
106.50,Marianne,AUIT_Multi,CAB,1.056,1.705,0.790,73.7,4.3,1.115,1.614,1.235,2.224,1.700,0.672,World,Wall4m,65.7,22.4,0.458,1.174,0,0,None,None,0,1,0,1,0.3117,1.2289,1.246,0.000,0
106.61,Marianne,AUIT_Multi,CAB,1.082,1.704,0.789,72.8,4.9,1.440,1.682,1.215,2.121,1.703,0.683,World,Wall4m,32.8,23.5,0.558,1.045,0,0,None,None,0,1,0,1,2.9820,0.9273,0.864,0.000,0
106.71,Marianne,AUIT_Multi,CAB,1.106,1.700,0.793,70.1,6.4,1.529,1.700,1.214,1.868,1.703,0.808,World,Wall4m,25.7,19.8,0.597,0.762,0,0,None,None,0,1,0,0,0.9338,2.9162,0.529,0.000,0
106.81,Marianne,AUIT_Multi,CAB,1.132,1.695,0.803,66.9,8.8,1.532,1.699,1.214,1.617,1.702,0.941,World,Wall4m,24.3,12.0,0.574,0.504,0,0,None,None,1,1,0,0,0.0367,2.9253,0.286,0.000,0
106.90,Marianne,AUIT_Multi,CAB,1.163,1.688,0.822,63.4,11.9,1.534,1.694,1.216,2.149,1.695,0.890,World,Wall4m,23.5,25.7,0.541,0.988,0,0,None,None,1,0,0,0,0.0599,5.5025,0.696,0.000,0
107.00,Marianne,AUIT_Multi,CAB,1.198,1.678,0.850,59.9,15.5,1.491,1.687,1.218,2.339,1.687,0.907,World,Wall4m,26.9,31.3,0.471,1.142,0,0,None,None,0,0,0,0,0.4498,1.9617,0.903,0.000,0
107.11,Marianne,AUIT_Multi,CAB,1.243,1.659,0.891,56.7,18.2,1.472,1.673,1.224,2.297,1.670,0.974,World,Wall4m,29.8,33.9,0.405,1.058,0,0,None,None,0,0,0,0,0.2120,0.7329,0.862,0.000,0
107.21,Marianne,AUIT_Multi,CAB,1.288,1.633,0.932,53.8,20.1,1.498,1.659,1.230,2.010,1.644,1.028,World,Wall4m,30.3,35.0,0.365,0.728,0,0,None,None,0,0,0,0,0.3091,3.0061,0.551,0.000,0
107.31,Marianne,AUIT_Multi,CAB,1.345,1.601,0.977,49.6,20.8,1.526,1.643,1.236,1.726,1.617,1.089,World,Wall4m,31.9,33.0,0.318,0.397,0,0,None,None,0,0,0,0,0.3301,3.0104,0.250,0.000,0
107.40,Marianne,AUIT_Multi,CAB,1.401,1.555,1.017,47.2,21.4,1.560,1.626,1.242,2.194,1.591,1.369,World,KitchenOven07,37.6,30.1,0.284,0.868,0,0,None,None,0,0,0,0,0.4011,5.6122,0.648,0.000,0
107.50,Marianne,AUIT_Multi,CAB,1.449,1.499,1.051,45.6,21.0,1.587,1.607,1.247,2.467,1.548,1.490,World,KitchenOven07,46.3,31.3,0.263,1.109,0,0,None,None,0,0,0,0,0.3482,3.1013,0.914,0.000,0
107.61,Marianne,AUIT_Multi,CAB,1.491,1.425,1.081,44.5,21.5,1.619,1.583,1.252,2.513,1.482,1.525,World,KitchenOven07,58.5,32.6,0.266,1.116,0,0,None,None,0,0,0,0,0.3581,0.7911,0.941,0.000,0
107.71,Marianne,AUIT_Multi,CAB,1.518,1.356,1.101,44.7,21.0,1.651,1.562,1.258,2.288,1.418,1.534,World,KitchenOven07,66.2,29.5,0.291,0.886,0,0,None,None,0,0,0,0,0.3996,2.4039,0.710,0.000,0
107.81,Marianne,AUIT_Multi,CAB,1.530,1.291,1.115,44.0,21.6,1.711,1.541,1.319,2.067,1.355,1.534,World,KitchenOven07,64.1,28.1,0.370,0.684,0,0,None,None,0,0,0,0,0.9118,2.3680,0.455,0.000,0
107.90,Marianne,AUIT_Multi,CAB,1.536,1.240,1.127,44.3,19.8,1.852,1.521,1.339,2.104,1.290,1.939,World,KitchenOven07,57.3,24.5,0.473,0.992,0,0,None,None,0,1,0,1,1.4756,4.2287,0.690,0.000,0
108.00,Marianne,AUIT_Multi,CAB,1.538,1.197,1.139,43.0,17.8,1.817,1.503,1.309,2.118,1.237,2.143,World,KitchenOven07,62.5,23.6,0.447,1.161,0,0,None,None,0,1,0,1,0.5098,2.1797,0.926,0.000,0
108.11,Marianne,AUIT_Multi,CAB,1.536,1.154,1.148,42.7,15.7,1.890,1.379,1.336,2.055,1.188,2.219,World,KitchenOven07,48.7,24.1,0.460,1.191,0,0,None,None,0,1,0,1,1.3152,0.9915,0.918,0.000,0
108.21,Marianne,AUIT_Multi,CAB,1.531,1.121,1.157,42.3,13.7,1.865,1.356,1.333,1.983,1.164,1.971,World,KitchenOven07,49.4,21.1,0.444,0.932,0,0,None,None,0,1,0,1,0.3576,2.6660,0.677,0.000,0
108.31,Marianne,AUIT_Multi,CAB,1.525,1.090,1.169,40.7,11.8,1.850,1.326,1.336,1.905,1.140,1.733,World,KitchenOven07,49.4,17.3,0.435,0.682,0,0,None,None,0,1,0,0,0.3441,2.5909,0.442,0.000,0
108.40,Marianne,AUIT_Multi,CAB,1.521,1.062,1.179,39.3,11.5,1.838,1.294,1.340,1.734,1.101,1.516,World,KitchenOven07,50.1,18.5,0.425,0.401,0,0,None,None,0,1,0,0,0.3560,2.8693,0.281,0.000,0
108.50,Marianne,AUIT_Multi,CAB,1.516,1.043,1.188,37.9,12.0,1.828,1.263,1.345,1.615,1.063,1.464,World,KitchenOven07,50.4,24.2,0.412,0.294,0,0,None,None,0,1,0,0,0.3350,1.3957,0.316,0.000,0
108.61,Marianne,AUIT_Multi,CAB,1.512,1.034,1.195,35.8,12.1,1.813,1.231,1.351,1.576,1.042,1.451,World,KitchenOven07,49.6,25.9,0.392,0.264,0,0,None,None,0,0,0,0,0.3209,0.4141,0.320,0.000,0
108.71,Marianne,AUIT_Multi,CAB,1.511,1.031,1.198,35.4,11.8,1.804,1.203,1.357,1.562,1.034,1.450,World,KitchenOven07,46.6,26.9,0.375,0.257,0,0,None,None,0,0,0,0,0.3147,0.1598,0.309,0.000,0
108.81,Marianne,AUIT_Multi,CAB,1.511,1.030,1.202,34.5,11.5,1.795,1.177,1.362,1.557,1.031,1.452,World,KitchenOven07,44.0,26.6,0.359,0.254,0,0,None,None,0,0,0,0,0.2810,0.0642,0.293,0.000,0
108.90,Marianne,AUIT_Multi,CAB,1.510,1.029,1.205,34.2,11.3,1.787,1.151,1.368,1.553,1.030,1.454,World,KitchenOven07,40.6,26.9,0.344,0.253,0,0,None,None,0,0,0,0,0.2927,0.0522,0.277,0.000,0
109.00,Marianne,AUIT_Multi,CAB,1.507,1.029,1.207,34.4,11.3,1.779,1.124,1.373,1.551,1.029,1.455,World,KitchenOven07,36.8,26.7,0.332,0.252,0,0,None,None,0,0,0,0,0.2927,0.0208,0.260,0.000,0
109.11,Marianne,AUIT_Multi,CAB,1.502,1.032,1.208,34.6,11.5,1.768,1.094,1.379,1.551,1.029,1.454,World,KitchenOven07,31.9,25.5,0.323,0.252,0,0,None,None,0,0,0,0,0.2887,0.0045,0.239,0.000,0
109.21,Marianne,AUIT_Multi,CAB,1.498,1.049,1.207,34.7,11.8,1.789,1.047,1.390,1.550,1.035,1.454,World,KitchenOven07,25.7,24.1,0.344,0.253,0,0,None,None,0,1,0,0,0.5442,0.0627,0.247,0.000,0
109.31,Marianne,AUIT_Multi,CAB,1.497,1.077,1.204,35.4,12.6,1.790,1.055,1.390,1.550,1.053,1.458,World,KitchenOven07,23.8,24.5,0.348,0.261,0,0,None,None,1,1,0,0,0.0861,0.1936,0.250,0.000,0
109.40,Marianne,AUIT_Multi,CAB,1.496,1.110,1.198,36.6,14.2,1.821,1.082,1.393,1.681,1.081,2.088,World,KitchenOven07,24.2,27.6,0.380,0.909,0,0,None,None,1,0,0,0,0.4195,6.6246,0.709,0.000,0
109.50,Marianne,AUIT_Multi,CAB,1.492,1.148,1.187,38.2,15.9,1.866,1.115,1.397,1.723,1.115,2.265,World,KitchenOven07,25.0,29.3,0.429,1.103,0,0,None,None,1,0,0,0,0.5723,1.9076,0.880,0.000,0
109.61,Marianne,AUIT_Multi,CAB,1.483,1.199,1.168,40.5,17.2,1.945,1.160,1.406,1.773,1.160,2.331,World,KitchenOven07,25.3,30.2,0.521,1.199,0,0,None,None,0,0,0,0,0.8215,0.8442,0.941,0.000,0
109.71,Marianne,AUIT_Multi,CAB,1.470,1.250,1.145,42.3,18.1,1.950,1.205,1.377,1.806,1.205,2.318,World,KitchenOven07,25.2,30.4,0.535,1.220,0,0,None,None,0,0,0,0,0.5555,0.5927,0.951,0.000,0
109.81,Marianne,AUIT_Multi,CAB,1.456,1.309,1.116,44.3,17.7,1.880,1.257,1.313,1.828,1.257,2.286,World,KitchenOven07,23.2,30.3,0.471,1.229,0,0,None,None,1,0,0,0,1.1128,0.6696,0.974,0.000,0
109.90,Marianne,AUIT_Multi,CAB,1.438,1.367,1.082,47.1,15.5,1.890,1.315,1.272,1.807,1.315,2.108,World,KitchenOven07,21.8,29.8,0.494,1.092,0,0,None,None,1,0,0,0,0.7378,1.9412,0.840,0.000,0
110.00,Marianne,AUIT_Multi,CAB,1.411,1.419,1.043,48.6,12.7,1.966,1.372,1.247,1.597,1.372,1.497,World,Wall4m,22.5,26.9,0.593,0.493,0,0,None,None,1,0,0,0,1.0014,6.6661,0.445,0.000,0
110.11,Marianne,AUIT_Multi,CAB,1.374,1.466,0.998,48.9,9.4,1.966,1.428,1.203,1.542,1.428,1.352,World,Wall4m,22.7,23.6,0.628,0.394,0,0,None,None,1,1,0,0,0.6461,1.4844,0.449,0.000,0
110.21,Marianne,AUIT_Multi,CAB,1.334,1.501,0.954,49.1,6.6,1.959,1.469,1.184,1.536,1.469,1.339,World,CabinetDCorner02,21.0,21.4,0.668,0.437,0,0,None,None,1,1,0,0,0.4635,0.4416,0.450,0.000,0
110.31,Marianne,AUIT_Multi,CAB,1.283,1.529,0.898,48.9,3.5,1.931,1.503,1.170,1.535,1.503,1.337,World,CabinetDCorner02,18.5,18.9,0.703,0.507,0,0,None,None,1,1,0,0,0.4769,0.3501,0.430,0.000,0
110.40,Marianne,AUIT_Multi,CAB,1.221,1.556,0.839,48.5,2.6,1.912,1.531,1.156,1.534,1.531,1.336,World,Quad,16.9,16.3,0.761,0.588,0,0,None,None,1,1,0,0,0.3791,0.2930,0.419,0.000,0
110.50,Marianne,AUIT_Multi,CAB,1.154,1.590,0.781,47.3,4.8,1.879,1.560,1.140,1.519,1.560,1.334,World,Quad,16.6,14.0,0.809,0.663,0,0,None,None,1,1,1,0,0.4845,0.3365,0.409,0.000,0
110.61,Marianne,AUIT_Multi,CAB,1.079,1.631,0.722,46.6,6.2,1.845,1.599,1.123,1.475,1.599,1.331,World,Quad,16.3,14.0,0.865,0.727,0,0,None,None,1,1,1,0,0.4907,0.5314,0.425,0.000,0
110.71,Marianne,AUIT_Multi,CAB,1.021,1.665,0.683,45.6,5.4,1.818,1.635,1.109,1.423,1.629,1.287,World,Quad,16.7,12.2,0.904,0.725,0,0,None,None,1,1,1,0,0.4792,0.7661,0.433,0.000,0
110.81,Marianne,AUIT_Multi,CAB,0.971,1.691,0.653,43.7,4.7,1.795,1.667,1.096,1.344,1.645,1.148,World,Quad,18.3,6.7,0.936,0.621,0,0,None,None,1,1,1,0,0.4249,1.6505,0.454,0.000,0
110.90,Marianne,AUIT_Multi,CAB,0.927,1.709,0.633,42.3,3.0,1.776,1.692,1.086,1.264,1.661,1.012,World,CabinetDCorner02,19.7,2.4,0.963,0.510,0,0,None,None,1,1,1,0,0.3433,1.6238,0.517,0.000,0
111.00,Marianne,AUIT_Multi,CAB,0.887,1.717,0.622,41.2,1.8,1.759,1.708,1.077,1.204,1.698,1.212,World,CabinetDCorner02,21.3,12.9,0.984,0.671,0,0,None,None,1,1,1,0,0.2592,2.1851,0.571,0.000,0
111.11,Marianne,AUIT_Multi,CAB,0.845,1.722,0.620,40.6,360.0,1.741,1.717,1.068,1.100,1.716,1.236,World,CabinetDCorner02,22.8,18.2,1.002,0.667,0,0,None,None,1,1,1,0,0.1925,0.9800,0.663,0.000,0
111.21,Marianne,AUIT_Multi,CAB,0.809,1.724,0.627,40.3,359.5,1.728,1.721,1.061,1.039,1.721,1.243,World,CabinetDCorner02,24.4,19.9,1.016,0.657,0,0,None,None,1,1,1,0,0.1634,0.6252,0.712,0.000,0
111.31,Marianne,AUIT_Multi,CAB,0.774,1.724,0.640,39.9,359.5,1.706,1.723,1.055,1.014,1.723,1.366,World,CabinetDCorner02,26.2,21.6,1.020,0.764,0,0,None,None,0,1,0,0,0.2316,1.2944,0.759,0.000,0
111.40,Marianne,AUIT_Multi,CAB,0.740,1.725,0.656,39.7,359.4,1.646,1.724,1.054,1.007,1.724,1.527,World,CabinetDCorner02,26.5,22.7,0.989,0.911,0,0,None,None,0,1,0,1,0.6204,1.6472,0.795,0.000,0
111.50,Marianne,AUIT_Multi,CAB,0.709,1.722,0.673,39.8,359.3,1.593,1.724,1.061,0.990,1.724,1.615,World,CabinetDCorner02,26.5,23.2,0.965,0.984,0,0,None,None,0,1,0,1,0.5460,0.9332,0.819,0.000,0
111.61,Marianne,AUIT_Multi,CAB,0.679,1.719,0.694,39.5,359.0,1.533,1.721,1.070,0.953,1.721,1.632,World,CabinetDCorner02,26.8,23.2,0.933,0.978,0,0,None,None,0,1,0,1,0.5505,0.3667,0.808,0.000,0
111.71,Marianne,AUIT_Multi,CAB,0.658,1.720,0.714,38.9,358.3,1.477,1.719,1.080,0.918,1.719,1.634,World,CabinetDCorner02,27.0,23.2,0.898,0.957,0,0,None,None,0,1,0,1,0.5795,0.3658,0.788,0.000,0
111.81,Marianne,AUIT_Multi,CAB,0.642,1.723,0.734,38.5,358.0,1.421,1.720,1.073,0.980,1.713,1.449,World,CabinetDCorner02,28.1,13.5,0.850,0.791,0,0,None,None,0,1,0,0,0.5846,2.0141,0.579,0.000,0
111.90,Marianne,AUIT_Multi,CAB,0.630,1.725,0.754,37.8,357.2,1.366,1.720,1.067,1.040,1.706,1.269,World,CabinetD05Door,29.3,4.5,0.800,0.658,0,0,None,None,0,1,0,0,0.5660,1.9468,0.384,0.000,0
112.00,Marianne,AUIT_Multi,CAB,0.626,1.728,0.774,37.2,356.5,1.312,1.721,1.062,0.954,1.714,1.391,World,CabinetD05Door,30.3,10.3,0.744,0.699,0,0,None,None,0,1,0,0,0.5610,1.5331,0.486,0.000,0
112.11,Marianne,AUIT_Multi,CAB,0.630,1.731,0.795,37.2,355.3,1.257,1.721,1.056,0.830,1.727,1.612,World,CabinetD05Door,30.7,24.0,0.679,0.841,0,0,None,None,0,1,0,1,0.4962,2.2853,0.701,0.000,0
112.21,Marianne,AUIT_Multi,CAB,0.640,1.733,0.814,35.3,353.8,1.200,1.721,1.048,0.810,1.731,1.635,World,CabinetD05Door,32.7,24.4,0.606,0.839,0,0,None,None,0,1,0,1,0.5967,0.3166,0.705,0.000,0
112.31,Marianne,AUIT_Multi,CAB,0.654,1.732,0.831,31.0,353.0,1.125,1.722,1.033,0.781,1.733,1.638,World,CabinetD05Door,36.7,23.1,0.512,0.816,0,0,None,None,0,1,0,1,0.7803,0.3001,0.696,0.000,0
112.40,Marianne,AUIT_Multi,CAB,0.670,1.732,0.848,25.3,353.1,1.067,1.721,1.028,0.729,1.732,1.638,World,CabinetD05Door,41.2,22.0,0.436,0.792,0,0,None,None,0,1,0,0,0.5999,0.5333,0.698,0.000,0
112.50,Marianne,AUIT_Multi,CAB,0.686,1.731,0.862,19.2,353.5,1.012,1.721,1.024,0.663,1.732,1.661,World,CabinetD05,45.1,21.7,0.364,0.800,0,0,None,None,0,1,0,0,0.5719,0.7229,0.727,0.000,0
112.61,Marianne,AUIT_Multi,CAB,0.702,1.733,0.875,12.3,354.4,0.953,1.721,1.021,0.585,1.732,1.692,World,CabinetD05,48.2,21.1,0.290,0.825,0,0,None,None,0,1,0,1,0.5351,0.7572,0.765,0.000,0
112.71,Marianne,AUIT_Multi,CAB,0.711,1.731,0.887,4.7,354.7,0.902,1.721,1.023,0.515,1.732,1.650,World,CabinetD05,50.4,19.8,0.235,0.787,0,0,None,None,0,1,0,0,0.5195,0.8398,0.737,0.000,0
112.81,Marianne,AUIT_Multi,CAB,0.716,1.727,0.898,357.1,355.8,0.922,1.728,1.255,0.559,1.732,1.594,World,CabinetD05,33.0,10.5,0.413,0.714,0,0,None,None,0,1,0,0,2.4026,0.7384,0.497,0.000,0
112.90,Marianne,AUIT_Multi,CAB,0.716,1.727,0.907,351.3,357.2,0.894,1.727,1.346,0.651,1.732,1.522,World,CabinetD06,30.8,3.5,0.473,0.619,0,0,None,None,0,1,0,0,0.9786,1.1995,0.300,0.000,0
113.00,Marianne,AUIT_Multi,CAB,0.712,1.725,0.914,345.6,357.8,0.865,1.726,1.444,0.639,1.731,1.476,World,CabinetD06,30.6,7.2,0.552,0.567,0,0,None,None,0,1,0,0,1.0639,0.4911,0.228,0.000,0
113.11,Marianne,AUIT_Multi,CAB,0.703,1.725,0.923,340.7,357.9,0.803,1.725,1.468,0.260,1.726,1.493,World,CabinetD06,29.8,18.7,0.553,0.722,0,0,None,None,0,1,0,0,0.5994,3.4213,0.544,0.000,0
113.21,Marianne,AUIT_Multi,CAB,0.692,1.726,0.932,338.8,357.4,0.756,1.726,1.469,0.214,1.726,1.432,World,CabinetD06,28.1,22.7,0.540,0.691,0,0,None,None,0,1,0,0,0.4775,0.7888,0.544,0.000,0
113.30,Marianne,AUIT_Multi,CAB,0.678,1.726,0.942,339.2,356.8,0.730,1.726,1.460,0.291,1.727,1.415,World,CabinetD06,26.7,18.8,0.520,0.611,0,0,None,None,0,1,0,0,0.2871,0.8093,0.441,0.000,0
113.40,Marianne,AUIT_Multi,CAB,0.662,1.725,0.953,340.1,357.0,0.708,1.727,1.444,0.422,1.729,1.415,World,CabinetD06,25.3,7.9,0.493,0.520,0,0,None,None,0,1,0,0,0.2798,1.3543,0.287,0.000,0
113.50,Marianne,AUIT_Multi,CAB,0.645,1.726,0.962,341.8,356.6,0.684,1.728,1.428,0.555,1.732,1.420,World,CabinetD06,23.2,7.6,0.467,0.467,0,0,None,None,1,1,0,0,0.2936,1.3654,0.129,0.381,0
113.61,Marianne,AUIT_Multi,CAB,0.626,1.726,0.973,343.5,355.9,0.656,1.729,1.410,0.248,1.727,1.498,World,CabinetD06,20.7,19.6,0.438,0.647,0,0,None,None,1,1,0,0,0.3017,2.8534,0.418,0.000,0
113.71,Marianne,AUIT_Multi,CAB,0.610,1.725,0.982,345.3,355.6,0.635,1.729,1.394,0.203,1.726,1.543,World,Quad,18.5,21.7,0.413,0.694,0,0,None,None,1,1,0,0,0.2653,0.6535,0.457,0.000,0
113.80,Marianne,AUIT_Multi,CAB,0.595,1.723,0.989,347.5,355.1,0.617,1.730,1.378,0.197,1.725,1.551,World,Quad,16.3,23.2,0.390,0.689,0,0,None,None,1,1,0,0,0.2445,0.1019,0.454,0.000,0
113.90,Marianne,AUIT_Multi,CAB,0.580,1.721,0.995,349.9,354.7,0.601,1.730,1.362,0.196,1.723,1.553,World,Quad,13.9,24.9,0.368,0.678,0,0,None,None,1,1,0,0,0.2370,0.0317,0.448,0.000,0
114.00,Marianne,AUIT_Multi,CAB,0.566,1.718,0.999,352.1,354.7,0.583,1.731,1.346,0.194,1.721,1.558,World,Quad,11.2,26.2,0.348,0.671,0,0,None,None,1,0,0,0,0.2455,0.0530,0.443,0.000,0
114.11,Marianne,AUIT_Multi,CAB,0.550,1.718,1.002,354.5,354.5,0.560,1.731,1.327,0.192,1.718,1.585,World,Quad,7.9,26.6,0.325,0.684,0,0,None,None,1,0,0,0,0.2693,0.2430,0.450,0.000,0
114.21,Marianne,AUIT_Multi,CAB,0.538,1.717,1.004,356.8,354.0,0.543,1.732,1.312,0.190,1.717,1.618,World,Quad,5.2,26.9,0.309,0.706,0,0,None,None,1,0,0,0,0.2356,0.3447,0.467,0.000,0
114.30,Marianne,AUIT_Multi,CAB,0.527,1.716,1.004,358.9,353.8,0.688,1.721,1.468,0.197,1.716,1.644,World,CabinetD06,21.0,26.9,0.491,0.720,0,0,None,None,1,0,0,0,2.1932,0.2761,0.522,0.000,0
114.40,Marianne,AUIT_Multi,CAB,0.516,1.716,1.004,0.6,354.0,0.741,1.717,1.498,0.212,1.716,1.649,World,CabinetD06,24.6,26.5,0.542,0.712,0,0,None,None,1,0,0,0,0.6239,0.1638,0.550,0.000,0
114.50,Marianne,AUIT_Multi,CAB,0.507,1.715,1.004,1.2,354.1,0.749,1.716,1.496,0.221,1.716,1.649,World,CabinetD06,25.7,25.7,0.548,0.705,0,0,None,None,0,0,0,0,0.0834,0.0913,0.549,0.000,0
114.61,Marianne,AUIT_Multi,CAB,0.497,1.715,1.004,1.0,354.3,0.745,1.715,1.496,0.219,1.715,1.649,World,CabinetD06,26.4,24.9,0.551,0.702,0,0,None,None,0,1,0,0,0.0319,0.0206,0.548,0.000,0
114.71,Marianne,AUIT_Multi,CAB,0.490,1.714,1.004,0.2,354.6,0.734,1.715,1.495,0.207,1.715,1.649,World,CabinetD06,26.7,24.5,0.549,0.705,0,0,None,None,0,1,0,0,0.1118,0.1221,0.549,0.000,0
114.80,Marianne,AUIT_Multi,CAB,0.484,1.715,1.003,358.6,354.7,0.719,1.714,1.495,0.192,1.714,1.643,World,CabinetD06,27.4,23.7,0.545,0.704,0,0,None,None,0,1,0,0,0.1589,0.1679,0.548,0.000,0
114.90,Marianne,AUIT_Multi,CAB,0.480,1.714,1.003,356.7,354.8,0.696,1.714,1.494,0.187,1.714,1.596,World,CabinetD06,27.6,23.5,0.536,0.661,0,0,None,None,0,1,0,0,0.2366,0.4877,0.519,0.000,0
115.00,Marianne,AUIT_Multi,CAB,0.477,1.714,1.004,355.2,355.0,0.673,1.714,1.493,0.187,1.714,1.545,World,CabinetD06,27.1,23.9,0.527,0.613,0,0,None,None,0,1,0,0,0.2355,0.5272,0.489,0.000,0
115.11,Marianne,AUIT_Multi,CAB,0.476,1.714,1.006,354.4,355.4,0.655,1.714,1.493,0.187,1.714,1.509,World,CabinetD06,26.2,24.7,0.519,0.580,0,0,None,None,0,1,0,0,0.1604,0.3232,0.469,0.000,0
115.21,Marianne,AUIT_Multi,CAB,0.479,1.714,1.009,354.2,355.8,0.649,1.714,1.494,0.187,1.714,1.498,World,CabinetD06,25.4,25.3,0.514,0.570,0,0,None,None,0,0,0,0,0.0672,0.1067,0.462,0.000,0
115.30,Marianne,AUIT_Multi,CAB,0.483,1.716,1.012,354.4,355.3,0.649,1.715,1.494,0.186,1.715,1.501,World,CabinetD06,25.0,26.0,0.510,0.573,0,0,None,None,0,0,0,0,0.0087,0.0295,0.462,0.000,0
115.40,Marianne,AUIT_Multi,CAB,0.490,1.719,1.014,354.8,354.2,0.654,1.717,1.495,0.186,1.717,1.515,World,CabinetD06,24.7,26.7,0.508,0.586,0,0,None,None,1,0,0,0,0.0621,0.1459,0.468,0.000,0
115.50,Marianne,AUIT_Multi,CAB,0.499,1.721,1.017,356.3,353.8,0.667,1.719,1.496,0.186,1.719,1.546,World,CabinetD06,23.9,27.6,0.508,0.614,0,0,None,None,1,0,0,0,0.1379,0.3121,0.484,0.000,0
115.61,Marianne,AUIT_Multi,CAB,0.511,1.724,1.019,358.2,353.2,0.693,1.722,1.497,0.185,1.722,1.607,World,CabinetD06,23.6,28.0,0.512,0.672,0,0,None,None,1,0,0,0,0.2354,0.5490,0.519,0.000,0
115.71,Marianne,AUIT_Multi,CAB,0.523,1.727,1.019,360.0,352.2,0.721,1.725,1.498,0.201,1.725,1.643,World,CabinetD06,23.8,28.4,0.518,0.702,0,0,None,None,1,0,0,0,0.2851,0.4039,0.540,0.000,0
115.80,Marianne,AUIT_Multi,CAB,0.536,1.729,1.020,1.4,351.7,0.750,1.727,1.499,0.233,1.727,1.648,World,Wall4m,24.1,28.4,0.525,0.697,0,0,None,None,1,0,0,0,0.2991,0.3359,0.538,0.000,0
115.90,Marianne,AUIT_Multi,CAB,0.547,1.729,1.021,2.7,351.6,0.777,1.728,1.500,0.264,1.728,1.649,World,Wall4m,24.3,28.2,0.532,0.688,0,0,None,None,1,0,0,0,0.2796,0.3246,0.534,0.000,0
116.01,Marianne,AUIT_Multi,CAB,0.559,1.729,1.022,3.7,351.5,0.804,1.729,1.501,0.295,1.729,1.648,World,Wall4m,24.8,27.7,0.538,0.679,0,0,None,None,1,0,0,0,0.2446,0.2779,0.530,0.000,0
116.11,Marianne,AUIT_Multi,CAB,0.568,1.728,1.024,3.9,351.6,0.822,1.729,1.502,0.315,1.729,1.648,World,CabinetD05,25.4,27.2,0.541,0.674,0,0,None,None,0,0,0,0,0.1809,0.2038,0.527,0.000,0
116.21,Marianne,AUIT_Multi,CAB,0.576,1.728,1.026,3.7,351.6,0.832,1.728,1.502,0.327,1.728,1.648,World,CabinetD05,25.9,26.7,0.541,0.670,0,0,None,None,0,0,0,0,0.1032,0.1188,0.526,0.000,0
116.30,Marianne,AUIT_Multi,CAB,0.582,1.728,1.030,3.3,351.4,0.836,1.728,1.503,0.332,1.728,1.649,World,CabinetD05,26.3,26.6,0.537,0.667,0,0,None,None,0,0,0,0,0.0427,0.0597,0.524,0.000,0
116.40,Marianne,AUIT_Multi,CAB,0.587,1.728,1.034,2.5,351.5,0.836,1.728,1.504,0.335,1.728,1.649,World,Wall4m,26.7,26.1,0.531,0.665,0,0,None,None,0,0,0,0,0.0085,0.0242,0.522,0.000,0
116.51,Marianne,AUIT_Multi,CAB,0.590,1.727,1.039,1.3,351.9,0.829,1.728,1.504,0.329,1.728,1.649,World,Wall4m,26.9,25.7,0.523,0.664,0,0,None,None,0,0,0,0,0.0656,0.0487,0.520,0.000,0
116.61,Marianne,AUIT_Multi,CAB,0.592,1.727,1.043,0.5,352.1,0.820,1.727,1.505,0.322,1.727,1.650,World,Wall4m,26.9,25.7,0.515,0.664,0,0,None,None,0,0,0,0,0.0900,0.0782,0.519,0.000,0
116.71,Marianne,AUIT_Multi,CAB,0.593,1.727,1.046,359.9,352.3,0.812,1.727,1.506,0.315,1.727,1.650,World,Wall4m,26.7,25.7,0.509,0.665,0,0,None,None,0,0,0,0,0.0813,0.0735,0.518,0.000,0
116.80,Marianne,AUIT_Multi,CAB,0.593,1.726,1.048,359.4,352.5,0.806,1.727,1.506,0.309,1.727,1.651,World,Wall4m,26.5,25.7,0.505,0.666,0,0,None,None,0,0,0,0,0.0641,0.0575,0.517,0.000,0
116.90,Marianne,AUIT_Multi,CAB,0.591,1.725,1.049,359.0,352.7,0.800,1.726,1.507,0.303,1.726,1.651,World,Wall4m,26.5,25.5,0.503,0.667,0,0,None,None,0,0,0,0,0.0607,0.0601,0.517,0.000,0
117.01,Marianne,AUIT_Multi,CAB,0.589,1.725,1.049,359.0,353.0,0.794,1.725,1.507,0.297,1.725,1.651,World,Wall4m,26.1,25.7,0.502,0.670,0,0,None,None,0,0,0,0,0.0549,0.0617,0.518,0.000,0
117.11,Marianne,AUIT_Multi,CAB,0.587,1.724,1.047,0.2,353.2,0.795,1.725,1.507,0.298,1.725,1.651,World,Wall4m,25.1,26.6,0.505,0.669,0,0,None,None,0,0,0,0,0.0129,0.0177,0.518,0.000,0
117.21,Marianne,AUIT_Multi,CAB,0.584,1.725,1.046,1.6,352.8,0.805,1.725,1.507,0.311,1.725,1.650,World,Wall4m,25.0,26.9,0.511,0.663,0,0,None,None,0,0,0,0,0.1028,0.1288,0.515,0.000,0
117.30,Marianne,AUIT_Multi,CAB,0.581,1.725,1.044,2.6,352.7,0.816,1.725,1.507,0.323,1.725,1.650,World,Wall4m,25.2,26.6,0.519,0.659,0,0,None,None,0,0,0,0,0.1070,0.1275,0.513,0.000,0
117.40,Marianne,AUIT_Multi,CAB,0.578,1.726,1.042,3.3,352.4,0.824,1.726,1.507,0.332,1.726,1.650,World,Wall4m,25.7,26.4,0.526,0.655,0,0,None,None,0,0,0,0,0.0831,0.0904,0.512,0.000,0
117.50,Marianne,AUIT_Multi,CAB,0.574,1.727,1.041,3.3,352.1,0.827,1.727,1.507,0.335,1.727,1.649,World,Wall4m,26.3,26.0,0.530,0.654,0,0,None,None,0,0,0,0,0.0331,0.0310,0.512,0.000,0
117.61,Marianne,AUIT_Multi,CAB,0.570,1.728,1.040,3.0,351.9,0.823,1.727,1.506,0.330,1.727,1.649,World,Wall4m,26.7,25.8,0.531,0.655,0,0,None,None,0,0,0,0,0.0327,0.0408,0.513,0.000,0
117.71,Marianne,AUIT_Multi,CAB,0.566,1.728,1.041,2.7,351.7,0.817,1.728,1.506,0.323,1.728,1.649,World,Wall4m,26.9,25.8,0.528,0.655,0,0,None,None,0,0,0,0,0.0678,0.0751,0.514,0.000,0
117.80,Marianne,AUIT_Multi,CAB,0.564,1.727,1.042,2.5,352.4,0.810,1.728,1.506,0.316,1.728,1.650,World,Wall4m,26.4,25.7,0.525,0.656,0,0,None,None,0,0,0,0,0.0679,0.0695,0.514,0.000,0
117.90,Marianne,AUIT_Multi,CAB,0.562,1.725,1.043,2.8,352.9,0.807,1.726,1.506,0.314,1.726,1.650,World,Wall4m,25.9,26.0,0.524,0.656,0,0,None,None,0,0,0,0,0.0360,0.0299,0.514,0.000,0
118.00,Marianne,AUIT_Multi,CAB,0.560,1.724,1.044,3.1,353.2,0.807,1.725,1.507,0.315,1.725,1.650,World,Wall4m,25.8,26.0,0.525,0.654,0,0,None,None,0,0,0,0,0.0144,0.0192,0.512,0.000,0
118.10,Marianne,AUIT_Multi,CAB,0.559,1.723,1.044,3.2,353.3,0.807,1.724,1.507,0.316,1.724,1.650,World,Wall4m,25.8,25.8,0.526,0.652,0,0,None,None,0,0,0,0,0.0122,0.0180,0.511,0.000,0
118.21,Marianne,AUIT_Multi,CAB,0.556,1.723,1.044,3.6,353.2,0.807,1.723,1.507,0.317,1.723,1.650,World,Wall4m,25.7,26.0,0.527,0.651,0,0,None,None,0,0,0,0,0.0072,0.0094,0.510,0.000,0
118.30,Marianne,AUIT_Multi,CAB,0.555,1.723,1.044,4.5,353.0,0.810,1.723,1.508,0.321,1.723,1.649,World,CabinetD05,25.3,26.5,0.529,0.649,0,0,None,None,0,0,0,0,0.0315,0.0382,0.510,0.000,0
118.40,Marianne,AUIT_Multi,CAB,0.554,1.724,1.043,5.7,352.7,0.819,1.723,1.508,0.331,1.723,1.649,World,CabinetD05,25.1,26.9,0.535,0.646,0,0,None,None,0,0,0,0,0.0946,0.1021,0.509,0.000,0
118.50,Marianne,AUIT_Multi,CAB,0.553,1.723,1.043,7.0,352.9,0.833,1.723,1.508,0.345,1.723,1.648,World,CabinetD05,24.9,26.9,0.544,0.641,0,0,None,None,1,0,0,0,0.1394,0.1443,0.508,0.000,0
118.61,Marianne,AUIT_Multi,CAB,0.551,1.720,1.044,8.7,353.9,0.841,1.722,1.497,0.361,1.722,1.648,World,CabinetD05,24.5,26.8,0.538,0.633,0,0,None,None,1,0,0,0,0.1262,0.1499,0.503,0.000,0
118.71,Marianne,AUIT_Multi,CAB,0.549,1.720,1.044,9.7,354.1,0.846,1.721,1.484,0.375,1.721,1.648,World,CabinetD05,24.9,26.3,0.531,0.628,0,0,None,None,1,0,0,0,0.1416,0.1448,0.498,0.000,0
118.81,Marianne,AUIT_Multi,CAB,0.545,1.722,1.042,10.3,353.8,0.849,1.721,1.477,0.383,1.721,1.647,World,CabinetD05,25.4,26.0,0.530,0.626,0,0,None,None,0,0,0,0,0.0789,0.0802,0.496,0.000,0
118.90,Marianne,AUIT_Multi,CAB,0.541,1.723,1.042,10.6,353.5,0.850,1.722,1.474,0.386,1.722,1.647,World,CabinetD05,25.8,25.7,0.532,0.625,0,0,None,None,0,0,0,0,0.0337,0.0273,0.496,0.000,0
119.00,Marianne,AUIT_Multi,CAB,0.536,1.722,1.041,10.5,354.2,0.850,1.723,1.476,0.384,1.723,1.647,World,CabinetD05,26.0,25.2,0.537,0.625,0,0,None,None,0,0,0,0,0.0237,0.0219,0.497,0.000,0
119.11,Marianne,AUIT_Multi,CAB,0.529,1.720,1.040,10.1,355.2,0.849,1.721,1.485,0.376,1.721,1.647,World,CabinetD05,26.1,24.6,0.548,0.627,0,0,None,None,0,1,0,0,0.0755,0.0719,0.501,0.000,0
119.21,Marianne,AUIT_Multi,CAB,0.522,1.721,1.037,9.5,355.1,0.846,1.720,1.494,0.365,1.720,1.647,World,CabinetD05,26.3,24.4,0.560,0.630,0,0,None,None,0,1,0,0,0.1039,0.1129,0.505,0.000,0
119.31,Marianne,AUIT_Multi,CAB,0.515,1.721,1.034,8.8,354.7,0.842,1.721,1.505,0.351,1.721,1.647,World,CabinetD05,26.5,24.3,0.574,0.635,0,0,None,None,0,1,0,0,0.1204,0.1451,0.511,0.000,0
119.40,Marianne,AUIT_Multi,CAB,0.508,1.721,1.031,8.0,354.9,0.830,1.721,1.507,0.335,1.721,1.648,World,CabinetD05,26.6,24.2,0.575,0.640,0,0,None,None,0,1,0,0,0.1234,0.1642,0.515,0.000,0
119.50,Marianne,AUIT_Multi,CAB,0.502,1.719,1.029,7.5,355.3,0.815,1.720,1.506,0.318,1.720,1.648,World,CabinetD05,26.1,24.5,0.571,0.645,0,0,None,None,0,1,0,0,0.1523,0.1685,0.517,0.000,0
119.61,Marianne,AUIT_Multi,CAB,0.498,1.717,1.026,7.9,355.9,0.807,1.718,1.505,0.308,1.718,1.648,World,CabinetD05,25.2,25.2,0.570,0.651,0,0,None,None,0,0,0,0,0.0782,0.0972,0.519,0.000,0
119.71,Marianne,AUIT_Multi,CAB,0.495,1.716,1.023,8.4,356.1,0.809,1.717,1.505,0.308,1.717,1.647,World,CabinetD05,24.9,25.4,0.575,0.652,0,0,None,None,1,0,0,0,0.0270,0.0154,0.521,0.000,0
119.80,Marianne,AUIT_Multi,CAB,0.493,1.715,1.019,8.9,356.2,0.814,1.716,1.504,0.310,1.716,1.647,World,CabinetD05,24.9,25.4,0.582,0.654,0,0,None,None,1,0,0,0,0.0507,0.0233,0.524,0.000,0
119.90,Marianne,AUIT_Multi,CAB,0.490,1.715,1.015,9.5,356.0,0.819,1.715,1.503,0.312,1.715,1.647,World,CabinetD05,24.8,25.6,0.589,0.657,0,0,None,None,1,0,0,0,0.0570,0.0233,0.527,0.000,0
120.01,Marianne,AUIT_Multi,CAB,0.488,1.715,1.011,9.5,355.8,0.825,1.715,1.502,0.314,1.715,1.646,World,CabinetD05,25.2,25.1,0.596,0.659,0,0,None,None,0,0,0,0,0.0514,0.0188,0.531,0.000,0
120.19,Marianne,AUIT_Multi,CAB,1.000,0.000,1.000,0.0,0.0,0.825,1.715,1.502,0.312,1.715,1.646,World,CabinetD01,73.8,70.7,1.795,1.957,0,0,None,None,0,0,0,0,0.0049,0.0126,0.533,0.000,0
