Time,ParticipantID,Scenario,Sequence,HeadX,HeadY,HeadZ,HeadYaw,HeadPitch,VideoX,VideoY,VideoZ,InstX,InstY,InstZ,GazeTarget,HitObjectName,AngleToVideo,AngleToInst,VideoDist,InstDist,VideoOcc,InstOcc,VideoOccHitName,InstOccHitName,VideoInCone,InstInCone,VideoVisible,InstVisible,VideoSpeed,InstSpeed,PanelSeparation,ScreenOverlapPct,BothVisible
0.00,Negin,AUIT_Single,CBA,1.000,0.000,1.000,0.0,0.0,-2.197,1.378,13.812,NaN,NaN,NaN,World,CabinetD01,15.2,NaN,13.277,NaN,1,0,CabinetD01,None,1,0,0,0,0.0000,NaN,NaN,NaN,0
0.35,Negin,AUIT_Single,CBA,1.000,0.000,1.000,0.0,0.0,-2.197,1.378,13.812,NaN,NaN,NaN,World,CabinetD01,15.2,NaN,13.277,NaN,1,0,CabinetD01,None,1,0,0,0,0.0000,NaN,NaN,NaN,0
0.37,Negin,AUIT_Single,CBA,1.000,0.000,1.000,0.0,0.0,-2.197,1.378,13.812,NaN,NaN,NaN,World,CabinetD01,15.2,NaN,13.277,NaN,1,0,CabinetD01,None,1,0,0,0,0.0000,NaN,NaN,NaN,0
0.38,Negin,AUIT_Single,CBA,1.000,0.000,1.000,0.0,0.0,-2.197,1.378,13.812,NaN,NaN,NaN,World,CabinetD01,15.2,NaN,13.277,NaN,1,0,CabinetD01,None,1,0,0,0,0.0000,NaN,NaN,NaN,0
0.41,Negin,AUIT_Single,CBA,1.000,0.000,1.000,0.0,0.0,-2.197,1.378,13.812,NaN,NaN,NaN,World,CabinetD01,15.2,NaN,13.277,NaN,1,0,CabinetD01,None,1,0,0,0,0.0000,NaN,NaN,NaN,0
0.51,Negin,AUIT_Single,CBA,1.000,0.000,1.000,0.0,0.0,-2.197,1.378,13.812,NaN,NaN,NaN,World,CabinetD01,15.2,NaN,13.277,NaN,1,0,CabinetD01,None,1,0,0,0,0.0000,NaN,NaN,NaN,0
0.61,Negin,AUIT_Single,CBA,1.000,0.000,1.000,0.0,0.0,-2.197,1.378,13.812,NaN,NaN,NaN,World,CabinetD01,15.2,NaN,13.277,NaN,1,0,CabinetD01,None,1,0,0,0,0.0000,NaN,NaN,NaN,0
0.70,Negin,AUIT_Single,CBA,1.000,0.000,1.000,0.0,0.0,-2.197,1.378,13.812,NaN,NaN,NaN,World,CabinetD01,15.2,NaN,13.277,NaN,1,0,CabinetD01,None,1,0,0,0,0.0000,NaN,NaN,NaN,0
0.80,Negin,AUIT_Single,CBA,1.000,0.000,1.000,0.0,0.0,-2.197,1.378,13.812,NaN,NaN,NaN,World,CabinetD01,15.2,NaN,13.277,NaN,1,0,CabinetD01,None,1,0,0,0,0.0000,NaN,NaN,NaN,0
1.13,Negin,AUIT_Single,CBA,1.000,0.000,1.000,0.0,0.0,-2.197,1.378,13.812,NaN,NaN,NaN,World,CabinetD01,15.2,NaN,13.277,NaN,1,0,CabinetD01,None,1,0,0,0,0.0000,NaN,NaN,NaN,0
1.15,Negin,AUIT_Single,CBA,0.649,1.755,0.488,351.6,356.2,-2.197,1.378,13.812,NaN,NaN,NaN,World,CabinetD06Door,6.5,NaN,13.630,NaN,1,0,CabinetD06Door,None,1,0,0,0,0.0000,NaN,NaN,NaN,0
1.17,Negin,AUIT_Single,CBA,0.649,1.755,0.487,351.7,356.2,-2.197,1.378,13.812,NaN,NaN,NaN,World,CabinetD06Door,6.6,NaN,13.631,NaN,1,0,CabinetD06Door,None,1,0,0,0,0.0000,NaN,NaN,NaN,0
1.21,Negin,AUIT_Single,CBA,0.650,1.755,0.486,352.0,356.1,-2.197,1.378,13.812,NaN,NaN,NaN,World,CabinetD06Door,6.9,NaN,13.632,NaN,1,0,CabinetD06Door,None,1,0,0,0,0.0000,NaN,NaN,NaN,0
1.31,Negin,AUIT_Single,CBA,0.652,1.754,0.484,353.5,355.8,-2.197,1.378,13.812,NaN,NaN,NaN,World,CabinetD06,8.0,NaN,13.634,NaN,1,0,CabinetD06Door,None,1,0,0,0,0.0000,NaN,NaN,NaN,0
1.41,Negin,AUIT_Single,CBA,0.653,1.753,0.483,355.7,356.8,-2.197,1.378,13.812,NaN,NaN,NaN,World,CabinetD06,9.1,NaN,13.635,NaN,1,0,CabinetD06Door,None,1,0,0,0,0.0000,NaN,NaN,NaN,0
1.51,Negin,AUIT_Single,CBA,0.653,1.753,0.483,356.7,356.8,-2.197,1.378,13.812,NaN,NaN,NaN,World,Wall4m,10.0,NaN,13.636,NaN,1,0,CabinetD06,None,1,0,0,0,0.0000,NaN,NaN,NaN,0
1.61,Negin,AUIT_Single,CBA,0.654,1.753,0.483,356.9,356.9,-2.197,1.378,13.812,NaN,NaN,NaN,World,Wall4m,10.2,NaN,13.636,NaN,1,0,CabinetD06,None,1,0,0,0,0.0000,NaN,NaN,NaN,0
1.75,Negin,AUIT_Single,CBA,0.654,1.753,0.482,357.1,356.9,-2.197,1.378,13.812,NaN,NaN,NaN,World,Wall4m,10.3,NaN,13.637,NaN,1,0,CabinetD06,None,1,0,0,0,0.0000,NaN,NaN,NaN,0
1.80,Negin,AUIT_Single,CBA,0.653,1.753,0.482,356.8,356.8,-2.197,1.378,13.812,NaN,NaN,NaN,World,Video Quad,10.0,NaN,13.637,NaN,1,0,CabinetD06,None,1,0,0,0,0.0000,NaN,NaN,NaN,0
1.91,Negin,AUIT_Single,CBA,0.654,1.752,0.483,356.5,357.6,-2.197,1.378,13.812,NaN,NaN,NaN,World,Video Quad,9.5,NaN,13.636,NaN,1,0,CabinetD06,None,1,0,0,0,0.0000,NaN,NaN,NaN,0
2.01,Negin,AUIT_Single,CBA,0.654,1.751,0.483,356.8,357.9,-2.197,1.378,13.812,NaN,NaN,NaN,World,Video Quad,9.6,NaN,13.635,NaN,1,0,CabinetD06,None,1,0,0,0,0.0000,NaN,NaN,NaN,0
2.11,Negin,AUIT_Single,CBA,0.655,1.751,0.484,357.3,357.9,-2.197,1.378,13.812,NaN,NaN,NaN,World,Video Quad,10.0,NaN,13.636,NaN,1,0,CabinetD06,None,1,0,0,0,0.0000,NaN,NaN,NaN,0
2.20,Negin,AUIT_Single,CBA,0.655,1.751,0.483,358.0,358.0,-2.197,1.378,13.812,NaN,NaN,NaN,World,Video Quad,10.7,NaN,13.636,NaN,1,0,CabinetD06,None,1,0,0,0,0.0000,NaN,NaN,NaN,0
2.30,Negin,AUIT_Single,CBA,0.654,1.750,0.483,358.7,358.0,-2.197,1.378,13.812,NaN,NaN,NaN,World,Video Quad,11.4,NaN,13.636,NaN,1,0,CabinetD06,None,1,0,0,0,0.0000,NaN,NaN,NaN,0
2.41,Negin,AUIT_Single,CBA,0.654,1.750,0.483,359.7,357.8,-2.197,1.378,13.812,NaN,NaN,NaN,World,Video Quad,12.3,NaN,13.636,NaN,1,0,CabinetD06,None,1,0,0,0,0.0000,NaN,NaN,NaN,0
2.51,Negin,AUIT_Single,CBA,0.653,1.751,0.484,0.8,357.6,-2.197,1.378,13.812,NaN,NaN,NaN,World,Video Quad,13.4,NaN,13.635,NaN,1,0,CabinetD06,None,1,0,0,0,0.0000,NaN,NaN,NaN,0
2.61,Negin,AUIT_Single,CBA,0.650,1.752,0.485,2.0,357.4,-2.197,1.378,13.812,NaN,NaN,NaN,World,Video Quad,14.6,NaN,13.633,NaN,1,0,CabinetD06,None,1,0,0,0,0.0000,NaN,NaN,NaN,0
2.70,Negin,AUIT_Single,CBA,0.647,1.754,0.487,3.2,357.0,-2.197,1.378,13.812,NaN,NaN,NaN,World,Video Quad,15.9,NaN,13.630,NaN,1,0,CabinetD06,None,1,0,0,0,0.0000,NaN,NaN,NaN,0
2.80,Negin,AUIT_Single,CBA,0.642,1.756,0.490,5.1,356.5,-2.197,1.378,13.812,NaN,NaN,NaN,World,Video Quad,17.8,NaN,13.626,NaN,1,0,CabinetD06,None,1,0,0,0,0.0000,NaN,NaN,NaN,0
2.91,Negin,AUIT_Single,CBA,0.634,1.758,0.496,9.0,356.1,-2.197,1.378,13.812,NaN,NaN,NaN,World,Video Quad,21.7,NaN,13.619,NaN,1,0,CabinetD06,None,1,0,0,0,0.0000,NaN,NaN,NaN,0
3.01,Negin,AUIT_Single,CBA,0.624,1.757,0.503,13.5,356.3,-2.197,1.378,13.812,NaN,NaN,NaN,World,Video Quad,26.0,NaN,13.610,NaN,1,0,CabinetD06,None,0,0,0,0,0.0000,NaN,NaN,NaN,0
3.11,Negin,AUIT_Single,CBA,0.611,1.754,0.513,18.0,357.6,-2.197,1.378,13.812,NaN,NaN,NaN,World,Video Quad,30.2,NaN,13.597,NaN,1,0,CabinetD06,None,0,0,0,0,0.0000,NaN,NaN,NaN,0
3.21,Negin,AUIT_Single,CBA,0.596,1.748,0.526,21.3,0.6,-2.197,1.378,13.812,NaN,NaN,NaN,World,Video Quad,33.2,NaN,13.582,NaN,1,0,CabinetD06,None,0,0,0,0,0.0000,NaN,NaN,NaN,0
3.30,Negin,AUIT_Single,CBA,0.579,1.742,0.537,24.0,4.2,-2.197,1.378,13.812,NaN,NaN,NaN,World,Video Quad,35.9,NaN,13.568,NaN,1,0,CabinetD06,None,0,0,0,0,0.0000,NaN,NaN,NaN,0
3.40,Negin,AUIT_Single,CBA,0.564,1.740,0.543,25.5,5.6,-2.197,1.378,13.812,NaN,NaN,NaN,World,Video Quad,37.4,NaN,13.558,NaN,1,0,CabinetD06,None,0,0,0,0,0.0000,NaN,NaN,NaN,0
3.51,Negin,AUIT_Single,CBA,0.551,1.740,0.547,25.7,5.7,-2.197,1.378,13.812,NaN,NaN,NaN,World,Video Quad,37.5,NaN,13.552,NaN,1,0,CabinetD06,None,0,0,0,0,0.0000,NaN,NaN,NaN,0
3.61,Negin,AUIT_Single,CBA,0.547,1.740,0.552,24.9,5.2,-2.197,1.378,13.812,NaN,NaN,NaN,World,Video Quad,36.7,NaN,13.546,NaN,1,0,CabinetD06,None,0,0,0,0,0.0000,NaN,NaN,NaN,0
3.71,Negin,AUIT_Single,CBA,0.552,1.741,0.562,23.3,4.4,-2.197,1.378,13.812,NaN,NaN,NaN,World,Video Quad,35.1,NaN,13.538,NaN,1,0,CabinetD06,None,0,0,0,0,0.0000,NaN,NaN,NaN,0
3.80,Negin,AUIT_Single,CBA,0.564,1.740,0.575,21.1,4.5,-2.197,1.378,13.812,NaN,NaN,NaN,World,Video Quad,33.0,NaN,13.527,NaN,1,0,CabinetD06,None,0,0,0,0,0.0000,NaN,NaN,NaN,0
3.90,Negin,AUIT_Single,CBA,0.584,1.739,0.590,19.8,4.9,-2.197,1.378,13.812,NaN,NaN,NaN,World,Video Quad,31.8,NaN,13.516,NaN,1,0,CabinetD06,None,0,0,0,0,0.0000,NaN,NaN,NaN,0
4.01,Negin,AUIT_Single,CBA,0.613,1.735,0.607,18.3,6.1,-2.197,1.378,13.812,NaN,NaN,NaN,World,Video Quad,30.6,NaN,13.505,NaN,1,0,CabinetD06,None,0,0,0,0,0.0000,NaN,NaN,NaN,0
4.11,Negin,AUIT_Single,CBA,0.643,1.735,0.624,17.2,7.1,-2.197,1.378,13.812,NaN,NaN,NaN,World,Video Quad,29.8,NaN,13.496,NaN,1,0,CabinetD06,None,0,0,0,0,0.0000,NaN,NaN,NaN,0
4.21,Negin,AUIT_Single,CBA,0.674,1.736,0.640,17.0,7.9,-2.197,1.378,13.812,NaN,NaN,NaN,World,Video Quad,29.8,NaN,13.486,NaN,1,0,CabinetD06,None,0,0,0,0,0.0000,NaN,NaN,NaN,0
4.30,Negin,AUIT_Single,CBA,0.703,1.739,0.659,15.8,7.4,-2.197,1.378,13.812,NaN,NaN,NaN,World,Video Quad,28.8,NaN,13.474,NaN,1,0,CabinetD06,None,0,0,0,0,0.0000,NaN,NaN,NaN,0
4.40,Negin,AUIT_Single,CBA,0.726,1.740,0.679,12.0,6.3,-2.197,1.378,13.812,NaN,NaN,NaN,World,Video Quad,25.0,NaN,13.459,NaN,1,0,CabinetD06,None,1,0,0,0,0.0000,NaN,NaN,NaN,0
4.51,Negin,AUIT_Single,CBA,0.747,1.739,0.701,6.2,6.6,-2.197,1.378,13.812,NaN,NaN,NaN,World,Video Quad,19.5,NaN,13.443,NaN,1,0,CabinetD06,None,1,0,0,0,0.0000,NaN,NaN,NaN,0
4.61,Negin,AUIT_Single,CBA,0.760,1.740,0.714,2.1,7.3,-2.197,1.378,13.812,NaN,NaN,NaN,World,Video Quad,15.8,NaN,13.433,NaN,1,0,CabinetD06,None,1,0,0,0,0.0000,NaN,NaN,NaN,0
4.71,Negin,AUIT_Single,CBA,0.768,1.743,0.725,358.4,6.4,-2.197,1.378,13.812,NaN,NaN,NaN,World,Video Quad,12.1,NaN,13.424,NaN,1,0,CabinetD06,None,1,0,0,0,0.0000,NaN,NaN,NaN,0
4.80,Negin,AUIT_Single,CBA,0.774,1.746,0.735,355.7,5.1,-2.197,1.378,13.812,NaN,NaN,NaN,World,Video Quad,9.2,NaN,13.415,NaN,1,0,CabinetD06,None,1,0,0,0,0.0000,NaN,NaN,NaN,0
4.90,Negin,AUIT_Single,CBA,0.777,1.747,0.745,354.7,5.1,-2.197,1.378,13.812,NaN,NaN,NaN,World,Video Quad,8.3,NaN,13.406,NaN,1,0,CabinetD06,None,1,0,0,0,0.0000,NaN,NaN,NaN,0
5.01,Negin,AUIT_Single,CBA,0.778,1.747,0.753,354.8,5.5,-2.197,1.378,13.812,NaN,NaN,NaN,World,Video Quad,8.6,NaN,13.399,NaN,1,0,CabinetD06,None,1,0,0,0,0.0000,NaN,NaN,NaN,0
5.11,Negin,AUIT_Single,CBA,0.777,1.748,0.757,355.8,5.2,-2.197,1.378,13.812,NaN,NaN,NaN,World,Video Quad,9.3,NaN,13.395,NaN,1,0,CabinetD06,None,1,0,0,0,0.0000,NaN,NaN,NaN,0
5.21,Negin,AUIT_Single,CBA,0.775,1.751,0.761,358.2,4.1,-2.197,1.378,13.812,NaN,NaN,NaN,World,Video Quad,11.3,NaN,13.390,NaN,1,0,CabinetD06,None,1,0,0,0,0.0000,NaN,NaN,NaN,0
5.30,Negin,AUIT_Single,CBA,0.771,1.752,0.765,0.8,3.3,-2.197,1.378,13.812,NaN,NaN,NaN,World,Video Quad,13.7,NaN,13.386,NaN,1,0,CabinetD06,None,1,0,0,0,0.0000,NaN,NaN,NaN,0
5.40,Negin,AUIT_Single,CBA,0.766,1.753,0.769,2.8,2.5,-2.197,1.378,13.812,NaN,NaN,NaN,World,Video Quad,15.6,NaN,13.381,NaN,1,0,CabinetD06,None,1,0,0,0,0.0000,NaN,NaN,NaN,0
5.51,Negin,AUIT_Single,CBA,0.760,1.753,0.773,5.1,1.8,-2.197,1.378,13.812,NaN,NaN,NaN,World,Video Quad,17.9,NaN,13.375,NaN,1,0,CabinetD06,None,1,0,0,0,0.0000,NaN,NaN,NaN,0
5.61,Negin,AUIT_Single,CBA,0.757,1.754,0.777,8.1,1.6,-2.197,1.378,13.812,NaN,NaN,NaN,World,Video Quad,20.8,NaN,13.370,NaN,1,0,CabinetD06,None,1,0,0,0,0.0000,NaN,NaN,NaN,0
5.71,Negin,AUIT_Single,CBA,0.754,1.754,0.782,11.0,1.4,-2.197,1.378,13.812,NaN,NaN,NaN,World,Video Quad,23.8,NaN,13.366,NaN,1,0,CabinetD06,None,1,0,0,0,0.0000,NaN,NaN,NaN,0
5.80,Negin,AUIT_Single,CBA,0.752,1.753,0.786,13.1,1.4,-2.197,1.378,13.812,NaN,NaN,NaN,World,Video Quad,25.9,NaN,13.361,NaN,1,0,CabinetD06,None,0,0,0,0,0.0000,NaN,NaN,NaN,0
5.90,Negin,AUIT_Single,CBA,0.751,1.753,0.790,14.7,1.2,-2.197,1.378,13.812,NaN,NaN,NaN,World,Video Quad,27.5,NaN,13.357,NaN,1,0,CabinetD06,None,0,0,0,0,0.0000,NaN,NaN,NaN,0
6.01,Negin,AUIT_Single,CBA,0.751,1.753,0.793,16.3,0.8,-2.197,1.378,13.812,NaN,NaN,NaN,World,Video Quad,29.1,NaN,13.354,NaN,1,0,CabinetD06,None,0,0,0,0,0.0000,NaN,NaN,NaN,0
6.11,Negin,AUIT_Single,CBA,0.751,1.754,0.795,17.3,0.7,-2.197,1.378,13.812,NaN,NaN,NaN,World,Video Quad,30.1,NaN,13.352,NaN,1,0,CabinetD06,None,0,0,0,0,0.0000,NaN,NaN,NaN,0
6.21,Negin,AUIT_Single,CBA,0.751,1.754,0.797,17.8,0.4,-2.197,1.378,13.812,NaN,NaN,NaN,World,Video Quad,30.6,NaN,13.350,NaN,1,0,CabinetD06,None,0,0,0,0,0.0000,NaN,NaN,NaN,0
6.30,Negin,AUIT_Single,CBA,0.751,1.754,0.799,17.7,0.5,-2.197,1.378,13.812,NaN,NaN,NaN,World,Video Quad,30.5,NaN,13.348,NaN,1,0,CabinetD06,None,0,0,0,0,0.0000,NaN,NaN,NaN,0
6.40,Negin,AUIT_Single,CBA,0.751,1.754,0.801,17.5,0.5,-2.197,1.378,13.812,NaN,NaN,NaN,World,Video Quad,30.3,NaN,13.346,NaN,1,0,CabinetD06,None,0,0,0,0,0.0000,NaN,NaN,NaN,0
6.51,Negin,AUIT_Single,CBA,0.751,1.754,0.803,17.2,0.4,-2.197,1.378,13.812,NaN,NaN,NaN,World,Video Quad,30.0,NaN,13.344,NaN,1,0,CabinetD06,None,0,0,0,0,0.0000,NaN,NaN,NaN,0
6.61,Negin,AUIT_Single,CBA,0.751,1.754,0.805,16.9,0.4,-2.197,1.378,13.812,NaN,NaN,NaN,World,Video Quad,29.7,NaN,13.343,NaN,1,0,CabinetD06,None,0,0,0,0,0.0000,NaN,NaN,NaN,0
6.71,Negin,AUIT_Single,CBA,0.750,1.754,0.805,16.6,0.5,-2.197,1.378,13.812,NaN,NaN,NaN,World,Video Quad,29.4,NaN,13.342,NaN,1,0,CabinetD06,None,0,0,0,0,0.0000,NaN,NaN,NaN,0
6.80,Negin,AUIT_Single,CBA,0.750,1.753,0.805,16.5,0.6,-2.197,1.378,13.812,NaN,NaN,NaN,World,Video Quad,29.2,NaN,13.342,NaN,1,0,CabinetD06,None,0,0,0,0,0.0000,NaN,NaN,NaN,0
6.90,Negin,AUIT_Single,CBA,0.749,1.753,0.804,16.2,0.5,-2.197,1.378,13.812,NaN,NaN,NaN,World,Video Quad,29.0,NaN,13.343,NaN,1,0,CabinetD06,None,0,0,0,0,0.0000,NaN,NaN,NaN,0
7.01,Negin,AUIT_Single,CBA,0.749,1.754,0.803,16.0,0.1,-2.197,1.378,13.812,NaN,NaN,NaN,World,Video Quad,28.8,NaN,13.344,NaN,1,0,CabinetD06,None,0,0,0,0,0.0000,NaN,NaN,NaN,0
7.11,Negin,AUIT_Single,CBA,0.750,1.754,0.802,16.2,0.3,-2.197,1.378,13.812,NaN,NaN,NaN,World,Video Quad,29.0,NaN,13.345,NaN,1,0,CabinetD06,None,0,0,0,0,0.0000,NaN,NaN,NaN,0
7.21,Negin,AUIT_Single,CBA,0.750,1.754,0.801,16.4,0.0,-2.197,1.378,13.812,NaN,NaN,NaN,World,Video Quad,29.2,NaN,13.346,NaN,1,0,CabinetD06,None,0,0,0,0,0.0000,NaN,NaN,NaN,0
7.30,Negin,AUIT_Single,CBA,0.750,1.754,0.800,16.5,359.9,-2.197,1.378,13.812,NaN,NaN,NaN,World,Video Quad,29.3,NaN,13.347,NaN,1,0,CabinetD06,None,0,0,0,0,0.0000,NaN,NaN,NaN,0
7.40,Negin,AUIT_Single,CBA,0.752,1.754,0.799,16.8,0.1,-2.197,1.378,13.812,NaN,NaN,NaN,World,Video Quad,29.6,NaN,13.348,NaN,1,0,CabinetD06,None,0,0,0,0,0.0000,NaN,NaN,NaN,0
7.51,Negin,AUIT_Single,CBA,0.753,1.753,0.799,17.0,0.6,-2.197,1.378,13.812,NaN,NaN,NaN,World,Video Quad,29.8,NaN,13.349,NaN,1,0,CabinetD06,None,0,0,0,0,0.0000,NaN,NaN,NaN,0
7.61,Negin,AUIT_Single,CBA,0.753,1.753,0.798,17.2,0.4,-2.197,1.378,13.812,NaN,NaN,NaN,World,Video Quad,30.0,NaN,13.350,NaN,1,0,CabinetD06,None,0,0,0,0,0.0000,NaN,NaN,NaN,0
7.71,Negin,AUIT_Single,CBA,0.753,1.754,0.798,16.6,360.0,-2.197,1.378,13.812,NaN,NaN,NaN,World,Video Quad,29.4,NaN,13.349,NaN,1,0,CabinetD06,None,0,0,0,0,0.0000,NaN,NaN,NaN,0
7.80,Negin,AUIT_Single,CBA,0.751,1.753,0.799,16.2,0.4,-2.197,1.378,13.812,NaN,NaN,NaN,World,Video Quad,29.0,NaN,13.348,NaN,1,0,CabinetD06,None,0,0,0,0,0.0000,NaN,NaN,NaN,0
7.90,Negin,AUIT_Single,CBA,0.751,1.753,0.799,15.8,0.3,-2.197,1.378,13.812,NaN,NaN,NaN,World,Video Quad,28.6,NaN,13.348,NaN,1,0,CabinetD06,None,0,0,0,0,0.0000,NaN,NaN,NaN,0
8.01,Negin,AUIT_Single,CBA,0.750,1.753,0.799,15.5,0.1,-2.197,1.378,13.812,NaN,NaN,NaN,World,Video Quad,28.3,NaN,13.348,NaN,1,0,CabinetD06,None,0,0,0,0,0.0000,NaN,NaN,NaN,0
8.11,Negin,AUIT_Single,CBA,0.749,1.753,0.799,15.4,0.0,-2.197,1.378,13.812,NaN,NaN,NaN,World,Video Quad,28.2,NaN,13.348,NaN,1,0,CabinetD06,None,0,0,0,0,0.0000,NaN,NaN,NaN,0
8.21,Negin,AUIT_Single,CBA,0.748,1.753,0.799,15.4,359.9,-2.197,1.378,13.812,NaN,NaN,NaN,World,Video Quad,28.2,NaN,13.347,NaN,1,0,CabinetD06,None,0,0,0,0,0.0000,NaN,NaN,NaN,0
8.30,Negin,AUIT_Single,CBA,0.748,1.753,0.800,15.3,359.9,-2.197,1.378,13.812,NaN,NaN,NaN,World,Video Quad,28.1,NaN,13.347,NaN,1,0,CabinetD06,None,0,0,0,0,0.0000,NaN,NaN,NaN,0
8.40,Negin,AUIT_Single,CBA,0.747,1.753,0.800,15.2,359.8,-2.197,1.378,13.812,NaN,NaN,NaN,World,Video Quad,28.0,NaN,13.347,NaN,1,0,CabinetD06,None,0,0,0,0,0.0000,NaN,NaN,NaN,0
8.51,Negin,AUIT_Single,CBA,0.747,1.754,0.800,15.0,359.6,-2.197,1.378,13.812,NaN,NaN,NaN,World,Video Quad,27.8,NaN,13.347,NaN,1,0,CabinetD06,None,0,0,0,0,0.0000,NaN,NaN,NaN,0
8.61,Negin,AUIT_Single,CBA,0.747,1.754,0.799,14.8,359.5,-2.197,1.378,13.812,NaN,NaN,NaN,World,Video Quad,27.6,NaN,13.347,NaN,1,0,CabinetD06,None,0,0,0,0,0.0000,NaN,NaN,NaN,0
8.71,Negin,AUIT_Single,CBA,0.747,1.754,0.799,14.8,359.4,-2.197,1.378,13.812,NaN,NaN,NaN,World,Video Quad,27.6,NaN,13.348,NaN,1,0,CabinetD06,None,0,0,0,0,0.0000,NaN,NaN,NaN,0
8.81,Negin,AUIT_Single,CBA,0.747,1.754,0.798,14.7,359.4,-2.197,1.378,13.812,NaN,NaN,NaN,World,Video Quad,27.6,NaN,13.349,NaN,1,0,CabinetD06,None,0,0,0,0,0.0000,NaN,NaN,NaN,0
8.90,Negin,AUIT_Single,CBA,0.747,1.754,0.797,14.7,359.3,-2.197,1.378,13.812,NaN,NaN,NaN,World,Video Quad,27.6,NaN,13.350,NaN,1,0,CabinetD06,None,0,0,0,0,0.0000,NaN,NaN,NaN,0
9.01,Negin,AUIT_Single,CBA,0.747,1.754,0.795,14.8,359.3,-2.197,1.378,13.812,NaN,NaN,NaN,World,Video Quad,27.6,NaN,13.351,NaN,1,0,CabinetD06,None,0,0,0,0,0.0000,NaN,NaN,NaN,0
9.11,Negin,AUIT_Single,CBA,0.748,1.754,0.794,14.7,359.3,-2.197,1.378,13.812,NaN,NaN,NaN,World,Video Quad,27.5,NaN,13.353,NaN,1,0,CabinetD06,None,0,0,0,0,0.0000,NaN,NaN,NaN,0
9.21,Negin,AUIT_Single,CBA,0.748,1.754,0.793,14.6,359.3,-2.197,1.378,13.812,NaN,NaN,NaN,World,Video Quad,27.5,NaN,13.354,NaN,1,0,CabinetD06,None,0,0,0,0,0.0000,NaN,NaN,NaN,0
9.31,Negin,AUIT_Single,CBA,0.748,1.753,0.792,14.6,359.3,-2.197,1.378,13.812,NaN,NaN,NaN,World,Video Quad,27.4,NaN,13.354,NaN,1,0,CabinetD06,None,0,0,0,0,0.0000,NaN,NaN,NaN,0
9.40,Negin,AUIT_Single,CBA,0.747,1.753,0.791,14.6,359.4,-2.197,1.378,13.812,NaN,NaN,NaN,World,Video Quad,27.4,NaN,13.355,NaN,1,0,CabinetD06,None,0,0,0,0,0.0000,NaN,NaN,NaN,0
9.51,Negin,AUIT_Single,CBA,0.747,1.754,0.791,14.4,359.4,-2.197,1.378,13.812,NaN,NaN,NaN,World,Video Quad,27.3,NaN,13.355,NaN,1,0,CabinetD06,None,0,0,0,0,0.0000,NaN,NaN,NaN,0
9.61,Negin,AUIT_Single,CBA,0.746,1.754,0.791,14.3,359.5,-2.197,1.378,13.812,NaN,NaN,NaN,World,Video Quad,27.1,NaN,13.355,NaN,1,0,CabinetD06,None,0,0,0,0,0.0000,NaN,NaN,NaN,0
9.71,Negin,AUIT_Single,CBA,0.745,1.754,0.791,14.1,359.3,-2.197,1.378,13.812,NaN,NaN,NaN,World,Video Quad,26.9,NaN,13.355,NaN,1,0,CabinetD06,None,0,0,0,0,0.0000,NaN,NaN,NaN,0
9.81,Negin,AUIT_Single,CBA,0.743,1.754,0.790,13.9,359.2,-2.197,1.378,13.812,NaN,NaN,NaN,World,Video Quad,26.7,NaN,13.355,NaN,1,0,CabinetD06,None,0,0,0,0,0.0000,NaN,NaN,NaN,0
9.90,Negin,AUIT_Single,CBA,0.741,1.754,0.790,13.8,359.2,-2.197,1.378,13.812,NaN,NaN,NaN,World,Video Quad,26.6,NaN,13.354,NaN,1,0,CabinetD06,None,0,0,0,0,0.0000,NaN,NaN,NaN,0
10.00,Negin,AUIT_Single,CBA,0.740,1.754,0.790,14.1,359.1,-2.197,1.378,13.812,NaN,NaN,NaN,World,Video Quad,26.9,NaN,13.354,NaN,1,0,CabinetD06,None,0,0,0,0,0.0000,NaN,NaN,NaN,0
10.11,Negin,AUIT_Single,CBA,0.742,1.756,0.791,16.9,357.1,-2.197,1.378,13.812,NaN,NaN,NaN,World,Video Quad,30.0,NaN,13.354,NaN,1,0,CabinetD06,None,0,0,0,0,0.0000,NaN,NaN,NaN,0
10.21,Negin,AUIT_Single,CBA,0.741,1.756,0.793,18.1,357.1,-2.197,1.378,13.812,NaN,NaN,NaN,World,Video Quad,31.1,NaN,13.352,NaN,1,0,CabinetD06,None,0,0,0,0,0.0000,NaN,NaN,NaN,0
10.31,Negin,AUIT_Single,CBA,0.736,1.756,0.797,17.3,357.9,-2.197,1.378,13.812,NaN,NaN,NaN,World,Video Quad,30.2,NaN,13.347,NaN,1,0,CabinetD06,None,0,0,0,0,0.0000,NaN,NaN,NaN,0
10.40,Negin,AUIT_Single,CBA,0.731,1.756,0.800,16.6,358.2,-2.197,1.378,13.812,NaN,NaN,NaN,World,Video Quad,29.5,NaN,13.343,NaN,1,0,CabinetD06,None,0,0,0,0,0.0000,NaN,NaN,NaN,0
10.50,Negin,AUIT_Single,CBA,0.726,1.756,0.802,16.8,357.9,-2.197,1.378,13.812,NaN,NaN,NaN,World,Video Quad,29.7,NaN,13.340,NaN,1,0,CabinetD06,None,0,0,0,0,0.0000,NaN,NaN,NaN,0
10.61,Negin,AUIT_Single,CBA,0.722,1.757,0.804,17.3,357.3,-2.197,1.378,13.812,NaN,NaN,NaN,World,Video Quad,30.3,NaN,13.337,NaN,1,0,CabinetD06,None,0,0,0,0,0.0000,NaN,NaN,NaN,0
10.71,Negin,AUIT_Single,CBA,0.719,1.757,0.806,17.9,356.5,-2.197,1.378,13.812,NaN,NaN,NaN,World,Video Quad,31.0,NaN,13.335,NaN,1,0,CabinetD06,None,0,0,0,0,0.0000,NaN,NaN,NaN,0
10.81,Negin,AUIT_Single,CBA,0.716,1.756,0.808,18.3,356.4,-2.197,1.378,13.812,NaN,NaN,NaN,World,Video Quad,31.3,NaN,13.332,NaN,1,0,CabinetD06,None,0,0,0,0,0.0000,NaN,NaN,NaN,0
10.90,Negin,AUIT_Single,CBA,0.712,1.756,0.810,18.4,356.7,-2.197,1.378,13.812,NaN,NaN,NaN,World,Video Quad,31.4,NaN,13.330,NaN,1,0,CabinetD06,None,0,0,0,0,0.0000,NaN,NaN,NaN,0
11.00,Negin,AUIT_Single,CBA,0.710,1.757,0.811,19.3,355.4,-2.197,1.378,13.812,NaN,NaN,NaN,World,Video Quad,32.5,NaN,13.327,NaN,1,0,CabinetD06,None,0,0,0,0,0.0000,NaN,NaN,NaN,0
11.11,Negin,AUIT_Single,CBA,0.707,1.758,0.814,21.1,355.2,-2.197,1.378,13.812,NaN,NaN,NaN,World,Video Quad,34.2,NaN,13.324,NaN,1,0,CabinetD06,None,0,0,0,0,0.0000,NaN,NaN,NaN,0
11.21,Negin,AUIT_Single,CBA,0.704,1.758,0.817,22.4,355.4,-2.197,1.378,13.812,NaN,NaN,NaN,World,Video Quad,35.5,NaN,13.321,NaN,1,0,CabinetD06,None,0,0,0,0,0.0000,NaN,NaN,NaN,0
11.31,Negin,AUIT_Single,CBA,0.702,1.757,0.818,23.5,355.1,-2.197,1.378,13.812,NaN,NaN,NaN,World,Video Quad,36.6,NaN,13.319,NaN,1,0,CabinetD06,None,0,0,0,0,0.0000,NaN,NaN,NaN,0
11.40,Negin,AUIT_Single,CBA,0.701,1.758,0.818,24.6,355.2,-2.197,1.378,13.812,NaN,NaN,NaN,World,Video Quad,37.7,NaN,13.319,NaN,1,0,CabinetD06,None,0,0,0,0,0.0000,NaN,NaN,NaN,0
11.50,Negin,AUIT_Single,CBA,0.701,1.760,0.819,25.2,355.3,-2.197,1.378,13.812,NaN,NaN,NaN,World,Video Quad,38.3,NaN,13.318,NaN,1,0,CabinetD06,None,0,0,0,0,0.0000,NaN,NaN,NaN,0
11.61,Negin,AUIT_Single,CBA,0.701,1.760,0.821,25.1,355.4,-2.197,1.378,13.812,NaN,NaN,NaN,World,Video Quad,38.1,NaN,13.316,NaN,1,0,CabinetD06,None,0,0,0,0,0.0000,NaN,NaN,NaN,0
11.71,Negin,AUIT_Single,CBA,0.701,1.758,0.820,23.4,357.0,-2.197,1.378,13.812,NaN,NaN,NaN,World,Video Quad,36.3,NaN,13.317,NaN,1,0,CabinetD06,None,0,0,0,0,0.0000,NaN,NaN,NaN,0
11.81,Negin,AUIT_Single,CBA,0.702,1.760,0.818,20.8,357.7,-2.197,1.378,13.812,NaN,NaN,NaN,World,Video Quad,33.6,NaN,13.319,NaN,1,0,CabinetD06,None,0,0,0,0,0.0000,NaN,NaN,NaN,0
11.90,Negin,AUIT_Single,CBA,0.704,1.761,0.816,18.7,357.3,-2.197,1.378,13.812,NaN,NaN,NaN,World,Video Quad,31.6,NaN,13.321,NaN,1,0,CabinetD06,None,0,0,0,0,0.0000,NaN,NaN,NaN,0
12.00,Negin,AUIT_Single,CBA,0.706,1.762,0.816,18.3,356.6,-2.197,1.378,13.812,NaN,NaN,NaN,World,Video Quad,31.3,NaN,13.322,NaN,1,0,CabinetD06,None,0,0,0,0,0.0000,NaN,NaN,NaN,0
12.11,Negin,AUIT_Single,CBA,0.710,1.763,0.818,16.3,356.0,-2.197,1.378,13.812,NaN,NaN,NaN,World,Video Quad,29.5,NaN,13.321,NaN,1,0,CabinetD06,None,0,0,0,0,0.0000,NaN,NaN,NaN,0
12.21,Negin,AUIT_Single,CBA,0.714,1.760,0.820,15.7,357.2,-2.197,1.378,13.812,NaN,NaN,NaN,World,Video Quad,28.6,NaN,13.320,NaN,1,0,CabinetD06,None,0,0,0,0,0.0000,NaN,NaN,NaN,0
12.31,Negin,AUIT_Single,CBA,0.718,1.756,0.819,15.2,358.9,-2.197,1.378,13.812,NaN,NaN,NaN,World,Video Quad,28.0,NaN,13.321,NaN,1,0,CabinetD06,None,0,0,0,0,0.0000,NaN,NaN,NaN,0
12.40,Negin,AUIT_Single,CBA,0.721,1.755,0.816,14.6,359.2,-2.197,1.378,13.812,NaN,NaN,NaN,World,Video Quad,27.4,NaN,13.325,NaN,1,0,CabinetD06,None,0,0,0,0,0.0000,NaN,NaN,NaN,0
12.50,Negin,AUIT_Single,CBA,0.723,1.755,0.814,14.3,358.3,-2.197,1.378,13.812,NaN,NaN,NaN,World,Video Quad,27.2,NaN,13.327,NaN,1,0,CabinetD06,None,0,0,0,0,0.0000,NaN,NaN,NaN,0
12.61,Negin,AUIT_Single,CBA,0.724,1.756,0.813,13.4,358.0,-2.197,1.378,13.812,NaN,NaN,NaN,World,Video Quad,26.3,NaN,13.329,NaN,1,0,CabinetD06,None,0,0,0,0,0.0000,NaN,NaN,NaN,0
12.71,Negin,AUIT_Single,CBA,0.723,1.756,0.813,13.2,357.8,-2.197,1.378,13.812,NaN,NaN,NaN,World,Video Quad,26.1,NaN,13.329,NaN,1,0,CabinetD06,None,0,0,0,0,0.0000,NaN,NaN,NaN,0
12.81,Negin,AUIT_Single,CBA,0.723,1.756,0.813,13.8,357.6,-2.197,1.378,13.812,NaN,NaN,NaN,World,Video Quad,26.7,NaN,13.329,NaN,1,0,CabinetD06,None,0,0,0,0,0.0000,NaN,NaN,NaN,0
12.90,Negin,AUIT_Single,CBA,0.721,1.756,0.813,14.4,357.5,-2.197,1.378,13.812,NaN,NaN,NaN,World,Video Quad,27.4,NaN,13.328,NaN,1,0,CabinetD06,None,0,0,0,0,0.0000,NaN,NaN,NaN,0
13.01,Negin,AUIT_Single,CBA,0.720,1.756,0.813,14.9,357.5,-2.197,1.378,13.812,NaN,NaN,NaN,World,Video Quad,27.9,NaN,13.327,NaN,1,0,CabinetD06,None,0,0,0,0,0.0000,NaN,NaN,NaN,0
13.11,Negin,AUIT_Single,CBA,0.719,1.756,0.814,15.1,357.7,-2.197,1.378,13.812,NaN,NaN,NaN,World,Video Quad,28.0,NaN,13.327,NaN,1,0,CabinetD06,None,0,0,0,0,0.0000,NaN,NaN,NaN,0
13.21,Negin,AUIT_Single,CBA,0.718,1.756,0.814,15.0,357.8,-2.197,1.378,13.812,NaN,NaN,NaN,World,Video Quad,27.9,NaN,13.327,NaN,1,0,CabinetD06,None,0,0,0,0,0.0000,NaN,NaN,NaN,0
13.31,Negin,AUIT_Single,CBA,0.718,1.756,0.814,15.1,358.0,-2.197,1.378,13.812,NaN,NaN,NaN,World,Video Quad,28.0,NaN,13.326,NaN,1,0,CabinetD06,None,0,0,0,0,0.0000,NaN,NaN,NaN,0
13.40,Negin,AUIT_Single,CBA,0.718,1.756,0.814,15.1,358.1,-2.197,1.378,13.812,NaN,NaN,NaN,World,Video Quad,27.9,NaN,13.327,NaN,1,0,CabinetD06,None,0,0,0,0,0.0000,NaN,NaN,NaN,0
13.51,Negin,AUIT_Single,CBA,0.719,1.756,0.814,15.1,358.1,-2.197,1.378,13.812,NaN,NaN,NaN,World,Video Quad,27.9,NaN,13.327,NaN,1,0,CabinetD06,None,0,0,0,0,0.0000,NaN,NaN,NaN,0
13.61,Negin,AUIT_Single,CBA,0.720,1.756,0.813,15.0,358.2,-2.197,1.378,13.812,NaN,NaN,NaN,World,Video Quad,27.9,NaN,13.328,NaN,1,0,CabinetD06,None,0,0,0,0,0.0000,NaN,NaN,NaN,0
13.71,Negin,AUIT_Single,CBA,0.722,1.756,0.812,15.1,358.1,-2.197,1.378,13.812,NaN,NaN,NaN,World,Video Quad,28.0,NaN,13.329,NaN,1,0,CabinetD06,None,0,0,0,0,0.0000,NaN,NaN,NaN,0
13.81,Negin,AUIT_Single,CBA,0.724,1.756,0.811,15.4,358.1,-2.197,1.378,13.812,NaN,NaN,NaN,World,Video Quad,28.3,NaN,13.330,NaN,1,0,CabinetD06,None,0,0,0,0,0.0000,NaN,NaN,NaN,0
13.90,Negin,AUIT_Single,CBA,0.726,1.756,0.810,15.9,358.0,-2.197,1.378,13.812,NaN,NaN,NaN,World,Video Quad,28.8,NaN,13.332,NaN,1,0,CabinetD06,None,0,0,0,0,0.0000,NaN,NaN,NaN,0
14.01,Negin,AUIT_Single,CBA,0.728,1.756,0.809,16.3,358.1,-2.197,1.378,13.812,NaN,NaN,NaN,World,Video Quad,29.2,NaN,13.333,NaN,1,0,CabinetD06,None,0,0,0,0,0.0000,NaN,NaN,NaN,0
14.11,Negin,AUIT_Single,CBA,0.729,1.756,0.809,16.3,358.1,-2.197,1.378,13.812,NaN,NaN,NaN,World,Video Quad,29.2,NaN,13.334,NaN,1,0,CabinetD06,None,0,0,0,0,0.0000,NaN,NaN,NaN,0
14.21,Negin,AUIT_Single,CBA,0.730,1.756,0.810,15.7,358.0,-2.197,1.378,13.812,NaN,NaN,NaN,World,Video Quad,28.6,NaN,13.333,NaN,1,0,CabinetD06,None,0,0,0,0,0.0000,NaN,NaN,NaN,0
14.31,Negin,AUIT_Single,CBA,0.731,1.760,0.813,14.6,357.5,-2.197,1.378,13.812,NaN,NaN,NaN,World,Video Quad,27.6,NaN,13.330,NaN,1,0,CabinetD06,None,0,0,0,0,0.0000,NaN,NaN,NaN,0
14.40,Negin,AUIT_Single,CBA,0.734,1.767,0.820,14.0,354.0,-2.197,1.378,13.812,NaN,NaN,NaN,World,CabinetD05,27.8,NaN,13.325,NaN,1,0,CabinetD06,None,0,0,0,0,0.0000,NaN,NaN,NaN,0
14.51,Negin,AUIT_Single,CBA,0.738,1.769,0.831,13.9,350.6,-2.197,1.378,13.812,NaN,NaN,NaN,World,CabinetD05,28.8,NaN,13.314,NaN,1,0,CabinetD06,None,0,0,0,0,0.0000,NaN,NaN,NaN,0
14.61,Negin,AUIT_Single,CBA,0.743,1.763,0.842,13.2,351.1,-2.197,1.378,13.812,NaN,NaN,NaN,World,CabinetD05,27.9,NaN,13.305,NaN,1,0,CabinetD06,None,0,0,0,0,0.0000,NaN,NaN,NaN,0
14.71,Negin,AUIT_Single,CBA,0.748,1.757,0.849,12.2,355.6,-2.197,1.378,13.812,NaN,NaN,NaN,World,Video Quad,25.7,NaN,13.299,NaN,1,0,CabinetD06,None,0,0,0,0,0.0000,NaN,NaN,NaN,0
14.81,Negin,AUIT_Single,CBA,0.750,1.755,0.853,12.0,356.7,-2.197,1.378,13.812,NaN,NaN,NaN,World,Video Quad,25.2,NaN,13.296,NaN,1,0,CabinetD06,None,0,0,0,0,0.0000,NaN,NaN,NaN,0
14.90,Negin,AUIT_Single,CBA,0.751,1.755,0.859,11.3,357.1,-2.197,1.378,13.812,NaN,NaN,NaN,World,Video Quad,24.5,NaN,13.290,NaN,1,0,CabinetD06,None,1,0,0,0,0.0000,NaN,NaN,NaN,0
15.01,Negin,AUIT_Single,CBA,0.748,1.756,0.871,9.6,356.8,-2.197,1.378,13.812,NaN,NaN,NaN,World,Video Quad,22.9,NaN,13.278,NaN,1,0,CabinetD06,None,1,0,0,0,0.0000,NaN,NaN,NaN,0
15.11,Negin,AUIT_Single,CBA,0.744,1.756,0.885,8.4,356.4,-2.197,1.378,13.812,NaN,NaN,NaN,World,Video Quad,21.8,NaN,13.263,NaN,1,0,CabinetD06,None,1,0,0,0,0.0000,NaN,NaN,NaN,0
15.21,Negin,AUIT_Single,CBA,0.738,1.756,0.902,8.2,356.4,-2.197,1.378,13.812,NaN,NaN,NaN,World,Video Quad,21.6,NaN,13.245,NaN,1,0,CabinetD06,None,1,0,0,0,0.0000,NaN,NaN,NaN,0
15.31,Negin,AUIT_Single,CBA,0.731,1.754,0.919,8.9,356.2,-2.197,1.378,13.812,NaN,NaN,NaN,World,Video Quad,22.4,NaN,13.227,NaN,1,0,CabinetD06,None,1,0,0,0,0.0000,NaN,NaN,NaN,0
15.40,Negin,AUIT_Single,CBA,0.722,1.755,0.938,10.2,356.1,-2.197,1.378,13.812,NaN,NaN,NaN,World,Video Quad,23.6,NaN,13.207,NaN,1,0,CabinetD06,None,1,0,0,0,0.0000,NaN,NaN,NaN,0
15.50,Negin,AUIT_Single,CBA,0.711,1.757,0.956,10.8,356.4,-2.197,1.378,13.812,NaN,NaN,NaN,World,Video Quad,24.1,NaN,13.186,NaN,1,0,CabinetD06,None,1,0,0,0,0.0000,NaN,NaN,NaN,0
15.61,Negin,AUIT_Single,CBA,0.695,1.755,0.977,10.7,359.0,-2.197,1.378,13.812,NaN,NaN,NaN,World,Video Quad,23.5,NaN,13.163,NaN,1,0,CabinetD06,None,1,0,0,0,0.0000,NaN,NaN,NaN,0
15.71,Negin,AUIT_Single,CBA,0.682,1.751,0.993,11.8,359.6,-2.197,1.378,13.812,NaN,NaN,NaN,World,CabinetD05,24.5,NaN,13.144,NaN,1,0,CabinetD06,None,1,0,0,0,0.0000,NaN,NaN,NaN,0
15.81,Negin,AUIT_Single,CBA,0.668,1.748,1.011,12.3,1.2,-2.197,1.378,13.812,NaN,NaN,NaN,World,CabinetD05,24.9,NaN,13.123,NaN,1,0,CabinetD06,None,1,0,0,0,0.0000,NaN,NaN,NaN,0
15.90,Negin,AUIT_Single,CBA,0.651,1.746,1.031,8.8,4.1,-2.197,1.378,13.812,NaN,NaN,NaN,World,CabinetD05,21.5,NaN,13.100,NaN,1,0,CabinetD06,None,1,0,0,0,0.0000,NaN,NaN,NaN,0
16.00,Negin,AUIT_Single,CBA,0.628,1.739,1.050,359.7,8.7,-2.197,1.378,13.812,NaN,NaN,NaN,World,Wall4m,14.1,NaN,13.076,NaN,1,0,CabinetD06,None,1,0,0,0,0.0000,NaN,NaN,NaN,0
16.11,Negin,AUIT_Single,CBA,0.605,1.733,1.071,348.0,12.9,-2.197,1.378,13.812,NaN,NaN,NaN,World,CabinetD06,11.3,NaN,13.050,NaN,1,0,CabinetD06,None,1,0,0,0,0.0000,NaN,NaN,NaN,0
16.21,Negin,AUIT_Single,CBA,0.591,1.725,1.090,339.6,16.6,-2.197,1.378,13.812,NaN,NaN,NaN,World,CabinetD06,17.0,NaN,13.029,NaN,1,0,CabinetD06,None,1,0,0,0,0.0000,NaN,NaN,NaN,0
16.31,Negin,AUIT_Single,CBA,0.583,1.720,1.110,333.3,19.6,-2.197,1.378,13.812,NaN,NaN,NaN,World,CabinetD06,22.9,NaN,13.008,NaN,1,0,CabinetD06,None,1,0,0,0,0.0000,NaN,NaN,NaN,0
16.40,Negin,AUIT_Single,CBA,0.576,1.719,1.133,328.0,21.4,-2.197,1.378,13.812,NaN,NaN,NaN,World,Wall4m,27.6,NaN,12.984,NaN,1,0,CabinetD06,None,0,0,0,0,0.0000,NaN,NaN,NaN,0
16.50,Negin,AUIT_Single,CBA,0.570,1.719,1.157,323.2,21.6,-2.197,1.378,13.812,NaN,NaN,NaN,World,Wall4m,31.1,NaN,12.959,NaN,1,0,CabinetD06,None,0,0,0,0,0.0000,NaN,NaN,NaN,0
16.61,Negin,AUIT_Single,CBA,0.565,1.718,1.184,318.1,22.5,-2.197,1.378,13.812,NaN,NaN,NaN,World,Wall4m,35.6,NaN,12.931,NaN,1,0,CabinetD06,None,0,0,0,0,0.0000,NaN,NaN,NaN,0
16.74,Negin,AUIT_Single,CBA,0.563,1.718,1.191,316.6,22.6,-2.197,1.378,13.812,NaN,NaN,NaN,World,CabinetD06Door,36.8,NaN,12.924,NaN,1,0,CabinetD06,None,0,0,0,0,0.0000,NaN,NaN,NaN,0
16.81,Negin,AUIT_Single,CBA,0.549,1.717,1.233,307.6,22.4,-2.197,1.378,13.812,NaN,NaN,NaN,World,CabinetD06Door,44.2,NaN,12.880,NaN,1,0,CabinetD06,None,0,0,0,0,0.0000,NaN,NaN,NaN,0
16.90,Negin,AUIT_Single,CBA,0.537,1.716,1.257,304.1,21.5,-2.197,1.378,13.812,NaN,NaN,NaN,World,CabinetD06Door,46.9,NaN,12.853,NaN,1,0,CabinetD06,None,0,0,0,0,0.0000,NaN,NaN,NaN,0
17.00,Negin,AUIT_Single,CBA,0.527,1.713,1.277,302.7,21.0,-2.197,1.378,13.812,NaN,NaN,NaN,World,CabinetD06Door,48.1,NaN,12.832,NaN,1,0,CabinetD06,None,0,0,0,0,0.0000,NaN,NaN,NaN,0
17.11,Negin,AUIT_Single,CBA,0.520,1.711,1.290,303.0,20.2,-2.197,1.378,13.812,NaN,NaN,NaN,World,CabinetD06Door,47.6,NaN,12.818,NaN,1,0,CabinetD06,None,0,0,0,0,0.0000,NaN,NaN,NaN,0
17.21,Negin,AUIT_Single,CBA,0.515,1.710,1.292,302.3,20.0,-2.197,1.378,13.812,NaN,NaN,NaN,World,CabinetD06Door,48.1,NaN,12.815,NaN,1,0,CabinetD06,None,0,0,0,0,0.0000,NaN,NaN,NaN,0
17.36,Negin,AUIT_Single,CBA,0.513,1.710,1.292,302.0,19.6,-2.197,1.378,13.812,NaN,NaN,NaN,World,CabinetD06Door,48.3,NaN,12.814,NaN,1,0,CabinetD06,None,0,0,0,0,0.0000,NaN,NaN,NaN,0
17.40,Negin,AUIT_Single,CBA,0.508,1.710,1.291,301.1,19.3,-2.197,1.378,13.812,NaN,NaN,NaN,World,CabinetD06Door,49.1,NaN,12.814,NaN,1,0,CabinetD06,None,0,0,0,0,0.0000,NaN,NaN,NaN,0
17.50,Negin,AUIT_Single,CBA,0.507,1.709,1.290,301.3,19.7,-2.197,1.378,13.812,NaN,NaN,NaN,World,CabinetD06Door,48.9,NaN,12.815,NaN,1,0,CabinetD06,None,0,0,0,0,0.0000,NaN,NaN,NaN,0
17.61,Negin,AUIT_Single,CBA,0.510,1.709,1.287,302.7,20.3,-2.197,1.378,13.812,NaN,NaN,NaN,World,CabinetD06Door,47.8,NaN,12.819,NaN,1,0,CabinetD06,None,0,0,0,0,0.0000,NaN,NaN,NaN,0
17.71,Negin,AUIT_Single,CBA,0.518,1.714,1.283,305.7,19.5,-2.197,1.378,13.812,NaN,NaN,NaN,World,CabinetD06Door,44.9,NaN,12.825,NaN,1,0,CabinetD06,None,0,0,0,0,0.0000,NaN,NaN,NaN,0
17.81,Negin,AUIT_Single,CBA,0.528,1.719,1.276,310.0,18.5,-2.197,1.378,13.812,NaN,NaN,NaN,World,CabinetD06Door,40.7,NaN,12.833,NaN,1,0,CabinetD06,None,0,0,0,0,0.0000,NaN,NaN,NaN,0
17.90,Negin,AUIT_Single,CBA,0.539,1.725,1.267,315.0,17.0,-2.197,1.378,13.812,NaN,NaN,NaN,World,CabinetD06Door,35.7,NaN,12.845,NaN,1,0,CabinetD06,None,0,0,0,0,0.0000,NaN,NaN,NaN,0
18.00,Negin,AUIT_Single,CBA,0.551,1.731,1.251,319.1,15.0,-2.197,1.378,13.812,NaN,NaN,NaN,World,Video Quad,31.2,NaN,12.863,NaN,1,0,CabinetD06,None,0,0,0,0,0.0000,NaN,NaN,NaN,0
18.11,Negin,AUIT_Single,CBA,0.561,1.735,1.227,323.2,13.2,-2.197,1.378,13.812,NaN,NaN,NaN,World,Video Quad,26.8,NaN,12.889,NaN,1,0,CabinetD06,None,0,0,0,0,0.0000,NaN,NaN,NaN,0
18.21,Negin,AUIT_Single,CBA,0.565,1.740,1.204,326.0,11.0,-2.197,1.378,13.812,NaN,NaN,NaN,World,CabinetD06,23.5,NaN,12.912,NaN,1,0,CabinetD06,None,1,0,0,0,0.0000,NaN,NaN,NaN,0
18.31,Negin,AUIT_Single,CBA,0.565,1.745,1.184,329.4,8.5,-2.197,1.378,13.812,NaN,NaN,NaN,World,CabinetD06,19.5,NaN,12.932,NaN,1,0,CabinetD06,None,1,0,0,0,0.0000,NaN,NaN,NaN,0
18.46,Negin,AUIT_Single,CBA,0.564,1.745,1.171,334.0,8.0,-2.197,1.378,13.812,NaN,NaN,NaN,World,CabinetD06,15.0,NaN,12.944,NaN,1,0,CabinetD06,None,1,0,0,0,0.0000,NaN,NaN,NaN,0
18.50,Negin,AUIT_Single,CBA,0.566,1.744,1.164,340.5,7.8,-2.197,1.378,13.812,NaN,NaN,NaN,World,Video Quad,9.4,NaN,12.951,NaN,1,0,CabinetD06,None,1,0,0,0,0.0000,NaN,NaN,NaN,0
18.61,Negin,AUIT_Single,CBA,0.573,1.741,1.161,351.1,8.8,-2.197,1.378,13.812,NaN,NaN,NaN,World,Video Quad,8.0,NaN,12.956,NaN,1,0,CabinetD06,None,1,0,0,0,0.0000,NaN,NaN,NaN,0
18.71,Negin,AUIT_Single,CBA,0.583,1.737,1.161,1.7,10.6,-2.197,1.378,13.812,NaN,NaN,NaN,World,Wall4m,16.6,NaN,12.958,NaN,1,0,CabinetD06,None,1,0,0,0,0.0000,NaN,NaN,NaN,0
18.81,Negin,AUIT_Single,CBA,0.597,1.732,1.162,12.4,12.2,-2.197,1.378,13.812,NaN,NaN,NaN,World,CabinetD05,26.8,NaN,12.960,NaN,1,0,CabinetD06,None,0,0,0,0,0.0000,NaN,NaN,NaN,0
18.90,Negin,AUIT_Single,CBA,0.613,1.727,1.164,20.9,15.1,-2.197,1.378,13.812,NaN,NaN,NaN,World,CabinetD05,35.7,NaN,12.962,NaN,1,0,CabinetD06,None,0,0,0,0,0.0000,NaN,NaN,NaN,0
19.00,Negin,AUIT_Single,CBA,0.625,1.723,1.168,25.1,16.7,-2.197,1.378,13.812,NaN,NaN,NaN,World,CabinetD05,40.1,NaN,12.960,NaN,1,0,CabinetD06,None,0,0,0,0,0.0000,NaN,NaN,NaN,0
19.11,Negin,AUIT_Single,CBA,0.648,1.719,1.183,30.6,18.0,-2.197,1.378,13.812,NaN,NaN,NaN,World,CabinetD05,45.5,NaN,12.950,NaN,1,0,CabinetD06,None,0,0,0,0,0.0000,NaN,NaN,NaN,0
19.21,Negin,AUIT_Single,CBA,0.665,1.718,1.197,30.9,17.6,-2.197,1.378,13.812,NaN,NaN,NaN,World,CabinetD05,45.8,NaN,12.940,NaN,1,0,CabinetD06,None,0,0,0,0,0.0000,NaN,NaN,NaN,0
19.31,Negin,AUIT_Single,CBA,0.684,1.719,1.213,30.3,17.3,-2.197,1.378,13.812,NaN,NaN,NaN,World,CabinetD05,45.3,NaN,12.929,NaN,1,0,CabinetD06,None,0,0,0,0,0.0000,NaN,NaN,NaN,0
19.40,Negin,AUIT_Single,CBA,0.704,1.720,1.228,30.9,16.7,-2.197,1.378,13.812,NaN,NaN,NaN,World,CabinetD05,45.7,NaN,12.918,NaN,1,0,CabinetD06,None,0,0,0,0,0.0000,NaN,NaN,NaN,0
19.50,Negin,AUIT_Single,CBA,0.721,1.720,1.243,31.2,16.4,-2.197,1.378,13.812,NaN,NaN,NaN,World,CabinetD05,46.0,NaN,12.908,NaN,1,0,CabinetD06,None,0,0,0,0,0.0000,NaN,NaN,NaN,0
19.61,Negin,AUIT_Single,CBA,0.737,1.719,1.257,30.9,16.1,-2.197,1.378,13.812,NaN,NaN,NaN,World,CabinetD05,45.8,NaN,12.898,NaN,1,0,CabinetD06,None,0,0,0,0,0.0000,NaN,NaN,NaN,0
19.71,Negin,AUIT_Single,CBA,0.749,1.717,1.266,30.7,16.6,-2.197,1.378,13.812,NaN,NaN,NaN,World,CabinetD05,45.8,NaN,12.892,NaN,1,0,CabinetD06,None,0,0,0,0,0.0000,NaN,NaN,NaN,0
19.81,Negin,AUIT_Single,CBA,0.759,1.718,1.272,30.0,16.6,-2.197,1.378,13.812,NaN,NaN,NaN,World,CabinetD05,45.1,NaN,12.888,NaN,1,0,CabinetD05,None,0,0,0,0,0.0000,NaN,NaN,NaN,0
19.90,Negin,AUIT_Single,CBA,0.767,1.721,1.277,28.6,15.8,-2.197,1.378,13.812,NaN,NaN,NaN,World,CabinetD05,43.7,NaN,12.886,NaN,1,0,CabinetD05,None,0,0,0,0,0.0000,NaN,NaN,NaN,0
20.00,Negin,AUIT_Single,CBA,0.773,1.723,1.280,26.9,14.7,-2.197,1.378,13.812,NaN,NaN,NaN,World,CabinetD05,41.9,NaN,12.884,NaN,1,0,CabinetD05,None,0,0,0,0,0.0000,NaN,NaN,NaN,0
20.11,Negin,AUIT_Single,CBA,0.778,1.723,1.281,25.6,14.6,-2.197,1.378,13.812,NaN,NaN,NaN,World,CabinetD05,40.6,NaN,12.884,NaN,1,0,CabinetD05,None,0,0,0,0,0.0000,NaN,NaN,NaN,0
20.21,Negin,AUIT_Single,CBA,0.781,1.720,1.282,24.9,15.4,-2.197,1.378,13.812,NaN,NaN,NaN,World,CabinetD05,40.2,NaN,12.884,NaN,1,0,CabinetD05,None,0,0,0,0,0.0000,NaN,NaN,NaN,0
20.31,Negin,AUIT_Single,CBA,0.782,1.720,1.282,24.9,15.6,-2.197,1.378,13.812,NaN,NaN,NaN,World,CabinetD05,40.3,NaN,12.884,NaN,1,0,CabinetD05,None,0,0,0,0,0.0000,NaN,NaN,NaN,0
20.40,Negin,AUIT_Single,CBA,0.783,1.719,1.283,25.1,15.7,-2.197,1.378,13.812,NaN,NaN,NaN,World,CabinetD05,40.5,NaN,12.883,NaN,1,0,CabinetD05,None,0,0,0,0,0.0000,NaN,NaN,NaN,0
20.50,Negin,AUIT_Single,CBA,0.782,1.718,1.283,25.1,16.1,-2.197,1.378,13.812,NaN,NaN,NaN,World,CabinetD05,40.6,NaN,12.883,NaN,1,0,CabinetD05,None,0,0,0,0,0.0000,NaN,NaN,NaN,0
20.61,Negin,AUIT_Single,CBA,0.780,1.719,1.282,24.8,15.4,-2.197,1.378,13.812,NaN,NaN,NaN,World,CabinetD05,40.1,NaN,12.884,NaN,1,0,CabinetD05,None,0,0,0,0,0.0000,NaN,NaN,NaN,0
20.71,Negin,AUIT_Single,CBA,0.777,1.722,1.280,24.2,14.2,-2.197,1.378,13.812,NaN,NaN,NaN,World,CabinetD05,39.2,NaN,12.885,NaN,1,0,CabinetD05,None,0,0,0,0,0.0000,NaN,NaN,NaN,0
20.81,Negin,AUIT_Single,CBA,0.774,1.724,1.276,23.7,13.3,-2.197,1.378,13.812,NaN,NaN,NaN,World,Video Quad,38.5,NaN,12.888,NaN,1,0,CabinetD05,None,0,0,0,0,0.0000,NaN,NaN,NaN,0
20.90,Negin,AUIT_Single,CBA,0.771,1.725,1.273,23.5,12.4,-2.197,1.378,13.812,NaN,NaN,NaN,World,Video Quad,38.0,NaN,12.890,NaN,1,0,CabinetD05,None,0,0,0,0,0.0000,NaN,NaN,NaN,0
21.00,Negin,AUIT_Single,CBA,0.767,1.727,1.270,22.9,11.7,-2.197,1.378,13.812,NaN,NaN,NaN,World,Video Quad,37.4,NaN,12.893,NaN,1,0,CabinetD05,None,0,0,0,0,0.0000,NaN,NaN,NaN,0
21.11,Negin,AUIT_Single,CBA,0.764,1.728,1.266,22.4,11.3,-2.197,1.378,13.812,NaN,NaN,NaN,World,Video Quad,36.7,NaN,12.895,NaN,1,0,CabinetD05,None,0,0,0,0,0.0000,NaN,NaN,NaN,0
21.21,Negin,AUIT_Single,CBA,0.764,1.726,1.263,23.4,11.9,-2.197,1.378,13.812,NaN,NaN,NaN,World,Video Quad,37.8,NaN,12.899,NaN,1,0,CabinetD05,None,0,0,0,0,0.0000,NaN,NaN,NaN,0
21.31,Negin,AUIT_Single,CBA,0.766,1.724,1.260,24.9,13.2,-2.197,1.378,13.812,NaN,NaN,NaN,World,Video Quad,39.5,NaN,12.902,NaN,1,0,CabinetD05,None,0,0,0,0,0.0000,NaN,NaN,NaN,0
21.40,Negin,AUIT_Single,CBA,0.767,1.722,1.257,25.7,14.1,-2.197,1.378,13.812,NaN,NaN,NaN,World,CabinetD05,40.5,NaN,12.904,NaN,1,0,CabinetD05,None,0,0,0,0,0.0000,NaN,NaN,NaN,0
21.50,Negin,AUIT_Single,CBA,0.767,1.721,1.256,25.4,14.6,-2.197,1.378,13.812,NaN,NaN,NaN,World,CabinetD05,40.4,NaN,12.906,NaN,1,0,CabinetD05,None,0,0,0,0,0.0000,NaN,NaN,NaN,0
21.61,Negin,AUIT_Single,CBA,0.766,1.720,1.255,24.3,14.6,-2.197,1.378,13.812,NaN,NaN,NaN,World,CabinetD05,39.3,NaN,12.907,NaN,1,0,CabinetD05,None,0,0,0,0,0.0000,NaN,NaN,NaN,0
21.71,Negin,AUIT_Single,CBA,0.762,1.722,1.256,21.3,14.0,-2.197,1.378,13.812,NaN,NaN,NaN,World,CabinetD05,36.4,NaN,12.905,NaN,1,0,CabinetD06,None,0,0,0,0,0.0000,NaN,NaN,NaN,0
21.81,Negin,AUIT_Single,CBA,0.753,1.728,1.259,14.6,11.7,-2.197,1.378,13.812,NaN,NaN,NaN,World,Video Quad,29.4,NaN,12.900,NaN,1,0,CabinetD06,None,0,0,0,0,0.0000,NaN,NaN,NaN,0
21.90,Negin,AUIT_Single,CBA,0.741,1.735,1.261,5.5,8.7,-2.197,1.378,13.812,NaN,NaN,NaN,World,Video Quad,19.9,NaN,12.896,NaN,1,0,CabinetD06,None,1,0,0,0,0.0000,NaN,NaN,NaN,0
22.00,Negin,AUIT_Single,CBA,0.728,1.741,1.262,355.8,6.5,-2.197,1.378,13.812,NaN,NaN,NaN,World,Video Quad,10.1,NaN,12.891,NaN,1,0,CabinetD06,None,1,0,0,0,0.0000,NaN,NaN,NaN,0
22.11,Negin,AUIT_Single,CBA,0.712,1.745,1.264,343.2,5.4,-2.197,1.378,13.812,NaN,NaN,NaN,World,CabinetD06,5.3,NaN,12.887,NaN,1,0,CabinetD06,None,1,0,0,0,0.0000,NaN,NaN,NaN,0
22.21,Negin,AUIT_Single,CBA,0.699,1.740,1.261,332.4,8.4,-2.197,1.378,13.812,NaN,NaN,NaN,World,CabinetD06,16.0,NaN,12.886,NaN,1,0,CabinetD06,None,1,0,0,0,0.0000,NaN,NaN,NaN,0
22.31,Negin,AUIT_Single,CBA,0.685,1.735,1.254,324.1,11.8,-2.197,1.378,13.812,NaN,NaN,NaN,World,CabinetD06,25.0,NaN,12.889,NaN,1,0,CabinetD06,None,1,0,0,0,0.0000,NaN,NaN,NaN,0
22.40,Negin,AUIT_Single,CBA,0.671,1.732,1.245,320.3,13.4,-2.197,1.378,13.812,NaN,NaN,NaN,World,CabinetD06,29.1,NaN,12.895,NaN,1,0,CabinetD06,None,0,0,0,0,0.0000,NaN,NaN,NaN,0
22.50,Negin,AUIT_Single,CBA,0.654,1.730,1.233,318.8,15.0,-2.197,1.378,13.812,NaN,NaN,NaN,World,CabinetD06,31.1,NaN,12.903,NaN,1,0,CabinetD06,None,0,0,0,0,0.0000,NaN,NaN,NaN,0
22.61,Negin,AUIT_Single,CBA,0.630,1.730,1.217,317.3,15.0,-2.197,1.378,13.812,NaN,NaN,NaN,World,CabinetD06,32.6,NaN,12.913,NaN,1,0,CabinetD06,None,0,0,0,0,0.0000,NaN,NaN,NaN,0
22.72,Negin,AUIT_Single,CBA,0.617,1.731,1.209,316.8,14.7,-2.197,1.378,13.812,NaN,NaN,NaN,World,CabinetD06Door,33.0,NaN,12.918,NaN,1,0,CabinetD06,None,0,0,0,0,0.0000,NaN,NaN,NaN,0
22.81,Negin,AUIT_Single,CBA,0.581,1.731,1.193,316.1,14.3,-2.197,1.378,13.812,NaN,NaN,NaN,World,Video Quad,33.6,NaN,12.927,NaN,1,0,CabinetD06,None,0,0,0,0,0.0000,NaN,NaN,NaN,0
22.90,Negin,AUIT_Single,CBA,0.551,1.729,1.184,314.8,14.5,-2.197,1.378,13.812,NaN,NaN,NaN,World,Video Quad,35.0,NaN,12.929,NaN,1,0,CabinetD06,None,0,0,0,0,0.0000,NaN,NaN,NaN,0
23.00,Negin,AUIT_Single,CBA,0.521,1.728,1.178,313.3,14.1,-2.197,1.378,13.812,NaN,NaN,NaN,World,Video Quad,36.4,NaN,12.928,NaN,1,0,CabinetD06,None,0,0,0,0,0.0000,NaN,NaN,NaN,0
23.11,Negin,AUIT_Single,CBA,0.492,1.728,1.175,313.3,13.3,-2.197,1.378,13.812,NaN,NaN,NaN,World,Video Quad,36.3,NaN,12.925,NaN,1,0,CabinetD06,None,0,0,0,0,0.0000,NaN,NaN,NaN,0
23.21,Negin,AUIT_Single,CBA,0.471,1.729,1.176,312.3,12.2,-2.197,1.378,13.812,NaN,NaN,NaN,World,Video Quad,37.0,NaN,12.919,NaN,1,0,CabinetD06,None,0,0,0,0,0.0000,NaN,NaN,NaN,0
23.31,Negin,AUIT_Single,CBA,0.453,1.727,1.181,311.3,11.7,-2.197,1.378,13.812,NaN,NaN,NaN,World,CabinetD06Door,37.9,NaN,12.911,NaN,1,0,CabinetD06,None,0,0,0,0,0.0000,NaN,NaN,NaN,0
23.40,Negin,AUIT_Single,CBA,0.439,1.724,1.188,310.5,11.2,-2.197,1.378,13.812,NaN,NaN,NaN,World,CabinetD06Door,38.6,NaN,12.901,NaN,1,0,CabinetD06,None,0,0,0,0,0.0000,NaN,NaN,NaN,0
23.50,Negin,AUIT_Single,CBA,0.431,1.719,1.195,309.3,11.7,-2.197,1.378,13.812,NaN,NaN,NaN,World,CabinetD06Door,39.9,NaN,12.892,NaN,1,0,CabinetD06,None,0,0,0,0,0.0000,NaN,NaN,NaN,0
23.61,Negin,AUIT_Single,CBA,0.431,1.715,1.199,309.1,14.0,-2.197,1.378,13.812,NaN,NaN,NaN,World,CabinetD06Door,40.6,NaN,12.888,NaN,1,0,CabinetD06,None,0,0,0,0,0.0000,NaN,NaN,NaN,0
23.71,Negin,AUIT_Single,CBA,0.442,1.716,1.199,311.8,15.0,-2.197,1.378,13.812,NaN,NaN,NaN,World,CabinetD06Door,38.3,NaN,12.891,NaN,1,0,CabinetD06,None,0,0,0,0,0.0000,NaN,NaN,NaN,0
23.81,Negin,AUIT_Single,CBA,0.457,1.718,1.195,316.1,15.6,-2.197,1.378,13.812,NaN,NaN,NaN,World,CabinetD06Door,34.5,NaN,12.898,NaN,1,0,CabinetD06,None,0,0,0,0,0.0000,NaN,NaN,NaN,0
23.90,Negin,AUIT_Single,CBA,0.476,1.721,1.192,322.8,15.2,-2.197,1.378,13.812,NaN,NaN,NaN,World,CabinetD06Door,28.4,NaN,12.904,NaN,1,0,CabinetD06,None,0,0,0,0,0.0000,NaN,NaN,NaN,0
24.00,Negin,AUIT_Single,CBA,0.500,1.724,1.192,332.6,14.3,-2.197,1.378,13.812,NaN,NaN,NaN,World,Video Quad,19.9,NaN,12.910,NaN,1,0,CabinetD06,None,1,0,0,0,0.0000,NaN,NaN,NaN,0
24.11,Negin,AUIT_Single,CBA,0.530,1.725,1.191,345.9,13.9,-2.197,1.378,13.812,NaN,NaN,NaN,World,CabinetD06,12.5,NaN,12.917,NaN,1,0,CabinetD06,None,1,0,0,0,0.0000,NaN,NaN,NaN,0
24.21,Negin,AUIT_Single,CBA,0.556,1.726,1.190,357.6,13.3,-2.197,1.378,13.812,NaN,NaN,NaN,World,CabinetD06,15.3,NaN,12.924,NaN,1,0,CabinetD06,None,1,0,0,0,0.0000,NaN,NaN,NaN,0
24.31,Negin,AUIT_Single,CBA,0.581,1.726,1.188,7.7,13.2,-2.197,1.378,13.812,NaN,NaN,NaN,World,CabinetD05,23.1,NaN,12.931,NaN,1,0,CabinetD06,None,1,0,0,0,0.0000,NaN,NaN,NaN,0
24.40,Negin,AUIT_Single,CBA,0.605,1.726,1.187,15.4,13.3,-2.197,1.378,13.812,NaN,NaN,NaN,World,CabinetD05,30.0,NaN,12.937,NaN,1,0,CabinetD06,None,0,0,0,0,0.0000,NaN,NaN,NaN,0
24.50,Negin,AUIT_Single,CBA,0.627,1.726,1.187,21.1,13.3,-2.197,1.378,13.812,NaN,NaN,NaN,World,CabinetD05,35.3,NaN,12.942,NaN,1,0,CabinetD06,None,0,0,0,0,0.0000,NaN,NaN,NaN,0
24.61,Negin,AUIT_Single,CBA,0.650,1.728,1.189,25.8,12.7,-2.197,1.378,13.812,NaN,NaN,NaN,World,CabinetD05,39.7,NaN,12.945,NaN,1,0,CabinetD06,None,0,0,0,0,0.0000,NaN,NaN,NaN,0
24.71,Negin,AUIT_Single,CBA,0.670,1.730,1.194,27.7,11.8,-2.197,1.378,13.812,NaN,NaN,NaN,World,CabinetD05,41.4,NaN,12.945,NaN,1,0,CabinetD06,None,0,0,0,0,0.0000,NaN,NaN,NaN,0
24.81,Negin,AUIT_Single,CBA,0.688,1.732,1.201,27.8,10.8,-2.197,1.378,13.812,NaN,NaN,NaN,World,CabinetD05,41.4,NaN,12.942,NaN,1,0,CabinetD06,None,0,0,0,0,0.0000,NaN,NaN,NaN,0
24.90,Negin,AUIT_Single,CBA,0.705,1.734,1.209,26.4,9.8,-2.197,1.378,13.812,NaN,NaN,NaN,World,Video Quad,40.0,NaN,12.938,NaN,1,0,CabinetD06,None,0,0,0,0,0.0000,NaN,NaN,NaN,0
25.00,Negin,AUIT_Single,CBA,0.719,1.736,1.217,23.5,8.0,-2.197,1.378,13.812,NaN,NaN,NaN,World,Video Quad,37.0,NaN,12.933,NaN,1,0,CabinetD06,None,0,0,0,0,0.0000,NaN,NaN,NaN,0
25.11,Negin,AUIT_Single,CBA,0.735,1.738,1.226,20.4,5.7,-2.197,1.378,13.812,NaN,NaN,NaN,World,Video Quad,33.7,NaN,12.929,NaN,1,0,CabinetD06,None,0,0,0,0,0.0000,NaN,NaN,NaN,0
25.21,Negin,AUIT_Single,CBA,0.749,1.739,1.231,19.5,4.3,-2.197,1.378,13.812,NaN,NaN,NaN,World,Video Quad,32.7,NaN,12.927,NaN,1,0,CabinetD06,None,0,0,0,0,0.0000,NaN,NaN,NaN,0
25.31,Negin,AUIT_Single,CBA,0.764,1.738,1.235,19.3,3.7,-2.197,1.378,13.812,NaN,NaN,NaN,World,Video Quad,32.5,NaN,12.926,NaN,1,0,CabinetD06,None,0,0,0,0,0.0000,NaN,NaN,NaN,0
25.40,Negin,AUIT_Single,CBA,0.778,1.736,1.241,18.5,4.0,-2.197,1.378,13.812,NaN,NaN,NaN,World,Video Quad,31.9,NaN,12.924,NaN,1,0,CabinetD05,None,0,0,0,0,0.0000,NaN,NaN,NaN,0
25.50,Negin,AUIT_Single,CBA,0.790,1.735,1.247,17.7,4.3,-2.197,1.378,13.812,NaN,NaN,NaN,World,Video Quad,31.1,NaN,12.920,NaN,1,0,CabinetD05,None,0,0,0,0,0.0000,NaN,NaN,NaN,0
25.61,Negin,AUIT_Single,CBA,0.801,1.735,1.255,16.9,4.2,-2.197,1.378,13.812,NaN,NaN,NaN,World,Video Quad,30.4,NaN,12.915,NaN,1,0,CabinetD05,None,0,0,0,0,0.0000,NaN,NaN,NaN,0
25.71,Negin,AUIT_Single,CBA,0.809,1.735,1.264,15.7,4.6,-2.197,1.378,13.812,NaN,NaN,NaN,World,Video Quad,29.3,NaN,12.908,NaN,1,0,CabinetD05,None,0,0,0,0,0.0000,NaN,NaN,NaN,0
25.81,Negin,AUIT_Single,CBA,0.815,1.735,1.273,14.3,5.1,-2.197,1.378,13.812,NaN,NaN,NaN,World,Video Quad,28.0,NaN,12.900,NaN,1,0,CabinetD05,None,0,0,0,0,0.0000,NaN,NaN,NaN,0
25.90,Negin,AUIT_Single,CBA,0.820,1.736,1.280,13.6,5.1,-2.197,1.378,13.812,NaN,NaN,NaN,World,Video Quad,27.3,NaN,12.895,NaN,1,0,CabinetD05,None,0,0,0,0,0.0000,NaN,NaN,NaN,0
26.00,Negin,AUIT_Single,CBA,0.823,1.737,1.284,13.2,4.9,-2.197,1.378,13.812,NaN,NaN,NaN,World,Video Quad,26.9,NaN,12.892,NaN,1,0,CabinetD05,None,0,0,0,0,0.0000,NaN,NaN,NaN,0
26.11,Negin,AUIT_Single,CBA,0.823,1.737,1.284,13.2,4.9,-2.197,1.378,13.812,NaN,NaN,NaN,World,Video Quad,26.9,NaN,12.892,NaN,1,0,CabinetD05,None,0,0,0,0,0.0000,NaN,NaN,NaN,0
26.21,Negin,AUIT_Single,CBA,0.819,1.737,1.280,13.3,4.8,-2.197,1.378,13.812,NaN,NaN,NaN,World,Video Quad,27.0,NaN,12.895,NaN,1,0,CabinetD05,None,0,0,0,0,0.0000,NaN,NaN,NaN,0
26.31,Negin,AUIT_Single,CBA,0.813,1.738,1.274,13.1,4.7,-2.197,1.378,13.812,NaN,NaN,NaN,World,Video Quad,26.7,NaN,12.900,NaN,1,0,CabinetD05,None,0,0,0,0,0.0000,NaN,NaN,NaN,0
26.40,Negin,AUIT_Single,CBA,0.805,1.740,1.266,12.6,3.9,-2.197,1.378,13.812,NaN,NaN,NaN,World,Video Quad,26.2,NaN,12.905,NaN,1,0,CabinetD05,None,0,0,0,0,0.0000,NaN,NaN,NaN,0
26.50,Negin,AUIT_Single,CBA,0.795,1.740,1.258,12.2,3.4,-2.197,1.378,13.812,NaN,NaN,NaN,World,Video Quad,25.6,NaN,12.911,NaN,1,0,CabinetD05,None,0,0,0,0,0.0000,NaN,NaN,NaN,0
26.61,Negin,AUIT_Single,CBA,0.781,1.742,1.249,11.6,3.2,-2.197,1.378,13.812,NaN,NaN,NaN,World,Video Quad,24.9,NaN,12.917,NaN,1,0,CabinetD05,None,1,0,0,0,0.0000,NaN,NaN,NaN,0
26.71,Negin,AUIT_Single,CBA,0.767,1.742,1.241,11.1,3.4,-2.197,1.378,13.812,NaN,NaN,NaN,World,Video Quad,24.4,NaN,12.921,NaN,1,0,CabinetD06,None,1,0,0,0,0.0000,NaN,NaN,NaN,0
26.81,Negin,AUIT_Single,CBA,0.755,1.738,1.235,12.1,5.5,-2.197,1.378,13.812,NaN,NaN,NaN,World,Video Quad,25.5,NaN,12.924,NaN,1,0,CabinetD06,None,0,0,0,0,0.0000,NaN,NaN,NaN,0
26.90,Negin,AUIT_Single,CBA,0.745,1.732,1.229,15.2,9.5,-2.197,1.378,13.812,NaN,NaN,NaN,World,Video Quad,29.3,NaN,12.927,NaN,1,0,CabinetD06,None,0,0,0,0,0.0000,NaN,NaN,NaN,0
27.01,Negin,AUIT_Single,CBA,0.733,1.728,1.222,18.7,11.6,-2.197,1.378,13.812,NaN,NaN,NaN,World,Video Quad,33.1,NaN,12.931,NaN,1,0,CabinetD06,None,0,0,0,0,0.0000,NaN,NaN,NaN,0
27.11,Negin,AUIT_Single,CBA,0.722,1.726,1.216,20.7,13.1,-2.197,1.378,13.812,NaN,NaN,NaN,World,CabinetD05,35.4,NaN,12.935,NaN,1,0,CabinetD06,None,0,0,0,0,0.0000,NaN,NaN,NaN,0
27.21,Negin,AUIT_Single,CBA,0.708,1.726,1.209,21.7,13.3,-2.197,1.378,13.812,NaN,NaN,NaN,World,CabinetD05,36.3,NaN,12.939,NaN,1,0,CabinetD06,None,0,0,0,0,0.0000,NaN,NaN,NaN,0
27.30,Negin,AUIT_Single,CBA,0.690,1.729,1.201,21.1,11.6,-2.197,1.378,13.812,NaN,NaN,NaN,World,Video Quad,35.2,NaN,12.943,NaN,1,0,CabinetD06,None,0,0,0,0,0.0000,NaN,NaN,NaN,0
27.40,Negin,AUIT_Single,CBA,0.671,1.731,1.193,19.5,9.9,-2.197,1.378,13.812,NaN,NaN,NaN,World,Video Quad,33.2,NaN,12.946,NaN,1,0,CabinetD06,None,0,0,0,0,0.0000,NaN,NaN,NaN,0
27.51,Negin,AUIT_Single,CBA,0.646,1.732,1.184,16.0,9.2,-2.197,1.378,13.812,NaN,NaN,NaN,World,CabinetD05,29.6,NaN,12.949,NaN,1,0,CabinetD06,None,0,0,0,0,0.0000,NaN,NaN,NaN,0
27.61,Negin,AUIT_Single,CBA,0.620,1.732,1.177,9.1,8.5,-2.197,1.378,13.812,NaN,NaN,NaN,World,CabinetD05,22.7,NaN,12.950,NaN,1,0,CabinetD06,None,1,0,0,0,0.0000,NaN,NaN,NaN,0
27.71,Negin,AUIT_Single,CBA,0.590,1.732,1.171,358.4,7.9,-2.197,1.378,13.812,NaN,NaN,NaN,World,Wall4m,12.5,NaN,12.949,NaN,1,0,CabinetD06,None,1,0,0,0,0.0000,NaN,NaN,NaN,0
27.80,Negin,AUIT_Single,CBA,0.555,1.729,1.164,343.6,9.3,-2.197,1.378,13.812,NaN,NaN,NaN,World,CabinetD06,8.8,NaN,12.949,NaN,1,0,CabinetD06,None,1,0,0,0,0.0000,NaN,NaN,NaN,0
27.92,Negin,AUIT_Single,CBA,0.533,1.725,1.159,333.3,11.6,-2.197,1.378,13.812,NaN,NaN,NaN,World,CabinetD06,17.6,NaN,12.949,NaN,1,0,CabinetD06,None,1,0,0,0,0.0000,NaN,NaN,NaN,0
28.01,Negin,AUIT_Single,CBA,0.501,1.721,1.153,319.5,14.8,-2.197,1.378,13.812,NaN,NaN,NaN,World,CabinetD06Door,31.1,NaN,12.949,NaN,1,0,CabinetD06,None,0,0,0,0,0.0000,NaN,NaN,NaN,0
28.11,Negin,AUIT_Single,CBA,0.488,1.721,1.155,315.2,15.2,-2.197,1.378,13.812,NaN,NaN,NaN,World,CabinetD06Door,35.1,NaN,12.944,NaN,1,0,CabinetD06,None,0,0,0,0,0.0000,NaN,NaN,NaN,0
28.21,Negin,AUIT_Single,CBA,0.478,1.721,1.161,313.1,15.3,-2.197,1.378,13.812,NaN,NaN,NaN,World,CabinetD06Door,37.2,NaN,12.936,NaN,1,0,CabinetD06,None,0,0,0,0,0.0000,NaN,NaN,NaN,0
28.30,Negin,AUIT_Single,CBA,0.469,1.722,1.169,312.2,15.1,-2.197,1.378,13.812,NaN,NaN,NaN,World,CabinetD06Door,37.9,NaN,12.925,NaN,1,0,CabinetD06,None,0,0,0,0,0.0000,NaN,NaN,NaN,0
28.40,Negin,AUIT_Single,CBA,0.458,1.727,1.182,313.2,11.7,-2.197,1.378,13.812,NaN,NaN,NaN,World,CabinetD06Door,36.1,NaN,12.911,NaN,1,0,CabinetD06,None,0,0,0,0,0.0000,NaN,NaN,NaN,0
28.51,Negin,AUIT_Single,CBA,0.445,1.731,1.198,313.1,7.6,-2.197,1.378,13.812,NaN,NaN,NaN,World,CabinetD06Door,35.4,NaN,12.892,NaN,1,0,CabinetD06,None,0,0,0,0,0.0000,NaN,NaN,NaN,0
28.61,Negin,AUIT_Single,CBA,0.436,1.736,1.215,314.5,2.2,-2.197,1.378,13.812,NaN,NaN,NaN,World,CabinetD06Door,33.7,NaN,12.875,NaN,1,0,CabinetD06,None,0,0,0,0,0.0000,NaN,NaN,NaN,0
28.71,Negin,AUIT_Single,CBA,0.434,1.739,1.228,317.5,357.1,-2.197,1.378,13.812,NaN,NaN,NaN,World,CabinetD06Door,31.0,NaN,12.861,NaN,1,0,CabinetD06,None,0,0,0,0,0.0000,NaN,NaN,NaN,0
28.80,Negin,AUIT_Single,CBA,0.436,1.736,1.237,319.4,356.6,-2.197,1.378,13.812,NaN,NaN,NaN,World,CabinetD06Door,29.2,NaN,12.853,NaN,1,0,CabinetD06,None,0,0,0,0,0.0000,NaN,NaN,NaN,0
28.90,Negin,AUIT_Single,CBA,0.443,1.734,1.242,321.5,357.4,-2.197,1.378,13.812,NaN,NaN,NaN,World,CabinetD06Door,27.0,NaN,12.850,NaN,1,0,CabinetD06,None,0,0,0,0,0.0000,NaN,NaN,NaN,0
29.01,Negin,AUIT_Single,CBA,0.456,1.736,1.241,324.1,358.4,-2.197,1.378,13.812,NaN,NaN,NaN,World,CabinetD06Door,24.2,NaN,12.853,NaN,1,0,CabinetD06,None,1,0,0,0,0.0000,NaN,NaN,NaN,0
29.11,Negin,AUIT_Single,CBA,0.470,1.736,1.235,326.1,0.4,-2.197,1.378,13.812,NaN,NaN,NaN,World,CabinetD06,21.9,NaN,12.862,NaN,1,0,CabinetD06,None,1,0,0,0,0.0000,NaN,NaN,NaN,0
29.21,Negin,AUIT_Single,CBA,0.483,1.731,1.225,325.6,6.3,-2.197,1.378,13.812,NaN,NaN,NaN,World,CabinetD06,22.8,NaN,12.874,NaN,1,0,CabinetD06,None,1,0,0,0,0.0000,NaN,NaN,NaN,0
29.31,Negin,AUIT_Single,CBA,0.494,1.725,1.214,324.8,12.0,-2.197,1.378,13.812,NaN,NaN,NaN,World,CabinetD06Door,25.2,NaN,12.887,NaN,1,0,CabinetD06,None,0,0,0,0,0.0000,NaN,NaN,NaN,0
29.40,Negin,AUIT_Single,CBA,0.503,1.722,1.205,324.7,14.5,-2.197,1.378,13.812,NaN,NaN,NaN,World,CabinetD06,26.3,NaN,12.898,NaN,1,0,CabinetD06,None,0,0,0,0,0.0000,NaN,NaN,NaN,0
29.51,Negin,AUIT_Single,CBA,0.514,1.721,1.199,327.1,15.0,-2.197,1.378,13.812,NaN,NaN,NaN,World,CabinetD06,24.6,NaN,12.906,NaN,1,0,CabinetD06,None,1,0,0,0,0.0000,NaN,NaN,NaN,0
29.61,Negin,AUIT_Single,CBA,0.526,1.722,1.198,331.7,15.3,-2.197,1.378,13.812,NaN,NaN,NaN,World,CabinetD06,21.0,NaN,12.909,NaN,1,0,CabinetD06,None,1,0,0,0,0.0000,NaN,NaN,NaN,0
29.71,Negin,AUIT_Single,CBA,0.543,1.723,1.200,339.7,15.1,-2.197,1.378,13.812,NaN,NaN,NaN,World,CabinetD06,15.7,NaN,12.911,NaN,1,0,CabinetD06,None,1,0,0,0,0.0000,NaN,NaN,NaN,0
29.81,Negin,AUIT_Single,CBA,0.563,1.724,1.204,349.1,14.7,-2.197,1.378,13.812,NaN,NaN,NaN,World,CabinetD06,13.2,NaN,12.911,NaN,1,0,CabinetD06,None,1,0,0,0,0.0000,NaN,NaN,NaN,0
29.90,Negin,AUIT_Single,CBA,0.586,1.726,1.208,359.2,14.3,-2.197,1.378,13.812,NaN,NaN,NaN,World,Wall4m,17.2,NaN,12.913,NaN,1,0,CabinetD06,None,1,0,0,0,0.0000,NaN,NaN,NaN,0
30.01,Negin,AUIT_Single,CBA,0.615,1.726,1.210,10.5,14.1,-2.197,1.378,13.812,NaN,NaN,NaN,World,CabinetD05,26.0,NaN,12.917,NaN,1,0,CabinetD06,None,0,0,0,0,0.0000,NaN,NaN,NaN,0
30.11,Negin,AUIT_Single,CBA,0.640,1.728,1.210,19.1,13.4,-2.197,1.378,13.812,NaN,NaN,NaN,World,CabinetD05,33.6,NaN,12.922,NaN,1,0,CabinetD06,None,0,0,0,0,0.0000,NaN,NaN,NaN,0
30.21,Negin,AUIT_Single,CBA,0.663,1.729,1.211,24.3,12.4,-2.197,1.378,13.812,NaN,NaN,NaN,World,CabinetD05,38.3,NaN,12.926,NaN,1,0,CabinetD06,None,0,0,0,0,0.0000,NaN,NaN,NaN,0
30.31,Negin,AUIT_Single,CBA,0.683,1.730,1.214,26.6,11.9,-2.197,1.378,13.812,NaN,NaN,NaN,World,CabinetD05,40.5,NaN,12.928,NaN,1,0,CabinetD06,None,0,0,0,0,0.0000,NaN,NaN,NaN,0
30.40,Negin,AUIT_Single,CBA,0.701,1.732,1.218,26.3,11.2,-2.197,1.378,13.812,NaN,NaN,NaN,World,CabinetD05,40.2,NaN,12.928,NaN,1,0,CabinetD06,None,0,0,0,0,0.0000,NaN,NaN,NaN,0
30.54,Negin,AUIT_Single,CBA,0.717,1.735,1.224,23.6,9.1,-2.197,1.378,13.812,NaN,NaN,NaN,World,CabinetD05,37.2,NaN,12.926,NaN,1,0,CabinetD06,None,0,0,0,0,0.0000,NaN,NaN,NaN,0
30.61,Negin,AUIT_Single,CBA,0.732,1.736,1.228,19.3,7.4,-2.197,1.378,13.812,NaN,NaN,NaN,World,Video Quad,32.8,NaN,12.926,NaN,1,0,CabinetD06,None,0,0,0,0,0.0000,NaN,NaN,NaN,0
30.71,Negin,AUIT_Single,CBA,0.747,1.735,1.230,16.5,7.0,-2.197,1.378,13.812,NaN,NaN,NaN,World,Video Quad,30.1,NaN,12.928,NaN,1,0,CabinetD06,None,0,0,0,0,0.0000,NaN,NaN,NaN,0
30.81,Negin,AUIT_Single,CBA,0.764,1.733,1.230,15.0,6.8,-2.197,1.378,13.812,NaN,NaN,NaN,World,Video Quad,28.6,NaN,12.931,NaN,1,0,CabinetD06,None,0,0,0,0,0.0000,NaN,NaN,NaN,0
30.91,Negin,AUIT_Single,CBA,0.780,1.732,1.230,14.2,6.3,-2.197,1.378,13.812,NaN,NaN,NaN,World,Video Quad,27.9,NaN,12.934,NaN,1,0,CabinetD05,None,0,0,0,0,0.0000,NaN,NaN,NaN,0
31.00,Negin,AUIT_Single,CBA,0.790,1.732,1.230,13.6,5.9,-2.197,1.378,13.812,NaN,NaN,NaN,World,Video Quad,27.2,NaN,12.936,NaN,1,0,CabinetD05,None,0,0,0,0,0.0000,NaN,NaN,NaN,0
31.11,Negin,AUIT_Single,CBA,0.807,1.732,1.232,12.1,5.3,-2.197,1.378,13.812,NaN,NaN,NaN,World,Video Quad,25.8,NaN,12.938,NaN,1,0,CabinetD05,None,0,0,0,0,0.0000,NaN,NaN,NaN,0
31.21,Negin,AUIT_Single,CBA,0.817,1.732,1.235,11.1,5.7,-2.197,1.378,13.812,NaN,NaN,NaN,World,CabinetD05,24.8,NaN,12.938,NaN,1,0,CabinetD05,None,1,0,0,0,0.0000,NaN,NaN,NaN,0
31.30,Negin,AUIT_Single,CBA,0.825,1.731,1.237,10.3,6.2,-2.197,1.378,13.812,NaN,NaN,NaN,World,CabinetD05,24.2,NaN,12.938,NaN,1,0,CabinetD05,None,1,0,0,0,0.0000,NaN,NaN,NaN,0
31.40,Negin,AUIT_Single,CBA,0.832,1.731,1.238,9.6,6.5,-2.197,1.378,13.812,NaN,NaN,NaN,World,CabinetD05,23.6,NaN,12.938,NaN,1,0,CabinetD05,None,1,0,0,0,0.0000,NaN,NaN,NaN,0
31.51,Negin,AUIT_Single,CBA,0.839,1.731,1.239,9.6,6.7,-2.197,1.378,13.812,NaN,NaN,NaN,World,CabinetD05,23.6,NaN,12.939,NaN,1,0,CabinetD05,None,1,0,0,0,0.0000,NaN,NaN,NaN,0
31.61,Negin,AUIT_Single,CBA,0.843,1.730,1.239,10.0,7.0,-2.197,1.378,13.812,NaN,NaN,NaN,World,CabinetD05,24.1,NaN,12.940,NaN,1,0,CabinetD05,None,1,0,0,0,0.0000,NaN,NaN,NaN,0
31.70,Negin,AUIT_Single,CBA,0.845,1.730,1.238,10.0,7.0,-2.197,1.378,13.812,NaN,NaN,NaN,World,CabinetD05,24.1,NaN,12.942,NaN,1,0,CabinetD05,None,1,0,0,0,0.0000,NaN,NaN,NaN,0
31.80,Negin,AUIT_Single,CBA,0.844,1.730,1.236,9.9,6.9,-2.197,1.378,13.812,NaN,NaN,NaN,World,CabinetD05,24.0,NaN,12.943,NaN,1,0,CabinetD05,None,1,0,0,0,0.0000,NaN,NaN,NaN,0
31.91,Negin,AUIT_Single,CBA,0.839,1.731,1.234,9.5,6.6,-2.197,1.378,13.812,NaN,NaN,NaN,World,CabinetD05,23.6,NaN,12.944,NaN,1,0,CabinetD05,None,1,0,0,0,0.0000,NaN,NaN,NaN,0
32.01,Negin,AUIT_Single,CBA,0.833,1.732,1.232,8.6,6.2,-2.197,1.378,13.812,NaN,NaN,NaN,World,CabinetD05,22.5,NaN,12.945,NaN,1,0,CabinetD05,None,1,0,0,0,0.0000,NaN,NaN,NaN,0
32.11,Negin,AUIT_Single,CBA,0.823,1.732,1.229,7.0,6.3,-2.197,1.378,13.812,NaN,NaN,NaN,World,Video Quad,21.0,NaN,12.945,NaN,1,0,CabinetD05,None,1,0,0,0,0.0000,NaN,NaN,NaN,0
32.21,Negin,AUIT_Single,CBA,0.812,1.733,1.226,5.3,6.2,-2.197,1.378,13.812,NaN,NaN,NaN,World,Video Quad,19.2,NaN,12.946,NaN,1,0,CabinetD05,None,1,0,0,0,0.0000,NaN,NaN,NaN,0
32.30,Negin,AUIT_Single,CBA,0.800,1.734,1.221,3.4,5.7,-2.197,1.378,13.812,NaN,NaN,NaN,World,Video Quad,17.2,NaN,12.948,NaN,1,0,CabinetD05,None,1,0,0,0,0.0000,NaN,NaN,NaN,0
32.41,Negin,AUIT_Single,CBA,0.783,1.737,1.215,0.7,5.0,-2.197,1.378,13.812,NaN,NaN,NaN,World,Video Quad,14.4,NaN,12.950,NaN,1,0,CabinetD05,None,1,0,0,0,0.0000,NaN,NaN,NaN,0
32.51,Negin,AUIT_Single,CBA,0.769,1.740,1.210,359.1,4.6,-2.197,1.378,13.812,NaN,NaN,NaN,World,Video Quad,12.6,NaN,12.951,NaN,1,0,CabinetD06,None,1,0,0,0,0.0000,NaN,NaN,NaN,0
32.61,Negin,AUIT_Single,CBA,0.756,1.742,1.206,358.8,4.1,-2.197,1.378,13.812,NaN,NaN,NaN,World,Video Quad,12.2,NaN,12.953,NaN,1,0,CabinetD06,None,1,0,0,0,0.0000,NaN,NaN,NaN,0
32.71,Negin,AUIT_Single,CBA,0.742,1.744,1.200,359.6,3.5,-2.197,1.378,13.812,NaN,NaN,NaN,World,Video Quad,12.9,NaN,12.955,NaN,1,0,CabinetD06,None,1,0,0,0,0.0000,NaN,NaN,NaN,0
32.80,Negin,AUIT_Single,CBA,0.730,1.746,1.193,1.2,3.3,-2.197,1.378,13.812,NaN,NaN,NaN,World,Video Quad,14.4,NaN,12.959,NaN,1,0,CabinetD06,None,1,0,0,0,0.0000,NaN,NaN,NaN,0
32.90,Negin,AUIT_Single,CBA,0.719,1.747,1.186,3.7,2.7,-2.197,1.378,13.812,NaN,NaN,NaN,World,Video Quad,16.8,NaN,12.964,NaN,1,0,CabinetD06,None,1,0,0,0,0.0000,NaN,NaN,NaN,0
33.01,Negin,AUIT_Single,CBA,0.710,1.748,1.177,7.5,2.0,-2.197,1.378,13.812,NaN,NaN,NaN,World,Video Quad,20.5,NaN,12.970,NaN,1,0,CabinetD06,None,1,0,0,0,0.0000,NaN,NaN,NaN,0
33.11,Negin,AUIT_Single,CBA,0.704,1.748,1.169,11.2,2.2,-2.197,1.378,13.812,NaN,NaN,NaN,World,Video Quad,24.1,NaN,12.977,NaN,1,0,CabinetD06,None,1,0,0,0,0.0000,NaN,NaN,NaN,0
33.21,Negin,AUIT_Single,CBA,0.700,1.747,1.162,14.5,2.5,-2.197,1.378,13.812,NaN,NaN,NaN,World,Video Quad,27.4,NaN,12.983,NaN,1,0,CabinetD06,None,0,0,0,0,0.0000,NaN,NaN,NaN,0
33.30,Negin,AUIT_Single,CBA,0.694,1.746,1.158,16.5,2.4,-2.197,1.378,13.812,NaN,NaN,NaN,World,Video Quad,29.3,NaN,12.986,NaN,1,0,CabinetD06,None,0,0,0,0,0.0000,NaN,NaN,NaN,0
33.40,Negin,AUIT_Single,CBA,0.681,1.745,1.157,15.5,2.8,-2.197,1.378,13.812,NaN,NaN,NaN,World,Video Quad,28.3,NaN,12.984,NaN,1,0,CabinetD06,None,0,0,0,0,0.0000,NaN,NaN,NaN,0
33.51,Negin,AUIT_Single,CBA,0.661,1.742,1.157,10.2,3.9,-2.197,1.378,13.812,NaN,NaN,NaN,World,Video Quad,23.0,NaN,12.979,NaN,1,0,CabinetD06,None,1,0,0,0,0.0000,NaN,NaN,NaN,0
33.61,Negin,AUIT_Single,CBA,0.638,1.740,1.158,2.1,4.8,-2.197,1.378,13.812,NaN,NaN,NaN,World,CabinetD05,15.0,NaN,12.973,NaN,1,0,CabinetD06,None,1,0,0,0,0.0000,NaN,NaN,NaN,0
33.71,Negin,AUIT_Single,CBA,0.613,1.738,1.157,353.3,5.3,-2.197,1.378,13.812,NaN,NaN,NaN,World,CabinetD06,6.9,NaN,12.968,NaN,1,0,CabinetD06,None,1,0,0,0,0.0000,NaN,NaN,NaN,0
33.80,Negin,AUIT_Single,CBA,0.590,1.734,1.156,345.6,6.7,-2.197,1.378,13.812,NaN,NaN,NaN,World,CabinetD06,5.4,NaN,12.964,NaN,1,0,CabinetD06,None,1,0,0,0,0.0000,NaN,NaN,NaN,0
33.90,Negin,AUIT_Single,CBA,0.570,1.727,1.155,339.8,9.7,-2.197,1.378,13.812,NaN,NaN,NaN,World,CabinetD06,11.3,NaN,12.961,NaN,1,0,CabinetD06,None,1,0,0,0,0.0000,NaN,NaN,NaN,0
34.01,Negin,AUIT_Single,CBA,0.555,1.723,1.154,337.9,10.3,-2.197,1.378,13.812,NaN,NaN,NaN,World,CabinetD06,13.1,NaN,12.958,NaN,1,0,CabinetD06,None,1,0,0,0,0.0000,NaN,NaN,NaN,0
34.11,Negin,AUIT_Single,CBA,0.547,1.724,1.157,338.3,9.9,-2.197,1.378,13.812,NaN,NaN,NaN,World,CabinetD06,12.6,NaN,12.954,NaN,1,0,CabinetD06,None,1,0,0,0,0.0000,NaN,NaN,NaN,0
34.25,Negin,AUIT_Single,CBA,0.545,1.724,1.158,338.6,9.8,-2.197,1.378,13.812,NaN,NaN,NaN,World,CabinetD06,12.3,NaN,12.953,NaN,1,0,CabinetD06,None,1,0,0,0,0.0000,NaN,NaN,NaN,0
34.30,Negin,AUIT_Single,CBA,0.542,1.728,1.160,340.6,8.7,-2.197,1.378,13.812,NaN,NaN,NaN,World,CabinetD06,10.1,NaN,12.950,NaN,1,0,CabinetD06,None,1,0,0,0,0.0000,NaN,NaN,NaN,0
34.40,Negin,AUIT_Single,CBA,0.540,1.730,1.161,342.2,7.7,-2.197,1.378,13.812,NaN,NaN,NaN,World,CabinetD06,8.3,NaN,12.949,NaN,1,0,CabinetD06,None,1,0,0,0,0.0000,NaN,NaN,NaN,0
34.51,Negin,AUIT_Single,CBA,0.536,1.733,1.161,343.5,6.4,-2.197,1.378,13.812,NaN,NaN,NaN,World,CabinetD06,6.5,NaN,12.948,NaN,1,0,CabinetD06,None,1,0,0,0,0.0000,NaN,NaN,NaN,0
34.61,Negin,AUIT_Single,CBA,0.534,1.734,1.159,344.7,6.0,-2.197,1.378,13.812,NaN,NaN,NaN,World,CabinetD06,5.4,NaN,12.949,NaN,1,0,CabinetD06,None,1,0,0,0,0.0000,NaN,NaN,NaN,0
34.71,Negin,AUIT_Single,CBA,0.534,1.734,1.158,346.3,5.4,-2.197,1.378,13.812,NaN,NaN,NaN,World,CabinetD06,4.1,NaN,12.951,NaN,1,0,CabinetD06,None,1,0,0,0,0.0000,NaN,NaN,NaN,0
34.80,Negin,AUIT_Single,CBA,0.538,1.735,1.158,348.7,4.9,-2.197,1.378,13.812,NaN,NaN,NaN,World,CabinetD06,3.5,NaN,12.951,NaN,1,0,CabinetD06,None,1,0,0,0,0.0000,NaN,NaN,NaN,0
34.90,Negin,AUIT_Single,CBA,0.548,1.736,1.159,354.2,4.5,-2.197,1.378,13.812,NaN,NaN,NaN,World,CabinetD06,7.1,NaN,12.952,NaN,1,0,CabinetD06,None,1,0,0,0,0.0000,NaN,NaN,NaN,0
35.01,Negin,AUIT_Single,CBA,0.568,1.735,1.161,5.3,4.4,-2.197,1.378,13.812,NaN,NaN,NaN,World,CabinetD05,17.8,NaN,12.955,NaN,1,0,CabinetD06,None,1,0,0,0,0.0000,NaN,NaN,NaN,0
35.11,Negin,AUIT_Single,CBA,0.590,1.733,1.158,17.1,5.7,-2.197,1.378,13.812,NaN,NaN,NaN,World,Video Quad,29.7,NaN,12.963,NaN,1,0,CabinetD06,None,0,0,0,0,0.0000,NaN,NaN,NaN,0
35.21,Negin,AUIT_Single,CBA,0.608,1.732,1.155,25.0,6.7,-2.197,1.378,13.812,NaN,NaN,NaN,World,Video Quad,37.8,NaN,12.969,NaN,1,0,CabinetD06,None,0,0,0,0,0.0000,NaN,NaN,NaN,0
35.30,Negin,AUIT_Single,CBA,0.623,1.732,1.154,29.8,7.6,-2.197,1.378,13.812,NaN,NaN,NaN,World,Video Quad,42.6,NaN,12.973,NaN,1,0,CabinetD06,None,0,0,0,0,0.0000,NaN,NaN,NaN,0
35.40,Negin,AUIT_Single,CBA,0.635,1.733,1.155,32.2,7.7,-2.197,1.378,13.812,NaN,NaN,NaN,World,Video Quad,45.0,NaN,12.975,NaN,1,0,CabinetD06,None,0,0,0,0,0.0000,NaN,NaN,NaN,0
35.51,Negin,AUIT_Single,CBA,0.649,1.734,1.160,33.0,7.7,-2.197,1.378,13.812,NaN,NaN,NaN,World,Video Quad,45.9,NaN,12.974,NaN,1,0,CabinetD06,None,0,0,0,0,0.0000,NaN,NaN,NaN,0
35.61,Negin,AUIT_Single,CBA,0.664,1.734,1.166,33.4,8.0,-2.197,1.378,13.812,NaN,NaN,NaN,World,Video Quad,46.4,NaN,12.971,NaN,1,0,CabinetD06,None,0,0,0,0,0.0000,NaN,NaN,NaN,0
35.71,Negin,AUIT_Single,CBA,0.680,1.735,1.174,33.0,7.8,-2.197,1.378,13.812,NaN,NaN,NaN,World,Video Quad,46.1,NaN,12.967,NaN,1,0,CabinetD06,None,0,0,0,0,0.0000,NaN,NaN,NaN,0
35.83,Negin,AUIT_Single,CBA,0.698,1.734,1.184,32.3,8.4,-2.197,1.378,13.812,NaN,NaN,NaN,World,Video Quad,45.5,NaN,12.960,NaN,1,0,CabinetD06,None,0,0,0,0,0.0000,NaN,NaN,NaN,0
35.90,Negin,AUIT_Single,CBA,0.716,1.730,1.197,31.2,10.6,-2.197,1.378,13.812,NaN,NaN,NaN,World,Video Quad,44.8,NaN,12.952,NaN,1,0,CabinetD06,None,0,0,0,0,0.0000,NaN,NaN,NaN,0
36.01,Negin,AUIT_Single,CBA,0.738,1.724,1.212,30.1,12.5,-2.197,1.378,13.812,NaN,NaN,NaN,World,CabinetD05,44.1,NaN,12.942,NaN,1,0,CabinetD06,None,0,0,0,0,0.0000,NaN,NaN,NaN,0
36.11,Negin,AUIT_Single,CBA,0.757,1.722,1.226,28.7,12.2,-2.197,1.378,13.812,NaN,NaN,NaN,World,CabinetD05,42.9,NaN,12.933,NaN,1,0,CabinetD06,None,0,0,0,0,0.0000,NaN,NaN,NaN,0
36.21,Negin,AUIT_Single,CBA,0.775,1.720,1.239,27.4,12.0,-2.197,1.378,13.812,NaN,NaN,NaN,World,CabinetD05,41.6,NaN,12.924,NaN,1,0,CabinetD05,None,0,0,0,0,0.0000,NaN,NaN,NaN,0
36.31,Negin,AUIT_Single,CBA,0.791,1.717,1.251,26.0,12.9,-2.197,1.378,13.812,NaN,NaN,NaN,World,CabinetD05,40.6,NaN,12.916,NaN,1,0,CabinetD05,None,0,0,0,0,0.0000,NaN,NaN,NaN,0
36.43,Negin,AUIT_Single,CBA,0.798,1.716,1.256,25.6,13.7,-2.197,1.378,13.812,NaN,NaN,NaN,World,CabinetD05,40.5,NaN,12.913,NaN,1,0,CabinetD05,None,0,0,0,0,0.0000,NaN,NaN,NaN,0
36.51,Negin,AUIT_Single,CBA,0.819,1.712,1.268,25.8,15.6,-2.197,1.378,13.812,NaN,NaN,NaN,World,CabinetD05,41.2,NaN,12.906,NaN,1,0,CabinetD05,None,0,0,0,0,0.0000,NaN,NaN,NaN,0
36.61,Negin,AUIT_Single,CBA,0.827,1.711,1.272,26.2,15.7,-2.197,1.378,13.812,NaN,NaN,NaN,World,CabinetD05,41.7,NaN,12.904,NaN,1,0,CabinetD05,None,0,0,0,0,0.0000,NaN,NaN,NaN,0
36.71,Negin,AUIT_Single,CBA,0.832,1.711,1.274,26.1,15.7,-2.197,1.378,13.812,NaN,NaN,NaN,World,CabinetDCorner02,41.6,NaN,12.904,NaN,1,0,CabinetD05,None,0,0,0,0,0.0000,NaN,NaN,NaN,0
36.81,Negin,AUIT_Single,CBA,0.835,1.717,1.274,25.5,12.7,-2.197,1.378,13.812,NaN,NaN,NaN,World,CabinetD05,40.3,NaN,12.904,NaN,1,0,CabinetD05,None,0,0,0,0,0.0000,NaN,NaN,NaN,0
36.90,Negin,AUIT_Single,CBA,0.836,1.722,1.271,25.4,9.6,-2.197,1.378,13.812,NaN,NaN,NaN,World,Video Quad,39.6,NaN,12.908,NaN,1,0,CabinetD05,None,0,0,0,0,0.0000,NaN,NaN,NaN,0
37.01,Negin,AUIT_Single,CBA,0.838,1.723,1.268,25.5,8.9,-2.197,1.378,13.812,NaN,NaN,NaN,World,Video Quad,39.6,NaN,12.911,NaN,1,0,CabinetD05,None,0,0,0,0,0.0000,NaN,NaN,NaN,0
37.11,Negin,AUIT_Single,CBA,0.838,1.723,1.265,25.4,8.7,-2.197,1.378,13.812,NaN,NaN,NaN,World,Video Quad,39.5,NaN,12.913,NaN,1,0,CabinetD05,None,0,0,0,0,0.0000,NaN,NaN,NaN,0
37.21,Negin,AUIT_Single,CBA,0.839,1.724,1.263,25.3,8.2,-2.197,1.378,13.812,NaN,NaN,NaN,World,Video Quad,39.4,NaN,12.916,NaN,1,0,CabinetD05,None,0,0,0,0,0.0000,NaN,NaN,NaN,0
37.31,Negin,AUIT_Single,CBA,0.840,1.725,1.261,25.3,8.1,-2.197,1.378,13.812,NaN,NaN,NaN,World,Video Quad,39.2,NaN,12.918,NaN,1,0,CabinetD05,None,0,0,0,0,0.0000,NaN,NaN,NaN,0
37.40,Negin,AUIT_Single,CBA,0.840,1.725,1.259,25.2,8.0,-2.197,1.378,13.812,NaN,NaN,NaN,World,Video Quad,39.2,NaN,12.920,NaN,1,0,CabinetD05,None,0,0,0,0,0.0000,NaN,NaN,NaN,0
37.50,Negin,AUIT_Single,CBA,0.840,1.726,1.258,25.0,7.8,-2.197,1.378,13.812,NaN,NaN,NaN,World,Video Quad,39.0,NaN,12.921,NaN,1,0,CabinetD05,None,0,0,0,0,0.0000,NaN,NaN,NaN,0
37.61,Negin,AUIT_Single,CBA,0.838,1.727,1.254,24.8,7.7,-2.197,1.378,13.812,NaN,NaN,NaN,World,Video Quad,38.7,NaN,12.924,NaN,1,0,CabinetD05,None,0,0,0,0,0.0000,NaN,NaN,NaN,0
37.71,Negin,AUIT_Single,CBA,0.835,1.727,1.251,25.0,7.7,-2.197,1.378,13.812,NaN,NaN,NaN,World,Video Quad,38.9,NaN,12.927,NaN,1,0,CabinetD05,None,0,0,0,0,0.0000,NaN,NaN,NaN,0
37.81,Negin,AUIT_Single,CBA,0.832,1.727,1.246,25.6,7.5,-2.197,1.378,13.812,NaN,NaN,NaN,World,Video Quad,39.4,NaN,12.931,NaN,1,0,CabinetD05,None,0,0,0,0,0.0000,NaN,NaN,NaN,0
37.90,Negin,AUIT_Single,CBA,0.826,1.728,1.240,26.3,7.3,-2.197,1.378,13.812,NaN,NaN,NaN,World,Video Quad,40.1,NaN,12.936,NaN,1,0,CabinetD05,None,0,0,0,0,0.0000,NaN,NaN,NaN,0
38.08,Negin,AUIT_Single,CBA,0.819,1.729,1.234,26.9,7.1,-2.197,1.378,13.812,NaN,NaN,NaN,World,Video Quad,40.7,NaN,12.939,NaN,1,0,CabinetD05,None,0,0,0,0,0.0000,NaN,NaN,NaN,0
38.11,Negin,AUIT_Single,CBA,0.805,1.731,1.225,27.9,6.7,-2.197,1.378,13.812,NaN,NaN,NaN,World,Video Quad,41.5,NaN,12.945,NaN,1,0,CabinetD05,None,0,0,0,0,0.0000,NaN,NaN,NaN,0
38.21,Negin,AUIT_Single,CBA,0.790,1.733,1.218,28.2,6.4,-2.197,1.378,13.812,NaN,NaN,NaN,World,Video Quad,41.7,NaN,12.948,NaN,1,0,CabinetD05,None,0,0,0,0,0.0000,NaN,NaN,NaN,0
38.31,Negin,AUIT_Single,CBA,0.771,1.735,1.210,28.0,5.9,-2.197,1.378,13.812,NaN,NaN,NaN,World,Video Quad,41.4,NaN,12.952,NaN,1,0,CabinetD06,None,0,0,0,0,0.0000,NaN,NaN,NaN,0
38.40,Negin,AUIT_Single,CBA,0.749,1.741,1.200,27.8,5.7,-2.197,1.378,13.812,NaN,NaN,NaN,World,Video Quad,41.1,NaN,12.957,NaN,1,0,CabinetD06,None,0,0,0,0,0.0000,NaN,NaN,NaN,0
38.50,Negin,AUIT_Single,CBA,0.728,1.746,1.189,27.9,4.6,-2.197,1.378,13.812,NaN,NaN,NaN,World,Video Quad,41.0,NaN,12.963,NaN,1,0,CabinetD06,None,0,0,0,0,0.0000,NaN,NaN,NaN,0
38.61,Negin,AUIT_Single,CBA,0.705,1.751,1.177,29.4,2.7,-2.197,1.378,13.812,NaN,NaN,NaN,World,Video Quad,42.3,NaN,12.969,NaN,1,0,CabinetD06,None,0,0,0,0,0.0000,NaN,NaN,NaN,0
38.71,Negin,AUIT_Single,CBA,0.688,1.749,1.168,30.1,2.5,-2.197,1.378,13.812,NaN,NaN,NaN,World,Video Quad,42.9,NaN,12.974,NaN,1,0,CabinetD06,None,0,0,0,0,0.0000,NaN,NaN,NaN,0
38.81,Negin,AUIT_Single,CBA,0.672,1.747,1.160,29.8,2.5,-2.197,1.378,13.812,NaN,NaN,NaN,World,Video Quad,42.6,NaN,12.978,NaN,1,0,CabinetD06,None,0,0,0,0,0.0000,NaN,NaN,NaN,0
38.90,Negin,AUIT_Single,CBA,0.658,1.747,1.154,30.5,2.0,-2.197,1.378,13.812,NaN,NaN,NaN,World,Video Quad,43.2,NaN,12.981,NaN,1,0,CabinetD06,None,0,0,0,0,0.0000,NaN,NaN,NaN,0
39.00,Negin,AUIT_Single,CBA,0.644,1.745,1.149,30.9,1.9,-2.197,1.378,13.812,NaN,NaN,NaN,World,Video Quad,43.5,NaN,12.984,NaN,1,0,CabinetD06,None,0,0,0,0,0.0000,NaN,NaN,NaN,0
39.11,Negin,AUIT_Single,CBA,0.628,1.745,1.145,30.0,2.0,-2.197,1.378,13.812,NaN,NaN,NaN,World,Video Quad,42.6,NaN,12.984,NaN,1,0,CabinetD06,None,0,0,0,0,0.0000,NaN,NaN,NaN,0
39.21,Negin,AUIT_Single,CBA,0.614,1.745,1.143,28.6,1.9,-2.197,1.378,13.812,NaN,NaN,NaN,World,Video Quad,41.1,NaN,12.983,NaN,1,0,CabinetD06,None,0,0,0,0,0.0000,NaN,NaN,NaN,0
39.31,Negin,AUIT_Single,CBA,0.605,1.746,1.141,28.1,1.0,-2.197,1.378,13.812,NaN,NaN,NaN,World,Video Quad,40.6,NaN,12.982,NaN,1,0,CabinetD06,None,0,0,0,0,0.0000,NaN,NaN,NaN,0
39.40,Negin,AUIT_Single,CBA,0.601,1.747,1.139,28.5,0.4,-2.197,1.378,13.812,NaN,NaN,NaN,World,Video Quad,40.9,NaN,12.983,NaN,1,0,CabinetD06,None,0,0,0,0,0.0000,NaN,NaN,NaN,0
39.50,Negin,AUIT_Single,CBA,0.601,1.748,1.137,29.2,359.6,-2.197,1.378,13.812,NaN,NaN,NaN,World,Video Quad,41.7,NaN,12.985,NaN,1,0,CabinetD06,None,0,0,0,0,0.0000,NaN,NaN,NaN,0
39.61,Negin,AUIT_Single,CBA,0.605,1.748,1.137,30.3,359.0,-2.197,1.378,13.812,NaN,NaN,NaN,World,Video Quad,42.9,NaN,12.987,NaN,1,0,CabinetD06,None,0,0,0,0,0.0000,NaN,NaN,NaN,0
39.71,Negin,AUIT_Single,CBA,0.609,1.749,1.138,30.2,358.7,-2.197,1.378,13.812,NaN,NaN,NaN,World,Video Quad,42.8,NaN,12.986,NaN,1,0,CabinetD06,None,0,0,0,0,0.0000,NaN,NaN,NaN,0
39.81,Negin,AUIT_Single,CBA,0.610,1.750,1.141,28.4,358.4,-2.197,1.378,13.812,NaN,NaN,NaN,World,Video Quad,41.0,NaN,12.984,NaN,1,0,CabinetD06,None,0,0,0,0,0.0000,NaN,NaN,NaN,0
39.90,Negin,AUIT_Single,CBA,0.609,1.752,1.145,24.9,357.6,-2.197,1.378,13.812,NaN,NaN,NaN,World,Video Quad,37.6,NaN,12.980,NaN,1,0,CabinetD06,None,0,0,0,0,0.0000,NaN,NaN,NaN,0
40.00,Negin,AUIT_Single,CBA,0.607,1.753,1.150,19.9,357.5,-2.197,1.378,13.812,NaN,NaN,NaN,World,CabinetD05,32.6,NaN,12.975,NaN,1,0,CabinetD06,None,0,0,0,0,0.0000,NaN,NaN,NaN,0
40.11,Negin,AUIT_Single,CBA,0.606,1.753,1.155,15.2,358.0,-2.197,1.378,13.812,NaN,NaN,NaN,World,CabinetD05,27.9,NaN,12.970,NaN,1,0,CabinetD06,None,0,0,0,0,0.0000,NaN,NaN,NaN,0
40.21,Negin,AUIT_Single,CBA,0.606,1.751,1.157,12.5,359.0,-2.197,1.378,13.812,NaN,NaN,NaN,World,CabinetD05,25.1,NaN,12.967,NaN,1,0,CabinetD06,None,0,0,0,0,0.0000,NaN,NaN,NaN,0
40.31,Negin,AUIT_Single,CBA,0.606,1.749,1.157,10.6,0.3,-2.197,1.378,13.812,NaN,NaN,NaN,World,CabinetD05,23.1,NaN,12.967,NaN,1,0,CabinetD06,None,1,0,0,0,0.0000,NaN,NaN,NaN,0
40.40,Negin,AUIT_Single,CBA,0.610,1.746,1.157,12.6,1.6,-2.197,1.378,13.812,NaN,NaN,NaN,World,CabinetD05,25.1,NaN,12.968,NaN,1,0,CabinetD06,None,0,0,0,0,0.0000,NaN,NaN,NaN,0
40.50,Negin,AUIT_Single,CBA,0.619,1.747,1.154,17.4,1.1,-2.197,1.378,13.812,NaN,NaN,NaN,World,CabinetD05,29.9,NaN,12.973,NaN,1,0,CabinetD06,None,0,0,0,0,0.0000,NaN,NaN,NaN,0
40.61,Negin,AUIT_Single,CBA,0.628,1.746,1.150,22.2,0.5,-2.197,1.378,13.812,NaN,NaN,NaN,World,Video Quad,34.7,NaN,12.979,NaN,1,0,CabinetD06,None,0,0,0,0,0.0000,NaN,NaN,NaN,0
40.71,Negin,AUIT_Single,CBA,0.635,1.747,1.148,24.9,360.0,-2.197,1.378,13.812,NaN,NaN,NaN,World,Video Quad,37.5,NaN,12.982,NaN,1,0,CabinetD06,None,0,0,0,0,0.0000,NaN,NaN,NaN,0
40.81,Negin,AUIT_Single,CBA,0.637,1.745,1.146,26.5,0.7,-2.197,1.378,13.812,NaN,NaN,NaN,World,Video Quad,39.1,NaN,12.985,NaN,1,0,CabinetD06,None,0,0,0,0,0.0000,NaN,NaN,NaN,0
40.90,Negin,AUIT_Single,CBA,0.638,1.747,1.145,27.6,359.8,-2.197,1.378,13.812,NaN,NaN,NaN,World,Video Quad,40.3,NaN,12.986,NaN,1,0,CabinetD06,None,0,0,0,0,0.0000,NaN,NaN,NaN,0
41.00,Negin,AUIT_Single,CBA,0.634,1.748,1.146,26.7,358.9,-2.197,1.378,13.812,NaN,NaN,NaN,World,Video Quad,39.4,NaN,12.984,NaN,1,0,CabinetD06,None,0,0,0,0,0.0000,NaN,NaN,NaN,0
41.11,Negin,AUIT_Single,CBA,0.625,1.750,1.149,23.1,358.8,-2.197,1.378,13.812,NaN,NaN,NaN,World,Video Quad,35.7,NaN,12.979,NaN,1,0,CabinetD06,None,0,0,0,0,0.0000,NaN,NaN,NaN,0
41.21,Negin,AUIT_Single,CBA,0.611,1.752,1.153,16.4,358.6,-2.197,1.378,13.812,NaN,NaN,NaN,World,CabinetD05,29.1,NaN,12.972,NaN,1,0,CabinetD06,None,0,0,0,0,0.0000,NaN,NaN,NaN,0
41.31,Negin,AUIT_Single,CBA,0.598,1.752,1.157,9.6,358.6,-2.197,1.378,13.812,NaN,NaN,NaN,World,CabinetD05,22.3,NaN,12.966,NaN,1,0,CabinetD06,None,1,0,0,0,0.0000,NaN,NaN,NaN,0
41.40,Negin,AUIT_Single,CBA,0.587,1.752,1.158,5.4,358.9,-2.197,1.378,13.812,NaN,NaN,NaN,World,CabinetD05,18.0,NaN,12.962,NaN,1,0,CabinetD06,None,1,0,0,0,0.0000,NaN,NaN,NaN,0
41.50,Negin,AUIT_Single,CBA,0.582,1.752,1.159,3.7,359.0,-2.197,1.378,13.812,NaN,NaN,NaN,World,CabinetD05,16.3,NaN,12.960,NaN,1,0,CabinetD06,None,1,0,0,0,0.0000,NaN,NaN,NaN,0
41.61,Negin,AUIT_Single,CBA,0.580,1.754,1.161,3.7,358.4,-2.197,1.378,13.812,NaN,NaN,NaN,World,CabinetD05,16.4,NaN,12.958,NaN,1,0,CabinetD06,None,1,0,0,0,0.0000,NaN,NaN,NaN,0
41.71,Negin,AUIT_Single,CBA,0.580,1.755,1.163,4.6,358.0,-2.197,1.378,13.812,NaN,NaN,NaN,World,CabinetD05,17.4,NaN,12.956,NaN,1,0,CabinetD06,None,1,0,0,0,0.0000,NaN,NaN,NaN,0
41.80,Negin,AUIT_Single,CBA,0.582,1.753,1.166,6.5,359.0,-2.197,1.378,13.812,NaN,NaN,NaN,World,CabinetD05,19.1,NaN,12.954,NaN,1,0,CabinetD06,None,1,0,0,0,0.0000,NaN,NaN,NaN,0
41.90,Negin,AUIT_Single,CBA,0.587,1.753,1.167,10.8,359.0,-2.197,1.378,13.812,NaN,NaN,NaN,World,CabinetD05,23.3,NaN,12.954,NaN,1,0,CabinetD06,None,1,0,0,0,0.0000,NaN,NaN,NaN,0
42.01,Negin,AUIT_Single,CBA,0.601,1.753,1.166,19.7,358.1,-2.197,1.378,13.812,NaN,NaN,NaN,World,CabinetD05,32.4,NaN,12.957,NaN,1,0,CabinetD06,None,0,0,0,0,0.0000,NaN,NaN,NaN,0
42.11,Negin,AUIT_Single,CBA,0.615,1.753,1.166,26.6,357.8,-2.197,1.378,13.812,NaN,NaN,NaN,World,Video Quad,39.3,NaN,12.960,NaN,1,0,CabinetD06,None,0,0,0,0,0.0000,NaN,NaN,NaN,0
42.21,Negin,AUIT_Single,CBA,0.627,1.753,1.167,30.7,357.5,-2.197,1.378,13.812,NaN,NaN,NaN,World,Video Quad,43.5,NaN,12.962,NaN,1,0,CabinetD06,None,0,0,0,0,0.0000,NaN,NaN,NaN,0
42.30,Negin,AUIT_Single,CBA,0.636,1.754,1.168,33.0,357.3,-2.197,1.378,13.812,NaN,NaN,NaN,World,Video Quad,45.8,NaN,12.963,NaN,1,0,CabinetD06,None,0,0,0,0,0.0000,NaN,NaN,NaN,0
42.40,Negin,AUIT_Single,CBA,0.638,1.755,1.171,32.5,357.2,-2.197,1.378,13.812,NaN,NaN,NaN,World,Video Quad,45.4,NaN,12.961,NaN,1,0,CabinetD06,None,0,0,0,0,0.0000,NaN,NaN,NaN,0
42.51,Negin,AUIT_Single,CBA,0.632,1.755,1.173,27.6,357.2,-2.197,1.378,13.812,NaN,NaN,NaN,World,Video Quad,40.5,NaN,12.957,NaN,1,0,CabinetD06,None,0,0,0,0,0.0000,NaN,NaN,NaN,0
42.61,Negin,AUIT_Single,CBA,0.621,1.754,1.173,22.8,357.5,-2.197,1.378,13.812,NaN,NaN,NaN,World,CabinetD05,35.6,NaN,12.955,NaN,1,0,CabinetD06,None,0,0,0,0,0.0000,NaN,NaN,NaN,0
42.71,Negin,AUIT_Single,CBA,0.603,1.755,1.171,14.3,357.3,-2.197,1.378,13.812,NaN,NaN,NaN,World,CabinetD05,27.2,NaN,12.953,NaN,1,0,CabinetD06,None,0,0,0,0,0.0000,NaN,NaN,NaN,0
42.80,Negin,AUIT_Single,CBA,0.590,1.754,1.165,10.3,357.4,-2.197,1.378,13.812,NaN,NaN,NaN,World,CabinetD05,23.1,NaN,12.956,NaN,1,0,CabinetD06,None,1,0,0,0,0.0000,NaN,NaN,NaN,0
42.90,Negin,AUIT_Single,CBA,0.588,1.742,1.160,12.2,3.0,-2.197,1.378,13.812,NaN,NaN,NaN,World,CabinetD05,24.6,NaN,12.961,NaN,1,0,CabinetD06,None,1,0,0,0,0.0000,NaN,NaN,NaN,0
43.01,Negin,AUIT_Single,CBA,0.600,1.740,1.161,21.1,2.6,-2.197,1.378,13.812,NaN,NaN,NaN,World,CabinetD05,33.5,NaN,12.961,NaN,1,0,CabinetD06,None,0,0,0,0,0.0000,NaN,NaN,NaN,0
43.11,Negin,AUIT_Single,CBA,0.606,1.740,1.167,26.1,3.5,-2.197,1.378,13.812,NaN,NaN,NaN,World,Video Quad,38.6,NaN,12.957,NaN,1,0,CabinetD06,None,0,0,0,0,0.0000,NaN,NaN,NaN,0
43.21,Negin,AUIT_Single,CBA,0.610,1.741,1.176,27.3,3.6,-2.197,1.378,13.812,NaN,NaN,NaN,World,Video Quad,39.8,NaN,12.950,NaN,1,0,CabinetD06,None,0,0,0,0,0.0000,NaN,NaN,NaN,0
43.30,Negin,AUIT_Single,CBA,0.618,1.739,1.183,29.0,5.5,-2.197,1.378,13.812,NaN,NaN,NaN,World,Video Quad,41.7,NaN,12.944,NaN,1,0,CabinetD06,None,0,0,0,0,0.0000,NaN,NaN,NaN,0
43.40,Negin,AUIT_Single,CBA,0.629,1.737,1.189,31.8,6.4,-2.197,1.378,13.812,NaN,NaN,NaN,World,Video Quad,44.5,NaN,12.940,NaN,1,0,CabinetD06,None,0,0,0,0,0.0000,NaN,NaN,NaN,0
43.51,Negin,AUIT_Single,CBA,0.644,1.735,1.194,34.2,7.8,-2.197,1.378,13.812,NaN,NaN,NaN,World,Video Quad,47.1,NaN,12.939,NaN,1,0,CabinetD06,None,0,0,0,0,0.0000,NaN,NaN,NaN,0
43.61,Negin,AUIT_Single,CBA,0.658,1.734,1.198,35.2,8.4,-2.197,1.378,13.812,NaN,NaN,NaN,World,Video Quad,48.2,NaN,12.938,NaN,1,0,CabinetD06,None,0,0,0,0,0.0000,NaN,NaN,NaN,0
43.71,Negin,AUIT_Single,CBA,0.671,1.734,1.202,36.2,8.5,-2.197,1.378,13.812,NaN,NaN,NaN,World,CabinetD05Door,49.3,NaN,12.937,NaN,1,0,CabinetD06,None,0,0,0,0,0.0000,NaN,NaN,NaN,0
43.80,Negin,AUIT_Single,CBA,0.683,1.735,1.206,36.7,8.4,-2.197,1.378,13.812,NaN,NaN,NaN,World,Video Quad,49.8,NaN,12.936,NaN,1,0,CabinetD06,None,0,0,0,0,0.0000,NaN,NaN,NaN,0
43.90,Negin,AUIT_Single,CBA,0.696,1.734,1.211,38.0,8.2,-2.197,1.378,13.812,NaN,NaN,NaN,World,Video Quad,51.1,NaN,12.934,NaN,1,0,CabinetD06,None,0,0,0,0,0.0000,NaN,NaN,NaN,0
44.01,Negin,AUIT_Single,CBA,0.714,1.735,1.216,39.4,8.1,-2.197,1.378,13.812,NaN,NaN,NaN,World,CabinetD05Door,52.6,NaN,12.933,NaN,1,0,CabinetD06,None,0,0,0,0,0.0000,NaN,NaN,NaN,0
44.11,Negin,AUIT_Single,CBA,0.729,1.738,1.219,39.4,6.8,-2.197,1.378,13.812,NaN,NaN,NaN,World,Video Quad,52.6,NaN,12.933,NaN,1,0,CabinetD06,None,0,0,0,0,0.0000,NaN,NaN,NaN,0
44.21,Negin,AUIT_Single,CBA,0.742,1.743,1.222,38.5,3.9,-2.197,1.378,13.812,NaN,NaN,NaN,World,Video Quad,51.6,NaN,12.934,NaN,1,0,CabinetD06,None,0,0,0,0,0.0000,NaN,NaN,NaN,0
44.30,Negin,AUIT_Single,CBA,0.754,1.746,1.225,37.0,2.6,-2.197,1.378,13.812,NaN,NaN,NaN,World,Video Quad,50.2,NaN,12.934,NaN,1,0,CabinetD06,None,0,0,0,0,0.0000,NaN,NaN,NaN,0
44.40,Negin,AUIT_Single,CBA,0.762,1.749,1.228,34.3,0.1,-2.197,1.378,13.812,NaN,NaN,NaN,World,Video Quad,47.5,NaN,12.933,NaN,1,0,CabinetD06,None,0,0,0,0,0.0000,NaN,NaN,NaN,0
44.51,Negin,AUIT_Single,CBA,0.769,1.751,1.230,31.1,357.3,-2.197,1.378,13.812,NaN,NaN,NaN,World,Video Quad,44.5,NaN,12.933,NaN,1,0,CabinetD05,None,0,0,0,0,0.0000,NaN,NaN,NaN,0
44.61,Negin,AUIT_Single,CBA,0.775,1.752,1.230,29.0,355.9,-2.197,1.378,13.812,NaN,NaN,NaN,World,Video Quad,42.6,NaN,12.934,NaN,1,0,CabinetD05,None,0,0,0,0,0.0000,NaN,NaN,NaN,0
44.71,Negin,AUIT_Single,CBA,0.778,1.752,1.230,27.5,356.2,-2.197,1.378,13.812,NaN,NaN,NaN,World,Video Quad,41.1,NaN,12.935,NaN,1,0,CabinetD05,None,0,0,0,0,0.0000,NaN,NaN,NaN,0
44.81,Negin,AUIT_Single,CBA,0.778,1.751,1.228,26.4,358.0,-2.197,1.378,13.812,NaN,NaN,NaN,World,Video Quad,39.8,NaN,12.937,NaN,1,0,CabinetD05,None,0,0,0,0,0.0000,NaN,NaN,NaN,0
44.90,Negin,AUIT_Single,CBA,0.775,1.750,1.225,26.3,358.1,-2.197,1.378,13.812,NaN,NaN,NaN,World,Video Quad,39.7,NaN,12.938,NaN,1,0,CabinetD05,None,0,0,0,0,0.0000,NaN,NaN,NaN,0
45.01,Negin,AUIT_Single,CBA,0.767,1.750,1.220,26.4,359.7,-2.197,1.378,13.812,NaN,NaN,NaN,World,Video Quad,39.7,NaN,12.942,NaN,1,0,CabinetD06,None,0,0,0,0,0.0000,NaN,NaN,NaN,0
45.11,Negin,AUIT_Single,CBA,0.756,1.752,1.212,26.7,0.9,-2.197,1.378,13.812,NaN,NaN,NaN,World,Video Quad,39.9,NaN,12.947,NaN,1,0,CabinetD06,None,0,0,0,0,0.0000,NaN,NaN,NaN,0
45.21,Negin,AUIT_Single,CBA,0.744,1.752,1.206,26.8,1.0,-2.197,1.378,13.812,NaN,NaN,NaN,World,Video Quad,39.9,NaN,12.950,NaN,1,0,CabinetD06,None,0,0,0,0,0.0000,NaN,NaN,NaN,0
45.31,Negin,AUIT_Single,CBA,0.732,1.750,1.199,27.3,2.5,-2.197,1.378,13.812,NaN,NaN,NaN,World,Video Quad,40.4,NaN,12.954,NaN,1,0,CabinetD06,None,0,0,0,0,0.0000,NaN,NaN,NaN,0
45.40,Negin,AUIT_Single,CBA,0.721,1.748,1.194,27.9,3.4,-2.197,1.378,13.812,NaN,NaN,NaN,World,Video Quad,40.9,NaN,12.956,NaN,1,0,CabinetD06,None,0,0,0,0,0.0000,NaN,NaN,NaN,0
45.51,Negin,AUIT_Single,CBA,0.711,1.743,1.193,28.1,5.4,-2.197,1.378,13.812,NaN,NaN,NaN,World,Video Quad,41.1,NaN,12.955,NaN,1,0,CabinetD06,None,0,0,0,0,0.0000,NaN,NaN,NaN,0
45.61,Negin,AUIT_Single,CBA,0.704,1.733,1.193,28.0,10.7,-2.197,1.378,13.812,NaN,NaN,NaN,World,CabinetD05,41.7,NaN,12.953,NaN,1,0,CabinetD06,None,0,0,0,0,0.0000,NaN,NaN,NaN,0
45.71,Negin,AUIT_Single,CBA,0.697,1.723,1.193,28.2,14.7,-2.197,1.378,13.812,NaN,NaN,NaN,World,CabinetD05,42.6,NaN,12.951,NaN,1,0,CabinetD06,None,0,0,0,0,0.0000,NaN,NaN,NaN,0
45.81,Negin,AUIT_Single,CBA,0.692,1.717,1.194,27.7,16.5,-2.197,1.378,13.812,NaN,NaN,NaN,World,CabinetD05,42.6,NaN,12.949,NaN,1,0,CabinetD06,None,0,0,0,0,0.0000,NaN,NaN,NaN,0
45.90,Negin,AUIT_Single,CBA,0.688,1.715,1.196,26.9,17.8,-2.197,1.378,13.812,NaN,NaN,NaN,World,CabinetD05,42.4,NaN,12.947,NaN,1,0,CabinetD06,None,0,0,0,0,0.0000,NaN,NaN,NaN,0
46.00,Negin,AUIT_Single,CBA,0.687,1.716,1.198,26.4,18.0,-2.197,1.378,13.812,NaN,NaN,NaN,World,CabinetD05,41.9,NaN,12.944,NaN,1,0,CabinetD06,None,0,0,0,0,0.0000,NaN,NaN,NaN,0
46.11,Negin,AUIT_Single,CBA,0.689,1.719,1.202,27.3,16.9,-2.197,1.378,13.812,NaN,NaN,NaN,World,CabinetD05,42.4,NaN,12.940,NaN,1,0,CabinetD06,None,0,0,0,0,0.0000,NaN,NaN,NaN,0
46.21,Negin,AUIT_Single,CBA,0.693,1.720,1.207,27.6,16.3,-2.197,1.378,13.812,NaN,NaN,NaN,World,CabinetD05,42.6,NaN,12.937,NaN,1,0,CabinetD06,None,0,0,0,0,0.0000,NaN,NaN,NaN,0
46.31,Negin,AUIT_Single,CBA,0.700,1.724,1.210,27.1,14.3,-2.197,1.378,13.812,NaN,NaN,NaN,World,CabinetD05,41.6,NaN,12.936,NaN,1,0,CabinetD06,None,0,0,0,0,0.0000,NaN,NaN,NaN,0
46.40,Negin,AUIT_Single,CBA,0.710,1.733,1.210,29.2,9.4,-2.197,1.378,13.812,NaN,NaN,NaN,World,CabinetD05,42.7,NaN,12.938,NaN,1,0,CabinetD06,None,0,0,0,0,0.0000,NaN,NaN,NaN,0
46.50,Negin,AUIT_Single,CBA,0.719,1.740,1.212,31.2,5.8,-2.197,1.378,13.812,NaN,NaN,NaN,World,Video Quad,44.3,NaN,12.938,NaN,1,0,CabinetD06,None,0,0,0,0,0.0000,NaN,NaN,NaN,0
46.61,Negin,AUIT_Single,CBA,0.726,1.741,1.217,30.0,4.2,-2.197,1.378,13.812,NaN,NaN,NaN,World,Video Quad,43.1,NaN,12.935,NaN,1,0,CabinetD06,None,0,0,0,0,0.0000,NaN,NaN,NaN,0
46.71,Negin,AUIT_Single,CBA,0.729,1.741,1.221,27.4,4.9,-2.197,1.378,13.812,NaN,NaN,NaN,World,Video Quad,40.5,NaN,12.932,NaN,1,0,CabinetD06,None,0,0,0,0,0.0000,NaN,NaN,NaN,0
46.81,Negin,AUIT_Single,CBA,0.732,1.742,1.225,27.3,4.1,-2.197,1.378,13.812,NaN,NaN,NaN,World,Video Quad,40.4,NaN,12.929,NaN,1,0,CabinetD06,None,0,0,0,0,0.0000,NaN,NaN,NaN,0
46.90,Negin,AUIT_Single,CBA,0.735,1.741,1.228,27.2,4.5,-2.197,1.378,13.812,NaN,NaN,NaN,World,Video Quad,40.4,NaN,12.927,NaN,1,0,CabinetD06,None,0,0,0,0,0.0000,NaN,NaN,NaN,0
47.00,Negin,AUIT_Single,CBA,0.738,1.743,1.229,28.2,4.4,-2.197,1.378,13.812,NaN,NaN,NaN,World,Video Quad,41.4,NaN,12.926,NaN,1,0,CabinetD06,None,0,0,0,0,0.0000,NaN,NaN,NaN,0
47.11,Negin,AUIT_Single,CBA,0.739,1.742,1.229,28.8,4.7,-2.197,1.378,13.812,NaN,NaN,NaN,World,Video Quad,41.9,NaN,12.926,NaN,1,0,CabinetD06,None,0,0,0,0,0.0000,NaN,NaN,NaN,0
47.21,Negin,AUIT_Single,CBA,0.736,1.742,1.227,27.3,5.0,-2.197,1.378,13.812,NaN,NaN,NaN,World,Video Quad,40.5,NaN,12.928,NaN,1,0,CabinetD06,None,0,0,0,0,0.0000,NaN,NaN,NaN,0
47.31,Negin,AUIT_Single,CBA,0.734,1.745,1.224,27.6,4.2,-2.197,1.378,13.812,NaN,NaN,NaN,World,Video Quad,40.7,NaN,12.930,NaN,1,0,CabinetD06,None,0,0,0,0,0.0000,NaN,NaN,NaN,0
47.40,Negin,AUIT_Single,CBA,0.730,1.747,1.222,26.7,2.8,-2.197,1.378,13.812,NaN,NaN,NaN,World,Video Quad,39.7,NaN,12.932,NaN,1,0,CabinetD06,None,0,0,0,0,0.0000,NaN,NaN,NaN,0
47.50,Negin,AUIT_Single,CBA,0.729,1.751,1.221,27.6,0.8,-2.197,1.378,13.812,NaN,NaN,NaN,World,Video Quad,40.7,NaN,12.932,NaN,1,0,CabinetD06,None,0,0,0,0,0.0000,NaN,NaN,NaN,0
47.61,Negin,AUIT_Single,CBA,0.730,1.755,1.223,32.6,358.3,-2.197,1.378,13.812,NaN,NaN,NaN,World,Video Quad,45.8,NaN,12.931,NaN,1,0,CabinetD06,None,0,0,0,0,0.0000,NaN,NaN,NaN,0
47.71,Negin,AUIT_Single,CBA,0.730,1.757,1.228,33.8,357.9,-2.197,1.378,13.812,NaN,NaN,NaN,World,Video Quad,47.1,NaN,12.926,NaN,1,0,CabinetD06,None,0,0,0,0,0.0000,NaN,NaN,NaN,0
47.80,Negin,AUIT_Single,CBA,0.730,1.754,1.232,32.9,359.2,-2.197,1.378,13.812,NaN,NaN,NaN,World,Video Quad,46.1,NaN,12.921,NaN,1,0,CabinetD06,None,0,0,0,0,0.0000,NaN,NaN,NaN,0
47.90,Negin,AUIT_Single,CBA,0.732,1.752,1.235,32.1,0.6,-2.197,1.378,13.812,NaN,NaN,NaN,World,Video Quad,45.2,NaN,12.919,NaN,1,0,CabinetD06,None,0,0,0,0,0.0000,NaN,NaN,NaN,0
48.01,Negin,AUIT_Single,CBA,0.736,1.752,1.236,31.8,0.7,-2.197,1.378,13.812,NaN,NaN,NaN,World,Video Quad,44.9,NaN,12.919,NaN,1,0,CabinetD06,None,0,0,0,0,0.0000,NaN,NaN,NaN,0
48.11,Negin,AUIT_Single,CBA,0.740,1.749,1.236,32.3,2.5,-2.197,1.378,13.812,NaN,NaN,NaN,World,Video Quad,45.4,NaN,12.920,NaN,1,0,CabinetD06,None,0,0,0,0,0.0000,NaN,NaN,NaN,0
48.21,Negin,AUIT_Single,CBA,0.741,1.748,1.236,32.2,3.0,-2.197,1.378,13.812,NaN,NaN,NaN,World,Video Quad,45.3,NaN,12.920,NaN,1,0,CabinetD06,None,0,0,0,0,0.0000,NaN,NaN,NaN,0
48.30,Negin,AUIT_Single,CBA,0.739,1.748,1.235,31.5,2.6,-2.197,1.378,13.812,NaN,NaN,NaN,World,Video Quad,44.6,NaN,12.921,NaN,1,0,CabinetD06,None,0,0,0,0,0.0000,NaN,NaN,NaN,0
48.40,Negin,AUIT_Single,CBA,0.738,1.749,1.235,30.9,2.5,-2.197,1.378,13.812,NaN,NaN,NaN,World,Video Quad,44.0,NaN,12.921,NaN,1,0,CabinetD06,None,0,0,0,0,0.0000,NaN,NaN,NaN,0
48.51,Negin,AUIT_Single,CBA,0.737,1.748,1.234,30.4,2.8,-2.197,1.378,13.812,NaN,NaN,NaN,World,Video Quad,43.6,NaN,12.921,NaN,1,0,CabinetD06,None,0,0,0,0,0.0000,NaN,NaN,NaN,0
48.61,Negin,AUIT_Single,CBA,0.736,1.748,1.233,30.4,3.2,-2.197,1.378,13.812,NaN,NaN,NaN,World,Video Quad,43.5,NaN,12.922,NaN,1,0,CabinetD06,None,0,0,0,0,0.0000,NaN,NaN,NaN,0
48.71,Negin,AUIT_Single,CBA,0.734,1.747,1.228,30.2,3.3,-2.197,1.378,13.812,NaN,NaN,NaN,World,Video Quad,43.3,NaN,12.926,NaN,1,0,CabinetD06,None,0,0,0,0,0.0000,NaN,NaN,NaN,0
48.80,Negin,AUIT_Single,CBA,0.732,1.747,1.222,30.0,3.0,-2.197,1.378,13.812,NaN,NaN,NaN,World,Video Quad,43.1,NaN,12.931,NaN,1,0,CabinetD06,None,0,0,0,0,0.0000,NaN,NaN,NaN,0
48.90,Negin,AUIT_Single,CBA,0.729,1.748,1.215,30.1,2.7,-2.197,1.378,13.812,NaN,NaN,NaN,World,Video Quad,43.2,NaN,12.938,NaN,1,0,CabinetD06,None,0,0,0,0,0.0000,NaN,NaN,NaN,0
49.01,Negin,AUIT_Single,CBA,0.727,1.749,1.206,30.4,1.6,-2.197,1.378,13.812,NaN,NaN,NaN,World,Video Quad,43.4,NaN,12.946,NaN,1,0,CabinetD06,None,0,0,0,0,0.0000,NaN,NaN,NaN,0
49.11,Negin,AUIT_Single,CBA,0.724,1.750,1.199,30.6,1.3,-2.197,1.378,13.812,NaN,NaN,NaN,World,Video Quad,43.6,NaN,12.952,NaN,1,0,CabinetD06,None,0,0,0,0,0.0000,NaN,NaN,NaN,0
49.21,Negin,AUIT_Single,CBA,0.720,1.750,1.192,30.2,1.4,-2.197,1.378,13.812,NaN,NaN,NaN,World,Video Quad,43.2,NaN,12.959,NaN,1,0,CabinetD06,None,0,0,0,0,0.0000,NaN,NaN,NaN,0
49.30,Negin,AUIT_Single,CBA,0.717,1.751,1.186,29.8,0.9,-2.197,1.378,13.812,NaN,NaN,NaN,World,Video Quad,42.8,NaN,12.964,NaN,1,0,CabinetD06,None,0,0,0,0,0.0000,NaN,NaN,NaN,0
49.40,Negin,AUIT_Single,CBA,0.715,1.754,1.182,29.3,359.5,-2.197,1.378,13.812,NaN,NaN,NaN,World,Video Quad,42.4,NaN,12.967,NaN,1,0,CabinetD06,None,0,0,0,0,0.0000,NaN,NaN,NaN,0
49.51,Negin,AUIT_Single,CBA,0.712,1.756,1.180,27.7,358.3,-2.197,1.378,13.812,NaN,NaN,NaN,World,Video Quad,40.8,NaN,12.968,NaN,1,0,CabinetD06,None,0,0,0,0,0.0000,NaN,NaN,NaN,0
49.61,Negin,AUIT_Single,CBA,0.711,1.757,1.179,26.2,357.9,-2.197,1.378,13.812,NaN,NaN,NaN,World,Video Quad,39.4,NaN,12.969,NaN,1,0,CabinetD06,None,0,0,0,0,0.0000,NaN,NaN,NaN,0
49.71,Negin,AUIT_Single,CBA,0.711,1.757,1.178,26.5,357.8,-2.197,1.378,13.812,NaN,NaN,NaN,World,Video Quad,39.7,NaN,12.970,NaN,1,0,CabinetD06,None,0,0,0,0,0.0000,NaN,NaN,NaN,0
49.80,Negin,AUIT_Single,CBA,0.712,1.758,1.175,27.3,357.6,-2.197,1.378,13.812,NaN,NaN,NaN,World,Video Quad,40.5,NaN,12.973,NaN,1,0,CabinetD06,None,0,0,0,0,0.0000,NaN,NaN,NaN,0
49.90,Negin,AUIT_Single,CBA,0.712,1.760,1.175,27.4,357.5,-2.197,1.378,13.812,NaN,NaN,NaN,World,Video Quad,40.6,NaN,12.974,NaN,1,0,CabinetD06,None,0,0,0,0,0.0000,NaN,NaN,NaN,0
50.01,Negin,AUIT_Single,CBA,0.713,1.760,1.173,28.6,357.9,-2.197,1.378,13.812,NaN,NaN,NaN,World,Video Quad,41.7,NaN,12.975,NaN,1,0,CabinetD06,None,0,0,0,0,0.0000,NaN,NaN,NaN,0
50.11,Negin,AUIT_Single,CBA,0.713,1.755,1.169,29.1,0.7,-2.197,1.378,13.812,NaN,NaN,NaN,World,Video Quad,42.0,NaN,12.979,NaN,1,0,CabinetD06,None,0,0,0,0,0.0000,NaN,NaN,NaN,0
50.21,Negin,AUIT_Single,CBA,0.713,1.753,1.167,30.1,1.1,-2.197,1.378,13.812,NaN,NaN,NaN,World,Video Quad,43.0,NaN,12.981,NaN,1,0,CabinetD06,None,0,0,0,0,0.0000,NaN,NaN,NaN,0
50.31,Negin,AUIT_Single,CBA,0.713,1.751,1.165,30.1,1.9,-2.197,1.378,13.812,NaN,NaN,NaN,World,Video Quad,43.0,NaN,12.983,NaN,1,0,CabinetD06,None,0,0,0,0,0.0000,NaN,NaN,NaN,0
50.40,Negin,AUIT_Single,CBA,0.713,1.751,1.164,30.2,1.2,-2.197,1.378,13.812,NaN,NaN,NaN,World,Video Quad,43.2,NaN,12.985,NaN,1,0,CabinetD06,None,0,0,0,0,0.0000,NaN,NaN,NaN,0
50.51,Negin,AUIT_Single,CBA,0.713,1.750,1.162,29.7,1.6,-2.197,1.378,13.812,NaN,NaN,NaN,World,Video Quad,42.7,NaN,12.986,NaN,1,0,CabinetD06,None,0,0,0,0,0.0000,NaN,NaN,NaN,0
50.61,Negin,AUIT_Single,CBA,0.714,1.748,1.163,29.1,2.7,-2.197,1.378,13.812,NaN,NaN,NaN,World,Video Quad,42.0,NaN,12.985,NaN,1,0,CabinetD06,None,0,0,0,0,0.0000,NaN,NaN,NaN,0
50.71,Negin,AUIT_Single,CBA,0.712,1.748,1.162,27.8,3.3,-2.197,1.378,13.812,NaN,NaN,NaN,World,Video Quad,40.7,NaN,12.985,NaN,1,0,CabinetD06,None,0,0,0,0,0.0000,NaN,NaN,NaN,0
50.81,Negin,AUIT_Single,CBA,0.712,1.748,1.161,27.6,3.4,-2.197,1.378,13.812,NaN,NaN,NaN,World,Video Quad,40.5,NaN,12.987,NaN,1,0,CabinetD06,None,0,0,0,0,0.0000,NaN,NaN,NaN,0
50.90,Negin,AUIT_Single,CBA,0.713,1.748,1.157,28.3,3.4,-2.197,1.378,13.812,NaN,NaN,NaN,World,Video Quad,41.2,NaN,12.991,NaN,1,0,CabinetD06,None,0,0,0,0,0.0000,NaN,NaN,NaN,0
51.00,Negin,AUIT_Single,CBA,0.713,1.748,1.154,28.6,3.3,-2.197,1.378,13.812,NaN,NaN,NaN,World,Video Quad,41.6,NaN,12.993,NaN,1,0,CabinetD06,None,0,0,0,0,0.0000,NaN,NaN,NaN,0
51.11,Negin,AUIT_Single,CBA,0.712,1.746,1.149,29.1,3.6,-2.197,1.378,13.812,NaN,NaN,NaN,World,Video Quad,42.0,NaN,12.998,NaN,1,0,CabinetD06,None,0,0,0,0,0.0000,NaN,NaN,NaN,0
51.21,Negin,AUIT_Single,CBA,0.707,1.746,1.144,28.8,3.6,-2.197,1.378,13.812,NaN,NaN,NaN,World,Video Quad,41.7,NaN,13.002,NaN,1,0,CabinetD06,None,0,0,0,0,0.0000,NaN,NaN,NaN,0
51.31,Negin,AUIT_Single,CBA,0.700,1.746,1.137,27.8,3.4,-2.197,1.378,13.812,NaN,NaN,NaN,World,Video Quad,40.6,NaN,13.008,NaN,1,0,CabinetD06,None,0,0,0,0,0.0000,NaN,NaN,NaN,0
51.40,Negin,AUIT_Single,CBA,0.691,1.746,1.129,27.5,3.2,-2.197,1.378,13.812,NaN,NaN,NaN,World,Video Quad,40.3,NaN,13.013,NaN,1,0,CabinetD06,None,0,0,0,0,0.0000,NaN,NaN,NaN,0
51.51,Negin,AUIT_Single,CBA,0.680,1.745,1.119,28.2,3.3,-2.197,1.378,13.812,NaN,NaN,NaN,World,Video Quad,40.9,NaN,13.020,NaN,1,0,CabinetD06,None,0,0,0,0,0.0000,NaN,NaN,NaN,0
51.61,Negin,AUIT_Single,CBA,0.669,1.744,1.112,27.6,3.7,-2.197,1.378,13.812,NaN,NaN,NaN,World,Video Quad,40.3,NaN,13.025,NaN,1,0,CabinetD06,None,0,0,0,0,0.0000,NaN,NaN,NaN,0
51.71,Negin,AUIT_Single,CBA,0.658,1.742,1.106,26.1,3.3,-2.197,1.378,13.812,NaN,NaN,NaN,World,Video Quad,38.8,NaN,13.028,NaN,1,0,CabinetD06,None,0,0,0,0,0.0000,NaN,NaN,NaN,0
51.80,Negin,AUIT_Single,CBA,0.648,1.741,1.101,24.5,2.4,-2.197,1.378,13.812,NaN,NaN,NaN,World,Video Quad,37.1,NaN,13.031,NaN,1,0,CabinetD06,None,0,0,0,0,0.0000,NaN,NaN,NaN,0
51.90,Negin,AUIT_Single,CBA,0.641,1.740,1.097,23.2,1.8,-2.197,1.378,13.812,NaN,NaN,NaN,World,Video Quad,35.8,NaN,13.034,NaN,1,0,CabinetD06,None,0,0,0,0,0.0000,NaN,NaN,NaN,0
52.01,Negin,AUIT_Single,CBA,0.636,1.739,1.093,22.9,0.7,-2.197,1.378,13.812,NaN,NaN,NaN,World,Video Quad,35.5,NaN,13.036,NaN,1,0,CabinetD06,None,0,0,0,0,0.0000,NaN,NaN,NaN,0
52.11,Negin,AUIT_Single,CBA,0.635,1.741,1.089,24.1,358.9,-2.197,1.378,13.812,NaN,NaN,NaN,World,Video Quad,36.8,NaN,13.040,NaN,1,0,CabinetD06,None,0,0,0,0,0.0000,NaN,NaN,NaN,0
52.21,Negin,AUIT_Single,CBA,0.633,1.743,1.082,26.7,357.2,-2.197,1.378,13.812,NaN,NaN,NaN,World,Video Quad,39.5,NaN,13.046,NaN,1,0,CabinetD06,None,0,0,0,0,0.0000,NaN,NaN,NaN,0
52.30,Negin,AUIT_Single,CBA,0.633,1.746,1.076,29.9,355.1,-2.197,1.378,13.812,NaN,NaN,NaN,World,Video Quad,42.8,NaN,13.052,NaN,1,0,CabinetD06,None,0,0,0,0,0.0000,NaN,NaN,NaN,0
52.40,Negin,AUIT_Single,CBA,0.637,1.751,1.070,34.1,351.6,-2.197,1.378,13.812,NaN,NaN,NaN,World,Video Quad,47.5,NaN,13.059,NaN,1,0,CabinetD06,None,0,0,0,0,0.0000,NaN,NaN,NaN,0
52.51,Negin,AUIT_Single,CBA,0.639,1.748,1.062,39.1,352.9,-2.197,1.378,13.812,NaN,NaN,NaN,World,Video Quad,52.3,NaN,13.068,NaN,1,0,CabinetD06,None,0,0,0,0,0.0000,NaN,NaN,NaN,0
52.61,Negin,AUIT_Single,CBA,0.641,1.745,1.054,40.4,355.2,-2.197,1.378,13.812,NaN,NaN,NaN,World,Video Quad,53.3,NaN,13.075,NaN,1,0,CabinetD06,None,0,0,0,0,0.0000,NaN,NaN,NaN,0
52.71,Negin,AUIT_Single,CBA,0.646,1.746,1.048,40.2,355.5,-2.197,1.378,13.812,NaN,NaN,NaN,World,Video Quad,53.0,NaN,13.083,NaN,1,0,CabinetD06,None,0,0,0,0,0.0000,NaN,NaN,NaN,0
52.80,Negin,AUIT_Single,CBA,0.653,1.751,1.040,38.9,353.0,-2.197,1.378,13.812,NaN,NaN,NaN,World,Video Quad,52.1,NaN,13.092,NaN,1,0,CabinetD06,None,0,0,0,0,0.0000,NaN,NaN,NaN,0
52.90,Negin,AUIT_Single,CBA,0.660,1.752,1.028,37.2,353.4,-2.197,1.378,13.812,NaN,NaN,NaN,World,Video Quad,50.4,NaN,13.105,NaN,1,0,CabinetD06,None,0,0,0,0,0.0000,NaN,NaN,NaN,0
53.01,Negin,AUIT_Single,CBA,0.669,1.750,1.008,36.5,356.0,-2.197,1.378,13.812,NaN,NaN,NaN,World,Video Quad,49.4,NaN,13.126,NaN,1,0,CabinetD06,None,0,0,0,0,0.0000,NaN,NaN,NaN,0
53.11,Negin,AUIT_Single,CBA,0.678,1.751,0.987,36.2,356.9,-2.197,1.378,13.812,NaN,NaN,NaN,World,Video Quad,49.1,NaN,13.149,NaN,1,0,CabinetD06,None,0,0,0,0,0.0000,NaN,NaN,NaN,0
53.21,Negin,AUIT_Single,CBA,0.688,1.751,0.964,38.0,357.2,-2.197,1.378,13.812,NaN,NaN,NaN,World,CabinetD05Door,50.8,NaN,13.173,NaN,1,0,CabinetD06,None,0,0,0,0,0.0000,NaN,NaN,NaN,0
53.30,Negin,AUIT_Single,CBA,0.698,1.751,0.940,41.6,357.7,-2.197,1.378,13.812,NaN,NaN,NaN,World,CabinetD05Door,54.4,NaN,13.199,NaN,1,0,CabinetD06,None,0,0,0,0,0.0000,NaN,NaN,NaN,0
53.40,Negin,AUIT_Single,CBA,0.710,1.751,0.913,46.1,356.8,-2.197,1.378,13.812,NaN,NaN,NaN,World,CabinetDCorner02,59.0,NaN,13.228,NaN,1,0,CabinetD06,None,0,0,0,0,0.0000,NaN,NaN,NaN,0
53.53,Negin,AUIT_Single,CBA,0.725,1.750,0.886,51.4,357.1,-2.197,1.378,13.812,NaN,NaN,NaN,World,CabinetDCorner02,64.2,NaN,13.257,NaN,1,0,CabinetD06,None,0,0,0,0,0.0000,NaN,NaN,NaN,0
53.61,Negin,AUIT_Single,CBA,0.736,1.751,0.868,53.3,357.6,-2.197,1.378,13.812,NaN,NaN,NaN,World,CabinetDCorner02,66.2,NaN,13.277,NaN,1,0,CabinetD06,None,0,0,0,0,0.0000,NaN,NaN,NaN,0
53.71,Negin,AUIT_Single,CBA,0.741,1.756,0.861,48.7,355.6,-2.197,1.378,13.812,NaN,NaN,NaN,World,CabinetDCorner02,61.8,NaN,13.285,NaN,1,0,CabinetD06,None,0,0,0,0,0.0000,NaN,NaN,NaN,0
53.80,Negin,AUIT_Single,CBA,0.737,1.755,0.858,39.3,356.1,-2.197,1.378,13.812,NaN,NaN,NaN,World,CabinetDCorner02,52.3,NaN,13.288,NaN,1,0,CabinetD06,None,0,0,0,0,0.0000,NaN,NaN,NaN,0
53.90,Negin,AUIT_Single,CBA,0.733,1.754,0.851,31.6,356.7,-2.197,1.378,13.812,NaN,NaN,NaN,World,CabinetD05Door,44.5,NaN,13.293,NaN,1,0,CabinetD06,None,0,0,0,0,0.0000,NaN,NaN,NaN,0
54.01,Negin,AUIT_Single,CBA,0.728,1.756,0.842,24.5,355.0,-2.197,1.378,13.812,NaN,NaN,NaN,World,Video Quad,37.7,NaN,13.301,NaN,1,0,CabinetD06,None,0,0,0,0,0.0000,NaN,NaN,NaN,0
54.11,Negin,AUIT_Single,CBA,0.726,1.757,0.833,20.0,354.2,-2.197,1.378,13.812,NaN,NaN,NaN,World,Video Quad,33.5,NaN,13.309,NaN,1,0,CabinetD06,None,0,0,0,0,0.0000,NaN,NaN,NaN,0
54.21,Negin,AUIT_Single,CBA,0.724,1.753,0.825,18.6,356.1,-2.197,1.378,13.812,NaN,NaN,NaN,World,Video Quad,31.8,NaN,13.317,NaN,1,0,CabinetD06,None,0,0,0,0,0.0000,NaN,NaN,NaN,0
54.30,Negin,AUIT_Single,CBA,0.721,1.749,0.816,17.7,358.1,-2.197,1.378,13.812,NaN,NaN,NaN,World,Video Quad,30.6,NaN,13.325,NaN,1,0,CabinetD06,None,0,0,0,0,0.0000,NaN,NaN,NaN,0
54.40,Negin,AUIT_Single,CBA,0.716,1.746,0.809,16.2,358.8,-2.197,1.378,13.812,NaN,NaN,NaN,World,Video Quad,29.0,NaN,13.331,NaN,1,0,CabinetD06,None,0,0,0,0,0.0000,NaN,NaN,NaN,0
54.51,Negin,AUIT_Single,CBA,0.712,1.743,0.801,15.3,359.7,-2.197,1.378,13.812,NaN,NaN,NaN,World,Video Quad,28.0,NaN,13.337,NaN,1,0,CabinetD06,None,0,0,0,0,0.0000,NaN,NaN,NaN,0
54.61,Negin,AUIT_Single,CBA,0.709,1.748,0.799,14.3,356.8,-2.197,1.378,13.812,NaN,NaN,NaN,World,Video Quad,27.3,NaN,13.339,NaN,1,0,CabinetD06,None,0,0,0,0,0.0000,NaN,NaN,NaN,0
54.71,Negin,AUIT_Single,CBA,0.702,1.749,0.800,12.9,355.4,-2.197,1.378,13.812,NaN,NaN,NaN,World,Video Quad,26.2,NaN,13.336,NaN,1,0,CabinetD06,None,0,0,0,0,0.0000,NaN,NaN,NaN,0
54.80,Negin,AUIT_Single,CBA,0.692,1.745,0.803,9.7,357.7,-2.197,1.378,13.812,NaN,NaN,NaN,World,Video Quad,22.6,NaN,13.331,NaN,1,0,CabinetD06,None,1,0,0,0,0.0000,NaN,NaN,NaN,0
54.90,Negin,AUIT_Single,CBA,0.684,1.753,0.811,5.2,355.5,-2.197,1.378,13.812,NaN,NaN,NaN,World,Video Quad,18.8,NaN,13.322,NaN,1,0,CabinetD06,None,1,0,0,0,0.0000,NaN,NaN,NaN,0
55.01,Negin,AUIT_Single,CBA,0.679,1.755,0.816,1.6,352.5,-2.197,1.378,13.812,NaN,NaN,NaN,World,Video Quad,16.8,NaN,13.316,NaN,1,0,CabinetD06,None,1,0,0,0,0.0000,NaN,NaN,NaN,0
55.11,Negin,AUIT_Single,CBA,0.678,1.749,0.816,2.4,356.3,-2.197,1.378,13.812,NaN,NaN,NaN,World,Video Quad,15.7,NaN,13.315,NaN,1,0,CabinetD06,None,1,0,0,0,0.0000,NaN,NaN,NaN,0
55.21,Negin,AUIT_Single,CBA,0.680,1.748,0.816,5.1,357.9,-2.197,1.378,13.812,NaN,NaN,NaN,World,Video Quad,17.9,NaN,13.316,NaN,1,0,CabinetD06,None,1,0,0,0,0.0000,NaN,NaN,NaN,0
55.30,Negin,AUIT_Single,CBA,0.683,1.750,0.817,7.9,355.8,-2.197,1.378,13.812,NaN,NaN,NaN,World,Video Quad,21.2,NaN,13.316,NaN,1,0,CabinetD06,None,1,0,0,0,0.0000,NaN,NaN,NaN,0
55.40,Negin,AUIT_Single,CBA,0.686,1.751,0.816,10.3,355.4,-2.197,1.378,13.812,NaN,NaN,NaN,World,Video Quad,23.6,NaN,13.317,NaN,1,0,CabinetD06,None,1,0,0,0,0.0000,NaN,NaN,NaN,0
55.51,Negin,AUIT_Single,CBA,0.687,1.750,0.815,13.3,355.6,-2.197,1.378,13.812,NaN,NaN,NaN,World,Video Quad,26.5,NaN,13.318,NaN,1,0,CabinetD06,None,0,0,0,0,0.0000,NaN,NaN,NaN,0
55.61,Negin,AUIT_Single,CBA,0.687,1.753,0.817,14.9,353.8,-2.197,1.378,13.812,NaN,NaN,NaN,World,Video Quad,28.5,NaN,13.317,NaN,1,0,CabinetD06,None,0,0,0,0,0.0000,NaN,NaN,NaN,0
55.71,Negin,AUIT_Single,CBA,0.686,1.752,0.819,15.0,354.3,-2.197,1.378,13.812,NaN,NaN,NaN,World,Video Quad,28.4,NaN,13.315,NaN,1,0,CabinetD06,None,0,0,0,0,0.0000,NaN,NaN,NaN,0
55.80,Negin,AUIT_Single,CBA,0.685,1.750,0.818,13.8,355.7,-2.197,1.378,13.812,NaN,NaN,NaN,World,Video Quad,27.0,NaN,13.315,NaN,1,0,CabinetD06,None,0,0,0,0,0.0000,NaN,NaN,NaN,0
55.90,Negin,AUIT_Single,CBA,0.684,1.749,0.817,12.9,356.4,-2.197,1.378,13.812,NaN,NaN,NaN,World,Video Quad,25.9,NaN,13.316,NaN,1,0,CabinetD06,None,0,0,0,0,0.0000,NaN,NaN,NaN,0
56.01,Negin,AUIT_Single,CBA,0.683,1.750,0.815,12.9,355.8,-2.197,1.378,13.812,NaN,NaN,NaN,World,Video Quad,26.1,NaN,13.317,NaN,1,0,CabinetD06,None,0,0,0,0,0.0000,NaN,NaN,NaN,0
56.11,Negin,AUIT_Single,CBA,0.682,1.751,0.816,13.3,354.5,-2.197,1.378,13.812,NaN,NaN,NaN,World,Video Quad,26.7,NaN,13.317,NaN,1,0,CabinetD06,None,0,0,0,0,0.0000,NaN,NaN,NaN,0
56.21,Negin,AUIT_Single,CBA,0.679,1.746,0.815,13.4,357.1,-2.197,1.378,13.812,NaN,NaN,NaN,World,Video Quad,26.2,NaN,13.317,NaN,1,0,CabinetD06,None,0,0,0,0,0.0000,NaN,NaN,NaN,0
56.30,Negin,AUIT_Single,CBA,0.676,1.744,0.814,13.4,359.2,-2.197,1.378,13.812,NaN,NaN,NaN,World,Video Quad,26.0,NaN,13.316,NaN,1,0,CabinetD06,None,0,0,0,0,0.0000,NaN,NaN,NaN,0
56.40,Negin,AUIT_Single,CBA,0.670,1.746,0.816,10.0,358.2,-2.197,1.378,13.812,NaN,NaN,NaN,World,Video Quad,22.6,NaN,13.314,NaN,1,0,CabinetD06,None,1,0,0,0,0.0000,NaN,NaN,NaN,0
56.51,Negin,AUIT_Single,CBA,0.668,1.742,0.814,7.4,0.4,-2.197,1.378,13.812,NaN,NaN,NaN,World,Video Quad,19.9,NaN,13.315,NaN,1,0,CabinetD06,None,1,0,0,0,0.0000,NaN,NaN,NaN,0
56.61,Negin,AUIT_Single,CBA,0.670,1.739,0.811,8.7,2.2,-2.197,1.378,13.812,NaN,NaN,NaN,World,Video Quad,21.2,NaN,13.319,NaN,1,0,CabinetD06,None,1,0,0,0,0.0000,NaN,NaN,NaN,0
56.71,Negin,AUIT_Single,CBA,0.674,1.741,0.810,10.3,2.4,-2.197,1.378,13.812,NaN,NaN,NaN,World,Video Quad,22.7,NaN,13.320,NaN,1,0,CabinetD06,None,1,0,0,0,0.0000,NaN,NaN,NaN,0
56.80,Negin,AUIT_Single,CBA,0.682,1.748,0.815,11.5,358.3,-2.197,1.378,13.812,NaN,NaN,NaN,World,Video Quad,24.2,NaN,13.317,NaN,1,0,CabinetD06,None,1,0,0,0,0.0000,NaN,NaN,NaN,0
56.90,Negin,AUIT_Single,CBA,0.688,1.752,0.816,13.4,355.9,-2.197,1.378,13.812,NaN,NaN,NaN,World,Video Quad,26.5,NaN,13.317,NaN,1,0,CabinetD06,None,0,0,0,0,0.0000,NaN,NaN,NaN,0
57.01,Negin,AUIT_Single,CBA,0.695,1.752,0.819,16.0,355.3,-2.197,1.378,13.812,NaN,NaN,NaN,World,Video Quad,29.2,NaN,13.316,NaN,1,0,CabinetD06,None,0,0,0,0,0.0000,NaN,NaN,NaN,0
57.11,Negin,AUIT_Single,CBA,0.697,1.750,0.822,18.2,356.4,-2.197,1.378,13.812,NaN,NaN,NaN,World,Video Quad,31.2,NaN,13.314,NaN,1,0,CabinetD06,None,0,0,0,0,0.0000,NaN,NaN,NaN,0
57.21,Negin,AUIT_Single,CBA,0.697,1.748,0.824,18.3,356.9,-2.197,1.378,13.812,NaN,NaN,NaN,World,Video Quad,31.2,NaN,13.312,NaN,1,0,CabinetD06,None,0,0,0,0,0.0000,NaN,NaN,NaN,0
57.30,Negin,AUIT_Single,CBA,0.696,1.747,0.827,17.6,357.7,-2.197,1.378,13.812,NaN,NaN,NaN,World,Video Quad,30.4,NaN,13.309,NaN,1,0,CabinetD06,None,0,0,0,0,0.0000,NaN,NaN,NaN,0
57.40,Negin,AUIT_Single,CBA,0.692,1.745,0.829,16.1,358.3,-2.197,1.378,13.812,NaN,NaN,NaN,World,Video Quad,28.9,NaN,13.306,NaN,1,0,CabinetD06,None,0,0,0,0,0.0000,NaN,NaN,NaN,0
57.51,Negin,AUIT_Single,CBA,0.692,1.746,0.834,14.7,357.6,-2.197,1.378,13.812,NaN,NaN,NaN,World,Video Quad,27.6,NaN,13.301,NaN,1,0,CabinetD06,None,0,0,0,0,0.0000,NaN,NaN,NaN,0
57.61,Negin,AUIT_Single,CBA,0.693,1.747,0.843,14.1,358.1,-2.197,1.378,13.812,NaN,NaN,NaN,World,Video Quad,26.9,NaN,13.293,NaN,1,0,CabinetD06,None,0,0,0,0,0.0000,NaN,NaN,NaN,0
57.71,Negin,AUIT_Single,CBA,0.695,1.747,0.855,13.9,359.3,-2.197,1.378,13.812,NaN,NaN,NaN,World,Video Quad,26.5,NaN,13.281,NaN,1,0,CabinetD06,None,0,0,0,0,0.0000,NaN,NaN,NaN,0
57.80,Negin,AUIT_Single,CBA,0.691,1.747,0.872,11.7,0.7,-2.197,1.378,13.812,NaN,NaN,NaN,World,Video Quad,24.3,NaN,13.263,NaN,1,0,CabinetD06,None,1,0,0,0,0.0000,NaN,NaN,NaN,0
57.90,Negin,AUIT_Single,CBA,0.685,1.749,0.892,10.3,359.6,-2.197,1.378,13.812,NaN,NaN,NaN,World,Video Quad,23.0,NaN,13.243,NaN,1,0,CabinetD06,None,1,0,0,0,0.0000,NaN,NaN,NaN,0
58.01,Negin,AUIT_Single,CBA,0.676,1.748,0.920,10.8,359.0,-2.197,1.378,13.812,NaN,NaN,NaN,World,Video Quad,23.5,NaN,13.214,NaN,1,0,CabinetD06,None,1,0,0,0,0.0000,NaN,NaN,NaN,0
58.11,Negin,AUIT_Single,CBA,0.668,1.745,0.951,9.2,0.0,-2.197,1.378,13.812,NaN,NaN,NaN,World,Video Quad,21.8,NaN,13.182,NaN,1,0,CabinetD06,None,1,0,0,0,0.0000,NaN,NaN,NaN,0
58.21,Negin,AUIT_Single,CBA,0.659,1.746,0.985,8.5,1.4,-2.197,1.378,13.812,NaN,NaN,NaN,World,Video Quad,21.0,NaN,13.146,NaN,1,0,CabinetD06,None,1,0,0,0,0.0000,NaN,NaN,NaN,0
58.30,Negin,AUIT_Single,CBA,0.652,1.750,1.017,8.5,1.1,-2.197,1.378,13.812,NaN,NaN,NaN,World,Video Quad,21.0,NaN,13.114,NaN,1,0,CabinetD06,None,1,0,0,0,0.0000,NaN,NaN,NaN,0
58.40,Negin,AUIT_Single,CBA,0.649,1.754,1.045,12.3,359.8,-2.197,1.378,13.812,NaN,NaN,NaN,World,Video Quad,24.9,NaN,13.086,NaN,1,0,CabinetD06,None,1,0,0,0,0.0000,NaN,NaN,NaN,0
58.51,Negin,AUIT_Single,CBA,0.647,1.751,1.072,15.5,359.5,-2.197,1.378,13.812,NaN,NaN,NaN,World,Video Quad,28.1,NaN,13.059,NaN,1,0,CabinetD06,None,0,0,0,0,0.0000,NaN,NaN,NaN,0
58.61,Negin,AUIT_Single,CBA,0.646,1.750,1.095,15.8,0.2,-2.197,1.378,13.812,NaN,NaN,NaN,World,Video Quad,28.4,NaN,13.037,NaN,1,0,CabinetD06,None,0,0,0,0,0.0000,NaN,NaN,NaN,0
58.71,Negin,AUIT_Single,CBA,0.647,1.750,1.115,16.3,0.8,-2.197,1.378,13.812,NaN,NaN,NaN,World,Video Quad,28.9,NaN,13.017,NaN,1,0,CabinetD06,None,0,0,0,0,0.0000,NaN,NaN,NaN,0
58.80,Negin,AUIT_Single,CBA,0.651,1.751,1.134,17.9,0.3,-2.197,1.378,13.812,NaN,NaN,NaN,World,Video Quad,30.6,NaN,13.000,NaN,1,0,CabinetD06,None,0,0,0,0,0.0000,NaN,NaN,NaN,0
58.90,Negin,AUIT_Single,CBA,0.656,1.752,1.152,19.4,0.1,-2.197,1.378,13.812,NaN,NaN,NaN,World,Video Quad,32.1,NaN,12.983,NaN,1,0,CabinetD06,None,0,0,0,0,0.0000,NaN,NaN,NaN,0
59.01,Negin,AUIT_Single,CBA,0.666,1.753,1.171,21.2,359.9,-2.197,1.378,13.812,NaN,NaN,NaN,World,Video Quad,34.0,NaN,12.966,NaN,1,0,CabinetD06,None,0,0,0,0,0.0000,NaN,NaN,NaN,0
59.11,Negin,AUIT_Single,CBA,0.676,1.753,1.188,22.6,359.5,-2.197,1.378,13.812,NaN,NaN,NaN,World,Video Quad,35.5,NaN,12.953,NaN,1,0,CabinetD06,None,0,0,0,0,0.0000,NaN,NaN,NaN,0
59.21,Negin,AUIT_Single,CBA,0.687,1.756,1.205,23.5,358.3,-2.197,1.378,13.812,NaN,NaN,NaN,World,Video Quad,36.5,NaN,12.939,NaN,1,0,CabinetD06,None,0,0,0,0,0.0000,NaN,NaN,NaN,0
59.31,Negin,AUIT_Single,CBA,0.699,1.756,1.221,24.5,357.5,-2.197,1.378,13.812,NaN,NaN,NaN,World,Video Quad,37.7,NaN,12.925,NaN,1,0,CabinetD06,None,0,0,0,0,0.0000,NaN,NaN,NaN,0
59.40,Negin,AUIT_Single,CBA,0.711,1.756,1.237,25.8,357.2,-2.197,1.378,13.812,NaN,NaN,NaN,World,Video Quad,39.0,NaN,12.912,NaN,1,0,CabinetD06,None,0,0,0,0,0.0000,NaN,NaN,NaN,0
59.51,Negin,AUIT_Single,CBA,0.725,1.754,1.254,26.5,357.4,-2.197,1.378,13.812,NaN,NaN,NaN,World,Video Quad,39.8,NaN,12.899,NaN,1,0,CabinetD06,None,0,0,0,0,0.0000,NaN,NaN,NaN,0
59.61,Negin,AUIT_Single,CBA,0.737,1.754,1.268,26.9,357.3,-2.197,1.378,13.812,NaN,NaN,NaN,World,Video Quad,40.3,NaN,12.889,NaN,1,0,CabinetD06,None,0,0,0,0,0.0000,NaN,NaN,NaN,0
59.71,Negin,AUIT_Single,CBA,0.750,1.754,1.281,27.1,357.5,-2.197,1.378,13.812,NaN,NaN,NaN,World,Video Quad,40.5,NaN,12.879,NaN,1,0,CabinetD06,None,0,0,0,0,0.0000,NaN,NaN,NaN,0
59.81,Negin,AUIT_Single,CBA,0.762,1.754,1.295,27.1,357.9,-2.197,1.378,13.812,NaN,NaN,NaN,World,Video Quad,40.5,NaN,12.868,NaN,1,0,CabinetD05,None,0,0,0,0,0.0000,NaN,NaN,NaN,0
59.90,Negin,AUIT_Single,CBA,0.774,1.754,1.308,27.1,358.1,-2.197,1.378,13.812,NaN,NaN,NaN,World,Video Quad,40.6,NaN,12.858,NaN,1,0,CabinetD05,None,0,0,0,0,0.0000,NaN,NaN,NaN,0
60.01,Negin,AUIT_Single,CBA,0.785,1.753,1.321,27.2,358.7,-2.197,1.378,13.812,NaN,NaN,NaN,World,Video Quad,40.8,NaN,12.848,NaN,1,0,CabinetD05,None,0,0,0,0,0.0000,NaN,NaN,NaN,0
60.11,Negin,AUIT_Single,CBA,0.794,1.753,1.330,27.5,359.2,-2.197,1.378,13.812,NaN,NaN,NaN,World,Video Quad,41.0,NaN,12.841,NaN,1,0,CabinetD05,None,0,0,0,0,0.0000,NaN,NaN,NaN,0
60.21,Negin,AUIT_Single,CBA,0.801,1.752,1.337,27.8,359.5,-2.197,1.378,13.812,NaN,NaN,NaN,World,Video Quad,41.3,NaN,12.835,NaN,1,0,CabinetD05,None,0,0,0,0,0.0000,NaN,NaN,NaN,0
60.31,Negin,AUIT_Single,CBA,0.803,1.751,1.341,27.1,0.6,-2.197,1.378,13.812,NaN,NaN,NaN,World,Video Quad,40.7,NaN,12.832,NaN,1,0,CabinetD05,None,0,0,0,0,0.0000,NaN,NaN,NaN,0
60.40,Negin,AUIT_Single,CBA,0.799,1.750,1.339,25.7,1.4,-2.197,1.378,13.812,NaN,NaN,NaN,World,Video Quad,39.1,NaN,12.833,NaN,1,0,CabinetD05,None,0,0,0,0,0.0000,NaN,NaN,NaN,0
60.51,Negin,AUIT_Single,CBA,0.789,1.749,1.328,23.9,2.0,-2.197,1.378,13.812,NaN,NaN,NaN,World,Video Quad,37.4,NaN,12.842,NaN,1,0,CabinetD05,None,0,0,0,0,0.0000,NaN,NaN,NaN,0
60.61,Negin,AUIT_Single,CBA,0.780,1.748,1.314,22.6,2.3,-2.197,1.378,13.812,NaN,NaN,NaN,World,Video Quad,36.0,NaN,12.853,NaN,1,0,CabinetD05,None,0,0,0,0,0.0000,NaN,NaN,NaN,0
60.71,Negin,AUIT_Single,CBA,0.769,1.747,1.296,22.0,2.6,-2.197,1.378,13.812,NaN,NaN,NaN,World,Video Quad,35.3,NaN,12.868,NaN,1,0,CabinetD05,None,0,0,0,0,0.0000,NaN,NaN,NaN,0
60.80,Negin,AUIT_Single,CBA,0.758,1.746,1.275,21.9,3.0,-2.197,1.378,13.812,NaN,NaN,NaN,World,Video Quad,35.2,NaN,12.886,NaN,1,0,CabinetD05,None,0,0,0,0,0.0000,NaN,NaN,NaN,0
60.90,Negin,AUIT_Single,CBA,0.745,1.747,1.254,21.6,2.9,-2.197,1.378,13.812,NaN,NaN,NaN,World,Video Quad,34.8,NaN,12.904,NaN,1,0,CabinetD06,None,0,0,0,0,0.0000,NaN,NaN,NaN,0
61.01,Negin,AUIT_Single,CBA,0.731,1.750,1.231,21.3,1.8,-2.197,1.378,13.812,NaN,NaN,NaN,World,Video Quad,34.4,NaN,12.923,NaN,1,0,CabinetD06,None,0,0,0,0,0.0000,NaN,NaN,NaN,0
61.11,Negin,AUIT_Single,CBA,0.719,1.751,1.212,21.8,1.8,-2.197,1.378,13.812,NaN,NaN,NaN,World,Video Quad,34.8,NaN,12.939,NaN,1,0,CabinetD06,None,0,0,0,0,0.0000,NaN,NaN,NaN,0
61.21,Negin,AUIT_Single,CBA,0.708,1.751,1.195,22.4,1.5,-2.197,1.378,13.812,NaN,NaN,NaN,World,Video Quad,35.3,NaN,12.953,NaN,1,0,CabinetD06,None,0,0,0,0,0.0000,NaN,NaN,NaN,0
61.30,Negin,AUIT_Single,CBA,0.697,1.752,1.179,22.7,1.0,-2.197,1.378,13.812,NaN,NaN,NaN,World,Video Quad,35.6,NaN,12.966,NaN,1,0,CabinetD06,None,0,0,0,0,0.0000,NaN,NaN,NaN,0
61.40,Negin,AUIT_Single,CBA,0.687,1.753,1.164,22.7,0.4,-2.197,1.378,13.812,NaN,NaN,NaN,World,Video Quad,35.5,NaN,12.978,NaN,1,0,CabinetD06,None,0,0,0,0,0.0000,NaN,NaN,NaN,0
61.51,Negin,AUIT_Single,CBA,0.673,1.753,1.148,22.6,0.1,-2.197,1.378,13.812,NaN,NaN,NaN,World,Video Quad,35.4,NaN,12.991,NaN,1,0,CabinetD06,None,0,0,0,0,0.0000,NaN,NaN,NaN,0
61.61,Negin,AUIT_Single,CBA,0.661,1.753,1.136,22.0,359.7,-2.197,1.378,13.812,NaN,NaN,NaN,World,Video Quad,34.7,NaN,13.000,NaN,1,0,CabinetD06,None,0,0,0,0,0.0000,NaN,NaN,NaN,0
61.71,Negin,AUIT_Single,CBA,0.651,1.753,1.125,21.2,359.5,-2.197,1.378,13.812,NaN,NaN,NaN,World,Video Quad,33.9,NaN,13.008,NaN,1,0,CabinetD06,None,0,0,0,0,0.0000,NaN,NaN,NaN,0
61.80,Negin,AUIT_Single,CBA,0.645,1.754,1.115,21.1,359.0,-2.197,1.378,13.812,NaN,NaN,NaN,World,Video Quad,33.8,NaN,13.017,NaN,1,0,CabinetD06,None,0,0,0,0,0.0000,NaN,NaN,NaN,0
61.90,Negin,AUIT_Single,CBA,0.644,1.754,1.103,21.3,359.5,-2.197,1.378,13.812,NaN,NaN,NaN,World,Video Quad,33.9,NaN,13.028,NaN,1,0,CabinetD06,None,0,0,0,0,0.0000,NaN,NaN,NaN,0
62.01,Negin,AUIT_Single,CBA,0.649,1.754,1.089,20.6,359.6,-2.197,1.378,13.812,NaN,NaN,NaN,World,Video Quad,33.3,NaN,13.043,NaN,1,0,CabinetD06,None,0,0,0,0,0.0000,NaN,NaN,NaN,0
62.11,Negin,AUIT_Single,CBA,0.656,1.756,1.081,19.2,358.7,-2.197,1.378,13.812,NaN,NaN,NaN,World,Video Quad,32.0,NaN,13.053,NaN,1,0,CabinetD06,None,0,0,0,0,0.0000,NaN,NaN,NaN,0
62.21,Negin,AUIT_Single,CBA,0.666,1.758,1.076,17.7,358.3,-2.197,1.378,13.812,NaN,NaN,NaN,World,Video Quad,30.5,NaN,13.060,NaN,1,0,CabinetD06,None,0,0,0,0,0.0000,NaN,NaN,NaN,0
62.30,Negin,AUIT_Single,CBA,0.678,1.762,1.074,15.9,358.2,-2.197,1.378,13.812,NaN,NaN,NaN,World,Video Quad,28.8,NaN,13.064,NaN,1,0,CabinetD06,None,0,0,0,0,0.0000,NaN,NaN,NaN,0
62.40,Negin,AUIT_Single,CBA,0.688,1.762,1.073,14.7,358.6,-2.197,1.378,13.812,NaN,NaN,NaN,World,Video Quad,27.6,NaN,13.067,NaN,1,0,CabinetD06,None,0,0,0,0,0.0000,NaN,NaN,NaN,0
62.50,Negin,AUIT_Single,CBA,0.698,1.761,1.072,14.3,359.6,-2.197,1.378,13.812,NaN,NaN,NaN,World,Video Quad,27.2,NaN,13.070,NaN,1,0,CabinetD06,None,0,0,0,0,0.0000,NaN,NaN,NaN,0
62.61,Negin,AUIT_Single,CBA,0.706,1.759,1.071,14.3,0.4,-2.197,1.378,13.812,NaN,NaN,NaN,World,Video Quad,27.2,NaN,13.073,NaN,1,0,CabinetD06,None,0,0,0,0,0.0000,NaN,NaN,NaN,0
62.71,Negin,AUIT_Single,CBA,0.712,1.759,1.069,13.8,0.8,-2.197,1.378,13.812,NaN,NaN,NaN,World,Video Quad,26.7,NaN,13.076,NaN,1,0,CabinetD06,None,0,0,0,0,0.0000,NaN,NaN,NaN,0
62.81,Negin,AUIT_Single,CBA,0.718,1.759,1.068,13.4,0.7,-2.197,1.378,13.812,NaN,NaN,NaN,World,Video Quad,26.3,NaN,13.079,NaN,1,0,CabinetD06,None,0,0,0,0,0.0000,NaN,NaN,NaN,0
62.90,Negin,AUIT_Single,CBA,0.723,1.759,1.068,13.5,0.5,-2.197,1.378,13.812,NaN,NaN,NaN,World,Video Quad,26.4,NaN,13.079,NaN,1,0,CabinetD06,None,0,0,0,0,0.0000,NaN,NaN,NaN,0
63.00,Negin,AUIT_Single,CBA,0.726,1.760,1.070,13.7,0.1,-2.197,1.378,13.812,NaN,NaN,NaN,World,Video Quad,26.7,NaN,13.079,NaN,1,0,CabinetD06,None,0,0,0,0,0.0000,NaN,NaN,NaN,0
63.11,Negin,AUIT_Single,CBA,0.729,1.761,1.072,14.4,359.3,-2.197,1.378,13.812,NaN,NaN,NaN,World,Video Quad,27.5,NaN,13.078,NaN,1,0,CabinetD06,None,0,0,0,0,0.0000,NaN,NaN,NaN,0
63.21,Negin,AUIT_Single,CBA,0.729,1.765,1.074,15.1,357.1,-2.197,1.378,13.812,NaN,NaN,NaN,World,Video Quad,28.3,NaN,13.075,NaN,1,0,CabinetD06,None,0,0,0,0,0.0000,NaN,NaN,NaN,0
63.31,Negin,AUIT_Single,CBA,0.729,1.770,1.076,16.3,353.1,-2.197,1.378,13.812,NaN,NaN,NaN,World,CabinetD05,30.4,NaN,13.074,NaN,1,0,CabinetD06,None,0,0,0,0,0.0000,NaN,NaN,NaN,0
63.40,Negin,AUIT_Single,CBA,0.728,1.775,1.078,18.0,350.0,-2.197,1.378,13.812,NaN,NaN,NaN,World,CabinetD05,33.0,NaN,13.072,NaN,1,0,CabinetD06,None,0,0,0,0,0.0000,NaN,NaN,NaN,0
63.50,Negin,AUIT_Single,CBA,0.727,1.780,1.080,19.7,346.9,-2.197,1.378,13.812,NaN,NaN,NaN,World,CabinetD05,35.6,NaN,13.070,NaN,1,0,CabinetD06,None,0,0,0,0,0.0000,NaN,NaN,NaN,0
63.61,Negin,AUIT_Single,CBA,0.724,1.781,1.082,21.2,344.2,-2.197,1.378,13.812,NaN,NaN,NaN,World,CabinetD05,38.0,NaN,13.067,NaN,1,0,CabinetD06,None,0,0,0,0,0.0000,NaN,NaN,NaN,0
63.71,Negin,AUIT_Single,CBA,0.721,1.778,1.084,21.8,346.3,-2.197,1.378,13.812,NaN,NaN,NaN,World,CabinetD05,37.7,NaN,13.064,NaN,1,0,CabinetD06,None,0,0,0,0,0.0000,NaN,NaN,NaN,0
63.81,Negin,AUIT_Single,CBA,0.717,1.771,1.086,21.6,351.4,-2.197,1.378,13.812,NaN,NaN,NaN,World,CabinetD05,35.9,NaN,13.062,NaN,1,0,CabinetD06,None,0,0,0,0,0.0000,NaN,NaN,NaN,0
63.90,Negin,AUIT_Single,CBA,0.713,1.765,1.088,21.6,354.7,-2.197,1.378,13.812,NaN,NaN,NaN,World,Video Quad,35.2,NaN,13.059,NaN,1,0,CabinetD06,None,0,0,0,0,0.0000,NaN,NaN,NaN,0
64.00,Negin,AUIT_Single,CBA,0.710,1.766,1.091,21.3,354.2,-2.197,1.378,13.812,NaN,NaN,NaN,World,Video Quad,35.0,NaN,13.055,NaN,1,0,CabinetD06,None,0,0,0,0,0.0000,NaN,NaN,NaN,0
64.11,Negin,AUIT_Single,CBA,0.706,1.765,1.093,19.8,354.4,-2.197,1.378,13.812,NaN,NaN,NaN,World,Video Quad,33.4,NaN,13.052,NaN,1,0,CabinetD06,None,0,0,0,0,0.0000,NaN,NaN,NaN,0
64.21,Negin,AUIT_Single,CBA,0.706,1.765,1.096,19.0,354.6,-2.197,1.378,13.812,NaN,NaN,NaN,World,Video Quad,32.6,NaN,13.049,NaN,1,0,CabinetD06,None,0,0,0,0,0.0000,NaN,NaN,NaN,0
64.31,Negin,AUIT_Single,CBA,0.706,1.764,1.100,18.7,354.7,-2.197,1.378,13.812,NaN,NaN,NaN,World,Video Quad,32.3,NaN,13.045,NaN,1,0,CabinetD06,None,0,0,0,0,0.0000,NaN,NaN,NaN,0
64.40,Negin,AUIT_Single,CBA,0.708,1.763,1.105,19.0,354.9,-2.197,1.378,13.812,NaN,NaN,NaN,World,Video Quad,32.6,NaN,13.041,NaN,1,0,CabinetD06,None,0,0,0,0,0.0000,NaN,NaN,NaN,0
64.51,Negin,AUIT_Single,CBA,0.713,1.762,1.110,20.3,355.6,-2.197,1.378,13.812,NaN,NaN,NaN,World,Video Quad,33.7,NaN,13.037,NaN,1,0,CabinetD06,None,0,0,0,0,0.0000,NaN,NaN,NaN,0
64.61,Negin,AUIT_Single,CBA,0.717,1.762,1.114,20.7,355.5,-2.197,1.378,13.812,NaN,NaN,NaN,World,Video Quad,34.2,NaN,13.034,NaN,1,0,CabinetD06,None,0,0,0,0,0.0000,NaN,NaN,NaN,0
64.71,Negin,AUIT_Single,CBA,0.721,1.762,1.119,20.3,355.4,-2.197,1.378,13.812,NaN,NaN,NaN,World,Video Quad,33.8,NaN,13.030,NaN,1,0,CabinetD06,None,0,0,0,0,0.0000,NaN,NaN,NaN,0
64.80,Negin,AUIT_Single,CBA,0.722,1.760,1.121,20.6,356.2,-2.197,1.378,13.812,NaN,NaN,NaN,World,Video Quad,34.0,NaN,13.028,NaN,1,0,CabinetD06,None,0,0,0,0,0.0000,NaN,NaN,NaN,0
64.90,Negin,AUIT_Single,CBA,0.722,1.761,1.122,21.0,356.2,-2.197,1.378,13.812,NaN,NaN,NaN,World,Video Quad,34.3,NaN,13.028,NaN,1,0,CabinetD06,None,0,0,0,0,0.0000,NaN,NaN,NaN,0
65.01,Negin,AUIT_Single,CBA,0.723,1.763,1.122,21.1,355.5,-2.197,1.378,13.812,NaN,NaN,NaN,World,Video Quad,34.6,NaN,13.028,NaN,1,0,CabinetD06,None,0,0,0,0,0.0000,NaN,NaN,NaN,0
65.11,Negin,AUIT_Single,CBA,0.721,1.763,1.122,21.1,355.5,-2.197,1.378,13.812,NaN,NaN,NaN,World,Video Quad,34.6,NaN,13.027,NaN,1,0,CabinetD06,None,0,0,0,0,0.0000,NaN,NaN,NaN,0
65.21,Negin,AUIT_Single,CBA,0.720,1.761,1.122,21.7,356.0,-2.197,1.378,13.812,NaN,NaN,NaN,World,Video Quad,35.1,NaN,13.027,NaN,1,0,CabinetD06,None,0,0,0,0,0.0000,NaN,NaN,NaN,0
65.30,Negin,AUIT_Single,CBA,0.719,1.761,1.122,22.7,356.3,-2.197,1.378,13.812,NaN,NaN,NaN,World,Video Quad,36.0,NaN,13.027,NaN,1,0,CabinetD06,None,0,0,0,0,0.0000,NaN,NaN,NaN,0
65.40,Negin,AUIT_Single,CBA,0.717,1.761,1.122,23.2,356.2,-2.197,1.378,13.812,NaN,NaN,NaN,World,Video Quad,36.5,NaN,13.026,NaN,1,0,CabinetD06,None,0,0,0,0,0.0000,NaN,NaN,NaN,0
65.51,Negin,AUIT_Single,CBA,0.717,1.760,1.123,23.7,356.9,-2.197,1.378,13.812,NaN,NaN,NaN,World,Video Quad,36.9,NaN,13.025,NaN,1,0,CabinetD06,None,0,0,0,0,0.0000,NaN,NaN,NaN,0
65.61,Negin,AUIT_Single,CBA,0.716,1.758,1.125,23.9,358.4,-2.197,1.378,13.812,NaN,NaN,NaN,World,Video Quad,37.0,NaN,13.023,NaN,1,0,CabinetD06,None,0,0,0,0,0.0000,NaN,NaN,NaN,0
65.71,Negin,AUIT_Single,CBA,0.717,1.757,1.126,24.7,358.7,-2.197,1.378,13.812,NaN,NaN,NaN,World,Video Quad,37.8,NaN,13.022,NaN,1,0,CabinetD06,None,0,0,0,0,0.0000,NaN,NaN,NaN,0
65.80,Negin,AUIT_Single,CBA,0.716,1.758,1.127,25.5,358.4,-2.197,1.378,13.812,NaN,NaN,NaN,World,Video Quad,38.6,NaN,13.021,NaN,1,0,CabinetD06,None,0,0,0,0,0.0000,NaN,NaN,NaN,0
65.90,Negin,AUIT_Single,CBA,0.716,1.758,1.127,26.2,358.1,-2.197,1.378,13.812,NaN,NaN,NaN,World,Video Quad,39.3,NaN,13.021,NaN,1,0,CabinetD06,None,0,0,0,0,0.0000,NaN,NaN,NaN,0
66.01,Negin,AUIT_Single,CBA,0.715,1.759,1.128,26.7,357.9,-2.197,1.378,13.812,NaN,NaN,NaN,World,Video Quad,39.8,NaN,13.020,NaN,1,0,CabinetD06,None,0,0,0,0,0.0000,NaN,NaN,NaN,0
66.11,Negin,AUIT_Single,CBA,0.714,1.759,1.128,26.9,357.6,-2.197,1.378,13.812,NaN,NaN,NaN,World,Video Quad,40.0,NaN,13.020,NaN,1,0,CabinetD06,None,0,0,0,0,0.0000,NaN,NaN,NaN,0
66.21,Negin,AUIT_Single,CBA,0.714,1.759,1.128,27.1,357.4,-2.197,1.378,13.812,NaN,NaN,NaN,World,Video Quad,40.3,NaN,13.019,NaN,1,0,CabinetD06,None,0,0,0,0,0.0000,NaN,NaN,NaN,0
66.30,Negin,AUIT_Single,CBA,0.714,1.759,1.129,26.9,357.3,-2.197,1.378,13.812,NaN,NaN,NaN,World,Video Quad,40.1,NaN,13.019,NaN,1,0,CabinetD06,None,0,0,0,0,0.0000,NaN,NaN,NaN,0
66.40,Negin,AUIT_Single,CBA,0.713,1.759,1.130,26.3,357.2,-2.197,1.378,13.812,NaN,NaN,NaN,World,Video Quad,39.4,NaN,13.018,NaN,1,0,CabinetD06,None,0,0,0,0,0.0000,NaN,NaN,NaN,0
66.51,Negin,AUIT_Single,CBA,0.713,1.760,1.131,25.6,357.0,-2.197,1.378,13.812,NaN,NaN,NaN,World,Video Quad,38.8,NaN,13.017,NaN,1,0,CabinetD06,None,0,0,0,0,0.0000,NaN,NaN,NaN,0
66.61,Negin,AUIT_Single,CBA,0.713,1.760,1.132,24.9,357.1,-2.197,1.378,13.812,NaN,NaN,NaN,World,Video Quad,38.1,NaN,13.016,NaN,1,0,CabinetD06,None,0,0,0,0,0.0000,NaN,NaN,NaN,0
66.71,Negin,AUIT_Single,CBA,0.713,1.760,1.132,24.6,357.1,-2.197,1.378,13.812,NaN,NaN,NaN,World,Video Quad,37.8,NaN,13.015,NaN,1,0,CabinetD06,None,0,0,0,0,0.0000,NaN,NaN,NaN,0
66.80,Negin,AUIT_Single,CBA,0.714,1.759,1.133,24.7,357.3,-2.197,1.378,13.812,NaN,NaN,NaN,World,Video Quad,37.9,NaN,13.015,NaN,1,0,CabinetD06,None,0,0,0,0,0.0000,NaN,NaN,NaN,0
66.90,Negin,AUIT_Single,CBA,0.715,1.759,1.134,24.7,357.5,-2.197,1.378,13.812,NaN,NaN,NaN,World,Video Quad,37.8,NaN,13.014,NaN,1,0,CabinetD06,None,0,0,0,0,0.0000,NaN,NaN,NaN,0
67.01,Negin,AUIT_Single,CBA,0.715,1.759,1.135,24.6,357.5,-2.197,1.378,13.812,NaN,NaN,NaN,World,Video Quad,37.8,NaN,13.013,NaN,1,0,CabinetD06,None,0,0,0,0,0.0000,NaN,NaN,NaN,0
67.11,Negin,AUIT_Single,CBA,0.715,1.760,1.136,24.7,357.6,-2.197,1.378,13.812,NaN,NaN,NaN,World,Video Quad,37.8,NaN,13.013,NaN,1,0,CabinetD06,None,0,0,0,0,0.0000,NaN,NaN,NaN,0
67.21,Negin,AUIT_Single,CBA,0.714,1.760,1.136,24.7,357.7,-2.197,1.378,13.812,NaN,NaN,NaN,World,Video Quad,37.8,NaN,13.012,NaN,1,0,CabinetD06,None,0,0,0,0,0.0000,NaN,NaN,NaN,0
67.31,Negin,AUIT_Single,CBA,0.712,1.759,1.136,24.4,358.0,-2.197,1.378,13.812,NaN,NaN,NaN,World,Video Quad,37.5,NaN,13.011,NaN,1,0,CabinetD06,None,0,0,0,0,0.0000,NaN,NaN,NaN,0
67.40,Negin,AUIT_Single,CBA,0.709,1.759,1.136,23.7,358.1,-2.197,1.378,13.812,NaN,NaN,NaN,World,Video Quad,36.8,NaN,13.011,NaN,1,0,CabinetD06,None,0,0,0,0,0.0000,NaN,NaN,NaN,0
67.50,Negin,AUIT_Single,CBA,0.707,1.759,1.136,22.8,358.0,-2.197,1.378,13.812,NaN,NaN,NaN,World,Video Quad,35.9,NaN,13.011,NaN,1,0,CabinetD06,None,0,0,0,0,0.0000,NaN,NaN,NaN,0
67.61,Negin,AUIT_Single,CBA,0.704,1.758,1.135,21.5,358.3,-2.197,1.378,13.812,NaN,NaN,NaN,World,Video Quad,34.6,NaN,13.011,NaN,1,0,CabinetD06,None,0,0,0,0,0.0000,NaN,NaN,NaN,0
67.71,Negin,AUIT_Single,CBA,0.702,1.758,1.133,20.1,358.4,-2.197,1.378,13.812,NaN,NaN,NaN,World,Video Quad,33.1,NaN,13.012,NaN,1,0,CabinetD06,None,0,0,0,0,0.0000,NaN,NaN,NaN,0
67.81,Negin,AUIT_Single,CBA,0.702,1.757,1.130,19.1,358.6,-2.197,1.378,13.812,NaN,NaN,NaN,World,Video Quad,32.1,NaN,13.015,NaN,1,0,CabinetD06,None,0,0,0,0,0.0000,NaN,NaN,NaN,0
67.90,Negin,AUIT_Single,CBA,0.702,1.758,1.127,18.5,358.6,-2.197,1.378,13.812,NaN,NaN,NaN,World,Video Quad,31.5,NaN,13.018,NaN,1,0,CabinetD06,None,0,0,0,0,0.0000,NaN,NaN,NaN,0
68.00,Negin,AUIT_Single,CBA,0.703,1.758,1.123,17.9,358.5,-2.197,1.378,13.812,NaN,NaN,NaN,World,Video Quad,31.0,NaN,13.022,NaN,1,0,CabinetD06,None,0,0,0,0,0.0000,NaN,NaN,NaN,0
68.11,Negin,AUIT_Single,CBA,0.706,1.757,1.120,17.5,358.8,-2.197,1.378,13.812,NaN,NaN,NaN,World,Video Quad,30.5,NaN,13.026,NaN,1,0,CabinetD06,None,0,0,0,0,0.0000,NaN,NaN,NaN,0
68.21,Negin,AUIT_Single,CBA,0.708,1.757,1.116,17.0,359.1,-2.197,1.378,13.812,NaN,NaN,NaN,World,Video Quad,30.0,NaN,13.030,NaN,1,0,CabinetD06,None,0,0,0,0,0.0000,NaN,NaN,NaN,0
68.31,Negin,AUIT_Single,CBA,0.713,1.757,1.111,16.7,359.3,-2.197,1.378,13.812,NaN,NaN,NaN,World,Video Quad,29.7,NaN,13.036,NaN,1,0,CabinetD06,None,0,0,0,0,0.0000,NaN,NaN,NaN,0
68.40,Negin,AUIT_Single,CBA,0.717,1.757,1.105,16.6,359.3,-2.197,1.378,13.812,NaN,NaN,NaN,World,Video Quad,29.6,NaN,13.043,NaN,1,0,CabinetD06,None,0,0,0,0,0.0000,NaN,NaN,NaN,0
68.50,Negin,AUIT_Single,CBA,0.721,1.758,1.098,16.3,359.2,-2.197,1.378,13.812,NaN,NaN,NaN,World,Video Quad,29.4,NaN,13.050,NaN,1,0,CabinetD06,None,0,0,0,0,0.0000,NaN,NaN,NaN,0
68.61,Negin,AUIT_Single,CBA,0.725,1.758,1.092,15.7,359.1,-2.197,1.378,13.812,NaN,NaN,NaN,World,Video Quad,28.7,NaN,13.058,NaN,1,0,CabinetD06,None,0,0,0,0,0.0000,NaN,NaN,NaN,0
68.71,Negin,AUIT_Single,CBA,0.728,1.758,1.086,15.0,359.1,-2.197,1.378,13.812,NaN,NaN,NaN,World,Video Quad,28.1,NaN,13.064,NaN,1,0,CabinetD06,None,0,0,0,0,0.0000,NaN,NaN,NaN,0
68.81,Negin,AUIT_Single,CBA,0.732,1.758,1.080,14.3,358.9,-2.197,1.378,13.812,NaN,NaN,NaN,World,Video Quad,27.4,NaN,13.070,NaN,1,0,CabinetD06,None,0,0,0,0,0.0000,NaN,NaN,NaN,0
68.90,Negin,AUIT_Single,CBA,0.736,1.758,1.075,13.6,359.1,-2.197,1.378,13.812,NaN,NaN,NaN,World,Video Quad,26.7,NaN,13.076,NaN,1,0,CabinetD06,None,0,0,0,0,0.0000,NaN,NaN,NaN,0
69.00,Negin,AUIT_Single,CBA,0.741,1.758,1.070,13.4,359.2,-2.197,1.378,13.812,NaN,NaN,NaN,World,Video Quad,26.5,NaN,13.082,NaN,1,0,CabinetD06,None,0,0,0,0,0.0000,NaN,NaN,NaN,0
69.11,Negin,AUIT_Single,CBA,0.748,1.758,1.064,13.3,359.2,-2.197,1.378,13.812,NaN,NaN,NaN,World,Video Quad,26.4,NaN,13.089,NaN,1,0,CabinetD06,None,0,0,0,0,0.0000,NaN,NaN,NaN,0
69.21,Negin,AUIT_Single,CBA,0.755,1.758,1.060,13.2,358.8,-2.197,1.378,13.812,NaN,NaN,NaN,World,Video Quad,26.3,NaN,13.095,NaN,1,0,CabinetD06,None,0,0,0,0,0.0000,NaN,NaN,NaN,0
69.31,Negin,AUIT_Single,CBA,0.762,1.758,1.057,12.8,358.4,-2.197,1.378,13.812,NaN,NaN,NaN,World,Video Quad,26.1,NaN,13.099,NaN,1,0,CabinetD06,None,0,0,0,0,0.0000,NaN,NaN,NaN,0
69.40,Negin,AUIT_Single,CBA,0.769,1.758,1.054,12.5,358.7,-2.197,1.378,13.812,NaN,NaN,NaN,World,Video Quad,25.7,NaN,13.104,NaN,1,0,CabinetD06,None,0,0,0,0,0.0000,NaN,NaN,NaN,0
69.50,Negin,AUIT_Single,CBA,0.775,1.758,1.051,12.2,359.1,-2.197,1.378,13.812,NaN,NaN,NaN,World,Video Quad,25.4,NaN,13.109,NaN,1,0,CabinetD06,None,0,0,0,0,0.0000,NaN,NaN,NaN,0
69.61,Negin,AUIT_Single,CBA,0.780,1.759,1.047,11.6,358.9,-2.197,1.378,13.812,NaN,NaN,NaN,World,Video Quad,24.9,NaN,13.114,NaN,1,0,CabinetD06,None,1,0,0,0,0.0000,NaN,NaN,NaN,0
69.71,Negin,AUIT_Single,CBA,0.780,1.763,1.045,9.5,357.9,-2.197,1.378,13.812,NaN,NaN,NaN,World,Video Quad,22.9,NaN,13.116,NaN,1,0,CabinetD06,None,1,0,0,0,0.0000,NaN,NaN,NaN,0
69.80,Negin,AUIT_Single,CBA,0.770,1.766,1.042,3.9,356.8,-2.197,1.378,13.812,NaN,NaN,NaN,World,Video Quad,17.6,NaN,13.116,NaN,1,0,CabinetD06,None,1,0,0,0,0.0000,NaN,NaN,NaN,0
69.90,Negin,AUIT_Single,CBA,0.751,1.766,1.036,354.5,356.1,-2.197,1.378,13.812,NaN,NaN,NaN,World,Video Quad,9.4,NaN,13.117,NaN,1,0,CabinetD06,None,1,0,0,0,0.0000,NaN,NaN,NaN,0
70.00,Negin,AUIT_Single,CBA,0.725,1.766,1.024,343.0,357.2,-2.197,1.378,13.812,NaN,NaN,NaN,World,CabinetD06,6.1,NaN,13.123,NaN,1,0,CabinetD06,None,1,0,0,0,0.0000,NaN,NaN,NaN,0
70.11,Negin,AUIT_Single,CBA,0.697,1.768,1.005,332.0,357.4,-2.197,1.378,13.812,NaN,NaN,NaN,World,CabinetD06,15.8,NaN,13.136,NaN,1,0,CabinetD06,None,1,0,0,0,0.0000,NaN,NaN,NaN,0
70.21,Negin,AUIT_Single,CBA,0.687,1.768,0.986,334.6,357.3,-2.197,1.378,13.812,NaN,NaN,NaN,World,CabinetD06,13.5,NaN,13.152,NaN,1,0,CabinetD06,None,1,0,0,0,0.0000,NaN,NaN,NaN,0
70.30,Negin,AUIT_Single,CBA,0.681,1.764,0.960,338.8,359.2,-2.197,1.378,13.812,NaN,NaN,NaN,World,CabinetD06,8.9,NaN,13.177,NaN,1,0,CabinetD06,None,1,0,0,0,0.0000,NaN,NaN,NaN,0
70.40,Negin,AUIT_Single,CBA,0.677,1.759,0.923,341.4,1.1,-2.197,1.378,13.812,NaN,NaN,NaN,World,CabinetD06,6.1,NaN,13.211,NaN,1,0,CabinetD06,None,1,0,0,0,0.0000,NaN,NaN,NaN,0
70.51,Negin,AUIT_Single,CBA,0.673,1.750,0.872,342.7,2.1,-2.197,1.378,13.812,NaN,NaN,NaN,World,CabinetD06,4.8,NaN,13.260,NaN,1,0,CabinetD06,None,1,0,0,0,0.0000,NaN,NaN,NaN,0
70.61,Negin,AUIT_Single,CBA,0.671,1.742,0.826,344.5,2.9,-2.197,1.378,13.812,NaN,NaN,NaN,World,CabinetD06,3.3,NaN,13.304,NaN,1,0,CabinetD06,None,1,0,0,0,0.0000,NaN,NaN,NaN,0
70.71,Negin,AUIT_Single,CBA,0.676,1.733,0.783,348.1,6.0,-2.197,1.378,13.812,NaN,NaN,NaN,World,CabinetD06,4.5,NaN,13.347,NaN,1,0,CabinetD06,None,1,0,0,0,0.0000,NaN,NaN,NaN,0
70.80,Negin,AUIT_Single,CBA,0.686,1.726,0.747,353.9,9.2,-2.197,1.378,13.812,NaN,NaN,NaN,World,CabinetD06,10.0,NaN,13.385,NaN,1,0,CabinetD06,None,1,0,0,0,0.0000,NaN,NaN,NaN,0
70.90,Negin,AUIT_Single,CBA,0.697,1.725,0.716,358.8,9.8,-2.197,1.378,13.812,NaN,NaN,NaN,World,CabinetD05,13.9,NaN,13.417,NaN,1,0,CabinetD06,None,1,0,0,0,0.0000,NaN,NaN,NaN,0
71.01,Negin,AUIT_Single,CBA,0.710,1.730,0.688,1.8,7.9,-2.197,1.378,13.812,NaN,NaN,NaN,World,Video Quad,15.6,NaN,13.447,NaN,1,0,CabinetD06,None,1,0,0,0,0.0000,NaN,NaN,NaN,0
71.11,Negin,AUIT_Single,CBA,0.718,1.733,0.667,2.7,6.4,-2.197,1.378,13.812,NaN,NaN,NaN,World,Video Quad,15.9,NaN,13.469,NaN,1,0,CabinetD06,None,1,0,0,0,0.0000,NaN,NaN,NaN,0
71.21,Negin,AUIT_Single,CBA,0.724,1.738,0.655,2.9,5.4,-2.197,1.378,13.812,NaN,NaN,NaN,World,Video Quad,15.9,NaN,13.482,NaN,1,0,CabinetD06,None,1,0,0,0,0.0000,NaN,NaN,NaN,0
71.30,Negin,AUIT_Single,CBA,0.729,1.741,0.648,3.0,5.1,-2.197,1.378,13.812,NaN,NaN,NaN,World,Video Quad,15.9,NaN,13.490,NaN,1,0,CabinetD06,None,1,0,0,0,0.0000,NaN,NaN,NaN,0
71.40,Negin,AUIT_Single,CBA,0.733,1.742,0.647,2.7,4.9,-2.197,1.378,13.812,NaN,NaN,NaN,World,Video Quad,15.6,NaN,13.492,NaN,1,0,CabinetD06,None,1,0,0,0,0.0000,NaN,NaN,NaN,0
71.51,Negin,AUIT_Single,CBA,0.737,1.744,0.650,2.1,4.0,-2.197,1.378,13.812,NaN,NaN,NaN,World,Video Quad,14.8,NaN,13.490,NaN,1,0,CabinetD06,None,1,0,0,0,0.0000,NaN,NaN,NaN,0
71.61,Negin,AUIT_Single,CBA,0.742,1.750,0.658,1.8,3.3,-2.197,1.378,13.812,NaN,NaN,NaN,World,Video Quad,14.5,NaN,13.484,NaN,1,0,CabinetD06,None,1,0,0,0,0.0000,NaN,NaN,NaN,0
71.71,Negin,AUIT_Single,CBA,0.747,1.750,0.664,2.6,3.0,-2.197,1.378,13.812,NaN,NaN,NaN,World,Video Quad,15.3,NaN,13.479,NaN,1,0,CabinetD06,None,1,0,0,0,0.0000,NaN,NaN,NaN,0
71.80,Negin,AUIT_Single,CBA,0.751,1.751,0.671,3.4,3.0,-2.197,1.378,13.812,NaN,NaN,NaN,World,Video Quad,16.1,NaN,13.473,NaN,1,0,CabinetD06,None,1,0,0,0,0.0000,NaN,NaN,NaN,0
71.90,Negin,AUIT_Single,CBA,0.755,1.752,0.676,4.2,2.4,-2.197,1.378,13.812,NaN,NaN,NaN,World,Video Quad,16.9,NaN,13.469,NaN,1,0,CabinetD06,None,1,0,0,0,0.0000,NaN,NaN,NaN,0
72.01,Negin,AUIT_Single,CBA,0.758,1.752,0.681,5.3,2.4,-2.197,1.378,13.812,NaN,NaN,NaN,World,Video Quad,18.0,NaN,13.465,NaN,1,0,CabinetD06,None,1,0,0,0,0.0000,NaN,NaN,NaN,0
72.11,Negin,AUIT_Single,CBA,0.760,1.752,0.684,6.2,2.2,-2.197,1.378,13.812,NaN,NaN,NaN,World,Video Quad,18.9,NaN,13.462,NaN,1,0,CabinetD06,None,1,0,0,0,0.0000,NaN,NaN,NaN,0
72.21,Negin,AUIT_Single,CBA,0.761,1.752,0.688,6.6,2.0,-2.197,1.378,13.812,NaN,NaN,NaN,World,Video Quad,19.3,NaN,13.459,NaN,1,0,CabinetD06,None,1,0,0,0,0.0000,NaN,NaN,NaN,0
72.30,Negin,AUIT_Single,CBA,0.760,1.752,0.691,5.8,2.0,-2.197,1.378,13.812,NaN,NaN,NaN,World,Video Quad,18.5,NaN,13.455,NaN,1,0,CabinetD06,None,1,0,0,0,0.0000,NaN,NaN,NaN,0
72.40,Negin,AUIT_Single,CBA,0.755,1.752,0.695,3.0,1.8,-2.197,1.378,13.812,NaN,NaN,NaN,World,Video Quad,15.7,NaN,13.450,NaN,1,0,CabinetD06,None,1,0,0,0,0.0000,NaN,NaN,NaN,0
72.51,Negin,AUIT_Single,CBA,0.737,1.756,0.700,350.7,359.7,-2.197,1.378,13.812,NaN,NaN,NaN,World,Video Quad,3.8,NaN,13.441,NaN,1,0,CabinetD06,None,1,0,0,0,0.0000,NaN,NaN,NaN,0
72.61,Negin,AUIT_Single,CBA,0.707,1.756,0.699,329.2,0.2,-2.197,1.378,13.812,NaN,NaN,NaN,World,CabinetD06Door,18.4,NaN,13.436,NaN,1,0,CabinetD06,None,1,0,0,0,0.0000,NaN,NaN,NaN,0
72.71,Negin,AUIT_Single,CBA,0.676,1.749,0.684,302.4,3.7,-2.197,1.378,13.812,NaN,NaN,NaN,World,Wall4m,45.3,NaN,13.444,NaN,1,0,CabinetD06,None,0,0,0,0,0.0000,NaN,NaN,NaN,0
72.80,Negin,AUIT_Single,CBA,0.655,1.740,0.660,276.8,8.5,-2.197,1.378,13.812,NaN,NaN,NaN,World,Refrigerator03_Door01,71.0,NaN,13.462,NaN,1,0,CabinetD06,None,0,0,0,0,0.0000,NaN,NaN,NaN,0
72.90,Negin,AUIT_Single,CBA,0.646,1.732,0.639,258.7,12.2,-2.197,1.378,13.812,NaN,NaN,NaN,World,Refrigerator03,88.9,NaN,13.481,NaN,1,0,CabinetD06,None,0,0,0,0,0.0000,NaN,NaN,NaN,0
73.01,Negin,AUIT_Single,CBA,0.638,1.723,0.621,249.2,17.4,-2.197,1.378,13.812,NaN,NaN,NaN,World,Refrigerator03,97.8,NaN,13.496,NaN,1,0,CabinetD06,None,0,0,0,0,0.0000,NaN,NaN,NaN,0
73.12,Negin,AUIT_Single,CBA,0.634,1.719,0.615,248.1,19.4,-2.197,1.378,13.812,NaN,NaN,NaN,World,Refrigerator03,98.7,NaN,13.502,NaN,1,0,CabinetD06,None,0,0,0,0,0.0000,NaN,NaN,NaN,0
73.21,Negin,AUIT_Single,CBA,0.615,1.703,0.588,246.3,27.0,-2.197,1.378,13.812,NaN,NaN,NaN,World,Refrigerator03,99.8,NaN,13.524,NaN,1,0,CabinetD06,None,0,0,0,0,0.0000,NaN,NaN,NaN,0
73.30,Negin,AUIT_Single,CBA,0.597,1.696,0.563,247.1,29.8,-2.197,1.378,13.812,NaN,NaN,NaN,World,Refrigerator03,98.8,NaN,13.544,NaN,1,0,CabinetD06,None,0,0,0,0,0.0000,NaN,NaN,NaN,0
73.40,Negin,AUIT_Single,CBA,0.576,1.692,0.530,248.1,29.8,-2.197,1.378,13.812,NaN,NaN,NaN,World,Refrigerator03,98.1,NaN,13.573,NaN,1,0,CabinetD06,None,0,0,0,0,0.0000,NaN,NaN,NaN,0
73.51,Negin,AUIT_Single,CBA,0.549,1.700,0.485,250.4,25.1,-2.197,1.378,13.812,NaN,NaN,NaN,World,Refrigerator03,96.6,NaN,13.611,NaN,1,0,CabinetD06,None,0,0,0,0,0.0000,NaN,NaN,NaN,0
73.61,Negin,AUIT_Single,CBA,0.528,1.708,0.448,251.0,21.6,-2.197,1.378,13.812,NaN,NaN,NaN,World,Refrigerator03,96.4,NaN,13.644,NaN,1,0,CabinetD06,None,0,0,0,0,0.0000,NaN,NaN,NaN,0
73.71,Negin,AUIT_Single,CBA,0.506,1.715,0.416,250.3,18.9,-2.197,1.378,13.812,NaN,NaN,NaN,World,Refrigerator03,97.4,NaN,13.671,NaN,1,0,CabinetD06,None,0,0,0,0,0.0000,NaN,NaN,NaN,0
73.80,Negin,AUIT_Single,CBA,0.483,1.722,0.390,251.6,17.0,-2.197,1.378,13.812,NaN,NaN,NaN,World,Refrigerator03,96.4,NaN,13.691,NaN,1,0,CabinetD06,None,0,0,0,0,0.0000,NaN,NaN,NaN,0
73.90,Negin,AUIT_Single,CBA,0.462,1.723,0.369,253.4,16.6,-2.197,1.378,13.812,NaN,NaN,NaN,World,Refrigerator03,94.8,NaN,13.708,NaN,1,0,CabinetD06,None,0,0,0,0,0.0000,NaN,NaN,NaN,0
74.01,Negin,AUIT_Single,CBA,0.438,1.725,0.349,253.9,16.5,-2.197,1.378,13.812,NaN,NaN,NaN,World,Refrigerator03,94.4,NaN,13.723,NaN,1,0,CabinetD06,None,0,0,0,0,0.0000,NaN,NaN,NaN,0
74.11,Negin,AUIT_Single,CBA,0.414,1.727,0.335,253.9,15.2,-2.197,1.378,13.812,NaN,NaN,NaN,World,Refrigerator03,94.6,NaN,13.732,NaN,1,0,CabinetD06,None,0,0,0,0,0.0000,NaN,NaN,NaN,0
74.21,Negin,AUIT_Single,CBA,0.385,1.727,0.323,253.6,14.2,-2.197,1.378,13.812,NaN,NaN,NaN,World,Video Quad,95.1,NaN,13.738,NaN,1,0,CabinetD06Door,None,0,0,0,0,0.0000,NaN,NaN,NaN,0
74.30,Negin,AUIT_Single,CBA,0.347,1.729,0.311,253.1,12.1,-2.197,1.378,13.812,NaN,NaN,NaN,World,Refrigerator03,95.8,NaN,13.743,NaN,1,0,CabinetD06Door,None,0,0,0,0,0.0000,NaN,NaN,NaN,0
74.40,Negin,AUIT_Single,CBA,0.304,1.733,0.299,252.1,9.8,-2.197,1.378,13.812,NaN,NaN,NaN,World,Video Quad,97.1,NaN,13.747,NaN,1,0,CabinetD06Door,None,0,0,0,0,0.0000,NaN,NaN,NaN,0
74.51,Negin,AUIT_Single,CBA,0.257,1.738,0.287,250.3,7.9,-2.197,1.378,13.812,NaN,NaN,NaN,World,Video Quad,99.1,NaN,13.751,NaN,1,0,CabinetD07,None,0,0,0,0,0.0000,NaN,NaN,NaN,0
74.61,Negin,AUIT_Single,CBA,0.225,1.739,0.279,248.6,7.6,-2.197,1.378,13.812,NaN,NaN,NaN,World,Video Quad,100.9,NaN,13.753,NaN,1,0,CabinetD07,None,0,0,0,0,0.0000,NaN,NaN,NaN,0
74.71,Negin,AUIT_Single,CBA,0.206,1.737,0.277,249.4,10.1,-2.197,1.378,13.812,NaN,NaN,NaN,World,Video Quad,100.1,NaN,13.752,NaN,1,0,CabinetD07,None,0,0,0,0,0.0000,NaN,NaN,NaN,0
74.80,Negin,AUIT_Single,CBA,0.199,1.739,0.277,251.6,10.3,-2.197,1.378,13.812,NaN,NaN,NaN,World,Video Quad,97.9,NaN,13.750,NaN,1,0,CabinetD07,None,0,0,0,0,0.0000,NaN,NaN,NaN,0
74.90,Negin,AUIT_Single,CBA,0.203,1.742,0.281,256.0,9.4,-2.197,1.378,13.812,NaN,NaN,NaN,World,Video Quad,93.6,NaN,13.747,NaN,1,0,CabinetD07,None,0,0,0,0,0.0000,NaN,NaN,NaN,0
75.01,Negin,AUIT_Single,CBA,0.223,1.745,0.290,264.9,8.3,-2.197,1.378,13.812,NaN,NaN,NaN,World,Video Quad,84.8,NaN,13.743,NaN,1,0,CabinetD07,None,0,0,0,0,0.0000,NaN,NaN,NaN,0
75.11,Negin,AUIT_Single,CBA,0.255,1.743,0.298,275.7,8.1,-2.197,1.378,13.812,NaN,NaN,NaN,World,Refrigerator03,73.9,NaN,13.740,NaN,1,0,CabinetD07,None,0,0,0,0,0.0000,NaN,NaN,NaN,0
75.21,Negin,AUIT_Single,CBA,0.290,1.740,0.307,291.4,8.0,-2.197,1.378,13.812,NaN,NaN,NaN,World,Refrigerator03,58.3,NaN,13.737,NaN,1,0,CabinetD06Door,None,0,0,0,0,0.0000,NaN,NaN,NaN,0
75.30,Negin,AUIT_Single,CBA,0.329,1.740,0.324,309.2,8.6,-2.197,1.378,13.812,NaN,NaN,NaN,World,Refrigerator03_Door01,40.6,NaN,13.727,NaN,1,0,CabinetD06Door,None,0,0,0,0,0.0000,NaN,NaN,NaN,0
75.40,Negin,AUIT_Single,CBA,0.380,1.738,0.347,327.4,11.7,-2.197,1.378,13.812,NaN,NaN,NaN,World,Wall4m,23.9,NaN,13.715,NaN,1,0,CabinetD06Door,None,1,0,0,0,0.0000,NaN,NaN,NaN,0
75.51,Negin,AUIT_Single,CBA,0.443,1.736,0.371,345.1,12.4,-2.197,1.378,13.812,NaN,NaN,NaN,World,CabinetD06Door,11.5,NaN,13.703,NaN,1,0,CabinetD06,None,1,0,0,0,0.0000,NaN,NaN,NaN,0
75.61,Negin,AUIT_Single,CBA,0.493,1.737,0.394,355.0,12.8,-2.197,1.378,13.812,NaN,NaN,NaN,World,Wall4m,13.0,NaN,13.690,NaN,1,0,CabinetD06,None,1,0,0,0,0.0000,NaN,NaN,NaN,0
75.71,Negin,AUIT_Single,CBA,0.541,1.735,0.421,1.0,12.9,-2.197,1.378,13.812,NaN,NaN,NaN,World,Wall4m,16.9,NaN,13.673,NaN,1,0,CabinetD06,None,1,0,0,0,0.0000,NaN,NaN,NaN,0
75.80,Negin,AUIT_Single,CBA,0.587,1.731,0.455,4.8,12.9,-2.197,1.378,13.812,NaN,NaN,NaN,World,Wall4m,20.0,NaN,13.649,NaN,1,0,CabinetD06,None,1,0,0,0,0.0000,NaN,NaN,NaN,0
75.90,Negin,AUIT_Single,CBA,0.633,1.720,0.498,6.5,13.9,-2.197,1.378,13.812,NaN,NaN,NaN,World,Wall4m,22.1,NaN,13.616,NaN,1,0,CabinetD06,None,1,0,0,0,0.0000,NaN,NaN,NaN,0
76.01,Negin,AUIT_Single,CBA,0.680,1.701,0.554,5.8,20.1,-2.197,1.378,13.812,NaN,NaN,NaN,World,Wall4m,25.8,NaN,13.571,NaN,1,0,CabinetD06,None,0,0,0,0,0.0000,NaN,NaN,NaN,0
76.11,Negin,AUIT_Single,CBA,0.713,1.695,0.597,4.4,25.9,-2.197,1.378,13.812,NaN,NaN,NaN,World,CabinetDCorner01,29.5,NaN,13.535,NaN,1,0,CabinetD06,None,0,0,0,0,0.0000,NaN,NaN,NaN,0
76.21,Negin,AUIT_Single,CBA,0.739,1.688,0.635,2.9,30.4,-2.197,1.378,13.812,NaN,NaN,NaN,World,CabinetDCorner01,32.5,NaN,13.504,NaN,1,0,CabinetD06,None,0,0,0,0,0.0000,NaN,NaN,NaN,0
76.39,Negin,AUIT_Single,CBA,0.761,1.679,0.676,2.7,33.9,-2.197,1.378,13.812,NaN,NaN,NaN,World,CabinetDCorner01,35.7,NaN,13.469,NaN,1,0,CabinetD06,None,0,0,0,0,0.0000,NaN,NaN,NaN,0
76.40,Negin,AUIT_Single,CBA,0.768,1.678,0.697,2.9,34.1,-2.197,1.378,13.812,NaN,NaN,NaN,World,CabinetDCorner01,36.0,NaN,13.449,NaN,1,0,CabinetD06,None,0,0,0,0,0.0000,NaN,NaN,NaN,0
76.51,Negin,AUIT_Single,CBA,0.773,1.680,0.735,4.8,31.7,-2.197,1.378,13.812,NaN,NaN,NaN,World,CabinetDCorner01,34.7,NaN,13.413,NaN,1,0,CabinetD06,None,0,0,0,0,0.0000,NaN,NaN,NaN,0
76.61,Negin,AUIT_Single,CBA,0.772,1.682,0.771,7.5,29.3,-2.197,1.378,13.812,NaN,NaN,NaN,World,Video Quad,34.1,NaN,13.379,NaN,1,0,CabinetD06,None,0,0,0,0,0.0000,NaN,NaN,NaN,0
76.71,Negin,AUIT_Single,CBA,0.768,1.685,0.809,9.7,26.5,-2.197,1.378,13.812,NaN,NaN,NaN,World,Video Quad,33.3,NaN,13.340,NaN,1,0,CabinetD06,None,0,0,0,0,0.0000,NaN,NaN,NaN,0
76.80,Negin,AUIT_Single,CBA,0.761,1.697,0.849,11.5,24.2,-2.197,1.378,13.812,NaN,NaN,NaN,World,Video Quad,32.8,NaN,13.300,NaN,1,0,CabinetD06,None,0,0,0,0,0.0000,NaN,NaN,NaN,0
76.90,Negin,AUIT_Single,CBA,0.755,1.709,0.887,12.6,21.2,-2.197,1.378,13.812,NaN,NaN,NaN,World,Wall4m,31.8,NaN,13.262,NaN,1,0,CabinetD06,None,0,0,0,0,0.0000,NaN,NaN,NaN,0
77.01,Negin,AUIT_Single,CBA,0.753,1.715,0.926,15.3,19.4,-2.197,1.378,13.812,NaN,NaN,NaN,World,Wall4m,32.9,NaN,13.223,NaN,1,0,CabinetD06,None,0,0,0,0,0.0000,NaN,NaN,NaN,0
77.11,Negin,AUIT_Single,CBA,0.756,1.720,0.960,18.7,19.5,-2.197,1.378,13.812,NaN,NaN,NaN,World,Wall4m,35.8,NaN,13.192,NaN,1,0,CabinetD06,None,0,0,0,0,0.0000,NaN,NaN,NaN,0
77.21,Negin,AUIT_Single,CBA,0.762,1.721,0.993,21.0,18.8,-2.197,1.378,13.812,NaN,NaN,NaN,World,CabinetD05,37.5,NaN,13.161,NaN,1,0,CabinetD06,None,0,0,0,0,0.0000,NaN,NaN,NaN,0
77.30,Negin,AUIT_Single,CBA,0.771,1.720,1.025,22.1,18.8,-2.197,1.378,13.812,NaN,NaN,NaN,World,CabinetD05,38.6,NaN,13.132,NaN,1,0,CabinetD06,None,0,0,0,0,0.0000,NaN,NaN,NaN,0
77.40,Negin,AUIT_Single,CBA,0.782,1.715,1.053,21.3,19.1,-2.197,1.378,13.812,NaN,NaN,NaN,World,CabinetD05,38.0,NaN,13.107,NaN,1,0,CabinetD06,None,0,0,0,0,0.0000,NaN,NaN,NaN,0
77.51,Negin,AUIT_Single,CBA,0.801,1.716,1.084,19.6,18.5,-2.197,1.378,13.812,NaN,NaN,NaN,World,Video Quad,36.5,NaN,13.081,NaN,1,0,CabinetD06,None,0,0,0,0,0.0000,NaN,NaN,NaN,0
77.61,Negin,AUIT_Single,CBA,0.818,1.718,1.109,19.1,18.3,-2.197,1.378,13.812,NaN,NaN,NaN,World,CabinetD05,36.1,NaN,13.060,NaN,1,0,CabinetD05,None,0,0,0,0,0.0000,NaN,NaN,NaN,0
77.71,Negin,AUIT_Single,CBA,0.835,1.718,1.133,18.9,18.2,-2.197,1.378,13.812,NaN,NaN,NaN,World,CabinetD05,35.9,NaN,13.041,NaN,1,0,CabinetD05,None,0,0,0,0,0.0000,NaN,NaN,NaN,0
77.80,Negin,AUIT_Single,CBA,0.848,1.715,1.153,18.4,19.8,-2.197,1.378,13.812,NaN,NaN,NaN,World,CabinetD05,36.2,NaN,13.025,NaN,1,0,CabinetD05,None,0,0,0,0,0.0000,NaN,NaN,NaN,0
77.90,Negin,AUIT_Single,CBA,0.857,1.716,1.169,18.3,20.2,-2.197,1.378,13.812,NaN,NaN,NaN,World,CabinetD05,36.3,NaN,13.012,NaN,1,0,CabinetD05,None,0,0,0,0,0.0000,NaN,NaN,NaN,0
78.01,Negin,AUIT_Single,CBA,0.862,1.715,1.182,19.4,20.4,-2.197,1.378,13.812,NaN,NaN,NaN,World,CabinetD05,37.3,NaN,13.000,NaN,1,0,CabinetD05,None,0,0,0,0,0.0000,NaN,NaN,NaN,0
78.11,Negin,AUIT_Single,CBA,0.860,1.713,1.187,21.6,21.3,-2.197,1.378,13.812,NaN,NaN,NaN,World,CabinetD05Door,39.6,NaN,12.994,NaN,1,0,CabinetD05,None,0,0,0,0,0.0000,NaN,NaN,NaN,0
78.21,Negin,AUIT_Single,CBA,0.855,1.714,1.190,23.6,21.2,-2.197,1.378,13.812,NaN,NaN,NaN,World,CabinetD05Door,41.2,NaN,12.990,NaN,1,0,CabinetD05,None,0,0,0,0,0.0000,NaN,NaN,NaN,0
78.30,Negin,AUIT_Single,CBA,0.847,1.716,1.191,24.7,20.6,-2.197,1.378,13.812,NaN,NaN,NaN,World,CabinetD05Door,41.9,NaN,12.988,NaN,1,0,CabinetD05,None,0,0,0,0,0.0000,NaN,NaN,NaN,0
78.40,Negin,AUIT_Single,CBA,0.839,1.716,1.189,25.4,20.5,-2.197,1.378,13.812,NaN,NaN,NaN,World,CabinetD05Door,42.5,NaN,12.987,NaN,1,0,CabinetD05,None,0,0,0,0,0.0000,NaN,NaN,NaN,0
78.51,Negin,AUIT_Single,CBA,0.831,1.717,1.187,26.9,19.9,-2.197,1.378,13.812,NaN,NaN,NaN,World,CabinetD05Door,43.5,NaN,12.988,NaN,1,0,CabinetD05,None,0,0,0,0,0.0000,NaN,NaN,NaN,0
78.61,Negin,AUIT_Single,CBA,0.824,1.718,1.185,27.9,19.6,-2.197,1.378,13.812,NaN,NaN,NaN,World,CabinetD05Door,44.3,NaN,12.988,NaN,1,0,CabinetD05,None,0,0,0,0,0.0000,NaN,NaN,NaN,0
78.71,Negin,AUIT_Single,CBA,0.818,1.718,1.185,28.0,19.3,-2.197,1.378,13.812,NaN,NaN,NaN,World,CabinetD05Door,44.2,NaN,12.986,NaN,1,0,CabinetD05,None,0,0,0,0,0.0000,NaN,NaN,NaN,0
78.80,Negin,AUIT_Single,CBA,0.813,1.719,1.186,27.1,18.9,-2.197,1.378,13.812,NaN,NaN,NaN,World,CabinetD05Door,43.3,NaN,12.984,NaN,1,0,CabinetD05,None,0,0,0,0,0.0000,NaN,NaN,NaN,0
78.90,Negin,AUIT_Single,CBA,0.809,1.720,1.188,26.0,18.6,-2.197,1.378,13.812,NaN,NaN,NaN,World,CabinetD05Door,42.2,NaN,12.982,NaN,1,0,CabinetD05,None,0,0,0,0,0.0000,NaN,NaN,NaN,0
79.01,Negin,AUIT_Single,CBA,0.806,1.720,1.190,25.1,18.2,-2.197,1.378,13.812,NaN,NaN,NaN,World,CabinetD05Door,41.3,NaN,12.979,NaN,1,0,CabinetD05,None,0,0,0,0,0.0000,NaN,NaN,NaN,0
79.11,Negin,AUIT_Single,CBA,0.806,1.721,1.191,24.6,17.8,-2.197,1.378,13.812,NaN,NaN,NaN,World,CabinetD05,40.7,NaN,12.978,NaN,1,0,CabinetD05,None,0,0,0,0,0.0000,NaN,NaN,NaN,0
79.21,Negin,AUIT_Single,CBA,0.806,1.721,1.193,24.4,17.6,-2.197,1.378,13.812,NaN,NaN,NaN,World,Video Quad,40.5,NaN,12.976,NaN,1,0,CabinetD05,None,0,0,0,0,0.0000,NaN,NaN,NaN,0
79.30,Negin,AUIT_Single,CBA,0.806,1.722,1.194,24.4,17.2,-2.197,1.378,13.812,NaN,NaN,NaN,World,Video Quad,40.3,NaN,12.975,NaN,1,0,CabinetD05,None,0,0,0,0,0.0000,NaN,NaN,NaN,0
79.40,Negin,AUIT_Single,CBA,0.806,1.722,1.195,24.0,17.0,-2.197,1.378,13.812,NaN,NaN,NaN,World,Video Quad,39.9,NaN,12.974,NaN,1,0,CabinetD05,None,0,0,0,0,0.0000,NaN,NaN,NaN,0
79.51,Negin,AUIT_Single,CBA,0.805,1.722,1.196,23.4,16.6,-2.197,1.378,13.812,NaN,NaN,NaN,World,Video Quad,39.2,NaN,12.973,NaN,1,0,CabinetD05,None,0,0,0,0,0.0000,NaN,NaN,NaN,0
79.61,Negin,AUIT_Single,CBA,0.804,1.722,1.196,22.9,16.2,-2.197,1.378,13.812,NaN,NaN,NaN,World,Video Quad,38.6,NaN,12.973,NaN,1,0,CabinetD05,None,0,0,0,0,0.0000,NaN,NaN,NaN,0
79.71,Negin,AUIT_Single,CBA,0.804,1.722,1.196,22.6,15.9,-2.197,1.378,13.812,NaN,NaN,NaN,World,Video Quad,38.2,NaN,12.973,NaN,1,0,CabinetD05,None,0,0,0,0,0.0000,NaN,NaN,NaN,0
79.80,Negin,AUIT_Single,CBA,0.805,1.723,1.195,22.4,15.6,-2.197,1.378,13.812,NaN,NaN,NaN,World,Video Quad,38.0,NaN,12.974,NaN,1,0,CabinetD05,None,0,0,0,0,0.0000,NaN,NaN,NaN,0
79.90,Negin,AUIT_Single,CBA,0.805,1.723,1.194,22.4,15.3,-2.197,1.378,13.812,NaN,NaN,NaN,World,Video Quad,37.9,NaN,12.975,NaN,1,0,CabinetD05,None,0,0,0,0,0.0000,NaN,NaN,NaN,0
80.01,Negin,AUIT_Single,CBA,0.806,1.722,1.192,22.5,15.2,-2.197,1.378,13.812,NaN,NaN,NaN,World,Video Quad,38.0,NaN,12.977,NaN,1,0,CabinetD05,None,0,0,0,0,0.0000,NaN,NaN,NaN,0
80.11,Negin,AUIT_Single,CBA,0.807,1.722,1.191,22.5,15.0,-2.197,1.378,13.812,NaN,NaN,NaN,World,Video Quad,37.9,NaN,12.978,NaN,1,0,CabinetD05,None,0,0,0,0,0.0000,NaN,NaN,NaN,0
80.21,Negin,AUIT_Single,CBA,0.807,1.722,1.189,22.4,15.0,-2.197,1.378,13.812,NaN,NaN,NaN,World,Video Quad,37.8,NaN,12.980,NaN,1,0,CabinetD05,None,0,0,0,0,0.0000,NaN,NaN,NaN,0
80.30,Negin,AUIT_Single,CBA,0.808,1.722,1.188,22.4,14.8,-2.197,1.378,13.812,NaN,NaN,NaN,World,Video Quad,37.7,NaN,12.982,NaN,1,0,CabinetD05,None,0,0,0,0,0.0000,NaN,NaN,NaN,0
80.40,Negin,AUIT_Single,CBA,0.810,1.722,1.186,22.4,14.5,-2.197,1.378,13.812,NaN,NaN,NaN,World,Video Quad,37.6,NaN,12.984,NaN,1,0,CabinetD05,None,0,0,0,0,0.0000,NaN,NaN,NaN,0
80.51,Negin,AUIT_Single,CBA,0.811,1.726,1.185,22.6,13.0,-2.197,1.378,13.812,NaN,NaN,NaN,World,Video Quad,37.5,NaN,12.985,NaN,1,0,CabinetD05,None,0,0,0,0,0.0000,NaN,NaN,NaN,0
80.61,Negin,AUIT_Single,CBA,0.812,1.733,1.187,23.3,9.7,-2.197,1.378,13.812,NaN,NaN,NaN,World,Video Quad,37.4,NaN,12.984,NaN,1,0,CabinetD05,None,0,0,0,0,0.0000,NaN,NaN,NaN,0
80.71,Negin,AUIT_Single,CBA,0.813,1.741,1.189,23.7,6.0,-2.197,1.378,13.812,NaN,NaN,NaN,World,Video Quad,37.2,NaN,12.982,NaN,1,0,CabinetD05,None,0,0,0,0,0.0000,NaN,NaN,NaN,0
80.80,Negin,AUIT_Single,CBA,0.812,1.748,1.191,23.7,2.6,-2.197,1.378,13.812,NaN,NaN,NaN,World,Video Quad,37.1,NaN,12.980,NaN,1,0,CabinetD05,None,0,0,0,0,0.0000,NaN,NaN,NaN,0
80.90,Negin,AUIT_Single,CBA,0.812,1.755,1.194,23.4,358.7,-2.197,1.378,13.812,NaN,NaN,NaN,World,CabinetD05,36.9,NaN,12.978,NaN,1,0,CabinetD05,None,0,0,0,0,0.0000,NaN,NaN,NaN,0
81.01,Negin,AUIT_Single,CBA,0.809,1.759,1.196,22.4,357.0,-2.197,1.378,13.812,NaN,NaN,NaN,World,CabinetD05,36.1,NaN,12.975,NaN,1,0,CabinetD05,None,0,0,0,0,0.0000,NaN,NaN,NaN,0
81.11,Negin,AUIT_Single,CBA,0.806,1.760,1.197,21.7,357.0,-2.197,1.378,13.812,NaN,NaN,NaN,World,CabinetD05,35.4,NaN,12.974,NaN,1,0,CabinetD05,None,0,0,0,0,0.0000,NaN,NaN,NaN,0
81.21,Negin,AUIT_Single,CBA,0.802,1.759,1.196,21.4,358.3,-2.197,1.378,13.812,NaN,NaN,NaN,World,CabinetD05,34.9,NaN,12.973,NaN,1,0,CabinetD05,None,0,0,0,0,0.0000,NaN,NaN,NaN,0
81.30,Negin,AUIT_Single,CBA,0.796,1.757,1.194,22.1,359.3,-2.197,1.378,13.812,NaN,NaN,NaN,World,CabinetD05,35.5,NaN,12.974,NaN,1,0,CabinetD05,None,0,0,0,0,0.0000,NaN,NaN,NaN,0
81.40,Negin,AUIT_Single,CBA,0.791,1.756,1.190,23.3,360.0,-2.197,1.378,13.812,NaN,NaN,NaN,World,CabinetD05,36.6,NaN,12.977,NaN,1,0,CabinetD05,None,0,0,0,0,0.0000,NaN,NaN,NaN,0
81.51,Negin,AUIT_Single,CBA,0.783,1.754,1.183,25.0,0.7,-2.197,1.378,13.812,NaN,NaN,NaN,World,CabinetD05,38.3,NaN,12.982,NaN,1,0,CabinetD05,None,0,0,0,0,0.0000,NaN,NaN,NaN,0
81.61,Negin,AUIT_Single,CBA,0.776,1.753,1.175,26.8,0.9,-2.197,1.378,13.812,NaN,NaN,NaN,World,CabinetD05Door,40.1,NaN,12.987,NaN,1,0,CabinetD06,None,0,0,0,0,0.0000,NaN,NaN,NaN,0
81.71,Negin,AUIT_Single,CBA,0.768,1.751,1.168,28.1,0.6,-2.197,1.378,13.812,NaN,NaN,NaN,World,CabinetD05Door,41.3,NaN,12.993,NaN,1,0,CabinetD06,None,0,0,0,0,0.0000,NaN,NaN,NaN,0
81.80,Negin,AUIT_Single,CBA,0.759,1.747,1.162,29.1,0.3,-2.197,1.378,13.812,NaN,NaN,NaN,World,Video Quad,42.3,NaN,12.997,NaN,1,0,CabinetD06,None,0,0,0,0,0.0000,NaN,NaN,NaN,0
81.90,Negin,AUIT_Single,CBA,0.752,1.744,1.156,29.8,0.3,-2.197,1.378,13.812,NaN,NaN,NaN,World,Video Quad,42.9,NaN,13.000,NaN,1,0,CabinetD06,None,0,0,0,0,0.0000,NaN,NaN,NaN,0
82.01,Negin,AUIT_Single,CBA,0.747,1.740,1.150,30.7,1.1,-2.197,1.378,13.812,NaN,NaN,NaN,World,Video Quad,43.8,NaN,13.005,NaN,1,0,CabinetD06,None,0,0,0,0,0.0000,NaN,NaN,NaN,0
82.11,Negin,AUIT_Single,CBA,0.745,1.739,1.143,31.8,2.1,-2.197,1.378,13.812,NaN,NaN,NaN,World,Video Quad,44.8,NaN,13.012,NaN,1,0,CabinetD06,None,0,0,0,0,0.0000,NaN,NaN,NaN,0
82.21,Negin,AUIT_Single,CBA,0.743,1.742,1.137,31.7,1.0,-2.197,1.378,13.812,NaN,NaN,NaN,World,Video Quad,44.7,NaN,13.017,NaN,1,0,CabinetD06,None,0,0,0,0,0.0000,NaN,NaN,NaN,0
82.30,Negin,AUIT_Single,CBA,0.744,1.744,1.132,30.5,0.4,-2.197,1.378,13.812,NaN,NaN,NaN,World,Video Quad,43.5,NaN,13.022,NaN,1,0,CabinetD06,None,0,0,0,0,0.0000,NaN,NaN,NaN,0
82.40,Negin,AUIT_Single,CBA,0.747,1.745,1.126,28.9,0.3,-2.197,1.378,13.812,NaN,NaN,NaN,World,Video Quad,42.0,NaN,13.028,NaN,1,0,CabinetD06,None,0,0,0,0,0.0000,NaN,NaN,NaN,0
82.51,Negin,AUIT_Single,CBA,0.755,1.747,1.119,27.0,359.9,-2.197,1.378,13.812,NaN,NaN,NaN,World,Video Quad,40.1,NaN,13.037,NaN,1,0,CabinetD06,None,0,0,0,0,0.0000,NaN,NaN,NaN,0
82.61,Negin,AUIT_Single,CBA,0.764,1.749,1.111,25.1,0.2,-2.197,1.378,13.812,NaN,NaN,NaN,World,Video Quad,38.2,NaN,13.047,NaN,1,0,CabinetD06,None,0,0,0,0,0.0000,NaN,NaN,NaN,0
82.71,Negin,AUIT_Single,CBA,0.773,1.753,1.103,23.1,359.6,-2.197,1.378,13.812,NaN,NaN,NaN,World,CabinetD05,36.3,NaN,13.057,NaN,1,0,CabinetD06,None,0,0,0,0,0.0000,NaN,NaN,NaN,0
82.80,Negin,AUIT_Single,CBA,0.781,1.752,1.092,21.3,359.9,-2.197,1.378,13.812,NaN,NaN,NaN,World,Video Quad,34.5,NaN,13.070,NaN,1,0,CabinetD06,None,0,0,0,0,0.0000,NaN,NaN,NaN,0
82.90,Negin,AUIT_Single,CBA,0.788,1.753,1.080,19.1,359.6,-2.197,1.378,13.812,NaN,NaN,NaN,World,Video Quad,32.4,NaN,13.083,NaN,1,0,CabinetD06,None,0,0,0,0,0.0000,NaN,NaN,NaN,0
83.01,Negin,AUIT_Single,CBA,0.797,1.754,1.071,17.0,357.6,-2.197,1.378,13.812,NaN,NaN,NaN,World,CabinetD05,30.5,NaN,13.094,NaN,1,0,CabinetD06,None,0,0,0,0,0.0000,NaN,NaN,NaN,0
83.11,Negin,AUIT_Single,CBA,0.804,1.750,1.067,16.3,357.2,-2.197,1.378,13.812,NaN,NaN,NaN,World,CabinetD05,29.8,NaN,13.099,NaN,1,0,CabinetD06,None,0,0,0,0,0.0000,NaN,NaN,NaN,0
83.21,Negin,AUIT_Single,CBA,0.809,1.746,1.063,15.2,358.7,-2.197,1.378,13.812,NaN,NaN,NaN,World,Video Quad,28.6,NaN,13.104,NaN,1,0,CabinetD06,None,0,0,0,0,0.0000,NaN,NaN,NaN,0
83.30,Negin,AUIT_Single,CBA,0.811,1.747,1.057,14.9,359.7,-2.197,1.378,13.812,NaN,NaN,NaN,World,Video Quad,28.3,NaN,13.110,NaN,1,0,CabinetD05,None,0,0,0,0,0.0000,NaN,NaN,NaN,0
83.40,Negin,AUIT_Single,CBA,0.810,1.750,1.053,15.2,358.2,-2.197,1.378,13.812,NaN,NaN,NaN,World,CabinetD05,28.7,NaN,13.114,NaN,1,0,CabinetD06,None,0,0,0,0,0.0000,NaN,NaN,NaN,0
83.51,Negin,AUIT_Single,CBA,0.805,1.756,1.050,15.7,357.6,-2.197,1.378,13.812,NaN,NaN,NaN,World,CabinetD05,29.2,NaN,13.116,NaN,1,0,CabinetD06,None,0,0,0,0,0.0000,NaN,NaN,NaN,0
83.61,Negin,AUIT_Single,CBA,0.799,1.760,1.048,16.1,356.8,-2.197,1.378,13.812,NaN,NaN,NaN,World,CabinetD05,29.7,NaN,13.117,NaN,1,0,CabinetD06,None,0,0,0,0,0.0000,NaN,NaN,NaN,0
83.71,Negin,AUIT_Single,CBA,0.793,1.761,1.046,15.8,356.1,-2.197,1.378,13.812,NaN,NaN,NaN,World,CabinetD05,29.5,NaN,13.117,NaN,1,0,CabinetD06,None,0,0,0,0,0.0000,NaN,NaN,NaN,0
83.80,Negin,AUIT_Single,CBA,0.789,1.761,1.045,15.9,356.0,-2.197,1.378,13.812,NaN,NaN,NaN,World,CabinetD05,29.6,NaN,13.117,NaN,1,0,CabinetD06,None,0,0,0,0,0.0000,NaN,NaN,NaN,0
83.90,Negin,AUIT_Single,CBA,0.787,1.764,1.046,16.9,355.2,-2.197,1.378,13.812,NaN,NaN,NaN,World,CabinetD05,30.8,NaN,13.116,NaN,1,0,CabinetD06,None,0,0,0,0,0.0000,NaN,NaN,NaN,0
84.01,Negin,AUIT_Single,CBA,0.785,1.763,1.047,18.5,354.9,-2.197,1.378,13.812,NaN,NaN,NaN,World,CabinetD05,32.3,NaN,13.115,NaN,1,0,CabinetD06,None,0,0,0,0,0.0000,NaN,NaN,NaN,0
84.11,Negin,AUIT_Single,CBA,0.784,1.764,1.048,19.5,354.7,-2.197,1.378,13.812,NaN,NaN,NaN,World,CabinetD05,33.4,NaN,13.114,NaN,1,0,CabinetD06,None,0,0,0,0,0.0000,NaN,NaN,NaN,0
84.21,Negin,AUIT_Single,CBA,0.782,1.764,1.050,20.3,354.4,-2.197,1.378,13.812,NaN,NaN,NaN,World,CabinetD05,34.2,NaN,13.111,NaN,1,0,CabinetD06,None,0,0,0,0,0.0000,NaN,NaN,NaN,0
84.30,Negin,AUIT_Single,CBA,0.780,1.763,1.052,20.4,354.6,-2.197,1.378,13.812,NaN,NaN,NaN,World,CabinetD05,34.2,NaN,13.108,NaN,1,0,CabinetD06,None,0,0,0,0,0.0000,NaN,NaN,NaN,0
84.40,Negin,AUIT_Single,CBA,0.779,1.763,1.055,20.6,354.6,-2.197,1.378,13.812,NaN,NaN,NaN,World,CabinetD05,34.4,NaN,13.106,NaN,1,0,CabinetD06,None,0,0,0,0,0.0000,NaN,NaN,NaN,0
84.51,Negin,AUIT_Single,CBA,0.779,1.763,1.057,21.0,354.8,-2.197,1.378,13.812,NaN,NaN,NaN,World,CabinetD05,34.8,NaN,13.104,NaN,1,0,CabinetD06,None,0,0,0,0,0.0000,NaN,NaN,NaN,0
84.61,Negin,AUIT_Single,CBA,0.779,1.762,1.057,21.4,355.0,-2.197,1.378,13.812,NaN,NaN,NaN,World,CabinetD05,35.1,NaN,13.103,NaN,1,0,CabinetD06,None,0,0,0,0,0.0000,NaN,NaN,NaN,0
84.71,Negin,AUIT_Single,CBA,0.780,1.762,1.056,21.6,355.0,-2.197,1.378,13.812,NaN,NaN,NaN,World,CabinetD05,35.4,NaN,13.104,NaN,1,0,CabinetD06,None,0,0,0,0,0.0000,NaN,NaN,NaN,0
84.80,Negin,AUIT_Single,CBA,0.779,1.762,1.055,21.2,354.8,-2.197,1.378,13.812,NaN,NaN,NaN,World,CabinetD05,35.0,NaN,13.105,NaN,1,0,CabinetD06,None,0,0,0,0,0.0000,NaN,NaN,NaN,0
84.90,Negin,AUIT_Single,CBA,0.780,1.762,1.054,21.1,354.7,-2.197,1.378,13.812,NaN,NaN,NaN,World,CabinetD05,34.9,NaN,13.107,NaN,1,0,CabinetD06,None,0,0,0,0,0.0000,NaN,NaN,NaN,0
85.01,Negin,AUIT_Single,CBA,0.781,1.762,1.053,21.0,354.5,-2.197,1.378,13.812,NaN,NaN,NaN,World,CabinetD05,34.8,NaN,13.108,NaN,1,0,CabinetD06,None,0,0,0,0,0.0000,NaN,NaN,NaN,0
85.11,Negin,AUIT_Single,CBA,0.780,1.762,1.052,20.7,354.2,-2.197,1.378,13.812,NaN,NaN,NaN,World,CabinetD05,34.6,NaN,13.108,NaN,1,0,CabinetD06,None,0,0,0,0,0.0000,NaN,NaN,NaN,0
85.21,Negin,AUIT_Single,CBA,0.778,1.762,1.053,20.1,354.1,-2.197,1.378,13.812,NaN,NaN,NaN,World,CabinetD05,34.0,NaN,13.107,NaN,1,0,CabinetD06,None,0,0,0,0,0.0000,NaN,NaN,NaN,0
85.30,Negin,AUIT_Single,CBA,0.776,1.762,1.054,19.7,354.2,-2.197,1.378,13.812,NaN,NaN,NaN,World,CabinetD05,33.6,NaN,13.106,NaN,1,0,CabinetD06,None,0,0,0,0,0.0000,NaN,NaN,NaN,0
85.40,Negin,AUIT_Single,CBA,0.775,1.762,1.053,19.8,354.2,-2.197,1.378,13.812,NaN,NaN,NaN,World,CabinetD05,33.7,NaN,13.106,NaN,1,0,CabinetD06,None,0,0,0,0,0.0000,NaN,NaN,NaN,0
85.51,Negin,AUIT_Single,CBA,0.775,1.762,1.053,20.4,354.2,-2.197,1.378,13.812,NaN,NaN,NaN,World,CabinetD05,34.3,NaN,13.106,NaN,1,0,CabinetD06,None,0,0,0,0,0.0000,NaN,NaN,NaN,0
85.61,Negin,AUIT_Single,CBA,0.774,1.762,1.053,20.7,354.1,-2.197,1.378,13.812,NaN,NaN,NaN,World,CabinetD05,34.6,NaN,13.106,NaN,1,0,CabinetD06,None,0,0,0,0,0.0000,NaN,NaN,NaN,0
85.71,Negin,AUIT_Single,CBA,0.773,1.762,1.053,20.6,354.1,-2.197,1.378,13.812,NaN,NaN,NaN,World,CabinetD05,34.5,NaN,13.106,NaN,1,0,CabinetD06,None,0,0,0,0,0.0000,NaN,NaN,NaN,0
85.80,Negin,AUIT_Single,CBA,0.772,1.762,1.054,20.2,354.2,-2.197,1.378,13.812,NaN,NaN,NaN,World,CabinetD05,34.1,NaN,13.105,NaN,1,0,CabinetD06,None,0,0,0,0,0.0000,NaN,NaN,NaN,0
85.90,Negin,AUIT_Single,CBA,0.771,1.762,1.054,19.9,354.1,-2.197,1.378,13.812,NaN,NaN,NaN,World,CabinetD05,33.8,NaN,13.105,NaN,1,0,CabinetD06,None,0,0,0,0,0.0000,NaN,NaN,NaN,0
86.01,Negin,AUIT_Single,CBA,0.771,1.762,1.054,19.7,354.1,-2.197,1.378,13.812,NaN,NaN,NaN,World,CabinetD05,33.6,NaN,13.104,NaN,1,0,CabinetD06,None,0,0,0,0,0.0000,NaN,NaN,NaN,0
86.11,Negin,AUIT_Single,CBA,0.770,1.762,1.054,19.5,354.1,-2.197,1.378,13.812,NaN,NaN,NaN,World,CabinetD05,33.4,NaN,13.104,NaN,1,0,CabinetD06,None,0,0,0,0,0.0000,NaN,NaN,NaN,0
86.21,Negin,AUIT_Single,CBA,0.770,1.762,1.055,19.3,354.2,-2.197,1.378,13.812,NaN,NaN,NaN,World,CabinetD05,33.2,NaN,13.103,NaN,1,0,CabinetD06,None,0,0,0,0,0.0000,NaN,NaN,NaN,0
86.30,Negin,AUIT_Single,CBA,0.769,1.762,1.055,19.0,354.1,-2.197,1.378,13.812,NaN,NaN,NaN,World,CabinetD05,33.0,NaN,13.103,NaN,1,0,CabinetD06,None,0,0,0,0,0.0000,NaN,NaN,NaN,0
86.40,Negin,AUIT_Single,CBA,0.770,1.762,1.056,18.8,354.2,-2.197,1.378,13.812,NaN,NaN,NaN,World,CabinetD05,32.7,NaN,13.103,NaN,1,0,CabinetD06,None,0,0,0,0,0.0000,NaN,NaN,NaN,0
86.51,Negin,AUIT_Single,CBA,0.771,1.763,1.055,18.7,354.3,-2.197,1.378,13.812,NaN,NaN,NaN,World,CabinetD05,32.6,NaN,13.103,NaN,1,0,CabinetD06,None,0,0,0,0,0.0000,NaN,NaN,NaN,0
86.61,Negin,AUIT_Single,CBA,0.772,1.762,1.055,18.7,354.3,-2.197,1.378,13.812,NaN,NaN,NaN,World,CabinetD05,32.6,NaN,13.103,NaN,1,0,CabinetD06,None,0,0,0,0,0.0000,NaN,NaN,NaN,0
86.71,Negin,AUIT_Single,CBA,0.773,1.762,1.055,18.6,354.3,-2.197,1.378,13.812,NaN,NaN,NaN,World,CabinetD05,32.5,NaN,13.104,NaN,1,0,CabinetD06,None,0,0,0,0,0.0000,NaN,NaN,NaN,0
86.80,Negin,AUIT_Single,CBA,0.774,1.762,1.056,18.7,354.3,-2.197,1.378,13.812,NaN,NaN,NaN,World,CabinetD05,32.6,NaN,13.103,NaN,1,0,CabinetD06,None,0,0,0,0,0.0000,NaN,NaN,NaN,0
86.90,Negin,AUIT_Single,CBA,0.775,1.762,1.057,18.7,354.4,-2.197,1.378,13.812,NaN,NaN,NaN,World,CabinetD05,32.6,NaN,13.103,NaN,1,0,CabinetD06,None,0,0,0,0,0.0000,NaN,NaN,NaN,0
87.01,Negin,AUIT_Single,CBA,0.776,1.762,1.057,18.8,354.4,-2.197,1.378,13.812,NaN,NaN,NaN,World,CabinetD05,32.7,NaN,13.102,NaN,1,0,CabinetD06,None,0,0,0,0,0.0000,NaN,NaN,NaN,0
87.11,Negin,AUIT_Single,CBA,0.778,1.762,1.059,18.9,354.4,-2.197,1.378,13.812,NaN,NaN,NaN,World,CabinetD05,32.8,NaN,13.101,NaN,1,0,CabinetD06,None,0,0,0,0,0.0000,NaN,NaN,NaN,0
87.21,Negin,AUIT_Single,CBA,0.779,1.762,1.060,19.0,354.5,-2.197,1.378,13.812,NaN,NaN,NaN,World,CabinetD05,32.9,NaN,13.100,NaN,1,0,CabinetD06,None,0,0,0,0,0.0000,NaN,NaN,NaN,0
87.30,Negin,AUIT_Single,CBA,0.781,1.762,1.062,19.1,354.6,-2.197,1.378,13.812,NaN,NaN,NaN,World,CabinetD05,33.0,NaN,13.099,NaN,1,0,CabinetD06,None,0,0,0,0,0.0000,NaN,NaN,NaN,0
87.40,Negin,AUIT_Single,CBA,0.782,1.762,1.063,19.2,354.7,-2.197,1.378,13.812,NaN,NaN,NaN,World,CabinetD05,33.0,NaN,13.098,NaN,1,0,CabinetD06,None,0,0,0,0,0.0000,NaN,NaN,NaN,0
87.51,Negin,AUIT_Single,CBA,0.783,1.761,1.066,19.2,354.9,-2.197,1.378,13.812,NaN,NaN,NaN,World,CabinetD05,33.0,NaN,13.096,NaN,1,0,CabinetD06,None,0,0,0,0,0.0000,NaN,NaN,NaN,0
87.61,Negin,AUIT_Single,CBA,0.783,1.761,1.068,19.1,355.1,-2.197,1.378,13.812,NaN,NaN,NaN,World,CabinetD05,32.9,NaN,13.094,NaN,1,0,CabinetD06,None,0,0,0,0,0.0000,NaN,NaN,NaN,0
87.71,Negin,AUIT_Single,CBA,0.783,1.760,1.070,18.8,355.4,-2.197,1.378,13.812,NaN,NaN,NaN,World,CabinetD05,32.5,NaN,13.092,NaN,1,0,CabinetD06,None,0,0,0,0,0.0000,NaN,NaN,NaN,0
87.80,Negin,AUIT_Single,CBA,0.782,1.760,1.071,18.6,355.6,-2.197,1.378,13.812,NaN,NaN,NaN,World,CabinetD05,32.4,NaN,13.090,NaN,1,0,CabinetD06,None,0,0,0,0,0.0000,NaN,NaN,NaN,0
87.90,Negin,AUIT_Single,CBA,0.782,1.760,1.072,18.7,355.8,-2.197,1.378,13.812,NaN,NaN,NaN,World,CabinetD05,32.4,NaN,13.090,NaN,1,0,CabinetD06,None,0,0,0,0,0.0000,NaN,NaN,NaN,0
88.01,Negin,AUIT_Single,CBA,0.782,1.760,1.072,18.8,355.7,-2.197,1.378,13.812,NaN,NaN,NaN,World,CabinetD05,32.5,NaN,13.090,NaN,1,0,CabinetD06,None,0,0,0,0,0.0000,NaN,NaN,NaN,0
88.11,Negin,AUIT_Single,CBA,0.781,1.760,1.072,18.9,355.7,-2.197,1.378,13.812,NaN,NaN,NaN,World,CabinetD05,32.6,NaN,13.089,NaN,1,0,CabinetD06,None,0,0,0,0,0.0000,NaN,NaN,NaN,0
88.21,Negin,AUIT_Single,CBA,0.781,1.759,1.072,18.7,355.8,-2.197,1.378,13.812,NaN,NaN,NaN,World,CabinetD05,32.4,NaN,13.089,NaN,1,0,CabinetD06,None,0,0,0,0,0.0000,NaN,NaN,NaN,0
88.30,Negin,AUIT_Single,CBA,0.780,1.759,1.072,18.7,355.8,-2.197,1.378,13.812,NaN,NaN,NaN,World,CabinetD05,32.4,NaN,13.089,NaN,1,0,CabinetD06,None,0,0,0,0,0.0000,NaN,NaN,NaN,0
88.40,Negin,AUIT_Single,CBA,0.780,1.759,1.071,18.9,355.8,-2.197,1.378,13.812,NaN,NaN,NaN,World,CabinetD05,32.6,NaN,13.090,NaN,1,0,CabinetD06,None,0,0,0,0,0.0000,NaN,NaN,NaN,0
88.51,Negin,AUIT_Single,CBA,0.781,1.759,1.071,19.2,356.0,-2.197,1.378,13.812,NaN,NaN,NaN,World,CabinetD05,32.8,NaN,13.090,NaN,1,0,CabinetD06,None,0,0,0,0,0.0000,NaN,NaN,NaN,0
88.61,Negin,AUIT_Single,CBA,0.781,1.759,1.071,19.4,356.3,-2.197,1.378,13.812,NaN,NaN,NaN,World,CabinetD05,33.0,NaN,13.090,NaN,1,0,CabinetD06,None,0,0,0,0,0.0000,NaN,NaN,NaN,0
88.71,Negin,AUIT_Single,CBA,0.782,1.759,1.071,19.6,356.5,-2.197,1.378,13.812,NaN,NaN,NaN,World,CabinetD05,33.1,NaN,13.090,NaN,1,0,CabinetD06,None,0,0,0,0,0.0000,NaN,NaN,NaN,0
88.80,Negin,AUIT_Single,CBA,0.782,1.759,1.071,19.6,356.5,-2.197,1.378,13.812,NaN,NaN,NaN,World,CabinetD05,33.2,NaN,13.091,NaN,1,0,CabinetD06,None,0,0,0,0,0.0000,NaN,NaN,NaN,0
88.90,Negin,AUIT_Single,CBA,0.782,1.758,1.070,19.6,356.5,-2.197,1.378,13.812,NaN,NaN,NaN,World,CabinetD05,33.1,NaN,13.091,NaN,1,0,CabinetD06,None,0,0,0,0,0.0000,NaN,NaN,NaN,0
89.01,Negin,AUIT_Single,CBA,0.782,1.758,1.070,19.5,356.6,-2.197,1.378,13.812,NaN,NaN,NaN,World,CabinetD05,33.1,NaN,13.091,NaN,1,0,CabinetD06,None,0,0,0,0,0.0000,NaN,NaN,NaN,0
89.11,Negin,AUIT_Single,CBA,0.782,1.758,1.069,19.5,356.7,-2.197,1.378,13.812,NaN,NaN,NaN,World,CabinetD05,33.0,NaN,13.092,NaN,1,0,CabinetD06,None,0,0,0,0,0.0000,NaN,NaN,NaN,0
89.21,Negin,AUIT_Single,CBA,0.782,1.758,1.069,19.5,356.8,-2.197,1.378,13.812,NaN,NaN,NaN,World,CabinetD05,33.0,NaN,13.092,NaN,1,0,CabinetD06,None,0,0,0,0,0.0000,NaN,NaN,NaN,0
89.30,Negin,AUIT_Single,CBA,0.782,1.758,1.068,19.5,357.2,-2.197,1.378,13.812,NaN,NaN,NaN,World,CabinetD05,33.0,NaN,13.093,NaN,1,0,CabinetD06,None,0,0,0,0,0.0000,NaN,NaN,NaN,0
89.40,Negin,AUIT_Single,CBA,0.782,1.757,1.068,19.4,357.9,-2.197,1.378,13.812,NaN,NaN,NaN,World,CabinetD05,32.8,NaN,13.094,NaN,1,0,CabinetD06,None,0,0,0,0,0.0000,NaN,NaN,NaN,0
89.51,Negin,AUIT_Single,CBA,0.781,1.755,1.067,19.4,358.9,-2.197,1.378,13.812,NaN,NaN,NaN,World,CabinetD05,32.7,NaN,13.094,NaN,1,0,CabinetD06,None,0,0,0,0,0.0000,NaN,NaN,NaN,0
89.61,Negin,AUIT_Single,CBA,0.780,1.755,1.066,19.5,358.9,-2.197,1.378,13.812,NaN,NaN,NaN,World,CabinetD05,32.7,NaN,13.094,NaN,1,0,CabinetD06,None,0,0,0,0,0.0000,NaN,NaN,NaN,0
89.71,Negin,AUIT_Single,CBA,0.779,1.755,1.066,19.6,358.9,-2.197,1.378,13.812,NaN,NaN,NaN,World,CabinetD05,32.8,NaN,13.095,NaN,1,0,CabinetD06,None,0,0,0,0,0.0000,NaN,NaN,NaN,0
89.80,Negin,AUIT_Single,CBA,0.778,1.755,1.066,19.5,358.8,-2.197,1.378,13.812,NaN,NaN,NaN,World,CabinetD05,32.8,NaN,13.095,NaN,1,0,CabinetD06,None,0,0,0,0,0.0000,NaN,NaN,NaN,0
89.90,Negin,AUIT_Single,CBA,0.777,1.755,1.066,19.5,358.9,-2.197,1.378,13.812,NaN,NaN,NaN,World,CabinetD05,32.7,NaN,13.094,NaN,1,0,CabinetD06,None,0,0,0,0,0.0000,NaN,NaN,NaN,0
90.01,Negin,AUIT_Single,CBA,0.776,1.755,1.066,19.2,358.9,-2.197,1.378,13.812,NaN,NaN,NaN,World,CabinetD05,32.5,NaN,13.094,NaN,1,0,CabinetD06,None,0,0,0,0,0.0000,NaN,NaN,NaN,0
90.11,Negin,AUIT_Single,CBA,0.775,1.755,1.066,19.2,359.2,-2.197,1.378,13.812,NaN,NaN,NaN,World,Video Quad,32.4,NaN,13.093,NaN,1,0,CabinetD06,None,0,0,0,0,0.0000,NaN,NaN,NaN,0
90.21,Negin,AUIT_Single,CBA,0.774,1.754,1.066,19.2,359.4,-2.197,1.378,13.812,NaN,NaN,NaN,World,Video Quad,32.4,NaN,13.094,NaN,1,0,CabinetD06,None,0,0,0,0,0.0000,NaN,NaN,NaN,0
90.30,Negin,AUIT_Single,CBA,0.773,1.755,1.065,19.0,359.2,-2.197,1.378,13.812,NaN,NaN,NaN,World,Video Quad,32.3,NaN,13.094,NaN,1,0,CabinetD06,None,0,0,0,0,0.0000,NaN,NaN,NaN,0
90.40,Negin,AUIT_Single,CBA,0.772,1.755,1.065,18.7,359.1,-2.197,1.378,13.812,NaN,NaN,NaN,World,Video Quad,31.9,NaN,13.094,NaN,1,0,CabinetD06,None,0,0,0,0,0.0000,NaN,NaN,NaN,0
90.51,Negin,AUIT_Single,CBA,0.771,1.755,1.065,18.5,359.0,-2.197,1.378,13.812,NaN,NaN,NaN,World,Video Quad,31.8,NaN,13.094,NaN,1,0,CabinetD06,None,0,0,0,0,0.0000,NaN,NaN,NaN,0
90.61,Negin,AUIT_Single,CBA,0.771,1.755,1.065,18.5,359.0,-2.197,1.378,13.812,NaN,NaN,NaN,World,CabinetD05,31.7,NaN,13.094,NaN,1,0,CabinetD06,None,0,0,0,0,0.0000,NaN,NaN,NaN,0
90.71,Negin,AUIT_Single,CBA,0.771,1.755,1.065,18.4,359.0,-2.197,1.378,13.812,NaN,NaN,NaN,World,Video Quad,31.6,NaN,13.093,NaN,1,0,CabinetD06,None,0,0,0,0,0.0000,NaN,NaN,NaN,0
90.80,Negin,AUIT_Single,CBA,0.771,1.755,1.066,18.3,359.0,-2.197,1.378,13.812,NaN,NaN,NaN,World,Video Quad,31.5,NaN,13.093,NaN,1,0,CabinetD06,None,0,0,0,0,0.0000,NaN,NaN,NaN,0
90.90,Negin,AUIT_Single,CBA,0.771,1.754,1.067,18.1,359.1,-2.197,1.378,13.812,NaN,NaN,NaN,World,Video Quad,31.3,NaN,13.092,NaN,1,0,CabinetD06,None,0,0,0,0,0.0000,NaN,NaN,NaN,0
91.01,Negin,AUIT_Single,CBA,0.772,1.754,1.068,17.9,359.3,-2.197,1.378,13.812,NaN,NaN,NaN,World,Video Quad,31.1,NaN,13.091,NaN,1,0,CabinetD06,None,0,0,0,0,0.0000,NaN,NaN,NaN,0
91.11,Negin,AUIT_Single,CBA,0.772,1.754,1.068,17.8,359.4,-2.197,1.378,13.812,NaN,NaN,NaN,World,Video Quad,31.0,NaN,13.091,NaN,1,0,CabinetD06,None,0,0,0,0,0.0000,NaN,NaN,NaN,0
91.21,Negin,AUIT_Single,CBA,0.774,1.754,1.069,18.1,359.3,-2.197,1.378,13.812,NaN,NaN,NaN,World,Video Quad,31.3,NaN,13.090,NaN,1,0,CabinetD06,None,0,0,0,0,0.0000,NaN,NaN,NaN,0
91.30,Negin,AUIT_Single,CBA,0.775,1.754,1.069,18.1,359.5,-2.197,1.378,13.812,NaN,NaN,NaN,World,Video Quad,31.3,NaN,13.090,NaN,1,0,CabinetD06,None,0,0,0,0,0.0000,NaN,NaN,NaN,0
91.40,Negin,AUIT_Single,CBA,0.775,1.754,1.070,18.1,359.6,-2.197,1.378,13.812,NaN,NaN,NaN,World,Video Quad,31.3,NaN,13.090,NaN,1,0,CabinetD06,None,0,0,0,0,0.0000,NaN,NaN,NaN,0
91.51,Negin,AUIT_Single,CBA,0.776,1.753,1.070,18.0,359.7,-2.197,1.378,13.812,NaN,NaN,NaN,World,Video Quad,31.2,NaN,13.090,NaN,1,0,CabinetD06,None,0,0,0,0,0.0000,NaN,NaN,NaN,0
91.61,Negin,AUIT_Single,CBA,0.777,1.753,1.070,18.0,359.7,-2.197,1.378,13.812,NaN,NaN,NaN,World,Video Quad,31.2,NaN,13.090,NaN,1,0,CabinetD06,None,0,0,0,0,0.0000,NaN,NaN,NaN,0
91.71,Negin,AUIT_Single,CBA,0.777,1.753,1.069,18.1,359.8,-2.197,1.378,13.812,NaN,NaN,NaN,World,Video Quad,31.3,NaN,13.091,NaN,1,0,CabinetD06,None,0,0,0,0,0.0000,NaN,NaN,NaN,0
91.80,Negin,AUIT_Single,CBA,0.778,1.753,1.069,18.2,359.8,-2.197,1.378,13.812,NaN,NaN,NaN,World,Video Quad,31.4,NaN,13.091,NaN,1,0,CabinetD06,None,0,0,0,0,0.0000,NaN,NaN,NaN,0
91.90,Negin,AUIT_Single,CBA,0.778,1.753,1.069,18.2,359.9,-2.197,1.378,13.812,NaN,NaN,NaN,World,Video Quad,31.4,NaN,13.091,NaN,1,0,CabinetD06,None,0,0,0,0,0.0000,NaN,NaN,NaN,0
92.01,Negin,AUIT_Single,CBA,0.777,1.753,1.069,18.1,359.9,-2.197,1.378,13.812,NaN,NaN,NaN,World,Video Quad,31.3,NaN,13.091,NaN,1,0,CabinetD06,None,0,0,0,0,0.0000,NaN,NaN,NaN,0
92.11,Negin,AUIT_Single,CBA,0.777,1.753,1.070,18.0,360.0,-2.197,1.378,13.812,NaN,NaN,NaN,World,Video Quad,31.2,NaN,13.090,NaN,1,0,CabinetD06,None,0,0,0,0,0.0000,NaN,NaN,NaN,0
92.21,Negin,AUIT_Single,CBA,0.777,1.753,1.070,18.0,0.0,-2.197,1.378,13.812,NaN,NaN,NaN,World,Video Quad,31.1,NaN,13.090,NaN,1,0,CabinetD06,None,0,0,0,0,0.0000,NaN,NaN,NaN,0
92.30,Negin,AUIT_Single,CBA,0.777,1.753,1.070,18.0,0.0,-2.197,1.378,13.812,NaN,NaN,NaN,World,Video Quad,31.1,NaN,13.090,NaN,1,0,CabinetD06,None,0,0,0,0,0.0000,NaN,NaN,NaN,0
92.40,Negin,AUIT_Single,CBA,0.776,1.753,1.070,18.0,359.9,-2.197,1.378,13.812,NaN,NaN,NaN,World,Video Quad,31.2,NaN,13.090,NaN,1,0,CabinetD06,None,0,0,0,0,0.0000,NaN,NaN,NaN,0
92.51,Negin,AUIT_Single,CBA,0.776,1.753,1.069,18.1,359.7,-2.197,1.378,13.812,NaN,NaN,NaN,World,Video Quad,31.3,NaN,13.091,NaN,1,0,CabinetD06,None,0,0,0,0,0.0000,NaN,NaN,NaN,0
92.61,Negin,AUIT_Single,CBA,0.776,1.754,1.068,18.2,359.6,-2.197,1.378,13.812,NaN,NaN,NaN,World,Video Quad,31.3,NaN,13.092,NaN,1,0,CabinetD06,None,0,0,0,0,0.0000,NaN,NaN,NaN,0
92.71,Negin,AUIT_Single,CBA,0.775,1.754,1.067,18.2,359.6,-2.197,1.378,13.812,NaN,NaN,NaN,World,Video Quad,31.4,NaN,13.092,NaN,1,0,CabinetD06,None,0,0,0,0,0.0000,NaN,NaN,NaN,0
92.80,Negin,AUIT_Single,CBA,0.775,1.754,1.067,18.2,359.5,-2.197,1.378,13.812,NaN,NaN,NaN,World,Video Quad,31.4,NaN,13.092,NaN,1,0,CabinetD06,None,0,0,0,0,0.0000,NaN,NaN,NaN,0
92.90,Negin,AUIT_Single,CBA,0.774,1.754,1.067,18.2,359.5,-2.197,1.378,13.812,NaN,NaN,NaN,World,Video Quad,31.4,NaN,13.093,NaN,1,0,CabinetD06,None,0,0,0,0,0.0000,NaN,NaN,NaN,0
93.01,Negin,AUIT_Single,CBA,0.774,1.754,1.066,18.1,359.5,-2.197,1.378,13.812,NaN,NaN,NaN,World,Video Quad,31.3,NaN,13.093,NaN,1,0,CabinetD06,None,0,0,0,0,0.0000,NaN,NaN,NaN,0
93.11,Negin,AUIT_Single,CBA,0.774,1.754,1.066,18.1,359.6,-2.197,1.378,13.812,NaN,NaN,NaN,World,Video Quad,31.3,NaN,13.094,NaN,1,0,CabinetD06,None,0,0,0,0,0.0000,NaN,NaN,NaN,0
93.21,Negin,AUIT_Single,CBA,0.774,1.754,1.065,18.3,359.6,-2.197,1.378,13.812,NaN,NaN,NaN,World,Video Quad,31.5,NaN,13.094,NaN,1,0,CabinetD06,None,0,0,0,0,0.0000,NaN,NaN,NaN,0
93.30,Negin,AUIT_Single,CBA,0.774,1.754,1.065,18.4,359.6,-2.197,1.378,13.812,NaN,NaN,NaN,World,Video Quad,31.6,NaN,13.094,NaN,1,0,CabinetD06,None,0,0,0,0,0.0000,NaN,NaN,NaN,0
93.40,Negin,AUIT_Single,CBA,0.774,1.753,1.065,18.3,359.6,-2.197,1.378,13.812,NaN,NaN,NaN,World,Video Quad,31.5,NaN,13.094,NaN,1,0,CabinetD06,None,0,0,0,0,0.0000,NaN,NaN,NaN,0
93.51,Negin,AUIT_Single,CBA,0.774,1.753,1.065,18.2,359.7,-2.197,1.378,13.812,NaN,NaN,NaN,World,Video Quad,31.4,NaN,13.094,NaN,1,0,CabinetD06,None,0,0,0,0,0.0000,NaN,NaN,NaN,0
93.61,Negin,AUIT_Single,CBA,0.774,1.753,1.066,18.3,359.7,-2.197,1.378,13.812,NaN,NaN,NaN,World,Video Quad,31.5,NaN,13.093,NaN,1,0,CabinetD06,None,0,0,0,0,0.0000,NaN,NaN,NaN,0
93.71,Negin,AUIT_Single,CBA,0.774,1.753,1.067,18.3,359.8,-2.197,1.378,13.812,NaN,NaN,NaN,World,Video Quad,31.5,NaN,13.092,NaN,1,0,CabinetD06,None,0,0,0,0,0.0000,NaN,NaN,NaN,0
93.80,Negin,AUIT_Single,CBA,0.773,1.753,1.068,18.2,359.9,-2.197,1.378,13.812,NaN,NaN,NaN,World,Video Quad,31.4,NaN,13.091,NaN,1,0,CabinetD06,None,0,0,0,0,0.0000,NaN,NaN,NaN,0
93.90,Negin,AUIT_Single,CBA,0.773,1.753,1.068,18.2,359.9,-2.197,1.378,13.812,NaN,NaN,NaN,World,Video Quad,31.4,NaN,13.091,NaN,1,0,CabinetD06,None,0,0,0,0,0.0000,NaN,NaN,NaN,0
94.01,Negin,AUIT_Single,CBA,0.773,1.753,1.069,18.2,359.9,-2.197,1.378,13.812,NaN,NaN,NaN,World,Video Quad,31.4,NaN,13.090,NaN,1,0,CabinetD06,None,0,0,0,0,0.0000,NaN,NaN,NaN,0
94.11,Negin,AUIT_Single,CBA,0.773,1.753,1.069,18.1,359.9,-2.197,1.378,13.812,NaN,NaN,NaN,World,Video Quad,31.3,NaN,13.090,NaN,1,0,CabinetD06,None,0,0,0,0,0.0000,NaN,NaN,NaN,0
94.21,Negin,AUIT_Single,CBA,0.773,1.753,1.070,18.1,359.9,-2.197,1.378,13.812,NaN,NaN,NaN,World,Video Quad,31.3,NaN,13.089,NaN,1,0,CabinetD06,None,0,0,0,0,0.0000,NaN,NaN,NaN,0
94.30,Negin,AUIT_Single,CBA,0.772,1.753,1.070,18.2,359.8,-2.197,1.378,13.812,NaN,NaN,NaN,World,Video Quad,31.3,NaN,13.090,NaN,1,0,CabinetD06,None,0,0,0,0,0.0000,NaN,NaN,NaN,0
94.40,Negin,AUIT_Single,CBA,0.772,1.753,1.069,18.2,359.9,-2.197,1.378,13.812,NaN,NaN,NaN,World,Video Quad,31.4,NaN,13.090,NaN,1,0,CabinetD06,None,0,0,0,0,0.0000,NaN,NaN,NaN,0
94.51,Negin,AUIT_Single,CBA,0.771,1.753,1.069,18.1,360.0,-2.197,1.378,13.812,NaN,NaN,NaN,World,Video Quad,31.3,NaN,13.090,NaN,1,0,CabinetD06,None,0,0,0,0,0.0000,NaN,NaN,NaN,0
94.61,Negin,AUIT_Single,CBA,0.770,1.753,1.068,18.0,360.0,-2.197,1.378,13.812,NaN,NaN,NaN,World,Video Quad,31.2,NaN,13.091,NaN,1,0,CabinetD06,None,0,0,0,0,0.0000,NaN,NaN,NaN,0
94.71,Negin,AUIT_Single,CBA,0.770,1.753,1.066,18.0,359.9,-2.197,1.378,13.812,NaN,NaN,NaN,World,Video Quad,31.1,NaN,13.092,NaN,1,0,CabinetD06,None,0,0,0,0,0.0000,NaN,NaN,NaN,0
94.80,Negin,AUIT_Single,CBA,0.769,1.754,1.065,18.0,359.8,-2.197,1.378,13.812,NaN,NaN,NaN,World,Video Quad,31.1,NaN,13.094,NaN,1,0,CabinetD06,None,0,0,0,0,0.0000,NaN,NaN,NaN,0
94.90,Negin,AUIT_Single,CBA,0.768,1.754,1.063,17.9,359.6,-2.197,1.378,13.812,NaN,NaN,NaN,World,Video Quad,31.1,NaN,13.095,NaN,1,0,CabinetD06,None,0,0,0,0,0.0000,NaN,NaN,NaN,0
95.01,Negin,AUIT_Single,CBA,0.767,1.754,1.062,17.9,359.6,-2.197,1.378,13.812,NaN,NaN,NaN,World,Video Quad,31.0,NaN,13.096,NaN,1,0,CabinetD06,None,0,0,0,0,0.0000,NaN,NaN,NaN,0
95.11,Negin,AUIT_Single,CBA,0.767,1.754,1.061,17.8,359.5,-2.197,1.378,13.812,NaN,NaN,NaN,World,Video Quad,31.0,NaN,13.097,NaN,1,0,CabinetD06,None,0,0,0,0,0.0000,NaN,NaN,NaN,0
95.21,Negin,AUIT_Single,CBA,0.766,1.754,1.060,17.8,359.3,-2.197,1.378,13.812,NaN,NaN,NaN,World,Video Quad,31.0,NaN,13.098,NaN,1,0,CabinetD06,None,0,0,0,0,0.0000,NaN,NaN,NaN,0
95.30,Negin,AUIT_Single,CBA,0.766,1.755,1.059,18.0,359.0,-2.197,1.378,13.812,NaN,NaN,NaN,World,Video Quad,31.2,NaN,13.098,NaN,1,0,CabinetD06,None,0,0,0,0,0.0000,NaN,NaN,NaN,0
95.41,Negin,AUIT_Single,CBA,0.766,1.756,1.059,18.0,358.4,-2.197,1.378,13.812,NaN,NaN,NaN,World,CabinetD05,31.3,NaN,13.099,NaN,1,0,CabinetD06,None,0,0,0,0,0.0000,NaN,NaN,NaN,0
95.51,Negin,AUIT_Single,CBA,0.767,1.757,1.058,16.9,357.7,-2.197,1.378,13.812,NaN,NaN,NaN,World,CabinetD05,30.2,NaN,13.100,NaN,1,0,CabinetD06,None,0,0,0,0,0.0000,NaN,NaN,NaN,0
95.61,Negin,AUIT_Single,CBA,0.767,1.757,1.055,16.5,357.6,-2.197,1.378,13.812,NaN,NaN,NaN,World,CabinetD05,29.9,NaN,13.102,NaN,1,0,CabinetD06,None,0,0,0,0,0.0000,NaN,NaN,NaN,0
95.70,Negin,AUIT_Single,CBA,0.765,1.756,1.050,17.7,358.2,-2.197,1.378,13.812,NaN,NaN,NaN,World,CabinetD05,30.9,NaN,13.106,NaN,1,0,CabinetD06,None,0,0,0,0,0.0000,NaN,NaN,NaN,0
95.80,Negin,AUIT_Single,CBA,0.762,1.761,1.048,20.1,356.2,-2.197,1.378,13.812,NaN,NaN,NaN,World,CabinetD05,33.6,NaN,13.109,NaN,1,0,CabinetD06,None,0,0,0,0,0.0000,NaN,NaN,NaN,0
95.91,Negin,AUIT_Single,CBA,0.760,1.762,1.047,21.4,355.2,-2.197,1.378,13.812,NaN,NaN,NaN,World,CabinetD05,35.0,NaN,13.109,NaN,1,0,CabinetD06,None,0,0,0,0,0.0000,NaN,NaN,NaN,0
96.01,Negin,AUIT_Single,CBA,0.758,1.762,1.046,23.0,355.0,-2.197,1.378,13.812,NaN,NaN,NaN,World,CabinetD05,36.6,NaN,13.109,NaN,1,0,CabinetD06,None,0,0,0,0,0.0000,NaN,NaN,NaN,0
96.11,Negin,AUIT_Single,CBA,0.756,1.763,1.044,24.5,354.3,-2.197,1.378,13.812,NaN,NaN,NaN,World,CabinetD05Door,38.1,NaN,13.111,NaN,1,0,CabinetD06,None,0,0,0,0,0.0000,NaN,NaN,NaN,0
96.20,Negin,AUIT_Single,CBA,0.753,1.764,1.044,26.1,353.7,-2.197,1.378,13.812,NaN,NaN,NaN,World,CabinetD05Door,39.9,NaN,13.111,NaN,1,0,CabinetD06,None,0,0,0,0,0.0000,NaN,NaN,NaN,0
96.30,Negin,AUIT_Single,CBA,0.751,1.763,1.045,28.1,352.9,-2.197,1.378,13.812,NaN,NaN,NaN,World,CabinetD05Door,41.9,NaN,13.109,NaN,1,0,CabinetD06,None,0,0,0,0,0.0000,NaN,NaN,NaN,0
96.41,Negin,AUIT_Single,CBA,0.746,1.754,1.045,30.6,353.2,-2.197,1.378,13.812,NaN,NaN,NaN,World,CabinetD05Door,44.3,NaN,13.108,NaN,1,0,CabinetD06,None,0,0,0,0,0.0000,NaN,NaN,NaN,0
96.51,Negin,AUIT_Single,CBA,0.744,1.742,1.044,33.3,352.9,-2.197,1.378,13.812,NaN,NaN,NaN,World,CabinetD05Door,47.0,NaN,13.108,NaN,1,0,CabinetD06,None,0,0,0,0,0.0000,NaN,NaN,NaN,0
96.61,Negin,AUIT_Single,CBA,0.742,1.740,1.042,34.7,354.4,-2.197,1.378,13.812,NaN,NaN,NaN,World,CabinetD05Door,48.1,NaN,13.109,NaN,1,0,CabinetD06,None,0,0,0,0,0.0000,NaN,NaN,NaN,0
96.70,Negin,AUIT_Single,CBA,0.740,1.743,1.036,33.9,354.9,-2.197,1.378,13.812,NaN,NaN,NaN,World,CabinetD05Door,47.3,NaN,13.114,NaN,1,0,CabinetD06,None,0,0,0,0,0.0000,NaN,NaN,NaN,0
96.80,Negin,AUIT_Single,CBA,0.738,1.745,1.030,34.3,353.1,-2.197,1.378,13.812,NaN,NaN,NaN,World,CabinetD05Door,47.9,NaN,13.120,NaN,1,0,CabinetD06,None,0,0,0,0,0.0000,NaN,NaN,NaN,0
96.90,Negin,AUIT_Single,CBA,0.739,1.747,1.026,35.9,352.3,-2.197,1.378,13.812,NaN,NaN,NaN,World,CabinetD05Door,49.6,NaN,13.125,NaN,1,0,CabinetD06,None,0,0,0,0,0.0000,NaN,NaN,NaN,0
97.01,Negin,AUIT_Single,CBA,0.745,1.748,1.018,40.3,351.7,-2.197,1.378,13.812,NaN,NaN,NaN,World,CabinetD05Door,54.0,NaN,13.133,NaN,1,0,CabinetD06,None,0,0,0,0,0.0000,NaN,NaN,NaN,0
97.11,Negin,AUIT_Single,CBA,0.751,1.749,1.013,44.3,351.7,-2.197,1.378,13.812,NaN,NaN,NaN,World,CabinetD05Door,58.0,NaN,13.139,NaN,1,0,CabinetD06,None,0,0,0,0,0.0000,NaN,NaN,NaN,0
97.20,Negin,AUIT_Single,CBA,0.753,1.749,1.013,43.6,352.5,-2.197,1.378,13.812,NaN,NaN,NaN,World,CabinetD05Door,57.2,NaN,13.140,NaN,1,0,CabinetD06,None,0,0,0,0,0.0000,NaN,NaN,NaN,0
97.30,Negin,AUIT_Single,CBA,0.748,1.749,1.019,37.7,352.6,-2.197,1.378,13.812,NaN,NaN,NaN,World,CabinetD05Door,51.3,NaN,13.133,NaN,1,0,CabinetD06,None,0,0,0,0,0.0000,NaN,NaN,NaN,0
97.40,Negin,AUIT_Single,CBA,0.742,1.749,1.026,29.7,352.8,-2.197,1.378,13.812,NaN,NaN,NaN,World,CabinetD05Door,43.5,NaN,13.125,NaN,1,0,CabinetD06,None,0,0,0,0,0.0000,NaN,NaN,NaN,0
97.51,Negin,AUIT_Single,CBA,0.735,1.750,1.031,21.1,353.8,-2.197,1.378,13.812,NaN,NaN,NaN,World,CabinetD05,34.9,NaN,13.119,NaN,1,0,CabinetD06,None,0,0,0,0,0.0000,NaN,NaN,NaN,0
97.61,Negin,AUIT_Single,CBA,0.729,1.750,1.032,14.4,354.0,-2.197,1.378,13.812,NaN,NaN,NaN,World,CabinetD05,28.3,NaN,13.116,NaN,1,0,CabinetD06,None,0,0,0,0,0.0000,NaN,NaN,NaN,0
97.70,Negin,AUIT_Single,CBA,0.727,1.748,1.031,9.6,354.4,-2.197,1.378,13.812,NaN,NaN,NaN,World,CabinetD05,23.6,NaN,13.117,NaN,1,0,CabinetD06,None,1,0,0,0,0.0000,NaN,NaN,NaN,0
97.80,Negin,AUIT_Single,CBA,0.727,1.748,1.028,6.9,355.3,-2.197,1.378,13.812,NaN,NaN,NaN,World,CabinetD05,20.8,NaN,13.120,NaN,1,0,CabinetD06,None,1,0,0,0,0.0000,NaN,NaN,NaN,0
97.90,Negin,AUIT_Single,CBA,0.727,1.749,1.026,5.2,354.9,-2.197,1.378,13.812,NaN,NaN,NaN,World,CabinetD05,19.3,NaN,13.121,NaN,1,0,CabinetD06,None,1,0,0,0,0.0000,NaN,NaN,NaN,0
98.11,Negin,AUIT_Single,CBA,0.720,1.752,1.030,2.7,353.7,-2.197,1.378,13.812,NaN,NaN,NaN,World,CabinetD05,17.4,NaN,13.116,NaN,1,0,CabinetD06,None,1,0,0,0,0.0000,NaN,NaN,NaN,0
98.12,Negin,AUIT_Single,CBA,0.716,1.754,1.034,1.9,353.2,-2.197,1.378,13.812,NaN,NaN,NaN,World,CabinetD05,17.0,NaN,13.112,NaN,1,0,CabinetD06,None,1,0,0,0,0.0000,NaN,NaN,NaN,0
98.21,Negin,AUIT_Single,CBA,0.710,1.755,1.039,1.3,352.8,-2.197,1.378,13.812,NaN,NaN,NaN,World,CabinetD05,16.6,NaN,13.105,NaN,1,0,CabinetD06,None,1,0,0,0,0.0000,NaN,NaN,NaN,0
98.30,Negin,AUIT_Single,CBA,0.704,1.757,1.046,0.4,352.2,-2.197,1.378,13.812,NaN,NaN,NaN,World,CabinetD05,16.2,NaN,13.097,NaN,1,0,CabinetD06,None,1,0,0,0,0.0000,NaN,NaN,NaN,0
98.40,Negin,AUIT_Single,CBA,0.700,1.756,1.053,359.9,352.7,-2.197,1.378,13.812,NaN,NaN,NaN,World,CabinetD05,15.5,NaN,13.089,NaN,1,0,CabinetD06,None,1,0,0,0,0.0000,NaN,NaN,NaN,0
98.51,Negin,AUIT_Single,CBA,0.699,1.755,1.059,1.1,353.4,-2.197,1.378,13.812,NaN,NaN,NaN,World,CabinetD05,16.2,NaN,13.084,NaN,1,0,CabinetD06,None,1,0,0,0,0.0000,NaN,NaN,NaN,0
98.61,Negin,AUIT_Single,CBA,0.700,1.753,1.061,3.2,354.1,-2.197,1.378,13.812,NaN,NaN,NaN,World,CabinetD05,17.7,NaN,13.082,NaN,1,0,CabinetD06,None,1,0,0,0,0.0000,NaN,NaN,NaN,0
98.71,Negin,AUIT_Single,CBA,0.702,1.752,1.061,5.5,354.4,-2.197,1.378,13.812,NaN,NaN,NaN,World,CabinetD05,19.6,NaN,13.082,NaN,1,0,CabinetD06,None,1,0,0,0,0.0000,NaN,NaN,NaN,0
98.80,Negin,AUIT_Single,CBA,0.708,1.751,1.059,9.9,354.9,-2.197,1.378,13.812,NaN,NaN,NaN,World,CabinetD05,23.7,NaN,13.085,NaN,1,0,CabinetD06,None,1,0,0,0,0.0000,NaN,NaN,NaN,0
98.90,Negin,AUIT_Single,CBA,0.715,1.751,1.057,16.0,354.5,-2.197,1.378,13.812,NaN,NaN,NaN,World,CabinetD05,29.7,NaN,13.088,NaN,1,0,CabinetD06,None,0,0,0,0,0.0000,NaN,NaN,NaN,0
99.01,Negin,AUIT_Single,CBA,0.722,1.751,1.063,21.7,354.7,-2.197,1.378,13.812,NaN,NaN,NaN,World,CabinetD05,35.3,NaN,13.084,NaN,1,0,CabinetD06,None,0,0,0,0,0.0000,NaN,NaN,NaN,0
99.11,Negin,AUIT_Single,CBA,0.729,1.751,1.075,25.1,355.4,-2.197,1.378,13.812,NaN,NaN,NaN,World,CabinetD05,38.5,NaN,13.074,NaN,1,0,CabinetD06,None,0,0,0,0,0.0000,NaN,NaN,NaN,0
99.21,Negin,AUIT_Single,CBA,0.737,1.749,1.088,27.6,359.8,-2.197,1.378,13.812,NaN,NaN,NaN,World,Video Quad,40.6,NaN,13.064,NaN,1,0,CabinetD06,None,0,0,0,0,0.0000,NaN,NaN,NaN,0
99.30,Negin,AUIT_Single,CBA,0.748,1.744,1.103,29.0,3.7,-2.197,1.378,13.812,NaN,NaN,NaN,World,Video Quad,42.1,NaN,13.051,NaN,1,0,CabinetD06,None,0,0,0,0,0.0000,NaN,NaN,NaN,0
99.40,Negin,AUIT_Single,CBA,0.762,1.737,1.118,29.9,7.4,-2.197,1.378,13.812,NaN,NaN,NaN,World,Video Quad,43.3,NaN,13.040,NaN,1,0,CabinetD06,None,0,0,0,0,0.0000,NaN,NaN,NaN,0
99.51,Negin,AUIT_Single,CBA,0.780,1.730,1.132,30.9,9.9,-2.197,1.378,13.812,NaN,NaN,NaN,World,Video Quad,44.7,NaN,13.030,NaN,1,0,CabinetD06,None,0,0,0,0,0.0000,NaN,NaN,NaN,0
99.61,Negin,AUIT_Single,CBA,0.795,1.729,1.145,29.4,11.3,-2.197,1.378,13.812,NaN,NaN,NaN,World,Video Quad,43.5,NaN,13.021,NaN,1,0,CabinetD05,None,0,0,0,0,0.0000,NaN,NaN,NaN,0
99.71,Negin,AUIT_Single,CBA,0.809,1.729,1.156,27.4,12.2,-2.197,1.378,13.812,NaN,NaN,NaN,World,Video Quad,41.8,NaN,13.013,NaN,1,0,CabinetD05,None,0,0,0,0,0.0000,NaN,NaN,NaN,0
99.80,Negin,AUIT_Single,CBA,0.823,1.729,1.166,25.9,12.4,-2.197,1.378,13.812,NaN,NaN,NaN,World,Video Quad,40.5,NaN,13.006,NaN,1,0,CabinetD05,None,0,0,0,0,0.0000,NaN,NaN,NaN,0
99.90,Negin,AUIT_Single,CBA,0.836,1.726,1.174,24.0,12.2,-2.197,1.378,13.812,NaN,NaN,NaN,World,Video Quad,38.7,NaN,13.002,NaN,1,0,CabinetD05,None,0,0,0,0,0.0000,NaN,NaN,NaN,0
100.01,Negin,AUIT_Single,CBA,0.849,1.723,1.181,21.3,13.4,-2.197,1.378,13.812,NaN,NaN,NaN,World,Video Quad,36.5,NaN,12.998,NaN,1,0,CabinetD05,None,0,0,0,0,0.0000,NaN,NaN,NaN,0
100.11,Negin,AUIT_Single,CBA,0.857,1.725,1.186,20.1,13.4,-2.197,1.378,13.812,NaN,NaN,NaN,World,Video Quad,35.3,NaN,12.995,NaN,1,0,CabinetD05,None,0,0,0,0,0.0000,NaN,NaN,NaN,0
100.21,Negin,AUIT_Single,CBA,0.863,1.725,1.192,19.6,13.3,-2.197,1.378,13.812,NaN,NaN,NaN,World,Video Quad,34.9,NaN,12.990,NaN,1,0,CabinetD05,None,0,0,0,0,0.0000,NaN,NaN,NaN,0
100.30,Negin,AUIT_Single,CBA,0.865,1.724,1.197,19.2,14.1,-2.197,1.378,13.812,NaN,NaN,NaN,World,Video Quad,34.9,NaN,12.986,NaN,1,0,CabinetD05,None,0,0,0,0,0.0000,NaN,NaN,NaN,0
100.40,Negin,AUIT_Single,CBA,0.862,1.723,1.200,19.7,14.7,-2.197,1.378,13.812,NaN,NaN,NaN,World,Video Quad,35.5,NaN,12.982,NaN,1,0,CabinetD05,None,0,0,0,0,0.0000,NaN,NaN,NaN,0
100.51,Negin,AUIT_Single,CBA,0.856,1.724,1.202,20.1,14.9,-2.197,1.378,13.812,NaN,NaN,NaN,World,Video Quad,35.8,NaN,12.979,NaN,1,0,CabinetD05,None,0,0,0,0,0.0000,NaN,NaN,NaN,0
100.61,Negin,AUIT_Single,CBA,0.848,1.725,1.202,20.6,14.7,-2.197,1.378,13.812,NaN,NaN,NaN,World,Video Quad,36.3,NaN,12.978,NaN,1,0,CabinetD05,None,0,0,0,0,0.0000,NaN,NaN,NaN,0
100.71,Negin,AUIT_Single,CBA,0.841,1.725,1.201,22.5,14.5,-2.197,1.378,13.812,NaN,NaN,NaN,World,Video Quad,37.8,NaN,12.977,NaN,1,0,CabinetD05,None,0,0,0,0,0.0000,NaN,NaN,NaN,0
100.80,Negin,AUIT_Single,CBA,0.834,1.725,1.200,24.3,14.0,-2.197,1.378,13.812,NaN,NaN,NaN,World,Video Quad,39.4,NaN,12.976,NaN,1,0,CabinetD05,None,0,0,0,0,0.0000,NaN,NaN,NaN,0
100.90,Negin,AUIT_Single,CBA,0.827,1.726,1.199,26.0,13.8,-2.197,1.378,13.812,NaN,NaN,NaN,World,Video Quad,40.9,NaN,12.976,NaN,1,0,CabinetD05,None,0,0,0,0,0.0000,NaN,NaN,NaN,0
101.01,Negin,AUIT_Single,CBA,0.821,1.726,1.200,27.7,13.6,-2.197,1.378,13.812,NaN,NaN,NaN,World,Video Quad,42.5,NaN,12.973,NaN,1,0,CabinetD05,None,0,0,0,0,0.0000,NaN,NaN,NaN,0
101.11,Negin,AUIT_Single,CBA,0.815,1.726,1.200,28.8,13.8,-2.197,1.378,13.812,NaN,NaN,NaN,World,Video Quad,43.5,NaN,12.972,NaN,1,0,CabinetD05,None,0,0,0,0,0.0000,NaN,NaN,NaN,0
101.21,Negin,AUIT_Single,CBA,0.809,1.726,1.199,29.4,13.8,-2.197,1.378,13.812,NaN,NaN,NaN,World,Video Quad,44.1,NaN,12.971,NaN,1,0,CabinetD05,None,0,0,0,0,0.0000,NaN,NaN,NaN,0
101.30,Negin,AUIT_Single,CBA,0.804,1.725,1.198,30.3,13.5,-2.197,1.378,13.812,NaN,NaN,NaN,World,Video Quad,44.9,NaN,12.971,NaN,1,0,CabinetD05,None,0,0,0,0,0.0000,NaN,NaN,NaN,0
101.40,Negin,AUIT_Single,CBA,0.799,1.725,1.196,31.2,13.3,-2.197,1.378,13.812,NaN,NaN,NaN,World,Video Quad,45.6,NaN,12.972,NaN,1,0,CabinetD05,None,0,0,0,0,0.0000,NaN,NaN,NaN,0
101.51,Negin,AUIT_Single,CBA,0.793,1.725,1.194,31.9,12.9,-2.197,1.378,13.812,NaN,NaN,NaN,World,Video Quad,46.2,NaN,12.973,NaN,1,0,CabinetD05,None,0,0,0,0,0.0000,NaN,NaN,NaN,0
101.61,Negin,AUIT_Single,CBA,0.789,1.725,1.192,32.2,12.7,-2.197,1.378,13.812,NaN,NaN,NaN,World,Video Quad,46.4,NaN,12.974,NaN,1,0,CabinetD05,None,0,0,0,0,0.0000,NaN,NaN,NaN,0
101.71,Negin,AUIT_Single,CBA,0.785,1.725,1.190,32.3,12.6,-2.197,1.378,13.812,NaN,NaN,NaN,World,Video Quad,46.5,NaN,12.974,NaN,1,0,CabinetD05,None,0,0,0,0,0.0000,NaN,NaN,NaN,0
101.80,Negin,AUIT_Single,CBA,0.781,1.725,1.189,32.5,12.5,-2.197,1.378,13.812,NaN,NaN,NaN,World,Video Quad,46.7,NaN,12.974,NaN,1,0,CabinetD05,None,0,0,0,0,0.0000,NaN,NaN,NaN,0
101.90,Negin,AUIT_Single,CBA,0.777,1.725,1.187,32.5,12.5,-2.197,1.378,13.812,NaN,NaN,NaN,World,Video Quad,46.7,NaN,12.975,NaN,1,0,CabinetD05,None,0,0,0,0,0.0000,NaN,NaN,NaN,0
102.01,Negin,AUIT_Single,CBA,0.772,1.725,1.185,32.7,12.4,-2.197,1.378,13.812,NaN,NaN,NaN,World,Video Quad,46.7,NaN,12.976,NaN,1,0,CabinetD06,None,0,0,0,0,0.0000,NaN,NaN,NaN,0
102.11,Negin,AUIT_Single,CBA,0.767,1.725,1.183,33.0,12.5,-2.197,1.378,13.812,NaN,NaN,NaN,World,Video Quad,47.1,NaN,12.977,NaN,1,0,CabinetD06,None,0,0,0,0,0.0000,NaN,NaN,NaN,0
102.21,Negin,AUIT_Single,CBA,0.761,1.724,1.180,33.4,12.4,-2.197,1.378,13.812,NaN,NaN,NaN,World,Video Quad,47.4,NaN,12.978,NaN,1,0,CabinetD06,None,0,0,0,0,0.0000,NaN,NaN,NaN,0
102.30,Negin,AUIT_Single,CBA,0.754,1.724,1.177,33.6,12.3,-2.197,1.378,13.812,NaN,NaN,NaN,World,Video Quad,47.6,NaN,12.980,NaN,1,0,CabinetD06,None,0,0,0,0,0.0000,NaN,NaN,NaN,0
102.40,Negin,AUIT_Single,CBA,0.746,1.725,1.174,33.6,11.5,-2.197,1.378,13.812,NaN,NaN,NaN,World,Video Quad,47.4,NaN,12.981,NaN,1,0,CabinetD06,None,0,0,0,0,0.0000,NaN,NaN,NaN,0
102.51,Negin,AUIT_Single,CBA,0.735,1.727,1.170,33.2,9.5,-2.197,1.378,13.812,NaN,NaN,NaN,World,Video Quad,46.7,NaN,12.982,NaN,1,0,CabinetD06,None,0,0,0,0,0.0000,NaN,NaN,NaN,0
102.61,Negin,AUIT_Single,CBA,0.726,1.725,1.166,33.5,8.8,-2.197,1.378,13.812,NaN,NaN,NaN,World,Video Quad,46.8,NaN,12.984,NaN,1,0,CabinetD06,None,0,0,0,0,0.0000,NaN,NaN,NaN,0
102.71,Negin,AUIT_Single,CBA,0.720,1.723,1.160,36.0,8.5,-2.197,1.378,13.812,NaN,NaN,NaN,World,Video Quad,49.2,NaN,12.988,NaN,1,0,CabinetD06,None,0,0,0,0,0.0000,NaN,NaN,NaN,0
102.80,Negin,AUIT_Single,CBA,0.717,1.724,1.155,39.5,6.7,-2.197,1.378,13.812,NaN,NaN,NaN,World,Video Quad,52.5,NaN,12.993,NaN,1,0,CabinetD06,None,0,0,0,0,0.0000,NaN,NaN,NaN,0
102.90,Negin,AUIT_Single,CBA,0.715,1.725,1.150,42.9,6.1,-2.197,1.378,13.812,NaN,NaN,NaN,World,Video Quad,55.9,NaN,12.997,NaN,1,0,CabinetD06,None,0,0,0,0,0.0000,NaN,NaN,NaN,0
103.01,Negin,AUIT_Single,CBA,0.718,1.730,1.147,47.5,3.6,-2.197,1.378,13.812,NaN,NaN,NaN,World,Video Quad,60.4,NaN,13.001,NaN,1,0,CabinetD06,None,0,0,0,0,0.0000,NaN,NaN,NaN,0
103.11,Negin,AUIT_Single,CBA,0.723,1.733,1.140,54.0,2.6,-2.197,1.378,13.812,NaN,NaN,NaN,World,CabinetD05Door,67.0,NaN,13.009,NaN,1,0,CabinetD06,None,0,0,0,0,0.0000,NaN,NaN,NaN,0
103.21,Negin,AUIT_Single,CBA,0.732,1.736,1.134,62.6,2.0,-2.197,1.378,13.812,NaN,NaN,NaN,World,CabinetDCorner02,75.5,NaN,13.017,NaN,1,0,CabinetD06,None,0,0,0,0,0.0000,NaN,NaN,NaN,0
103.30,Negin,AUIT_Single,CBA,0.740,1.736,1.126,73.0,1.3,-2.197,1.378,13.812,NaN,NaN,NaN,World,CabinetDCorner02,86.0,NaN,13.027,NaN,1,0,CabinetD06,None,0,0,0,0,0.0000,NaN,NaN,NaN,0
103.40,Negin,AUIT_Single,CBA,0.747,1.734,1.120,81.5,2.8,-2.197,1.378,13.812,NaN,NaN,NaN,World,Wall4m,94.4,NaN,13.034,NaN,1,0,CabinetD06,None,0,0,0,0,0.0000,NaN,NaN,NaN,0
103.51,Negin,AUIT_Single,CBA,0.750,1.734,1.116,88.5,3.0,-2.197,1.378,13.812,NaN,NaN,NaN,World,Wall4m,101.4,NaN,13.039,NaN,1,0,CabinetD06,None,0,0,0,0,0.0000,NaN,NaN,NaN,0
103.61,Negin,AUIT_Single,CBA,0.752,1.733,1.115,91.6,3.6,-2.197,1.378,13.812,NaN,NaN,NaN,World,Wall4m,104.6,NaN,13.040,NaN,1,0,CabinetD06,None,0,0,0,0,0.0000,NaN,NaN,NaN,0
103.71,Negin,AUIT_Single,CBA,0.752,1.735,1.120,91.9,2.7,-2.197,1.378,13.812,NaN,NaN,NaN,World,Wall4m,104.9,NaN,13.035,NaN,1,0,CabinetD06,None,0,0,0,0,0.0000,NaN,NaN,NaN,0
103.80,Negin,AUIT_Single,CBA,0.752,1.734,1.126,89.9,3.2,-2.197,1.378,13.812,NaN,NaN,NaN,World,Wall4m,102.9,NaN,13.030,NaN,1,0,CabinetD06,None,0,0,0,0,0.0000,NaN,NaN,NaN,0
103.90,Negin,AUIT_Single,CBA,0.751,1.735,1.138,86.0,3.1,-2.197,1.378,13.812,NaN,NaN,NaN,World,Wall4m,99.0,NaN,13.017,NaN,1,0,CabinetD06,None,0,0,0,0,0.0000,NaN,NaN,NaN,0
104.01,Negin,AUIT_Single,CBA,0.748,1.735,1.147,83.4,3.0,-2.197,1.378,13.812,NaN,NaN,NaN,World,Wall4m,96.4,NaN,13.008,NaN,1,0,CabinetD06,None,0,0,0,0,0.0000,NaN,NaN,NaN,0
104.11,Negin,AUIT_Single,CBA,0.745,1.734,1.154,81.3,3.0,-2.197,1.378,13.812,NaN,NaN,NaN,World,Wall4m,94.3,NaN,13.000,NaN,1,0,CabinetD06,None,0,0,0,0,0.0000,NaN,NaN,NaN,0
104.21,Negin,AUIT_Single,CBA,0.742,1.734,1.159,79.3,3.1,-2.197,1.378,13.812,NaN,NaN,NaN,World,Video Quad,92.3,NaN,12.995,NaN,1,0,CabinetD06,None,0,0,0,0,0.0000,NaN,NaN,NaN,0
104.30,Negin,AUIT_Single,CBA,0.739,1.733,1.162,77.7,3.2,-2.197,1.378,13.812,NaN,NaN,NaN,World,Video Quad,90.7,NaN,12.991,NaN,1,0,CabinetD06,None,0,0,0,0,0.0000,NaN,NaN,NaN,0
104.40,Negin,AUIT_Single,CBA,0.736,1.732,1.165,76.3,3.1,-2.197,1.378,13.812,NaN,NaN,NaN,World,CabinetDCorner02,89.3,NaN,12.988,NaN,1,0,CabinetD06,None,0,0,0,0,0.0000,NaN,NaN,NaN,0
104.51,Negin,AUIT_Single,CBA,0.732,1.731,1.166,73.4,3.1,-2.197,1.378,13.812,NaN,NaN,NaN,World,CabinetDCorner02,86.3,NaN,12.985,NaN,1,0,CabinetD06,None,0,0,0,0,0.0000,NaN,NaN,NaN,0
104.61,Negin,AUIT_Single,CBA,0.728,1.729,1.166,69.7,3.2,-2.197,1.378,13.812,NaN,NaN,NaN,World,CabinetDCorner02,82.7,NaN,12.985,NaN,1,0,CabinetD06,None,0,0,0,0,0.0000,NaN,NaN,NaN,0
104.71,Negin,AUIT_Single,CBA,0.725,1.728,1.162,66.8,3.1,-2.197,1.378,13.812,NaN,NaN,NaN,World,CabinetDCorner02,79.8,NaN,12.988,NaN,1,0,CabinetD06,None,0,0,0,0,0.0000,NaN,NaN,NaN,0
104.80,Negin,AUIT_Single,CBA,0.724,1.727,1.157,64.5,3.2,-2.197,1.378,13.812,NaN,NaN,NaN,World,CabinetDCorner02,77.4,NaN,12.993,NaN,1,0,CabinetD06,None,0,0,0,0,0.0000,NaN,NaN,NaN,0
104.90,Negin,AUIT_Single,CBA,0.724,1.727,1.150,63.3,3.1,-2.197,1.378,13.812,NaN,NaN,NaN,World,CabinetD05Door,76.2,NaN,12.999,NaN,1,0,CabinetD06,None,0,0,0,0,0.0000,NaN,NaN,NaN,0
105.01,Negin,AUIT_Single,CBA,0.727,1.725,1.141,63.9,3.1,-2.197,1.378,13.812,NaN,NaN,NaN,World,CabinetDCorner02,76.8,NaN,13.009,NaN,1,0,CabinetD06,None,0,0,0,0,0.0000,NaN,NaN,NaN,0
105.11,Negin,AUIT_Single,CBA,0.730,1.725,1.131,65.6,3.1,-2.197,1.378,13.812,NaN,NaN,NaN,World,CabinetDCorner02,78.5,NaN,13.019,NaN,1,0,CabinetD06,None,0,0,0,0,0.0000,NaN,NaN,NaN,0
105.21,Negin,AUIT_Single,CBA,0.734,1.725,1.123,67.0,3.1,-2.197,1.378,13.812,NaN,NaN,NaN,World,CabinetDCorner02,80.0,NaN,13.028,NaN,1,0,CabinetD06,None,0,0,0,0,0.0000,NaN,NaN,NaN,0
105.30,Negin,AUIT_Single,CBA,0.737,1.724,1.114,67.9,3.3,-2.197,1.378,13.812,NaN,NaN,NaN,World,CabinetDCorner02,80.8,NaN,13.037,NaN,1,0,CabinetD06,None,0,0,0,0,0.0000,NaN,NaN,NaN,0
105.40,Negin,AUIT_Single,CBA,0.742,1.725,1.105,68.2,3.0,-2.197,1.378,13.812,NaN,NaN,NaN,World,Video Quad,81.2,NaN,13.047,NaN,1,0,CabinetD06,None,0,0,0,0,0.0000,NaN,NaN,NaN,0
105.51,Negin,AUIT_Single,CBA,0.749,1.721,1.094,67.1,5.7,-2.197,1.378,13.812,NaN,NaN,NaN,World,Video Quad,80.0,NaN,13.059,NaN,1,0,CabinetD06,None,0,0,0,0,0.0000,NaN,NaN,NaN,0
105.61,Negin,AUIT_Single,CBA,0.761,1.731,1.083,67.8,1.6,-2.197,1.378,13.812,NaN,NaN,NaN,World,CabinetDCorner02,80.8,NaN,13.074,NaN,1,0,CabinetD06,None,0,0,0,0,0.0000,NaN,NaN,NaN,0
105.71,Negin,AUIT_Single,CBA,0.771,1.739,1.070,68.0,357.8,-2.197,1.378,13.812,NaN,NaN,NaN,World,CabinetDCorner02,81.2,NaN,13.089,NaN,1,0,CabinetD06,None,0,0,0,0,0.0000,NaN,NaN,NaN,0
105.80,Negin,AUIT_Single,CBA,0.786,1.743,1.058,68.0,358.4,-2.197,1.378,13.812,NaN,NaN,NaN,World,CabinetDCorner02,81.2,NaN,13.104,NaN,1,0,CabinetD06,None,0,0,0,0,0.0000,NaN,NaN,NaN,0
105.90,Negin,AUIT_Single,CBA,0.799,1.745,1.045,67.2,358.9,-2.197,1.378,13.812,NaN,NaN,NaN,World,CabinetDCorner02,80.4,NaN,13.119,NaN,1,0,CabinetD06,None,0,0,0,0,0.0000,NaN,NaN,NaN,0
106.01,Negin,AUIT_Single,CBA,0.811,1.746,1.031,64.7,359.1,-2.197,1.378,13.812,NaN,NaN,NaN,World,CabinetDCorner02,78.0,NaN,13.135,NaN,1,0,CabinetD05,None,0,0,0,0,0.0000,NaN,NaN,NaN,0
106.11,Negin,AUIT_Single,CBA,0.816,1.743,1.020,61.3,0.8,-2.197,1.378,13.812,NaN,NaN,NaN,World,CabinetDCorner02,74.5,NaN,13.147,NaN,1,0,CabinetD05,None,0,0,0,0,0.0000,NaN,NaN,NaN,0
106.21,Negin,AUIT_Single,CBA,0.818,1.738,1.015,53.3,5.3,-2.197,1.378,13.812,NaN,NaN,NaN,World,CabinetDCorner02,66.5,NaN,13.152,NaN,1,0,CabinetD05,None,0,0,0,0,0.0000,NaN,NaN,NaN,0
106.30,Negin,AUIT_Single,CBA,0.815,1.746,1.016,42.9,358.7,-2.197,1.378,13.812,NaN,NaN,NaN,World,CabinetDCorner02,56.3,NaN,13.151,NaN,1,0,CabinetD05,None,0,0,0,0,0.0000,NaN,NaN,NaN,0
106.40,Negin,AUIT_Single,CBA,0.807,1.748,1.014,31.7,357.3,-2.197,1.378,13.812,NaN,NaN,NaN,World,CabinetD05Door,45.1,NaN,13.151,NaN,1,0,CabinetD06,None,0,0,0,0,0.0000,NaN,NaN,NaN,0
106.51,Negin,AUIT_Single,CBA,0.801,1.741,1.008,23.6,2.8,-2.197,1.378,13.812,NaN,NaN,NaN,World,CabinetD05Door,36.8,NaN,13.155,NaN,1,0,CabinetD06,None,0,0,0,0,0.0000,NaN,NaN,NaN,0
106.61,Negin,AUIT_Single,CBA,0.797,1.738,1.007,18.9,5.9,-2.197,1.378,13.812,NaN,NaN,NaN,World,CabinetD05,32.3,NaN,13.155,NaN,1,0,CabinetD06,None,0,0,0,0,0.0000,NaN,NaN,NaN,0
106.71,Negin,AUIT_Single,CBA,0.789,1.738,1.009,16.0,6.2,-2.197,1.378,13.812,NaN,NaN,NaN,World,CabinetD05,29.4,NaN,13.151,NaN,1,0,CabinetD06,None,0,0,0,0,0.0000,NaN,NaN,NaN,0
106.80,Negin,AUIT_Single,CBA,0.780,1.737,1.014,14.2,6.4,-2.197,1.378,13.812,NaN,NaN,NaN,World,CabinetD05,27.6,NaN,13.144,NaN,1,0,CabinetD06,None,0,0,0,0,0.0000,NaN,NaN,NaN,0
106.90,Negin,AUIT_Single,CBA,0.773,1.735,1.021,14.1,7.6,-2.197,1.378,13.812,NaN,NaN,NaN,World,CabinetD05,27.7,NaN,13.136,NaN,1,0,CabinetD06,None,0,0,0,0,0.0000,NaN,NaN,NaN,0
107.01,Negin,AUIT_Single,CBA,0.761,1.733,1.036,16.5,9.3,-2.197,1.378,13.812,NaN,NaN,NaN,World,Video Quad,30.4,NaN,13.119,NaN,1,0,CabinetD06,None,0,0,0,0,0.0000,NaN,NaN,NaN,0
107.11,Negin,AUIT_Single,CBA,0.749,1.731,1.048,18.2,10.8,-2.197,1.378,13.812,NaN,NaN,NaN,World,Video Quad,32.3,NaN,13.105,NaN,1,0,CabinetD06,None,0,0,0,0,0.0000,NaN,NaN,NaN,0
107.21,Negin,AUIT_Single,CBA,0.736,1.731,1.062,19.5,10.0,-2.197,1.378,13.812,NaN,NaN,NaN,World,Video Quad,33.3,NaN,13.088,NaN,1,0,CabinetD06,None,0,0,0,0,0.0000,NaN,NaN,NaN,0
107.30,Negin,AUIT_Single,CBA,0.722,1.730,1.079,20.4,9.8,-2.197,1.378,13.812,NaN,NaN,NaN,World,Video Quad,34.1,NaN,13.068,NaN,1,0,CabinetD06,None,0,0,0,0,0.0000,NaN,NaN,NaN,0
107.40,Negin,AUIT_Single,CBA,0.708,1.729,1.096,20.9,9.0,-2.197,1.378,13.812,NaN,NaN,NaN,World,Video Quad,34.4,NaN,13.049,NaN,1,0,CabinetD06,None,0,0,0,0,0.0000,NaN,NaN,NaN,0
107.51,Negin,AUIT_Single,CBA,0.692,1.729,1.113,21.0,9.0,-2.197,1.378,13.812,NaN,NaN,NaN,World,Video Quad,34.5,NaN,13.028,NaN,1,0,CabinetD06,None,0,0,0,0,0.0000,NaN,NaN,NaN,0
107.61,Negin,AUIT_Single,CBA,0.681,1.729,1.127,20.9,8.0,-2.197,1.378,13.812,NaN,NaN,NaN,World,Video Quad,34.1,NaN,13.012,NaN,1,0,CabinetD06,None,0,0,0,0,0.0000,NaN,NaN,NaN,0
107.71,Negin,AUIT_Single,CBA,0.672,1.729,1.140,20.7,7.6,-2.197,1.378,13.812,NaN,NaN,NaN,World,Video Quad,33.9,NaN,12.998,NaN,1,0,CabinetD06,None,0,0,0,0,0.0000,NaN,NaN,NaN,0
107.80,Negin,AUIT_Single,CBA,0.665,1.730,1.151,20.0,6.1,-2.197,1.378,13.812,NaN,NaN,NaN,World,Video Quad,33.0,NaN,12.986,NaN,1,0,CabinetD06,None,0,0,0,0,0.0000,NaN,NaN,NaN,0
107.91,Negin,AUIT_Single,CBA,0.658,1.732,1.161,18.8,3.7,-2.197,1.378,13.812,NaN,NaN,NaN,World,Video Quad,31.6,NaN,12.974,NaN,1,0,CabinetD06,None,0,0,0,0,0.0000,NaN,NaN,NaN,0
108.01,Negin,AUIT_Single,CBA,0.654,1.734,1.169,17.2,2.1,-2.197,1.378,13.812,NaN,NaN,NaN,World,Video Quad,29.9,NaN,12.966,NaN,1,0,CabinetD06,None,0,0,0,0,0.0000,NaN,NaN,NaN,0
108.11,Negin,AUIT_Single,CBA,0.651,1.736,1.173,17.0,0.6,-2.197,1.378,13.812,NaN,NaN,NaN,World,Video Quad,29.7,NaN,12.962,NaN,1,0,CabinetD06,None,0,0,0,0,0.0000,NaN,NaN,NaN,0
108.20,Negin,AUIT_Single,CBA,0.650,1.740,1.174,17.4,357.9,-2.197,1.378,13.812,NaN,NaN,NaN,World,Video Quad,30.3,NaN,12.960,NaN,1,0,CabinetD06,None,0,0,0,0,0.0000,NaN,NaN,NaN,0
108.30,Negin,AUIT_Single,CBA,0.650,1.742,1.173,18.4,356.3,-2.197,1.378,13.812,NaN,NaN,NaN,World,Video Quad,31.5,NaN,12.961,NaN,1,0,CabinetD06,None,0,0,0,0,0.0000,NaN,NaN,NaN,0
108.40,Negin,AUIT_Single,CBA,0.649,1.740,1.172,19.0,357.1,-2.197,1.378,13.812,NaN,NaN,NaN,World,Video Quad,32.0,NaN,12.962,NaN,1,0,CabinetD06,None,0,0,0,0,0.0000,NaN,NaN,NaN,0
108.51,Negin,AUIT_Single,CBA,0.647,1.735,1.172,19.0,359.6,-2.197,1.378,13.812,NaN,NaN,NaN,World,Video Quad,31.7,NaN,12.961,NaN,1,0,CabinetD06,None,0,0,0,0,0.0000,NaN,NaN,NaN,0
108.61,Negin,AUIT_Single,CBA,0.647,1.734,1.173,18.7,0.4,-2.197,1.378,13.812,NaN,NaN,NaN,World,Video Quad,31.4,NaN,12.960,NaN,1,0,CabinetD06,None,0,0,0,0,0.0000,NaN,NaN,NaN,0
108.70,Negin,AUIT_Single,CBA,0.646,1.736,1.173,18.2,359.3,-2.197,1.378,13.812,NaN,NaN,NaN,World,Video Quad,31.0,NaN,12.960,NaN,1,0,CabinetD06,None,0,0,0,0,0.0000,NaN,NaN,NaN,0
108.80,Negin,AUIT_Single,CBA,0.646,1.739,1.174,17.2,357.9,-2.197,1.378,13.812,NaN,NaN,NaN,World,Video Quad,30.1,NaN,12.959,NaN,1,0,CabinetD06,None,0,0,0,0,0.0000,NaN,NaN,NaN,0
108.90,Negin,AUIT_Single,CBA,0.646,1.738,1.175,16.8,358.8,-2.197,1.378,13.812,NaN,NaN,NaN,World,Video Quad,29.6,NaN,12.958,NaN,1,0,CabinetD06,None,0,0,0,0,0.0000,NaN,NaN,NaN,0
109.01,Negin,AUIT_Single,CBA,0.647,1.735,1.178,16.6,0.7,-2.197,1.378,13.812,NaN,NaN,NaN,World,Video Quad,29.3,NaN,12.956,NaN,1,0,CabinetD06,None,0,0,0,0,0.0000,NaN,NaN,NaN,0
109.11,Negin,AUIT_Single,CBA,0.649,1.734,1.178,16.5,0.8,-2.197,1.378,13.812,NaN,NaN,NaN,World,Video Quad,29.2,NaN,12.955,NaN,1,0,CabinetD06,None,0,0,0,0,0.0000,NaN,NaN,NaN,0
109.20,Negin,AUIT_Single,CBA,0.650,1.735,1.178,16.2,0.6,-2.197,1.378,13.812,NaN,NaN,NaN,World,Video Quad,28.9,NaN,12.956,NaN,1,0,CabinetD06,None,0,0,0,0,0.0000,NaN,NaN,NaN,0
109.30,Negin,AUIT_Single,CBA,0.651,1.735,1.177,16.2,0.6,-2.197,1.378,13.812,NaN,NaN,NaN,World,Video Quad,28.9,NaN,12.957,NaN,1,0,CabinetD06,None,0,0,0,0,0.0000,NaN,NaN,NaN,0
109.40,Negin,AUIT_Single,CBA,0.654,1.737,1.178,16.6,359.7,-2.197,1.378,13.812,NaN,NaN,NaN,World,Video Quad,29.4,NaN,12.956,NaN,1,0,CabinetD06,None,0,0,0,0,0.0000,NaN,NaN,NaN,0
109.51,Negin,AUIT_Single,CBA,0.660,1.736,1.178,19.2,359.7,-2.197,1.378,13.812,NaN,NaN,NaN,World,Video Quad,32.0,NaN,12.958,NaN,1,0,CabinetD06,None,0,0,0,0,0.0000,NaN,NaN,NaN,0
109.61,Negin,AUIT_Single,CBA,0.667,1.731,1.177,24.3,2.9,-2.197,1.378,13.812,NaN,NaN,NaN,World,Video Quad,37.1,NaN,12.961,NaN,1,0,CabinetD06,None,0,0,0,0,0.0000,NaN,NaN,NaN,0
109.71,Negin,AUIT_Single,CBA,0.672,1.729,1.175,27.6,3.7,-2.197,1.378,13.812,NaN,NaN,NaN,World,Video Quad,40.4,NaN,12.964,NaN,1,0,CabinetD06,None,0,0,0,0,0.0000,NaN,NaN,NaN,0
109.80,Negin,AUIT_Single,CBA,0.673,1.729,1.174,28.6,3.8,-2.197,1.378,13.812,NaN,NaN,NaN,World,Video Quad,41.4,NaN,12.965,NaN,1,0,CabinetD06,None,0,0,0,0,0.0000,NaN,NaN,NaN,0
109.90,Negin,AUIT_Single,CBA,0.672,1.732,1.174,27.4,2.3,-2.197,1.378,13.812,NaN,NaN,NaN,World,Video Quad,40.1,NaN,12.964,NaN,1,0,CabinetD06,None,0,0,0,0,0.0000,NaN,NaN,NaN,0
110.01,Negin,AUIT_Single,CBA,0.667,1.733,1.175,23.9,1.8,-2.197,1.378,13.812,NaN,NaN,NaN,World,Video Quad,36.6,NaN,12.963,NaN,1,0,CabinetD06,None,0,0,0,0,0.0000,NaN,NaN,NaN,0
110.11,Negin,AUIT_Single,CBA,0.664,1.733,1.175,22.1,1.9,-2.197,1.378,13.812,NaN,NaN,NaN,World,Video Quad,34.9,NaN,12.962,NaN,1,0,CabinetD06,None,0,0,0,0,0.0000,NaN,NaN,NaN,0
110.21,Negin,AUIT_Single,CBA,0.662,1.733,1.174,22.2,1.1,-2.197,1.378,13.812,NaN,NaN,NaN,World,Video Quad,34.9,NaN,12.962,NaN,1,0,CabinetD06,None,0,0,0,0,0.0000,NaN,NaN,NaN,0
110.30,Negin,AUIT_Single,CBA,0.660,1.733,1.173,22.0,1.2,-2.197,1.378,13.812,NaN,NaN,NaN,World,Video Quad,34.7,NaN,12.963,NaN,1,0,CabinetD06,None,0,0,0,0,0.0000,NaN,NaN,NaN,0
110.40,Negin,AUIT_Single,CBA,0.657,1.735,1.172,21.7,0.1,-2.197,1.378,13.812,NaN,NaN,NaN,World,Video Quad,34.4,NaN,12.963,NaN,1,0,CabinetD06,None,0,0,0,0,0.0000,NaN,NaN,NaN,0
110.51,Negin,AUIT_Single,CBA,0.652,1.734,1.170,21.0,0.3,-2.197,1.378,13.812,NaN,NaN,NaN,World,Video Quad,33.7,NaN,12.964,NaN,1,0,CabinetD06,None,0,0,0,0,0.0000,NaN,NaN,NaN,0
110.61,Negin,AUIT_Single,CBA,0.648,1.734,1.169,21.1,359.9,-2.197,1.378,13.812,NaN,NaN,NaN,World,Video Quad,33.8,NaN,12.965,NaN,1,0,CabinetD06,None,0,0,0,0,0.0000,NaN,NaN,NaN,0
110.71,Negin,AUIT_Single,CBA,0.645,1.734,1.167,21.7,359.4,-2.197,1.378,13.812,NaN,NaN,NaN,World,Video Quad,34.4,NaN,12.965,NaN,1,0,CabinetD06,None,0,0,0,0,0.0000,NaN,NaN,NaN,0
110.80,Negin,AUIT_Single,CBA,0.642,1.734,1.167,22.2,359.1,-2.197,1.378,13.812,NaN,NaN,NaN,World,Video Quad,34.9,NaN,12.965,NaN,1,0,CabinetD06,None,0,0,0,0,0.0000,NaN,NaN,NaN,0
110.90,Negin,AUIT_Single,CBA,0.639,1.733,1.166,22.6,360.0,-2.197,1.378,13.812,NaN,NaN,NaN,World,Video Quad,35.3,NaN,12.965,NaN,1,0,CabinetD06,None,0,0,0,0,0.0000,NaN,NaN,NaN,0
111.01,Negin,AUIT_Single,CBA,0.638,1.735,1.168,22.2,359.0,-2.197,1.378,13.812,NaN,NaN,NaN,World,Video Quad,35.0,NaN,12.963,NaN,1,0,CabinetD06,None,0,0,0,0,0.0000,NaN,NaN,NaN,0
111.11,Negin,AUIT_Single,CBA,0.639,1.735,1.170,22.1,358.6,-2.197,1.378,13.812,NaN,NaN,NaN,World,Video Quad,34.9,NaN,12.961,NaN,1,0,CabinetD06,None,0,0,0,0,0.0000,NaN,NaN,NaN,0
111.21,Negin,AUIT_Single,CBA,0.640,1.735,1.173,22.1,359.2,-2.197,1.378,13.812,NaN,NaN,NaN,World,Video Quad,34.8,NaN,12.959,NaN,1,0,CabinetD06,None,0,0,0,0,0.0000,NaN,NaN,NaN,0
111.30,Negin,AUIT_Single,CBA,0.641,1.733,1.174,22.1,0.7,-2.197,1.378,13.812,NaN,NaN,NaN,World,Video Quad,34.8,NaN,12.958,NaN,1,0,CabinetD06,None,0,0,0,0,0.0000,NaN,NaN,NaN,0
111.40,Negin,AUIT_Single,CBA,0.642,1.733,1.176,22.6,0.1,-2.197,1.378,13.812,NaN,NaN,NaN,World,Video Quad,35.3,NaN,12.956,NaN,1,0,CabinetD06,None,0,0,0,0,0.0000,NaN,NaN,NaN,0
111.51,Negin,AUIT_Single,CBA,0.645,1.733,1.180,23.4,360.0,-2.197,1.378,13.812,NaN,NaN,NaN,World,Video Quad,36.1,NaN,12.953,NaN,1,0,CabinetD06,None,0,0,0,0,0.0000,NaN,NaN,NaN,0
111.61,Negin,AUIT_Single,CBA,0.647,1.733,1.184,22.3,359.6,-2.197,1.378,13.812,NaN,NaN,NaN,World,Video Quad,35.1,NaN,12.950,NaN,1,0,CabinetD06,None,0,0,0,0,0.0000,NaN,NaN,NaN,0
111.71,Negin,AUIT_Single,CBA,0.651,1.734,1.187,20.2,359.1,-2.197,1.378,13.812,NaN,NaN,NaN,World,Video Quad,32.9,NaN,12.947,NaN,1,0,CabinetD06,None,0,0,0,0,0.0000,NaN,NaN,NaN,0
111.80,Negin,AUIT_Single,CBA,0.660,1.732,1.192,20.4,0.4,-2.197,1.378,13.812,NaN,NaN,NaN,World,Video Quad,33.2,NaN,12.945,NaN,1,0,CabinetD06,None,0,0,0,0,0.0000,NaN,NaN,NaN,0
111.90,Negin,AUIT_Single,CBA,0.668,1.727,1.196,21.4,3.2,-2.197,1.378,13.812,NaN,NaN,NaN,World,Video Quad,34.2,NaN,12.942,NaN,1,0,CabinetD06,None,0,0,0,0,0.0000,NaN,NaN,NaN,0
112.01,Negin,AUIT_Single,CBA,0.674,1.731,1.201,23.1,0.9,-2.197,1.378,13.812,NaN,NaN,NaN,World,Video Quad,36.0,NaN,12.939,NaN,1,0,CabinetD06,None,0,0,0,0,0.0000,NaN,NaN,NaN,0
112.11,Negin,AUIT_Single,CBA,0.675,1.733,1.209,23.5,359.6,-2.197,1.378,13.812,NaN,NaN,NaN,World,Video Quad,36.4,NaN,12.931,NaN,1,0,CabinetD06,None,0,0,0,0,0.0000,NaN,NaN,NaN,0
112.21,Negin,AUIT_Single,CBA,0.675,1.733,1.219,24.2,359.4,-2.197,1.378,13.812,NaN,NaN,NaN,World,Video Quad,37.1,NaN,12.921,NaN,1,0,CabinetD06,None,0,0,0,0,0.0000,NaN,NaN,NaN,0
112.30,Negin,AUIT_Single,CBA,0.675,1.732,1.230,24.8,359.9,-2.197,1.378,13.812,NaN,NaN,NaN,World,Video Quad,37.7,NaN,12.911,NaN,1,0,CabinetD06,None,0,0,0,0,0.0000,NaN,NaN,NaN,0
112.40,Negin,AUIT_Single,CBA,0.676,1.732,1.240,25.2,359.9,-2.197,1.378,13.812,NaN,NaN,NaN,World,Video Quad,38.1,NaN,12.901,NaN,1,0,CabinetD06,None,0,0,0,0,0.0000,NaN,NaN,NaN,0
112.51,Negin,AUIT_Single,CBA,0.676,1.733,1.251,24.6,359.3,-2.197,1.378,13.812,NaN,NaN,NaN,World,Video Quad,37.5,NaN,12.890,NaN,1,0,CabinetD06,None,0,0,0,0,0.0000,NaN,NaN,NaN,0
112.61,Negin,AUIT_Single,CBA,0.676,1.735,1.260,24.1,358.7,-2.197,1.378,13.812,NaN,NaN,NaN,World,Video Quad,37.1,NaN,12.882,NaN,1,0,CabinetD06,None,0,0,0,0,0.0000,NaN,NaN,NaN,0
112.71,Negin,AUIT_Single,CBA,0.676,1.736,1.266,23.7,357.8,-2.197,1.378,13.812,NaN,NaN,NaN,World,Video Quad,36.8,NaN,12.876,NaN,1,0,CabinetD06,None,0,0,0,0,0.0000,NaN,NaN,NaN,0
112.80,Negin,AUIT_Single,CBA,0.677,1.738,1.271,23.5,356.6,-2.197,1.378,13.812,NaN,NaN,NaN,World,Video Quad,36.8,NaN,12.871,NaN,1,0,CabinetD06,None,0,0,0,0,0.0000,NaN,NaN,NaN,0
112.90,Negin,AUIT_Single,CBA,0.678,1.737,1.273,23.9,357.3,-2.197,1.378,13.812,NaN,NaN,NaN,World,Video Quad,37.1,NaN,12.870,NaN,1,0,CabinetD06,None,0,0,0,0,0.0000,NaN,NaN,NaN,0
113.01,Negin,AUIT_Single,CBA,0.676,1.735,1.268,25.3,359.2,-2.197,1.378,13.812,NaN,NaN,NaN,World,Video Quad,38.3,NaN,12.874,NaN,1,0,CabinetD06,None,0,0,0,0,0.0000,NaN,NaN,NaN,0
113.11,Negin,AUIT_Single,CBA,0.674,1.734,1.260,27.3,359.6,-2.197,1.378,13.812,NaN,NaN,NaN,World,Video Quad,40.2,NaN,12.882,NaN,1,0,CabinetD06,None,0,0,0,0,0.0000,NaN,NaN,NaN,0
113.21,Negin,AUIT_Single,CBA,0.672,1.734,1.251,29.7,359.6,-2.197,1.378,13.812,NaN,NaN,NaN,World,Video Quad,42.6,NaN,12.890,NaN,1,0,CabinetD06,None,0,0,0,0,0.0000,NaN,NaN,NaN,0
113.30,Negin,AUIT_Single,CBA,0.670,1.734,1.243,31.3,359.1,-2.197,1.378,13.812,NaN,NaN,NaN,World,Video Quad,44.2,NaN,12.897,NaN,1,0,CabinetD06,None,0,0,0,0,0.0000,NaN,NaN,NaN,0
113.40,Negin,AUIT_Single,CBA,0.670,1.733,1.235,32.3,359.3,-2.197,1.378,13.812,NaN,NaN,NaN,World,Video Quad,45.2,NaN,12.904,NaN,1,0,CabinetD06,None,0,0,0,0,0.0000,NaN,NaN,NaN,0
113.51,Negin,AUIT_Single,CBA,0.669,1.732,1.228,33.1,0.5,-2.197,1.378,13.812,NaN,NaN,NaN,World,Video Quad,45.9,NaN,12.912,NaN,1,0,CabinetD06,None,0,0,0,0,0.0000,NaN,NaN,NaN,0
113.61,Negin,AUIT_Single,CBA,0.668,1.732,1.222,34.2,0.8,-2.197,1.378,13.812,NaN,NaN,NaN,World,CabinetD05,47.1,NaN,12.917,NaN,1,0,CabinetD06,None,0,0,0,0,0.0000,NaN,NaN,NaN,0
113.71,Negin,AUIT_Single,CBA,0.669,1.731,1.216,37.6,1.4,-2.197,1.378,13.812,NaN,NaN,NaN,World,CabinetD05Door,50.4,NaN,12.924,NaN,1,0,CabinetD06,None,0,0,0,0,0.0000,NaN,NaN,NaN,0
113.80,Negin,AUIT_Single,CBA,0.675,1.730,1.207,44.4,1.9,-2.197,1.378,13.812,NaN,NaN,NaN,World,CabinetD05Door,57.2,NaN,12.933,NaN,1,0,CabinetD06,None,0,0,0,0,0.0000,NaN,NaN,NaN,0
113.90,Negin,AUIT_Single,CBA,0.680,1.728,1.197,50.9,2.7,-2.197,1.378,13.812,NaN,NaN,NaN,World,CabinetD05Door,63.7,NaN,12.944,NaN,1,0,CabinetD06,None,0,0,0,0,0.0000,NaN,NaN,NaN,0
114.01,Negin,AUIT_Single,CBA,0.683,1.728,1.191,52.7,2.2,-2.197,1.378,13.812,NaN,NaN,NaN,World,CabinetD05Door,65.5,NaN,12.951,NaN,1,0,CabinetD06,None,0,0,0,0,0.0000,NaN,NaN,NaN,0
114.11,Negin,AUIT_Single,CBA,0.679,1.730,1.191,48.7,1.2,-2.197,1.378,13.812,NaN,NaN,NaN,World,CabinetD05Door,61.6,NaN,12.950,NaN,1,0,CabinetD06,None,0,0,0,0,0.0000,NaN,NaN,NaN,0
114.21,Negin,AUIT_Single,CBA,0.672,1.730,1.192,42.3,1.0,-2.197,1.378,13.812,NaN,NaN,NaN,World,CabinetD05Door,55.1,NaN,12.947,NaN,1,0,CabinetD06,None,0,0,0,0,0.0000,NaN,NaN,NaN,0
114.30,Negin,AUIT_Single,CBA,0.666,1.731,1.193,37.4,0.5,-2.197,1.378,13.812,NaN,NaN,NaN,World,CabinetD05Door,50.1,NaN,12.945,NaN,1,0,CabinetD06,None,0,0,0,0,0.0000,NaN,NaN,NaN,0
114.41,Negin,AUIT_Single,CBA,0.660,1.731,1.192,35.1,0.2,-2.197,1.378,13.812,NaN,NaN,NaN,World,CabinetD05,47.9,NaN,12.944,NaN,1,0,CabinetD06,None,0,0,0,0,0.0000,NaN,NaN,NaN,0
114.51,Negin,AUIT_Single,CBA,0.658,1.732,1.192,33.6,359.7,-2.197,1.378,13.812,NaN,NaN,NaN,World,Video Quad,46.4,NaN,12.944,NaN,1,0,CabinetD06,None,0,0,0,0,0.0000,NaN,NaN,NaN,0
114.61,Negin,AUIT_Single,CBA,0.657,1.733,1.192,32.7,359.1,-2.197,1.378,13.812,NaN,NaN,NaN,World,Video Quad,45.5,NaN,12.944,NaN,1,0,CabinetD06,None,0,0,0,0,0.0000,NaN,NaN,NaN,0
114.70,Negin,AUIT_Single,CBA,0.657,1.732,1.192,32.4,359.3,-2.197,1.378,13.812,NaN,NaN,NaN,World,Video Quad,45.2,NaN,12.943,NaN,1,0,CabinetD06,None,0,0,0,0,0.0000,NaN,NaN,NaN,0
114.80,Negin,AUIT_Single,CBA,0.658,1.732,1.193,32.2,359.3,-2.197,1.378,13.812,NaN,NaN,NaN,World,Video Quad,45.0,NaN,12.943,NaN,1,0,CabinetD06,None,0,0,0,0,0.0000,NaN,NaN,NaN,0
114.91,Negin,AUIT_Single,CBA,0.657,1.733,1.196,31.0,359.0,-2.197,1.378,13.812,NaN,NaN,NaN,World,Video Quad,43.8,NaN,12.940,NaN,1,0,CabinetD06,None,0,0,0,0,0.0000,NaN,NaN,NaN,0
115.01,Negin,AUIT_Single,CBA,0.657,1.734,1.199,29.9,358.7,-2.197,1.378,13.812,NaN,NaN,NaN,World,Video Quad,42.7,NaN,12.937,NaN,1,0,CabinetD06,None,0,0,0,0,0.0000,NaN,NaN,NaN,0
115.11,Negin,AUIT_Single,CBA,0.656,1.735,1.202,29.1,358.4,-2.197,1.378,13.812,NaN,NaN,NaN,World,Video Quad,42.0,NaN,12.934,NaN,1,0,CabinetD06,None,0,0,0,0,0.0000,NaN,NaN,NaN,0
115.20,Negin,AUIT_Single,CBA,0.655,1.736,1.205,28.6,358.0,-2.197,1.378,13.812,NaN,NaN,NaN,World,Video Quad,41.5,NaN,12.931,NaN,1,0,CabinetD06,None,0,0,0,0,0.0000,NaN,NaN,NaN,0
115.30,Negin,AUIT_Single,CBA,0.655,1.736,1.208,28.4,358.1,-2.197,1.378,13.812,NaN,NaN,NaN,World,Video Quad,41.3,NaN,12.928,NaN,1,0,CabinetD06,None,0,0,0,0,0.0000,NaN,NaN,NaN,0
115.41,Negin,AUIT_Single,CBA,0.655,1.736,1.210,28.4,358.1,-2.197,1.378,13.812,NaN,NaN,NaN,World,Video Quad,41.3,NaN,12.926,NaN,1,0,CabinetD06,None,0,0,0,0,0.0000,NaN,NaN,NaN,0
115.51,Negin,AUIT_Single,CBA,0.655,1.736,1.211,28.3,358.2,-2.197,1.378,13.812,NaN,NaN,NaN,World,Video Quad,41.2,NaN,12.925,NaN,1,0,CabinetD06,None,0,0,0,0,0.0000,NaN,NaN,NaN,0
115.61,Negin,AUIT_Single,CBA,0.656,1.736,1.212,28.4,358.2,-2.197,1.378,13.812,NaN,NaN,NaN,World,Video Quad,41.2,NaN,12.924,NaN,1,0,CabinetD06,None,0,0,0,0,0.0000,NaN,NaN,NaN,0
115.70,Negin,AUIT_Single,CBA,0.656,1.736,1.213,28.5,358.2,-2.197,1.378,13.812,NaN,NaN,NaN,World,Video Quad,41.4,NaN,12.924,NaN,1,0,CabinetD06,None,0,0,0,0,0.0000,NaN,NaN,NaN,0
115.80,Negin,AUIT_Single,CBA,0.657,1.736,1.214,28.6,358.2,-2.197,1.378,13.812,NaN,NaN,NaN,World,Video Quad,41.4,NaN,12.923,NaN,1,0,CabinetD06,None,0,0,0,0,0.0000,NaN,NaN,NaN,0
115.91,Negin,AUIT_Single,CBA,0.656,1.730,1.216,29.3,1.3,-2.197,1.378,13.812,NaN,NaN,NaN,World,Video Quad,42.1,NaN,12.920,NaN,1,0,CabinetD06,None,0,0,0,0,0.0000,NaN,NaN,NaN,0
116.01,Negin,AUIT_Single,CBA,0.653,1.736,1.219,27.8,358.0,-2.197,1.378,13.812,NaN,NaN,NaN,World,Video Quad,40.7,NaN,12.917,NaN,1,0,CabinetD06,None,0,0,0,0,0.0000,NaN,NaN,NaN,0
116.11,Negin,AUIT_Single,CBA,0.652,1.739,1.217,26.7,355.7,-2.197,1.378,13.812,NaN,NaN,NaN,World,Video Quad,39.8,NaN,12.918,NaN,1,0,CabinetD06,None,0,0,0,0,0.0000,NaN,NaN,NaN,0
116.20,Negin,AUIT_Single,CBA,0.654,1.733,1.217,27.5,359.8,-2.197,1.378,13.812,NaN,NaN,NaN,World,Video Quad,40.2,NaN,12.918,NaN,1,0,CabinetD06,None,0,0,0,0,0.0000,NaN,NaN,NaN,0
116.30,Negin,AUIT_Single,CBA,0.658,1.736,1.218,29.3,357.9,-2.197,1.378,13.812,NaN,NaN,NaN,World,Video Quad,42.2,NaN,12.919,NaN,1,0,CabinetD06,None,0,0,0,0,0.0000,NaN,NaN,NaN,0
116.41,Negin,AUIT_Single,CBA,0.659,1.739,1.215,29.5,356.4,-2.197,1.378,13.812,NaN,NaN,NaN,World,Video Quad,42.6,NaN,12.922,NaN,1,0,CabinetD06,None,0,0,0,0,0.0000,NaN,NaN,NaN,0
116.51,Negin,AUIT_Single,CBA,0.661,1.737,1.216,29.7,357.5,-2.197,1.378,13.812,NaN,NaN,NaN,World,Video Quad,42.6,NaN,12.921,NaN,1,0,CabinetD06,None,0,0,0,0,0.0000,NaN,NaN,NaN,0
116.61,Negin,AUIT_Single,CBA,0.662,1.736,1.217,29.4,357.8,-2.197,1.378,13.812,NaN,NaN,NaN,World,Video Quad,42.3,NaN,12.921,NaN,1,0,CabinetD06,None,0,0,0,0,0.0000,NaN,NaN,NaN,0
116.70,Negin,AUIT_Single,CBA,0.662,1.738,1.217,28.2,357.0,-2.197,1.378,13.812,NaN,NaN,NaN,World,Video Quad,41.3,NaN,12.921,NaN,1,0,CabinetD06,None,0,0,0,0,0.0000,NaN,NaN,NaN,0
116.80,Negin,AUIT_Single,CBA,0.662,1.737,1.216,27.9,357.7,-2.197,1.378,13.812,NaN,NaN,NaN,World,Video Quad,40.9,NaN,12.922,NaN,1,0,CabinetD06,None,0,0,0,0,0.0000,NaN,NaN,NaN,0
116.91,Negin,AUIT_Single,CBA,0.661,1.739,1.216,27.4,356.7,-2.197,1.378,13.812,NaN,NaN,NaN,World,Video Quad,40.5,NaN,12.921,NaN,1,0,CabinetD06,None,0,0,0,0,0.0000,NaN,NaN,NaN,0
117.01,Negin,AUIT_Single,CBA,0.661,1.740,1.217,26.2,356.4,-2.197,1.378,13.812,NaN,NaN,NaN,World,Video Quad,39.3,NaN,12.920,NaN,1,0,CabinetD06,None,0,0,0,0,0.0000,NaN,NaN,NaN,0
117.11,Negin,AUIT_Single,CBA,0.660,1.739,1.218,25.1,356.4,-2.197,1.378,13.812,NaN,NaN,NaN,World,Video Quad,38.2,NaN,12.919,NaN,1,0,CabinetD06,None,0,0,0,0,0.0000,NaN,NaN,NaN,0
117.20,Negin,AUIT_Single,CBA,0.660,1.740,1.218,24.7,356.4,-2.197,1.378,13.812,NaN,NaN,NaN,World,Video Quad,37.8,NaN,12.919,NaN,1,0,CabinetD06,None,0,0,0,0,0.0000,NaN,NaN,NaN,0
117.30,Negin,AUIT_Single,CBA,0.661,1.739,1.218,24.9,356.7,-2.197,1.378,13.812,NaN,NaN,NaN,World,Video Quad,38.0,NaN,12.919,NaN,1,0,CabinetD06,None,0,0,0,0,0.0000,NaN,NaN,NaN,0
117.41,Negin,AUIT_Single,CBA,0.662,1.738,1.218,25.5,357.0,-2.197,1.378,13.812,NaN,NaN,NaN,World,Video Quad,38.5,NaN,12.920,NaN,1,0,CabinetD06,None,0,0,0,0,0.0000,NaN,NaN,NaN,0
117.51,Negin,AUIT_Single,CBA,0.661,1.736,1.218,25.6,358.7,-2.197,1.378,13.812,NaN,NaN,NaN,World,Video Quad,38.5,NaN,12.919,NaN,1,0,CabinetD06,None,0,0,0,0,0.0000,NaN,NaN,NaN,0
117.61,Negin,AUIT_Single,CBA,0.659,1.741,1.218,24.4,355.0,-2.197,1.378,13.812,NaN,NaN,NaN,World,Video Quad,37.8,NaN,12.919,NaN,1,0,CabinetD06,None,0,0,0,0,0.0000,NaN,NaN,NaN,0
117.70,Negin,AUIT_Single,CBA,0.658,1.739,1.216,24.5,355.9,-2.197,1.378,13.812,NaN,NaN,NaN,World,Video Quad,37.7,NaN,12.921,NaN,1,0,CabinetD06,None,0,0,0,0,0.0000,NaN,NaN,NaN,0
117.80,Negin,AUIT_Single,CBA,0.660,1.734,1.216,25.7,359.4,-2.197,1.378,13.812,NaN,NaN,NaN,World,Video Quad,38.5,NaN,12.921,NaN,1,0,CabinetD06,None,0,0,0,0,0.0000,NaN,NaN,NaN,0
117.91,Negin,AUIT_Single,CBA,0.660,1.735,1.216,26.4,358.3,-2.197,1.378,13.812,NaN,NaN,NaN,World,Video Quad,39.3,NaN,12.921,NaN,1,0,CabinetD06,None,0,0,0,0,0.0000,NaN,NaN,NaN,0
118.01,Negin,AUIT_Single,CBA,0.659,1.741,1.214,26.1,354.5,-2.197,1.378,13.812,NaN,NaN,NaN,World,Video Quad,39.5,NaN,12.923,NaN,1,0,CabinetD06,None,0,0,0,0,0.0000,NaN,NaN,NaN,0
118.11,Negin,AUIT_Single,CBA,0.659,1.738,1.214,26.5,356.6,-2.197,1.378,13.812,NaN,NaN,NaN,World,Video Quad,39.6,NaN,12.923,NaN,1,0,CabinetD06,None,0,0,0,0,0.0000,NaN,NaN,NaN,0
118.20,Negin,AUIT_Single,CBA,0.660,1.736,1.215,26.9,358.5,-2.197,1.378,13.812,NaN,NaN,NaN,World,Video Quad,39.8,NaN,12.922,NaN,1,0,CabinetD06,None,0,0,0,0,0.0000,NaN,NaN,NaN,0
118.30,Negin,AUIT_Single,CBA,0.659,1.738,1.215,26.1,356.8,-2.197,1.378,13.812,NaN,NaN,NaN,World,Video Quad,39.1,NaN,12.922,NaN,1,0,CabinetD06,None,0,0,0,0,0.0000,NaN,NaN,NaN,0
118.41,Negin,AUIT_Single,CBA,0.657,1.739,1.214,25.1,356.6,-2.197,1.378,13.812,NaN,NaN,NaN,World,Video Quad,38.2,NaN,12.923,NaN,1,0,CabinetD06,None,0,0,0,0,0.0000,NaN,NaN,NaN,0
118.51,Negin,AUIT_Single,CBA,0.657,1.735,1.215,24.8,358.8,-2.197,1.378,13.812,NaN,NaN,NaN,World,Video Quad,37.6,NaN,12.921,NaN,1,0,CabinetD06,None,0,0,0,0,0.0000,NaN,NaN,NaN,0
118.61,Negin,AUIT_Single,CBA,0.655,1.736,1.216,24.2,358.0,-2.197,1.378,13.812,NaN,NaN,NaN,World,Video Quad,37.1,NaN,12.920,NaN,1,0,CabinetD06,None,0,0,0,0,0.0000,NaN,NaN,NaN,0
118.70,Negin,AUIT_Single,CBA,0.653,1.737,1.216,23.5,357.3,-2.197,1.378,13.812,NaN,NaN,NaN,World,Video Quad,36.5,NaN,12.920,NaN,1,0,CabinetD06,None,0,0,0,0,0.0000,NaN,NaN,NaN,0
118.80,Negin,AUIT_Single,CBA,0.652,1.738,1.217,22.6,356.6,-2.197,1.378,13.812,NaN,NaN,NaN,World,Video Quad,35.7,NaN,12.919,NaN,1,0,CabinetD06,None,0,0,0,0,0.0000,NaN,NaN,NaN,0
118.91,Negin,AUIT_Single,CBA,0.652,1.738,1.216,22.5,357.0,-2.197,1.378,13.812,NaN,NaN,NaN,World,Video Quad,35.5,NaN,12.919,NaN,1,0,CabinetD06,None,0,0,0,0,0.0000,NaN,NaN,NaN,0
119.01,Negin,AUIT_Single,CBA,0.653,1.737,1.216,22.7,357.1,-2.197,1.378,13.812,NaN,NaN,NaN,World,Video Quad,35.7,NaN,12.920,NaN,1,0,CabinetD06,None,0,0,0,0,0.0000,NaN,NaN,NaN,0
119.11,Negin,AUIT_Single,CBA,0.654,1.737,1.215,22.9,357.2,-2.197,1.378,13.812,NaN,NaN,NaN,World,Video Quad,35.9,NaN,12.921,NaN,1,0,CabinetD06,None,0,0,0,0,0.0000,NaN,NaN,NaN,0
119.20,Negin,AUIT_Single,CBA,0.655,1.737,1.215,23.0,357.2,-2.197,1.378,13.812,NaN,NaN,NaN,World,Video Quad,36.0,NaN,12.921,NaN,1,0,CabinetD06,None,0,0,0,0,0.0000,NaN,NaN,NaN,0
119.30,Negin,AUIT_Single,CBA,0.655,1.737,1.215,23.0,357.2,-2.197,1.378,13.812,NaN,NaN,NaN,World,Video Quad,36.0,NaN,12.921,NaN,1,0,CabinetD06,None,0,0,0,0,0.0000,NaN,NaN,NaN,0
119.41,Negin,AUIT_Single,CBA,0.655,1.736,1.216,23.1,357.2,-2.197,1.378,13.812,NaN,NaN,NaN,World,Video Quad,36.1,NaN,12.920,NaN,1,0,CabinetD06,None,0,0,0,0,0.0000,NaN,NaN,NaN,0
119.51,Negin,AUIT_Single,CBA,0.655,1.736,1.217,23.0,357.3,-2.197,1.378,13.812,NaN,NaN,NaN,World,Video Quad,36.0,NaN,12.919,NaN,1,0,CabinetD06,None,0,0,0,0,0.0000,NaN,NaN,NaN,0
119.61,Negin,AUIT_Single,CBA,0.654,1.736,1.218,22.6,357.2,-2.197,1.378,13.812,NaN,NaN,NaN,World,Video Quad,35.6,NaN,12.918,NaN,1,0,CabinetD06,None,0,0,0,0,0.0000,NaN,NaN,NaN,0
119.70,Negin,AUIT_Single,CBA,0.654,1.737,1.219,22.4,357.1,-2.197,1.378,13.812,NaN,NaN,NaN,World,Video Quad,35.5,NaN,12.917,NaN,1,0,CabinetD06,None,0,0,0,0,0.0000,NaN,NaN,NaN,0
119.80,Negin,AUIT_Single,CBA,0.653,1.737,1.221,22.4,357.1,-2.197,1.378,13.812,NaN,NaN,NaN,World,Video Quad,35.5,NaN,12.915,NaN,1,0,CabinetD06,None,0,0,0,0,0.0000,NaN,NaN,NaN,0
119.91,Negin,AUIT_Single,CBA,0.653,1.737,1.223,22.4,356.9,-2.197,1.378,13.812,NaN,NaN,NaN,World,Video Quad,35.5,NaN,12.913,NaN,1,0,CabinetD06,None,0,0,0,0,0.0000,NaN,NaN,NaN,0
120.01,Negin,AUIT_Single,CBA,0.653,1.738,1.225,22.4,356.5,-2.197,1.378,13.812,NaN,NaN,NaN,World,Video Quad,35.5,NaN,12.911,NaN,1,0,CabinetD06,None,0,0,0,0,0.0000,NaN,NaN,NaN,0
120.11,Negin,AUIT_Single,CBA,0.652,1.737,1.226,22.3,357.0,-2.197,1.378,13.812,NaN,NaN,NaN,World,Video Quad,35.4,NaN,12.910,NaN,1,0,CabinetD06,None,0,0,0,0,0.0000,NaN,NaN,NaN,0
120.20,Negin,AUIT_Single,CBA,0.651,1.736,1.226,21.6,357.4,-2.197,1.378,13.812,NaN,NaN,NaN,World,Video Quad,34.5,NaN,12.909,NaN,1,0,CabinetD06,None,0,0,0,0,0.0000,NaN,NaN,NaN,0
120.30,Negin,AUIT_Single,CBA,0.649,1.736,1.226,20.8,357.3,-2.197,1.378,13.812,NaN,NaN,NaN,World,Video Quad,33.8,NaN,12.909,NaN,1,0,CabinetD06,None,0,0,0,0,0.0000,NaN,NaN,NaN,0
120.40,Negin,AUIT_Single,CBA,0.649,1.736,1.226,20.4,357.2,-2.197,1.378,13.812,NaN,NaN,NaN,World,Video Quad,33.5,NaN,12.909,NaN,1,0,CabinetD06,None,0,0,0,0,0.0000,NaN,NaN,NaN,0
120.51,Negin,AUIT_Single,CBA,0.649,1.735,1.226,20.5,357.1,-2.197,1.378,13.812,NaN,NaN,NaN,World,Video Quad,33.5,NaN,12.909,NaN,1,0,CabinetD06,None,0,0,0,0,0.0000,NaN,NaN,NaN,0
120.61,Negin,AUIT_Single,CBA,0.650,1.734,1.226,20.5,357.2,-2.197,1.378,13.812,NaN,NaN,NaN,World,Video Quad,33.5,NaN,12.909,NaN,1,0,CabinetD06,None,0,0,0,0,0.0000,NaN,NaN,NaN,0
120.70,Negin,AUIT_Single,CBA,0.651,1.734,1.226,20.2,357.0,-2.197,1.378,13.812,NaN,NaN,NaN,World,Video Quad,33.3,NaN,12.909,NaN,1,0,CabinetD06,None,0,0,0,0,0.0000,NaN,NaN,NaN,0
120.80,Negin,AUIT_Single,CBA,0.653,1.733,1.226,19.9,356.6,-2.197,1.378,13.812,NaN,NaN,NaN,World,Video Quad,33.0,NaN,12.909,NaN,1,0,CabinetD06,None,0,0,0,0,0.0000,NaN,NaN,NaN,0
120.90,Negin,AUIT_Single,CBA,0.654,1.733,1.227,19.2,356.8,-2.197,1.378,13.812,NaN,NaN,NaN,World,Video Quad,32.3,NaN,12.909,NaN,1,0,CabinetD06,None,0,0,0,0,0.0000,NaN,NaN,NaN,0
121.01,Negin,AUIT_Single,CBA,0.654,1.734,1.227,18.0,356.6,-2.197,1.378,13.812,NaN,NaN,NaN,World,Video Quad,31.1,NaN,12.909,NaN,1,0,CabinetD06,None,0,0,0,0,0.0000,NaN,NaN,NaN,0
121.11,Negin,AUIT_Single,CBA,0.653,1.735,1.228,16.5,356.2,-2.197,1.378,13.812,NaN,NaN,NaN,World,Video Quad,29.7,NaN,12.908,NaN,1,0,CabinetD06,None,0,0,0,0,0.0000,NaN,NaN,NaN,0
121.20,Negin,AUIT_Single,CBA,0.651,1.737,1.226,14.6,356.2,-2.197,1.378,13.812,NaN,NaN,NaN,World,Video Quad,27.9,NaN,12.909,NaN,1,0,CabinetD06,None,0,0,0,0,0.0000,NaN,NaN,NaN,0
121.30,Negin,AUIT_Single,CBA,0.650,1.737,1.222,13.2,356.7,-2.197,1.378,13.812,NaN,NaN,NaN,World,Video Quad,26.4,NaN,12.913,NaN,1,0,CabinetD06,None,0,0,0,0,0.0000,NaN,NaN,NaN,0
121.40,Negin,AUIT_Single,CBA,0.648,1.737,1.215,12.1,357.1,-2.197,1.378,13.812,NaN,NaN,NaN,World,Video Quad,25.3,NaN,12.920,NaN,1,0,CabinetD06,None,0,0,0,0,0.0000,NaN,NaN,NaN,0
121.51,Negin,AUIT_Single,CBA,0.646,1.739,1.208,10.6,355.4,-2.197,1.378,13.812,NaN,NaN,NaN,World,Video Quad,24.1,NaN,12.926,NaN,1,0,CabinetD06,None,1,0,0,0,0.0000,NaN,NaN,NaN,0
121.61,Negin,AUIT_Single,CBA,0.645,1.741,1.203,8.2,355.1,-2.197,1.378,13.812,NaN,NaN,NaN,World,Video Quad,21.9,NaN,12.931,NaN,1,0,CabinetD06,None,1,0,0,0,0.0000,NaN,NaN,NaN,0
121.70,Negin,AUIT_Single,CBA,0.647,1.741,1.196,6.4,355.7,-2.197,1.378,13.812,NaN,NaN,NaN,World,Video Quad,20.0,NaN,12.938,NaN,1,0,CabinetD06,None,1,0,0,0,0.0000,NaN,NaN,NaN,0
121.80,Negin,AUIT_Single,CBA,0.653,1.740,1.185,5.1,356.9,-2.197,1.378,13.812,NaN,NaN,NaN,World,Video Quad,18.4,NaN,12.950,NaN,1,0,CabinetD06,None,1,0,0,0,0.0000,NaN,NaN,NaN,0
121.90,Negin,AUIT_Single,CBA,0.664,1.741,1.170,5.0,356.6,-2.197,1.378,13.812,NaN,NaN,NaN,World,Video Quad,18.4,NaN,12.967,NaN,1,0,CabinetD06,None,1,0,0,0,0.0000,NaN,NaN,NaN,0
122.01,Negin,AUIT_Single,CBA,0.679,1.745,1.149,4.8,354.8,-2.197,1.378,13.812,NaN,NaN,NaN,World,Video Quad,18.8,NaN,12.991,NaN,1,0,CabinetD06,None,1,0,0,0,0.0000,NaN,NaN,NaN,0
122.11,Negin,AUIT_Single,CBA,0.696,1.748,1.131,3.1,353.4,-2.197,1.378,13.812,NaN,NaN,NaN,World,Video Quad,18.0,NaN,13.013,NaN,1,0,CabinetD06,None,1,0,0,0,0.0000,NaN,NaN,NaN,0
122.21,Negin,AUIT_Single,CBA,0.714,1.752,1.112,0.8,352.5,-2.197,1.378,13.812,NaN,NaN,NaN,World,CabinetD05,16.5,NaN,13.035,NaN,1,0,CabinetD06,None,1,0,0,0,0.0000,NaN,NaN,NaN,0
122.30,Negin,AUIT_Single,CBA,0.735,1.758,1.095,358.3,351.8,-2.197,1.378,13.812,NaN,NaN,NaN,World,CabinetD05,15.0,NaN,13.057,NaN,1,0,CabinetD06,None,1,0,0,0,0.0000,NaN,NaN,NaN,0
122.40,Negin,AUIT_Single,CBA,0.755,1.758,1.077,356.7,351.7,-2.197,1.378,13.812,NaN,NaN,NaN,World,CabinetD05,14.0,NaN,13.079,NaN,1,0,CabinetD06,None,1,0,0,0,0.0000,NaN,NaN,NaN,0
122.51,Negin,AUIT_Single,CBA,0.774,1.756,1.056,354.9,352.1,-2.197,1.378,13.812,NaN,NaN,NaN,World,CabinetD05,12.5,NaN,13.103,NaN,1,0,CabinetD06,None,1,0,0,0,0.0000,NaN,NaN,NaN,0
122.61,Negin,AUIT_Single,CBA,0.788,1.754,1.041,353.5,351.7,-2.197,1.378,13.812,NaN,NaN,NaN,World,CabinetD05,12.0,NaN,13.121,NaN,1,0,CabinetD06,None,1,0,0,0,0.0000,NaN,NaN,NaN,0
122.71,Negin,AUIT_Single,CBA,0.799,1.753,1.027,352.3,351.2,-2.197,1.378,13.812,NaN,NaN,NaN,World,CabinetD05,11.7,NaN,13.137,NaN,1,0,CabinetD06,None,1,0,0,0,0.0000,NaN,NaN,NaN,0
122.80,Negin,AUIT_Single,CBA,0.808,1.750,1.014,351.1,351.9,-2.197,1.378,13.812,NaN,NaN,NaN,World,CabinetD05,10.6,NaN,13.151,NaN,1,0,CabinetD06,None,1,0,0,0,0.0000,NaN,NaN,NaN,0
122.90,Negin,AUIT_Single,CBA,0.814,1.749,1.004,349.7,352.5,-2.197,1.378,13.812,NaN,NaN,NaN,World,Video Quad,9.6,NaN,13.162,NaN,1,0,CabinetD06,None,1,0,0,0,0.0000,NaN,NaN,NaN,0
123.01,Negin,AUIT_Single,CBA,0.820,1.751,0.995,348.7,351.9,-2.197,1.378,13.812,NaN,NaN,NaN,World,CabinetD05,9.9,NaN,13.173,NaN,1,0,CabinetD06,None,1,0,0,0,0.0000,NaN,NaN,NaN,0
123.11,Negin,AUIT_Single,CBA,0.824,1.752,0.990,348.2,351.3,-2.197,1.378,13.812,NaN,NaN,NaN,World,CabinetD05,10.5,NaN,13.178,NaN,1,0,CabinetD06,None,1,0,0,0,0.0000,NaN,NaN,NaN,0
123.20,Negin,AUIT_Single,CBA,0.826,1.753,0.988,348.2,351.0,-2.197,1.378,13.812,NaN,NaN,NaN,World,CabinetD05,10.7,NaN,13.181,NaN,1,0,CabinetD06,None,1,0,0,0,0.0000,NaN,NaN,NaN,0
123.30,Negin,AUIT_Single,CBA,0.826,1.753,0.987,348.5,350.4,-2.197,1.378,13.812,NaN,NaN,NaN,World,CabinetD05,11.4,NaN,13.182,NaN,1,0,CabinetD06,None,1,0,0,0,0.0000,NaN,NaN,NaN,0
123.40,Negin,AUIT_Single,CBA,0.824,1.755,0.990,349.4,349.8,-2.197,1.378,13.812,NaN,NaN,NaN,World,CabinetD05,12.1,NaN,13.179,NaN,1,0,CabinetD06,None,1,0,0,0,0.0000,NaN,NaN,NaN,0
123.51,Negin,AUIT_Single,CBA,0.819,1.755,0.998,350.6,349.7,-2.197,1.378,13.812,NaN,NaN,NaN,World,CabinetD05,12.6,NaN,13.170,NaN,1,0,CabinetD06,None,1,0,0,0,0.0000,NaN,NaN,NaN,0
123.61,Negin,AUIT_Single,CBA,0.812,1.756,1.008,351.7,349.4,-2.197,1.378,13.812,NaN,NaN,NaN,World,CabinetD05,13.2,NaN,13.159,NaN,1,0,CabinetD06,None,1,0,0,0,0.0000,NaN,NaN,NaN,0
123.70,Negin,AUIT_Single,CBA,0.804,1.758,1.019,352.7,349.6,-2.197,1.378,13.812,NaN,NaN,NaN,World,CabinetD05,13.5,NaN,13.146,NaN,1,0,CabinetD06,None,1,0,0,0,0.0000,NaN,NaN,NaN,0
123.80,Negin,AUIT_Single,CBA,0.796,1.759,1.030,353.7,349.0,-2.197,1.378,13.812,NaN,NaN,NaN,World,CabinetD05,14.4,NaN,13.134,NaN,1,0,CabinetD06,None,1,0,0,0,0.0000,NaN,NaN,NaN,0
123.90,Negin,AUIT_Single,CBA,0.790,1.759,1.041,355.2,348.7,-2.197,1.378,13.812,NaN,NaN,NaN,World,CabinetD05,15.4,NaN,13.122,NaN,1,0,CabinetD06,None,1,0,0,0,0.0000,NaN,NaN,NaN,0
124.01,Negin,AUIT_Single,CBA,0.783,1.759,1.053,356.7,348.8,-2.197,1.378,13.812,NaN,NaN,NaN,World,CabinetD05,16.2,NaN,13.108,NaN,1,0,CabinetD06,None,1,0,0,0,0.0000,NaN,NaN,NaN,0
124.11,Negin,AUIT_Single,CBA,0.777,1.758,1.063,357.6,348.8,-2.197,1.378,13.812,NaN,NaN,NaN,World,CabinetD05,16.7,NaN,13.098,NaN,1,0,CabinetD06,None,1,0,0,0,0.0000,NaN,NaN,NaN,0
124.20,Negin,AUIT_Single,CBA,0.773,1.759,1.072,358.4,348.7,-2.197,1.378,13.812,NaN,NaN,NaN,World,CabinetD05,17.3,NaN,13.088,NaN,1,0,CabinetD06,None,1,0,0,0,0.0000,NaN,NaN,NaN,0
124.30,Negin,AUIT_Single,CBA,0.770,1.759,1.080,359.0,348.7,-2.197,1.378,13.812,NaN,NaN,NaN,World,CabinetD05,17.7,NaN,13.079,NaN,1,0,CabinetD06,None,1,0,0,0,0.0000,NaN,NaN,NaN,0
124.40,Negin,AUIT_Single,CBA,0.768,1.759,1.088,359.3,348.9,-2.197,1.378,13.812,NaN,NaN,NaN,World,CabinetD05,17.8,NaN,13.070,NaN,1,0,CabinetD06,None,1,0,0,0,0.0000,NaN,NaN,NaN,0
124.51,Negin,AUIT_Single,CBA,0.766,1.759,1.096,359.3,349.2,-2.197,1.378,13.812,NaN,NaN,NaN,World,CabinetD05,17.6,NaN,13.062,NaN,1,0,CabinetD06,None,1,0,0,0,0.0000,NaN,NaN,NaN,0
124.61,Negin,AUIT_Single,CBA,0.764,1.758,1.102,359.3,349.6,-2.197,1.378,13.812,NaN,NaN,NaN,World,CabinetD05,17.2,NaN,13.056,NaN,1,0,CabinetD06,None,1,0,0,0,0.0000,NaN,NaN,NaN,0
124.71,Negin,AUIT_Single,CBA,0.764,1.757,1.107,359.6,349.9,-2.197,1.378,13.812,NaN,NaN,NaN,World,CabinetD05,17.3,NaN,13.051,NaN,1,0,CabinetD06,None,1,0,0,0,0.0000,NaN,NaN,NaN,0
124.80,Negin,AUIT_Single,CBA,0.764,1.757,1.111,0.0,350.2,-2.197,1.378,13.812,NaN,NaN,NaN,World,CabinetD05,17.4,NaN,13.048,NaN,1,0,CabinetD06,None,1,0,0,0,0.0000,NaN,NaN,NaN,0
124.90,Negin,AUIT_Single,CBA,0.764,1.757,1.113,0.6,350.2,-2.197,1.378,13.812,NaN,NaN,NaN,World,CabinetD05,17.9,NaN,13.045,NaN,1,0,CabinetD06,None,1,0,0,0,0.0000,NaN,NaN,NaN,0
125.01,Negin,AUIT_Single,CBA,0.766,1.757,1.117,0.8,350.3,-2.197,1.378,13.812,NaN,NaN,NaN,World,CabinetD05,17.9,NaN,13.042,NaN,1,0,CabinetD06,None,1,0,0,0,0.0000,NaN,NaN,NaN,0
125.11,Negin,AUIT_Single,CBA,0.766,1.757,1.120,0.2,350.3,-2.197,1.378,13.812,NaN,NaN,NaN,World,CabinetD05,17.5,NaN,13.039,NaN,1,0,CabinetD06,None,1,0,0,0,0.0000,NaN,NaN,NaN,0
125.20,Negin,AUIT_Single,CBA,0.766,1.757,1.124,359.5,350.6,-2.197,1.378,13.812,NaN,NaN,NaN,World,CabinetD05,16.8,NaN,13.035,NaN,1,0,CabinetD06,None,1,0,0,0,0.0000,NaN,NaN,NaN,0
125.30,Negin,AUIT_Single,CBA,0.767,1.756,1.128,359.1,350.9,-2.197,1.378,13.812,NaN,NaN,NaN,World,CabinetD05,16.2,NaN,13.032,NaN,1,0,CabinetD06,None,1,0,0,0,0.0000,NaN,NaN,NaN,0
125.40,Negin,AUIT_Single,CBA,0.767,1.757,1.131,358.5,350.9,-2.197,1.378,13.812,NaN,NaN,NaN,World,CabinetD05,15.8,NaN,13.029,NaN,1,0,CabinetD06,None,1,0,0,0,0.0000,NaN,NaN,NaN,0
125.51,Negin,AUIT_Single,CBA,0.766,1.757,1.135,358.0,351.0,-2.197,1.378,13.812,NaN,NaN,NaN,World,CabinetD05,15.4,NaN,13.024,NaN,1,0,CabinetD06,None,1,0,0,0,0.0000,NaN,NaN,NaN,0
125.61,Negin,AUIT_Single,CBA,0.765,1.757,1.138,357.8,351.2,-2.197,1.378,13.812,NaN,NaN,NaN,World,CabinetD05,15.1,NaN,13.021,NaN,1,0,CabinetD06,None,1,0,0,0,0.0000,NaN,NaN,NaN,0
125.70,Negin,AUIT_Single,CBA,0.763,1.755,1.142,357.7,351.7,-2.197,1.378,13.812,NaN,NaN,NaN,World,CabinetD05,14.7,NaN,13.017,NaN,1,0,CabinetD06,None,1,0,0,0,0.0000,NaN,NaN,NaN,0
125.80,Negin,AUIT_Single,CBA,0.760,1.754,1.144,356.9,352.4,-2.197,1.378,13.812,NaN,NaN,NaN,World,CabinetD05,13.7,NaN,13.014,NaN,1,0,CabinetD06,None,1,0,0,0,0.0000,NaN,NaN,NaN,0
125.90,Negin,AUIT_Single,CBA,0.757,1.754,1.145,356.2,352.6,-2.197,1.378,13.812,NaN,NaN,NaN,World,CabinetD05,13.0,NaN,13.013,NaN,1,0,CabinetD06,None,1,0,0,0,0.0000,NaN,NaN,NaN,0
126.01,Negin,AUIT_Single,CBA,0.754,1.754,1.145,355.6,352.2,-2.197,1.378,13.812,NaN,NaN,NaN,World,CabinetD05,12.9,NaN,13.011,NaN,1,0,CabinetD06,None,1,0,0,0,0.0000,NaN,NaN,NaN,0
126.11,Negin,AUIT_Single,CBA,0.749,1.755,1.145,353.6,352.2,-2.197,1.378,13.812,NaN,NaN,NaN,World,CabinetD05,11.6,NaN,13.010,NaN,1,0,CabinetD06,None,1,0,0,0,0.0000,NaN,NaN,NaN,0
126.20,Negin,AUIT_Single,CBA,0.739,1.753,1.144,348.4,353.0,-2.197,1.378,13.812,NaN,NaN,NaN,World,CabinetD06,8.7,NaN,13.010,NaN,1,0,CabinetD06,None,1,0,0,0,0.0000,NaN,NaN,NaN,0
126.30,Negin,AUIT_Single,CBA,0.727,1.751,1.139,341.9,354.2,-2.197,1.378,13.812,NaN,NaN,NaN,World,CabinetD06,9.0,NaN,13.012,NaN,1,0,CabinetD06,None,1,0,0,0,0.0000,NaN,NaN,NaN,0
126.40,Negin,AUIT_Single,CBA,0.715,1.749,1.132,335.4,355.1,-2.197,1.378,13.812,NaN,NaN,NaN,World,CabinetD06,13.4,NaN,13.015,NaN,1,0,CabinetD06,None,1,0,0,0,0.0000,NaN,NaN,NaN,0
126.51,Negin,AUIT_Single,CBA,0.703,1.748,1.125,330.9,355.6,-2.197,1.378,13.812,NaN,NaN,NaN,World,CabinetD06,17.3,NaN,13.020,NaN,1,0,CabinetD06,None,1,0,0,0,0.0000,NaN,NaN,NaN,0
126.61,Negin,AUIT_Single,CBA,0.694,1.747,1.119,329.7,356.3,-2.197,1.378,13.812,NaN,NaN,NaN,World,CabinetD06,18.3,NaN,13.023,NaN,1,0,CabinetD06,None,1,0,0,0,0.0000,NaN,NaN,NaN,0
126.70,Negin,AUIT_Single,CBA,0.686,1.747,1.114,328.9,356.4,-2.197,1.378,13.812,NaN,NaN,NaN,World,CabinetD06,19.1,NaN,13.027,NaN,1,0,CabinetD06,None,1,0,0,0,0.0000,NaN,NaN,NaN,0
126.80,Negin,AUIT_Single,CBA,0.678,1.746,1.109,327.8,357.0,-2.197,1.378,13.812,NaN,NaN,NaN,World,CabinetD06,20.0,NaN,13.030,NaN,1,0,CabinetD06,None,1,0,0,0,0.0000,NaN,NaN,NaN,0
126.90,Negin,AUIT_Single,CBA,0.670,1.745,1.105,326.7,357.3,-2.197,1.378,13.812,NaN,NaN,NaN,World,CabinetD06,21.0,NaN,13.032,NaN,1,0,CabinetD06,None,1,0,0,0,0.0000,NaN,NaN,NaN,0
127.01,Negin,AUIT_Single,CBA,0.663,1.745,1.102,326.0,357.7,-2.197,1.378,13.812,NaN,NaN,NaN,World,CabinetD06,21.7,NaN,13.033,NaN,1,0,CabinetD06,None,1,0,0,0,0.0000,NaN,NaN,NaN,0
127.11,Negin,AUIT_Single,CBA,0.658,1.746,1.101,326.3,357.9,-2.197,1.378,13.812,NaN,NaN,NaN,World,CabinetD06,21.4,NaN,13.033,NaN,1,0,CabinetD06,None,1,0,0,0,0.0000,NaN,NaN,NaN,0
127.20,Negin,AUIT_Single,CBA,0.655,1.746,1.100,327.1,358.1,-2.197,1.378,13.812,NaN,NaN,NaN,World,CabinetD06,20.6,NaN,13.034,NaN,1,0,CabinetD06,None,1,0,0,0,0.0000,NaN,NaN,NaN,0
127.30,Negin,AUIT_Single,CBA,0.652,1.744,1.099,328.5,358.4,-2.197,1.378,13.812,NaN,NaN,NaN,World,CabinetD06,19.1,NaN,13.034,NaN,1,0,CabinetD06,None,1,0,0,0,0.0000,NaN,NaN,NaN,0
127.40,Negin,AUIT_Single,CBA,0.652,1.743,1.097,330.0,359.2,-2.197,1.378,13.812,NaN,NaN,NaN,World,CabinetD06,17.5,NaN,13.036,NaN,1,0,CabinetD06,None,1,0,0,0,0.0000,NaN,NaN,NaN,0
127.59,Negin,AUIT_Single,CBA,0.650,1.740,1.092,330.6,0.1,-2.197,1.378,13.812,NaN,NaN,NaN,World,CabinetD06,16.9,NaN,13.040,NaN,1,0,CabinetD06,None,1,0,0,0,0.0000,NaN,NaN,NaN,0
127.61,Negin,AUIT_Single,CBA,0.650,1.739,1.089,330.9,0.8,-2.197,1.378,13.812,NaN,NaN,NaN,World,Video Quad,16.5,NaN,13.043,NaN,1,0,CabinetD06,None,1,0,0,0,0.0000,NaN,NaN,NaN,0
127.70,Negin,AUIT_Single,CBA,0.652,1.739,1.083,331.5,1.0,-2.197,1.378,13.812,NaN,NaN,NaN,World,Video Quad,15.9,NaN,13.049,NaN,1,0,CabinetD06,None,1,0,0,0,0.0000,NaN,NaN,NaN,0
127.80,Negin,AUIT_Single,CBA,0.654,1.740,1.077,331.5,0.8,-2.197,1.378,13.812,NaN,NaN,NaN,World,Video Quad,15.9,NaN,13.056,NaN,1,0,CabinetD06,None,1,0,0,0,0.0000,NaN,NaN,NaN,0
127.90,Negin,AUIT_Single,CBA,0.656,1.740,1.070,331.2,0.7,-2.197,1.378,13.812,NaN,NaN,NaN,World,Video Quad,16.2,NaN,13.063,NaN,1,0,CabinetD06,None,1,0,0,0,0.0000,NaN,NaN,NaN,0
128.01,Negin,AUIT_Single,CBA,0.657,1.740,1.061,330.3,0.1,-2.197,1.378,13.812,NaN,NaN,NaN,World,Video Quad,17.2,NaN,13.071,NaN,1,0,CabinetD06,None,1,0,0,0,0.0000,NaN,NaN,NaN,0
128.11,Negin,AUIT_Single,CBA,0.660,1.741,1.055,330.0,359.5,-2.197,1.378,13.812,NaN,NaN,NaN,World,Video Quad,17.5,NaN,13.078,NaN,1,0,CabinetD06,None,1,0,0,0,0.0000,NaN,NaN,NaN,0
128.20,Negin,AUIT_Single,CBA,0.666,1.742,1.051,332.2,358.8,-2.197,1.378,13.812,NaN,NaN,NaN,World,Video Quad,15.4,NaN,13.083,NaN,1,0,CabinetD06,None,1,0,0,0,0.0000,NaN,NaN,NaN,0
128.30,Negin,AUIT_Single,CBA,0.678,1.745,1.051,338.2,357.5,-2.197,1.378,13.812,NaN,NaN,NaN,World,Video Quad,10.0,NaN,13.086,NaN,1,0,CabinetD06,None,1,0,0,0,0.0000,NaN,NaN,NaN,0
128.40,Negin,AUIT_Single,CBA,0.696,1.748,1.052,347.2,356.1,-2.197,1.378,13.812,NaN,NaN,NaN,World,Video Quad,5.5,NaN,13.089,NaN,1,0,CabinetD06,None,1,0,0,0,0.0000,NaN,NaN,NaN,0
128.51,Negin,AUIT_Single,CBA,0.717,1.751,1.053,357.2,354.4,-2.197,1.378,13.812,NaN,NaN,NaN,World,CabinetD05,12.3,NaN,13.093,NaN,1,0,CabinetD06,None,1,0,0,0,0.0000,NaN,NaN,NaN,0
128.61,Negin,AUIT_Single,CBA,0.734,1.749,1.051,4.2,355.4,-2.197,1.378,13.812,NaN,NaN,NaN,World,CabinetD05,18.2,NaN,13.099,NaN,1,0,CabinetD06,None,1,0,0,0,0.0000,NaN,NaN,NaN,0
128.70,Negin,AUIT_Single,CBA,0.744,1.748,1.049,6.9,356.1,-2.197,1.378,13.812,NaN,NaN,NaN,World,CabinetD05,20.7,NaN,13.103,NaN,1,0,CabinetD06,None,1,0,0,0,0.0000,NaN,NaN,NaN,0
128.80,Negin,AUIT_Single,CBA,0.744,1.746,1.047,4.1,357.4,-2.197,1.378,13.812,NaN,NaN,NaN,World,CabinetD05,17.6,NaN,13.105,NaN,1,0,CabinetD06,None,1,0,0,0,0.0000,NaN,NaN,NaN,0
128.90,Negin,AUIT_Single,CBA,0.741,1.744,1.045,359.9,358.4,-2.197,1.378,13.812,NaN,NaN,NaN,World,CabinetD05,13.3,NaN,13.106,NaN,1,0,CabinetD06,None,1,0,0,0,0.0000,NaN,NaN,NaN,0
129.01,Negin,AUIT_Single,CBA,0.737,1.742,1.041,355.4,359.5,-2.197,1.378,13.812,NaN,NaN,NaN,World,CabinetD05,8.6,NaN,13.109,NaN,1,0,CabinetD06,None,1,0,0,0,0.0000,NaN,NaN,NaN,0
129.11,Negin,AUIT_Single,CBA,0.734,1.740,1.038,352.1,0.5,-2.197,1.378,13.812,NaN,NaN,NaN,World,Wall4m,5.2,NaN,13.112,NaN,1,0,CabinetD06,None,1,0,0,0,0.0000,NaN,NaN,NaN,0
129.21,Negin,AUIT_Single,CBA,0.733,1.740,1.034,350.2,0.5,-2.197,1.378,13.812,NaN,NaN,NaN,World,CabinetD06,3.3,NaN,13.115,NaN,1,0,CabinetD06,None,1,0,0,0,0.0000,NaN,NaN,NaN,0
129.30,Negin,AUIT_Single,CBA,0.734,1.739,1.032,349.0,0.6,-2.197,1.378,13.812,NaN,NaN,NaN,World,CabinetD06,2.1,NaN,13.117,NaN,1,0,CabinetD06,None,1,0,0,0,0.0000,NaN,NaN,NaN,0
129.40,Negin,AUIT_Single,CBA,0.735,1.738,1.029,348.0,0.8,-2.197,1.378,13.812,NaN,NaN,NaN,World,CabinetD06,1.2,NaN,13.120,NaN,1,0,CabinetD06,None,1,0,0,0,0.0000,NaN,NaN,NaN,0
129.51,Negin,AUIT_Single,CBA,0.736,1.738,1.027,347.4,0.8,-2.197,1.378,13.812,NaN,NaN,NaN,World,CabinetD06,0.8,NaN,13.122,NaN,1,0,CabinetD06,None,1,0,0,0,0.0000,NaN,NaN,NaN,0
129.61,Negin,AUIT_Single,CBA,0.738,1.738,1.026,347.4,0.7,-2.197,1.378,13.812,NaN,NaN,NaN,World,CabinetD06,0.9,NaN,13.124,NaN,1,0,CabinetD06,None,1,0,0,0,0.0000,NaN,NaN,NaN,0
129.71,Negin,AUIT_Single,CBA,0.741,1.738,1.026,348.1,0.8,-2.197,1.378,13.812,NaN,NaN,NaN,World,CabinetD06,1.3,NaN,13.125,NaN,1,0,CabinetD06,None,1,0,0,0,0.0000,NaN,NaN,NaN,0
129.80,Negin,AUIT_Single,CBA,0.746,1.738,1.026,349.8,1.3,-2.197,1.378,13.812,NaN,NaN,NaN,World,CabinetD06,2.8,NaN,13.125,NaN,1,0,CabinetD06,None,1,0,0,0,0.0000,NaN,NaN,NaN,0
129.90,Negin,AUIT_Single,CBA,0.756,1.737,1.029,355.7,1.5,-2.197,1.378,13.812,NaN,NaN,NaN,World,CabinetD05,8.7,NaN,13.125,NaN,1,0,CabinetD06,None,1,0,0,0,0.0000,NaN,NaN,NaN,0
130.01,Negin,AUIT_Single,CBA,0.774,1.736,1.032,7.1,2.0,-2.197,1.378,13.812,NaN,NaN,NaN,World,CabinetD05,20.2,NaN,13.126,NaN,1,0,CabinetD06,None,1,0,0,0,0.0000,NaN,NaN,NaN,0
130.11,Negin,AUIT_Single,CBA,0.788,1.733,1.032,15.9,4.2,-2.197,1.378,13.812,NaN,NaN,NaN,World,CabinetD05,29.1,NaN,13.129,NaN,1,0,CabinetD06,None,0,0,0,0,0.0000,NaN,NaN,NaN,0
130.22,Negin,AUIT_Single,CBA,0.796,1.730,1.034,20.3,6.1,-2.197,1.378,13.812,NaN,NaN,NaN,World,CabinetD05,33.7,NaN,13.129,NaN,1,0,CabinetD06,None,0,0,0,0,0.0000,NaN,NaN,NaN,0
130.30,Negin,AUIT_Single,CBA,0.802,1.728,1.037,22.8,7.4,-2.197,1.378,13.812,NaN,NaN,NaN,World,CabinetD05Door,36.3,NaN,13.127,NaN,1,0,CabinetD06,None,0,0,0,0,0.0000,NaN,NaN,NaN,0
130.40,Negin,AUIT_Single,CBA,0.804,1.728,1.040,23.3,7.7,-2.197,1.378,13.812,NaN,NaN,NaN,World,CabinetD05Door,36.9,NaN,13.125,NaN,1,0,CabinetD06,None,0,0,0,0,0.0000,NaN,NaN,NaN,0
130.51,Negin,AUIT_Single,CBA,0.805,1.729,1.045,22.5,7.2,-2.197,1.378,13.812,NaN,NaN,NaN,World,CabinetD05Door,36.1,NaN,13.120,NaN,1,0,CabinetD06,None,0,0,0,0,0.0000,NaN,NaN,NaN,0
130.61,Negin,AUIT_Single,CBA,0.804,1.733,1.050,20.9,5.8,-2.197,1.378,13.812,NaN,NaN,NaN,World,CabinetD05Door,34.3,NaN,13.115,NaN,1,0,CabinetD06,None,0,0,0,0,0.0000,NaN,NaN,NaN,0
130.70,Negin,AUIT_Single,CBA,0.802,1.735,1.054,19.1,4.8,-2.197,1.378,13.812,NaN,NaN,NaN,World,Video Quad,32.4,NaN,13.111,NaN,1,0,CabinetD06,None,0,0,0,0,0.0000,NaN,NaN,NaN,0
130.80,Negin,AUIT_Single,CBA,0.799,1.738,1.058,17.5,3.5,-2.197,1.378,13.812,NaN,NaN,NaN,World,Video Quad,30.8,NaN,13.107,NaN,1,0,CabinetD06,None,0,0,0,0,0.0000,NaN,NaN,NaN,0
130.90,Negin,AUIT_Single,CBA,0.796,1.740,1.060,16.0,2.3,-2.197,1.378,13.812,NaN,NaN,NaN,World,Video Quad,29.2,NaN,13.103,NaN,1,0,CabinetD06,None,0,0,0,0,0.0000,NaN,NaN,NaN,0
131.01,Negin,AUIT_Single,CBA,0.793,1.742,1.063,14.9,1.8,-2.197,1.378,13.812,NaN,NaN,NaN,World,Video Quad,28.1,NaN,13.100,NaN,1,0,CabinetD06,None,0,0,0,0,0.0000,NaN,NaN,NaN,0
131.11,Negin,AUIT_Single,CBA,0.793,1.743,1.066,14.3,1.1,-2.197,1.378,13.812,NaN,NaN,NaN,World,Video Quad,27.5,NaN,13.097,NaN,1,0,CabinetD06,None,0,0,0,0,0.0000,NaN,NaN,NaN,0
131.20,Negin,AUIT_Single,CBA,0.794,1.744,1.069,14.6,0.4,-2.197,1.378,13.812,NaN,NaN,NaN,World,Video Quad,27.8,NaN,13.095,NaN,1,0,CabinetD06,None,0,0,0,0,0.0000,NaN,NaN,NaN,0
131.30,Negin,AUIT_Single,CBA,0.795,1.746,1.072,15.1,359.4,-2.197,1.378,13.812,NaN,NaN,NaN,World,Video Quad,28.4,NaN,13.092,NaN,1,0,CabinetD06,None,0,0,0,0,0.0000,NaN,NaN,NaN,0
131.40,Negin,AUIT_Single,CBA,0.797,1.747,1.074,15.4,358.6,-2.197,1.378,13.812,NaN,NaN,NaN,World,Video Quad,28.7,NaN,13.091,NaN,1,0,CabinetD06,None,0,0,0,0,0.0000,NaN,NaN,NaN,0
131.51,Negin,AUIT_Single,CBA,0.799,1.747,1.076,15.9,358.5,-2.197,1.378,13.812,NaN,NaN,NaN,World,Video Quad,29.3,NaN,13.089,NaN,1,0,CabinetD06,None,0,0,0,0,0.0000,NaN,NaN,NaN,0
131.61,Negin,AUIT_Single,CBA,0.800,1.748,1.077,15.9,358.2,-2.197,1.378,13.812,NaN,NaN,NaN,World,Video Quad,29.3,NaN,13.088,NaN,1,0,CabinetD06,None,0,0,0,0,0.0000,NaN,NaN,NaN,0
131.70,Negin,AUIT_Single,CBA,0.800,1.748,1.078,15.7,357.9,-2.197,1.378,13.812,NaN,NaN,NaN,World,Video Quad,29.2,NaN,13.087,NaN,1,0,CabinetD06,None,0,0,0,0,0.0000,NaN,NaN,NaN,0
131.80,Negin,AUIT_Single,CBA,0.800,1.748,1.079,15.6,357.7,-2.197,1.378,13.812,NaN,NaN,NaN,World,Video Quad,29.1,NaN,13.086,NaN,1,0,CabinetD06,None,0,0,0,0,0.0000,NaN,NaN,NaN,0
131.90,Negin,AUIT_Single,CBA,0.800,1.749,1.081,15.3,357.1,-2.197,1.378,13.812,NaN,NaN,NaN,World,Video Quad,28.9,NaN,13.085,NaN,1,0,CabinetD06,None,0,0,0,0,0.0000,NaN,NaN,NaN,0
132.01,Negin,AUIT_Single,CBA,0.799,1.750,1.083,14.8,356.7,-2.197,1.378,13.812,NaN,NaN,NaN,World,Video Quad,28.5,NaN,13.083,NaN,1,0,CabinetD06,None,0,0,0,0,0.0000,NaN,NaN,NaN,0
132.11,Negin,AUIT_Single,CBA,0.799,1.750,1.084,14.5,356.4,-2.197,1.378,13.812,NaN,NaN,NaN,World,Video Quad,28.2,NaN,13.082,NaN,1,0,CabinetD06,None,0,0,0,0,0.0000,NaN,NaN,NaN,0
132.20,Negin,AUIT_Single,CBA,0.797,1.750,1.084,14.4,356.4,-2.197,1.378,13.812,NaN,NaN,NaN,World,Video Quad,28.2,NaN,13.081,NaN,1,0,CabinetD06,None,0,0,0,0,0.0000,NaN,NaN,NaN,0
132.30,Negin,AUIT_Single,CBA,0.796,1.750,1.085,14.4,356.4,-2.197,1.378,13.812,NaN,NaN,NaN,World,Video Quad,28.1,NaN,13.080,NaN,1,0,CabinetD06,None,0,0,0,0,0.0000,NaN,NaN,NaN,0
132.40,Negin,AUIT_Single,CBA,0.795,1.750,1.084,14.3,356.3,-2.197,1.378,13.812,NaN,NaN,NaN,World,Video Quad,28.0,NaN,13.080,NaN,1,0,CabinetD06,None,0,0,0,0,0.0000,NaN,NaN,NaN,0
132.51,Negin,AUIT_Single,CBA,0.792,1.750,1.084,14.1,356.2,-2.197,1.378,13.812,NaN,NaN,NaN,World,Video Quad,27.8,NaN,13.079,NaN,1,0,CabinetD06,None,0,0,0,0,0.0000,NaN,NaN,NaN,0
132.61,Negin,AUIT_Single,CBA,0.790,1.750,1.085,13.7,356.2,-2.197,1.378,13.812,NaN,NaN,NaN,World,Video Quad,27.4,NaN,13.079,NaN,1,0,CabinetD06,None,0,0,0,0,0.0000,NaN,NaN,NaN,0
132.70,Negin,AUIT_Single,CBA,0.789,1.750,1.085,13.3,356.3,-2.197,1.378,13.812,NaN,NaN,NaN,World,Video Quad,27.0,NaN,13.078,NaN,1,0,CabinetD06,None,0,0,0,0,0.0000,NaN,NaN,NaN,0
132.80,Negin,AUIT_Single,CBA,0.787,1.751,1.085,12.7,356.3,-2.197,1.378,13.812,NaN,NaN,NaN,World,Video Quad,26.4,NaN,13.077,NaN,1,0,CabinetD06,None,0,0,0,0,0.0000,NaN,NaN,NaN,0
132.90,Negin,AUIT_Single,CBA,0.785,1.751,1.086,11.4,355.9,-2.197,1.378,13.812,NaN,NaN,NaN,World,Video Quad,25.3,NaN,13.076,NaN,1,0,CabinetD06,None,0,0,0,0,0.0000,NaN,NaN,NaN,0
133.01,Negin,AUIT_Single,CBA,0.781,1.752,1.087,9.3,355.7,-2.197,1.378,13.812,NaN,NaN,NaN,World,Video Quad,23.2,NaN,13.075,NaN,1,0,CabinetD06,None,1,0,0,0,0.0000,NaN,NaN,NaN,0
133.11,Negin,AUIT_Single,CBA,0.779,1.752,1.088,7.9,355.6,-2.197,1.378,13.812,NaN,NaN,NaN,World,Video Quad,21.9,NaN,13.073,NaN,1,0,CabinetD06,None,1,0,0,0,0.0000,NaN,NaN,NaN,0
133.20,Negin,AUIT_Single,CBA,0.777,1.751,1.088,6.9,355.7,-2.197,1.378,13.812,NaN,NaN,NaN,World,Video Quad,20.9,NaN,13.072,NaN,1,0,CabinetD06,None,1,0,0,0,0.0000,NaN,NaN,NaN,0
133.30,Negin,AUIT_Single,CBA,0.776,1.751,1.089,6.5,355.7,-2.197,1.378,13.812,NaN,NaN,NaN,World,Video Quad,20.5,NaN,13.072,NaN,1,0,CabinetD06,None,1,0,0,0,0.0000,NaN,NaN,NaN,0
133.40,Negin,AUIT_Single,CBA,0.777,1.751,1.090,6.4,355.7,-2.197,1.378,13.812,NaN,NaN,NaN,World,Video Quad,20.4,NaN,13.071,NaN,1,0,CabinetD06,None,1,0,0,0,0.0000,NaN,NaN,NaN,0
133.51,Negin,AUIT_Single,CBA,0.778,1.751,1.091,6.4,355.6,-2.197,1.378,13.812,NaN,NaN,NaN,World,Video Quad,20.5,NaN,13.070,NaN,1,0,CabinetD06,None,1,0,0,0,0.0000,NaN,NaN,NaN,0
133.61,Negin,AUIT_Single,CBA,0.778,1.751,1.092,6.4,355.5,-2.197,1.378,13.812,NaN,NaN,NaN,World,Video Quad,20.5,NaN,13.069,NaN,1,0,CabinetD06,None,1,0,0,0,0.0000,NaN,NaN,NaN,0
133.70,Negin,AUIT_Single,CBA,0.779,1.751,1.093,6.3,355.5,-2.197,1.378,13.812,NaN,NaN,NaN,World,Video Quad,20.4,NaN,13.068,NaN,1,0,CabinetD06,None,1,0,0,0,0.0000,NaN,NaN,NaN,0
133.80,Negin,AUIT_Single,CBA,0.779,1.752,1.093,6.3,355.4,-2.197,1.378,13.812,NaN,NaN,NaN,World,Video Quad,20.4,NaN,13.068,NaN,1,0,CabinetD06,None,1,0,0,0,0.0000,NaN,NaN,NaN,0
133.90,Negin,AUIT_Single,CBA,0.779,1.752,1.093,6.2,355.0,-2.197,1.378,13.812,NaN,NaN,NaN,World,Video Quad,20.4,NaN,13.068,NaN,1,0,CabinetD06,None,1,0,0,0,0.0000,NaN,NaN,NaN,0
134.01,Negin,AUIT_Single,CBA,0.779,1.753,1.093,6.0,354.8,-2.197,1.378,13.812,NaN,NaN,NaN,World,Video Quad,20.4,NaN,13.068,NaN,1,0,CabinetD06,None,1,0,0,0,0.0000,NaN,NaN,NaN,0
134.11,Negin,AUIT_Single,CBA,0.778,1.752,1.094,5.5,355.4,-2.197,1.378,13.812,NaN,NaN,NaN,World,Video Quad,19.6,NaN,13.067,NaN,1,0,CabinetD06,None,1,0,0,0,0.0000,NaN,NaN,NaN,0
134.20,Negin,AUIT_Single,CBA,0.769,1.758,1.094,0.2,351.6,-2.197,1.378,13.812,NaN,NaN,NaN,World,CabinetD05,16.6,NaN,13.065,NaN,1,0,CabinetD06,None,1,0,0,0,0.0000,NaN,NaN,NaN,0
134.30,Negin,AUIT_Single,CBA,0.759,1.759,1.091,354.8,350.2,-2.197,1.378,13.812,NaN,NaN,NaN,World,CabinetD05,13.9,NaN,13.066,NaN,1,0,CabinetD06,None,1,0,0,0,0.0000,NaN,NaN,NaN,0
134.40,Negin,AUIT_Single,CBA,0.752,1.755,1.092,352.0,352.4,-2.197,1.378,13.812,NaN,NaN,NaN,World,Video Quad,10.5,NaN,13.063,NaN,1,0,CabinetD06,None,1,0,0,0,0.0000,NaN,NaN,NaN,0
134.51,Negin,AUIT_Single,CBA,0.745,1.750,1.096,350.9,355.7,-2.197,1.378,13.812,NaN,NaN,NaN,World,Video Quad,7.1,NaN,13.057,NaN,1,0,CabinetD06,None,1,0,0,0,0.0000,NaN,NaN,NaN,0
134.61,Negin,AUIT_Single,CBA,0.739,1.754,1.100,349.8,353.3,-2.197,1.378,13.812,NaN,NaN,NaN,World,Video Quad,8.8,NaN,13.052,NaN,1,0,CabinetD06,None,1,0,0,0,0.0000,NaN,NaN,NaN,0
134.70,Negin,AUIT_Single,CBA,0.733,1.756,1.104,349.3,352.1,-2.197,1.378,13.812,NaN,NaN,NaN,World,Video Quad,9.9,NaN,13.047,NaN,1,0,CabinetD06,None,1,0,0,0,0.0000,NaN,NaN,NaN,0
134.80,Negin,AUIT_Single,CBA,0.727,1.754,1.110,349.7,353.2,-2.197,1.378,13.812,NaN,NaN,NaN,World,Video Quad,8.8,NaN,13.040,NaN,1,0,CabinetD06,None,1,0,0,0,0.0000,NaN,NaN,NaN,0
134.90,Negin,AUIT_Single,CBA,0.722,1.754,1.118,351.2,353.1,-2.197,1.378,13.812,NaN,NaN,NaN,World,Video Quad,9.5,NaN,13.031,NaN,1,0,CabinetD06,None,1,0,0,0,0.0000,NaN,NaN,NaN,0
135.01,Negin,AUIT_Single,CBA,0.717,1.755,1.124,353.5,352.6,-2.197,1.378,13.812,NaN,NaN,NaN,World,Video Quad,11.1,NaN,13.023,NaN,1,0,CabinetD06,None,1,0,0,0,0.0000,NaN,NaN,NaN,0
135.11,Negin,AUIT_Single,CBA,0.710,1.753,1.131,355.3,353.6,-2.197,1.378,13.812,NaN,NaN,NaN,World,Video Quad,11.5,NaN,13.016,NaN,1,0,CabinetD06,None,1,0,0,0,0.0000,NaN,NaN,NaN,0
135.20,Negin,AUIT_Single,CBA,0.701,1.752,1.138,356.0,354.3,-2.197,1.378,13.812,NaN,NaN,NaN,World,Video Quad,11.5,NaN,13.007,NaN,1,0,CabinetD06,None,1,0,0,0,0.0000,NaN,NaN,NaN,0
135.30,Negin,AUIT_Single,CBA,0.689,1.750,1.144,355.6,355.1,-2.197,1.378,13.812,NaN,NaN,NaN,World,Video Quad,10.6,NaN,12.998,NaN,1,0,CabinetD06,None,1,0,0,0,0.0000,NaN,NaN,NaN,0
135.40,Negin,AUIT_Single,CBA,0.675,1.747,1.149,354.7,355.3,-2.197,1.378,13.812,NaN,NaN,NaN,World,Video Quad,9.8,NaN,12.991,NaN,1,0,CabinetD06,None,1,0,0,0,0.0000,NaN,NaN,NaN,0
135.51,Negin,AUIT_Single,CBA,0.661,1.746,1.154,354.5,354.9,-2.197,1.378,13.812,NaN,NaN,NaN,World,Wall4m,9.9,NaN,12.982,NaN,1,0,CabinetD06,None,1,0,0,0,0.0000,NaN,NaN,NaN,0
135.61,Negin,AUIT_Single,CBA,0.654,1.746,1.158,357.8,353.5,-2.197,1.378,13.812,NaN,NaN,NaN,World,Video Quad,13.2,NaN,12.977,NaN,1,0,CabinetD06,None,1,0,0,0,0.0000,NaN,NaN,NaN,0
135.71,Negin,AUIT_Single,CBA,0.649,1.744,1.162,2.7,353.8,-2.197,1.378,13.812,NaN,NaN,NaN,World,Video Quad,17.2,NaN,12.972,NaN,1,0,CabinetD06,None,1,0,0,0,0.0000,NaN,NaN,NaN,0
135.80,Negin,AUIT_Single,CBA,0.646,1.742,1.165,7.1,354.0,-2.197,1.378,13.812,NaN,NaN,NaN,World,Video Quad,21.2,NaN,12.968,NaN,1,0,CabinetD06,None,1,0,0,0,0.0000,NaN,NaN,NaN,0
135.90,Negin,AUIT_Single,CBA,0.642,1.744,1.168,10.7,353.6,-2.197,1.378,13.812,NaN,NaN,NaN,World,Video Quad,24.6,NaN,12.964,NaN,1,0,CabinetD06,None,1,0,0,0,0.0000,NaN,NaN,NaN,0
136.01,Negin,AUIT_Single,CBA,0.639,1.746,1.170,14.3,352.4,-2.197,1.378,13.812,NaN,NaN,NaN,World,Video Quad,28.4,NaN,12.961,NaN,1,0,CabinetD06,None,0,0,0,0,0.0000,NaN,NaN,NaN,0
136.11,Negin,AUIT_Single,CBA,0.637,1.744,1.173,17.1,352.5,-2.197,1.378,13.812,NaN,NaN,NaN,World,Video Quad,31.0,NaN,12.958,NaN,1,0,CabinetD06,None,0,0,0,0,0.0000,NaN,NaN,NaN,0
136.20,Negin,AUIT_Single,CBA,0.634,1.744,1.176,18.8,352.8,-2.197,1.378,13.812,NaN,NaN,NaN,World,Video Quad,32.6,NaN,12.954,NaN,1,0,CabinetD06,None,0,0,0,0,0.0000,NaN,NaN,NaN,0
136.30,Negin,AUIT_Single,CBA,0.632,1.745,1.180,19.6,352.2,-2.197,1.378,13.812,NaN,NaN,NaN,World,Video Quad,33.5,NaN,12.950,NaN,1,0,CabinetD06,None,0,0,0,0,0.0000,NaN,NaN,NaN,0
136.40,Negin,AUIT_Single,CBA,0.630,1.744,1.184,20.1,352.5,-2.197,1.378,13.812,NaN,NaN,NaN,World,Video Quad,33.9,NaN,12.946,NaN,1,0,CabinetD06,None,0,0,0,0,0.0000,NaN,NaN,NaN,0
136.51,Negin,AUIT_Single,CBA,0.629,1.742,1.187,20.4,353.5,-2.197,1.378,13.812,NaN,NaN,NaN,World,Video Quad,33.9,NaN,12.943,NaN,1,0,CabinetD06,None,0,0,0,0,0.0000,NaN,NaN,NaN,0
136.61,Negin,AUIT_Single,CBA,0.628,1.741,1.188,20.9,354.3,-2.197,1.378,13.812,NaN,NaN,NaN,World,Video Quad,34.2,NaN,12.941,NaN,1,0,CabinetD06,None,0,0,0,0,0.0000,NaN,NaN,NaN,0
136.71,Negin,AUIT_Single,CBA,0.627,1.741,1.188,21.6,354.6,-2.197,1.378,13.812,NaN,NaN,NaN,World,Video Quad,34.8,NaN,12.941,NaN,1,0,CabinetD06,None,0,0,0,0,0.0000,NaN,NaN,NaN,0
136.80,Negin,AUIT_Single,CBA,0.627,1.741,1.187,22.0,354.3,-2.197,1.378,13.812,NaN,NaN,NaN,World,Video Quad,35.3,NaN,12.942,NaN,1,0,CabinetD06,None,0,0,0,0,0.0000,NaN,NaN,NaN,0
136.90,Negin,AUIT_Single,CBA,0.626,1.744,1.186,22.5,352.0,-2.197,1.378,13.812,NaN,NaN,NaN,World,Video Quad,36.3,NaN,12.944,NaN,1,0,CabinetD06,None,0,0,0,0,0.0000,NaN,NaN,NaN,0
137.01,Negin,AUIT_Single,CBA,0.626,1.749,1.180,23.7,348.1,-2.197,1.378,13.812,NaN,NaN,NaN,World,Video Quad,38.5,NaN,12.949,NaN,1,0,CabinetD06,None,0,0,0,0,0.0000,NaN,NaN,NaN,0
137.11,Negin,AUIT_Single,CBA,0.625,1.750,1.176,24.9,346.9,-2.197,1.378,13.812,NaN,NaN,NaN,World,Video Quad,40.0,NaN,12.953,NaN,1,0,CabinetD06,None,0,0,0,0,0.0000,NaN,NaN,NaN,0
137.20,Negin,AUIT_Single,CBA,0.626,1.753,1.172,26.6,344.7,-2.197,1.378,13.812,NaN,NaN,NaN,World,CabinetD05,42.3,NaN,12.957,NaN,1,0,CabinetD06,None,0,0,0,0,0.0000,NaN,NaN,NaN,0
137.30,Negin,AUIT_Single,CBA,0.626,1.754,1.168,28.2,343.6,-2.197,1.378,13.812,NaN,NaN,NaN,World,CabinetD05,44.1,NaN,12.961,NaN,1,0,CabinetD06,None,0,0,0,0,0.0000,NaN,NaN,NaN,0
137.40,Negin,AUIT_Single,CBA,0.625,1.753,1.167,28.3,343.9,-2.197,1.378,13.812,NaN,NaN,NaN,World,CabinetD05,44.1,NaN,12.962,NaN,1,0,CabinetD06,None,0,0,0,0,0.0000,NaN,NaN,NaN,0
137.51,Negin,AUIT_Single,CBA,0.623,1.751,1.168,27.2,345.6,-2.197,1.378,13.812,NaN,NaN,NaN,World,CabinetD05,42.6,NaN,12.960,NaN,1,0,CabinetD06,None,0,0,0,0,0.0000,NaN,NaN,NaN,0
137.61,Negin,AUIT_Single,CBA,0.622,1.751,1.169,26.1,345.8,-2.197,1.378,13.812,NaN,NaN,NaN,World,CabinetD05,41.5,NaN,12.959,NaN,1,0,CabinetD06,None,0,0,0,0,0.0000,NaN,NaN,NaN,0
137.71,Negin,AUIT_Single,CBA,0.621,1.751,1.170,25.7,346.1,-2.197,1.378,13.812,NaN,NaN,NaN,World,CabinetD05,41.0,NaN,12.957,NaN,1,0,CabinetD06,None,0,0,0,0,0.0000,NaN,NaN,NaN,0
137.80,Negin,AUIT_Single,CBA,0.621,1.751,1.171,25.8,346.5,-2.197,1.378,13.812,NaN,NaN,NaN,World,CabinetD05,41.0,NaN,12.957,NaN,1,0,CabinetD06,None,0,0,0,0,0.0000,NaN,NaN,NaN,0
137.90,Negin,AUIT_Single,CBA,0.621,1.750,1.171,26.1,346.9,-2.197,1.378,13.812,NaN,NaN,NaN,World,Video Quad,41.1,NaN,12.957,NaN,1,0,CabinetD06,None,0,0,0,0,0.0000,NaN,NaN,NaN,0
138.01,Negin,AUIT_Single,CBA,0.621,1.749,1.171,26.1,347.3,-2.197,1.378,13.812,NaN,NaN,NaN,World,Video Quad,41.0,NaN,12.956,NaN,1,0,CabinetD06,None,0,0,0,0,0.0000,NaN,NaN,NaN,0
138.11,Negin,AUIT_Single,CBA,0.621,1.749,1.171,26.0,347.5,-2.197,1.378,13.812,NaN,NaN,NaN,World,Video Quad,40.8,NaN,12.957,NaN,1,0,CabinetD06,None,0,0,0,0,0.0000,NaN,NaN,NaN,0
138.20,Negin,AUIT_Single,CBA,0.622,1.749,1.171,25.9,347.6,-2.197,1.378,13.812,NaN,NaN,NaN,World,Video Quad,40.7,NaN,12.957,NaN,1,0,CabinetD06,None,0,0,0,0,0.0000,NaN,NaN,NaN,0
138.30,Negin,AUIT_Single,CBA,0.622,1.749,1.169,25.7,347.4,-2.197,1.378,13.812,NaN,NaN,NaN,World,Video Quad,40.6,NaN,12.959,NaN,1,0,CabinetD06,None,0,0,0,0,0.0000,NaN,NaN,NaN,0
138.40,Negin,AUIT_Single,CBA,0.622,1.749,1.167,25.5,347.2,-2.197,1.378,13.812,NaN,NaN,NaN,World,Video Quad,40.5,NaN,12.961,NaN,1,0,CabinetD06,None,0,0,0,0,0.0000,NaN,NaN,NaN,0
138.51,Negin,AUIT_Single,CBA,0.622,1.749,1.165,25.2,347.2,-2.197,1.378,13.812,NaN,NaN,NaN,World,Video Quad,40.2,NaN,12.963,NaN,1,0,CabinetD06,None,0,0,0,0,0.0000,NaN,NaN,NaN,0
138.61,Negin,AUIT_Single,CBA,0.622,1.749,1.164,25.2,347.2,-2.197,1.378,13.812,NaN,NaN,NaN,World,Video Quad,40.2,NaN,12.964,NaN,1,0,CabinetD06,None,0,0,0,0,0.0000,NaN,NaN,NaN,0
138.70,Negin,AUIT_Single,CBA,0.623,1.749,1.163,24.9,347.2,-2.197,1.378,13.812,NaN,NaN,NaN,World,Video Quad,39.9,NaN,12.965,NaN,1,0,CabinetD06,None,0,0,0,0,0.0000,NaN,NaN,NaN,0
138.80,Negin,AUIT_Single,CBA,0.624,1.749,1.163,24.8,347.3,-2.197,1.378,13.812,NaN,NaN,NaN,World,Video Quad,39.7,NaN,12.965,NaN,1,0,CabinetD06,None,0,0,0,0,0.0000,NaN,NaN,NaN,0
138.90,Negin,AUIT_Single,CBA,0.625,1.749,1.163,24.6,347.5,-2.197,1.378,13.812,NaN,NaN,NaN,World,Video Quad,39.6,NaN,12.965,NaN,1,0,CabinetD06,None,0,0,0,0,0.0000,NaN,NaN,NaN,0
139.01,Negin,AUIT_Single,CBA,0.626,1.749,1.163,24.3,347.8,-2.197,1.378,13.812,NaN,NaN,NaN,World,Video Quad,39.2,NaN,12.965,NaN,1,0,CabinetD06,None,0,0,0,0,0.0000,NaN,NaN,NaN,0
139.11,Negin,AUIT_Single,CBA,0.626,1.749,1.164,24.2,348.1,-2.197,1.378,13.812,NaN,NaN,NaN,World,Video Quad,38.9,NaN,12.965,NaN,1,0,CabinetD06,None,0,0,0,0,0.0000,NaN,NaN,NaN,0
139.20,Negin,AUIT_Single,CBA,0.626,1.748,1.164,24.3,348.5,-2.197,1.378,13.812,NaN,NaN,NaN,World,Video Quad,38.9,NaN,12.965,NaN,1,0,CabinetD06,None,0,0,0,0,0.0000,NaN,NaN,NaN,0
139.30,Negin,AUIT_Single,CBA,0.625,1.748,1.163,24.3,348.7,-2.197,1.378,13.812,NaN,NaN,NaN,World,Video Quad,38.9,NaN,12.965,NaN,1,0,CabinetD06,None,0,0,0,0,0.0000,NaN,NaN,NaN,0
139.41,Negin,AUIT_Single,CBA,0.623,1.747,1.163,24.0,348.8,-2.197,1.378,13.812,NaN,NaN,NaN,World,Video Quad,38.6,NaN,12.965,NaN,1,0,CabinetD06,None,0,0,0,0,0.0000,NaN,NaN,NaN,0
139.51,Negin,AUIT_Single,CBA,0.621,1.747,1.162,23.9,348.6,-2.197,1.378,13.812,NaN,NaN,NaN,World,Video Quad,38.5,NaN,12.965,NaN,1,0,CabinetD06,None,0,0,0,0,0.0000,NaN,NaN,NaN,0
139.61,Negin,AUIT_Single,CBA,0.620,1.747,1.162,24.1,348.5,-2.197,1.378,13.812,NaN,NaN,NaN,World,Video Quad,38.7,NaN,12.965,NaN,1,0,CabinetD06,None,0,0,0,0,0.0000,NaN,NaN,NaN,0
139.71,Negin,AUIT_Single,CBA,0.620,1.747,1.163,24.3,348.7,-2.197,1.378,13.812,NaN,NaN,NaN,World,Video Quad,38.8,NaN,12.965,NaN,1,0,CabinetD06,None,0,0,0,0,0.0000,NaN,NaN,NaN,0
139.80,Negin,AUIT_Single,CBA,0.621,1.746,1.163,24.8,349.2,-2.197,1.378,13.812,NaN,NaN,NaN,World,Video Quad,39.1,NaN,12.964,NaN,1,0,CabinetD06,None,0,0,0,0,0.0000,NaN,NaN,NaN,0
139.91,Negin,AUIT_Single,CBA,0.624,1.745,1.164,25.6,350.0,-2.197,1.378,13.812,NaN,NaN,NaN,World,Video Quad,39.7,NaN,12.964,NaN,1,0,CabinetD06,None,0,0,0,0,0.0000,NaN,NaN,NaN,0
140.01,Negin,AUIT_Single,CBA,0.628,1.744,1.166,26.6,351.1,-2.197,1.378,13.812,NaN,NaN,NaN,World,Video Quad,40.4,NaN,12.963,NaN,1,0,CabinetD06,None,0,0,0,0,0.0000,NaN,NaN,NaN,0
140.11,Negin,AUIT_Single,CBA,0.636,1.742,1.169,28.8,353.4,-2.197,1.378,13.812,NaN,NaN,NaN,World,Video Quad,42.2,NaN,12.962,NaN,1,0,CabinetD06,None,0,0,0,0,0.0000,NaN,NaN,NaN,0
140.20,Negin,AUIT_Single,CBA,0.646,1.737,1.173,32.4,358.0,-2.197,1.378,13.812,NaN,NaN,NaN,World,Video Quad,45.2,NaN,12.960,NaN,1,0,CabinetD06,None,0,0,0,0,0.0000,NaN,NaN,NaN,0
140.30,Negin,AUIT_Single,CBA,0.656,1.728,1.180,35.9,3.7,-2.197,1.378,13.812,NaN,NaN,NaN,World,CabinetD05Door,48.7,NaN,12.955,NaN,1,0,CabinetD06,None,0,0,0,0,0.0000,NaN,NaN,NaN,0
140.41,Negin,AUIT_Single,CBA,0.668,1.719,1.188,39.0,8.8,-2.197,1.378,13.812,NaN,NaN,NaN,World,CabinetD05Door,52.0,NaN,12.950,NaN,1,0,CabinetD06,None,0,0,0,0,0.0000,NaN,NaN,NaN,0
140.51,Negin,AUIT_Single,CBA,0.679,1.715,1.194,40.9,10.5,-2.197,1.378,13.812,NaN,NaN,NaN,World,CabinetD05Door,54.1,NaN,12.946,NaN,1,0,CabinetD06,None,0,0,0,0,0.0000,NaN,NaN,NaN,0
140.61,Negin,AUIT_Single,CBA,0.690,1.715,1.198,41.8,11.1,-2.197,1.378,13.812,NaN,NaN,NaN,World,CabinetD05Door,55.1,NaN,12.944,NaN,1,0,CabinetD06,None,0,0,0,0,0.0000,NaN,NaN,NaN,0
140.70,Negin,AUIT_Single,CBA,0.701,1.718,1.203,41.3,9.6,-2.197,1.378,13.812,NaN,NaN,NaN,World,CabinetD05Door,54.5,NaN,12.943,NaN,1,0,CabinetD06,None,0,0,0,0,0.0000,NaN,NaN,NaN,0
140.80,Negin,AUIT_Single,CBA,0.713,1.723,1.208,38.0,7.1,-2.197,1.378,13.812,NaN,NaN,NaN,World,CabinetD05Door,51.1,NaN,12.941,NaN,1,0,CabinetD06,None,0,0,0,0,0.0000,NaN,NaN,NaN,0
140.91,Negin,AUIT_Single,CBA,0.729,1.726,1.211,32.9,6.0,-2.197,1.378,13.812,NaN,NaN,NaN,World,CabinetD05Door,46.0,NaN,12.941,NaN,1,0,CabinetD06,None,0,0,0,0,0.0000,NaN,NaN,NaN,0
141.01,Negin,AUIT_Single,CBA,0.745,1.727,1.210,28.6,5.6,-2.197,1.378,13.812,NaN,NaN,NaN,World,CabinetD05,41.9,NaN,12.946,NaN,1,0,CabinetD06,None,0,0,0,0,0.0000,NaN,NaN,NaN,0
141.11,Negin,AUIT_Single,CBA,0.763,1.733,1.206,24.3,4.5,-2.197,1.378,13.812,NaN,NaN,NaN,World,CabinetD05,37.5,NaN,12.954,NaN,1,0,CabinetD06,None,0,0,0,0,0.0000,NaN,NaN,NaN,0
141.20,Negin,AUIT_Single,CBA,0.780,1.739,1.201,20.1,2.2,-2.197,1.378,13.812,NaN,NaN,NaN,World,CabinetD05,33.4,NaN,12.963,NaN,1,0,CabinetD05,None,0,0,0,0,0.0000,NaN,NaN,NaN,0
141.30,Negin,AUIT_Single,CBA,0.795,1.740,1.198,15.9,1.0,-2.197,1.378,13.812,NaN,NaN,NaN,World,CabinetD05,29.3,NaN,12.969,NaN,1,0,CabinetD05,None,0,0,0,0,0.0000,NaN,NaN,NaN,0
141.41,Negin,AUIT_Single,CBA,0.809,1.740,1.195,11.2,1.5,-2.197,1.378,13.812,NaN,NaN,NaN,World,CabinetD05,24.6,NaN,12.976,NaN,1,0,CabinetD05,None,1,0,0,0,0.0000,NaN,NaN,NaN,0
141.51,Negin,AUIT_Single,CBA,0.819,1.741,1.192,7.3,1.6,-2.197,1.378,13.812,NaN,NaN,NaN,World,CabinetD05,20.7,NaN,12.981,NaN,1,0,CabinetD05,None,1,0,0,0,0.0000,NaN,NaN,NaN,0
141.61,Negin,AUIT_Single,CBA,0.829,1.740,1.189,3.5,1.6,-2.197,1.378,13.812,NaN,NaN,NaN,World,CabinetD05,17.0,NaN,12.986,NaN,1,0,CabinetD05,None,1,0,0,0,0.0000,NaN,NaN,NaN,0
141.71,Negin,AUIT_Single,CBA,0.837,1.739,1.186,0.3,2.4,-2.197,1.378,13.812,NaN,NaN,NaN,World,CabinetD05,13.8,NaN,12.990,NaN,1,0,CabinetD05,None,1,0,0,0,0.0000,NaN,NaN,NaN,0
141.80,Negin,AUIT_Single,CBA,0.846,1.739,1.184,358.3,3.0,-2.197,1.378,13.812,NaN,NaN,NaN,World,Video Quad,11.9,NaN,12.994,NaN,1,0,CabinetD05,None,1,0,0,0,0.0000,NaN,NaN,NaN,0
141.91,Negin,AUIT_Single,CBA,0.857,1.738,1.183,357.0,3.1,-2.197,1.378,13.812,NaN,NaN,NaN,World,CabinetD05,10.7,NaN,12.998,NaN,1,0,CabinetD05,None,1,0,0,0,0.0000,NaN,NaN,NaN,0
142.01,Negin,AUIT_Single,CBA,0.864,1.739,1.183,356.3,2.9,-2.197,1.378,13.812,NaN,NaN,NaN,World,CabinetD05,10.0,NaN,13.000,NaN,1,0,CabinetD05,None,1,0,0,0,0.0000,NaN,NaN,NaN,0
142.11,Negin,AUIT_Single,CBA,0.871,1.738,1.184,355.6,3.4,-2.197,1.378,13.812,NaN,NaN,NaN,World,CabinetD05,9.4,NaN,13.001,NaN,1,0,CabinetD05,None,1,0,0,0,0.0000,NaN,NaN,NaN,0
142.20,Negin,AUIT_Single,CBA,0.878,1.736,1.186,355.4,4.3,-2.197,1.378,13.812,NaN,NaN,NaN,World,CabinetD05,9.5,NaN,13.000,NaN,1,0,CabinetD05,None,1,0,0,0,0.0000,NaN,NaN,NaN,0
142.30,Negin,AUIT_Single,CBA,0.886,1.730,1.191,357.5,7.5,-2.197,1.378,13.812,NaN,NaN,NaN,World,CabinetD05,12.6,NaN,12.998,NaN,1,0,CabinetD05,None,1,0,0,0,0.0000,NaN,NaN,NaN,0
142.41,Negin,AUIT_Single,CBA,0.897,1.718,1.197,3.2,15.6,-2.197,1.378,13.812,NaN,NaN,NaN,World,CabinetD05,21.9,NaN,12.993,NaN,1,0,CabinetD05,None,1,0,0,0,0.0000,NaN,NaN,NaN,0
142.51,Negin,AUIT_Single,CBA,0.906,1.711,1.207,8.8,19.3,-2.197,1.378,13.812,NaN,NaN,NaN,World,CabinetD05,28.5,NaN,12.986,NaN,1,0,CabinetD05,None,0,0,0,0,0.0000,NaN,NaN,NaN,0
142.66,Negin,AUIT_Single,CBA,0.911,1.707,1.216,13.5,21.3,-2.197,1.378,13.812,NaN,NaN,NaN,World,CabinetD05,33.2,NaN,12.978,NaN,1,0,CabinetD05,None,0,0,0,0,0.0000,NaN,NaN,NaN,0
142.70,Negin,AUIT_Single,CBA,0.914,1.703,1.228,17.6,22.5,-2.197,1.378,13.812,NaN,NaN,NaN,World,CabinetD05Door,37.1,NaN,12.967,NaN,1,0,CabinetD05,None,0,0,0,0,0.0000,NaN,NaN,NaN,0
142.80,Negin,AUIT_Single,CBA,0.913,1.702,1.240,20.7,23.4,-2.197,1.378,13.812,NaN,NaN,NaN,World,CabinetD05Door,40.1,NaN,12.955,NaN,1,0,CabinetD05,None,0,0,0,0,0.0000,NaN,NaN,NaN,0
142.91,Negin,AUIT_Single,CBA,0.909,1.706,1.254,22.4,22.5,-2.197,1.378,13.812,NaN,NaN,NaN,World,CabinetD05Door,41.0,NaN,12.941,NaN,1,0,CabinetD05,None,0,0,0,0,0.0000,NaN,NaN,NaN,0
143.01,Negin,AUIT_Single,CBA,0.903,1.713,1.266,21.4,19.5,-2.197,1.378,13.812,NaN,NaN,NaN,World,CabinetD05Door,38.9,NaN,12.928,NaN,1,0,CabinetD05,None,0,0,0,0,0.0000,NaN,NaN,NaN,0
143.11,Negin,AUIT_Single,CBA,0.897,1.719,1.276,20.0,16.8,-2.197,1.378,13.812,NaN,NaN,NaN,World,Video Quad,36.6,NaN,12.917,NaN,1,0,CabinetD05,None,0,0,0,0,0.0000,NaN,NaN,NaN,0
143.20,Negin,AUIT_Single,CBA,0.892,1.722,1.285,19.2,15.9,-2.197,1.378,13.812,NaN,NaN,NaN,World,Video Quad,35.6,NaN,12.907,NaN,1,0,CabinetD05,None,0,0,0,0,0.0000,NaN,NaN,NaN,0
143.30,Negin,AUIT_Single,CBA,0.888,1.724,1.292,18.9,14.8,-2.197,1.378,13.812,NaN,NaN,NaN,World,Video Quad,35.0,NaN,12.899,NaN,1,0,CabinetD05,None,0,0,0,0,0.0000,NaN,NaN,NaN,0
143.41,Negin,AUIT_Single,CBA,0.885,1.725,1.299,18.8,14.0,-2.197,1.378,13.812,NaN,NaN,NaN,World,Video Quad,34.6,NaN,12.892,NaN,1,0,CabinetD05,None,0,0,0,0,0.0000,NaN,NaN,NaN,0
143.51,Negin,AUIT_Single,CBA,0.885,1.724,1.304,19.8,14.5,-2.197,1.378,13.812,NaN,NaN,NaN,World,Video Quad,35.7,NaN,12.886,NaN,1,0,CabinetD05,None,0,0,0,0,0.0000,NaN,NaN,NaN,0
143.61,Negin,AUIT_Single,CBA,0.885,1.723,1.310,21.5,15.3,-2.197,1.378,13.812,NaN,NaN,NaN,World,Video Quad,37.5,NaN,12.882,NaN,1,0,CabinetD05,None,0,0,0,0,0.0000,NaN,NaN,NaN,0
143.70,Negin,AUIT_Single,CBA,0.886,1.722,1.314,23.6,15.7,-2.197,1.378,13.812,NaN,NaN,NaN,World,Video Quad,39.5,NaN,12.878,NaN,1,0,CabinetD05,None,0,0,0,0,0.0000,NaN,NaN,NaN,0
143.80,Negin,AUIT_Single,CBA,0.888,1.721,1.317,25.8,16.2,-2.197,1.378,13.812,NaN,NaN,NaN,World,CabinetD05Door,41.7,NaN,12.875,NaN,1,0,CabinetD05,None,0,0,0,0,0.0000,NaN,NaN,NaN,0
143.91,Negin,AUIT_Single,CBA,0.890,1.716,1.320,29.1,18.3,-2.197,1.378,13.812,NaN,NaN,NaN,World,CabinetD05Door,45.3,NaN,12.873,NaN,1,0,CabinetD05,None,0,0,0,0,0.0000,NaN,NaN,NaN,0
144.01,Negin,AUIT_Single,CBA,0.892,1.710,1.322,32.3,21.3,-2.197,1.378,13.812,NaN,NaN,NaN,World,CabinetD05Door,49.1,NaN,12.871,NaN,1,0,CabinetD05,None,0,0,0,0,0.0000,NaN,NaN,NaN,0
144.11,Negin,AUIT_Single,CBA,0.893,1.707,1.323,33.9,22.9,-2.197,1.378,13.812,NaN,NaN,NaN,World,CabinetD05Door,51.1,NaN,12.869,NaN,1,0,CabinetD05,None,0,0,0,0,0.0000,NaN,NaN,NaN,0
144.20,Negin,AUIT_Single,CBA,0.893,1.705,1.325,34.4,23.5,-2.197,1.378,13.812,NaN,NaN,NaN,World,CabinetD05Door,51.7,NaN,12.868,NaN,1,0,CabinetD05,None,0,0,0,0,0.0000,NaN,NaN,NaN,0
144.30,Negin,AUIT_Single,CBA,0.893,1.704,1.327,34.6,24.0,-2.197,1.378,13.812,NaN,NaN,NaN,World,CabinetD05Door,52.0,NaN,12.866,NaN,1,0,CabinetD05,None,0,0,0,0,0.0000,NaN,NaN,NaN,0
144.41,Negin,AUIT_Single,CBA,0.893,1.703,1.329,34.7,24.2,-2.197,1.378,13.812,NaN,NaN,NaN,World,CabinetD05Door,52.2,NaN,12.864,NaN,1,0,CabinetD05,None,0,0,0,0,0.0000,NaN,NaN,NaN,0
144.51,Negin,AUIT_Single,CBA,0.892,1.703,1.330,34.5,24.3,-2.197,1.378,13.812,NaN,NaN,NaN,World,CabinetD05Door,52.0,NaN,12.863,NaN,1,0,CabinetD05,None,0,0,0,0,0.0000,NaN,NaN,NaN,0
144.61,Negin,AUIT_Single,CBA,0.892,1.703,1.332,34.3,24.2,-2.197,1.378,13.812,NaN,NaN,NaN,World,CabinetD05Door,51.8,NaN,12.861,NaN,1,0,CabinetD05,None,0,0,0,0,0.0000,NaN,NaN,NaN,0
144.70,Negin,AUIT_Single,CBA,0.891,1.704,1.332,34.2,23.9,-2.197,1.378,13.812,NaN,NaN,NaN,World,CabinetD05Door,51.6,NaN,12.861,NaN,1,0,CabinetD05,None,0,0,0,0,0.0000,NaN,NaN,NaN,0
144.80,Negin,AUIT_Single,CBA,0.891,1.705,1.332,34.1,23.5,-2.197,1.378,13.812,NaN,NaN,NaN,World,CabinetD05Door,51.4,NaN,12.861,NaN,1,0,CabinetD05,None,0,0,0,0,0.0000,NaN,NaN,NaN,0
144.91,Negin,AUIT_Single,CBA,0.889,1.705,1.332,33.6,23.4,-2.197,1.378,13.812,NaN,NaN,NaN,World,CabinetD05Door,50.9,NaN,12.860,NaN,1,0,CabinetD05,None,0,0,0,0,0.0000,NaN,NaN,NaN,0
145.01,Negin,AUIT_Single,CBA,0.889,1.705,1.332,33.5,23.8,-2.197,1.378,13.812,NaN,NaN,NaN,World,CabinetD05Door,51.0,NaN,12.861,NaN,1,0,CabinetD05,None,0,0,0,0,0.0000,NaN,NaN,NaN,0
145.11,Negin,AUIT_Single,CBA,0.889,1.706,1.331,34.2,23.7,-2.197,1.378,13.812,NaN,NaN,NaN,World,CabinetD05Door,51.5,NaN,12.861,NaN,1,0,CabinetD05,None,0,0,0,0,0.0000,NaN,NaN,NaN,0
145.20,Negin,AUIT_Single,CBA,0.890,1.707,1.331,35.3,23.5,-2.197,1.378,13.812,NaN,NaN,NaN,World,CabinetD05Door,52.4,NaN,12.862,NaN,1,0,CabinetD05,None,0,0,0,0,0.0000,NaN,NaN,NaN,0
145.30,Negin,AUIT_Single,CBA,0.890,1.708,1.332,37.1,23.2,-2.197,1.378,13.812,NaN,NaN,NaN,World,CabinetD05Door,54.0,NaN,12.860,NaN,1,0,CabinetD05,None,0,0,0,0,0.0000,NaN,NaN,NaN,0
145.41,Negin,AUIT_Single,CBA,0.893,1.709,1.332,40.6,23.1,-2.197,1.378,13.812,NaN,NaN,NaN,World,CabinetD05Door,57.0,NaN,12.861,NaN,1,0,CabinetD05,None,0,0,0,0,0.0000,NaN,NaN,NaN,0
145.51,Negin,AUIT_Single,CBA,0.899,1.709,1.326,46.5,23.7,-2.197,1.378,13.812,NaN,NaN,NaN,World,CabinetD05Door,62.5,NaN,12.869,NaN,1,0,CabinetD05,None,0,0,0,0,0.0000,NaN,NaN,NaN,0
145.61,Negin,AUIT_Single,CBA,0.906,1.711,1.316,52.7,23.4,-2.197,1.378,13.812,NaN,NaN,NaN,World,CabinetD05Door,68.1,NaN,12.880,NaN,1,0,CabinetD05,None,0,0,0,0,0.0000,NaN,NaN,NaN,0
145.70,Negin,AUIT_Single,CBA,0.914,1.716,1.305,57.4,22.2,-2.197,1.378,13.812,NaN,NaN,NaN,World,CabinetD05Door,72.2,NaN,12.893,NaN,1,0,CabinetD05,None,0,0,0,0,0.0000,NaN,NaN,NaN,0
146.00,Negin,AUIT_Single,CBA,0.920,1.715,1.295,61.0,22.2,-2.197,1.378,13.812,NaN,NaN,NaN,World,CabinetD05Door,75.6,NaN,12.904,NaN,1,0,CabinetD05,None,0,0,0,0,0.0000,NaN,NaN,NaN,0
146.01,Negin,AUIT_Single,CBA,0.945,1.695,1.234,78.6,27.0,-2.197,1.378,13.812,NaN,NaN,NaN,World,Wall4m,91.7,NaN,12.968,NaN,1,0,CabinetD05,None,0,0,0,0,0.0000,NaN,NaN,NaN,0
146.02,Negin,AUIT_Single,CBA,0.946,1.692,1.226,80.2,28.7,-2.197,1.378,13.812,NaN,NaN,NaN,World,Wall4m,93.1,NaN,12.977,NaN,1,0,CabinetD05,None,0,0,0,0,0.0000,NaN,NaN,NaN,0
146.11,Negin,AUIT_Single,CBA,0.955,1.700,1.173,75.4,27.1,-2.197,1.378,13.812,NaN,NaN,NaN,World,KitchenOven07,88.8,NaN,13.030,NaN,1,0,CabinetD05,None,0,0,0,0,0.0000,NaN,NaN,NaN,0
146.20,Negin,AUIT_Single,CBA,0.964,1.699,1.133,73.9,26.1,-2.197,1.378,13.812,NaN,NaN,NaN,World,KitchenOven07,87.5,NaN,13.071,NaN,1,0,CabinetD05,None,0,0,0,0,0.0000,NaN,NaN,NaN,0
146.30,Negin,AUIT_Single,CBA,0.967,1.698,1.104,71.7,25.6,-2.197,1.378,13.812,NaN,NaN,NaN,World,KitchenOven07,85.5,NaN,13.100,NaN,1,0,CabinetD05,None,0,0,0,0,0.0000,NaN,NaN,NaN,0
146.41,Negin,AUIT_Single,CBA,0.971,1.699,1.078,67.6,24.3,-2.197,1.378,13.812,NaN,NaN,NaN,World,KitchenOven07,81.7,NaN,13.126,NaN,1,0,CabinetD05,None,0,0,0,0,0.0000,NaN,NaN,NaN,0
146.56,Negin,AUIT_Single,CBA,0.978,1.696,1.055,63.8,24.3,-2.197,1.378,13.812,NaN,NaN,NaN,World,KitchenOven07,78.3,NaN,13.150,NaN,1,0,CabinetD05,None,0,0,0,0,0.0000,NaN,NaN,NaN,0
146.61,Negin,AUIT_Single,CBA,0.985,1.694,1.029,61.3,24.7,-2.197,1.378,13.812,NaN,NaN,NaN,World,KitchenOven07,76.0,NaN,13.177,NaN,1,0,CabinetD05,None,0,0,0,0,0.0000,NaN,NaN,NaN,0
146.70,Negin,AUIT_Single,CBA,0.993,1.700,1.009,57.9,22.4,-2.197,1.378,13.812,NaN,NaN,NaN,World,KitchenOven07,72.8,NaN,13.198,NaN,1,0,CabinetD05,None,0,0,0,0,0.0000,NaN,NaN,NaN,0
146.81,Negin,AUIT_Single,CBA,1.002,1.703,0.990,54.3,21.0,-2.197,1.378,13.812,NaN,NaN,NaN,World,KitchenOven07,69.2,NaN,13.219,NaN,1,0,CabinetD05,None,0,0,0,0,0.0000,NaN,NaN,NaN,0
146.91,Negin,AUIT_Single,CBA,1.016,1.706,0.977,54.2,20.7,-2.197,1.378,13.812,NaN,NaN,NaN,World,Video Quad,69.2,NaN,13.235,NaN,1,0,CabinetD05,None,0,0,0,0,0.0000,NaN,NaN,NaN,0
147.01,Negin,AUIT_Single,CBA,1.037,1.712,0.972,55.4,20.5,-2.197,1.378,13.812,NaN,NaN,NaN,World,Video Quad,70.4,NaN,13.245,NaN,1,0,CabinetD05,None,0,0,0,0,0.0000,NaN,NaN,NaN,0
147.10,Negin,AUIT_Single,CBA,1.065,1.713,0.978,56.6,21.6,-2.197,1.378,13.812,NaN,NaN,NaN,World,Video Quad,71.7,NaN,13.247,NaN,1,0,CabinetD05,None,0,0,0,0,0.0000,NaN,NaN,NaN,0
147.20,Negin,AUIT_Single,CBA,1.101,1.705,0.992,58.7,23.4,-2.197,1.378,13.812,NaN,NaN,NaN,World,KitchenOven07,74.0,NaN,13.241,NaN,1,0,CabinetD05,None,0,0,0,0,0.0000,NaN,NaN,NaN,0
147.31,Negin,AUIT_Single,CBA,1.147,1.690,1.017,61.8,25.7,-2.197,1.378,13.812,NaN,NaN,NaN,World,KitchenOven07,77.2,NaN,13.228,NaN,1,0,CabinetD05Door,None,0,0,0,0,0.0000,NaN,NaN,NaN,0
147.41,Negin,AUIT_Single,CBA,1.196,1.676,1.042,63.2,25.4,-2.197,1.378,13.812,NaN,NaN,NaN,World,KitchenOven07,78.7,NaN,13.217,NaN,1,0,CabinetD05Door,None,0,0,0,0,0.0000,NaN,NaN,NaN,0
147.51,Negin,AUIT_Single,CBA,1.248,1.651,1.066,61.9,24.6,-2.197,1.378,13.812,NaN,NaN,NaN,World,KitchenOven07,77.8,NaN,13.207,NaN,1,0,CabinetD05Door,None,0,0,0,0,0.0000,NaN,NaN,NaN,0
147.61,Negin,AUIT_Single,CBA,1.299,1.612,1.085,60.3,23.6,-2.197,1.378,13.812,NaN,NaN,NaN,World,KitchenOven07,76.5,NaN,13.201,NaN,1,0,CabinetD05,None,0,0,0,0,0.0000,NaN,NaN,NaN,0
147.70,Negin,AUIT_Single,CBA,1.346,1.560,1.099,60.0,23.8,-2.197,1.378,13.812,NaN,NaN,NaN,World,KitchenOven07,76.5,NaN,13.199,NaN,1,0,CabinetDCorner02,None,0,0,0,0,0.0000,NaN,NaN,NaN,0
147.81,Negin,AUIT_Single,CBA,1.393,1.487,1.111,60.5,24.7,-2.197,1.378,13.812,NaN,NaN,NaN,World,KitchenOven07,77.4,NaN,13.200,NaN,1,0,CabinetDCorner02,None,0,0,0,0,0.0000,NaN,NaN,NaN,0
147.91,Negin,AUIT_Single,CBA,1.424,1.414,1.120,60.8,24.9,-2.197,1.378,13.812,NaN,NaN,NaN,World,KitchenOven07,77.9,NaN,13.199,NaN,1,0,Wall4m,None,0,0,0,0,0.0000,NaN,NaN,NaN,0
148.01,Negin,AUIT_Single,CBA,1.446,1.341,1.130,60.8,25.6,-2.197,1.378,13.812,NaN,NaN,NaN,World,KitchenOven07,78.2,NaN,13.195,NaN,1,0,Wall4m,None,0,0,0,0,0.0000,NaN,NaN,NaN,0
148.12,Negin,AUIT_Single,CBA,1.459,1.277,1.141,60.6,24.9,-2.197,1.378,13.812,NaN,NaN,NaN,World,KitchenOven07,78.2,NaN,13.189,NaN,1,0,Wall4m,None,0,0,0,0,0.0000,NaN,NaN,NaN,0
148.20,Negin,AUIT_Single,CBA,1.467,1.221,1.150,61.0,23.3,-2.197,1.378,13.812,NaN,NaN,NaN,World,KitchenOven07,78.5,NaN,13.182,NaN,1,0,Wall4m,None,0,0,0,0,0.0000,NaN,NaN,NaN,0
148.30,Negin,AUIT_Single,CBA,1.469,1.173,1.156,62.2,20.5,-2.197,1.378,13.812,NaN,NaN,NaN,World,KitchenOven07,79.4,NaN,13.178,NaN,1,0,Wall4m,None,0,0,0,0,0.0000,NaN,NaN,NaN,0
148.41,Negin,AUIT_Single,CBA,1.467,1.123,1.164,63.0,18.1,-2.197,1.378,13.812,NaN,NaN,NaN,World,KitchenOven07,80.1,NaN,13.171,NaN,1,0,Wall4m,None,0,0,0,0,0.0000,NaN,NaN,NaN,0
148.51,Negin,AUIT_Single,CBA,1.462,1.088,1.171,61.1,17.0,-2.197,1.378,13.812,NaN,NaN,NaN,World,KitchenOven07,78.1,NaN,13.164,NaN,1,0,Wall4m,None,0,0,0,0,0.0000,NaN,NaN,NaN,0
148.61,Negin,AUIT_Single,CBA,1.456,1.072,1.180,59.5,15.9,-2.197,1.378,13.812,NaN,NaN,NaN,World,KitchenOven07,76.5,NaN,13.153,NaN,1,0,Wall4m,None,0,0,0,0,0.0000,NaN,NaN,NaN,0
148.70,Negin,AUIT_Single,CBA,1.451,1.069,1.188,57.5,15.7,-2.197,1.378,13.812,NaN,NaN,NaN,World,KitchenOven07,74.6,NaN,13.144,NaN,1,0,Wall4m,None,0,0,0,0,0.0000,NaN,NaN,NaN,0
148.81,Negin,AUIT_Single,CBA,1.447,1.073,1.193,55.3,16.0,-2.197,1.378,13.812,NaN,NaN,NaN,World,KitchenOven07,72.5,NaN,13.139,NaN,1,0,Wall4m,None,0,0,0,0,0.0000,NaN,NaN,NaN,0
148.91,Negin,AUIT_Single,CBA,1.441,1.074,1.192,54.7,16.3,-2.197,1.378,13.812,NaN,NaN,NaN,World,KitchenOven07,72.0,NaN,13.138,NaN,1,0,Wall4m,None,0,0,0,0,0.0000,NaN,NaN,NaN,0
149.01,Negin,AUIT_Single,CBA,1.434,1.073,1.190,54.4,16.3,-2.197,1.378,13.812,NaN,NaN,NaN,World,KitchenOven07,71.6,NaN,13.138,NaN,1,0,Wall4m,None,0,0,0,0,0.0000,NaN,NaN,NaN,0
149.11,Negin,AUIT_Single,CBA,1.432,1.075,1.187,53.6,15.5,-2.197,1.378,13.812,NaN,NaN,NaN,World,KitchenOven07,70.8,NaN,13.140,NaN,1,0,Wall4m,None,0,0,0,0,0.0000,NaN,NaN,NaN,0
149.20,Negin,AUIT_Single,CBA,1.433,1.074,1.183,54.7,14.1,-2.197,1.378,13.812,NaN,NaN,NaN,World,KitchenOven07,71.6,NaN,13.144,NaN,1,0,Wall4m,None,0,0,0,0,0.0000,NaN,NaN,NaN,0
149.31,Negin,AUIT_Single,CBA,1.435,1.067,1.185,54.1,13.5,-2.197,1.378,13.812,NaN,NaN,NaN,World,KitchenOven07,71.1,NaN,13.143,NaN,1,0,Wall4m,None,0,0,0,0,0.0000,NaN,NaN,NaN,0
149.41,Negin,AUIT_Single,CBA,1.436,1.060,1.192,53.1,12.4,-2.197,1.378,13.812,NaN,NaN,NaN,World,KitchenOven07,70.0,NaN,13.137,NaN,1,0,Wall4m,None,0,0,0,0,0.0000,NaN,NaN,NaN,0
149.51,Negin,AUIT_Single,CBA,1.439,1.052,1.200,52.7,11.4,-2.197,1.378,13.812,NaN,NaN,NaN,World,KitchenOven07,69.5,NaN,13.130,NaN,1,0,Wall4m,None,0,0,0,0,0.0000,NaN,NaN,NaN,0
149.61,Negin,AUIT_Single,CBA,1.442,1.044,1.210,51.7,10.3,-2.197,1.378,13.812,NaN,NaN,NaN,World,KitchenOven07,68.5,NaN,13.121,NaN,1,0,Wall4m,None,0,0,0,0,0.0000,NaN,NaN,NaN,0
149.70,Negin,AUIT_Single,CBA,1.446,1.035,1.220,51.0,10.8,-2.197,1.378,13.812,NaN,NaN,NaN,World,KitchenOven07,67.8,NaN,13.113,NaN,1,0,Wall4m,None,0,0,0,0,0.0000,NaN,NaN,NaN,0
149.81,Negin,AUIT_Single,CBA,1.451,1.030,1.231,50.4,10.7,-2.197,1.378,13.812,NaN,NaN,NaN,World,KitchenOven07,67.3,NaN,13.105,NaN,1,0,Wall4m,None,0,0,0,0,0.0000,NaN,NaN,NaN,0
149.91,Negin,AUIT_Single,CBA,1.457,1.026,1.239,49.8,10.3,-2.197,1.378,13.812,NaN,NaN,NaN,World,KitchenOven07,66.8,NaN,13.098,NaN,1,0,Wall4m,None,0,0,0,0,0.0000,NaN,NaN,NaN,0
150.01,Negin,AUIT_Single,CBA,1.463,1.021,1.249,47.5,10.3,-2.197,1.378,13.812,NaN,NaN,NaN,World,KitchenOven07,64.5,NaN,13.090,NaN,1,0,Wall4m,None,0,0,0,0,0.0000,NaN,NaN,NaN,0
150.10,Negin,AUIT_Single,CBA,1.468,1.015,1.256,45.4,11.7,-2.197,1.378,13.812,NaN,NaN,NaN,World,KitchenOven07,62.7,NaN,13.085,NaN,1,0,Wall4m,None,0,0,0,0,0.0000,NaN,NaN,NaN,0
150.20,Negin,AUIT_Single,CBA,1.473,1.012,1.260,44.6,12.2,-2.197,1.378,13.812,NaN,NaN,NaN,World,KitchenOven07,62.0,NaN,13.083,NaN,1,0,Wall4m,None,0,0,0,0,0.0000,NaN,NaN,NaN,0
150.31,Negin,AUIT_Single,CBA,1.476,1.012,1.264,43.7,11.5,-2.197,1.378,13.812,NaN,NaN,NaN,World,KitchenOven07,61.1,NaN,13.079,NaN,1,0,Wall4m,None,0,0,0,0,0.0000,NaN,NaN,NaN,0
150.41,Negin,AUIT_Single,CBA,1.478,1.012,1.269,42.7,11.5,-2.197,1.378,13.812,NaN,NaN,NaN,World,KitchenOven07,60.1,NaN,13.075,NaN,1,0,Wall4m,None,0,0,0,0,0.0000,NaN,NaN,NaN,0
150.51,Negin,AUIT_Single,CBA,1.479,1.012,1.272,42.0,11.3,-2.197,1.378,13.812,NaN,NaN,NaN,World,KitchenOven07,59.4,NaN,13.073,NaN,1,0,Wall4m,None,0,0,0,0,0.0000,NaN,NaN,NaN,0
150.60,Negin,AUIT_Single,CBA,1.479,1.013,1.274,41.5,11.4,-2.197,1.378,13.812,NaN,NaN,NaN,World,KitchenOven07,58.9,NaN,13.071,NaN,1,0,Wall4m,None,0,0,0,0,0.0000,NaN,NaN,NaN,0
150.70,Negin,AUIT_Single,CBA,1.477,1.015,1.276,41.1,11.5,-2.197,1.378,13.812,NaN,NaN,NaN,World,KitchenOven07,58.6,NaN,13.069,NaN,1,0,Wall4m,None,0,0,0,0,0.0000,NaN,NaN,NaN,0
150.81,Negin,AUIT_Single,CBA,1.476,1.016,1.277,41.1,11.5,-2.197,1.378,13.812,NaN,NaN,NaN,World,KitchenOven07,58.5,NaN,13.067,NaN,1,0,Wall4m,None,0,0,0,0,0.0000,NaN,NaN,NaN,0
150.91,Negin,AUIT_Single,CBA,1.475,1.017,1.276,41.3,11.1,-2.197,1.378,13.812,NaN,NaN,NaN,World,KitchenOven07,58.7,NaN,13.068,NaN,1,0,Wall4m,None,0,0,0,0,0.0000,NaN,NaN,NaN,0
151.01,Negin,AUIT_Single,CBA,1.475,1.017,1.276,41.2,10.9,-2.197,1.378,13.812,NaN,NaN,NaN,World,KitchenOven07,58.5,NaN,13.068,NaN,1,0,Wall4m,None,0,0,0,0,0.0000,NaN,NaN,NaN,0
151.10,Negin,AUIT_Single,CBA,1.474,1.016,1.276,41.1,10.9,-2.197,1.378,13.812,NaN,NaN,NaN,World,KitchenOven07,58.5,NaN,13.068,NaN,1,0,Wall4m,None,0,0,0,0,0.0000,NaN,NaN,NaN,0
151.20,Negin,AUIT_Single,CBA,1.474,1.016,1.277,41.0,11.4,-2.197,1.378,13.812,NaN,NaN,NaN,World,KitchenOven07,58.4,NaN,13.067,NaN,1,0,Wall4m,None,0,0,0,0,0.0000,NaN,NaN,NaN,0
151.31,Negin,AUIT_Single,CBA,1.472,1.017,1.276,40.9,11.5,-2.197,1.378,13.812,NaN,NaN,NaN,World,KitchenOven07,58.4,NaN,13.067,NaN,1,0,Wall4m,None,0,0,0,0,0.0000,NaN,NaN,NaN,0
151.41,Negin,AUIT_Single,CBA,1.469,1.019,1.274,41.4,11.4,-2.197,1.378,13.812,NaN,NaN,NaN,World,KitchenOven07,58.8,NaN,13.068,NaN,1,0,Wall4m,None,0,0,0,0,0.0000,NaN,NaN,NaN,0
151.51,Negin,AUIT_Single,CBA,1.466,1.022,1.268,42.8,12.3,-2.197,1.378,13.812,NaN,NaN,NaN,World,KitchenOven07,60.2,NaN,13.073,NaN,1,0,Wall4m,None,0,0,0,0,0.0000,NaN,NaN,NaN,0
151.61,Negin,AUIT_Single,CBA,1.461,1.030,1.259,47.1,14.2,-2.197,1.378,13.812,NaN,NaN,NaN,World,KitchenOven07,64.7,NaN,13.080,NaN,1,0,Wall4m,None,0,0,0,0,0.0000,NaN,NaN,NaN,0
151.70,Negin,AUIT_Single,CBA,1.453,1.039,1.242,54.2,18.2,-2.197,1.378,13.812,NaN,NaN,NaN,World,KitchenOven07,71.9,NaN,13.094,NaN,1,0,Wall4m,None,0,0,0,0,0.0000,NaN,NaN,NaN,0
151.81,Negin,AUIT_Single,CBA,1.441,1.050,1.217,63.7,22.7,-2.197,1.378,13.812,NaN,NaN,NaN,World,KitchenOven07,81.1,NaN,13.115,NaN,1,0,Wall4m,None,0,0,0,0,0.0000,NaN,NaN,NaN,0
151.91,Negin,AUIT_Single,CBA,1.428,1.064,1.195,69.7,23.0,-2.197,1.378,13.812,NaN,NaN,NaN,World,KitchenOven07,86.6,NaN,13.131,NaN,1,0,Wall4m,None,0,0,0,0,0.0000,NaN,NaN,NaN,0
152.01,Negin,AUIT_Single,CBA,1.409,1.082,1.177,74.3,20.2,-2.197,1.378,13.812,NaN,NaN,NaN,World,Wall4m,90.6,NaN,13.143,NaN,1,0,Wall4m,None,0,0,0,0,0.0000,NaN,NaN,NaN,0
152.11,Negin,AUIT_Single,CBA,1.393,1.116,1.168,77.0,18.4,-2.197,1.378,13.812,NaN,NaN,NaN,World,Wall4m,93.1,NaN,13.147,NaN,1,0,Wall4m,None,0,0,0,0,0.0000,NaN,NaN,NaN,0
152.20,Negin,AUIT_Single,CBA,1.390,1.169,1.164,75.9,14.1,-2.197,1.378,13.812,NaN,NaN,NaN,World,Wall4m,91.9,NaN,13.148,NaN,1,0,Wall4m,None,0,0,0,0,0.0000,NaN,NaN,NaN,0
152.31,Negin,AUIT_Single,CBA,1.389,1.225,1.156,73.9,11.9,-2.197,1.378,13.812,NaN,NaN,NaN,World,Video Quad,89.9,NaN,13.155,NaN,1,0,Wall4m,None,0,0,0,0,0.0000,NaN,NaN,NaN,0
152.41,Negin,AUIT_Single,CBA,1.387,1.270,1.143,72.7,10.7,-2.197,1.378,13.812,NaN,NaN,NaN,World,Video Quad,88.6,NaN,13.167,NaN,1,0,Wall4m,None,0,0,0,0,0.0000,NaN,NaN,NaN,0
152.51,Negin,AUIT_Single,CBA,1.383,1.310,1.122,73.8,10.9,-2.197,1.378,13.812,NaN,NaN,NaN,World,Wall4m,89.6,NaN,13.186,NaN,1,0,Wall4m,None,0,0,0,0,0.0000,NaN,NaN,NaN,0
152.61,Negin,AUIT_Single,CBA,1.379,1.348,1.097,74.8,12.2,-2.197,1.378,13.812,NaN,NaN,NaN,World,Wall4m,90.5,NaN,13.209,NaN,1,0,Wall4m,None,0,0,0,0,0.0000,NaN,NaN,NaN,0
152.70,Negin,AUIT_Single,CBA,1.373,1.381,1.070,75.1,13.9,-2.197,1.378,13.812,NaN,NaN,NaN,World,Wall4m,90.8,NaN,13.233,NaN,1,0,Wall4m,None,0,0,0,0,0.0000,NaN,NaN,NaN,0
152.81,Negin,AUIT_Single,CBA,1.361,1.414,1.044,74.3,15.8,-2.197,1.378,13.812,NaN,NaN,NaN,World,Wall4m,89.8,NaN,13.255,NaN,1,0,Wall4m,None,0,0,0,0,0.0000,NaN,NaN,NaN,0
152.91,Negin,AUIT_Single,CBA,1.343,1.448,1.025,73.5,16.8,-2.197,1.378,13.812,NaN,NaN,NaN,World,Wall4m,89.0,NaN,13.268,NaN,1,0,CabinetDCorner02,None,0,0,0,0,0.0000,NaN,NaN,NaN,0
153.01,Negin,AUIT_Single,CBA,1.316,1.484,1.012,72.4,18.9,-2.197,1.378,13.812,NaN,NaN,NaN,World,Wall4m,87.7,NaN,13.274,NaN,1,0,CabinetD05,None,0,0,0,0,0.0000,NaN,NaN,NaN,0
153.11,Negin,AUIT_Single,CBA,1.285,1.512,1.003,70.4,21.1,-2.197,1.378,13.812,NaN,NaN,NaN,World,Video Quad,85.7,NaN,13.275,NaN,1,0,CabinetD05Door,None,0,0,0,0,0.0000,NaN,NaN,NaN,0
153.20,Negin,AUIT_Single,CBA,1.251,1.532,0.990,68.7,21.6,-2.197,1.378,13.812,NaN,NaN,NaN,World,Video Quad,83.9,NaN,13.279,NaN,1,0,CabinetD05Door,None,0,0,0,0,0.0000,NaN,NaN,NaN,0
153.33,Negin,AUIT_Single,CBA,1.231,1.541,0.982,67.9,20.9,-2.197,1.378,13.812,NaN,NaN,NaN,World,Video Quad,83.1,NaN,13.282,NaN,1,0,CabinetD05Door,None,0,0,0,0,0.0000,NaN,NaN,NaN,0
153.41,Negin,AUIT_Single,CBA,1.156,1.585,0.944,65.8,21.3,-2.197,1.378,13.812,NaN,NaN,NaN,World,Video Quad,80.8,NaN,13.299,NaN,1,0,CabinetD05,None,0,0,0,0,0.0000,NaN,NaN,NaN,0
153.51,Negin,AUIT_Single,CBA,1.101,1.623,0.917,63.6,21.5,-2.197,1.378,13.812,NaN,NaN,NaN,World,Video Quad,78.4,NaN,13.313,NaN,1,0,CabinetD05,None,0,0,0,0,0.0000,NaN,NaN,NaN,0
153.61,Negin,AUIT_Single,CBA,1.048,1.665,0.893,61.9,17.9,-2.197,1.378,13.812,NaN,NaN,NaN,World,Video Quad,76.3,NaN,13.324,NaN,1,0,CabinetD05,None,0,0,0,0,0.0000,NaN,NaN,NaN,0
153.70,Negin,AUIT_Single,CBA,1.000,1.695,0.874,59.5,17.5,-2.197,1.378,13.812,NaN,NaN,NaN,World,Video Quad,73.7,NaN,13.331,NaN,1,0,CabinetD05,None,0,0,0,0,0.0000,NaN,NaN,NaN,0
153.81,Negin,AUIT_Single,CBA,0.958,1.719,0.860,56.5,15.7,-2.197,1.378,13.812,NaN,NaN,NaN,World,CabinetDCorner02,70.5,NaN,13.335,NaN,1,0,CabinetD05,None,0,0,0,0,0.0000,NaN,NaN,NaN,0
153.91,Negin,AUIT_Single,CBA,0.928,1.733,0.854,54.3,13.4,-2.197,1.378,13.812,NaN,NaN,NaN,World,Video Quad,68.1,NaN,13.335,NaN,1,0,CabinetD05,None,0,0,0,0,0.0000,NaN,NaN,NaN,0
154.01,Negin,AUIT_Single,CBA,0.900,1.742,0.853,53.2,10.5,-2.197,1.378,13.812,NaN,NaN,NaN,World,Video Quad,66.8,NaN,13.329,NaN,1,0,CabinetD05,None,0,0,0,0,0.0000,NaN,NaN,NaN,0
154.11,Negin,AUIT_Single,CBA,0.871,1.747,0.856,52.2,10.0,-2.197,1.378,13.812,NaN,NaN,NaN,World,Video Quad,65.6,NaN,13.320,NaN,1,0,CabinetD05,None,0,0,0,0,0.0000,NaN,NaN,NaN,0
154.20,Negin,AUIT_Single,CBA,0.839,1.748,0.860,50.8,9.3,-2.197,1.378,13.812,NaN,NaN,NaN,World,Video Quad,64.1,NaN,13.308,NaN,1,0,CabinetD06,None,0,0,0,0,0.0000,NaN,NaN,NaN,0
154.31,Negin,AUIT_Single,CBA,0.803,1.748,0.861,50.5,9.9,-2.197,1.378,13.812,NaN,NaN,NaN,World,Video Quad,63.7,NaN,13.300,NaN,1,0,CabinetD06,None,0,0,0,0,0.0000,NaN,NaN,NaN,0
154.41,Negin,AUIT_Single,CBA,0.776,1.750,0.859,50.8,8.5,-2.197,1.378,13.812,NaN,NaN,NaN,World,Video Quad,63.8,NaN,13.295,NaN,1,0,CabinetD06,None,0,0,0,0,0.0000,NaN,NaN,NaN,0
154.51,Negin,AUIT_Single,CBA,0.752,1.751,0.857,51.4,7.4,-2.197,1.378,13.812,NaN,NaN,NaN,World,Video Quad,64.3,NaN,13.292,NaN,1,0,CabinetD06,None,0,0,0,0,0.0000,NaN,NaN,NaN,0
154.61,Negin,AUIT_Single,CBA,0.732,1.755,0.858,51.4,4.9,-2.197,1.378,13.812,NaN,NaN,NaN,World,Video Quad,64.1,NaN,13.287,NaN,1,0,CabinetD06,None,0,0,0,0,0.0000,NaN,NaN,NaN,0
154.70,Negin,AUIT_Single,CBA,0.717,1.759,0.859,52.5,1.1,-2.197,1.378,13.812,NaN,NaN,NaN,World,Video Quad,65.1,NaN,13.283,NaN,1,0,CabinetD06,None,0,0,0,0,0.0000,NaN,NaN,NaN,0
154.80,Negin,AUIT_Single,CBA,0.708,1.765,0.861,54.4,358.1,-2.197,1.378,13.812,NaN,NaN,NaN,World,Video Quad,67.1,NaN,13.279,NaN,1,0,CabinetD06,None,0,0,0,0,0.0000,NaN,NaN,NaN,0
154.91,Negin,AUIT_Single,CBA,0.700,1.771,0.862,56.9,355.6,-2.197,1.378,13.812,NaN,NaN,NaN,World,Video Quad,69.7,NaN,13.276,NaN,1,0,CabinetD06,None,0,0,0,0,0.0000,NaN,NaN,NaN,0
155.01,Negin,AUIT_Single,CBA,0.693,1.772,0.860,58.8,354.3,-2.197,1.378,13.812,NaN,NaN,NaN,World,CabinetDCorner02,71.7,NaN,13.277,NaN,1,0,CabinetD06,None,0,0,0,0,0.0000,NaN,NaN,NaN,0
155.11,Negin,AUIT_Single,CBA,0.687,1.770,0.854,59.3,355.8,-2.197,1.378,13.812,NaN,NaN,NaN,World,Video Quad,72.1,NaN,13.281,NaN,1,0,CabinetD06,None,0,0,0,0,0.0000,NaN,NaN,NaN,0
155.20,Negin,AUIT_Single,CBA,0.682,1.769,0.843,59.0,356.9,-2.197,1.378,13.812,NaN,NaN,NaN,World,Video Quad,71.6,NaN,13.291,NaN,1,0,CabinetD06,None,0,0,0,0,0.0000,NaN,NaN,NaN,0
155.30,Negin,AUIT_Single,CBA,0.677,1.767,0.827,58.0,356.9,-2.197,1.378,13.812,NaN,NaN,NaN,World,Video Quad,70.7,NaN,13.306,NaN,1,0,CabinetD06,None,0,0,0,0,0.0000,NaN,NaN,NaN,0
155.41,Negin,AUIT_Single,CBA,0.676,1.770,0.807,56.9,356.2,-2.197,1.378,13.812,NaN,NaN,NaN,World,Video Quad,69.6,NaN,13.325,NaN,1,0,CabinetD06,None,0,0,0,0,0.0000,NaN,NaN,NaN,0
155.51,Negin,AUIT_Single,CBA,0.678,1.772,0.788,56.1,355.5,-2.197,1.378,13.812,NaN,NaN,NaN,World,Video Quad,68.7,NaN,13.344,NaN,1,0,CabinetD06,None,0,0,0,0,0.0000,NaN,NaN,NaN,0
155.61,Negin,AUIT_Single,CBA,0.680,1.770,0.771,55.1,354.1,-2.197,1.378,13.812,NaN,NaN,NaN,World,CabinetDCorner02,67.9,NaN,13.361,NaN,1,0,CabinetD06,None,0,0,0,0,0.0000,NaN,NaN,NaN,0
155.70,Negin,AUIT_Single,CBA,0.683,1.776,0.758,52.8,351.0,-2.197,1.378,13.812,NaN,NaN,NaN,World,CabinetDCorner02,65.9,NaN,13.374,NaN,1,0,CabinetD06,None,0,0,0,0,0.0000,NaN,NaN,NaN,0
155.80,Negin,AUIT_Single,CBA,0.685,1.775,0.748,48.8,349.1,-2.197,1.378,13.812,NaN,NaN,NaN,World,CabinetDCorner02,62.1,NaN,13.385,NaN,1,0,CabinetD06,None,0,0,0,0,0.0000,NaN,NaN,NaN,0
155.91,Negin,AUIT_Single,CBA,0.685,1.768,0.734,44.2,353.8,-2.197,1.378,13.812,NaN,NaN,NaN,World,CabinetDCorner02,57.1,NaN,13.397,NaN,1,0,CabinetD06,None,0,0,0,0,0.0000,NaN,NaN,NaN,0
156.01,Negin,AUIT_Single,CBA,0.682,1.762,0.720,40.6,356.7,-2.197,1.378,13.812,NaN,NaN,NaN,World,Video Quad,53.2,NaN,13.411,NaN,1,0,CabinetD06,None,0,0,0,0,0.0000,NaN,NaN,NaN,0
156.11,Negin,AUIT_Single,CBA,0.679,1.760,0.701,38.2,358.3,-2.197,1.378,13.812,NaN,NaN,NaN,World,Video Quad,50.7,NaN,13.428,NaN,1,0,CabinetD06,None,0,0,0,0,0.0000,NaN,NaN,NaN,0
156.20,Negin,AUIT_Single,CBA,0.676,1.759,0.681,37.5,358.5,-2.197,1.378,13.812,NaN,NaN,NaN,World,Video Quad,49.9,NaN,13.447,NaN,1,0,CabinetD06,None,0,0,0,0,0.0000,NaN,NaN,NaN,0
156.30,Negin,AUIT_Single,CBA,0.674,1.757,0.663,37.1,358.5,-2.197,1.378,13.812,NaN,NaN,NaN,World,Video Quad,49.5,NaN,13.464,NaN,1,0,CabinetD06,None,0,0,0,0,0.0000,NaN,NaN,NaN,0
156.41,Negin,AUIT_Single,CBA,0.670,1.758,0.648,36.0,358.4,-2.197,1.378,13.812,NaN,NaN,NaN,World,Video Quad,48.4,NaN,13.478,NaN,1,0,CabinetD06,None,0,0,0,0,0.0000,NaN,NaN,NaN,0
156.51,Negin,AUIT_Single,CBA,0.665,1.760,0.637,34.8,358.8,-2.197,1.378,13.812,NaN,NaN,NaN,World,Video Quad,47.1,NaN,13.488,NaN,1,0,CabinetD06,None,0,0,0,0,0.0000,NaN,NaN,NaN,0
156.61,Negin,AUIT_Single,CBA,0.662,1.761,0.630,34.5,359.6,-2.197,1.378,13.812,NaN,NaN,NaN,World,Video Quad,46.7,NaN,13.494,NaN,1,0,CabinetD06,None,0,0,0,0,0.0000,NaN,NaN,NaN,0
156.70,Negin,AUIT_Single,CBA,0.661,1.760,0.625,36.2,0.4,-2.197,1.378,13.812,NaN,NaN,NaN,World,Video Quad,48.5,NaN,13.499,NaN,1,0,CabinetD06,None,0,0,0,0,0.0000,NaN,NaN,NaN,0
156.80,Negin,AUIT_Single,CBA,0.663,1.760,0.623,40.6,1.2,-2.197,1.378,13.812,NaN,NaN,NaN,World,Video Quad,52.8,NaN,13.501,NaN,1,0,CabinetD06,None,0,0,0,0,0.0000,NaN,NaN,NaN,0
156.91,Negin,AUIT_Single,CBA,0.668,1.758,0.623,48.3,3.0,-2.197,1.378,13.812,NaN,NaN,NaN,World,Video Quad,60.5,NaN,13.502,NaN,1,0,CabinetD06,None,0,0,0,0,0.0000,NaN,NaN,NaN,0
157.01,Negin,AUIT_Single,CBA,0.673,1.753,0.624,57.3,6.4,-2.197,1.378,13.812,NaN,NaN,NaN,World,Video Quad,69.6,NaN,13.502,NaN,1,0,CabinetD06,None,0,0,0,0,0.0000,NaN,NaN,NaN,0
157.11,Negin,AUIT_Single,CBA,0.681,1.743,0.620,71.0,11.9,-2.197,1.378,13.812,NaN,NaN,NaN,World,Wall4m,83.2,NaN,13.508,NaN,1,0,CabinetD06,None,0,0,0,0,0.0000,NaN,NaN,NaN,0
157.20,Negin,AUIT_Single,CBA,0.684,1.732,0.606,90.7,16.0,-2.197,1.378,13.812,NaN,NaN,NaN,World,Wall4m,102.0,NaN,13.522,NaN,1,0,CabinetD06,None,0,0,0,0,0.0000,NaN,NaN,NaN,0
157.31,Negin,AUIT_Single,CBA,0.675,1.724,0.591,108.7,16.7,-2.197,1.378,13.812,NaN,NaN,NaN,World,Wall4m,119.0,NaN,13.534,NaN,1,0,CabinetD06,None,0,0,0,0,0.0000,NaN,NaN,NaN,0
157.41,Negin,AUIT_Single,CBA,0.662,1.722,0.578,120.7,16.2,-2.197,1.378,13.812,NaN,NaN,NaN,World,Wall4m,130.3,NaN,13.544,NaN,1,0,CabinetD06,None,0,0,0,0,0.0000,NaN,NaN,NaN,0
157.56,Negin,AUIT_Single,CBA,0.651,1.721,0.572,125.6,16.5,-2.197,1.378,13.812,NaN,NaN,NaN,World,Wall4m,134.7,NaN,13.547,NaN,1,0,CabinetD06,None,0,0,0,0,0.0000,NaN,NaN,NaN,0
157.61,Negin,AUIT_Single,CBA,0.644,1.722,0.569,126.6,16.3,-2.197,1.378,13.812,NaN,NaN,NaN,World,Wall4m,135.5,NaN,13.549,NaN,1,0,CabinetD06,None,0,0,0,0,0.0000,NaN,NaN,NaN,0
157.70,Negin,AUIT_Single,CBA,0.637,1.725,0.561,126.1,15.5,-2.197,1.378,13.812,NaN,NaN,NaN,World,Wall4m,135.3,NaN,13.555,NaN,1,0,CabinetD06,None,0,0,0,0,0.0000,NaN,NaN,NaN,0
157.81,Negin,AUIT_Single,CBA,0.629,1.736,0.539,129.6,8.6,-2.197,1.378,13.812,NaN,NaN,NaN,World,Video Quad,140.5,NaN,13.575,NaN,1,0,CabinetD06,None,0,0,0,0,0.0000,NaN,NaN,NaN,0
157.91,Negin,AUIT_Single,CBA,0.623,1.742,0.512,134.7,3.6,-2.197,1.378,13.812,NaN,NaN,NaN,World,Wall4m,146.3,NaN,13.601,NaN,1,0,CabinetD06,None,0,0,0,0,0.0000,NaN,NaN,NaN,0
158.01,Negin,AUIT_Single,CBA,0.624,1.744,0.479,137.8,2.5,-2.197,1.378,13.812,NaN,NaN,NaN,World,None,149.5,NaN,13.634,NaN,1,0,CabinetD06,None,0,0,0,0,0.0000,NaN,NaN,NaN,0
158.11,Negin,AUIT_Single,CBA,0.633,1.743,0.441,136.9,3.2,-2.197,1.378,13.812,NaN,NaN,NaN,World,None,148.5,NaN,13.672,NaN,1,0,CabinetD06,None,0,0,0,0,0.0000,NaN,NaN,NaN,0
158.20,Negin,AUIT_Single,CBA,0.650,1.741,0.402,131.8,2.6,-2.197,1.378,13.812,NaN,NaN,NaN,World,Wall4m,143.5,NaN,13.714,NaN,1,0,CabinetD06,None,0,0,0,0,0.0000,NaN,NaN,NaN,0
158.31,Negin,AUIT_Single,CBA,0.671,1.738,0.359,118.4,0.8,-2.197,1.378,13.812,NaN,NaN,NaN,World,Wall4m,130.4,NaN,13.760,NaN,1,0,CabinetD06,None,0,0,0,0,0.0000,NaN,NaN,NaN,0
158.41,Negin,AUIT_Single,CBA,0.686,1.739,0.328,100.8,359.0,-2.197,1.378,13.812,NaN,NaN,NaN,World,Video Quad,112.9,NaN,13.794,NaN,1,0,CabinetD06,None,0,0,0,0,0.0000,NaN,NaN,NaN,0
158.51,Negin,AUIT_Single,CBA,0.690,1.743,0.298,84.4,0.1,-2.197,1.378,13.812,NaN,NaN,NaN,World,Video Quad,96.5,NaN,13.824,NaN,1,0,CabinetD06,None,0,0,0,0,0.0000,NaN,NaN,NaN,0
158.61,Negin,AUIT_Single,CBA,0.689,1.749,0.268,72.3,358.9,-2.197,1.378,13.812,NaN,NaN,NaN,World,Video Quad,84.4,NaN,13.853,NaN,1,0,CabinetD06,None,0,0,0,0,0.0000,NaN,NaN,NaN,0
158.70,Negin,AUIT_Single,CBA,0.682,1.755,0.241,63.2,358.6,-2.197,1.378,13.812,NaN,NaN,NaN,World,Video Quad,75.2,NaN,13.878,NaN,1,0,CabinetD06,None,0,0,0,0,0.0000,NaN,NaN,NaN,0
158.81,Negin,AUIT_Single,CBA,0.669,1.758,0.214,55.5,358.0,-2.197,1.378,13.812,NaN,NaN,NaN,World,Video Quad,67.5,NaN,13.903,NaN,1,0,CabinetD06,None,0,0,0,0,0.0000,NaN,NaN,NaN,0
158.91,Negin,AUIT_Single,CBA,0.658,1.761,0.193,50.6,357.5,-2.197,1.378,13.812,NaN,NaN,NaN,World,Video Quad,62.5,NaN,13.920,NaN,1,0,CabinetD06,None,0,0,0,0,0.0000,NaN,NaN,NaN,0
159.01,Negin,AUIT_Single,CBA,0.646,1.763,0.175,47.7,357.3,-2.197,1.378,13.812,NaN,NaN,NaN,World,Video Quad,59.7,NaN,13.935,NaN,1,0,CabinetD06,None,0,0,0,0,0.0000,NaN,NaN,NaN,0
159.11,Negin,AUIT_Single,CBA,0.632,1.763,0.162,45.6,358.4,-2.197,1.378,13.812,NaN,NaN,NaN,World,CabinetDCorner02,57.4,NaN,13.945,NaN,1,0,CabinetD06,None,0,0,0,0,0.0000,NaN,NaN,NaN,0
159.20,Negin,AUIT_Single,CBA,0.614,1.761,0.154,42.7,0.5,-2.197,1.378,13.812,NaN,NaN,NaN,World,CabinetDCorner02,54.3,NaN,13.950,NaN,1,0,CabinetD06,None,0,0,0,0,0.0000,NaN,NaN,NaN,0
159.31,Negin,AUIT_Single,CBA,0.587,1.754,0.147,39.0,2.7,-2.197,1.378,13.812,NaN,NaN,NaN,World,CabinetDCorner02,50.5,NaN,13.951,NaN,1,0,CabinetD06,None,0,0,0,0,0.0000,NaN,NaN,NaN,0
159.41,Negin,AUIT_Single,CBA,0.563,1.752,0.142,36.7,4.7,-2.197,1.378,13.812,NaN,NaN,NaN,World,CabinetDCorner02,48.1,NaN,13.951,NaN,1,0,CabinetD06,None,0,0,0,0,0.0000,NaN,NaN,NaN,0
159.51,Negin,AUIT_Single,CBA,0.541,1.750,0.138,35.7,4.0,-2.197,1.378,13.812,NaN,NaN,NaN,World,CabinetDCorner02,47.0,NaN,13.950,NaN,1,0,CabinetD06,None,0,0,0,0,0.0000,NaN,NaN,NaN,0
159.61,Negin,AUIT_Single,CBA,0.524,1.748,0.136,34.0,5.7,-2.197,1.378,13.812,NaN,NaN,NaN,World,CabinetDCorner02,45.3,NaN,13.950,NaN,1,0,CabinetD06,None,0,0,0,0,0.0000,NaN,NaN,NaN,0
159.70,Negin,AUIT_Single,CBA,0.509,1.751,0.130,29.7,6.1,-2.197,1.378,13.812,NaN,NaN,NaN,World,CabinetDCorner02,41.1,NaN,13.952,NaN,1,0,CabinetD06,None,0,0,0,0,0.0000,NaN,NaN,NaN,0
159.81,Negin,AUIT_Single,CBA,0.494,1.754,0.122,24.5,3.2,-2.197,1.378,13.812,NaN,NaN,NaN,World,CabinetD05Door,35.7,NaN,13.957,NaN,1,0,CabinetD06,None,0,0,0,0,0.0000,NaN,NaN,NaN,0
159.91,Negin,AUIT_Single,CBA,0.486,1.757,0.115,18.4,1.8,-2.197,1.378,13.812,NaN,NaN,NaN,World,CabinetD05,29.5,NaN,13.963,NaN,1,0,CabinetD06,None,0,0,0,0,0.0000,NaN,NaN,NaN,0
160.01,Negin,AUIT_Single,CBA,0.483,1.760,0.107,11.6,0.9,-2.197,1.378,13.812,NaN,NaN,NaN,World,CabinetD05,22.7,NaN,13.970,NaN,1,0,CabinetD06,None,1,0,0,0,0.0000,NaN,NaN,NaN,0
160.11,Negin,AUIT_Single,CBA,0.484,1.761,0.099,4.8,0.6,-2.197,1.378,13.812,NaN,NaN,NaN,World,CabinetD05,15.9,NaN,13.978,NaN,1,0,CabinetD06,None,1,0,0,0,0.0000,NaN,NaN,NaN,0
160.20,Negin,AUIT_Single,CBA,0.487,1.760,0.089,359.4,1.3,-2.197,1.378,13.812,NaN,NaN,NaN,World,CabinetD06,10.4,NaN,13.988,NaN,1,0,CabinetD06,None,1,0,0,0,0.0000,NaN,NaN,NaN,0
160.30,Negin,AUIT_Single,CBA,0.486,1.759,0.081,351.2,1.4,-2.197,1.378,13.812,NaN,NaN,NaN,World,CabinetD06,2.2,NaN,13.997,NaN,1,0,CabinetD06,None,1,0,0,0,0.0000,NaN,NaN,NaN,0
160.41,Negin,AUIT_Single,CBA,0.478,1.758,0.065,334.2,1.9,-2.197,1.378,13.812,NaN,NaN,NaN,World,CabinetD07,14.8,NaN,14.011,NaN,1,0,CabinetD06,None,1,0,0,0,0.0000,NaN,NaN,NaN,0
160.51,Negin,AUIT_Single,CBA,0.473,1.756,0.045,318.8,2.9,-2.197,1.378,13.812,NaN,NaN,NaN,World,Refrigerator03_Door01,30.3,NaN,14.028,NaN,1,0,CabinetD06,None,0,0,0,0,0.0000,NaN,NaN,NaN,0
160.61,Negin,AUIT_Single,CBA,0.474,1.753,0.025,305.9,3.8,-2.197,1.378,13.812,NaN,NaN,NaN,World,Refrigerator03,43.1,NaN,14.048,NaN,1,0,CabinetD06,None,0,0,0,0,0.0000,NaN,NaN,NaN,0
160.70,Negin,AUIT_Single,CBA,0.478,1.752,0.007,296.7,4.2,-2.197,1.378,13.812,NaN,NaN,NaN,World,Refrigerator03,52.3,NaN,14.067,NaN,1,0,CabinetD06,None,0,0,0,0,0.0000,NaN,NaN,NaN,0
160.81,Negin,AUIT_Single,CBA,0.486,1.751,-0.006,290.0,5.5,-2.197,1.378,13.812,NaN,NaN,NaN,World,Refrigerator03,59.0,NaN,14.081,NaN,1,0,CabinetD06,None,0,0,0,0,0.0000,NaN,NaN,NaN,0
160.91,Negin,AUIT_Single,CBA,0.491,1.750,-0.011,287.3,6.2,-2.197,1.378,13.812,NaN,NaN,NaN,World,Refrigerator03,61.7,NaN,14.087,NaN,1,0,CabinetD06,None,0,0,0,0,0.0000,NaN,NaN,NaN,0
161.01,Negin,AUIT_Single,CBA,0.495,1.749,-0.014,287.9,7.1,-2.197,1.378,13.812,NaN,NaN,NaN,World,Refrigerator03,61.1,NaN,14.090,NaN,1,0,CabinetD06,None,0,0,0,0,0.0000,NaN,NaN,NaN,0
161.11,Negin,AUIT_Single,CBA,0.497,1.748,-0.016,290.5,7.5,-2.197,1.378,13.812,NaN,NaN,NaN,World,Refrigerator03,58.5,NaN,14.093,NaN,1,0,CabinetD06,None,0,0,0,0,0.0000,NaN,NaN,NaN,0
161.20,Negin,AUIT_Single,CBA,0.499,1.749,-0.016,295.6,7.2,-2.197,1.378,13.812,NaN,NaN,NaN,World,Video Quad,53.5,NaN,14.094,NaN,1,0,CabinetD06,None,0,0,0,0,0.0000,NaN,NaN,NaN,0
161.31,Negin,AUIT_Single,CBA,0.503,1.750,-0.014,305.0,6.6,-2.197,1.378,13.812,NaN,NaN,NaN,World,Video Quad,44.1,NaN,14.093,NaN,1,0,CabinetD06,None,0,0,0,0,0.0000,NaN,NaN,NaN,0
161.41,Negin,AUIT_Single,CBA,0.508,1.749,-0.013,314.5,7.4,-2.197,1.378,13.812,NaN,NaN,NaN,World,Video Quad,34.8,NaN,14.093,NaN,1,0,CabinetD06,None,0,0,0,0,0.0000,NaN,NaN,NaN,0
161.51,Negin,AUIT_Single,CBA,0.514,1.743,-0.014,324.4,10.2,-2.197,1.378,13.812,NaN,NaN,NaN,World,Refrigerator03_Door01,25.9,NaN,14.094,NaN,1,0,CabinetD06,None,0,0,0,0,0.0000,NaN,NaN,NaN,0
161.61,Negin,AUIT_Single,CBA,0.518,1.738,-0.018,332.8,13.1,-2.197,1.378,13.812,NaN,NaN,NaN,World,Wall4m,19.7,NaN,14.099,NaN,1,0,CabinetD06,None,1,0,0,0,0.0000,NaN,NaN,NaN,0
161.70,Negin,AUIT_Single,CBA,0.519,1.730,-0.023,337.9,16.3,-2.197,1.378,13.812,NaN,NaN,NaN,World,Wall4m,18.4,NaN,14.103,NaN,1,0,CabinetD06,None,1,0,0,0,0.0000,NaN,NaN,NaN,0
161.81,Negin,AUIT_Single,CBA,0.525,1.721,-0.024,345.5,19.2,-2.197,1.378,13.812,NaN,NaN,NaN,World,EggBowl,18.1,NaN,14.106,NaN,1,0,CabinetD06,None,1,0,0,0,0.0000,NaN,NaN,NaN,0
161.91,Negin,AUIT_Single,CBA,0.538,1.715,-0.027,355.3,21.9,-2.197,1.378,13.812,NaN,NaN,NaN,World,CabinetD02,21.5,NaN,14.111,NaN,1,0,CabinetD06,None,1,0,0,0,0.0000,NaN,NaN,NaN,0
162.01,Negin,AUIT_Single,CBA,0.554,1.711,-0.030,4.5,23.3,-2.197,1.378,13.812,NaN,NaN,NaN,World,CabinetD01,26.8,NaN,14.117,NaN,1,0,CabinetD06,None,0,0,0,0,0.0000,NaN,NaN,NaN,0
162.11,Negin,AUIT_Single,CBA,0.570,1.706,-0.034,12.2,25.2,-2.197,1.378,13.812,NaN,NaN,NaN,World,CabinetDCorner01,32.9,NaN,14.124,NaN,1,0,CabinetD06,None,0,0,0,0,0.0000,NaN,NaN,NaN,0
162.20,Negin,AUIT_Single,CBA,0.586,1.703,-0.037,17.7,26.6,-2.197,1.378,13.812,NaN,NaN,NaN,World,CabinetDCorner01,37.6,NaN,14.130,NaN,1,0,CabinetD06,None,0,0,0,0,0.0000,NaN,NaN,NaN,0
162.33,Negin,AUIT_Single,CBA,0.597,1.702,-0.038,19.1,26.5,-2.197,1.378,13.812,NaN,NaN,NaN,World,CabinetDCorner01,38.7,NaN,14.133,NaN,1,0,CabinetD06,None,0,0,0,0,0.0000,NaN,NaN,NaN,0
162.41,Negin,AUIT_Single,CBA,0.621,1.704,-0.038,18.5,25.5,-2.197,1.378,13.812,NaN,NaN,NaN,World,CabinetDCorner01,37.7,NaN,14.138,NaN,1,0,CabinetD06,None,0,0,0,0,0.0000,NaN,NaN,NaN,0
162.51,Negin,AUIT_Single,CBA,0.642,1.707,-0.038,15.8,23.9,-2.197,1.378,13.812,NaN,NaN,NaN,World,Video Quad,34.8,NaN,14.142,NaN,1,0,CabinetD06,None,0,0,0,0,0.0000,NaN,NaN,NaN,0
162.61,Negin,AUIT_Single,CBA,0.664,1.714,-0.038,11.0,20.1,-2.197,1.378,13.812,NaN,NaN,NaN,World,Video Quad,29.0,NaN,14.147,NaN,1,0,CabinetD06,None,0,0,0,0,0.0000,NaN,NaN,NaN,0
162.70,Negin,AUIT_Single,CBA,0.689,1.722,-0.040,5.0,17.1,-2.197,1.378,13.812,NaN,NaN,NaN,World,Video Quad,22.8,NaN,14.154,NaN,1,0,CabinetD06,None,1,0,0,0,0.0000,NaN,NaN,NaN,0
162.81,Negin,AUIT_Single,CBA,0.715,1.730,-0.042,357.7,12.3,-2.197,1.378,13.812,NaN,NaN,NaN,World,Video Quad,14.4,NaN,14.161,NaN,1,0,CabinetD06,None,1,0,0,0,0.0000,NaN,NaN,NaN,0
162.91,Negin,AUIT_Single,CBA,0.735,1.735,-0.045,350.7,9.6,-2.197,1.378,13.812,NaN,NaN,NaN,World,Video Quad,8.6,NaN,14.168,NaN,1,0,CabinetD06,None,1,0,0,0,0.0000,NaN,NaN,NaN,0
163.01,Negin,AUIT_Single,CBA,0.746,1.738,-0.051,340.1,6.7,-2.197,1.378,13.812,NaN,NaN,NaN,World,CabinetD06Door,9.5,NaN,14.176,NaN,1,0,CabinetD06,None,1,0,0,0,0.0000,NaN,NaN,NaN,0
163.11,Negin,AUIT_Single,CBA,0.752,1.739,-0.059,328.6,6.3,-2.197,1.378,13.812,NaN,NaN,NaN,World,CabinetD07,19.9,NaN,14.186,NaN,1,0,CabinetD06,None,1,0,0,0,0.0000,NaN,NaN,NaN,0
163.20,Negin,AUIT_Single,CBA,0.758,1.736,-0.070,317.6,7.9,-2.197,1.378,13.812,NaN,NaN,NaN,World,Refrigerator03_Door01,30.9,NaN,14.198,NaN,1,0,CabinetD06,None,0,0,0,0,0.0000,NaN,NaN,NaN,0
163.31,Negin,AUIT_Single,CBA,0.764,1.732,-0.080,307.5,9.8,-2.197,1.378,13.812,NaN,NaN,NaN,World,Refrigerator03_Door01,41.1,NaN,14.209,NaN,1,0,CabinetD06,None,0,0,0,0,0.0000,NaN,NaN,NaN,0
163.41,Negin,AUIT_Single,CBA,0.768,1.731,-0.088,300.3,10.7,-2.197,1.378,13.812,NaN,NaN,NaN,World,Refrigerator03,48.2,NaN,14.217,NaN,1,0,CabinetD06,None,0,0,0,0,0.0000,NaN,NaN,NaN,0
163.51,Negin,AUIT_Single,CBA,0.770,1.732,-0.096,294.1,11.2,-2.197,1.378,13.812,NaN,NaN,NaN,World,Refrigerator03,54.3,NaN,14.225,NaN,1,0,CabinetD06,None,0,0,0,0,0.0000,NaN,NaN,NaN,0
163.60,Negin,AUIT_Single,CBA,0.770,1.734,-0.103,289.8,10.5,-2.197,1.378,13.812,NaN,NaN,NaN,World,Refrigerator03,58.5,NaN,14.233,NaN,1,0,CabinetD06,None,0,0,0,0,0.0000,NaN,NaN,NaN,0
163.70,Negin,AUIT_Single,CBA,0.765,1.736,-0.114,285.6,9.3,-2.197,1.378,13.812,NaN,NaN,NaN,World,Refrigerator03,62.6,NaN,14.242,NaN,1,0,CabinetD06,None,0,0,0,0,0.0000,NaN,NaN,NaN,0
163.81,Negin,AUIT_Single,CBA,0.752,1.740,-0.133,276.9,8.4,-2.197,1.378,13.812,NaN,NaN,NaN,World,Refrigerator03,71.2,NaN,14.258,NaN,1,0,CabinetD06,None,0,0,0,0,0.0000,NaN,NaN,NaN,0
163.91,Negin,AUIT_Single,CBA,0.743,1.738,-0.153,268.0,8.7,-2.197,1.378,13.812,NaN,NaN,NaN,World,Refrigerator03_Door02,80.0,NaN,14.275,NaN,1,0,CabinetD06Door,None,0,0,0,0,0.0000,NaN,NaN,NaN,0
164.01,Negin,AUIT_Single,CBA,0.734,1.738,-0.168,262.1,9.5,-2.197,1.378,13.812,NaN,NaN,NaN,World,Refrigerator03_Door02,85.8,NaN,14.289,NaN,1,0,CabinetD06Door,None,0,0,0,0,0.0000,NaN,NaN,NaN,0
164.10,Negin,AUIT_Single,CBA,0.728,1.740,-0.177,258.2,9.9,-2.197,1.378,13.812,NaN,NaN,NaN,World,Refrigerator03_Door02,89.8,NaN,14.296,NaN,1,0,CabinetD06Door,None,0,0,0,0,0.0000,NaN,NaN,NaN,0
164.20,Negin,AUIT_Single,CBA,0.728,1.740,-0.179,257.9,10.3,-2.197,1.378,13.812,NaN,NaN,NaN,World,Refrigerator03_Door02,90.1,NaN,14.298,NaN,1,0,CabinetD06Door,None,0,0,0,0,0.0000,NaN,NaN,NaN,0
164.31,Negin,AUIT_Single,CBA,0.734,1.736,-0.174,259.7,11.3,-2.197,1.378,13.812,NaN,NaN,NaN,World,Refrigerator03_Door02,88.2,NaN,14.294,NaN,1,0,CabinetD06Door,None,0,0,0,0,0.0000,NaN,NaN,NaN,0
164.41,Negin,AUIT_Single,CBA,0.742,1.734,-0.171,260.1,12.6,-2.197,1.378,13.812,NaN,NaN,NaN,World,Refrigerator03_Door02,87.7,NaN,14.293,NaN,1,0,CabinetD06Door,None,0,0,0,0,0.0000,NaN,NaN,NaN,0
164.51,Negin,AUIT_Single,CBA,0.749,1.735,-0.173,259.4,12.4,-2.197,1.378,13.812,NaN,NaN,NaN,World,Refrigerator03_Door02,88.5,NaN,14.297,NaN,1,0,CabinetD06Door,None,0,0,0,0,0.0000,NaN,NaN,NaN,0
164.60,Negin,AUIT_Single,CBA,0.756,1.730,-0.185,253.9,13.6,-2.197,1.378,13.812,NaN,NaN,NaN,World,Refrigerator03_Door02,93.8,NaN,14.309,NaN,1,0,CabinetD06Door,None,0,0,0,0,0.0000,NaN,NaN,NaN,0
164.70,Negin,AUIT_Single,CBA,0.764,1.725,-0.203,244.3,16.3,-2.197,1.378,13.812,NaN,NaN,NaN,World,Wall4m,102.8,NaN,14.328,NaN,1,0,CabinetD06Door,None,0,0,0,0,0.0000,NaN,NaN,NaN,0
164.81,Negin,AUIT_Single,CBA,0.772,1.717,-0.217,237.6,18.9,-2.197,1.378,13.812,NaN,NaN,NaN,World,Wall4m,108.9,NaN,14.344,NaN,1,0,CabinetD06Door,None,0,0,0,0,0.0000,NaN,NaN,NaN,0
164.91,Negin,AUIT_Single,CBA,0.781,1.710,-0.225,234.8,20.7,-2.197,1.378,13.812,NaN,NaN,NaN,World,Wall4m,111.2,NaN,14.353,NaN,1,0,CabinetD06Door,None,0,0,0,0,0.0000,NaN,NaN,NaN,0
165.02,Negin,AUIT_Single,CBA,0.786,1.706,-0.228,233.9,22.3,-2.197,1.378,13.812,NaN,NaN,NaN,World,Wall4m,111.6,NaN,14.357,NaN,1,0,CabinetD06Door,None,0,0,0,0,0.0000,NaN,NaN,NaN,0
165.10,Negin,AUIT_Single,CBA,0.801,1.706,-0.223,236.0,22.6,-2.197,1.378,13.812,NaN,NaN,NaN,World,Wall4m,109.7,NaN,14.356,NaN,1,0,CabinetD06Door,None,0,0,0,0,0.0000,NaN,NaN,NaN,0
165.20,Negin,AUIT_Single,CBA,0.809,1.712,-0.212,244.2,20.4,-2.197,1.378,13.812,NaN,NaN,NaN,World,Wall4m,102.3,NaN,14.347,NaN,1,0,CabinetD06Door,None,0,0,0,0,0.0000,NaN,NaN,NaN,0
165.31,Negin,AUIT_Single,CBA,0.817,1.721,-0.201,253.4,17.1,-2.197,1.378,13.812,NaN,NaN,NaN,World,Video Quad,93.8,NaN,14.338,NaN,1,0,CabinetD06Door,None,0,0,0,0,0.0000,NaN,NaN,NaN,0
165.41,Negin,AUIT_Single,CBA,0.822,1.728,-0.197,258.0,14.2,-2.197,1.378,13.812,NaN,NaN,NaN,World,Video Quad,89.5,NaN,14.335,NaN,1,0,CabinetD06Door,None,0,0,0,0,0.0000,NaN,NaN,NaN,0
165.51,Negin,AUIT_Single,CBA,0.826,1.731,-0.196,261.5,13.2,-2.197,1.378,13.812,NaN,NaN,NaN,World,Video Quad,86.1,NaN,14.335,NaN,1,0,CabinetD06Door,None,0,0,0,0,0.0000,NaN,NaN,NaN,0
165.60,Negin,AUIT_Single,CBA,0.826,1.732,-0.199,264.5,12.5,-2.197,1.378,13.812,NaN,NaN,NaN,World,Video Quad,83.2,NaN,14.338,NaN,1,0,CabinetD06Door,None,0,0,0,0,0.0000,NaN,NaN,NaN,0
165.70,Negin,AUIT_Single,CBA,0.824,1.735,-0.205,266.3,11.3,-2.197,1.378,13.812,NaN,NaN,NaN,World,Video Quad,81.4,NaN,14.343,NaN,1,0,CabinetD06Door,None,0,0,0,0,0.0000,NaN,NaN,NaN,0
165.81,Negin,AUIT_Single,CBA,0.817,1.738,-0.212,268.5,9.9,-2.197,1.378,13.812,NaN,NaN,NaN,World,Video Quad,79.3,NaN,14.349,NaN,1,0,CabinetD06Door,None,0,0,0,0,0.0000,NaN,NaN,NaN,0
165.91,Negin,AUIT_Single,CBA,0.809,1.740,-0.218,270.9,8.9,-2.197,1.378,13.812,NaN,NaN,NaN,World,Refrigerator03_Door02,77.0,NaN,14.353,NaN,1,0,CabinetD06Door,None,0,0,0,0,0.0000,NaN,NaN,NaN,0
166.01,Negin,AUIT_Single,CBA,0.801,1.743,-0.225,272.5,7.6,-2.197,1.378,13.812,NaN,NaN,NaN,World,Refrigerator03_Door02,75.3,NaN,14.358,NaN,1,0,CabinetD06Door,None,0,0,0,0,0.0000,NaN,NaN,NaN,0
166.10,Negin,AUIT_Single,CBA,0.790,1.745,-0.233,273.3,6.1,-2.197,1.378,13.812,NaN,NaN,NaN,World,Refrigerator03_Door02,74.6,NaN,14.364,NaN,1,0,CabinetD06Door,None,0,0,0,0,0.0000,NaN,NaN,NaN,0
166.20,Negin,AUIT_Single,CBA,0.778,1.747,-0.242,274.1,4.8,-2.197,1.378,13.812,NaN,NaN,NaN,World,Refrigerator03_Door02,73.9,NaN,14.371,NaN,1,0,CabinetD06Door,None,0,0,0,0,0.0000,NaN,NaN,NaN,0
166.31,Negin,AUIT_Single,CBA,0.764,1.748,-0.250,275.6,3.7,-2.197,1.378,13.812,NaN,NaN,NaN,World,Refrigerator03_Door02,72.5,NaN,14.375,NaN,1,0,CabinetD06Door,None,0,0,0,0,0.0000,NaN,NaN,NaN,0
166.41,Negin,AUIT_Single,CBA,0.751,1.746,-0.257,276.5,4.0,-2.197,1.378,13.812,NaN,NaN,NaN,World,Refrigerator03,71.6,NaN,14.379,NaN,1,0,CabinetD06Door,None,0,0,0,0,0.0000,NaN,NaN,NaN,0
166.51,Negin,AUIT_Single,CBA,0.740,1.744,-0.266,275.4,6.1,-2.197,1.378,13.812,NaN,NaN,NaN,World,Refrigerator03_Door02,72.7,NaN,14.386,NaN,1,0,CabinetD06Door,None,0,0,0,0,0.0000,NaN,NaN,NaN,0
166.60,Negin,AUIT_Single,CBA,0.731,1.743,-0.275,274.5,6.1,-2.197,1.378,13.812,NaN,NaN,NaN,World,Video Quad,73.7,NaN,14.393,NaN,1,0,CabinetD06Door,None,0,0,0,0,0.0000,NaN,NaN,NaN,0
166.70,Negin,AUIT_Single,CBA,0.723,1.741,-0.281,274.1,6.2,-2.197,1.378,13.812,NaN,NaN,NaN,World,Video Quad,74.1,NaN,14.398,NaN,1,0,CabinetD06Door,None,0,0,0,0,0.0000,NaN,NaN,NaN,0
166.81,Negin,AUIT_Single,CBA,0.715,1.739,-0.286,273.9,6.4,-2.197,1.378,13.812,NaN,NaN,NaN,World,Video Quad,74.4,NaN,14.400,NaN,1,0,CabinetD06Door,None,0,0,0,0,0.0000,NaN,NaN,NaN,0
166.91,Negin,AUIT_Single,CBA,0.709,1.736,-0.288,274.7,6.6,-2.197,1.378,13.812,NaN,NaN,NaN,World,Video Quad,73.6,NaN,14.401,NaN,1,0,CabinetD06Door,None,0,0,0,0,0.0000,NaN,NaN,NaN,0
167.01,Negin,AUIT_Single,CBA,0.704,1.736,-0.290,275.3,6.6,-2.197,1.378,13.812,NaN,NaN,NaN,World,Video Quad,73.0,NaN,14.402,NaN,1,0,CabinetD06Door,None,0,0,0,0,0.0000,NaN,NaN,NaN,0
167.11,Negin,AUIT_Single,CBA,0.699,1.736,-0.294,274.9,6.5,-2.197,1.378,13.812,NaN,NaN,NaN,World,Video Quad,73.5,NaN,14.405,NaN,1,0,CabinetD06Door,None,0,0,0,0,0.0000,NaN,NaN,NaN,0
167.20,Negin,AUIT_Single,CBA,0.695,1.736,-0.298,274.1,6.4,-2.197,1.378,13.812,NaN,NaN,NaN,World,Video Quad,74.3,NaN,14.408,NaN,1,0,CabinetD06Door,None,0,0,0,0,0.0000,NaN,NaN,NaN,0
167.31,Negin,AUIT_Single,CBA,0.691,1.737,-0.301,273.6,6.8,-2.197,1.378,13.812,NaN,NaN,NaN,World,Video Quad,74.8,NaN,14.410,NaN,1,0,CabinetD06Door,None,0,0,0,0,0.0000,NaN,NaN,NaN,0
167.41,Negin,AUIT_Single,CBA,0.686,1.736,-0.301,274.1,6.7,-2.197,1.378,13.812,NaN,NaN,NaN,World,Video Quad,74.3,NaN,14.409,NaN,1,0,CabinetD06Door,None,0,0,0,0,0.0000,NaN,NaN,NaN,0
167.51,Negin,AUIT_Single,CBA,0.682,1.735,-0.302,274.7,7.2,-2.197,1.378,13.812,NaN,NaN,NaN,World,Video Quad,73.7,NaN,14.409,NaN,1,0,CabinetD06Door,None,0,0,0,0,0.0000,NaN,NaN,NaN,0
167.61,Negin,AUIT_Single,CBA,0.680,1.734,-0.304,274.4,7.9,-2.197,1.378,13.812,NaN,NaN,NaN,World,Video Quad,74.0,NaN,14.411,NaN,1,0,CabinetD06Door,None,0,0,0,0,0.0000,NaN,NaN,NaN,0
167.70,Negin,AUIT_Single,CBA,0.678,1.734,-0.306,273.2,8.3,-2.197,1.378,13.812,NaN,NaN,NaN,World,Video Quad,75.2,NaN,14.413,NaN,1,0,CabinetD06Door,None,0,0,0,0,0.0000,NaN,NaN,NaN,0
167.81,Negin,AUIT_Single,CBA,0.678,1.731,-0.309,271.0,9.8,-2.197,1.378,13.812,NaN,NaN,NaN,World,Video Quad,77.5,NaN,14.415,NaN,1,0,CabinetD06Door,None,0,0,0,0,0.0000,NaN,NaN,NaN,0
167.91,Negin,AUIT_Single,CBA,0.678,1.726,-0.315,266.6,12.9,-2.197,1.378,13.812,NaN,NaN,NaN,World,Video Quad,81.8,NaN,14.421,NaN,1,0,CabinetD06Door,None,0,0,0,0,0.0000,NaN,NaN,NaN,0
168.01,Negin,AUIT_Single,CBA,0.680,1.716,-0.325,257.6,17.6,-2.197,1.378,13.812,NaN,NaN,NaN,World,Video Quad,90.4,NaN,14.432,NaN,1,0,CabinetD06Door,None,0,0,0,0,0.0000,NaN,NaN,NaN,0
168.11,Negin,AUIT_Single,CBA,0.685,1.706,-0.332,249.9,21.8,-2.197,1.378,13.812,NaN,NaN,NaN,World,Wall4m,97.5,NaN,14.439,NaN,1,0,CabinetD06Door,None,0,0,0,0,0.0000,NaN,NaN,NaN,0
168.20,Negin,AUIT_Single,CBA,0.693,1.702,-0.333,245.1,23.4,-2.197,1.378,13.812,NaN,NaN,NaN,World,Wall4m,101.7,NaN,14.441,NaN,1,0,CabinetD06Door,None,0,0,0,0,0.0000,NaN,NaN,NaN,0
168.31,Negin,AUIT_Single,CBA,0.703,1.704,-0.329,242.4,23.3,-2.197,1.378,13.812,NaN,NaN,NaN,World,Wall4m,104.2,NaN,14.439,NaN,1,0,CabinetD06Door,None,0,0,0,0,0.0000,NaN,NaN,NaN,0
168.41,Negin,AUIT_Single,CBA,0.710,1.707,-0.323,241.4,22.6,-2.197,1.378,13.812,NaN,NaN,NaN,World,Wall4m,105.1,NaN,14.435,NaN,1,0,CabinetD06Door,None,0,0,0,0,0.0000,NaN,NaN,NaN,0
168.51,Negin,AUIT_Single,CBA,0.711,1.714,-0.312,244.6,19.7,-2.197,1.378,13.812,NaN,NaN,NaN,World,Video Quad,102.5,NaN,14.425,NaN,1,0,CabinetD06Door,None,0,0,0,0,0.0000,NaN,NaN,NaN,0
168.61,Negin,AUIT_Single,CBA,0.711,1.726,-0.298,252.8,14.5,-2.197,1.378,13.812,NaN,NaN,NaN,World,Video Quad,95.0,NaN,14.411,NaN,1,0,CabinetD06Door,None,0,0,0,0,0.0000,NaN,NaN,NaN,0
168.70,Negin,AUIT_Single,CBA,0.709,1.735,-0.285,261.0,10.7,-2.197,1.378,13.812,NaN,NaN,NaN,World,Video Quad,87.2,NaN,14.398,NaN,1,0,CabinetD06Door,None,0,0,0,0,0.0000,NaN,NaN,NaN,0
168.81,Negin,AUIT_Single,CBA,0.702,1.741,-0.276,269.5,8.0,-2.197,1.378,13.812,NaN,NaN,NaN,World,Video Quad,78.7,NaN,14.388,NaN,1,0,CabinetD06Door,None,0,0,0,0,0.0000,NaN,NaN,NaN,0
168.91,Negin,AUIT_Single,CBA,0.694,1.742,-0.271,275.9,6.8,-2.197,1.378,13.812,NaN,NaN,NaN,World,Refrigerator03_Door02,72.4,NaN,14.382,NaN,1,0,CabinetD06Door,None,0,0,0,0,0.0000,NaN,NaN,NaN,0
169.01,Negin,AUIT_Single,CBA,0.688,1.743,-0.270,280.8,5.8,-2.197,1.378,13.812,NaN,NaN,NaN,World,Refrigerator03,67.6,NaN,14.379,NaN,1,0,CabinetD06Door,None,0,0,0,0,0.0000,NaN,NaN,NaN,0
169.11,Negin,AUIT_Single,CBA,0.683,1.744,-0.266,288.4,4.3,-2.197,1.378,13.812,NaN,NaN,NaN,World,Refrigerator03,60.1,NaN,14.374,NaN,1,0,CabinetD06Door,None,0,0,0,0,0.0000,NaN,NaN,NaN,0
169.22,Negin,AUIT_Single,CBA,0.683,1.746,-0.260,295.8,3.0,-2.197,1.378,13.812,NaN,NaN,NaN,World,Refrigerator03,52.6,NaN,14.369,NaN,1,0,CabinetD06Door,None,0,0,0,0,0.0000,NaN,NaN,NaN,0
169.31,Negin,AUIT_Single,CBA,0.694,1.751,-0.244,319.7,0.3,-2.197,1.378,13.812,NaN,NaN,NaN,World,Refrigerator03_Door01,28.7,NaN,14.355,NaN,1,0,CabinetD06Door,None,0,0,0,0,0.0000,NaN,NaN,NaN,0
169.41,Negin,AUIT_Single,CBA,0.703,1.752,-0.240,332.7,359.8,-2.197,1.378,13.812,NaN,NaN,NaN,World,CabinetD07,15.7,NaN,14.353,NaN,1,0,CabinetD06Door,None,1,0,0,0,0.0000,NaN,NaN,NaN,0
169.51,Negin,AUIT_Single,CBA,0.711,1.750,-0.240,344.4,0.5,-2.197,1.378,13.812,NaN,NaN,NaN,World,CabinetD06Door,4.0,NaN,14.355,NaN,1,0,CabinetD06Door,None,1,0,0,0,0.0000,NaN,NaN,NaN,0
169.61,Negin,AUIT_Single,CBA,0.717,1.751,-0.247,351.8,1.0,-2.197,1.378,13.812,NaN,NaN,NaN,World,CabinetD06Door,3.5,NaN,14.363,NaN,1,0,CabinetD06Door,None,1,0,0,0,0.0000,NaN,NaN,NaN,0
169.70,Negin,AUIT_Single,CBA,0.720,1.752,-0.256,355.7,0.2,-2.197,1.378,13.812,NaN,NaN,NaN,World,CabinetD06,7.5,NaN,14.372,NaN,1,0,CabinetD06Door,None,1,0,0,0,0.0000,NaN,NaN,NaN,0
169.81,Negin,AUIT_Single,CBA,0.720,1.754,-0.267,356.5,359.4,-2.197,1.378,13.812,NaN,NaN,NaN,World,Video Quad,8.5,NaN,14.384,NaN,1,0,CabinetD06Door,None,1,0,0,0,0.0000,NaN,NaN,NaN,0
169.91,Negin,AUIT_Single,CBA,0.720,1.755,-0.277,355.9,358.6,-2.197,1.378,13.812,NaN,NaN,NaN,World,Video Quad,8.1,NaN,14.393,NaN,1,0,CabinetD06Door,None,1,0,0,0,0.0000,NaN,NaN,NaN,0
170.01,Negin,AUIT_Single,CBA,0.723,1.757,-0.286,355.9,357.9,-2.197,1.378,13.812,NaN,NaN,NaN,World,Video Quad,8.4,NaN,14.403,NaN,1,0,CabinetD06Door,None,1,0,0,0,0.0000,NaN,NaN,NaN,0
170.11,Negin,AUIT_Single,CBA,0.728,1.759,-0.295,357.1,357.5,-2.197,1.378,13.812,NaN,NaN,NaN,World,Video Quad,9.7,NaN,14.413,NaN,1,0,CabinetD06Door,None,1,0,0,0,0.0000,NaN,NaN,NaN,0
170.20,Negin,AUIT_Single,CBA,0.734,1.760,-0.304,358.6,358.1,-2.197,1.378,13.812,NaN,NaN,NaN,World,Video Quad,10.8,NaN,14.423,NaN,1,0,CabinetD06Door,None,1,0,0,0,0.0000,NaN,NaN,NaN,0
170.31,Negin,AUIT_Single,CBA,0.743,1.761,-0.314,0.2,358.5,-2.197,1.378,13.812,NaN,NaN,NaN,World,Video Quad,12.3,NaN,14.434,NaN,1,0,CabinetD06Door,None,1,0,0,0,0.0000,NaN,NaN,NaN,0
170.41,Negin,AUIT_Single,CBA,0.753,1.758,-0.321,1.8,359.3,-2.197,1.378,13.812,NaN,NaN,NaN,World,Video Quad,13.8,NaN,14.443,NaN,1,0,CabinetD06Door,None,1,0,0,0,0.0000,NaN,NaN,NaN,0
170.51,Negin,AUIT_Single,CBA,0.763,1.755,-0.329,4.3,0.5,-2.197,1.378,13.812,NaN,NaN,NaN,World,Video Quad,16.1,NaN,14.453,NaN,1,0,CabinetD06Door,None,1,0,0,0,0.0000,NaN,NaN,NaN,0
170.61,Negin,AUIT_Single,CBA,0.771,1.752,-0.338,6.6,0.8,-2.197,1.378,13.812,NaN,NaN,NaN,World,Video Quad,18.5,NaN,14.463,NaN,1,0,CabinetD06Door,None,1,0,0,0,0.0000,NaN,NaN,NaN,0
170.70,Negin,AUIT_Single,CBA,0.779,1.747,-0.348,8.8,1.3,-2.197,1.378,13.812,NaN,NaN,NaN,World,Video Quad,20.7,NaN,14.474,NaN,1,0,CabinetD06Door,None,1,0,0,0,0.0000,NaN,NaN,NaN,0
170.81,Negin,AUIT_Single,CBA,0.788,1.745,-0.358,11.1,1.3,-2.197,1.378,13.812,NaN,NaN,NaN,World,Video Quad,23.0,NaN,14.486,NaN,1,0,CabinetD06Door,None,1,0,0,0,0.0000,NaN,NaN,NaN,0
170.91,Negin,AUIT_Single,CBA,0.794,1.746,-0.364,12.8,0.0,-2.197,1.378,13.812,NaN,NaN,NaN,World,Video Quad,24.7,NaN,14.493,NaN,1,0,CabinetD06Door,None,1,0,0,0,0.0000,NaN,NaN,NaN,0
171.01,Negin,AUIT_Single,CBA,0.802,1.746,-0.367,15.0,359.2,-2.197,1.378,13.812,NaN,NaN,NaN,World,Video Quad,27.0,NaN,14.498,NaN,1,0,CabinetD06Door,None,0,0,0,0,0.0000,NaN,NaN,NaN,0
171.11,Negin,AUIT_Single,CBA,0.808,1.744,-0.368,17.3,0.3,-2.197,1.378,13.812,NaN,NaN,NaN,World,CabinetDCorner02,29.3,NaN,14.500,NaN,1,0,CabinetD06Door,None,0,0,0,0,0.0000,NaN,NaN,NaN,0
171.20,Negin,AUIT_Single,CBA,0.811,1.742,-0.369,18.7,1.1,-2.197,1.378,13.812,NaN,NaN,NaN,World,CabinetDCorner02,30.7,NaN,14.501,NaN,1,0,CabinetD06Door,None,0,0,0,0,0.0000,NaN,NaN,NaN,0
171.31,Negin,AUIT_Single,CBA,0.814,1.741,-0.370,19.2,1.7,-2.197,1.378,13.812,NaN,NaN,NaN,World,CabinetDCorner02,31.2,NaN,14.503,NaN,1,0,CabinetD06Door,None,0,0,0,0,0.0000,NaN,NaN,NaN,0
171.41,Negin,AUIT_Single,CBA,0.816,1.739,-0.372,20.2,2.3,-2.197,1.378,13.812,NaN,NaN,NaN,World,CabinetDCorner02,32.2,NaN,14.505,NaN,1,0,CabinetD06Door,None,0,0,0,0,0.0000,NaN,NaN,NaN,0
171.51,Negin,AUIT_Single,CBA,0.820,1.739,-0.374,21.4,2.1,-2.197,1.378,13.812,NaN,NaN,NaN,World,CabinetDCorner02,33.4,NaN,14.508,NaN,1,0,CabinetD06Door,None,0,0,0,0,0.0000,NaN,NaN,NaN,0
171.61,Negin,AUIT_Single,CBA,0.823,1.739,-0.376,22.7,2.1,-2.197,1.378,13.812,NaN,NaN,NaN,World,CabinetDCorner02,34.7,NaN,14.510,NaN,1,0,CabinetD06Door,None,0,0,0,0,0.0000,NaN,NaN,NaN,0
171.70,Negin,AUIT_Single,CBA,0.826,1.737,-0.376,24.3,3.2,-2.197,1.378,13.812,NaN,NaN,NaN,World,CabinetDCorner02,36.3,NaN,14.512,NaN,1,0,CabinetD06Door,None,0,0,0,0,0.0000,NaN,NaN,NaN,0
171.81,Negin,AUIT_Single,CBA,0.830,1.734,-0.377,26.8,5.1,-2.197,1.378,13.812,NaN,NaN,NaN,World,CabinetDCorner02,39.0,NaN,14.513,NaN,1,0,CabinetD06Door,None,0,0,0,0,0.0000,NaN,NaN,NaN,0
171.91,Negin,AUIT_Single,CBA,0.832,1.734,-0.376,27.7,4.3,-2.197,1.378,13.812,NaN,NaN,NaN,World,CabinetDCorner02,39.8,NaN,14.513,NaN,1,0,CabinetD06Door,None,0,0,0,0,0.0000,NaN,NaN,NaN,0
172.01,Negin,AUIT_Single,CBA,0.831,1.732,-0.375,25.4,5.5,-2.197,1.378,13.812,NaN,NaN,NaN,World,Video Quad,37.6,NaN,14.511,NaN,1,0,CabinetD06Door,None,0,0,0,0,0.0000,NaN,NaN,NaN,0
172.11,Negin,AUIT_Single,CBA,0.831,1.729,-0.374,23.6,7.3,-2.197,1.378,13.812,NaN,NaN,NaN,World,Video Quad,36.0,NaN,14.510,NaN,1,0,CabinetD06Door,None,0,0,0,0,0.0000,NaN,NaN,NaN,0
172.20,Negin,AUIT_Single,CBA,0.832,1.730,-0.373,25.6,6.6,-2.197,1.378,13.812,NaN,NaN,NaN,World,Video Quad,37.9,NaN,14.509,NaN,1,0,CabinetD06Door,None,0,0,0,0,0.0000,NaN,NaN,NaN,0
172.31,Negin,AUIT_Single,CBA,0.834,1.731,-0.370,27.3,6.2,-2.197,1.378,13.812,NaN,NaN,NaN,World,Video Quad,39.5,NaN,14.507,NaN,1,0,CabinetD06Door,None,0,0,0,0,0.0000,NaN,NaN,NaN,0
172.41,Negin,AUIT_Single,CBA,0.832,1.731,-0.366,25.2,5.8,-2.197,1.378,13.812,NaN,NaN,NaN,World,Video Quad,37.5,NaN,14.502,NaN,1,0,CabinetD06Door,None,0,0,0,0,0.0000,NaN,NaN,NaN,0
172.51,Negin,AUIT_Single,CBA,0.829,1.733,-0.361,22.4,5.3,-2.197,1.378,13.812,NaN,NaN,NaN,World,Video Quad,34.6,NaN,14.497,NaN,1,0,CabinetD06Door,None,0,0,0,0,0.0000,NaN,NaN,NaN,0
172.61,Negin,AUIT_Single,CBA,0.827,1.736,-0.355,19.8,3.4,-2.197,1.378,13.812,NaN,NaN,NaN,World,Video Quad,31.8,NaN,14.491,NaN,1,0,CabinetD06Door,None,0,0,0,0,0.0000,NaN,NaN,NaN,0
172.70,Negin,AUIT_Single,CBA,0.825,1.737,-0.352,18.1,3.0,-2.197,1.378,13.812,NaN,NaN,NaN,World,Video Quad,30.2,NaN,14.488,NaN,1,0,CabinetD06Door,None,0,0,0,0,0.0000,NaN,NaN,NaN,0
172.81,Negin,AUIT_Single,CBA,0.823,1.737,-0.350,17.0,3.0,-2.197,1.378,13.812,NaN,NaN,NaN,World,Video Quad,29.1,NaN,14.485,NaN,1,0,CabinetD06Door,None,0,0,0,0,0.0000,NaN,NaN,NaN,0
172.91,Negin,AUIT_Single,CBA,0.823,1.737,-0.349,16.7,2.6,-2.197,1.378,13.812,NaN,NaN,NaN,World,Video Quad,28.8,NaN,14.484,NaN,1,0,CabinetD06Door,None,0,0,0,0,0.0000,NaN,NaN,NaN,0
173.01,Negin,AUIT_Single,CBA,0.824,1.738,-0.350,17.1,2.1,-2.197,1.378,13.812,NaN,NaN,NaN,World,Video Quad,29.1,NaN,14.485,NaN,1,0,CabinetD06Door,None,0,0,0,0,0.0000,NaN,NaN,NaN,0
173.11,Negin,AUIT_Single,CBA,0.825,1.738,-0.351,17.0,2.0,-2.197,1.378,13.812,NaN,NaN,NaN,World,Video Quad,29.0,NaN,14.487,NaN,1,0,CabinetD06Door,None,0,0,0,0,0.0000,NaN,NaN,NaN,0
173.20,Negin,AUIT_Single,CBA,0.825,1.739,-0.353,17.0,1.8,-2.197,1.378,13.812,NaN,NaN,NaN,World,Video Quad,29.0,NaN,14.488,NaN,1,0,CabinetD06Door,None,0,0,0,0,0.0000,NaN,NaN,NaN,0
173.31,Negin,AUIT_Single,CBA,0.825,1.739,-0.355,17.2,1.5,-2.197,1.378,13.812,NaN,NaN,NaN,World,Video Quad,29.2,NaN,14.491,NaN,1,0,CabinetD06Door,None,0,0,0,0,0.0000,NaN,NaN,NaN,0
173.41,Negin,AUIT_Single,CBA,0.825,1.739,-0.358,17.3,1.8,-2.197,1.378,13.812,NaN,NaN,NaN,World,Video Quad,29.3,NaN,14.493,NaN,1,0,CabinetD06Door,None,0,0,0,0,0.0000,NaN,NaN,NaN,0
173.51,Negin,AUIT_Single,CBA,0.824,1.740,-0.361,17.6,1.3,-2.197,1.378,13.812,NaN,NaN,NaN,World,Video Quad,29.6,NaN,14.496,NaN,1,0,CabinetD06Door,None,0,0,0,0,0.0000,NaN,NaN,NaN,0
173.60,Negin,AUIT_Single,CBA,0.827,1.741,-0.364,19.3,0.7,-2.197,1.378,13.812,NaN,NaN,NaN,World,Video Quad,31.3,NaN,14.500,NaN,1,0,CabinetD06Door,None,0,0,0,0,0.0000,NaN,NaN,NaN,0
173.70,Negin,AUIT_Single,CBA,0.835,1.743,-0.370,25.5,359.5,-2.197,1.378,13.812,NaN,NaN,NaN,World,Video Quad,37.6,NaN,14.508,NaN,1,0,CabinetD06Door,None,0,0,0,0,0.0000,NaN,NaN,NaN,0
173.81,Negin,AUIT_Single,CBA,0.848,1.744,-0.380,35.1,358.1,-2.197,1.378,13.812,NaN,NaN,NaN,World,Video Quad,47.3,NaN,14.520,NaN,1,0,CabinetD06Door,None,0,0,0,0,0.0000,NaN,NaN,NaN,0
173.91,Negin,AUIT_Single,CBA,0.861,1.745,-0.392,45.2,357.5,-2.197,1.378,13.812,NaN,NaN,NaN,World,Wall4m,57.5,NaN,14.534,NaN,1,0,CabinetD06Door,None,0,0,0,0,0.0000,NaN,NaN,NaN,0
174.01,Negin,AUIT_Single,CBA,0.870,1.743,-0.401,51.7,357.9,-2.197,1.378,13.812,NaN,NaN,NaN,World,Wall4m,63.9,NaN,14.545,NaN,1,0,CabinetD06Door,None,0,0,0,0,0.0000,NaN,NaN,NaN,0
174.10,Negin,AUIT_Single,CBA,0.876,1.742,-0.406,54.5,358.4,-2.197,1.378,13.812,NaN,NaN,NaN,World,Wall4m,66.8,NaN,14.551,NaN,1,0,CabinetD06Door,None,0,0,0,0,0.0000,NaN,NaN,NaN,0
174.20,Negin,AUIT_Single,CBA,0.878,1.741,-0.408,54.7,358.9,-2.197,1.378,13.812,NaN,NaN,NaN,World,Wall4m,67.0,NaN,14.553,NaN,1,0,CabinetD06Door,None,0,0,0,0,0.0000,NaN,NaN,NaN,0
174.31,Negin,AUIT_Single,CBA,0.878,1.741,-0.407,53.5,358.9,-2.197,1.378,13.812,NaN,NaN,NaN,World,Wall4m,65.7,NaN,14.552,NaN,1,0,CabinetD06Door,None,0,0,0,0,0.0000,NaN,NaN,NaN,0
174.41,Negin,AUIT_Single,CBA,0.877,1.741,-0.406,52.4,358.8,-2.197,1.378,13.812,NaN,NaN,NaN,World,Wall4m,64.6,NaN,14.551,NaN,1,0,CabinetD06Door,None,0,0,0,0,0.0000,NaN,NaN,NaN,0
174.51,Negin,AUIT_Single,CBA,0.877,1.741,-0.404,51.5,358.7,-2.197,1.378,13.812,NaN,NaN,NaN,World,Wall4m,63.7,NaN,14.550,NaN,1,0,CabinetD06Door,None,0,0,0,0,0.0000,NaN,NaN,NaN,0
174.60,Negin,AUIT_Single,CBA,0.875,1.743,-0.402,49.3,357.8,-2.197,1.378,13.812,NaN,NaN,NaN,World,Wall4m,61.6,NaN,14.547,NaN,1,0,CabinetD06Door,None,0,0,0,0,0.0000,NaN,NaN,NaN,0
174.70,Negin,AUIT_Single,CBA,0.870,1.749,-0.400,45.5,354.7,-2.197,1.378,13.812,NaN,NaN,NaN,World,Wall4m,58.0,NaN,14.544,NaN,1,0,CabinetD06Door,None,0,0,0,0,0.0000,NaN,NaN,NaN,0
174.81,Negin,AUIT_Single,CBA,0.863,1.754,-0.400,41.6,350.9,-2.197,1.378,13.812,NaN,NaN,NaN,World,Wall4m,54.5,NaN,14.542,NaN,1,0,CabinetD06Door,None,0,0,0,0,0.0000,NaN,NaN,NaN,0
174.91,Negin,AUIT_Single,CBA,0.856,1.756,-0.397,37.6,349.5,-2.197,1.378,13.812,NaN,NaN,NaN,World,Wall4m,50.9,NaN,14.538,NaN,1,0,CabinetD06Door,None,0,0,0,0,0.0000,NaN,NaN,NaN,0
175.01,Negin,AUIT_Single,CBA,0.849,1.756,-0.391,33.4,349.2,-2.197,1.378,13.812,NaN,NaN,NaN,World,Wall4m,46.9,NaN,14.531,NaN,1,0,CabinetD06Door,None,0,0,0,0,0.0000,NaN,NaN,NaN,0
175.10,Negin,AUIT_Single,CBA,0.839,1.757,-0.379,28.9,349.1,-2.197,1.378,13.812,NaN,NaN,NaN,World,Wall4m,42.6,NaN,14.518,NaN,1,0,CabinetD06Door,None,0,0,0,0,0.0000,NaN,NaN,NaN,0
175.20,Negin,AUIT_Single,CBA,0.830,1.759,-0.361,24.1,348.9,-2.197,1.378,13.812,NaN,NaN,NaN,World,Wall4m,38.1,NaN,14.498,NaN,1,0,CabinetD06Door,None,0,0,0,0,0.0000,NaN,NaN,NaN,0
175.31,Negin,AUIT_Single,CBA,0.822,1.760,-0.331,19.4,350.0,-2.197,1.378,13.812,NaN,NaN,NaN,World,Wall4m,33.4,NaN,14.467,NaN,1,0,CabinetD06Door,None,0,0,0,0,0.0000,NaN,NaN,NaN,0
175.41,Negin,AUIT_Single,CBA,0.817,1.757,-0.297,16.0,352.5,-2.197,1.378,13.812,NaN,NaN,NaN,World,Video Quad,29.4,NaN,14.432,NaN,1,0,CabinetD06Door,None,0,0,0,0,0.0000,NaN,NaN,NaN,0
175.51,Negin,AUIT_Single,CBA,0.811,1.753,-0.256,14.5,353.4,-2.197,1.378,13.812,NaN,NaN,NaN,World,Video Quad,27.7,NaN,14.391,NaN,1,0,CabinetD06Door,None,0,0,0,0,0.0000,NaN,NaN,NaN,0
175.61,Negin,AUIT_Single,CBA,0.804,1.748,-0.211,13.8,354.1,-2.197,1.378,13.812,NaN,NaN,NaN,World,Video Quad,26.8,NaN,14.346,NaN,1,0,CabinetD06Door,None,0,0,0,0,0.0000,NaN,NaN,NaN,0
175.70,Negin,AUIT_Single,CBA,0.794,1.747,-0.163,13.6,354.0,-2.197,1.378,13.812,NaN,NaN,NaN,World,CabinetDCorner02,26.7,NaN,14.297,NaN,1,0,CabinetD06Door,None,0,0,0,0,0.0000,NaN,NaN,NaN,0
175.81,Negin,AUIT_Single,CBA,0.783,1.754,-0.113,14.1,354.4,-2.197,1.378,13.812,NaN,NaN,NaN,World,CabinetDCorner02,27.1,NaN,14.245,NaN,1,0,CabinetD06Door,None,0,0,0,0,0.0000,NaN,NaN,NaN,0
175.91,Negin,AUIT_Single,CBA,0.775,1.761,-0.077,15.7,353.2,-2.197,1.378,13.812,NaN,NaN,NaN,World,CabinetDCorner02,29.0,NaN,14.209,NaN,1,0,CabinetD06Door,None,0,0,0,0,0.0000,NaN,NaN,NaN,0
176.01,Negin,AUIT_Single,CBA,0.769,1.759,-0.046,18.2,352.6,-2.197,1.378,13.812,NaN,NaN,NaN,World,CabinetDCorner02,31.5,NaN,14.177,NaN,1,0,CabinetD06Door,None,0,0,0,0,0.0000,NaN,NaN,NaN,0
176.10,Negin,AUIT_Single,CBA,0.764,1.758,-0.021,19.9,354.6,-2.197,1.378,13.812,NaN,NaN,NaN,World,CabinetDCorner02,32.7,NaN,14.152,NaN,1,0,CabinetD06Door,None,0,0,0,0,0.0000,NaN,NaN,NaN,0
176.20,Negin,AUIT_Single,CBA,0.763,1.762,0.000,21.8,353.6,-2.197,1.378,13.812,NaN,NaN,NaN,World,CabinetDCorner02,34.7,NaN,14.131,NaN,1,0,CabinetD06,None,0,0,0,0,0.0000,NaN,NaN,NaN,0
176.31,Negin,AUIT_Single,CBA,0.768,1.766,0.026,24.2,350.6,-2.197,1.378,13.812,NaN,NaN,NaN,World,CabinetDCorner02,37.8,NaN,14.107,NaN,1,0,CabinetD06,None,0,0,0,0,0.0000,NaN,NaN,NaN,0
176.41,Negin,AUIT_Single,CBA,0.774,1.763,0.046,24.7,350.3,-2.197,1.378,13.812,NaN,NaN,NaN,World,CabinetDCorner02,38.4,NaN,14.088,NaN,1,0,CabinetD06,None,0,0,0,0,0.0000,NaN,NaN,NaN,0
176.51,Negin,AUIT_Single,CBA,0.782,1.760,0.061,25.3,353.8,-2.197,1.378,13.812,NaN,NaN,NaN,World,CabinetDCorner02,38.2,NaN,14.075,NaN,1,0,CabinetD06,None,0,0,0,0,0.0000,NaN,NaN,NaN,0
176.60,Negin,AUIT_Single,CBA,0.798,1.756,0.070,32.2,358.9,-2.197,1.378,13.812,NaN,NaN,NaN,World,CabinetDCorner02,44.6,NaN,14.070,NaN,1,0,CabinetD06,None,0,0,0,0,0.0000,NaN,NaN,NaN,0
176.70,Negin,AUIT_Single,CBA,0.816,1.755,0.069,46.3,0.2,-2.197,1.378,13.812,NaN,NaN,NaN,World,Video Quad,58.7,NaN,14.075,NaN,1,0,CabinetD06,None,0,0,0,0,0.0000,NaN,NaN,NaN,0
176.81,Negin,AUIT_Single,CBA,0.828,1.756,0.059,61.8,359.3,-2.197,1.378,13.812,NaN,NaN,NaN,World,Video Quad,74.3,NaN,14.087,NaN,1,0,CabinetD06,None,0,0,0,0,0.0000,NaN,NaN,NaN,0
176.91,Negin,AUIT_Single,CBA,0.830,1.752,0.050,72.1,359.9,-2.197,1.378,13.812,NaN,NaN,NaN,World,Wall4m,84.5,NaN,14.096,NaN,1,0,CabinetD06,None,0,0,0,0,0.0000,NaN,NaN,NaN,0
177.01,Negin,AUIT_Single,CBA,0.825,1.750,0.047,76.5,359.8,-2.197,1.378,13.812,NaN,NaN,NaN,World,Wall4m,88.8,NaN,14.098,NaN,1,0,CabinetD06,None,0,0,0,0,0.0000,NaN,NaN,NaN,0
177.10,Negin,AUIT_Single,CBA,0.819,1.751,0.048,74.9,358.8,-2.197,1.378,13.812,NaN,NaN,NaN,World,Wall4m,87.2,NaN,14.096,NaN,1,0,CabinetD06,None,0,0,0,0,0.0000,NaN,NaN,NaN,0
177.21,Negin,AUIT_Single,CBA,0.813,1.750,0.051,67.4,358.3,-2.197,1.378,13.812,NaN,NaN,NaN,World,Video Quad,79.8,NaN,14.091,NaN,1,0,CabinetD06,None,0,0,0,0,0.0000,NaN,NaN,NaN,0
177.31,Negin,AUIT_Single,CBA,0.809,1.746,0.052,62.1,0.5,-2.197,1.378,13.812,NaN,NaN,NaN,World,Video Quad,74.4,NaN,14.089,NaN,1,0,CabinetD06,None,0,0,0,0,0.0000,NaN,NaN,NaN,0
177.41,Negin,AUIT_Single,CBA,0.805,1.739,0.050,58.1,4.2,-2.197,1.378,13.812,NaN,NaN,NaN,World,Video Quad,70.3,NaN,14.090,NaN,1,0,CabinetD06,None,0,0,0,0,0.0000,NaN,NaN,NaN,0
177.51,Negin,AUIT_Single,CBA,0.801,1.737,0.049,53.6,5.8,-2.197,1.378,13.812,NaN,NaN,NaN,World,Video Quad,65.8,NaN,14.091,NaN,1,0,CabinetD06,None,0,0,0,0,0.0000,NaN,NaN,NaN,0
177.60,Negin,AUIT_Single,CBA,0.797,1.736,0.050,49.5,6.4,-2.197,1.378,13.812,NaN,NaN,NaN,World,Video Quad,61.8,NaN,14.089,NaN,1,0,CabinetD06,None,0,0,0,0,0.0000,NaN,NaN,NaN,0
177.71,Negin,AUIT_Single,CBA,0.794,1.737,0.057,45.6,5.5,-2.197,1.378,13.812,NaN,NaN,NaN,World,Video Quad,57.9,NaN,14.081,NaN,1,0,CabinetD06,None,0,0,0,0,0.0000,NaN,NaN,NaN,0
177.81,Negin,AUIT_Single,CBA,0.787,1.737,0.067,41.8,5.1,-2.197,1.378,13.812,NaN,NaN,NaN,World,Video Quad,54.1,NaN,14.070,NaN,1,0,CabinetD06,None,0,0,0,0,0.0000,NaN,NaN,NaN,0
177.91,Negin,AUIT_Single,CBA,0.775,1.738,0.075,37.3,4.2,-2.197,1.378,13.812,NaN,NaN,NaN,World,CabinetDCorner02,49.5,NaN,14.059,NaN,1,0,CabinetD06,None,0,0,0,0,0.0000,NaN,NaN,NaN,0
178.01,Negin,AUIT_Single,CBA,0.759,1.739,0.078,31.9,3.5,-2.197,1.378,13.812,NaN,NaN,NaN,World,CabinetDCorner02,44.0,NaN,14.053,NaN,1,0,CabinetD06,None,0,0,0,0,0.0000,NaN,NaN,NaN,0
178.10,Negin,AUIT_Single,CBA,0.744,1.741,0.075,26.3,2.9,-2.197,1.378,13.812,NaN,NaN,NaN,World,CabinetDCorner02,38.4,NaN,14.053,NaN,1,0,CabinetD06,None,0,0,0,0,0.0000,NaN,NaN,NaN,0
178.21,Negin,AUIT_Single,CBA,0.733,1.741,0.065,23.3,3.4,-2.197,1.378,13.812,NaN,NaN,NaN,World,CabinetDCorner02,35.4,NaN,14.060,NaN,1,0,CabinetD06,None,0,0,0,0,0.0000,NaN,NaN,NaN,0
178.31,Negin,AUIT_Single,CBA,0.730,1.741,0.056,23.7,2.9,-2.197,1.378,13.812,NaN,NaN,NaN,World,CabinetDCorner02,35.7,NaN,14.069,NaN,1,0,CabinetD06,None,0,0,0,0,0.0000,NaN,NaN,NaN,0
178.41,Negin,AUIT_Single,CBA,0.730,1.740,0.047,24.4,2.7,-2.197,1.378,13.812,NaN,NaN,NaN,World,CabinetDCorner02,36.4,NaN,14.078,NaN,1,0,CabinetD06,None,0,0,0,0,0.0000,NaN,NaN,NaN,0
178.51,Negin,AUIT_Single,CBA,0.734,1.735,0.037,26.7,3.7,-2.197,1.378,13.812,NaN,NaN,NaN,World,CabinetDCorner02,38.7,NaN,14.088,NaN,1,0,CabinetD06,None,0,0,0,0,0.0000,NaN,NaN,NaN,0
178.60,Negin,AUIT_Single,CBA,0.736,1.737,0.029,28.6,3.6,-2.197,1.378,13.812,NaN,NaN,NaN,World,CabinetDCorner02,40.6,NaN,14.096,NaN,1,0,CabinetD06,None,0,0,0,0,0.0000,NaN,NaN,NaN,0
178.71,Negin,AUIT_Single,CBA,0.737,1.737,0.025,30.3,2.7,-2.197,1.378,13.812,NaN,NaN,NaN,World,CabinetDCorner02,42.3,NaN,14.100,NaN,1,0,CabinetD06,None,0,0,0,0,0.0000,NaN,NaN,NaN,0
178.81,Negin,AUIT_Single,CBA,0.738,1.736,0.024,32.4,2.7,-2.197,1.378,13.812,NaN,NaN,NaN,World,CabinetDCorner02,44.4,NaN,14.101,NaN,1,0,CabinetD06,None,0,0,0,0,0.0000,NaN,NaN,NaN,0
178.91,Negin,AUIT_Single,CBA,0.738,1.734,0.024,35.0,3.0,-2.197,1.378,13.812,NaN,NaN,NaN,World,CabinetDCorner02,47.0,NaN,14.102,NaN,1,0,CabinetD06,None,0,0,0,0,0.0000,NaN,NaN,NaN,0
179.01,Negin,AUIT_Single,CBA,0.738,1.732,0.024,36.6,3.1,-2.197,1.378,13.812,NaN,NaN,NaN,World,Video Quad,48.6,NaN,14.102,NaN,1,0,CabinetD06,None,0,0,0,0,0.0000,NaN,NaN,NaN,0
179.10,Negin,AUIT_Single,CBA,0.738,1.731,0.024,38.1,3.3,-2.197,1.378,13.812,NaN,NaN,NaN,World,Video Quad,50.2,NaN,14.102,NaN,1,0,CabinetD06,None,0,0,0,0,0.0000,NaN,NaN,NaN,0
179.21,Negin,AUIT_Single,CBA,0.738,1.731,0.022,39.9,3.2,-2.197,1.378,13.812,NaN,NaN,NaN,World,Video Quad,51.9,NaN,14.103,NaN,1,0,CabinetD06,None,0,0,0,0,0.0000,NaN,NaN,NaN,0
179.31,Negin,AUIT_Single,CBA,0.738,1.731,0.020,41.3,2.9,-2.197,1.378,13.812,NaN,NaN,NaN,World,Video Quad,53.3,NaN,14.106,NaN,1,0,CabinetD06,None,0,0,0,0,0.0000,NaN,NaN,NaN,0
179.41,Negin,AUIT_Single,CBA,0.738,1.731,0.018,41.6,2.8,-2.197,1.378,13.812,NaN,NaN,NaN,World,Video Quad,53.6,NaN,14.108,NaN,1,0,CabinetD06,None,0,0,0,0,0.0000,NaN,NaN,NaN,0
179.51,Negin,AUIT_Single,CBA,0.737,1.732,0.016,41.4,2.8,-2.197,1.378,13.812,NaN,NaN,NaN,World,Video Quad,53.3,NaN,14.109,NaN,1,0,CabinetD06,None,0,0,0,0,0.0000,NaN,NaN,NaN,0
179.60,Negin,AUIT_Single,CBA,0.737,1.732,0.015,41.4,2.5,-2.197,1.378,13.812,NaN,NaN,NaN,World,Video Quad,53.4,NaN,14.110,NaN,1,0,CabinetD06,None,0,0,0,0,0.0000,NaN,NaN,NaN,0
179.71,Negin,AUIT_Single,CBA,0.737,1.736,0.012,42.6,0.5,-2.197,1.378,13.812,NaN,NaN,NaN,World,Video Quad,54.6,NaN,14.113,NaN,1,0,CabinetD06,None,0,0,0,0,0.0000,NaN,NaN,NaN,0
179.81,Negin,AUIT_Single,CBA,0.739,1.739,0.008,44.9,358.3,-2.197,1.378,13.812,NaN,NaN,NaN,World,Video Quad,57.0,NaN,14.117,NaN,1,0,CabinetD06,None,0,0,0,0,0.0000,NaN,NaN,NaN,0
179.91,Negin,AUIT_Single,CBA,0.741,1.742,0.005,47.3,356.6,-2.197,1.378,13.812,NaN,NaN,NaN,World,Video Quad,59.4,NaN,14.121,NaN,1,0,CabinetD06,None,0,0,0,0,0.0000,NaN,NaN,NaN,0
180.01,Negin,AUIT_Single,CBA,0.743,1.742,0.004,48.8,356.1,-2.197,1.378,13.812,NaN,NaN,NaN,World,Video Quad,61.0,NaN,14.123,NaN,1,0,CabinetD06,None,0,0,0,0,0.0000,NaN,NaN,NaN,0
180.10,Negin,AUIT_Single,CBA,0.744,1.743,0.003,49.5,355.7,-2.197,1.378,13.812,NaN,NaN,NaN,World,Video Quad,61.8,NaN,14.124,NaN,1,0,CabinetD06,None,0,0,0,0,0.0000,NaN,NaN,NaN,0
180.21,Negin,AUIT_Single,CBA,0.745,1.743,0.003,49.8,355.3,-2.197,1.378,13.812,NaN,NaN,NaN,World,Video Quad,62.1,NaN,14.124,NaN,1,0,CabinetD06,None,0,0,0,0,0.0000,NaN,NaN,NaN,0
180.31,Negin,AUIT_Single,CBA,0.746,1.743,0.002,50.3,355.2,-2.197,1.378,13.812,NaN,NaN,NaN,World,Video Quad,62.6,NaN,14.125,NaN,1,0,CabinetD06,None,0,0,0,0,0.0000,NaN,NaN,NaN,0
180.41,Negin,AUIT_Single,CBA,0.746,1.744,0.002,50.6,355.2,-2.197,1.378,13.812,NaN,NaN,NaN,World,Video Quad,62.9,NaN,14.126,NaN,1,0,CabinetD06,None,0,0,0,0,0.0000,NaN,NaN,NaN,0
180.51,Negin,AUIT_Single,CBA,0.745,1.745,0.002,50.0,355.3,-2.197,1.378,13.812,NaN,NaN,NaN,World,Video Quad,62.3,NaN,14.125,NaN,1,0,CabinetD06,None,0,0,0,0,0.0000,NaN,NaN,NaN,0
180.60,Negin,AUIT_Single,CBA,0.743,1.745,0.003,49.2,355.0,-2.197,1.378,13.812,NaN,NaN,NaN,World,Video Quad,61.5,NaN,14.124,NaN,1,0,CabinetD06,None,0,0,0,0,0.0000,NaN,NaN,NaN,0
180.71,Negin,AUIT_Single,CBA,0.742,1.746,0.002,48.5,354.9,-2.197,1.378,13.812,NaN,NaN,NaN,World,Video Quad,60.8,NaN,14.124,NaN,1,0,CabinetD06,None,0,0,0,0,0.0000,NaN,NaN,NaN,0
180.81,Negin,AUIT_Single,CBA,0.742,1.748,0.000,47.9,354.5,-2.197,1.378,13.812,NaN,NaN,NaN,World,Video Quad,60.3,NaN,14.126,NaN,1,0,CabinetD06,None,0,0,0,0,0.0000,NaN,NaN,NaN,0
180.91,Negin,AUIT_Single,CBA,0.742,1.750,-0.002,47.0,354.1,-2.197,1.378,13.812,NaN,NaN,NaN,World,Video Quad,59.4,NaN,14.128,NaN,1,0,CabinetD06,None,0,0,0,0,0.0000,NaN,NaN,NaN,0
181.01,Negin,AUIT_Single,CBA,0.742,1.751,-0.003,45.9,353.9,-2.197,1.378,13.812,NaN,NaN,NaN,World,Video Quad,58.3,NaN,14.129,NaN,1,0,CabinetD06,None,0,0,0,0,0.0000,NaN,NaN,NaN,0
181.10,Negin,AUIT_Single,CBA,0.743,1.752,-0.004,44.9,354.2,-2.197,1.378,13.812,NaN,NaN,NaN,World,Video Quad,57.3,NaN,14.130,NaN,1,0,CabinetD06,None,0,0,0,0,0.0000,NaN,NaN,NaN,0
181.21,Negin,AUIT_Single,CBA,0.743,1.753,-0.004,44.1,354.2,-2.197,1.378,13.812,NaN,NaN,NaN,World,Video Quad,56.5,NaN,14.131,NaN,1,0,CabinetD06,None,0,0,0,0,0.0000,NaN,NaN,NaN,0
181.31,Negin,AUIT_Single,CBA,0.743,1.753,-0.004,43.7,354.0,-2.197,1.378,13.812,NaN,NaN,NaN,World,Video Quad,56.1,NaN,14.131,NaN,1,0,CabinetD06,None,0,0,0,0,0.0000,NaN,NaN,NaN,0
181.41,Negin,AUIT_Single,CBA,0.742,1.752,-0.003,43.4,353.9,-2.197,1.378,13.812,NaN,NaN,NaN,World,Video Quad,55.8,NaN,14.130,NaN,1,0,CabinetD06,None,0,0,0,0,0.0000,NaN,NaN,NaN,0
181.51,Negin,AUIT_Single,CBA,0.740,1.751,-0.004,42.8,354.6,-2.197,1.378,13.812,NaN,NaN,NaN,World,Video Quad,55.1,NaN,14.129,NaN,1,0,CabinetD06,None,0,0,0,0,0.0000,NaN,NaN,NaN,0
181.60,Negin,AUIT_Single,CBA,0.737,1.751,-0.004,42.3,354.1,-2.197,1.378,13.812,NaN,NaN,NaN,World,Video Quad,54.7,NaN,14.129,NaN,1,0,CabinetD06,None,0,0,0,0,0.0000,NaN,NaN,NaN,0
181.72,Negin,AUIT_Single,CBA,0.734,1.751,-0.004,42.4,353.6,-2.197,1.378,13.812,NaN,NaN,NaN,World,Video Quad,54.8,NaN,14.129,NaN,1,0,CabinetD06,None,0,0,0,0,0.0000,NaN,NaN,NaN,0
181.81,Negin,AUIT_Single,CBA,0.734,1.747,-0.003,43.0,352.6,-2.197,1.378,13.812,NaN,NaN,NaN,World,Video Quad,55.5,NaN,14.127,NaN,1,0,CabinetD06,None,0,0,0,0,0.0000,NaN,NaN,NaN,0
181.91,Negin,AUIT_Single,CBA,0.735,1.744,-0.002,44.2,351.9,-2.197,1.378,13.812,NaN,NaN,NaN,World,Video Quad,56.8,NaN,14.127,NaN,1,0,CabinetD06,None,0,0,0,0,0.0000,NaN,NaN,NaN,0
182.01,Negin,AUIT_Single,CBA,0.734,1.744,0.000,44.3,353.2,-2.197,1.378,13.812,NaN,NaN,NaN,World,Video Quad,56.8,NaN,14.125,NaN,1,0,CabinetD06,None,0,0,0,0,0.0000,NaN,NaN,NaN,0
182.10,Negin,AUIT_Single,CBA,0.733,1.745,0.002,42.6,353.7,-2.197,1.378,13.812,NaN,NaN,NaN,World,Video Quad,55.0,NaN,14.122,NaN,1,0,CabinetD06,None,0,0,0,0,0.0000,NaN,NaN,NaN,0
182.22,Negin,AUIT_Single,CBA,0.732,1.745,0.004,40.7,353.8,-2.197,1.378,13.812,NaN,NaN,NaN,World,Video Quad,53.2,NaN,14.120,NaN,1,0,CabinetD06,None,0,0,0,0,0.0000,NaN,NaN,NaN,0
182.31,Negin,AUIT_Single,CBA,0.733,1.744,0.003,40.8,353.8,-2.197,1.378,13.812,NaN,NaN,NaN,World,Video Quad,53.3,NaN,14.121,NaN,1,0,CabinetD06,None,0,0,0,0,0.0000,NaN,NaN,NaN,0
182.41,Negin,AUIT_Single,CBA,0.735,1.744,0.002,41.7,353.6,-2.197,1.378,13.812,NaN,NaN,NaN,World,Video Quad,54.2,NaN,14.123,NaN,1,0,CabinetD06,None,0,0,0,0,0.0000,NaN,NaN,NaN,0
182.51,Negin,AUIT_Single,CBA,0.735,1.743,0.002,42.4,353.8,-2.197,1.378,13.812,NaN,NaN,NaN,World,Video Quad,54.8,NaN,14.123,NaN,1,0,CabinetD06,None,0,0,0,0,0.0000,NaN,NaN,NaN,0
182.60,Negin,AUIT_Single,CBA,0.734,1.743,0.002,42.9,353.7,-2.197,1.378,13.812,NaN,NaN,NaN,World,Video Quad,55.3,NaN,14.123,NaN,1,0,CabinetD06,None,0,0,0,0,0.0000,NaN,NaN,NaN,0
182.72,Negin,AUIT_Single,CBA,0.733,1.745,0.002,42.7,353.2,-2.197,1.378,13.812,NaN,NaN,NaN,World,Video Quad,55.2,NaN,14.123,NaN,1,0,CabinetD06,None,0,0,0,0,0.0000,NaN,NaN,NaN,0
182.81,Negin,AUIT_Single,CBA,0.732,1.746,0.001,42.6,353.0,-2.197,1.378,13.812,NaN,NaN,NaN,World,Video Quad,55.1,NaN,14.123,NaN,1,0,CabinetD06,None,0,0,0,0,0.0000,NaN,NaN,NaN,0
182.91,Negin,AUIT_Single,CBA,0.732,1.746,0.001,43.0,352.7,-2.197,1.378,13.812,NaN,NaN,NaN,World,Video Quad,55.5,NaN,14.123,NaN,1,0,CabinetD06,None,0,0,0,0,0.0000,NaN,NaN,NaN,0
183.01,Negin,AUIT_Single,CBA,0.732,1.745,-0.001,44.1,352.7,-2.197,1.378,13.812,NaN,NaN,NaN,World,Video Quad,56.6,NaN,14.125,NaN,1,0,CabinetD06,None,0,0,0,0,0.0000,NaN,NaN,NaN,0
183.10,Negin,AUIT_Single,CBA,0.732,1.745,-0.002,45.7,352.5,-2.197,1.378,13.812,NaN,NaN,NaN,World,Video Quad,58.2,NaN,14.126,NaN,1,0,CabinetD06,None,0,0,0,0,0.0000,NaN,NaN,NaN,0
183.20,Negin,AUIT_Single,CBA,0.731,1.745,-0.002,45.8,352.5,-2.197,1.378,13.812,NaN,NaN,NaN,World,Video Quad,58.3,NaN,14.126,NaN,1,0,CabinetD06,None,0,0,0,0,0.0000,NaN,NaN,NaN,0
183.31,Negin,AUIT_Single,CBA,0.730,1.745,0.000,44.6,352.8,-2.197,1.378,13.812,NaN,NaN,NaN,World,Video Quad,57.1,NaN,14.124,NaN,1,0,CabinetD06,None,0,0,0,0,0.0000,NaN,NaN,NaN,0
183.41,Negin,AUIT_Single,CBA,0.729,1.744,0.001,44.5,352.8,-2.197,1.378,13.812,NaN,NaN,NaN,World,Video Quad,57.0,NaN,14.122,NaN,1,0,CabinetD06,None,0,0,0,0,0.0000,NaN,NaN,NaN,0
183.51,Negin,AUIT_Single,CBA,0.730,1.744,0.002,44.6,352.9,-2.197,1.378,13.812,NaN,NaN,NaN,World,Video Quad,57.0,NaN,14.122,NaN,1,0,CabinetD06,None,0,0,0,0,0.0000,NaN,NaN,NaN,0
183.60,Negin,AUIT_Single,CBA,0.730,1.743,0.002,44.5,353.2,-2.197,1.378,13.812,NaN,NaN,NaN,World,Video Quad,57.0,NaN,14.122,NaN,1,0,CabinetD06,None,0,0,0,0,0.0000,NaN,NaN,NaN,0
183.72,Negin,AUIT_Single,CBA,0.732,1.743,0.002,44.4,353.6,-2.197,1.378,13.812,NaN,NaN,NaN,World,Video Quad,56.8,NaN,14.122,NaN,1,0,CabinetD06,None,0,0,0,0,0.0000,NaN,NaN,NaN,0
183.81,Negin,AUIT_Single,CBA,0.733,1.743,0.001,44.0,353.7,-2.197,1.378,13.812,NaN,NaN,NaN,World,Video Quad,56.4,NaN,14.123,NaN,1,0,CabinetD06,None,0,0,0,0,0.0000,NaN,NaN,NaN,0
183.91,Negin,AUIT_Single,CBA,0.735,1.743,0.001,43.9,353.8,-2.197,1.378,13.812,NaN,NaN,NaN,World,Video Quad,56.3,NaN,14.124,NaN,1,0,CabinetD06,None,0,0,0,0,0.0000,NaN,NaN,NaN,0
184.01,Negin,AUIT_Single,CBA,0.736,1.743,-0.001,44.1,354.0,-2.197,1.378,13.812,NaN,NaN,NaN,World,Video Quad,56.5,NaN,14.126,NaN,1,0,CabinetD06,None,0,0,0,0,0.0000,NaN,NaN,NaN,0
184.10,Negin,AUIT_Single,CBA,0.738,1.743,-0.002,44.6,354.0,-2.197,1.378,13.812,NaN,NaN,NaN,World,Video Quad,57.0,NaN,14.127,NaN,1,0,CabinetD06,None,0,0,0,0,0.0000,NaN,NaN,NaN,0
184.20,Negin,AUIT_Single,CBA,0.740,1.743,-0.002,44.7,354.0,-2.197,1.378,13.812,NaN,NaN,NaN,World,Video Quad,57.2,NaN,14.128,NaN,1,0,CabinetD06,None,0,0,0,0,0.0000,NaN,NaN,NaN,0
184.31,Negin,AUIT_Single,CBA,0.741,1.742,-0.001,44.6,354.1,-2.197,1.378,13.812,NaN,NaN,NaN,World,Video Quad,57.0,NaN,14.127,NaN,1,0,CabinetD06,None,0,0,0,0,0.0000,NaN,NaN,NaN,0
184.41,Negin,AUIT_Single,CBA,0.742,1.742,-0.001,44.7,354.3,-2.197,1.378,13.812,NaN,NaN,NaN,World,Video Quad,57.1,NaN,14.127,NaN,1,0,CabinetD06,None,0,0,0,0,0.0000,NaN,NaN,NaN,0
184.51,Negin,AUIT_Single,CBA,0.744,1.742,0.000,44.7,354.4,-2.197,1.378,13.812,NaN,NaN,NaN,World,Video Quad,57.1,NaN,14.126,NaN,1,0,CabinetD06,None,0,0,0,0,0.0000,NaN,NaN,NaN,0
184.60,Negin,AUIT_Single,CBA,0.745,1.742,0.001,44.7,354.6,-2.197,1.378,13.812,NaN,NaN,NaN,World,Video Quad,57.1,NaN,14.126,NaN,1,0,CabinetD06,None,0,0,0,0,0.0000,NaN,NaN,NaN,0
184.70,Negin,AUIT_Single,CBA,0.746,1.741,0.002,44.6,354.7,-2.197,1.378,13.812,NaN,NaN,NaN,World,Video Quad,57.0,NaN,14.125,NaN,1,0,CabinetD06,None,0,0,0,0,0.0000,NaN,NaN,NaN,0
184.81,Negin,AUIT_Single,CBA,0.747,1.741,0.003,44.5,354.9,-2.197,1.378,13.812,NaN,NaN,NaN,World,Video Quad,56.9,NaN,14.125,NaN,1,0,CabinetD06,None,0,0,0,0,0.0000,NaN,NaN,NaN,0
184.91,Negin,AUIT_Single,CBA,0.748,1.741,0.003,44.4,354.9,-2.197,1.378,13.812,NaN,NaN,NaN,World,Video Quad,56.8,NaN,14.125,NaN,1,0,CabinetD06,None,0,0,0,0,0.0000,NaN,NaN,NaN,0
185.01,Negin,AUIT_Single,CBA,0.749,1.741,0.002,44.3,354.9,-2.197,1.378,13.812,NaN,NaN,NaN,World,Video Quad,56.7,NaN,14.125,NaN,1,0,CabinetD06,None,0,0,0,0,0.0000,NaN,NaN,NaN,0
185.10,Negin,AUIT_Single,CBA,0.749,1.741,0.001,44.4,354.9,-2.197,1.378,13.812,NaN,NaN,NaN,World,Video Quad,56.8,NaN,14.126,NaN,1,0,CabinetD06,None,0,0,0,0,0.0000,NaN,NaN,NaN,0
185.22,Negin,AUIT_Single,CBA,0.750,1.741,0.001,44.6,354.8,-2.197,1.378,13.812,NaN,NaN,NaN,World,Video Quad,56.9,NaN,14.127,NaN,1,0,CabinetD06,None,0,0,0,0,0.0000,NaN,NaN,NaN,0
185.31,Negin,AUIT_Single,CBA,0.751,1.741,0.001,44.7,354.8,-2.197,1.378,13.812,NaN,NaN,NaN,World,Video Quad,57.1,NaN,14.127,NaN,1,0,CabinetD06,None,0,0,0,0,0.0000,NaN,NaN,NaN,0
185.41,Negin,AUIT_Single,CBA,0.752,1.742,0.001,44.7,354.8,-2.197,1.378,13.812,NaN,NaN,NaN,World,Video Quad,57.1,NaN,14.127,NaN,1,0,CabinetD06,None,0,0,0,0,0.0000,NaN,NaN,NaN,0
185.51,Negin,AUIT_Single,CBA,0.753,1.741,0.004,44.3,354.8,-2.197,1.378,13.812,NaN,NaN,NaN,World,Video Quad,56.7,NaN,14.124,NaN,1,0,CabinetD06,None,0,0,0,0,0.0000,NaN,NaN,NaN,0
185.60,Negin,AUIT_Single,CBA,0.756,1.739,0.011,43.5,356.3,-2.197,1.378,13.812,NaN,NaN,NaN,World,Video Quad,55.8,NaN,14.118,NaN,1,0,CabinetD06,None,0,0,0,0,0.0000,NaN,NaN,NaN,0
185.72,Negin,AUIT_Single,CBA,0.761,1.733,0.027,41.8,359.7,-2.197,1.378,13.812,NaN,NaN,NaN,World,Video Quad,53.9,NaN,14.104,NaN,1,0,CabinetD06,None,0,0,0,0,0.0000,NaN,NaN,NaN,0
185.81,Negin,AUIT_Single,CBA,0.768,1.722,0.047,40.6,6.0,-2.197,1.378,13.812,NaN,NaN,NaN,World,Video Quad,52.8,NaN,14.085,NaN,1,0,CabinetD06,None,0,0,0,0,0.0000,NaN,NaN,NaN,0
185.91,Negin,AUIT_Single,CBA,0.781,1.706,0.074,39.4,15.1,-2.197,1.378,13.812,NaN,NaN,NaN,World,KitchenOven07,52.8,NaN,14.061,NaN,1,0,CabinetD06,None,0,0,0,0,0.0000,NaN,NaN,NaN,0
186.01,Negin,AUIT_Single,CBA,0.799,1.692,0.108,37.2,22.0,-2.197,1.378,13.812,NaN,NaN,NaN,World,KitchenOven07,52.4,NaN,14.031,NaN,1,0,CabinetD06,None,0,0,0,0,0.0000,NaN,NaN,NaN,0
186.10,Negin,AUIT_Single,CBA,0.826,1.685,0.149,35.5,23.8,-2.197,1.378,13.812,NaN,NaN,NaN,World,KitchenOven07,51.5,NaN,13.997,NaN,1,0,CabinetD06,None,0,0,0,0,0.0000,NaN,NaN,NaN,0
186.22,Negin,AUIT_Single,CBA,0.869,1.682,0.203,35.3,22.3,-2.197,1.378,13.812,NaN,NaN,NaN,World,KitchenOven07,51.2,NaN,13.953,NaN,1,0,CabinetD06,None,0,0,0,0,0.0000,NaN,NaN,NaN,0
186.31,Negin,AUIT_Single,CBA,0.913,1.692,0.250,36.1,16.6,-2.197,1.378,13.812,NaN,NaN,NaN,World,KitchenOven07,50.6,NaN,13.918,NaN,1,0,CabinetD06,None,0,0,0,0,0.0000,NaN,NaN,NaN,0
186.41,Negin,AUIT_Single,CBA,0.957,1.714,0.291,38.1,7.9,-2.197,1.378,13.812,NaN,NaN,NaN,World,CabinetDCorner02,51.4,NaN,13.889,NaN,1,0,CabinetD06,None,0,0,0,0,0.0000,NaN,NaN,NaN,0
186.51,Negin,AUIT_Single,CBA,0.993,1.728,0.325,39.6,4.2,-2.197,1.378,13.812,NaN,NaN,NaN,World,CabinetDCorner02,52.9,NaN,13.864,NaN,1,0,CabinetD05,None,0,0,0,0,0.0000,NaN,NaN,NaN,0
186.60,Negin,AUIT_Single,CBA,1.021,1.730,0.356,40.4,4.0,-2.197,1.378,13.812,NaN,NaN,NaN,World,CabinetDCorner02,53.8,NaN,13.840,NaN,1,0,CabinetD05,None,0,0,0,0,0.0000,NaN,NaN,NaN,0
186.72,Negin,AUIT_Single,CBA,1.046,1.728,0.395,40.5,7.2,-2.197,1.378,13.812,NaN,NaN,NaN,World,CabinetDCorner02,54.2,NaN,13.808,NaN,1,0,CabinetD05,None,0,0,0,0,0.0000,NaN,NaN,NaN,0
186.81,Negin,AUIT_Single,CBA,1.064,1.723,0.435,39.3,9.2,-2.197,1.378,13.812,NaN,NaN,NaN,World,CabinetDCorner02,53.3,NaN,13.773,NaN,1,0,CabinetD05,None,0,0,0,0,0.0000,NaN,NaN,NaN,0
186.91,Negin,AUIT_Single,CBA,1.082,1.716,0.482,38.2,11.2,-2.197,1.378,13.812,NaN,NaN,NaN,World,Video Quad,52.6,NaN,13.732,NaN,1,0,CabinetD05,None,0,0,0,0,0.0000,NaN,NaN,NaN,0
187.01,Negin,AUIT_Single,CBA,1.098,1.707,0.534,37.8,12.2,-2.197,1.378,13.812,NaN,NaN,NaN,World,CabinetDCorner02,52.4,NaN,13.685,NaN,1,0,CabinetD05,None,0,0,0,0,0.0000,NaN,NaN,NaN,0
187.10,Negin,AUIT_Single,CBA,1.113,1.698,0.589,38.4,12.8,-2.197,1.378,13.812,NaN,NaN,NaN,World,CabinetDCorner02,53.2,NaN,13.635,NaN,1,0,CabinetD05,None,0,0,0,0,0.0000,NaN,NaN,NaN,0
187.22,Negin,AUIT_Single,CBA,1.135,1.704,0.655,40.1,14.6,-2.197,1.378,13.812,NaN,NaN,NaN,World,CabinetDCorner02,55.2,NaN,13.576,NaN,1,0,CabinetD05,None,0,0,0,0,0.0000,NaN,NaN,NaN,0
187.31,Negin,AUIT_Single,CBA,1.154,1.699,0.705,39.5,17.2,-2.197,1.378,13.812,NaN,NaN,NaN,World,Wall4m,55.2,NaN,13.532,NaN,1,0,CabinetD05,None,0,0,0,0,0.0000,NaN,NaN,NaN,0
187.41,Negin,AUIT_Single,CBA,1.180,1.692,0.753,40.3,19.7,-2.197,1.378,13.812,NaN,NaN,NaN,World,KitchenOven07,56.6,NaN,13.493,NaN,1,0,CabinetD05,None,0,0,0,0,0.0000,NaN,NaN,NaN,0
187.51,Negin,AUIT_Single,CBA,1.209,1.682,0.794,42.2,22.7,-2.197,1.378,13.812,NaN,NaN,NaN,World,KitchenOven07,59.1,NaN,13.460,NaN,1,0,CabinetD05Door,None,0,0,0,0,0.0000,NaN,NaN,NaN,0
187.60,Negin,AUIT_Single,CBA,1.241,1.670,0.831,43.0,24.3,-2.197,1.378,13.812,NaN,NaN,NaN,World,KitchenOven07,60.4,NaN,13.432,NaN,1,0,CabinetD05Door,None,0,0,0,0,0.0000,NaN,NaN,NaN,0
187.72,Negin,AUIT_Single,CBA,1.287,1.656,0.868,42.7,25.4,-2.197,1.378,13.812,NaN,NaN,NaN,World,KitchenOven07,60.6,NaN,13.407,NaN,1,0,CabinetD05Door,None,0,0,0,0,0.0000,NaN,NaN,NaN,0
187.87,Negin,AUIT_Single,CBA,1.337,1.637,0.900,43.1,26.3,-2.197,1.378,13.812,NaN,NaN,NaN,World,KitchenOven07,61.4,NaN,13.389,NaN,1,0,CabinetD05Door,None,0,0,0,0,0.0000,NaN,NaN,NaN,0
187.91,Negin,AUIT_Single,CBA,1.385,1.615,0.930,43.3,25.9,-2.197,1.378,13.812,NaN,NaN,NaN,World,KitchenOven07,61.7,NaN,13.373,NaN,1,0,CabinetDCorner02,None,0,0,0,0,0.0000,NaN,NaN,NaN,0
188.01,Negin,AUIT_Single,CBA,1.431,1.583,0.962,43.5,25.3,-2.197,1.378,13.812,NaN,NaN,NaN,World,KitchenOven07,62.1,NaN,13.354,NaN,1,0,CabinetDCorner02,None,0,0,0,0,0.0000,NaN,NaN,NaN,0
188.10,Negin,AUIT_Single,CBA,1.473,1.545,0.997,44.2,24.2,-2.197,1.378,13.812,NaN,NaN,NaN,World,KitchenOven07,62.7,NaN,13.332,NaN,1,0,CabinetDCorner02,None,0,0,0,0,0.0000,NaN,NaN,NaN,0
188.22,Negin,AUIT_Single,CBA,1.508,1.487,1.032,44.5,23.4,-2.197,1.378,13.812,NaN,NaN,NaN,World,KitchenOven07,63.1,NaN,13.307,NaN,1,0,CabinetDCorner02,None,0,0,0,0,0.0000,NaN,NaN,NaN,0
188.31,Negin,AUIT_Single,CBA,1.531,1.431,1.062,44.8,23.8,-2.197,1.378,13.812,NaN,NaN,NaN,World,KitchenOven07,63.6,NaN,13.284,NaN,1,0,CabinetDCorner02,None,0,0,0,0,0.0000,NaN,NaN,NaN,0
188.48,Negin,AUIT_Single,CBA,1.541,1.391,1.082,44.9,24.3,-2.197,1.378,13.812,NaN,NaN,NaN,World,KitchenOven07,64.0,NaN,13.268,NaN,1,0,Wall4m,None,0,0,0,0,0.0000,NaN,NaN,NaN,0
188.51,Negin,AUIT_Single,CBA,1.551,1.332,1.114,44.0,26.1,-2.197,1.378,13.812,NaN,NaN,NaN,World,KitchenOven07,63.8,NaN,13.240,NaN,1,0,Wall4m,None,0,0,0,0,0.0000,NaN,NaN,NaN,0
188.60,Negin,AUIT_Single,CBA,1.556,1.299,1.134,43.9,26.8,-2.197,1.378,13.812,NaN,NaN,NaN,World,KitchenOven07,64.0,NaN,13.222,NaN,1,0,Wall4m,None,0,0,0,0,0.0000,NaN,NaN,NaN,0
188.72,Negin,AUIT_Single,CBA,1.557,1.274,1.154,43.5,27.1,-2.197,1.378,13.812,NaN,NaN,NaN,World,KitchenOven07,63.8,NaN,13.204,NaN,1,0,Wall4m,None,0,0,0,0,0.0000,NaN,NaN,NaN,0
188.81,Negin,AUIT_Single,CBA,1.555,1.264,1.167,42.9,27.2,-2.197,1.378,13.812,NaN,NaN,NaN,World,KitchenOven07,63.3,NaN,13.191,NaN,1,0,Wall4m,None,0,0,0,0,0.0000,NaN,NaN,NaN,0
188.91,Negin,AUIT_Single,CBA,1.553,1.260,1.176,42.5,27.0,-2.197,1.378,13.812,NaN,NaN,NaN,World,KitchenOven07,62.9,NaN,13.181,NaN,1,0,Wall4m,None,0,0,0,0,0.0000,NaN,NaN,NaN,0
189.01,Negin,AUIT_Single,CBA,1.550,1.258,1.182,42.2,26.6,-2.197,1.378,13.812,NaN,NaN,NaN,World,KitchenOven07,62.6,NaN,13.175,NaN,1,0,Wall4m,None,0,0,0,0,0.0000,NaN,NaN,NaN,0
189.10,Negin,AUIT_Single,CBA,1.546,1.261,1.184,42.0,26.7,-2.197,1.378,13.812,NaN,NaN,NaN,World,KitchenOven07,62.5,NaN,13.171,NaN,1,0,Wall4m,None,0,0,0,0,0.0000,NaN,NaN,NaN,0
189.22,Negin,AUIT_Single,CBA,1.542,1.271,1.182,41.8,26.5,-2.197,1.378,13.812,NaN,NaN,NaN,World,KitchenOven07,62.1,NaN,13.172,NaN,1,0,Wall4m,None,0,0,0,0,0.0000,NaN,NaN,NaN,0
189.31,Negin,AUIT_Single,CBA,1.538,1.291,1.176,42.3,26.6,-2.197,1.378,13.812,NaN,NaN,NaN,World,KitchenOven07,62.6,NaN,13.177,NaN,1,0,Wall4m,None,0,0,0,0,0.0000,NaN,NaN,NaN,0
189.41,Negin,AUIT_Single,CBA,1.530,1.330,1.161,42.4,26.3,-2.197,1.378,13.812,NaN,NaN,NaN,World,KitchenOven07,62.4,NaN,13.189,NaN,1,0,Wall4m,None,0,0,0,0,0.0000,NaN,NaN,NaN,0
189.51,Negin,AUIT_Single,CBA,1.516,1.385,1.136,42.0,25.8,-2.197,1.378,13.812,NaN,NaN,NaN,World,KitchenOven07,61.8,NaN,13.209,NaN,1,0,Wall4m,None,0,0,0,0,0.0000,NaN,NaN,NaN,0
189.60,Negin,AUIT_Single,CBA,1.495,1.447,1.106,39.9,27.0,-2.197,1.378,13.812,NaN,NaN,NaN,World,KitchenOven07,60.1,NaN,13.232,NaN,1,0,CabinetDCorner02,None,0,0,0,0,0.0000,NaN,NaN,NaN,0
189.72,Negin,AUIT_Single,CBA,1.455,1.519,1.074,32.0,26.6,-2.197,1.378,13.812,NaN,NaN,NaN,World,KitchenOven07,52.9,NaN,13.252,NaN,1,0,CabinetDCorner02,None,0,0,0,0,0.0000,NaN,NaN,NaN,0
189.81,Negin,AUIT_Single,CBA,1.406,1.578,1.041,19.5,25.2,-2.197,1.378,13.812,NaN,NaN,NaN,World,KitchenOven07,41.8,NaN,13.271,NaN,1,0,CabinetDCorner02,None,0,0,0,0,0.0000,NaN,NaN,NaN,0
189.91,Negin,AUIT_Single,CBA,1.355,1.625,1.006,8.2,23.5,-2.197,1.378,13.812,NaN,NaN,NaN,World,CabinetDCorner02,32.1,NaN,13.292,NaN,1,0,CabinetDCorner02,None,0,0,0,0,0.0000,NaN,NaN,NaN,0
190.01,Negin,AUIT_Single,CBA,1.303,1.658,0.972,1.4,20.8,-2.197,1.378,13.812,NaN,NaN,NaN,World,CabinetDCorner02,25.4,NaN,13.312,NaN,1,0,CabinetD05Door,None,0,0,0,0,0.0000,NaN,NaN,NaN,0
190.12,Negin,AUIT_Single,CBA,1.295,1.662,0.967,0.6,20.8,-2.197,1.378,13.812,NaN,NaN,NaN,World,CabinetDCorner02,24.9,NaN,13.315,NaN,1,0,CabinetD05Door,None,1,0,0,0,0.0000,NaN,NaN,NaN,0
190.22,Negin,AUIT_Single,CBA,1.189,1.695,0.914,355.6,18.9,-2.197,1.378,13.812,NaN,NaN,NaN,World,Wall4m,20.3,NaN,13.339,NaN,1,0,CabinetD05Door,None,1,0,0,0,0.0000,NaN,NaN,NaN,0
190.31,Negin,AUIT_Single,CBA,1.139,1.702,0.888,354.4,19.8,-2.197,1.378,13.812,NaN,NaN,NaN,World,CabinetD05Door,20.4,NaN,13.352,NaN,1,0,CabinetD05,None,1,0,0,0,0.0000,NaN,NaN,NaN,0
190.41,Negin,AUIT_Single,CBA,1.094,1.704,0.866,353.7,20.4,-2.197,1.378,13.812,NaN,NaN,NaN,World,MixingBowl,20.5,NaN,13.362,NaN,1,0,CabinetD05,None,1,0,0,0,0.0000,NaN,NaN,NaN,0
190.51,Negin,AUIT_Single,CBA,1.059,1.702,0.849,353.8,22.5,-2.197,1.378,13.812,NaN,NaN,NaN,World,Wall4m,22.4,NaN,13.369,NaN,1,0,CabinetD05,None,1,0,0,0,0.0000,NaN,NaN,NaN,0
190.60,Negin,AUIT_Single,CBA,1.034,1.706,0.843,354.1,22.1,-2.197,1.378,13.812,NaN,NaN,NaN,World,Wall4m,22.2,NaN,13.370,NaN,1,0,CabinetD05,None,1,0,0,0,0.0000,NaN,NaN,NaN,0
190.73,Negin,AUIT_Single,CBA,1.019,1.708,0.846,354.4,21.8,-2.197,1.378,13.812,NaN,NaN,NaN,World,Wall4m,22.0,NaN,13.364,NaN,1,0,CabinetD05,None,1,0,0,0,0.0000,NaN,NaN,NaN,0
190.81,Negin,AUIT_Single,CBA,0.998,1.709,0.864,354.6,21.2,-2.197,1.378,13.812,NaN,NaN,NaN,World,Wall4m,21.4,NaN,13.340,NaN,1,0,CabinetD05,None,1,0,0,0,0.0000,NaN,NaN,NaN,0
190.91,Negin,AUIT_Single,CBA,0.989,1.705,0.882,354.1,21.4,-2.197,1.378,13.812,NaN,NaN,NaN,World,Wall4m,21.4,NaN,13.321,NaN,1,0,CabinetD05,None,1,0,0,0,0.0000,NaN,NaN,NaN,0
191.01,Negin,AUIT_Single,CBA,0.982,1.706,0.899,353.6,21.0,-2.197,1.378,13.812,NaN,NaN,NaN,World,Wall4m,20.9,NaN,13.303,NaN,1,0,CabinetD05,None,1,0,0,0,0.0000,NaN,NaN,NaN,0
191.10,Negin,AUIT_Single,CBA,0.976,1.709,0.912,353.5,20.7,-2.197,1.378,13.812,NaN,NaN,NaN,World,Wall4m,20.5,NaN,13.289,NaN,1,0,CabinetD05,None,1,0,0,0,0.0000,NaN,NaN,NaN,0
191.21,Negin,AUIT_Single,CBA,0.967,1.711,0.922,354.1,20.8,-2.197,1.378,13.812,NaN,NaN,NaN,World,Wall4m,20.8,NaN,13.277,NaN,1,0,CabinetD05,None,1,0,0,0,0.0000,NaN,NaN,NaN,0
191.34,Negin,AUIT_Single,CBA,0.960,1.714,0.924,355.3,20.2,-2.197,1.378,13.812,NaN,NaN,NaN,World,Wall4m,20.8,NaN,13.273,NaN,1,0,CabinetD05,None,1,0,0,0,0.0000,NaN,NaN,NaN,0
191.41,Negin,AUIT_Single,CBA,0.943,1.715,0.926,358.0,19.2,-2.197,1.378,13.812,NaN,NaN,NaN,World,Wall4m,21.2,NaN,13.267,NaN,1,0,CabinetD05,None,1,0,0,0,0.0000,NaN,NaN,NaN,0
191.51,Negin,AUIT_Single,CBA,0.924,1.716,0.925,0.5,20.0,-2.197,1.378,13.812,NaN,NaN,NaN,World,Wall4m,23.1,NaN,13.264,NaN,1,0,CabinetD05,None,1,0,0,0,0.0000,NaN,NaN,NaN,0
191.60,Negin,AUIT_Single,CBA,0.903,1.718,0.924,2.6,19.7,-2.197,1.378,13.812,NaN,NaN,NaN,World,Wall4m,24.1,NaN,13.260,NaN,1,0,CabinetD05,None,1,0,0,0,0.0000,NaN,NaN,NaN,0
191.71,Negin,AUIT_Single,CBA,0.880,1.718,0.922,3.6,19.4,-2.197,1.378,13.812,NaN,NaN,NaN,World,Wall4m,24.5,NaN,13.256,NaN,1,0,CabinetD05,None,1,0,0,0,0.0000,NaN,NaN,NaN,0
191.81,Negin,AUIT_Single,CBA,0.863,1.717,0.921,4.2,19.3,-2.197,1.378,13.812,NaN,NaN,NaN,World,Wall4m,24.8,NaN,13.254,NaN,1,0,CabinetD05,None,1,0,0,0,0.0000,NaN,NaN,NaN,0
191.95,Negin,AUIT_Single,CBA,0.853,1.716,0.920,5.0,19.2,-2.197,1.378,13.812,NaN,NaN,NaN,World,Wall4m,25.2,NaN,13.252,NaN,1,0,CabinetD05,None,0,0,0,0,0.0000,NaN,NaN,NaN,0
192.01,Negin,AUIT_Single,CBA,0.841,1.715,0.920,5.8,19.3,-2.197,1.378,13.812,NaN,NaN,NaN,World,Wall4m,25.8,NaN,13.249,NaN,1,0,CabinetD06,None,0,0,0,0,0.0000,NaN,NaN,NaN,0
192.10,Negin,AUIT_Single,CBA,0.833,1.715,0.922,5.8,19.2,-2.197,1.378,13.812,NaN,NaN,NaN,World,Wall4m,25.8,NaN,13.246,NaN,1,0,CabinetD06,None,0,0,0,0,0.0000,NaN,NaN,NaN,0
192.21,Negin,AUIT_Single,CBA,0.826,1.715,0.925,5.9,19.4,-2.197,1.378,13.812,NaN,NaN,NaN,World,Wall4m,25.9,NaN,13.241,NaN,1,0,CabinetD06,None,0,0,0,0,0.0000,NaN,NaN,NaN,0
192.31,Negin,AUIT_Single,CBA,0.822,1.714,0.929,5.9,19.7,-2.197,1.378,13.812,NaN,NaN,NaN,World,Wall4m,26.1,NaN,13.237,NaN,1,0,CabinetD06,None,0,0,0,0,0.0000,NaN,NaN,NaN,0
192.41,Negin,AUIT_Single,CBA,0.820,1.715,0.933,5.8,19.5,-2.197,1.378,13.812,NaN,NaN,NaN,World,Wall4m,25.9,NaN,13.232,NaN,1,0,CabinetD06,None,0,0,0,0,0.0000,NaN,NaN,NaN,0
192.51,Negin,AUIT_Single,CBA,0.819,1.715,0.935,5.6,19.5,-2.197,1.378,13.812,NaN,NaN,NaN,World,Wall4m,25.7,NaN,13.229,NaN,1,0,CabinetD06,None,0,0,0,0,0.0000,NaN,NaN,NaN,0
192.60,Negin,AUIT_Single,CBA,0.819,1.714,0.937,5.8,19.6,-2.197,1.378,13.812,NaN,NaN,NaN,World,Wall4m,26.0,NaN,13.228,NaN,1,0,CabinetD06,None,0,0,0,0,0.0000,NaN,NaN,NaN,0
192.71,Negin,AUIT_Single,CBA,0.820,1.714,0.938,6.2,19.7,-2.197,1.378,13.812,NaN,NaN,NaN,World,Wall4m,26.3,NaN,13.227,NaN,1,0,CabinetD06,None,0,0,0,0,0.0000,NaN,NaN,NaN,0
192.81,Negin,AUIT_Single,CBA,0.820,1.714,0.938,6.5,19.6,-2.197,1.378,13.812,NaN,NaN,NaN,World,Wall4m,26.5,NaN,13.227,NaN,1,0,CabinetD06,None,0,0,0,0,0.0000,NaN,NaN,NaN,0
192.91,Negin,AUIT_Single,CBA,0.820,1.715,0.938,6.5,19.5,-2.197,1.378,13.812,NaN,NaN,NaN,World,Wall4m,26.4,NaN,13.227,NaN,1,0,CabinetD06,None,0,0,0,0,0.0000,NaN,NaN,NaN,0
193.01,Negin,AUIT_Single,CBA,0.821,1.715,0.937,6.4,19.5,-2.197,1.378,13.812,NaN,NaN,NaN,World,Wall4m,26.3,NaN,13.228,NaN,1,0,CabinetD06,None,0,0,0,0,0.0000,NaN,NaN,NaN,0
193.10,Negin,AUIT_Single,CBA,0.821,1.715,0.936,6.5,19.4,-2.197,1.378,13.812,NaN,NaN,NaN,World,Wall4m,26.4,NaN,13.230,NaN,1,0,CabinetD06,None,0,0,0,0,0.0000,NaN,NaN,NaN,0
193.21,Negin,AUIT_Single,CBA,0.821,1.715,0.934,6.3,19.2,-2.197,1.378,13.812,NaN,NaN,NaN,World,Wall4m,26.1,NaN,13.232,NaN,1,0,CabinetD06,None,0,0,0,0,0.0000,NaN,NaN,NaN,0
193.31,Negin,AUIT_Single,CBA,0.820,1.715,0.930,6.2,19.4,-2.197,1.378,13.812,NaN,NaN,NaN,World,Wall4m,26.1,NaN,13.235,NaN,1,0,CabinetD06,None,0,0,0,0,0.0000,NaN,NaN,NaN,0
193.41,Negin,AUIT_Single,CBA,0.818,1.717,0.927,6.1,19.0,-2.197,1.378,13.812,NaN,NaN,NaN,World,Wall4m,25.8,NaN,13.238,NaN,1,0,CabinetD06,None,0,0,0,0,0.0000,NaN,NaN,NaN,0
193.51,Negin,AUIT_Single,CBA,0.814,1.720,0.923,6.2,18.2,-2.197,1.378,13.812,NaN,NaN,NaN,World,CabinetD05,25.3,NaN,13.241,NaN,1,0,CabinetD06,None,0,0,0,0,0.0000,NaN,NaN,NaN,0
193.60,Negin,AUIT_Single,CBA,0.807,1.727,0.918,6.0,14.9,-2.197,1.378,13.812,NaN,NaN,NaN,World,Video Quad,23.1,NaN,13.244,NaN,1,0,CabinetD06,None,1,0,0,0,0.0000,NaN,NaN,NaN,0
193.71,Negin,AUIT_Single,CBA,0.799,1.733,0.911,6.0,11.6,-2.197,1.378,13.812,NaN,NaN,NaN,World,Video Quad,21.4,NaN,13.249,NaN,1,0,CabinetD06,None,1,0,0,0,0.0000,NaN,NaN,NaN,0
193.81,Negin,AUIT_Single,CBA,0.791,1.738,0.907,6.4,9.6,-2.197,1.378,13.812,NaN,NaN,NaN,World,Video Quad,20.9,NaN,13.252,NaN,1,0,CabinetD06,None,1,0,0,0,0.0000,NaN,NaN,NaN,0
193.91,Negin,AUIT_Single,CBA,0.785,1.742,0.897,6.2,7.2,-2.197,1.378,13.812,NaN,NaN,NaN,World,Video Quad,20.0,NaN,13.260,NaN,1,0,CabinetD06,None,1,0,0,0,0.0000,NaN,NaN,NaN,0
194.01,Negin,AUIT_Single,CBA,0.784,1.744,0.882,5.8,6.2,-2.197,1.378,13.812,NaN,NaN,NaN,World,Video Quad,19.3,NaN,13.274,NaN,1,0,CabinetD06,None,1,0,0,0,0.0000,NaN,NaN,NaN,0
194.10,Negin,AUIT_Single,CBA,0.784,1.748,0.863,5.0,3.3,-2.197,1.378,13.812,NaN,NaN,NaN,World,Video Quad,18.0,NaN,13.293,NaN,1,0,CabinetD06,None,1,0,0,0,0.0000,NaN,NaN,NaN,0
194.22,Negin,AUIT_Single,CBA,0.786,1.755,0.840,1.9,359.3,-2.197,1.378,13.812,NaN,NaN,NaN,World,Video Quad,15.0,NaN,13.316,NaN,1,0,CabinetD06,None,1,0,0,0,0.0000,NaN,NaN,NaN,0
194.31,Negin,AUIT_Single,CBA,0.791,1.757,0.818,359.4,356.6,-2.197,1.378,13.812,NaN,NaN,NaN,World,CabinetD05,13.3,NaN,13.339,NaN,1,0,CabinetD06,None,1,0,0,0,0.0000,NaN,NaN,NaN,0
194.41,Negin,AUIT_Single,CBA,0.801,1.753,0.792,357.4,357.3,-2.197,1.378,13.812,NaN,NaN,NaN,World,CabinetD05,11.2,NaN,13.366,NaN,1,0,CabinetD06,None,1,0,0,0,0.0000,NaN,NaN,NaN,0
194.51,Negin,AUIT_Single,CBA,0.812,1.746,0.762,356.3,1.0,-2.197,1.378,13.812,NaN,NaN,NaN,World,Video Quad,9.3,NaN,13.397,NaN,1,0,CabinetD06,None,1,0,0,0,0.0000,NaN,NaN,NaN,0
194.60,Negin,AUIT_Single,CBA,0.823,1.740,0.728,357.1,2.5,-2.197,1.378,13.812,NaN,NaN,NaN,World,Video Quad,10.2,NaN,13.433,NaN,1,0,CabinetD06,None,1,0,0,0,0.0000,NaN,NaN,NaN,0
194.72,Negin,AUIT_Single,CBA,0.832,1.738,0.688,357.3,1.7,-2.197,1.378,13.812,NaN,NaN,NaN,World,Video Quad,10.3,NaN,13.474,NaN,1,0,CabinetD06,None,1,0,0,0,0.0000,NaN,NaN,NaN,0
194.81,Negin,AUIT_Single,CBA,0.836,1.742,0.659,356.8,1.9,-2.197,1.378,13.812,NaN,NaN,NaN,World,Video Quad,9.8,NaN,13.503,NaN,1,0,CabinetD06,None,1,0,0,0,0.0000,NaN,NaN,NaN,0
194.91,Negin,AUIT_Single,CBA,0.839,1.748,0.631,356.0,1.6,-2.197,1.378,13.812,NaN,NaN,NaN,World,Video Quad,9.0,NaN,13.531,NaN,1,0,CabinetD06,None,1,0,0,0,0.0000,NaN,NaN,NaN,0
195.01,Negin,AUIT_Single,CBA,0.840,1.751,0.605,354.8,0.2,-2.197,1.378,13.812,NaN,NaN,NaN,World,Video Quad,7.8,NaN,13.558,NaN,1,0,CabinetD06,None,1,0,0,0,0.0000,NaN,NaN,NaN,0
195.10,Negin,AUIT_Single,CBA,0.841,1.756,0.579,354.4,358.8,-2.197,1.378,13.812,NaN,NaN,NaN,World,Video Quad,7.8,NaN,13.583,NaN,1,0,CabinetD06,None,1,0,0,0,0.0000,NaN,NaN,NaN,0
195.21,Negin,AUIT_Single,CBA,0.841,1.759,0.555,355.4,356.1,-2.197,1.378,13.812,NaN,NaN,NaN,World,Video Quad,9.9,NaN,13.606,NaN,1,0,CabinetD06,None,1,0,0,0,0.0000,NaN,NaN,NaN,0
195.31,Negin,AUIT_Single,CBA,0.837,1.762,0.543,357.7,355.5,-2.197,1.378,13.812,NaN,NaN,NaN,World,CabinetD05,12.2,NaN,13.617,NaN,1,0,CabinetD06,None,1,0,0,0,0.0000,NaN,NaN,NaN,0
195.41,Negin,AUIT_Single,CBA,0.827,1.762,0.534,359.8,354.6,-2.197,1.378,13.812,NaN,NaN,NaN,World,CabinetD05,14.5,NaN,13.623,NaN,1,0,CabinetD06,None,1,0,0,0,0.0000,NaN,NaN,NaN,0
195.51,Negin,AUIT_Single,CBA,0.811,1.763,0.526,1.6,356.4,-2.197,1.378,13.812,NaN,NaN,NaN,World,Video Quad,15.3,NaN,13.628,NaN,1,0,CabinetD06,None,1,0,0,0,0.0000,NaN,NaN,NaN,0
195.60,Negin,AUIT_Single,CBA,0.792,1.765,0.518,2.9,356.3,-2.197,1.378,13.812,NaN,NaN,NaN,World,Video Quad,16.5,NaN,13.632,NaN,1,0,CabinetD06,None,1,0,0,0,0.0000,NaN,NaN,NaN,0
195.71,Negin,AUIT_Single,CBA,0.769,1.767,0.510,3.8,354.3,-2.197,1.378,13.812,NaN,NaN,NaN,World,CabinetD05,18.0,NaN,13.635,NaN,1,0,CabinetD06,None,1,0,0,0,0.0000,NaN,NaN,NaN,0
195.81,Negin,AUIT_Single,CBA,0.749,1.768,0.500,5.1,353.5,-2.197,1.378,13.812,NaN,NaN,NaN,World,CabinetD05,19.3,NaN,13.639,NaN,1,0,CabinetD06,None,1,0,0,0,0.0000,NaN,NaN,NaN,0
195.91,Negin,AUIT_Single,CBA,0.729,1.772,0.491,7.4,351.4,-2.197,1.378,13.812,NaN,NaN,NaN,World,CabinetD05,22.2,NaN,13.645,NaN,1,0,CabinetD06,None,1,0,0,0,0.0000,NaN,NaN,NaN,0
196.01,Negin,AUIT_Single,CBA,0.712,1.771,0.481,9.1,351.5,-2.197,1.378,13.812,NaN,NaN,NaN,World,CabinetD05,23.6,NaN,13.651,NaN,1,0,CabinetD06,None,1,0,0,0,0.0000,NaN,NaN,NaN,0
196.10,Negin,AUIT_Single,CBA,0.697,1.764,0.470,9.2,354.6,-2.197,1.378,13.812,NaN,NaN,NaN,World,CabinetD05,22.5,NaN,13.658,NaN,1,0,CabinetD06,None,1,0,0,0,0.0000,NaN,NaN,NaN,0
196.22,Negin,AUIT_Single,CBA,0.683,1.755,0.456,9.6,357.8,-2.197,1.378,13.812,NaN,NaN,NaN,World,Video Quad,22.1,NaN,13.669,NaN,1,0,CabinetD06,None,1,0,0,0,0.0000,NaN,NaN,NaN,0
196.31,Negin,AUIT_Single,CBA,0.677,1.751,0.444,10.9,359.7,-2.197,1.378,13.812,NaN,NaN,NaN,World,Video Quad,23.1,NaN,13.678,NaN,1,0,CabinetD06,None,1,0,0,0,0.0000,NaN,NaN,NaN,0
196.41,Negin,AUIT_Single,CBA,0.676,1.755,0.432,11.4,359.0,-2.197,1.378,13.812,NaN,NaN,NaN,World,Video Quad,23.6,NaN,13.690,NaN,1,0,CabinetD06,None,1,0,0,0,0.0000,NaN,NaN,NaN,0
196.51,Negin,AUIT_Single,CBA,0.677,1.757,0.420,11.4,357.6,-2.197,1.378,13.812,NaN,NaN,NaN,World,Video Quad,23.9,NaN,13.702,NaN,1,0,CabinetD06,None,1,0,0,0,0.0000,NaN,NaN,NaN,0
196.63,Negin,AUIT_Single,CBA,0.682,1.758,0.411,11.5,356.5,-2.197,1.378,13.812,NaN,NaN,NaN,World,Video Quad,24.2,NaN,13.712,NaN,1,0,CabinetD06,None,1,0,0,0,0.0000,NaN,NaN,NaN,0
196.71,Negin,AUIT_Single,CBA,0.691,1.763,0.402,11.7,355.5,-2.197,1.378,13.812,NaN,NaN,NaN,World,Video Quad,24.6,NaN,13.724,NaN,1,0,CabinetD06,None,1,0,0,0,0.0000,NaN,NaN,NaN,0
196.81,Negin,AUIT_Single,CBA,0.701,1.769,0.396,11.8,353.6,-2.197,1.378,13.812,NaN,NaN,NaN,World,Video Quad,25.3,NaN,13.731,NaN,1,0,CabinetD06,None,0,0,0,0,0.0000,NaN,NaN,NaN,0
196.91,Negin,AUIT_Single,CBA,0.711,1.770,0.392,12.0,351.8,-2.197,1.378,13.812,NaN,NaN,NaN,World,Video Quad,26.0,NaN,13.737,NaN,1,0,CabinetD06,None,0,0,0,0,0.0000,NaN,NaN,NaN,0
197.01,Negin,AUIT_Single,CBA,0.720,1.772,0.390,11.8,351.4,-2.197,1.378,13.812,NaN,NaN,NaN,World,Video Quad,26.1,NaN,13.741,NaN,1,0,CabinetD06,None,0,0,0,0,0.0000,NaN,NaN,NaN,0
197.10,Negin,AUIT_Single,CBA,0.728,1.766,0.386,11.0,355.9,-2.197,1.378,13.812,NaN,NaN,NaN,World,Video Quad,24.0,NaN,13.746,NaN,1,0,CabinetD06,None,1,0,0,0,0.0000,NaN,NaN,NaN,0
197.22,Negin,AUIT_Single,CBA,0.735,1.766,0.382,9.0,355.9,-2.197,1.378,13.812,NaN,NaN,NaN,World,Video Quad,22.0,NaN,13.752,NaN,1,0,CabinetD06,None,1,0,0,0,0.0000,NaN,NaN,NaN,0
197.31,Negin,AUIT_Single,CBA,0.741,1.765,0.379,7.4,356.3,-2.197,1.378,13.812,NaN,NaN,NaN,World,Video Quad,20.4,NaN,13.756,NaN,1,0,CabinetD06,None,1,0,0,0,0.0000,NaN,NaN,NaN,0
197.41,Negin,AUIT_Single,CBA,0.747,1.765,0.376,6.3,356.4,-2.197,1.378,13.812,NaN,NaN,NaN,World,Video Quad,19.3,NaN,13.761,NaN,1,0,CabinetD06,None,1,0,0,0,0.0000,NaN,NaN,NaN,0
197.51,Negin,AUIT_Single,CBA,0.751,1.765,0.373,5.8,356.0,-2.197,1.378,13.812,NaN,NaN,NaN,World,Video Quad,19.0,NaN,13.764,NaN,1,0,CabinetD06,None,1,0,0,0,0.0000,NaN,NaN,NaN,0
197.60,Negin,AUIT_Single,CBA,0.754,1.765,0.372,5.5,355.8,-2.197,1.378,13.812,NaN,NaN,NaN,World,Video Quad,18.8,NaN,13.766,NaN,1,0,CabinetD06,None,1,0,0,0,0.0000,NaN,NaN,NaN,0
197.72,Negin,AUIT_Single,CBA,0.755,1.764,0.370,4.4,355.9,-2.197,1.378,13.812,NaN,NaN,NaN,World,Video Quad,17.7,NaN,13.768,NaN,1,0,CabinetD06,None,1,0,0,0,0.0000,NaN,NaN,NaN,0
197.81,Negin,AUIT_Single,CBA,0.754,1.765,0.369,2.7,355.5,-2.197,1.378,13.812,NaN,NaN,NaN,World,Video Quad,16.2,NaN,13.768,NaN,1,0,CabinetD06,None,1,0,0,0,0.0000,NaN,NaN,NaN,0
197.91,Negin,AUIT_Single,CBA,0.751,1.766,0.369,0.9,354.7,-2.197,1.378,13.812,NaN,NaN,NaN,World,Video Quad,14.9,NaN,13.768,NaN,1,0,CabinetD06,None,1,0,0,0,0.0000,NaN,NaN,NaN,0
198.01,Negin,AUIT_Single,CBA,0.749,1.767,0.371,359.7,353.8,-2.197,1.378,13.812,NaN,NaN,NaN,World,Video Quad,14.4,NaN,13.766,NaN,1,0,CabinetD06,None,1,0,0,0,0.0000,NaN,NaN,NaN,0
198.10,Negin,AUIT_Single,CBA,0.748,1.768,0.372,359.2,353.5,-2.197,1.378,13.812,NaN,NaN,NaN,World,Video Quad,14.1,NaN,13.764,NaN,1,0,CabinetD06,None,1,0,0,0,0.0000,NaN,NaN,NaN,0
198.22,Negin,AUIT_Single,CBA,0.748,1.767,0.373,359.0,354.0,-2.197,1.378,13.812,NaN,NaN,NaN,World,Video Quad,13.6,NaN,13.763,NaN,1,0,CabinetD06,None,1,0,0,0,0.0000,NaN,NaN,NaN,0
198.31,Negin,AUIT_Single,CBA,0.748,1.766,0.374,359.0,354.3,-2.197,1.378,13.812,NaN,NaN,NaN,World,Video Quad,13.5,NaN,13.763,NaN,1,0,CabinetD06,None,1,0,0,0,0.0000,NaN,NaN,NaN,0
198.41,Negin,AUIT_Single,CBA,0.749,1.766,0.374,359.4,354.6,-2.197,1.378,13.812,NaN,NaN,NaN,World,Video Quad,13.7,NaN,13.763,NaN,1,0,CabinetD06,None,1,0,0,0,0.0000,NaN,NaN,NaN,0
198.51,Negin,AUIT_Single,CBA,0.752,1.765,0.373,0.7,354.7,-2.197,1.378,13.812,NaN,NaN,NaN,World,Video Quad,14.8,NaN,13.764,NaN,1,0,CabinetD06,None,1,0,0,0,0.0000,NaN,NaN,NaN,0
198.60,Negin,AUIT_Single,CBA,0.755,1.765,0.373,2.2,354.9,-2.197,1.378,13.812,NaN,NaN,NaN,World,Video Quad,16.0,NaN,13.765,NaN,1,0,CabinetD06,None,1,0,0,0,0.0000,NaN,NaN,NaN,0
198.72,Negin,AUIT_Single,CBA,0.758,1.764,0.373,3.4,355.5,-2.197,1.378,13.812,NaN,NaN,NaN,World,Video Quad,16.9,NaN,13.766,NaN,1,0,CabinetD06,None,1,0,0,0,0.0000,NaN,NaN,NaN,0
198.93,Negin,AUIT_Single,CBA,1.000,0.000,1.000,0.0,0.0,-2.197,1.378,13.812,NaN,NaN,NaN,World,CabinetD01,15.2,NaN,13.277,NaN,1,0,CabinetD01,None,1,0,0,0,0.0000,NaN,NaN,NaN,0
