Time,ParticipantID,Scenario,Sequence,HeadX,HeadY,HeadZ,HeadYaw,HeadPitch,VideoX,VideoY,VideoZ,InstX,InstY,InstZ,GazeTarget,HitObjectName,AngleToVideo,AngleToInst,VideoDist,InstDist,VideoOcc,InstOcc,VideoOccHitName,InstOccHitName,VideoInCone,InstInCone,VideoVisible,InstVisible,VideoSpeed,InstSpeed,PanelSeparation,ScreenOverlapPct,BothVisible
0.00,Negin,AUIT_Multi,CBA,1.000,0.000,1.000,0.0,0.0,-2.197,1.378,13.812,-26.067,0.000,792.755,World,CabinetD01,15.2,2.0,13.277,792.217,1,1,CabinetD01,CabinetD01,1,1,0,0,0.0000,0.0000,779.309,0.000,0
0.16,Negin,AUIT_Multi,CBA,1.000,0.000,1.000,0.0,0.0,-1.422,1.055,10.573,-18.765,0.000,583.367,World,CabinetD01,15.4,1.9,9.931,582.703,1,1,CabinetD01,CabinetD01,1,1,0,0,21.4090,1340.6250,573.057,0.047,0
0.20,Negin,AUIT_Multi,CBA,1.000,0.000,1.000,0.0,0.0,0.360,0.080,2.690,-17.313,0.000,539.361,World,CabinetD01,20.9,1.9,1.809,538.673,1,1,CabinetD01,Floor,1,1,0,0,177.1045,957.9018,536.962,0.000,0
0.31,Negin,AUIT_Multi,CBA,1.000,0.000,1.000,0.0,0.0,0.481,0.007,2.142,-13.683,0.000,433.958,World,CabinetD01,24.5,1.9,1.254,433.207,1,1,CabinetD01,Floor,1,1,0,0,5.1055,950.7748,432.049,0.000,0
0.41,Negin,AUIT_Multi,CBA,1.000,0.000,1.000,0.0,0.0,0.492,0.001,2.094,-11.881,0.000,380.936,World,CabinetD01,24.9,1.9,1.206,380.154,1,1,CabinetD01,Floor,1,1,0,0,0.5125,546.9257,379.044,0.000,0
0.51,Negin,AUIT_Multi,CBA,1.000,0.000,1.000,0.0,0.0,0.493,0.000,2.088,-9.699,0.000,317.159,World,CabinetD01,25.0,1.9,1.201,316.340,1,1,CabinetD01,Floor,1,1,0,0,0.0578,655.8353,315.236,0.000,0
0.60,Negin,AUIT_Multi,CBA,1.000,0.000,1.000,0.0,0.0,0.493,0.000,2.088,-7.712,0.000,258.908,World,CabinetD01,25.0,1.9,1.200,258.055,1,1,CabinetD01,Floor,1,1,0,0,0.0062,599.1663,256.951,0.000,0
0.70,Negin,AUIT_Multi,CBA,1.000,0.000,1.000,0.0,0.0,0.493,0.000,2.088,-5.694,0.000,199.775,World,CabinetD01,25.0,1.9,1.200,198.887,1,1,CabinetD01,Floor,1,1,0,0,0.0006,608.1861,197.784,0.000,0
0.81,Negin,AUIT_Multi,CBA,1.000,0.000,1.000,0.0,0.0,0.493,0.000,2.088,-3.357,0.000,131.368,World,CabinetD01,25.0,1.9,1.200,130.440,1,1,CabinetD01,Floor,0,1,0,0,0.0001,616.6804,129.337,0.000,0
0.90,Negin,AUIT_Multi,CBA,1.000,0.000,1.000,0.0,0.0,0.493,0.000,2.088,-1.695,0.000,82.556,World,CabinetD01,25.0,1.9,1.200,81.601,1,1,CabinetD01,Floor,0,1,0,0,0.0000,535.2656,80.498,0.000,0
1.01,Negin,AUIT_Multi,CBA,0.881,1.742,0.793,1.5,359.9,0.556,1.163,1.670,0.609,0.282,13.783,World,CabinetD05Door,37.9,7.0,1.100,13.074,0,1,None,CabinetD05Door,0,1,0,0,11.5374,641.5462,12.144,0.000,0
1.11,Negin,AUIT_Multi,CBA,0.880,1.743,0.790,1.7,359.8,0.677,1.660,1.290,1.121,1.407,0.777,World,CabinetD05Door,25.3,91.0,0.545,0.414,0,0,None,None,0,0,0,0,6.4029,131.1746,0.724,0.000,0
1.21,Negin,AUIT_Multi,CBA,0.879,1.744,0.788,2.6,359.4,0.682,1.733,1.259,1.100,1.412,0.862,World,CabinetD05Door,25.4,78.6,0.511,0.406,0,0,None,None,0,0,0,0,0.8065,0.8895,0.660,0.000,0
1.31,Negin,AUIT_Multi,CBA,0.878,1.745,0.787,3.1,359.3,0.689,1.743,1.249,1.084,1.446,0.879,World,CabinetD05Door,25.3,74.6,0.499,0.375,0,0,None,None,0,0,0,0,0.1648,0.4220,0.617,0.000,0
1.40,Negin,AUIT_Multi,CBA,0.877,1.744,0.785,3.4,0.0,0.671,1.745,1.302,1.068,1.480,0.898,World,CabinetD05Door,25.1,68.9,0.557,0.345,0,0,None,None,0,0,0,0,0.5794,0.4364,0.625,0.000,0
1.50,Negin,AUIT_Multi,CBA,0.875,1.743,0.782,3.2,0.4,0.644,1.744,1.370,1.051,1.514,0.916,World,CabinetD05Door,24.7,62.9,0.632,0.319,0,0,None,None,1,0,0,0,0.7467,0.4270,0.652,0.000,0
1.61,Negin,AUIT_Multi,CBA,0.873,1.743,0.778,2.3,0.2,0.609,1.744,1.438,1.031,1.554,0.940,World,CabinetD05,24.1,55.1,0.711,0.295,0,0,None,None,1,0,0,0,0.6853,0.4565,0.680,0.000,0
1.71,Negin,AUIT_Multi,CBA,0.871,1.743,0.773,1.3,0.2,0.596,1.743,1.436,1.014,1.588,0.960,World,CabinetD05,23.8,47.4,0.717,0.282,0,0,None,None,1,0,0,0,0.1350,0.4461,0.651,0.000,0
1.81,Negin,AUIT_Multi,CBA,0.869,1.744,0.769,0.4,0.1,0.580,1.744,1.433,0.997,1.622,0.983,World,CabinetD05,23.9,39.2,0.724,0.277,0,0,None,None,1,0,0,0,0.1728,0.4600,0.625,0.000,0
1.91,Negin,AUIT_Multi,CBA,0.866,1.744,0.767,359.7,0.1,0.564,1.744,1.432,0.981,1.657,1.008,World,CabinetD05,24.1,31.0,0.730,0.281,0,0,None,None,1,0,0,0,0.1584,0.4672,0.601,0.000,0
2.00,Negin,AUIT_Multi,CBA,0.860,1.744,0.766,359.5,0.4,0.560,1.744,1.431,0.965,1.692,1.037,World,CabinetD05,23.8,23.7,0.730,0.295,0,0,None,None,1,1,0,0,0.0471,0.4907,0.568,0.000,0
2.11,Negin,AUIT_Multi,CBA,0.850,1.743,0.765,359.4,0.3,0.560,1.743,1.431,0.970,1.730,1.104,World,CabinetD05,23.0,20.1,0.726,0.359,0,0,None,None,1,1,0,0,0.0057,0.6943,0.525,0.000,0
2.21,Negin,AUIT_Multi,CBA,0.840,1.743,0.765,359.8,0.1,0.591,1.743,1.421,0.951,1.730,1.074,World,CabinetD05,20.6,20.0,0.702,0.329,0,0,None,None,1,1,0,0,0.3357,0.3584,0.500,0.000,0
2.31,Negin,AUIT_Multi,CBA,0.829,1.743,0.764,0.1,359.5,0.619,1.743,1.412,0.945,1.731,1.068,World,Quad,18.1,20.9,0.681,0.326,0,0,None,None,1,1,0,0,0.2966,0.0861,0.474,0.000,0
2.41,Negin,AUIT_Multi,CBA,0.817,1.743,0.763,0.3,358.9,0.640,1.743,1.402,0.942,1.731,1.062,World,Quad,15.8,22.6,0.663,0.324,0,0,None,None,1,1,0,0,0.2438,0.0726,0.455,0.000,0
2.50,Negin,AUIT_Multi,CBA,0.807,1.742,0.764,1.3,358.0,0.664,1.743,1.393,0.940,1.732,1.058,World,Quad,14.2,23.3,0.645,0.323,0,0,None,None,1,1,0,0,0.2575,0.0479,0.434,0.000,0
2.60,Negin,AUIT_Multi,CBA,0.798,1.740,0.765,3.0,357.5,0.692,1.743,1.383,0.936,1.733,1.052,World,Quad,12.9,23.1,0.628,0.319,0,0,None,None,1,1,0,0,0.3125,0.0743,0.412,0.000,0
2.71,Negin,AUIT_Multi,CBA,0.790,1.739,0.767,6.0,357.5,0.731,1.742,1.373,0.933,1.733,1.045,World,Quad,11.8,21.3,0.609,0.312,0,0,None,None,1,1,0,0,0.3579,0.0726,0.385,0.000,0
2.81,Negin,AUIT_Multi,CBA,0.785,1.739,0.768,8.9,358.1,0.765,1.742,1.364,0.930,1.734,1.041,World,Quad,11.0,19.3,0.596,0.309,0,0,None,None,1,1,0,0,0.3682,0.0504,0.363,0.000,0
2.91,Negin,AUIT_Multi,CBA,0.781,1.740,0.769,12.0,357.3,0.802,1.742,1.354,0.927,1.735,1.035,World,Quad,10.3,17.2,0.585,0.303,0,0,None,None,1,1,0,0,0.3870,0.0695,0.343,0.000,0
3.00,Negin,AUIT_Multi,CBA,0.777,1.741,0.773,15.0,357.0,0.838,1.742,1.345,0.924,1.736,1.030,World,Quad,9.4,15.3,0.575,0.295,0,0,None,None,1,1,0,0,0.3821,0.0616,0.327,0.000,0
3.10,Negin,AUIT_Multi,CBA,0.774,1.742,0.777,17.3,357.4,0.870,1.742,1.336,0.923,1.737,1.024,World,Quad,8.0,14.2,0.567,0.289,0,0,None,None,1,1,0,0,0.3392,0.0553,0.316,0.000,0
3.21,Negin,AUIT_Multi,CBA,0.771,1.741,0.778,19.2,357.6,0.814,1.742,1.422,1.072,1.741,1.231,World,Quad,15.6,14.5,0.646,0.544,0,0,None,None,1,1,0,0,0.9247,2.2944,0.321,0.000,0
3.31,Negin,AUIT_Multi,CBA,0.769,1.739,0.776,20.4,358.7,0.809,1.741,1.424,1.153,1.741,1.311,World,Quad,16.9,15.3,0.649,0.658,0,0,None,None,1,1,0,0,0.0558,1.1698,0.362,0.000,0
3.41,Negin,AUIT_Multi,CBA,0.766,1.737,0.773,20.7,359.3,0.809,1.739,1.425,1.191,1.739,1.333,World,Quad,17.0,16.5,0.654,0.702,0,0,None,None,1,1,0,0,0.0265,0.4536,0.393,0.000,0
3.50,Negin,AUIT_Multi,CBA,0.763,1.736,0.770,20.6,359.5,0.808,1.737,1.425,1.198,1.737,1.335,World,Quad,16.6,17.0,0.657,0.714,0,0,None,None,1,1,0,0,0.0195,0.0781,0.400,0.000,0
3.60,Negin,AUIT_Multi,CBA,0.758,1.735,0.766,20.2,359.4,0.801,1.736,1.426,1.198,1.736,1.335,World,Quad,16.5,17.6,0.661,0.719,0,0,None,None,1,1,0,0,0.0821,0.0110,0.408,0.000,0
3.71,Negin,AUIT_Multi,CBA,0.753,1.734,0.764,19.5,358.9,0.782,1.735,1.426,1.198,1.735,1.335,World,Quad,17.0,18.5,0.662,0.724,0,0,None,None,1,1,0,0,0.1678,0.0082,0.426,0.000,0
3.81,Negin,AUIT_Multi,CBA,0.750,1.734,0.764,19.1,358.7,0.764,1.734,1.425,1.198,1.734,1.335,World,Quad,18.0,19.0,0.661,0.725,0,0,None,None,1,1,0,0,0.1864,0.0065,0.443,0.000,0
3.91,Negin,AUIT_Multi,CBA,0.748,1.733,0.765,18.7,358.7,0.750,1.734,1.425,1.198,1.734,1.335,World,CabinetD05Door,18.5,19.7,0.660,0.726,0,0,None,None,1,1,0,0,0.1442,0.0075,0.457,0.000,0
4.00,Negin,AUIT_Multi,CBA,0.746,1.730,0.767,18.1,359.2,0.735,1.732,1.426,1.198,1.732,1.335,World,CabinetD05,19.1,20.4,0.659,0.726,0,0,None,None,1,1,0,0,0.1542,0.0158,0.472,0.000,0
4.10,Negin,AUIT_Multi,CBA,0.744,1.729,0.770,16.5,359.5,0.713,1.730,1.426,1.198,1.730,1.335,World,CabinetD05,19.2,22.3,0.657,0.725,0,0,None,None,1,1,0,0,0.2269,0.0191,0.494,0.000,0
4.21,Negin,AUIT_Multi,CBA,0.739,1.729,0.773,14.2,359.8,0.661,1.729,1.428,1.198,1.729,1.336,World,CabinetD05,21.0,25.0,0.660,0.726,0,0,None,None,1,0,0,0,0.4648,0.0104,0.545,0.000,0
4.31,Negin,AUIT_Multi,CBA,0.736,1.729,0.777,12.8,359.6,0.617,1.729,1.434,1.186,1.729,1.332,World,CabinetD05,23.1,26.2,0.667,0.714,0,0,None,None,1,0,0,0,0.4638,0.1379,0.578,0.000,0
4.41,Negin,AUIT_Multi,CBA,0.734,1.729,0.780,12.3,359.5,0.595,1.729,1.434,1.116,1.729,1.267,World,CabinetD05,24.3,25.8,0.668,0.619,0,0,None,None,1,0,0,0,0.2178,0.9747,0.547,0.000,0
4.50,Negin,AUIT_Multi,CBA,0.733,1.730,0.783,11.9,359.5,0.587,1.730,1.434,1.090,1.730,1.248,World,CabinetD05,24.5,25.7,0.667,0.586,0,0,None,None,1,0,0,0,0.0857,0.3331,0.536,0.000,0
4.60,Negin,AUIT_Multi,CBA,0.732,1.730,0.786,10.0,359.7,0.577,1.730,1.434,1.074,1.730,1.244,World,CabinetD05,23.4,26.7,0.666,0.572,0,0,None,None,1,0,0,0,0.1083,0.1737,0.532,0.000,0
4.71,Negin,AUIT_Multi,CBA,0.732,1.731,0.786,6.4,359.8,0.547,1.730,1.434,1.042,1.730,1.243,World,CabinetD05,22.3,27.8,0.673,0.552,0,0,None,None,1,0,0,0,0.2630,0.2874,0.530,0.000,0
4.81,Negin,AUIT_Multi,CBA,0.734,1.733,0.784,1.4,359.3,0.504,1.731,1.435,1.012,1.731,1.258,World,CabinetD05,20.9,29.0,0.690,0.549,0,0,None,None,1,0,0,0,0.4429,0.3425,0.538,0.000,0
4.91,Negin,AUIT_Multi,CBA,0.738,1.736,0.782,354.9,358.4,0.439,1.733,1.430,1.003,1.733,1.355,World,Wall4m,19.7,30.0,0.714,0.632,0,0,None,None,1,0,0,0,0.6682,1.0048,0.569,0.000,0
5.00,Negin,AUIT_Multi,CBA,0.746,1.738,0.778,348.6,357.7,0.404,1.736,1.349,0.999,1.736,1.545,World,CabinetD06,19.7,29.7,0.666,0.808,0,0,None,None,1,0,0,0,0.9181,1.9591,0.627,0.000,0
5.10,Negin,AUIT_Multi,CBA,0.759,1.739,0.773,342.6,358.6,0.377,1.738,1.272,0.942,1.738,1.624,World,CabinetD06,20.0,29.6,0.629,0.871,0,0,None,None,1,0,0,0,0.8387,1.0033,0.666,0.000,0
5.21,Negin,AUIT_Multi,CBA,0.777,1.741,0.766,337.4,359.5,0.341,1.739,1.216,0.874,1.739,1.615,World,CabinetD06,21.5,29.1,0.626,0.855,0,0,None,None,1,0,0,0,0.6003,0.6162,0.666,0.000,0
5.31,Negin,AUIT_Multi,CBA,0.794,1.742,0.762,334.4,359.3,0.316,1.741,1.187,0.853,1.741,1.555,World,CabinetD06,22.8,29.9,0.640,0.795,0,0,None,None,1,0,0,0,0.3926,0.6569,0.651,0.000,0
5.41,Negin,AUIT_Multi,CBA,0.811,1.743,0.760,331.5,358.8,0.305,1.742,1.161,0.833,1.742,1.495,World,CabinetD06,23.2,30.2,0.646,0.736,0,0,None,None,1,0,0,0,0.2890,0.6469,0.625,0.000,0
5.50,Negin,AUIT_Multi,CBA,0.828,1.744,0.762,329.3,357.7,0.296,1.743,1.141,0.814,1.743,1.435,World,CabinetD06,24.0,29.6,0.653,0.673,0,0,None,None,1,0,0,0,0.2276,0.6462,0.596,0.000,0
5.60,Negin,AUIT_Multi,CBA,0.843,1.745,0.767,328.3,356.8,0.293,1.745,1.129,0.798,1.744,1.375,World,CabinetD06,25.2,27.6,0.658,0.609,0,0,None,None,0,0,0,0,0.1274,0.6430,0.561,0.000,0
5.71,Negin,AUIT_Multi,CBA,0.859,1.745,0.775,327.8,355.9,0.301,1.745,1.127,0.781,1.745,1.307,World,CabinetD06,25.9,24.2,0.659,0.537,0,0,None,None,0,1,0,0,0.0727,0.6282,0.513,0.000,0
5.81,Negin,AUIT_Multi,CBA,0.870,1.749,0.782,327.6,354.5,0.310,1.746,1.131,0.767,1.747,1.247,World,CabinetD06,26.2,20.8,0.659,0.476,0,0,None,None,0,1,0,0,0.1018,0.6334,0.471,0.000,0
5.91,Negin,AUIT_Multi,CBA,0.878,1.752,0.784,327.5,353.7,0.317,1.749,1.135,0.753,1.748,1.186,World,CabinetD06,26.2,16.6,0.661,0.421,0,0,None,None,0,1,0,0,0.0918,0.6451,0.438,0.000,0
6.00,Negin,AUIT_Multi,CBA,0.882,1.753,0.782,326.7,353.3,0.320,1.752,1.137,0.736,1.749,1.127,World,CabinetD06,25.2,12.7,0.664,0.374,0,0,None,None,0,1,0,0,0.0439,0.6344,0.416,0.000,0
6.10,Negin,AUIT_Multi,CBA,0.880,1.755,0.773,324.4,352.1,0.321,1.753,1.137,0.711,1.751,1.067,World,CabinetD06,22.7,10.3,0.667,0.340,0,0,None,None,1,1,0,0,0.0179,0.6648,0.396,0.000,0
6.21,Negin,AUIT_Multi,CBA,0.868,1.758,0.750,315.4,350.5,0.318,1.756,1.136,0.593,1.754,1.336,World,Quad,14.2,21.7,0.671,0.646,0,0,None,None,1,1,0,0,0.0342,2.6355,0.340,0.000,0
6.31,Negin,AUIT_Multi,CBA,0.848,1.758,0.717,297.9,351.0,0.104,1.758,1.009,0.423,1.758,1.604,World,Quad,11.0,37.5,0.800,0.984,0,0,None,None,1,0,0,0,2.5591,3.2692,0.675,0.000,0
6.41,Negin,AUIT_Multi,CBA,0.833,1.755,0.677,279.9,355.0,0.021,1.757,0.723,0.235,1.757,1.451,World,Quad,8.2,42.7,0.813,0.978,0,0,None,None,1,0,1,0,3.0619,2.4978,0.759,0.000,0
6.50,Negin,AUIT_Multi,CBA,0.824,1.751,0.636,264.2,357.5,-0.030,1.754,0.407,-0.101,1.754,1.271,World,Quad,9.5,40.3,0.885,1.122,0,0,None,None,1,0,1,0,3.2949,3.9148,0.867,0.000,0
6.60,Negin,AUIT_Multi,CBA,0.819,1.745,0.600,251.9,1.1,0.007,1.750,0.122,-0.186,1.750,0.970,World,Quad,12.4,38.3,0.942,1.071,0,0,None,None,1,0,1,0,2.9357,3.2004,0.869,0.000,0
6.71,Negin,AUIT_Multi,CBA,0.809,1.740,0.565,244.5,4.1,0.021,1.745,-0.195,-0.281,1.745,0.700,World,Quad,18.9,32.8,1.095,1.099,0,0,None,None,1,0,1,0,2.8691,2.5864,0.945,0.000,0
6.81,Negin,AUIT_Multi,CBA,0.797,1.737,0.538,242.4,6.1,0.049,1.740,-0.350,-0.203,1.743,0.667,World,Refrigerator03,23.2,35.4,1.161,1.008,0,0,None,None,1,0,1,0,1.6211,0.8738,1.048,0.000,0
6.91,Negin,AUIT_Multi,CBA,0.782,1.733,0.512,242.5,7.5,0.062,1.736,-0.412,-0.130,1.742,0.638,World,Refrigerator03,25.6,36.1,1.172,0.921,0,0,None,None,0,0,0,0,0.6496,0.8073,1.067,0.000,0
7.00,Negin,AUIT_Multi,CBA,0.766,1.729,0.487,243.7,9.0,0.047,1.733,-0.435,-0.058,1.741,0.612,World,Refrigerator03,27.3,36.1,1.170,0.834,0,0,None,None,0,0,0,0,0.2828,0.7872,1.052,0.000,0
7.10,Negin,AUIT_Multi,CBA,0.751,1.725,0.462,245.9,10.6,0.059,1.729,-0.385,0.015,1.739,0.590,World,Refrigerator03,28.7,35.7,1.093,0.747,0,0,None,None,0,0,0,0,0.5328,0.7831,0.976,0.000,0
7.21,Negin,AUIT_Multi,CBA,0.732,1.721,0.435,247.9,12.5,0.042,1.724,-0.343,0.098,1.738,0.565,World,Refrigerator03,29.1,36.2,1.040,0.647,0,0,None,None,0,0,0,0,0.4048,0.7851,0.910,0.000,0
7.31,Negin,AUIT_Multi,CBA,0.713,1.722,0.415,249.0,13.0,0.025,1.721,-0.324,0.169,1.737,0.540,World,Refrigerator03,28.8,36.7,1.010,0.559,0,0,None,None,0,0,0,0,0.2742,0.7749,0.876,0.000,0
7.41,Negin,AUIT_Multi,CBA,0.691,1.725,0.399,249.4,12.9,0.011,1.723,-0.312,0.242,1.737,0.515,World,Refrigerator03,28.5,37.6,0.984,0.464,0,0,None,None,0,0,0,0,0.1827,0.7924,0.859,0.000,0
7.50,Negin,AUIT_Multi,CBA,0.667,1.726,0.389,250.0,12.7,0.001,1.724,-0.301,0.313,1.736,0.490,World,Refrigerator03,28.7,38.4,0.959,0.368,0,0,None,None,0,0,0,0,0.1550,0.7778,0.850,0.000,0
7.60,Negin,AUIT_Multi,CBA,0.639,1.727,0.383,250.2,11.4,-0.007,1.726,-0.282,0.385,1.736,0.465,World,Refrigerator03,28.2,39.8,0.927,0.268,0,0,None,None,0,0,0,0,0.2128,0.7757,0.844,0.000,0
7.71,Negin,AUIT_Multi,CBA,0.604,1.726,0.384,249.1,10.0,-0.016,1.727,-0.267,0.471,1.735,0.435,World,Refrigerator03,27.2,43.8,0.899,0.143,0,0,None,None,0,0,0,0,0.1614,0.8201,0.854,0.000,0
7.81,Negin,AUIT_Multi,CBA,0.569,1.732,0.389,247.2,7.4,-0.021,1.727,-0.263,0.218,1.730,0.428,World,Refrigerator03,26.0,29.8,0.880,0.353,0,0,None,None,0,0,0,0,0.0603,2.6007,0.731,0.000,0
7.91,Negin,AUIT_Multi,CBA,0.534,1.735,0.395,246.3,4.4,-0.023,1.732,-0.256,0.213,1.728,0.412,World,Refrigerator03,26.1,26.8,0.856,0.321,0,0,None,None,0,0,0,0,0.0897,0.1734,0.708,0.000,0
8.00,Negin,AUIT_Multi,CBA,0.504,1.737,0.400,245.6,3.6,-0.025,1.735,-0.239,0.214,1.725,0.397,World,Refrigerator03,26.2,23.8,0.830,0.291,0,0,None,None,0,1,0,0,0.1848,0.1521,0.680,0.000,0
8.11,Negin,AUIT_Multi,CBA,0.484,1.737,0.408,246.7,4.2,-0.031,1.737,-0.211,0.212,1.721,0.384,World,Refrigerator03,27.2,18.4,0.805,0.274,0,0,None,None,0,1,0,0,0.2603,0.1252,0.643,0.000,0
8.21,Negin,AUIT_Multi,CBA,0.480,1.736,0.415,248.7,5.5,-0.038,1.736,-0.171,0.211,1.718,0.376,World,Refrigerator03,27.8,13.2,0.781,0.272,0,0,None,None,0,1,0,0,0.4116,0.0901,0.601,0.000,0
8.31,Negin,AUIT_Multi,CBA,0.489,1.739,0.422,252.6,5.3,-0.047,1.737,-0.125,0.207,1.715,0.372,World,Refrigerator03,28.6,7.3,0.766,0.288,0,0,None,None,0,1,0,0,0.4775,0.0663,0.559,0.000,0
8.41,Negin,AUIT_Multi,CBA,0.509,1.742,0.427,256.9,4.5,-0.055,1.740,-0.068,0.205,1.712,0.370,World,Refrigerator03,28.5,2.7,0.751,0.311,0,0,None,None,0,1,0,0,0.6010,0.0352,0.511,0.000,0
8.50,Negin,AUIT_Multi,CBA,0.539,1.742,0.428,261.1,4.7,-0.058,1.742,-0.016,0.204,1.709,0.368,World,Refrigerator03,28.0,1.5,0.744,0.342,0,0,None,None,0,1,0,0,0.5412,0.0400,0.466,0.000,0
8.61,Negin,AUIT_Multi,CBA,0.580,1.739,0.425,265.3,4.5,-0.063,1.741,0.032,0.216,1.705,0.362,World,Refrigerator03,27.1,5.1,0.755,0.372,0,0,None,None,0,1,0,0,0.4260,0.1219,0.434,0.000,0
8.71,Negin,AUIT_Multi,CBA,0.616,1.736,0.418,267.5,4.0,-0.061,1.738,0.055,0.218,1.701,0.355,World,Refrigerator03,26.1,6.6,0.768,0.405,0,0,None,None,0,1,0,0,0.2434,0.0907,0.411,0.000,0
8.81,Negin,AUIT_Multi,CBA,0.646,1.731,0.415,272.1,3.9,-0.049,1.735,0.082,0.082,1.710,0.491,World,Refrigerator03,28.0,5.9,0.770,0.569,0,0,None,None,0,1,0,0,0.3080,1.9787,0.431,0.000,0
8.91,Negin,AUIT_Multi,CBA,0.670,1.731,0.417,278.7,4.5,-0.024,1.733,0.128,0.098,1.709,0.504,World,Refrigerator03,31.6,2.3,0.752,0.579,0,0,None,None,0,1,0,0,0.5377,0.2105,0.396,0.000,0
9.00,Negin,AUIT_Multi,CBA,0.691,1.734,0.421,284.2,4.3,0.004,1.731,0.176,0.106,1.708,0.526,World,Refrigerator03,34.1,4.4,0.730,0.594,0,0,None,None,0,1,0,0,0.5650,0.2420,0.366,0.000,0
9.11,Negin,AUIT_Multi,CBA,0.713,1.737,0.429,290.2,3.4,0.035,1.729,0.229,0.139,1.707,0.534,World,Refrigerator03_Door01,36.7,9.8,0.707,0.584,0,0,None,None,0,1,0,0,0.5583,0.3007,0.323,0.000,0
9.21,Negin,AUIT_Multi,CBA,0.732,1.739,0.439,295.7,3.2,0.062,1.727,0.276,0.166,1.706,0.542,World,Refrigerator03_Door01,39.4,15.4,0.690,0.576,0,0,None,None,0,1,0,0,0.5535,0.2942,0.287,0.000,0
9.31,Negin,AUIT_Multi,CBA,0.755,1.739,0.459,306.6,3.5,0.093,1.725,0.333,0.220,1.705,0.536,World,Refrigerator03_Door01,47.3,28.3,0.674,0.541,0,0,None,None,0,0,0,0,0.6774,0.5593,0.240,0.845,0
9.41,Negin,AUIT_Multi,CBA,0.792,1.737,0.493,327.2,4.9,0.132,1.723,0.414,0.280,1.703,0.576,World,CabinetD06Door,64.0,47.8,0.665,0.519,0,0,None,None,0,0,0,0,0.9172,0.7396,0.221,1.000,0
9.50,Negin,AUIT_Multi,CBA,0.834,1.734,0.522,347.4,6.0,0.205,1.720,0.485,0.371,1.701,0.573,World,CabinetD06,80.7,70.8,0.630,0.467,0,0,None,None,0,0,0,0,1.0500,0.9340,0.189,0.000,0
9.61,Negin,AUIT_Multi,CBA,0.874,1.733,0.550,359.4,6.9,0.256,1.717,0.577,0.423,1.699,0.509,World,CabinetD05,86.8,94.1,0.619,0.455,0,0,None,None,0,0,0,0,0.9514,0.7444,0.182,0.000,0
9.71,Negin,AUIT_Multi,CBA,0.899,1.733,0.575,2.4,7.0,0.302,1.715,0.618,0.454,1.698,0.504,World,CabinetD05,88.1,100.9,0.599,0.452,0,0,None,None,0,0,0,0,0.6366,0.3224,0.191,0.000,0
9.81,Negin,AUIT_Multi,CBA,0.917,1.732,0.601,2.3,7.1,0.450,1.725,1.128,0.848,1.714,0.884,World,CabinetD05,44.1,16.2,0.704,0.292,0,0,None,None,0,1,0,0,5.4642,5.6378,0.467,0.000,0
9.91,Negin,AUIT_Multi,CBA,0.932,1.732,0.626,2.6,7.4,0.557,1.731,1.390,0.851,1.714,0.861,World,CabinetD05,29.6,21.9,0.851,0.250,0,0,None,None,0,1,0,0,2.9087,0.2312,0.605,1.000,0
10.00,Negin,AUIT_Multi,CBA,0.945,1.731,0.652,3.0,7.9,0.613,1.731,1.400,0.863,1.715,0.849,World,CabinetD05,28.0,25.6,0.819,0.215,0,0,None,None,0,0,0,0,0.5825,0.1833,0.605,1.000,0
10.11,Negin,AUIT_Multi,CBA,0.958,1.731,0.679,2.9,7.6,0.645,1.731,1.403,0.881,1.716,0.840,World,CabinetD05,27.3,28.6,0.788,0.179,0,0,None,None,0,0,0,0,0.2943,0.1773,0.610,1.000,0
10.21,Negin,AUIT_Multi,CBA,0.968,1.730,0.703,2.6,7.2,0.662,1.731,1.408,0.894,1.716,0.830,World,CabinetD05,26.9,32.7,0.769,0.148,0,0,None,None,0,0,0,0,0.1846,0.1661,0.623,1.000,0
10.31,Negin,AUIT_Multi,CBA,0.974,1.730,0.727,2.4,7.6,0.675,1.730,1.415,0.905,1.717,0.819,World,CabinetD05,26.9,38.7,0.750,0.116,0,0,None,None,0,0,0,0,0.1468,0.1646,0.639,1.000,0
10.41,Negin,AUIT_Multi,CBA,0.976,1.732,0.749,2.0,7.5,0.685,1.731,1.421,0.921,1.718,0.815,World,CabinetD05,26.5,41.8,0.732,0.087,0,0,None,None,0,0,0,0,0.1170,0.1675,0.651,1.000,0
10.50,Negin,AUIT_Multi,CBA,0.975,1.732,0.772,2.6,7.3,0.690,1.731,1.427,0.929,1.719,0.800,World,CabinetD05,26.9,60.2,0.714,0.055,0,0,None,None,0,0,0,0,0.0877,0.1757,0.671,0.000,0
10.61,Negin,AUIT_Multi,CBA,0.966,1.731,0.798,4.8,7.1,0.710,1.731,1.434,0.944,1.720,0.787,World,CabinetD05,27.6,114.9,0.685,0.027,0,0,None,None,0,0,0,0,0.1843,0.1797,0.688,0.000,0
10.71,Negin,AUIT_Multi,CBA,0.953,1.727,0.819,7.1,7.1,0.732,1.730,1.439,0.959,1.720,0.777,World,CabinetD05,27.6,158.3,0.658,0.042,0,0,None,None,0,0,0,0,0.2371,0.1787,0.699,1.000,0
10.81,Negin,AUIT_Multi,CBA,0.934,1.728,0.838,9.2,7.3,0.752,1.727,1.444,1.079,1.723,0.970,World,CabinetD05Door,26.9,38.7,0.632,0.196,0,0,None,None,0,0,0,0,0.2111,2.3303,0.575,0.000,0
10.91,Negin,AUIT_Multi,CBA,0.911,1.735,0.857,10.1,5.7,0.760,1.730,1.448,1.102,1.724,1.036,World,Wall4m,25.0,36.9,0.610,0.261,0,0,None,None,1,0,0,0,0.0960,0.7157,0.536,0.000,0
11.00,Negin,AUIT_Multi,CBA,0.887,1.737,0.875,10.1,4.8,0.749,1.735,1.453,1.087,1.725,1.039,World,CabinetD05,24.0,40.4,0.595,0.259,0,0,None,None,1,0,0,0,0.1328,0.1570,0.535,0.000,0
11.10,Negin,AUIT_Multi,CBA,0.865,1.738,0.891,11.1,4.4,0.732,1.737,1.458,1.073,1.725,1.043,World,CabinetD05,24.6,42.7,0.582,0.258,0,0,None,None,1,0,0,0,0.1784,0.1456,0.537,0.000,0
11.21,Negin,AUIT_Multi,CBA,0.845,1.736,0.909,14.2,4.3,0.729,1.738,1.462,1.063,1.725,1.047,World,CabinetD05,26.4,43.3,0.565,0.259,0,0,None,None,0,0,0,0,0.0504,0.1033,0.532,0.000,0
11.31,Negin,AUIT_Multi,CBA,0.835,1.736,0.923,18.0,5.7,0.745,1.736,1.466,1.058,1.725,1.052,World,CabinetD05Door,28.0,41.8,0.550,0.258,0,0,None,None,0,0,0,0,0.1713,0.0697,0.518,0.000,0
11.41,Negin,AUIT_Multi,CBA,0.831,1.736,0.935,21.4,5.8,0.772,1.736,1.469,1.055,1.725,1.056,World,CabinetD05Door,28.3,40.1,0.537,0.255,0,0,None,None,0,0,0,0,0.2767,0.0560,0.500,0.000,0
11.50,Negin,AUIT_Multi,CBA,0.832,1.735,0.945,24.1,5.4,0.799,1.736,1.472,1.052,1.725,1.062,World,CabinetD05Door,28.1,38.1,0.527,0.249,0,0,None,None,0,0,0,0,0.2839,0.0605,0.482,0.000,0
11.60,Negin,AUIT_Multi,CBA,0.839,1.737,0.950,28.4,4.3,0.830,1.736,1.472,1.053,1.725,1.066,World,CabinetD05Door,29.6,33.2,0.521,0.244,0,0,None,None,0,0,0,0,0.3196,0.0460,0.463,0.000,0
11.71,Negin,AUIT_Multi,CBA,0.848,1.738,0.953,33.1,3.7,0.871,1.737,1.353,1.063,1.725,1.071,World,CabinetD05Door,30.1,27.8,0.401,0.245,0,0,None,None,0,0,0,0,1.1268,0.0989,0.341,0.000,0
11.81,Negin,AUIT_Multi,CBA,0.856,1.738,0.955,35.6,3.5,0.898,1.738,1.298,1.068,1.726,1.076,World,CabinetDCorner02,28.9,24.6,0.346,0.244,0,0,None,None,0,1,0,0,0.6273,0.0723,0.280,0.000,0
11.91,Negin,AUIT_Multi,CBA,0.862,1.738,0.958,36.3,3.1,0.916,1.738,1.278,1.293,1.731,1.203,World,CabinetDCorner02,26.8,24.2,0.325,0.496,0,0,None,None,0,1,0,0,0.2778,2.6607,0.384,0.000,0
12.00,Negin,AUIT_Multi,CBA,0.866,1.738,0.961,35.7,2.8,0.933,1.738,1.268,1.261,1.731,1.191,World,CabinetDCorner02,23.6,24.1,0.315,0.457,0,0,None,None,1,1,0,0,0.2031,0.3470,0.337,0.000,0
12.10,Negin,AUIT_Multi,CBA,0.870,1.739,0.962,34.9,2.4,0.950,1.738,1.264,1.231,1.731,1.179,World,CabinetDCorner02,20.2,24.2,0.312,0.421,0,0,None,None,1,1,0,0,0.1798,0.3361,0.294,0.000,0
12.21,Negin,AUIT_Multi,CBA,0.875,1.739,0.961,35.1,1.9,0.969,1.738,1.250,1.198,1.731,1.165,World,Quad,17.0,22.6,0.304,0.382,0,0,None,None,1,1,0,0,0.2142,0.3217,0.244,0.000,0
12.31,Negin,AUIT_Multi,CBA,0.878,1.740,0.961,35.1,1.7,0.987,1.738,1.238,1.167,1.731,1.153,World,Quad,13.7,21.3,0.298,0.348,0,0,None,None,1,1,0,0,0.2152,0.3366,0.200,0.000,0
12.41,Negin,AUIT_Multi,CBA,0.881,1.740,0.960,34.6,1.6,1.004,1.738,1.229,1.135,1.731,1.141,World,Quad,10.0,20.0,0.296,0.313,0,0,None,None,1,1,0,0,0.2037,0.3542,0.158,0.000,0
12.50,Negin,AUIT_Multi,CBA,0.882,1.740,0.958,33.9,1.8,1.022,1.738,1.219,1.101,1.731,1.128,World,Quad,6.0,18.4,0.296,0.277,0,0,None,None,1,1,0,0,0.2020,0.3740,0.122,0.000,0
12.60,Negin,AUIT_Multi,CBA,0.883,1.739,0.957,33.5,1.8,1.039,1.738,1.210,1.069,1.731,1.116,World,Quad,2.5,15.8,0.297,0.245,0,0,None,None,1,1,0,0,0.2037,0.3555,0.098,1.000,0
12.71,Negin,AUIT_Multi,CBA,0.884,1.739,0.955,33.2,2.0,1.058,1.738,1.200,1.037,1.731,1.104,World,Quad,2.8,12.6,0.300,0.213,0,0,None,None,1,1,0,0,0.1944,0.3067,0.098,1.000,0
12.81,Negin,AUIT_Multi,CBA,0.884,1.739,0.955,32.6,2.2,1.105,1.738,1.200,0.976,1.731,1.095,World,Quad,9.6,0.8,0.330,0.168,0,0,None,None,1,1,0,0,0.4798,0.6350,0.166,1.000,0
12.91,Negin,AUIT_Multi,CBA,0.885,1.739,0.955,31.8,2.5,1.180,1.739,1.238,1.005,1.736,1.307,World,Quad,14.7,13.1,0.409,0.372,0,0,None,None,1,1,0,0,0.8685,2.2019,0.189,0.000,0
13.00,Negin,AUIT_Multi,CBA,0.885,1.738,0.956,31.1,3.0,1.169,1.739,1.223,1.017,1.738,1.393,World,Quad,15.9,14.6,0.390,0.456,0,0,None,None,1,1,0,0,0.1903,0.8863,0.228,0.000,0
13.10,Negin,AUIT_Multi,CBA,0.886,1.738,0.957,30.1,3.3,1.169,1.738,1.223,1.018,1.738,1.448,World,Quad,17.0,15.4,0.388,0.508,0,0,None,None,1,1,0,0,0.0058,0.5679,0.271,0.000,0
13.21,Negin,AUIT_Multi,CBA,0.886,1.738,0.958,29.2,3.6,1.164,1.738,1.219,1.018,1.738,1.534,World,Quad,18.0,16.7,0.381,0.590,0,0,None,None,1,1,0,0,0.0504,0.7748,0.347,0.000,0
13.31,Negin,AUIT_Multi,CBA,0.887,1.738,0.960,28.7,3.7,1.161,1.738,1.216,1.018,1.738,1.605,World,Quad,18.6,17.7,0.376,0.658,0,0,None,None,1,1,0,0,0.0424,0.7273,0.414,0.000,0
13.41,Negin,AUIT_Multi,CBA,0.888,1.739,0.961,28.5,3.8,1.170,1.738,1.224,1.014,1.738,1.637,World,Quad,18.8,18.4,0.385,0.688,0,0,None,None,1,1,0,0,0.1144,0.3392,0.442,0.000,0
13.50,Negin,AUIT_Multi,CBA,0.890,1.739,0.963,28.2,3.9,1.170,1.739,1.224,1.009,1.739,1.643,World,CabinetD05Door,19.2,18.7,0.383,0.690,0,0,None,None,1,1,0,0,0.0076,0.0792,0.449,0.000,0
13.60,Negin,AUIT_Multi,CBA,0.891,1.738,0.964,27.7,4.2,1.167,1.738,1.221,1.000,1.738,1.643,World,CabinetD05Door,19.7,19.0,0.377,0.688,0,0,None,None,1,1,0,0,0.0478,0.0896,0.454,0.000,0
13.71,Negin,AUIT_Multi,CBA,0.892,1.738,0.966,27.6,4.3,1.172,1.738,1.226,0.992,1.738,1.643,World,CabinetD05Door,19.9,19.7,0.382,0.685,0,0,None,None,1,1,0,0,0.0650,0.0730,0.454,0.000,0
13.81,Negin,AUIT_Multi,CBA,0.894,1.738,0.968,27.4,4.4,1.169,1.738,1.223,0.989,1.738,1.643,World,CabinetD05Door,20.2,19.9,0.375,0.682,0,0,None,None,1,1,0,0,0.0478,0.0298,0.457,0.000,0
13.91,Negin,AUIT_Multi,CBA,0.894,1.737,0.969,27.0,4.4,1.176,1.738,1.229,0.984,1.738,1.643,World,CabinetD05Door,20.7,19.9,0.383,0.680,0,0,None,None,1,1,0,0,0.0960,0.0569,0.456,0.000,0
14.00,Negin,AUIT_Multi,CBA,0.895,1.737,0.970,26.4,4.5,1.178,1.737,1.231,0.973,1.737,1.643,World,CabinetD05Door,21.3,20.3,0.385,0.678,0,0,None,None,1,1,0,0,0.0301,0.1130,0.460,0.000,0
14.11,Negin,AUIT_Multi,CBA,0.894,1.735,0.972,25.1,5.3,1.171,1.736,1.225,0.953,1.736,1.643,World,CabinetD05Door,23.1,20.7,0.375,0.674,0,0,None,None,1,1,0,0,0.0870,0.1783,0.472,0.000,0
14.21,Negin,AUIT_Multi,CBA,0.892,1.734,0.973,23.0,6.1,1.176,1.735,1.230,0.916,1.735,1.643,World,CabinetD05Door,25.6,21.9,0.382,0.670,0,0,None,None,0,1,0,0,0.0776,0.3837,0.489,0.000,0
14.31,Negin,AUIT_Multi,CBA,0.890,1.731,0.975,20.8,7.1,1.139,1.733,1.202,0.871,1.733,1.643,World,CabinetD05Door,27.9,23.5,0.337,0.668,0,0,None,None,0,1,0,0,0.4725,0.4603,0.516,0.000,0
14.40,Negin,AUIT_Multi,CBA,0.887,1.729,0.976,18.7,8.2,1.111,1.731,1.193,0.838,1.731,1.643,World,CabinetD05Door,28.5,24.3,0.312,0.669,0,0,None,None,0,1,0,0,0.3047,0.3386,0.527,0.000,0
14.50,Negin,AUIT_Multi,CBA,0.886,1.729,0.977,17.4,8.5,1.094,1.730,1.193,0.813,1.730,1.644,World,CabinetD05Door,27.8,25.1,0.299,0.670,0,0,None,None,0,0,0,0,0.1826,0.2598,0.531,0.000,0
14.61,Negin,AUIT_Multi,CBA,0.886,1.729,0.977,16.9,8.4,1.082,1.729,1.192,0.797,1.729,1.644,World,CabinetD05Door,26.8,25.8,0.291,0.673,0,0,None,None,0,0,0,0,0.1023,0.1424,0.534,0.000,0
14.71,Negin,AUIT_Multi,CBA,0.886,1.729,0.975,16.4,8.2,1.078,1.729,1.191,0.791,1.729,1.644,World,CabinetD05Door,26.5,25.8,0.289,0.675,0,0,None,None,0,0,0,0,0.0406,0.0687,0.536,0.000,0
14.81,Negin,AUIT_Multi,CBA,0.886,1.728,0.973,15.9,8.3,1.076,1.728,1.190,0.785,1.728,1.644,World,CabinetD05Door,26.5,25.8,0.289,0.679,0,0,None,None,0,0,0,0,0.0265,0.0617,0.539,0.000,0
14.90,Negin,AUIT_Multi,CBA,0.886,1.727,0.971,15.5,8.5,1.074,1.728,1.189,0.778,1.728,1.644,World,CabinetD05Door,26.4,26.0,0.288,0.682,0,0,None,None,0,0,0,0,0.0258,0.0645,0.542,0.000,0
15.00,Negin,AUIT_Multi,CBA,0.887,1.728,0.969,15.1,8.2,1.072,1.728,1.188,0.773,1.728,1.644,World,CabinetD05Door,26.3,25.9,0.288,0.684,0,0,None,None,0,0,0,0,0.0160,0.0502,0.545,0.000,0
15.11,Negin,AUIT_Multi,CBA,0.887,1.728,0.967,15.2,8.2,1.072,1.728,1.188,0.770,1.728,1.644,World,CabinetD05Door,26.0,26.2,0.288,0.687,0,0,None,None,0,0,0,0,0.0092,0.0267,0.546,0.000,0
15.21,Negin,AUIT_Multi,CBA,0.887,1.728,0.966,15.7,7.8,1.074,1.728,1.188,0.772,1.728,1.644,World,CabinetD05Door,25.6,26.4,0.290,0.688,0,0,None,None,0,0,0,0,0.0258,0.0160,0.547,0.000,0
15.31,Negin,AUIT_Multi,CBA,0.887,1.729,0.964,16.0,7.5,1.078,1.729,1.188,0.776,1.729,1.644,World,CabinetD05Door,25.6,26.2,0.295,0.689,0,0,None,None,0,0,0,0,0.0407,0.0433,0.547,0.000,0
15.40,Negin,AUIT_Multi,CBA,0.886,1.730,0.962,16.1,7.2,1.081,1.729,1.187,0.779,1.729,1.643,World,CabinetD05Door,25.6,26.0,0.298,0.690,0,0,None,None,0,0,0,0,0.0303,0.0264,0.547,0.000,0
15.50,Negin,AUIT_Multi,CBA,0.885,1.730,0.960,16.2,6.8,1.083,1.729,1.187,0.780,1.729,1.643,World,CabinetD05Door,25.6,25.9,0.301,0.692,0,0,None,None,0,0,0,0,0.0207,0.0106,0.548,0.000,0
15.61,Negin,AUIT_Multi,CBA,0.884,1.731,0.958,16.4,6.0,1.084,1.730,1.187,0.780,1.730,1.643,World,CabinetD05Door,25.5,25.7,0.304,0.693,0,0,None,None,0,0,0,0,0.0131,0.0068,0.549,0.000,0
15.71,Negin,AUIT_Multi,CBA,0.883,1.731,0.958,16.7,5.7,1.085,1.731,1.187,0.781,1.731,1.643,World,CabinetD05Door,25.4,25.8,0.305,0.693,0,0,None,None,0,0,0,0,0.0143,0.0136,0.549,0.000,0
15.81,Negin,AUIT_Multi,CBA,0.882,1.731,0.958,16.7,5.8,1.087,1.731,1.187,0.783,1.731,1.643,World,CabinetD05Door,25.7,25.6,0.307,0.693,0,0,None,None,0,0,0,0,0.0150,0.0189,0.548,0.000,0
15.90,Negin,AUIT_Multi,CBA,0.882,1.731,0.958,16.7,5.9,1.086,1.731,1.187,0.782,1.731,1.643,World,CabinetD05Door,25.8,25.6,0.306,0.692,0,0,None,None,0,0,0,0,0.0081,0.0063,0.548,0.000,0
16.00,Negin,AUIT_Multi,CBA,0.881,1.731,0.960,16.6,5.9,1.085,1.731,1.187,0.781,1.731,1.643,World,CabinetD05Door,25.9,25.6,0.305,0.691,0,0,None,None,0,0,0,0,0.0131,0.0075,0.548,0.000,0
16.11,Negin,AUIT_Multi,CBA,0.880,1.730,0.962,16.3,6.3,1.082,1.731,1.187,0.780,1.731,1.643,World,CabinetD05Door,26.4,25.4,0.302,0.688,0,0,None,None,0,0,0,0,0.0258,0.0161,0.547,0.000,0
16.21,Negin,AUIT_Multi,CBA,0.880,1.730,0.965,16.0,6.7,1.077,1.730,1.187,0.776,1.730,1.643,World,CabinetD05Door,26.4,25.6,0.297,0.687,0,0,None,None,0,0,0,0,0.0490,0.0434,0.547,0.000,0
16.31,Negin,AUIT_Multi,CBA,0.880,1.730,0.967,16.1,6.8,1.074,1.730,1.188,0.773,1.730,1.643,World,CabinetD05Door,26.1,26.0,0.293,0.684,0,0,None,None,0,0,0,0,0.0336,0.0233,0.546,0.000,0
16.40,Negin,AUIT_Multi,CBA,0.880,1.730,0.970,16.2,7.2,1.073,1.730,1.188,0.775,1.730,1.643,World,CabinetD05Door,26.2,26.1,0.291,0.681,0,0,None,None,0,0,0,0,0.0131,0.0169,0.544,0.000,0
16.50,Negin,AUIT_Multi,CBA,0.880,1.729,0.973,16.1,7.5,1.072,1.729,1.189,0.776,1.729,1.644,World,CabinetD05Door,26.5,26.0,0.289,0.679,0,0,None,None,0,0,0,0,0.0183,0.0109,0.542,0.000,0
16.61,Negin,AUIT_Multi,CBA,0.881,1.729,0.976,16.0,7.8,1.069,1.729,1.190,0.775,1.729,1.644,World,CabinetD05Door,26.4,26.1,0.285,0.676,0,0,None,None,0,0,0,0,0.0247,0.0077,0.541,0.000,0
16.71,Negin,AUIT_Multi,CBA,0.882,1.729,0.978,16.1,7.9,1.068,1.729,1.191,0.776,1.729,1.644,World,CabinetD05Door,26.2,26.3,0.283,0.674,0,0,None,None,0,0,0,0,0.0138,0.0072,0.539,0.000,0
16.81,Negin,AUIT_Multi,CBA,0.882,1.729,0.979,16.0,7.9,1.068,1.729,1.191,0.777,1.729,1.644,World,CabinetD05Door,26.3,26.1,0.282,0.673,0,0,None,None,0,0,0,0,0.0053,0.0160,0.538,0.000,0
16.90,Negin,AUIT_Multi,CBA,0.883,1.729,0.980,15.9,8.0,1.067,1.729,1.191,0.777,1.729,1.644,World,CabinetD05Door,26.3,26.1,0.280,0.672,0,0,None,None,0,0,0,0,0.0119,0.0050,0.537,0.000,0
17.00,Negin,AUIT_Multi,CBA,0.883,1.729,0.981,15.9,8.0,1.066,1.729,1.192,0.777,1.729,1.644,World,CabinetD05Door,26.2,26.2,0.279,0.671,0,0,None,None,0,0,0,0,0.0064,0.0022,0.537,0.000,0
17.11,Negin,AUIT_Multi,CBA,0.885,1.728,0.982,15.8,8.1,1.066,1.729,1.192,0.777,1.729,1.644,World,CabinetD05Door,26.2,26.2,0.277,0.671,0,0,None,None,0,0,0,0,0.0032,0.0048,0.536,0.000,0
17.21,Negin,AUIT_Multi,CBA,0.885,1.728,0.982,15.7,8.0,1.066,1.728,1.192,0.777,1.728,1.644,World,CabinetD05Door,26.2,26.2,0.277,0.671,0,0,None,None,0,0,0,0,0.0017,0.0013,0.536,0.000,0
17.31,Negin,AUIT_Multi,CBA,0.886,1.729,0.982,15.7,8.0,1.066,1.728,1.192,0.777,1.728,1.644,World,CabinetD05Door,26.0,26.2,0.276,0.671,0,0,None,None,0,0,0,0,0.0043,0.0026,0.536,0.000,0
17.40,Negin,AUIT_Multi,CBA,0.887,1.730,0.981,15.4,7.5,1.066,1.729,1.192,0.777,1.729,1.644,World,CabinetD05Door,26.1,25.8,0.276,0.672,0,0,None,None,0,0,0,0,0.0036,0.0063,0.537,0.000,0
17.50,Negin,AUIT_Multi,CBA,0.887,1.730,0.980,15.3,7.2,1.066,1.729,1.191,0.775,1.729,1.644,World,CabinetD05Door,25.9,25.8,0.277,0.673,0,0,None,None,0,0,0,0,0.0106,0.0246,0.538,0.000,0
17.61,Negin,AUIT_Multi,CBA,0.887,1.730,0.978,15.2,7.1,1.065,1.730,1.191,0.773,1.730,1.644,World,CabinetD05Door,25.8,25.8,0.277,0.675,0,0,None,None,0,0,0,0,0.0077,0.0121,0.539,0.000,0
17.71,Negin,AUIT_Multi,CBA,0.886,1.730,0.976,15.1,6.9,1.065,1.730,1.190,0.773,1.730,1.644,World,CabinetD05Door,25.6,25.6,0.279,0.677,0,0,None,None,0,0,0,0,0.0070,0.0031,0.539,0.000,0
17.81,Negin,AUIT_Multi,CBA,0.885,1.731,0.974,15.0,6.7,1.064,1.730,1.190,0.772,1.730,1.644,World,CabinetD05Door,25.6,25.4,0.280,0.679,0,0,None,None,0,0,0,0,0.0088,0.0136,0.540,0.000,0
17.90,Negin,AUIT_Multi,CBA,0.884,1.732,0.973,14.7,6.4,1.064,1.731,1.189,0.768,1.731,1.644,World,CabinetD05Door,25.8,25.3,0.281,0.681,0,0,None,None,0,0,0,0,0.0096,0.0407,0.543,0.000,0
18.00,Negin,AUIT_Multi,CBA,0.882,1.732,0.972,14.3,6.1,1.062,1.732,1.189,0.761,1.732,1.644,World,CabinetD05Door,26.1,25.2,0.282,0.683,0,0,None,None,0,0,0,0,0.0207,0.0690,0.546,0.000,0
18.11,Negin,AUIT_Multi,CBA,0.881,1.733,0.972,13.9,6.1,1.058,1.732,1.188,0.754,1.732,1.644,World,CabinetD05Door,26.1,25.3,0.279,0.684,0,0,None,None,0,0,0,0,0.0355,0.0651,0.548,0.000,0
18.21,Negin,AUIT_Multi,CBA,0.880,1.733,0.972,13.5,6.1,1.055,1.733,1.188,0.748,1.733,1.644,World,CabinetD05,26.1,25.3,0.278,0.685,0,0,None,None,0,0,0,0,0.0366,0.0591,0.549,0.000,0
18.31,Negin,AUIT_Multi,CBA,0.879,1.733,0.973,13.1,6.0,1.051,1.733,1.188,0.743,1.733,1.644,World,CabinetD05,26.2,25.3,0.275,0.685,0,0,None,None,0,0,0,0,0.0368,0.0563,0.551,0.000,0
18.40,Negin,AUIT_Multi,CBA,0.878,1.733,0.974,12.8,6.0,1.047,1.733,1.188,0.738,1.733,1.644,World,CabinetD05,26.1,25.4,0.273,0.685,0,0,None,None,0,0,0,0,0.0373,0.0523,0.552,0.000,0
18.50,Negin,AUIT_Multi,CBA,0.878,1.733,0.975,12.7,6.1,1.044,1.733,1.188,0.734,1.733,1.644,World,CabinetD05,26.0,25.5,0.270,0.685,0,0,None,None,0,0,0,0,0.0312,0.0413,0.552,0.000,0
18.61,Negin,AUIT_Multi,CBA,0.877,1.733,0.976,12.6,6.1,1.042,1.733,1.188,0.731,1.733,1.644,World,CabinetD05,26.0,25.6,0.269,0.684,0,0,None,None,0,0,0,0,0.0217,0.0217,0.552,0.000,0
18.71,Negin,AUIT_Multi,CBA,0.877,1.733,0.977,12.5,6.0,1.040,1.733,1.188,0.730,1.733,1.644,World,CabinetD05,25.9,25.6,0.267,0.683,0,0,None,None,0,0,0,0,0.0175,0.0156,0.552,0.000,0
18.81,Negin,AUIT_Multi,CBA,0.877,1.734,0.978,12.4,5.8,1.039,1.733,1.189,0.729,1.733,1.644,World,CabinetD05,25.9,25.5,0.266,0.682,0,0,None,None,0,0,0,0,0.0136,0.0092,0.551,0.000,0
18.90,Negin,AUIT_Multi,CBA,0.876,1.735,0.979,12.1,5.3,1.037,1.734,1.189,0.726,1.734,1.644,World,CabinetD05,25.9,25.2,0.265,0.682,0,0,None,None,0,0,0,0,0.0234,0.0264,0.551,0.000,0
19.00,Negin,AUIT_Multi,CBA,0.874,1.735,0.979,11.8,5.0,1.034,1.735,1.189,0.722,1.735,1.644,World,CabinetD05,25.9,25.1,0.264,0.683,0,0,None,None,0,0,0,0,0.0326,0.0449,0.552,0.000,0
19.11,Negin,AUIT_Multi,CBA,0.872,1.736,0.978,11.5,4.6,1.030,1.736,1.188,0.717,1.736,1.645,World,CabinetD05,25.7,25.1,0.263,0.684,0,0,None,None,0,0,0,0,0.0341,0.0512,0.554,0.000,0
19.21,Negin,AUIT_Multi,CBA,0.871,1.737,0.977,11.6,4.3,1.028,1.736,1.188,0.713,1.736,1.645,World,CabinetD05,25.4,25.3,0.263,0.686,0,0,None,None,0,0,0,0,0.0215,0.0349,0.555,0.000,0
19.31,Negin,AUIT_Multi,CBA,0.869,1.737,0.976,11.7,4.1,1.027,1.737,1.188,0.712,1.737,1.645,World,CabinetD05,25.4,25.2,0.264,0.686,0,0,None,None,0,0,0,0,0.0087,0.0121,0.555,0.000,0
19.41,Negin,AUIT_Multi,CBA,0.867,1.737,0.975,11.7,4.0,1.026,1.737,1.188,0.710,1.737,1.645,World,CabinetD05,25.5,25.1,0.266,0.688,0,0,None,None,0,0,0,0,0.0116,0.0181,0.556,0.000,0
19.50,Negin,AUIT_Multi,CBA,0.864,1.737,0.973,11.6,3.8,1.025,1.737,1.187,0.707,1.737,1.645,World,CabinetD05,25.5,25.0,0.268,0.690,0,0,None,None,0,1,0,0,0.0172,0.0302,0.557,0.000,0
19.61,Negin,AUIT_Multi,CBA,0.860,1.738,0.969,11.5,3.7,1.022,1.737,1.187,0.702,1.737,1.645,World,CabinetD05,25.5,24.9,0.271,0.693,0,0,None,None,0,1,0,0,0.0225,0.0448,0.559,0.000,0
19.71,Negin,AUIT_Multi,CBA,0.856,1.738,0.966,11.2,3.3,1.020,1.738,1.186,0.696,1.738,1.645,World,CabinetD05,25.7,24.6,0.274,0.697,0,0,None,None,0,1,0,0,0.0291,0.0617,0.561,0.000,0
19.81,Negin,AUIT_Multi,CBA,0.850,1.739,0.962,10.8,2.9,1.015,1.738,1.185,0.687,1.738,1.644,World,CabinetD05,25.8,24.4,0.278,0.702,0,0,None,None,0,1,0,0,0.0448,0.0937,0.564,0.000,0
19.91,Negin,AUIT_Multi,CBA,0.843,1.739,0.957,10.5,2.4,1.010,1.739,1.184,0.676,1.739,1.644,World,CabinetD05,25.9,24.2,0.282,0.708,0,0,None,None,0,1,0,0,0.0538,0.1152,0.568,0.000,0
20.00,Negin,AUIT_Multi,CBA,0.835,1.739,0.952,9.9,2.0,1.004,1.739,1.184,0.662,1.739,1.646,World,CabinetD05,26.3,23.9,0.287,0.715,0,0,None,None,0,1,0,0,0.0646,0.1448,0.575,0.000,0
20.11,Negin,AUIT_Multi,CBA,0.823,1.739,0.945,9.3,2.0,0.995,1.739,1.184,0.650,1.739,1.649,World,CabinetD05,26.4,23.2,0.295,0.725,0,0,None,None,0,1,0,0,0.0811,0.1111,0.578,0.000,0
20.21,Negin,AUIT_Multi,CBA,0.811,1.742,0.939,8.4,359.9,0.986,1.740,1.185,0.666,1.739,1.592,World,CabinetD05,26.8,21.0,0.302,0.670,0,0,None,None,0,1,0,0,0.0955,0.6026,0.518,0.000,0
20.31,Negin,AUIT_Multi,CBA,0.798,1.740,0.933,7.2,358.0,0.975,1.741,1.188,0.679,1.739,1.539,World,CabinetD05,27.6,18.4,0.311,0.618,0,0,None,None,0,1,0,0,0.1201,0.5608,0.459,0.000,0
20.41,Negin,AUIT_Multi,CBA,0.782,1.738,0.928,4.1,355.0,0.958,1.740,1.197,0.687,1.739,1.492,World,CabinetD05,29.5,14.5,0.321,0.571,0,0,None,None,0,1,0,0,0.1892,0.4989,0.401,0.000,0
20.50,Negin,AUIT_Multi,CBA,0.770,1.738,0.924,0.9,352.6,0.938,1.738,1.216,0.691,1.739,1.447,World,CabinetD05,29.9,12.0,0.336,0.528,0,0,None,None,0,1,0,0,0.2849,0.4641,0.338,0.000,0
20.60,Negin,AUIT_Multi,CBA,0.763,1.740,0.920,358.9,350.9,0.921,1.739,1.237,0.700,1.739,1.401,World,CabinetD05,29.0,11.1,0.354,0.484,0,0,None,None,0,1,0,0,0.2795,0.4811,0.275,0.000,0
20.71,Negin,AUIT_Multi,CBA,0.759,1.741,0.915,358.3,349.8,0.909,1.740,1.251,0.714,1.739,1.348,World,CabinetD05,27.6,11.2,0.367,0.435,0,0,None,None,0,1,0,0,0.1669,0.4932,0.217,0.000,0
20.81,Negin,AUIT_Multi,CBA,0.758,1.741,0.912,358.8,349.7,0.904,1.741,1.249,0.730,1.739,1.303,World,CabinetD05,26.5,10.9,0.367,0.392,0,0,None,None,0,1,0,0,0.0479,0.4909,0.182,0.000,0
20.91,Negin,AUIT_Multi,CBA,0.759,1.741,0.910,0.2,349.5,0.904,1.741,1.248,0.753,1.739,1.255,World,CabinetD05,25.2,10.9,0.367,0.345,0,0,None,None,0,1,0,0,0.0194,0.5398,0.151,0.000,0
21.00,Negin,AUIT_Multi,CBA,0.759,1.741,0.910,1.9,349.5,0.903,1.741,1.247,0.776,1.739,1.210,World,CabinetD05,23.6,11.0,0.367,0.301,0,0,None,None,1,1,0,0,0.0036,0.5212,0.133,0.000,0
21.11,Negin,AUIT_Multi,CBA,0.759,1.741,0.912,4.5,349.0,0.904,1.741,1.246,0.636,1.740,1.464,World,CabinetD05,21.9,20.2,0.363,0.565,0,0,None,None,1,1,0,0,0.0174,2.6092,0.346,0.000,0
21.21,Negin,AUIT_Multi,CBA,0.758,1.739,0.915,6.5,349.2,0.906,1.740,1.239,0.577,1.740,1.627,World,CabinetD05,20.9,23.2,0.356,0.734,0,0,None,None,1,1,0,0,0.0761,1.7784,0.509,0.000,0
21.31,Negin,AUIT_Multi,CBA,0.758,1.737,0.916,8.3,350.2,0.917,1.738,1.217,0.571,1.738,1.648,World,CabinetD05,21.6,24.5,0.341,0.755,0,0,None,None,1,1,0,0,0.2464,0.2266,0.552,0.000,0
21.41,Negin,AUIT_Multi,CBA,0.757,1.736,0.915,9.2,350.6,0.931,1.737,1.203,0.571,1.737,1.650,World,CabinetD05,23.7,25.1,0.336,0.758,0,0,None,None,1,0,0,0,0.1998,0.0260,0.573,0.000,0
21.50,Negin,AUIT_Multi,CBA,0.756,1.735,0.914,9.0,350.5,0.937,1.736,1.201,0.571,1.736,1.650,World,CabinetD05,25.1,24.9,0.339,0.758,0,0,None,None,0,1,0,0,0.0713,0.0118,0.580,0.000,0
21.61,Negin,AUIT_Multi,CBA,0.755,1.735,0.913,8.4,350.1,0.937,1.735,1.201,0.564,1.735,1.646,World,CabinetD05,25.9,25.0,0.341,0.757,0,0,None,None,0,1,0,0,0.0080,0.0729,0.581,0.000,0
21.71,Negin,AUIT_Multi,CBA,0.754,1.736,0.913,8.1,349.7,0.937,1.735,1.201,0.550,1.735,1.644,World,CabinetD05,26.4,25.7,0.341,0.759,0,0,None,None,0,0,0,0,0.0049,0.1412,0.588,0.000,0
21.81,Negin,AUIT_Multi,CBA,0.755,1.737,0.914,8.0,349.5,0.937,1.736,1.201,0.542,1.736,1.643,World,CabinetD05,26.5,26.4,0.340,0.760,0,0,None,None,0,0,0,0,0.0089,0.0895,0.594,0.000,0
21.91,Negin,AUIT_Multi,CBA,0.756,1.738,0.915,8.0,349.3,0.937,1.737,1.201,0.541,1.737,1.643,World,CabinetD05,26.6,26.6,0.339,0.760,0,0,None,None,0,0,0,0,0.0083,0.0122,0.594,0.000,0
22.00,Negin,AUIT_Multi,CBA,0.757,1.738,0.916,7.1,349.4,0.938,1.738,1.201,0.536,1.738,1.643,World,CabinetD05,27.3,26.1,0.338,0.760,0,0,None,None,0,0,0,0,0.0092,0.0442,0.597,0.000,0
22.10,Negin,AUIT_Multi,CBA,0.756,1.738,0.917,5.4,349.1,0.935,1.738,1.205,0.519,1.738,1.644,World,CabinetD05,28.5,25.8,0.339,0.764,0,0,None,None,0,0,0,0,0.0494,0.1801,0.605,0.000,0
22.21,Negin,AUIT_Multi,CBA,0.754,1.739,0.919,3.3,348.8,0.927,1.738,1.216,0.490,1.738,1.644,World,CabinetD05,29.0,25.7,0.344,0.772,0,0,None,None,0,0,0,0,0.1226,0.2577,0.612,0.000,0
22.31,Negin,AUIT_Multi,CBA,0.754,1.739,0.919,1.8,348.8,0.919,1.739,1.227,0.463,1.739,1.645,World,CabinetD05,28.7,26.0,0.350,0.781,0,0,None,None,0,0,0,0,0.1406,0.2779,0.618,0.000,0
22.41,Negin,AUIT_Multi,CBA,0.754,1.740,0.920,0.5,348.0,0.913,1.739,1.237,0.441,1.739,1.645,World,CabinetD05,28.7,26.5,0.355,0.790,0,0,None,None,0,0,0,0,0.1175,0.2295,0.624,0.000,0
22.50,Negin,AUIT_Multi,CBA,0.753,1.740,0.920,359.6,348.0,0.909,1.740,1.246,0.422,1.740,1.646,World,CabinetD05,28.4,26.8,0.361,0.798,0,0,None,None,0,0,0,0,0.1057,0.1990,0.630,0.000,0
22.61,Negin,AUIT_Multi,CBA,0.753,1.740,0.920,359.3,347.9,0.905,1.740,1.251,0.408,1.740,1.646,World,CabinetD05,27.9,27.4,0.364,0.804,0,0,None,None,0,0,0,0,0.0590,0.1244,0.635,0.000,0
22.71,Negin,AUIT_Multi,CBA,0.753,1.740,0.921,359.1,348.2,0.903,1.740,1.254,0.403,1.740,1.646,World,CabinetD05,27.7,27.3,0.365,0.805,0,0,None,None,0,0,0,0,0.0278,0.0474,0.636,0.000,0
22.81,Negin,AUIT_Multi,CBA,0.752,1.740,0.921,358.9,348.3,0.902,1.740,1.256,0.400,1.740,1.646,World,CabinetD05,27.6,27.3,0.367,0.806,0,0,None,None,0,0,0,0,0.0302,0.0353,0.636,0.000,0
22.90,Negin,AUIT_Multi,CBA,0.751,1.739,0.922,359.3,348.1,0.902,1.740,1.257,0.399,1.740,1.646,World,CabinetD05,27.5,27.7,0.367,0.805,0,0,None,None,0,0,0,0,0.0092,0.0058,0.636,0.000,0
23.00,Negin,AUIT_Multi,CBA,0.748,1.739,0.923,359.2,348.7,0.901,1.739,1.258,0.402,1.739,1.646,World,CabinetD05,27.7,27.1,0.368,0.801,0,0,None,None,0,0,0,0,0.0106,0.0263,0.633,0.000,0
23.11,Negin,AUIT_Multi,CBA,0.743,1.738,0.922,356.5,349.4,0.900,1.739,1.274,0.388,1.739,1.647,World,CabinetD05,29.3,24.9,0.385,0.807,0,0,None,None,0,1,0,1,0.1461,0.1275,0.634,0.000,0
23.21,Negin,AUIT_Multi,CBA,0.737,1.738,0.919,351.2,349.1,0.892,1.742,1.297,0.391,1.740,1.614,World,CabinetD06,32.6,20.7,0.409,0.777,0,0,None,None,0,1,0,0,0.2566,0.3369,0.593,0.000,0
23.31,Negin,AUIT_Multi,CBA,0.730,1.739,0.916,345.8,348.3,0.878,1.746,1.316,0.409,1.741,1.563,World,CabinetD06,35.8,16.8,0.426,0.722,0,0,None,None,0,1,0,0,0.2446,0.5575,0.530,0.000,0
23.40,Negin,AUIT_Multi,CBA,0.725,1.739,0.913,341.3,348.3,0.858,1.750,1.315,0.440,1.743,1.499,World,CabinetD06,38.1,13.5,0.424,0.652,0,0,None,None,0,1,0,0,0.2035,0.7366,0.457,0.000,0
23.50,Negin,AUIT_Multi,CBA,0.722,1.738,0.910,338.3,348.7,0.842,1.754,1.314,0.471,1.744,1.442,World,CabinetD06,39.0,11.3,0.422,0.589,0,0,None,None,0,1,0,0,0.1711,0.6617,0.393,0.000,0
23.61,Negin,AUIT_Multi,CBA,0.720,1.739,0.907,336.0,348.2,0.826,1.759,1.313,0.507,1.746,1.383,World,CabinetD06,39.4,11.0,0.420,0.522,0,0,None,None,0,1,0,0,0.1518,0.6255,0.327,0.000,0
23.71,Negin,AUIT_Multi,CBA,0.720,1.739,0.905,335.3,348.3,0.814,1.763,1.312,0.538,1.747,1.335,World,CabinetD06,38.3,10.9,0.419,0.467,0,0,None,None,0,1,0,0,0.1302,0.5875,0.278,0.000,0
23.81,Negin,AUIT_Multi,CBA,0.721,1.739,0.903,335.7,347.9,0.805,1.767,1.310,0.570,1.749,1.290,World,CabinetD06,36.6,11.2,0.417,0.416,0,0,None,None,0,1,0,0,0.1054,0.5635,0.237,0.000,0
23.90,Negin,AUIT_Multi,CBA,0.723,1.740,0.902,336.6,348.1,0.797,1.771,1.309,0.601,1.750,1.248,World,CabinetD06,34.1,11.0,0.416,0.367,0,0,None,None,0,1,0,0,0.0938,0.5387,0.207,0.000,0
24.00,Negin,AUIT_Multi,CBA,0.725,1.740,0.901,337.6,347.9,0.789,1.776,1.309,0.631,1.752,1.207,World,CabinetD06,31.8,11.3,0.414,0.320,0,0,None,None,0,1,0,0,0.0902,0.5319,0.190,0.000,0
24.11,Negin,AUIT_Multi,CBA,0.727,1.740,0.901,338.0,347.9,0.780,1.780,1.308,0.665,1.753,1.158,World,CabinetD06,29.6,12.4,0.413,0.265,0,0,None,None,0,1,0,0,0.0982,0.5351,0.190,0.000,0
24.21,Negin,AUIT_Multi,CBA,0.729,1.739,0.900,338.8,348.3,0.767,1.753,1.441,0.347,1.744,1.321,World,CabinetD06,27.1,23.7,0.542,0.568,0,0,None,None,0,1,0,0,1.3960,3.6710,0.437,0.000,0
24.31,Negin,AUIT_Multi,CBA,0.730,1.739,0.901,339.0,348.6,0.766,1.741,1.464,0.225,1.740,1.396,World,CabinetD06,26.9,26.9,0.565,0.707,0,0,None,None,0,0,0,0,0.2715,1.4785,0.546,0.000,0
24.40,Negin,AUIT_Multi,CBA,0.731,1.738,0.901,339.1,349.1,0.767,1.739,1.462,0.210,1.739,1.409,World,CabinetD06,26.7,27.0,0.562,0.728,0,0,None,None,0,0,0,0,0.0330,0.2070,0.560,0.000,0
24.50,Negin,AUIT_Multi,CBA,0.731,1.737,0.901,339.3,349.3,0.770,1.738,1.462,0.209,1.738,1.410,World,CabinetD06,26.8,27.0,0.562,0.730,0,0,None,None,0,0,0,0,0.0290,0.0197,0.563,0.000,0
24.61,Negin,AUIT_Multi,CBA,0.731,1.738,0.900,339.1,349.3,0.772,1.737,1.462,0.209,1.737,1.410,World,CabinetD06,27.1,26.9,0.563,0.730,0,0,None,None,0,0,0,0,0.0256,0.0019,0.566,0.000,0
24.71,Negin,AUIT_Multi,CBA,0.730,1.738,0.900,338.6,349.6,0.770,1.738,1.462,0.209,1.738,1.405,World,CabinetD06,27.4,26.5,0.563,0.726,0,0,None,None,0,0,0,0,0.0219,0.0547,0.564,0.000,0
24.81,Negin,AUIT_Multi,CBA,0.729,1.737,0.900,338.3,349.6,0.765,1.737,1.462,0.209,1.737,1.396,World,CabinetD06,27.3,26.6,0.563,0.719,0,0,None,None,0,0,0,0,0.0513,0.0886,0.560,0.000,0
24.90,Negin,AUIT_Multi,CBA,0.728,1.738,0.901,338.0,349.7,0.761,1.738,1.462,0.209,1.738,1.389,World,CabinetD06,27.2,26.7,0.562,0.712,0,0,None,None,0,0,0,0,0.0490,0.0759,0.556,0.000,0
25.00,Negin,AUIT_Multi,CBA,0.726,1.737,0.902,337.9,349.8,0.757,1.738,1.462,0.209,1.738,1.385,World,CabinetD06,27.1,26.7,0.561,0.708,0,0,None,None,0,0,0,0,0.0337,0.0433,0.554,0.000,0
25.11,Negin,AUIT_Multi,CBA,0.724,1.737,0.903,337.3,350.1,0.753,1.737,1.462,0.209,1.737,1.380,World,CabinetD06,27.3,26.3,0.560,0.702,0,0,None,None,0,0,0,0,0.0403,0.0446,0.550,0.000,0
25.21,Negin,AUIT_Multi,CBA,0.721,1.736,0.904,334.5,350.8,0.742,1.737,1.463,0.210,1.737,1.363,World,CabinetD06,29.0,24.2,0.559,0.687,0,0,None,None,0,1,0,0,0.1154,0.1696,0.541,0.000,0
25.31,Negin,AUIT_Multi,CBA,0.719,1.737,0.906,331.9,350.9,0.713,1.736,1.463,0.211,1.736,1.320,World,CabinetD06,28.8,24.4,0.557,0.655,0,0,None,None,0,1,0,0,0.2963,0.4465,0.521,0.000,0
25.40,Negin,AUIT_Multi,CBA,0.717,1.739,0.909,330.7,350.7,0.689,1.738,1.464,0.209,1.738,1.290,World,CabinetD06,27.9,25.5,0.555,0.636,0,0,None,None,0,0,0,0,0.2455,0.3073,0.510,0.000,0
25.50,Negin,AUIT_Multi,CBA,0.717,1.741,0.913,330.3,350.5,0.677,1.739,1.464,0.205,1.739,1.279,World,CabinetD06,27.2,26.5,0.553,0.629,0,0,None,None,0,0,0,0,0.1272,0.1190,0.507,0.000,0
25.61,Negin,AUIT_Multi,CBA,0.715,1.741,0.917,330.0,350.6,0.671,1.740,1.466,0.204,1.740,1.277,World,CabinetD06,27.0,26.5,0.550,0.625,0,0,None,None,0,0,0,0,0.0550,0.0254,0.504,0.000,0
25.71,Negin,AUIT_Multi,CBA,0.713,1.741,0.920,329.9,350.4,0.667,1.741,1.467,0.203,1.741,1.276,World,CabinetD06,26.9,26.7,0.548,0.622,0,0,None,None,0,0,0,0,0.0440,0.0134,0.501,0.000,0
25.81,Negin,AUIT_Multi,CBA,0.712,1.740,0.922,330.7,350.8,0.666,1.741,1.467,0.204,1.741,1.278,World,CabinetD06,26.0,27.2,0.547,0.620,0,0,None,None,0,0,0,0,0.0094,0.0235,0.499,0.000,0
25.90,Negin,AUIT_Multi,CBA,0.712,1.739,0.923,331.9,351.9,0.673,1.740,1.468,0.209,1.740,1.287,World,CabinetD06,25.2,27.2,0.546,0.621,0,0,None,None,0,0,0,0,0.0768,0.1062,0.499,0.000,0
26.00,Negin,AUIT_Multi,CBA,0.713,1.739,0.926,332.7,352.5,0.683,1.739,1.468,0.211,1.739,1.301,World,CabinetD06,25.2,27.0,0.543,0.627,0,0,None,None,0,0,0,0,0.1003,0.1424,0.501,0.000,0
26.11,Negin,AUIT_Multi,CBA,0.714,1.739,0.929,333.8,351.9,0.694,1.739,1.469,0.211,1.739,1.318,World,CabinetD06,25.3,27.2,0.541,0.636,0,0,None,None,0,0,0,0,0.0931,0.1523,0.506,0.000,0
26.21,Negin,AUIT_Multi,CBA,0.715,1.739,0.931,335.1,351.6,0.704,1.739,1.469,0.210,1.739,1.336,World,CabinetD06,25.2,27.5,0.539,0.648,0,0,None,None,0,0,0,0,0.1108,0.1889,0.512,0.000,0
26.31,Negin,AUIT_Multi,CBA,0.717,1.739,0.933,336.4,351.6,0.717,1.739,1.470,0.209,1.739,1.359,World,CabinetD06,25.0,27.5,0.537,0.662,0,0,None,None,0,0,0,0,0.1351,0.2318,0.520,0.000,0
26.40,Negin,AUIT_Multi,CBA,0.718,1.738,0.934,337.1,351.6,0.729,1.738,1.471,0.209,1.738,1.380,World,CabinetD06,25.4,27.1,0.536,0.677,0,0,None,None,0,0,0,0,0.1237,0.2178,0.528,0.000,0
26.50,Negin,AUIT_Multi,CBA,0.721,1.738,0.934,338.3,351.5,0.740,1.738,1.471,0.209,1.738,1.398,World,CabinetD06,25.2,27.4,0.537,0.691,0,0,None,None,0,0,0,0,0.1091,0.1871,0.536,0.000,0
26.61,Negin,AUIT_Multi,CBA,0.723,1.739,0.933,339.4,350.3,0.755,1.738,1.471,0.208,1.738,1.422,World,CabinetD06,25.8,27.5,0.538,0.710,0,0,None,None,0,0,0,0,0.1311,0.2139,0.549,0.000,0
26.71,Negin,AUIT_Multi,CBA,0.723,1.740,0.933,339.6,349.4,0.763,1.739,1.471,0.208,1.739,1.436,World,CabinetD06,26.8,27.3,0.539,0.720,0,0,None,None,0,0,0,0,0.0887,0.1426,0.556,0.000,0
26.81,Negin,AUIT_Multi,CBA,0.723,1.740,0.933,339.5,348.7,0.766,1.740,1.471,0.208,1.740,1.440,World,CabinetD06,27.4,27.3,0.540,0.723,0,0,None,None,0,0,0,0,0.0279,0.0433,0.559,0.000,0
26.90,Negin,AUIT_Multi,CBA,0.723,1.741,0.932,339.3,348.5,0.765,1.741,1.471,0.208,1.741,1.438,World,CabinetD06,27.6,27.2,0.540,0.721,0,0,None,None,0,0,0,0,0.0138,0.0243,0.558,0.000,0
27.00,Negin,AUIT_Multi,CBA,0.723,1.739,0.931,339.0,349.0,0.763,1.740,1.470,0.208,1.740,1.434,World,CabinetD06,27.4,26.8,0.541,0.719,0,0,None,None,0,0,0,0,0.0196,0.0428,0.556,0.000,0
27.11,Negin,AUIT_Multi,CBA,0.721,1.738,0.927,338.5,350.2,0.760,1.739,1.470,0.208,1.739,1.425,World,CabinetD06,27.2,26.1,0.544,0.715,0,0,None,None,0,0,0,0,0.0316,0.0751,0.553,0.000,0
27.21,Negin,AUIT_Multi,CBA,0.716,1.736,0.922,336.2,352.5,0.750,1.738,1.469,0.209,1.738,1.405,World,CabinetD06,28.3,23.6,0.548,0.700,0,0,None,None,0,1,0,0,0.0999,0.2055,0.545,0.000,0
27.31,Negin,AUIT_Multi,CBA,0.704,1.732,0.916,330.2,356.3,0.714,1.735,1.467,0.211,1.735,1.346,World,CabinetD06,31.1,19.4,0.551,0.654,0,0,None,None,0,1,0,0,0.3697,0.6128,0.518,0.000,0
27.41,Negin,AUIT_Multi,CBA,0.698,1.728,0.911,324.6,359.6,0.650,1.732,1.468,0.149,1.732,1.294,World,CabinetD06Door,30.5,19.6,0.560,0.670,0,0,None,None,0,1,0,0,0.6599,0.8281,0.531,0.000,0
27.50,Negin,AUIT_Multi,CBA,0.700,1.724,0.905,322.4,2.4,0.595,1.727,1.468,-0.237,1.727,1.430,World,CabinetD06Door,27.2,23.3,0.572,1.074,0,0,None,None,0,1,0,1,0.5653,4.2109,0.834,0.000,0
27.61,Negin,AUIT_Multi,CBA,0.703,1.724,0.901,322.4,3.1,0.577,1.725,1.466,-0.351,1.725,1.453,World,CabinetD06Door,25.2,25.0,0.579,1.190,0,0,None,None,0,1,0,1,0.1672,1.0446,0.928,0.000,0
27.71,Negin,AUIT_Multi,CBA,0.708,1.724,0.897,322.3,3.8,0.579,1.724,1.465,-0.359,1.724,1.455,World,CabinetD06Door,25.1,25.0,0.583,1.204,0,0,None,None,0,0,0,0,0.0209,0.0780,0.938,0.000,0
27.81,Negin,AUIT_Multi,CBA,0.714,1.726,0.895,321.2,3.0,0.579,1.725,1.464,-0.322,1.724,1.433,World,CabinetD06Door,25.6,23.9,0.586,1.167,0,0,None,None,0,1,0,1,0.0138,0.4405,0.901,0.000,0
27.91,Negin,AUIT_Multi,CBA,0.720,1.728,0.894,319.9,3.1,0.573,1.726,1.463,-0.244,1.725,1.391,World,CabinetD06Door,25.7,22.8,0.588,1.085,0,0,None,None,0,1,0,1,0.0652,0.9079,0.820,0.000,0
28.00,Negin,AUIT_Multi,CBA,0.729,1.727,0.894,319.1,3.9,0.568,1.727,1.463,-0.165,1.724,1.352,World,CabinetD06Door,25.4,22.3,0.591,1.004,0,0,None,None,0,1,0,1,0.0519,0.9083,0.741,0.000,0
28.11,Negin,AUIT_Multi,CBA,0.742,1.728,0.896,318.0,3.8,0.567,1.727,1.463,-0.074,1.724,1.308,World,CabinetD06Door,25.1,21.5,0.593,0.914,0,0,None,None,0,1,0,1,0.0079,0.9084,0.659,0.000,0
28.21,Negin,AUIT_Multi,CBA,0.754,1.732,0.898,316.3,3.2,0.566,1.729,1.464,0.027,1.725,1.257,World,CabinetD06Door,25.5,20.2,0.596,0.811,0,0,None,None,0,1,0,1,0.0235,1.1657,0.577,0.000,0
28.31,Negin,AUIT_Multi,CBA,0.766,1.735,0.902,314.6,2.5,0.561,1.733,1.465,0.107,1.725,1.216,World,CabinetD06Door,25.5,19.2,0.599,0.730,0,0,None,None,0,1,0,0,0.0598,0.9192,0.518,0.000,0
28.41,Negin,AUIT_Multi,CBA,0.774,1.734,0.907,313.3,2.8,0.555,1.734,1.466,0.186,1.725,1.176,World,CabinetD06Door,25.4,18.9,0.600,0.646,0,0,None,None,0,1,0,0,0.0672,0.9146,0.470,0.000,0
28.50,Negin,AUIT_Multi,CBA,0.777,1.732,0.915,312.7,3.9,0.551,1.734,1.468,0.264,1.725,1.138,World,CabinetD06Door,25.4,19.5,0.597,0.559,0,0,None,None,0,1,0,0,0.0446,0.8855,0.438,0.000,0
28.61,Negin,AUIT_Multi,CBA,0.775,1.726,0.926,312.0,6.3,0.548,1.730,1.471,0.353,1.724,1.096,World,CabinetD06Door,26.3,20.9,0.590,0.455,0,0,None,None,0,1,0,0,0.0493,0.8844,0.423,0.000,0
28.71,Negin,AUIT_Multi,CBA,0.767,1.725,0.937,311.6,7.1,0.541,1.727,1.474,0.432,1.724,1.059,World,CabinetD06Door,26.5,22.5,0.583,0.356,0,0,None,None,0,1,0,0,0.0864,0.9076,0.429,0.000,0
28.81,Negin,AUIT_Multi,CBA,0.752,1.727,0.950,311.7,5.1,0.532,1.726,1.477,0.059,1.725,1.157,World,CabinetD06Door,26.1,25.5,0.571,0.723,0,0,None,None,0,0,0,0,0.0970,3.9650,0.571,0.000,0
28.91,Negin,AUIT_Multi,CBA,0.731,1.726,0.965,311.8,3.5,0.521,1.727,1.481,-0.170,1.727,1.229,World,CabinetD06Door,26.3,25.7,0.556,0.939,0,0,None,None,0,0,0,0,0.1198,2.4730,0.736,0.000,0
29.00,Negin,AUIT_Multi,CBA,0.706,1.728,0.981,311.9,3.7,0.506,1.726,1.485,-0.201,1.726,1.248,World,CabinetD06Door,26.6,25.8,0.542,0.945,0,0,None,None,0,0,0,0,0.1651,0.3651,0.745,0.000,0
29.10,Negin,AUIT_Multi,CBA,0.680,1.730,0.998,312.5,3.9,0.489,1.728,1.489,-0.204,1.728,1.262,World,CabinetD06Door,26.5,26.1,0.527,0.923,0,0,None,None,0,0,0,0,0.1807,0.1493,0.730,0.000,0
29.21,Negin,AUIT_Multi,CBA,0.652,1.729,1.017,313.6,4.0,0.472,1.730,1.494,-0.211,1.730,1.285,World,CabinetD06Door,26.0,26.7,0.510,0.903,0,0,None,None,0,0,0,0,0.1543,0.2183,0.714,0.000,0
29.31,Negin,AUIT_Multi,CBA,0.630,1.727,1.031,315.4,4.6,0.465,1.729,1.498,-0.370,1.729,1.367,World,CabinetD06Door,25.5,27.3,0.495,1.055,0,0,None,None,0,0,0,0,0.0828,1.8396,0.845,0.000,0
29.41,Negin,AUIT_Multi,CBA,0.611,1.726,1.044,316.9,5.3,0.463,1.727,1.501,-0.300,1.728,1.362,World,CabinetD06Door,25.7,28.1,0.481,0.965,0,0,None,None,0,0,0,0,0.0438,0.7195,0.775,0.000,0
29.50,Negin,AUIT_Multi,CBA,0.596,1.724,1.053,318.6,6.0,0.461,1.726,1.503,-0.234,1.728,1.358,World,CabinetD06Door,25.4,29.1,0.470,0.884,0,0,None,None,0,0,0,0,0.0381,0.6834,0.709,0.000,0
29.61,Negin,AUIT_Multi,CBA,0.586,1.721,1.062,322.5,7.1,0.469,1.723,1.506,-0.051,1.727,1.307,World,CabinetD06Door,23.9,32.3,0.458,0.682,0,0,None,None,1,0,0,0,0.0805,1.7047,0.557,0.000,0
29.71,Negin,AUIT_Multi,CBA,0.581,1.720,1.071,327.4,8.0,0.492,1.721,1.507,0.024,1.727,1.299,World,CabinetD06,22.5,36.1,0.445,0.603,0,0,None,None,1,0,0,0,0.2359,0.7763,0.512,0.000,0
29.81,Negin,AUIT_Multi,CBA,0.583,1.719,1.081,335.8,8.9,0.533,1.720,1.509,0.091,1.727,1.301,World,Quad,19.6,42.8,0.431,0.540,0,0,None,None,1,0,0,0,0.4221,0.6903,0.489,0.000,0
29.91,Negin,AUIT_Multi,CBA,0.593,1.717,1.091,347.3,9.9,0.604,1.719,1.513,0.156,1.726,1.318,World,Quad,17.3,50.9,0.422,0.492,0,0,None,None,1,0,0,0,0.7304,0.6910,0.489,0.000,0
30.00,Negin,AUIT_Multi,CBA,0.609,1.715,1.099,359.8,11.2,0.700,1.717,1.516,0.237,1.726,1.326,World,Wall4m,16.9,59.4,0.427,0.436,0,0,None,None,1,0,0,0,0.9951,0.8353,0.501,0.000,0
30.11,Negin,AUIT_Multi,CBA,0.631,1.714,1.101,12.5,12.1,0.822,1.715,1.496,0.342,1.726,1.315,World,CabinetD05,17.9,67.0,0.439,0.360,0,0,None,None,1,0,0,0,1.1057,0.9550,0.513,0.000,0
30.21,Negin,AUIT_Multi,CBA,0.651,1.714,1.097,20.4,12.4,0.863,1.714,1.400,0.424,1.725,1.328,World,CabinetD05,19.1,65.9,0.370,0.324,0,0,None,None,1,0,0,0,1.0829,0.8589,0.445,0.000,0
30.31,Negin,AUIT_Multi,CBA,0.671,1.715,1.091,25.2,12.1,0.889,1.714,1.330,0.524,1.723,1.382,World,CabinetD05,20.8,53.3,0.324,0.326,0,0,None,None,1,0,0,0,0.7604,1.1662,0.369,0.000,0
30.40,Negin,AUIT_Multi,CBA,0.692,1.717,1.087,27.4,11.4,0.908,1.715,1.288,0.573,1.721,1.421,World,CabinetD05,22.4,48.3,0.295,0.355,0,0,None,None,1,0,0,0,0.4797,0.6460,0.361,0.000,0
30.50,Negin,AUIT_Multi,CBA,0.717,1.718,1.083,27.4,11.6,0.921,1.717,1.262,0.600,1.720,1.414,World,CabinetD05,24.0,48.0,0.272,0.352,0,0,None,None,1,0,0,0,0.2980,0.2850,0.356,0.000,0
30.61,Negin,AUIT_Multi,CBA,0.745,1.723,1.077,24.8,11.3,0.934,1.719,1.248,0.627,1.719,1.407,World,CabinetD05,25.1,45.4,0.255,0.351,0,0,None,None,0,0,0,0,0.1712,0.2494,0.346,0.000,0
30.71,Negin,AUIT_Multi,CBA,0.769,1.726,1.070,21.9,10.3,0.943,1.723,1.243,0.648,1.718,1.400,World,CabinetD05,25.0,42.7,0.246,0.352,0,0,None,None,1,0,0,0,0.1166,0.2304,0.335,0.000,0
30.81,Negin,AUIT_Multi,CBA,0.791,1.726,1.063,18.6,10.1,0.952,1.726,1.240,0.668,1.717,1.394,World,CabinetD05,25.5,39.6,0.240,0.353,0,0,None,None,0,0,0,0,0.0954,0.2219,0.322,0.000,0
30.90,Negin,AUIT_Multi,CBA,0.812,1.725,1.055,15.4,9.8,0.957,1.726,1.235,0.688,1.716,1.388,World,CabinetD05,25.3,36.5,0.231,0.355,0,0,None,None,0,0,0,0,0.0721,0.2150,0.309,0.000,0
31.00,Negin,AUIT_Multi,CBA,0.830,1.725,1.047,12.3,9.1,0.961,1.725,1.230,0.708,1.714,1.382,World,CabinetD05,25.1,33.0,0.225,0.357,0,0,None,None,0,0,0,0,0.0771,0.2126,0.296,0.000,0
31.11,Negin,AUIT_Multi,CBA,0.842,1.727,1.037,5.9,6.3,0.964,1.725,1.226,0.719,1.713,1.397,World,CabinetD05,27.6,25.0,0.225,0.381,0,0,None,None,0,0,0,0,0.0395,0.1709,0.299,0.000,0
31.21,Negin,AUIT_Multi,CBA,0.847,1.727,1.028,358.7,5.1,0.957,1.727,1.238,0.733,1.712,1.371,World,CabinetD05,29.5,17.1,0.238,0.362,0,0,None,None,0,1,0,0,0.1365,0.3081,0.261,0.000,0
31.31,Negin,AUIT_Multi,CBA,0.851,1.728,1.019,353.6,4.7,0.948,1.728,1.265,0.742,1.710,1.363,World,CabinetD05,28.3,11.3,0.264,0.361,0,0,None,None,0,1,0,0,0.2927,0.1206,0.229,0.000,0
31.40,Negin,AUIT_Multi,CBA,0.857,1.729,1.012,351.3,4.5,0.940,1.728,1.281,0.517,1.724,1.589,World,CabinetD05,26.3,22.1,0.281,0.669,0,0,None,None,0,1,0,0,0.1909,3.3001,0.523,0.000,0
31.50,Negin,AUIT_Multi,CBA,0.862,1.729,1.009,350.7,4.1,0.936,1.729,1.279,0.438,1.728,1.647,World,CabinetD05,25.0,24.6,0.280,0.766,0,0,None,None,1,1,0,0,0.0500,1.0041,0.619,0.000,0
31.61,Negin,AUIT_Multi,CBA,0.866,1.730,1.006,350.8,3.8,0.936,1.729,1.270,0.429,1.729,1.653,World,CabinetD05,24.2,25.1,0.273,0.780,0,0,None,None,1,0,0,0,0.0780,0.0970,0.635,0.000,0
31.71,Negin,AUIT_Multi,CBA,0.867,1.730,1.004,350.5,3.5,0.938,1.730,1.267,0.429,1.729,1.653,World,CabinetD05,24.9,24.8,0.272,0.782,0,0,None,None,1,1,0,0,0.0398,0.0056,0.639,0.000,0
31.81,Negin,AUIT_Multi,CBA,0.863,1.731,1.005,350.1,3.3,0.938,1.730,1.269,0.422,1.730,1.653,World,CabinetD05,25.9,24.5,0.275,0.784,0,0,None,None,0,1,0,0,0.0209,0.0736,0.643,0.000,0
31.90,Negin,AUIT_Multi,CBA,0.856,1.731,1.006,349.1,3.1,0.937,1.731,1.286,0.408,1.731,1.653,World,CabinetD05,27.1,24.1,0.291,0.787,0,0,None,None,0,1,0,0,0.1790,0.1489,0.644,0.000,0
32.00,Negin,AUIT_Multi,CBA,0.845,1.732,1.009,347.4,2.9,0.932,1.731,1.321,0.382,1.731,1.654,World,CabinetD05,28.2,23.3,0.324,0.794,0,0,None,None,0,1,0,0,0.3642,0.2665,0.643,0.000,0
32.11,Negin,AUIT_Multi,CBA,0.829,1.733,1.013,345.4,2.8,0.920,1.733,1.380,0.337,1.733,1.655,World,CabinetD06,28.6,23.0,0.378,0.809,0,0,None,None,0,1,0,1,0.5410,0.4043,0.645,0.000,0
32.21,Negin,AUIT_Multi,CBA,0.813,1.735,1.018,343.8,2.7,0.904,1.734,1.443,0.292,1.734,1.656,World,CabinetD06,28.5,23.1,0.435,0.824,0,0,None,None,0,1,0,1,0.6662,0.4609,0.648,0.000,0
32.31,Negin,AUIT_Multi,CBA,0.794,1.735,1.024,342.7,3.8,0.883,1.734,1.491,0.250,1.734,1.657,World,CabinetD06,28.3,23.6,0.475,0.835,0,0,None,None,0,1,0,1,0.5371,0.4298,0.654,0.000,0
32.40,Negin,AUIT_Multi,CBA,0.771,1.732,1.030,339.9,5.8,0.851,1.734,1.496,0.219,1.734,1.644,World,CabinetD06,30.4,22.6,0.473,0.826,0,0,None,None,0,1,0,1,0.3283,0.3462,0.649,0.000,0
32.50,Negin,AUIT_Multi,CBA,0.745,1.731,1.034,335.1,7.1,0.802,1.732,1.497,0.213,1.732,1.571,World,CabinetD06,32.7,21.1,0.467,0.756,0,0,None,None,0,1,0,0,0.5066,0.7511,0.594,0.000,0
32.61,Negin,AUIT_Multi,CBA,0.713,1.729,1.037,328.6,7.9,0.727,1.730,1.498,0.214,1.730,1.457,World,CabinetD06,34.1,20.1,0.461,0.652,0,0,None,None,0,1,0,0,0.6772,1.0269,0.515,0.000,0
32.71,Negin,AUIT_Multi,CBA,0.686,1.727,1.039,323.4,8.5,0.653,1.729,1.502,0.215,1.729,1.362,World,CabinetD06,33.5,20.8,0.464,0.572,0,0,None,None,0,1,0,0,0.7603,0.9744,0.460,0.000,0
32.81,Negin,AUIT_Multi,CBA,0.663,1.724,1.041,319.9,8.8,0.587,1.726,1.503,0.202,1.726,1.299,World,CabinetD06Door,32.0,22.6,0.468,0.528,0,0,None,None,0,1,0,0,0.6749,0.6608,0.436,0.000,0
32.90,Negin,AUIT_Multi,CBA,0.642,1.721,1.044,318.2,9.0,0.537,1.723,1.502,0.058,1.724,1.325,World,CabinetD06Door,30.2,24.2,0.470,0.649,0,0,None,None,0,1,0,0,0.5214,1.5093,0.511,0.000,0
33.00,Negin,AUIT_Multi,CBA,0.624,1.718,1.046,317.6,9.5,0.503,1.721,1.503,0.065,1.723,1.328,World,CabinetD06Door,29.1,23.1,0.472,0.626,0,0,None,None,0,1,0,0,0.3540,0.0786,0.472,0.000,0
33.11,Negin,AUIT_Multi,CBA,0.610,1.718,1.048,318.5,9.2,0.480,1.718,1.504,0.083,1.723,1.329,World,CabinetD06Door,27.1,22.5,0.474,0.597,0,0,None,None,0,1,0,0,0.2031,0.1681,0.433,0.000,0
33.21,Negin,AUIT_Multi,CBA,0.602,1.719,1.049,321.3,8.1,0.477,1.719,1.504,0.197,1.723,1.295,World,CabinetD06Door,24.6,21.7,0.472,0.474,0,0,None,None,1,1,0,0,0.0326,1.2151,0.349,0.000,0
33.31,Negin,AUIT_Multi,CBA,0.595,1.721,1.049,323.2,7.2,0.477,1.720,1.504,0.241,1.724,1.288,World,CabinetD06Door,23.2,20.6,0.470,0.428,0,0,None,None,1,1,0,0,0.0103,0.4575,0.319,0.000,0
33.40,Negin,AUIT_Multi,CBA,0.590,1.722,1.050,324.7,6.7,0.477,1.721,1.504,0.264,1.724,1.290,World,CabinetD06Door,22.3,19.6,0.468,0.405,0,0,None,None,1,1,0,0,0.0127,0.2388,0.302,0.000,0
33.50,Negin,AUIT_Multi,CBA,0.586,1.722,1.050,325.9,6.4,0.477,1.722,1.504,0.286,1.724,1.292,World,CabinetD06Door,21.5,18.3,0.467,0.386,0,0,None,None,1,1,0,0,0.0093,0.2225,0.285,0.000,0
33.61,Negin,AUIT_Multi,CBA,0.585,1.722,1.050,327.3,6.3,0.477,1.722,1.504,0.310,1.724,1.295,World,CabinetD06,20.2,16.9,0.466,0.369,0,0,None,None,1,1,0,0,0.0041,0.2192,0.267,0.000,0
33.71,Negin,AUIT_Multi,CBA,0.586,1.721,1.050,328.6,6.2,0.477,1.722,1.504,0.331,1.724,1.299,World,Quad,19.0,15.6,0.466,0.356,0,0,None,None,1,1,0,0,0.0005,0.2244,0.251,0.000,0
33.81,Negin,AUIT_Multi,CBA,0.588,1.720,1.049,329.9,6.2,0.477,1.721,1.503,0.352,1.724,1.304,World,Quad,17.5,14.3,0.468,0.348,0,0,None,None,1,1,0,0,0.0100,0.2237,0.235,0.000,0
33.90,Negin,AUIT_Multi,CBA,0.593,1.720,1.048,331.7,6.1,0.477,1.720,1.503,0.308,1.722,1.360,World,Quad,15.3,15.5,0.470,0.422,0,0,None,None,1,1,0,0,0.0094,0.7307,0.222,0.000,0
34.00,Negin,AUIT_Multi,CBA,0.598,1.720,1.048,334.5,6.4,0.497,1.720,1.503,0.215,1.720,1.451,World,Quad,14.4,19.1,0.466,0.557,0,0,None,None,1,1,0,0,0.1967,1.3465,0.286,0.000,0
34.11,Negin,AUIT_Multi,CBA,0.605,1.721,1.048,339.1,5.7,0.559,1.720,1.505,0.202,1.720,1.465,World,Quad,16.1,23.7,0.459,0.580,0,0,None,None,1,1,0,0,0.5579,0.1722,0.359,0.000,0
34.21,Negin,AUIT_Multi,CBA,0.610,1.722,1.051,342.9,5.1,0.627,1.721,1.503,0.201,1.721,1.470,World,CabinetD06,19.8,27.6,0.452,0.586,0,0,None,None,1,0,0,0,0.7000,0.0519,0.427,0.000,0
34.31,Negin,AUIT_Multi,CBA,0.621,1.724,1.056,347.8,5.1,0.677,1.722,1.503,0.199,1.722,1.523,World,CabinetD06,19.8,30.3,0.451,0.629,0,0,None,None,1,0,0,0,0.5129,0.5390,0.478,0.000,0
34.40,Negin,AUIT_Multi,CBA,0.641,1.727,1.062,357.1,5.6,0.739,1.724,1.506,0.224,1.724,1.618,World,Quad,16.2,34.4,0.454,0.695,0,0,None,None,1,0,0,0,0.6454,1.0139,0.528,0.000,0
34.50,Negin,AUIT_Multi,CBA,0.664,1.728,1.065,6.3,6.3,0.824,1.727,1.485,0.347,1.727,1.645,World,Quad,15.8,35.4,0.449,0.661,0,0,None,None,1,0,0,0,0.8986,1.3036,0.503,0.000,0
34.61,Negin,AUIT_Multi,CBA,0.690,1.732,1.063,14.1,6.7,0.866,1.729,1.376,0.488,1.729,1.648,World,Quad,16.6,33.7,0.359,0.618,0,0,None,None,1,0,0,0,1.0585,1.2650,0.466,0.000,0
34.71,Negin,AUIT_Multi,CBA,0.710,1.735,1.060,18.9,5.8,0.892,1.732,1.310,0.569,1.732,1.727,World,Quad,17.9,31.3,0.309,0.682,0,0,None,None,1,0,0,0,0.7260,1.1677,0.527,0.000,0
34.81,Negin,AUIT_Multi,CBA,0.729,1.736,1.055,22.6,5.6,0.914,1.735,1.268,0.648,1.735,1.669,World,Quad,19.2,30.5,0.282,0.618,0,0,None,None,1,0,0,0,0.4820,1.0099,0.480,0.000,0
34.90,Negin,AUIT_Multi,CBA,0.745,1.737,1.050,25.0,5.4,0.936,1.736,1.243,0.705,1.736,1.649,World,CabinetD05Door,20.5,29.2,0.272,0.600,0,0,None,None,1,0,0,0,0.3492,0.6215,0.467,0.000,0
35.00,Negin,AUIT_Multi,CBA,0.758,1.737,1.046,26.2,5.0,0.956,1.737,1.227,0.726,1.736,1.627,World,CabinetD05Door,21.9,29.7,0.269,0.582,0,0,None,None,1,0,0,0,0.2631,0.3083,0.462,0.000,0
35.11,Negin,AUIT_Multi,CBA,0.772,1.737,1.042,27.0,5.1,0.974,1.737,1.215,0.740,1.735,1.597,World,CabinetD05Door,22.8,30.6,0.266,0.556,0,0,None,None,1,0,0,0,0.1895,0.3022,0.447,0.000,0
35.21,Negin,AUIT_Multi,CBA,0.783,1.737,1.038,27.5,5.0,0.988,1.737,1.209,0.751,1.734,1.569,World,CabinetD05Door,23.1,31.3,0.267,0.532,0,0,None,None,1,0,0,0,0.1611,0.3036,0.431,0.000,0
35.31,Negin,AUIT_Multi,CBA,0.795,1.737,1.035,28.0,4.8,1.004,1.737,1.206,0.763,1.734,1.543,World,CabinetD05Door,23.2,31.8,0.271,0.509,0,0,None,None,1,0,0,0,0.1675,0.2982,0.415,0.000,0
35.40,Negin,AUIT_Multi,CBA,0.805,1.737,1.032,28.2,4.8,1.020,1.737,1.204,0.774,1.733,1.516,World,CabinetD05Door,23.8,32.1,0.275,0.485,0,0,None,None,1,0,0,0,0.1666,0.2956,0.398,0.000,0
35.50,Negin,AUIT_Multi,CBA,0.815,1.736,1.031,28.0,4.7,1.032,1.737,1.202,0.784,1.733,1.489,World,CabinetD05Door,24.2,32.1,0.277,0.460,0,0,None,None,1,0,0,0,0.1240,0.2935,0.380,0.000,0
35.61,Negin,AUIT_Multi,CBA,0.826,1.735,1.029,27.6,4.9,1.043,1.736,1.201,0.795,1.732,1.460,World,CabinetD05Door,24.5,31.9,0.277,0.432,0,0,None,None,1,0,0,0,0.0964,0.2841,0.358,0.000,0
35.71,Negin,AUIT_Multi,CBA,0.835,1.735,1.028,27.3,4.7,1.051,1.735,1.201,0.805,1.731,1.432,World,CabinetD05Door,24.5,31.9,0.276,0.405,0,0,None,None,1,0,0,0,0.0861,0.3012,0.338,0.000,0
35.81,Negin,AUIT_Multi,CBA,0.845,1.733,1.028,27.3,4.6,1.060,1.734,1.201,0.814,1.730,1.405,World,CabinetD05Door,24.4,32.1,0.276,0.379,0,0,None,None,1,0,0,0,0.0931,0.2970,0.319,0.000,0
35.90,Negin,AUIT_Multi,CBA,0.854,1.732,1.027,27.3,4.4,1.070,1.733,1.201,0.824,1.729,1.378,World,CabinetD05Door,24.3,32.3,0.278,0.352,0,0,None,None,1,0,0,0,0.1062,0.2957,0.303,0.000,0
36.00,Negin,AUIT_Multi,CBA,0.863,1.731,1.026,27.5,4.4,1.083,1.732,1.203,0.869,1.731,1.584,World,CabinetD05Door,24.2,27.2,0.282,0.557,0,0,None,None,1,0,0,0,0.1300,2.1633,0.437,0.000,0
36.11,Negin,AUIT_Multi,CBA,0.873,1.730,1.026,27.5,4.3,1.101,1.730,1.207,0.891,1.730,1.640,World,CabinetD05Door,24.4,26.1,0.292,0.615,0,0,None,None,1,0,0,0,0.1675,0.5417,0.481,0.000,0
36.21,Negin,AUIT_Multi,CBA,0.880,1.730,1.025,27.2,4.3,1.114,1.730,1.210,0.899,1.730,1.644,World,CabinetD05Door,24.7,25.7,0.299,0.620,0,0,None,None,1,0,0,0,0.1351,0.0972,0.484,0.000,0
36.31,Negin,AUIT_Multi,CBA,0.886,1.730,1.023,26.9,4.2,1.130,1.730,1.219,0.903,1.730,1.645,World,CabinetD05Door,24.8,25.6,0.313,0.622,0,0,None,None,1,0,0,0,0.1918,0.0384,0.483,0.000,0
36.40,Negin,AUIT_Multi,CBA,0.891,1.730,1.023,26.9,4.2,1.148,1.730,1.229,0.907,1.730,1.645,World,CabinetD05Door,24.7,25.8,0.330,0.623,0,0,None,None,1,0,0,0,0.2089,0.0388,0.481,0.000,0
36.50,Negin,AUIT_Multi,CBA,0.895,1.730,1.021,27.1,4.2,1.161,1.730,1.233,0.913,1.730,1.645,World,CabinetD05Door,24.7,25.8,0.339,0.624,0,0,None,None,1,0,0,0,0.1371,0.0605,0.481,0.000,0
36.61,Negin,AUIT_Multi,CBA,0.898,1.731,1.021,27.4,4.0,1.182,1.730,1.244,0.920,1.730,1.645,World,CabinetD05Door,24.8,25.8,0.361,0.624,0,0,None,None,1,0,0,0,0.2163,0.0634,0.480,0.000,0
36.71,Negin,AUIT_Multi,CBA,0.900,1.731,1.021,27.6,3.9,1.190,1.731,1.246,0.925,1.731,1.645,World,CabinetD05Door,25.0,25.6,0.367,0.624,0,0,None,None,1,0,0,0,0.0853,0.0532,0.479,0.000,0
36.81,Negin,AUIT_Multi,CBA,0.902,1.734,1.024,29.1,2.5,1.202,1.732,1.250,0.932,1.732,1.645,World,CabinetD05Door,24.1,26.4,0.375,0.622,0,0,None,None,1,0,0,0,0.1269,0.0725,0.479,0.000,0
36.90,Negin,AUIT_Multi,CBA,0.905,1.734,1.027,30.7,2.0,1.233,1.734,1.262,0.949,1.734,1.645,World,CabinetD05Door,23.8,26.7,0.404,0.620,0,0,None,None,1,0,0,0,0.3445,0.1812,0.477,0.000,0
37.00,Negin,AUIT_Multi,CBA,0.906,1.733,1.028,32.3,3.1,1.248,1.734,1.259,0.966,1.734,1.638,World,CabinetD05Door,23.9,26.9,0.413,0.613,0,0,None,None,1,0,0,0,0.1579,0.1857,0.473,0.000,0
37.11,Negin,AUIT_Multi,CBA,0.905,1.733,1.029,33.2,3.2,1.261,1.733,1.255,0.965,1.734,1.585,World,CabinetD05Door,24.6,27.3,0.421,0.560,0,0,None,None,1,0,0,0,0.1204,0.4723,0.444,0.000,0
37.21,Negin,AUIT_Multi,CBA,0.904,1.734,1.030,34.0,3.1,1.266,1.733,1.252,0.964,1.734,1.539,World,CabinetD05Door,24.6,27.5,0.425,0.513,0,0,None,None,1,0,0,0,0.0623,0.4736,0.417,0.000,0
37.31,Negin,AUIT_Multi,CBA,0.902,1.734,1.033,33.7,3.0,1.269,1.734,1.250,0.963,1.734,1.495,World,CabinetD05Door,25.8,26.5,0.426,0.466,0,0,None,None,0,0,0,0,0.0354,0.4564,0.392,0.000,0
37.40,Negin,AUIT_Multi,CBA,0.895,1.738,1.041,29.0,1.8,1.171,1.735,1.203,0.954,1.734,1.449,World,CabinetD05Door,30.6,20.7,0.321,0.413,0,0,None,None,0,1,0,0,1.1219,0.4836,0.328,0.000,0
37.50,Negin,AUIT_Multi,CBA,0.884,1.740,1.050,21.4,1.0,1.092,1.738,1.191,0.938,1.734,1.403,World,CabinetD05Door,34.3,12.7,0.252,0.357,0,0,None,None,0,1,0,0,0.8236,0.4976,0.262,0.000,0
37.61,Negin,AUIT_Multi,CBA,0.873,1.741,1.061,14.1,0.4,1.032,1.740,1.202,0.920,1.734,1.352,World,CabinetD05,34.4,4.9,0.213,0.296,0,0,None,None,0,1,0,0,0.5509,0.4841,0.187,0.000,0
37.71,Negin,AUIT_Multi,CBA,0.859,1.743,1.070,8.0,0.1,0.996,1.742,1.219,0.907,1.735,1.305,World,CabinetD05,34.6,4.0,0.202,0.240,0,0,None,None,0,1,0,0,0.4046,0.5074,0.124,0.000,0
37.81,Negin,AUIT_Multi,CBA,0.840,1.743,1.077,2.5,0.5,0.970,1.743,1.249,0.884,1.735,1.278,World,CabinetD05,34.4,10.0,0.215,0.207,0,0,None,None,0,1,0,0,0.4139,0.3581,0.091,0.000,0
37.90,Negin,AUIT_Multi,CBA,0.815,1.741,1.082,357.5,1.3,0.955,1.743,1.311,0.875,1.734,1.217,World,CabinetD05,33.9,26.5,0.268,0.148,0,0,None,None,0,0,0,0,0.6615,0.6427,0.124,1.000,0
38.00,Negin,AUIT_Multi,CBA,0.780,1.737,1.086,350.2,3.6,0.938,1.741,1.413,0.781,1.735,1.267,World,CabinetD05,35.8,10.4,0.363,0.180,0,0,None,None,0,1,0,0,1.0672,1.1016,0.214,0.000,0
38.11,Negin,AUIT_Multi,CBA,0.732,1.730,1.088,339.6,7.5,0.861,1.735,1.511,0.687,1.735,1.342,World,CabinetD06,38.2,13.4,0.443,0.258,0,0,None,None,0,1,0,0,1.1170,1.0836,0.243,0.000,0
38.21,Negin,AUIT_Multi,CBA,0.690,1.727,1.088,332.2,9.8,0.757,1.730,1.513,0.687,1.734,1.321,World,CabinetD06,38.0,29.5,0.430,0.233,0,0,None,None,0,0,0,0,1.0727,0.2126,0.204,1.000,0
38.31,Negin,AUIT_Multi,CBA,0.653,1.724,1.092,327.1,10.5,0.663,1.727,1.515,0.689,1.734,1.311,World,CabinetD06,35.9,44.0,0.423,0.223,0,0,None,None,0,0,0,0,0.9705,0.1044,0.205,1.000,0
38.40,Negin,AUIT_Multi,CBA,0.622,1.724,1.099,324.7,10.4,0.592,1.724,1.517,0.692,1.735,1.311,World,CabinetD06,32.8,55.2,0.419,0.223,0,0,None,None,0,0,0,0,0.7315,0.0400,0.230,0.000,0
38.50,Negin,AUIT_Multi,CBA,0.594,1.725,1.111,323.6,9.5,0.544,1.724,1.517,0.690,1.735,1.315,World,CabinetD06,30.7,62.6,0.409,0.226,0,0,None,None,0,0,0,0,0.4919,0.0529,0.249,0.000,0
38.61,Negin,AUIT_Multi,CBA,0.569,1.727,1.125,324.5,8.1,0.509,1.726,1.521,0.691,1.736,1.324,World,CabinetD06,27.9,67.6,0.400,0.234,0,0,None,None,0,0,0,0,0.3219,0.0783,0.268,0.000,0
38.71,Negin,AUIT_Multi,CBA,0.553,1.729,1.134,327.9,7.4,0.499,1.727,1.523,0.692,1.736,1.335,World,CabinetD06,25.1,67.1,0.393,0.244,0,0,None,None,0,0,0,0,0.1087,0.1171,0.270,0.000,0
38.81,Negin,AUIT_Multi,CBA,0.543,1.730,1.141,332.7,6.4,0.509,1.729,1.525,0.692,1.737,1.350,World,CabinetD06,23.0,63.2,0.385,0.256,0,0,None,None,1,0,0,0,0.1108,0.1490,0.253,0.000,0
38.90,Negin,AUIT_Multi,CBA,0.537,1.730,1.146,337.4,6.1,0.414,1.730,1.427,0.746,1.738,1.400,World,Quad,6.1,62.3,0.307,0.329,0,0,None,None,1,0,0,0,1.4067,0.7618,0.333,0.000,0
39.00,Negin,AUIT_Multi,CBA,0.533,1.730,1.147,341.1,5.6,0.303,1.730,1.396,0.758,1.738,1.469,World,CabinetD06,24.4,54.2,0.340,0.394,0,0,None,None,1,0,0,0,1.1871,0.7194,0.462,0.000,0
39.11,Negin,AUIT_Multi,CBA,0.530,1.731,1.145,344.0,5.1,0.277,1.731,1.421,0.679,1.734,1.625,World,CabinetD06,26.9,33.6,0.375,0.502,0,0,None,None,0,0,0,0,0.3238,1.5736,0.450,0.000,0
39.21,Negin,AUIT_Multi,CBA,0.529,1.730,1.142,346.0,4.6,0.279,1.731,1.436,0.664,1.733,1.605,World,CabinetD06,26.8,30.6,0.386,0.482,0,0,None,None,0,0,0,0,0.1494,0.2566,0.421,0.000,0
39.31,Negin,AUIT_Multi,CBA,0.529,1.730,1.138,347.4,4.3,0.283,1.730,1.446,0.649,1.732,1.588,World,CabinetD06,26.4,27.8,0.394,0.465,0,0,None,None,0,0,0,0,0.1177,0.2328,0.393,0.000,0
39.40,Negin,AUIT_Multi,CBA,0.529,1.728,1.134,348.5,4.1,0.286,1.730,1.454,0.634,1.730,1.571,World,CabinetD06,26.0,25.3,0.402,0.449,0,0,None,None,0,0,0,0,0.0877,0.2326,0.367,0.000,0
39.50,Negin,AUIT_Multi,CBA,0.531,1.728,1.130,349.4,4.1,0.289,1.728,1.459,0.618,1.729,1.555,World,CabinetD06,26.0,22.7,0.408,0.434,0,0,None,None,0,1,0,0,0.0601,0.2320,0.342,0.000,0
39.61,Negin,AUIT_Multi,CBA,0.533,1.728,1.126,350.2,4.0,0.292,1.728,1.465,0.600,1.728,1.536,World,CabinetD06,25.9,19.5,0.416,0.416,0,0,None,None,0,1,0,0,0.0607,0.2322,0.316,0.000,0
39.71,Negin,AUIT_Multi,CBA,0.534,1.728,1.123,350.4,3.5,0.295,1.728,1.468,0.584,1.727,1.520,World,CabinetD06,25.4,17.0,0.420,0.399,0,0,None,None,0,1,0,0,0.0409,0.2412,0.294,0.000,0
39.81,Negin,AUIT_Multi,CBA,0.536,1.729,1.122,350.2,3.4,0.296,1.729,1.467,0.566,1.726,1.503,World,CabinetD06,25.2,14.7,0.420,0.383,0,0,None,None,0,1,0,0,0.0196,0.2467,0.273,0.000,0
39.90,Negin,AUIT_Multi,CBA,0.536,1.729,1.122,350.4,3.3,0.297,1.729,1.467,0.549,1.725,1.487,World,CabinetD06,25.4,11.9,0.421,0.365,0,0,None,None,0,1,0,0,0.0066,0.2428,0.254,0.000,0
40.00,Negin,AUIT_Multi,CBA,0.537,1.729,1.122,350.8,3.6,0.297,1.729,1.471,0.533,1.724,1.470,World,CabinetD06,25.5,9.0,0.423,0.348,0,0,None,None,0,1,0,0,0.0360,0.2394,0.236,0.000,0
40.11,Negin,AUIT_Multi,CBA,0.536,1.728,1.123,351.0,3.8,0.298,1.728,1.474,0.649,1.727,1.609,World,CabinetD06,25.5,22.3,0.425,0.499,0,0,None,None,0,1,0,0,0.0317,1.6276,0.376,0.000,0
40.21,Negin,AUIT_Multi,CBA,0.536,1.728,1.123,351.3,3.8,0.298,1.728,1.476,0.683,1.728,1.646,World,CabinetD06,25.5,24.6,0.426,0.544,0,0,None,None,0,1,0,0,0.0210,0.5170,0.421,0.000,0
40.31,Negin,AUIT_Multi,CBA,0.537,1.727,1.123,353.0,3.9,0.298,1.728,1.483,0.693,1.728,1.650,World,CabinetD06,26.7,23.9,0.432,0.550,0,0,None,None,0,1,0,0,0.0758,0.1132,0.429,0.000,0
40.41,Negin,AUIT_Multi,CBA,0.542,1.727,1.122,358.1,3.8,0.304,1.727,1.516,0.722,1.727,1.652,World,CabinetD06,29.4,21.1,0.460,0.559,0,0,None,None,0,1,0,0,0.3435,0.2985,0.440,0.000,0
40.50,Negin,AUIT_Multi,CBA,0.545,1.727,1.121,2.4,3.7,0.340,1.727,1.527,0.775,1.727,1.654,World,Wall4m,29.4,21.2,0.455,0.580,0,0,None,None,0,1,0,0,0.3931,0.5388,0.452,0.000,0
40.60,Negin,AUIT_Multi,CBA,0.550,1.727,1.120,5.9,3.8,0.379,1.727,1.525,0.826,1.727,1.655,World,CabinetD05,29.0,21.7,0.439,0.602,0,0,None,None,0,1,0,0,0.3984,0.5281,0.465,0.000,0
40.71,Negin,AUIT_Multi,CBA,0.558,1.728,1.119,9.4,4.2,0.418,1.727,1.523,0.884,1.727,1.657,World,CabinetD05,28.8,22.2,0.428,0.629,0,0,None,None,0,1,0,0,0.3493,0.5190,0.485,0.000,0
40.81,Negin,AUIT_Multi,CBA,0.567,1.729,1.118,11.7,4.2,0.447,1.728,1.522,0.931,1.728,1.659,World,CabinetD05,28.5,22.5,0.422,0.652,0,0,None,None,0,1,0,0,0.3007,0.4828,0.502,0.000,0
40.91,Negin,AUIT_Multi,CBA,0.578,1.730,1.117,14.1,4.4,0.475,1.729,1.521,0.969,1.729,1.650,World,CabinetD05,28.8,22.5,0.418,0.661,0,0,None,None,0,1,0,0,0.2870,0.4084,0.511,0.000,0
41.00,Negin,AUIT_Multi,CBA,0.592,1.729,1.116,16.4,5.4,0.504,1.729,1.521,0.979,1.729,1.604,World,CabinetD05,29.1,22.6,0.414,0.623,0,0,None,None,0,1,0,0,0.3012,0.4863,0.482,0.000,0
41.11,Negin,AUIT_Multi,CBA,0.610,1.728,1.115,18.5,6.0,0.538,1.729,1.520,0.980,1.729,1.545,World,CabinetD05,29.2,22.9,0.411,0.567,0,0,None,None,0,1,0,0,0.3025,0.5250,0.443,0.000,0
41.21,Negin,AUIT_Multi,CBA,0.631,1.728,1.117,20.2,7.3,0.568,1.728,1.524,0.980,1.728,1.501,World,CabinetD05,29.8,23.3,0.412,0.519,0,0,None,None,0,1,0,0,0.3096,0.4600,0.413,0.000,0
41.31,Negin,AUIT_Multi,CBA,0.655,1.726,1.118,21.5,9.1,0.600,1.728,1.525,0.980,1.728,1.461,World,CabinetD05,30.6,23.8,0.411,0.472,0,0,None,None,0,1,0,0,0.3308,0.4129,0.386,0.000,0
41.41,Negin,AUIT_Multi,CBA,0.683,1.725,1.120,22.5,10.8,0.635,1.726,1.521,0.981,1.726,1.423,World,CabinetD05,31.2,24.4,0.404,0.425,0,0,None,None,0,1,0,0,0.3591,0.3854,0.360,0.000,0
41.50,Negin,AUIT_Multi,CBA,0.710,1.725,1.123,23.1,11.5,0.668,1.725,1.521,0.981,1.725,1.391,World,CabinetD05,31.1,24.9,0.400,0.381,0,0,None,None,0,1,0,0,0.3479,0.3293,0.339,0.000,0
41.61,Negin,AUIT_Multi,CBA,0.739,1.722,1.125,22.7,12.6,0.703,1.724,1.522,0.983,1.724,1.363,World,CabinetD05,30.5,26.2,0.399,0.341,0,0,None,None,0,0,0,0,0.3085,0.2545,0.322,0.000,0
41.71,Negin,AUIT_Multi,CBA,0.760,1.722,1.127,21.0,12.6,0.723,1.723,1.522,0.978,1.721,1.373,World,CabinetD05,29.1,23.9,0.397,0.329,0,0,None,None,0,1,0,0,0.2057,0.1155,0.296,0.000,0
41.81,Negin,AUIT_Multi,CBA,0.776,1.721,1.129,18.2,12.4,0.730,1.722,1.523,0.974,1.718,1.384,World,CabinetD05,27.7,22.8,0.396,0.322,0,0,None,None,0,1,0,0,0.0763,0.1260,0.281,0.000,0
41.90,Negin,AUIT_Multi,CBA,0.788,1.721,1.132,15.6,12.1,0.730,1.721,1.524,0.969,1.716,1.397,World,CabinetD05,26.8,21.7,0.396,0.321,0,0,None,None,0,1,0,0,0.0108,0.1419,0.271,0.000,0
42.00,Negin,AUIT_Multi,CBA,0.797,1.720,1.133,13.9,12.0,0.730,1.721,1.525,0.965,1.713,1.409,World,CabinetD05,26.5,20.4,0.397,0.323,0,0,None,None,0,1,0,0,0.0113,0.1411,0.262,0.000,0
42.11,Negin,AUIT_Multi,CBA,0.806,1.718,1.134,13.0,12.0,0.730,1.719,1.525,0.960,1.709,1.420,World,CabinetD05,26.7,18.4,0.399,0.326,0,0,None,None,0,1,0,0,0.0147,0.1137,0.253,0.000,0
42.21,Negin,AUIT_Multi,CBA,0.810,1.718,1.133,12.3,11.7,0.730,1.718,1.525,0.955,1.706,1.430,World,CabinetD05,26.5,16.6,0.401,0.331,0,0,None,None,0,1,0,0,0.0112,0.1150,0.245,0.000,0
42.31,Negin,AUIT_Multi,CBA,0.811,1.720,1.131,12.0,10.3,0.730,1.719,1.525,0.950,1.704,1.440,World,CabinetD05,25.6,14.3,0.403,0.339,0,0,None,None,0,1,0,0,0.0059,0.1174,0.237,0.000,0
42.40,Negin,AUIT_Multi,CBA,0.810,1.722,1.128,11.9,9.5,0.730,1.721,1.525,0.946,1.702,1.450,World,CabinetD05,25.0,12.5,0.404,0.350,0,0,None,None,1,1,0,0,0.0188,0.1172,0.229,0.000,0
42.50,Negin,AUIT_Multi,CBA,0.804,1.725,1.126,11.2,8.4,0.730,1.723,1.524,0.941,1.699,1.464,World,CabinetD05,23.2,11.5,0.405,0.365,0,0,None,None,1,1,0,0,0.0246,0.1502,0.221,0.000,0
42.61,Negin,AUIT_Multi,CBA,0.794,1.728,1.123,10.1,7.6,0.730,1.726,1.523,0.936,1.697,1.484,World,CabinetD05,20.4,11.7,0.405,0.389,0,0,None,None,1,1,0,0,0.0266,0.1902,0.212,0.000,0
42.71,Negin,AUIT_Multi,CBA,0.780,1.731,1.120,8.1,6.8,0.727,1.728,1.522,0.991,1.723,1.515,World,Quad,16.8,20.8,0.405,0.448,0,0,None,None,1,1,0,0,0.0409,0.6993,0.264,0.000,0
42.81,Negin,AUIT_Multi,CBA,0.761,1.734,1.118,4.3,5.3,0.677,1.731,1.525,0.999,1.730,1.531,World,Quad,16.7,26.1,0.415,0.476,0,0,None,None,1,0,0,0,0.5154,0.2000,0.322,0.000,0
42.90,Negin,AUIT_Multi,CBA,0.740,1.737,1.117,0.1,4.4,0.606,1.735,1.527,1.000,1.734,1.574,World,Quad,18.7,29.8,0.432,0.526,0,0,None,None,1,0,0,0,0.7367,0.4428,0.397,0.000,0
43.00,Negin,AUIT_Multi,CBA,0.719,1.739,1.114,356.0,3.5,0.544,1.737,1.526,0.975,1.737,1.638,World,CabinetD05,19.2,30.3,0.447,0.583,0,0,None,None,1,0,0,0,0.6306,0.7043,0.445,0.000,0
43.10,Negin,AUIT_Multi,CBA,0.697,1.741,1.112,352.0,2.8,0.482,1.739,1.527,0.917,1.739,1.649,World,Wall4m,19.5,30.4,0.467,0.580,0,0,None,None,1,0,0,0,0.6332,0.6103,0.451,0.000,0
43.21,Negin,AUIT_Multi,CBA,0.672,1.742,1.108,348.3,2.0,0.411,1.741,1.529,0.848,1.741,1.649,World,CabinetD06,20.2,29.8,0.495,0.569,0,0,None,None,1,0,0,0,0.6476,0.6238,0.453,0.000,0
43.31,Negin,AUIT_Multi,CBA,0.649,1.743,1.106,345.8,1.4,0.355,1.742,1.527,0.796,1.742,1.649,World,CabinetD06,20.7,29.3,0.514,0.563,0,0,None,None,1,0,0,0,0.5727,0.5356,0.457,0.000,0
43.40,Negin,AUIT_Multi,CBA,0.628,1.742,1.103,343.5,0.9,0.331,1.742,1.490,0.749,1.742,1.648,World,CabinetD06,21.0,29.0,0.488,0.559,0,0,None,None,1,0,0,0,0.4497,0.4854,0.446,0.000,0
43.50,Negin,AUIT_Multi,CBA,0.608,1.742,1.100,341.5,0.3,0.318,1.742,1.448,0.705,1.742,1.648,World,CabinetD06,21.2,28.6,0.453,0.557,0,0,None,None,1,0,0,0,0.4546,0.4481,0.436,0.000,0
43.61,Negin,AUIT_Multi,CBA,0.589,1.742,1.098,340.6,359.3,0.305,1.742,1.412,0.664,1.742,1.648,World,CabinetD06,22.7,27.2,0.424,0.555,0,0,None,None,1,0,0,0,0.3435,0.3706,0.429,0.000,0
43.71,Negin,AUIT_Multi,CBA,0.577,1.742,1.097,341.2,358.5,0.296,1.742,1.399,0.643,1.743,1.636,World,CabinetD06,24.2,25.9,0.412,0.543,0,0,None,None,1,0,0,0,0.1685,0.2472,0.421,0.000,0
43.81,Negin,AUIT_Multi,CBA,0.566,1.741,1.095,341.1,358.0,0.291,1.742,1.393,0.625,1.744,1.610,World,CabinetD06,24.0,25.4,0.405,0.518,0,0,None,None,1,0,0,0,0.0775,0.3247,0.398,0.000,0
43.90,Negin,AUIT_Multi,CBA,0.559,1.741,1.095,341.2,357.7,0.288,1.742,1.386,0.605,1.745,1.586,World,CabinetD06,24.2,24.3,0.397,0.493,0,0,None,None,1,1,0,0,0.0762,0.3172,0.375,0.000,0
44.00,Negin,AUIT_Multi,CBA,0.554,1.742,1.096,342.3,357.1,0.286,1.741,1.387,0.589,1.746,1.559,World,CabinetD06,25.1,22.1,0.396,0.464,0,0,None,None,0,1,0,0,0.0279,0.3261,0.348,0.000,0
44.11,Negin,AUIT_Multi,CBA,0.550,1.744,1.097,342.5,356.2,0.285,1.742,1.388,0.569,1.748,1.530,World,CabinetD06,25.1,20.3,0.393,0.433,0,0,None,None,0,1,0,0,0.0139,0.3161,0.317,0.000,0
44.21,Negin,AUIT_Multi,CBA,0.548,1.746,1.099,343.7,355.7,0.285,1.744,1.391,0.554,1.750,1.503,World,CabinetD06,26.1,17.5,0.393,0.404,0,0,None,None,0,1,0,0,0.0334,0.3214,0.291,0.000,0
44.31,Negin,AUIT_Multi,CBA,0.550,1.746,1.103,345.7,355.5,0.285,1.746,1.405,0.539,1.751,1.477,World,CabinetD06,27.3,13.2,0.402,0.374,0,0,None,None,0,1,0,0,0.1449,0.3066,0.265,0.000,0
44.40,Negin,AUIT_Multi,CBA,0.557,1.743,1.107,349.5,357.3,0.287,1.745,1.433,0.528,1.752,1.451,World,CabinetD06,29.2,5.7,0.424,0.346,0,0,None,None,0,1,0,0,0.2942,0.2910,0.242,0.000,0
44.50,Negin,AUIT_Multi,CBA,0.573,1.739,1.110,355.4,359.3,0.294,1.742,1.494,0.522,1.753,1.425,World,CabinetD06,31.3,4.9,0.474,0.320,0,0,None,None,0,1,0,0,0.6287,0.2713,0.238,0.000,0
44.61,Negin,AUIT_Multi,CBA,0.599,1.731,1.111,3.5,4.1,0.360,1.737,1.525,0.521,1.753,1.397,World,CabinetD05,33.9,20.7,0.477,0.297,0,0,None,None,0,1,0,0,0.6585,0.2599,0.206,1.000,0
44.71,Negin,AUIT_Multi,CBA,0.624,1.722,1.110,9.4,9.2,0.444,1.730,1.522,0.717,1.741,1.511,World,CabinetD05,34.4,12.3,0.450,0.412,0,0,None,None,0,1,0,0,0.8622,2.3428,0.274,0.000,0
44.81,Negin,AUIT_Multi,CBA,0.651,1.716,1.108,13.6,12.4,0.514,1.722,1.520,0.711,1.738,1.464,World,CabinetD05,34.3,16.4,0.434,0.362,0,0,None,None,0,1,0,0,0.7274,0.4828,0.205,0.000,0
44.90,Negin,AUIT_Multi,CBA,0.678,1.712,1.104,16.8,14.9,0.571,1.716,1.523,0.707,1.735,1.423,World,CabinetD05,34.3,22.2,0.432,0.321,0,0,None,None,0,1,0,0,0.5946,0.4312,0.169,0.692,0
45.00,Negin,AUIT_Multi,CBA,0.702,1.710,1.098,17.5,16.0,0.618,1.712,1.519,0.704,1.732,1.387,World,CabinetD05,32.7,26.5,0.429,0.290,0,0,None,None,0,0,0,0,0.4843,0.3660,0.158,1.000,0
45.11,Negin,AUIT_Multi,CBA,0.726,1.709,1.090,15.5,16.5,0.647,1.710,1.515,0.700,1.729,1.354,World,CabinetD05,30.5,29.4,0.432,0.266,0,0,None,None,0,0,0,0,0.2654,0.3062,0.171,1.000,0
45.21,Negin,AUIT_Multi,CBA,0.744,1.710,1.084,12.7,16.2,0.653,1.710,1.514,0.697,1.727,1.328,World,CabinetD05,29.2,30.7,0.439,0.249,0,0,None,None,0,0,0,0,0.0565,0.2690,0.192,1.000,0
45.31,Negin,AUIT_Multi,CBA,0.760,1.708,1.080,10.5,16.3,0.650,1.709,1.513,0.694,1.725,1.302,World,CabinetD05,29.4,33.6,0.447,0.233,0,0,None,None,0,0,0,0,0.0277,0.2669,0.216,1.000,0
45.40,Negin,AUIT_Multi,CBA,0.773,1.707,1.075,7.7,16.6,0.646,1.708,1.514,0.693,1.722,1.278,World,CabinetD05,28.9,35.4,0.457,0.219,0,0,None,None,0,0,0,0,0.0462,0.2480,0.241,1.000,0
45.50,Negin,AUIT_Multi,CBA,0.786,1.707,1.072,5.2,16.3,0.635,1.707,1.516,0.688,1.720,1.254,World,CabinetD05,28.8,38.6,0.469,0.207,0,0,None,None,0,0,0,0,0.1144,0.2593,0.268,1.000,0
45.61,Negin,AUIT_Multi,CBA,0.798,1.707,1.067,3.5,15.9,0.625,1.707,1.518,0.687,1.717,1.226,World,CabinetD05,28.9,42.4,0.483,0.194,0,0,None,None,0,0,0,0,0.0926,0.2525,0.298,1.000,0
45.71,Negin,AUIT_Multi,CBA,0.805,1.706,1.064,2.3,15.8,0.619,1.706,1.518,0.741,1.713,1.249,World,CabinetD05,28.9,27.5,0.491,0.196,0,0,None,None,0,0,0,0,0.0616,0.6150,0.295,1.000,0
45.81,Negin,AUIT_Multi,CBA,0.808,1.707,1.062,1.7,15.4,0.618,1.706,1.518,0.784,1.711,1.274,World,CabinetD05,28.4,18.3,0.494,0.214,0,0,None,None,0,1,0,0,0.0097,0.5076,0.295,1.000,0
45.90,Negin,AUIT_Multi,CBA,0.806,1.708,1.062,0.1,14.8,0.618,1.707,1.517,0.795,1.709,1.279,World,CabinetD05,26.5,15.2,0.493,0.218,0,0,None,None,0,1,0,0,0.0078,0.1211,0.296,1.000,0
46.00,Negin,AUIT_Multi,CBA,0.799,1.712,1.063,356.9,13.3,0.618,1.709,1.517,0.798,1.707,1.292,World,CabinetD05,22.6,12.4,0.489,0.229,0,0,None,None,1,1,0,0,0.0192,0.1349,0.288,0.000,0
46.11,Negin,AUIT_Multi,CBA,0.786,1.716,1.065,351.3,11.3,0.615,1.713,1.517,0.784,1.706,1.283,World,CabinetD05,16.2,11.8,0.483,0.218,0,0,None,None,1,1,0,0,0.0457,0.1527,0.288,0.612,0
46.21,Negin,AUIT_Multi,CBA,0.770,1.720,1.066,347.5,9.8,0.581,1.716,1.513,0.779,1.704,1.275,World,Quad,14.0,15.7,0.485,0.210,0,0,None,None,1,1,0,0,0.3562,0.0954,0.309,0.000,0
46.30,Negin,AUIT_Multi,CBA,0.754,1.726,1.066,344.8,7.3,0.501,1.721,1.515,0.789,1.703,1.268,World,Quad,15.6,24.8,0.515,0.206,0,0,None,None,1,1,0,0,0.8206,0.1258,0.379,0.000,0
46.40,Negin,AUIT_Multi,CBA,0.736,1.733,1.065,341.9,4.1,0.384,1.727,1.516,0.791,1.702,1.260,World,CabinetD06,20.2,33.9,0.572,0.204,0,0,None,None,1,0,0,0,1.2082,0.0848,0.481,0.000,0
46.51,Negin,AUIT_Multi,CBA,0.714,1.739,1.065,338.7,2.1,0.345,1.734,1.471,0.788,1.701,1.251,World,CabinetD06,21.0,43.5,0.549,0.204,0,0,None,None,1,0,0,0,0.5385,0.0853,0.496,0.000,0
46.61,Negin,AUIT_Multi,CBA,0.694,1.742,1.066,335.9,0.5,0.330,1.739,1.427,0.785,1.700,1.243,World,CabinetD06,21.1,52.3,0.513,0.204,0,0,None,None,1,0,0,0,0.4810,0.0905,0.493,0.000,0
46.71,Negin,AUIT_Multi,CBA,0.674,1.746,1.069,333.7,357.8,0.321,1.743,1.387,0.783,1.698,1.235,World,CabinetD06,21.9,61.1,0.475,0.205,0,0,None,None,1,0,0,0,0.4260,0.0794,0.488,0.000,0
46.80,Negin,AUIT_Multi,CBA,0.654,1.748,1.073,331.1,355.9,0.317,1.746,1.353,0.728,1.715,1.399,World,CabinetD06,21.8,42.8,0.438,0.336,0,0,None,None,1,0,0,0,0.3539,1.7845,0.415,0.000,0
46.90,Negin,AUIT_Multi,CBA,0.635,1.747,1.078,327.8,355.3,0.313,1.747,1.317,0.701,1.718,1.390,World,CabinetD06,21.6,45.3,0.401,0.321,0,0,None,None,1,0,0,0,0.3726,0.2899,0.396,0.000,0
47.01,Negin,AUIT_Multi,CBA,0.616,1.742,1.084,325.0,357.4,0.307,1.745,1.283,0.675,1.721,1.370,World,CabinetD06,22.3,47.0,0.368,0.293,0,0,None,None,1,0,0,0,0.3078,0.2998,0.378,0.000,0
47.11,Negin,AUIT_Multi,CBA,0.602,1.738,1.092,324.6,356.8,0.301,1.741,1.268,0.653,1.724,1.371,World,CabinetD06,24.4,46.3,0.349,0.283,0,0,None,None,1,0,0,0,0.1691,0.2200,0.367,0.000,0
47.21,Negin,AUIT_Multi,CBA,0.591,1.736,1.100,323.8,356.9,0.297,1.738,1.265,0.633,1.727,1.372,World,CabinetD06Door,24.5,45.3,0.337,0.276,0,0,None,None,1,0,0,0,0.0600,0.2152,0.352,0.000,0
47.31,Negin,AUIT_Multi,CBA,0.585,1.735,1.104,322.0,357.8,0.293,1.736,1.261,0.611,1.730,1.373,World,CabinetD06Door,23.8,43.8,0.332,0.270,0,0,None,None,1,0,0,0,0.0650,0.2225,0.338,0.000,0
47.40,Negin,AUIT_Multi,CBA,0.584,1.735,1.107,320.6,357.6,0.289,1.735,1.254,0.590,1.733,1.375,World,CabinetD06Door,24.2,40.8,0.330,0.268,0,0,None,None,1,0,0,0,0.0821,0.2181,0.325,0.000,0
47.51,Negin,AUIT_Multi,CBA,0.588,1.737,1.108,319.3,358.0,0.287,1.736,1.249,0.568,1.737,1.376,World,CabinetD06Door,24.4,36.5,0.332,0.268,0,0,None,None,1,0,0,0,0.0562,0.2017,0.309,0.000,0
47.61,Negin,AUIT_Multi,CBA,0.594,1.738,1.109,318.3,359.2,0.286,1.737,1.244,0.549,1.740,1.377,World,CabinetD06Door,24.7,32.2,0.336,0.271,0,0,None,None,1,0,0,0,0.0451,0.1982,0.295,0.000,0
47.71,Negin,AUIT_Multi,CBA,0.601,1.736,1.111,318.1,1.2,0.287,1.737,1.243,0.532,1.744,1.378,World,CabinetD06Door,25.4,27.6,0.340,0.276,0,0,None,None,0,0,0,0,0.0236,0.1837,0.280,0.000,0
47.81,Negin,AUIT_Multi,CBA,0.607,1.731,1.112,318.4,4.9,0.296,1.736,1.243,0.486,1.740,1.501,World,CabinetD06Door,26.1,25.1,0.337,0.408,0,0,None,None,0,0,0,0,0.0923,1.3520,0.321,0.000,0
47.90,Negin,AUIT_Multi,CBA,0.612,1.726,1.114,318.2,7.8,0.316,1.735,1.240,0.488,1.738,1.485,World,CabinetD06Door,26.8,25.0,0.322,0.392,0,0,None,None,0,0,0,0,0.2090,0.1722,0.299,0.000,0
48.01,Negin,AUIT_Multi,CBA,0.620,1.722,1.119,318.2,9.8,0.339,1.734,1.238,0.489,1.736,1.467,World,CabinetD06Door,27.9,24.3,0.305,0.372,0,0,None,None,0,1,0,0,0.2096,0.1625,0.274,0.000,0
48.10,Negin,AUIT_Multi,CBA,0.627,1.722,1.124,318.9,10.1,0.358,1.733,1.236,0.491,1.735,1.453,World,CabinetD06Door,28.9,22.3,0.292,0.356,0,0,None,None,0,1,0,0,0.2115,0.1577,0.255,0.000,0
48.22,Negin,AUIT_Multi,CBA,0.637,1.723,1.131,320.3,9.7,0.381,1.733,1.236,0.495,1.734,1.436,World,CabinetD06,30.4,18.8,0.277,0.336,0,0,None,None,0,1,0,0,0.1945,0.1478,0.230,0.000,0
48.31,Negin,AUIT_Multi,CBA,0.646,1.722,1.139,321.4,9.7,0.402,1.733,1.235,0.499,1.734,1.420,World,CabinetD06,32.1,16.1,0.263,0.317,0,0,None,None,0,1,0,0,0.2454,0.1973,0.208,0.000,0
48.40,Negin,AUIT_Multi,CBA,0.652,1.722,1.144,322.2,9.8,0.421,1.733,1.236,0.502,1.733,1.406,World,CabinetD06,32.8,14.2,0.249,0.302,0,0,None,None,0,1,0,0,0.1952,0.1462,0.189,0.000,0
48.51,Negin,AUIT_Multi,CBA,0.657,1.722,1.148,323.6,9.8,0.443,1.733,1.236,0.505,1.732,1.389,World,CabinetD06,33.6,12.4,0.232,0.285,0,0,None,None,0,1,0,0,0.1998,0.1543,0.166,0.000,0
48.61,Negin,AUIT_Multi,CBA,0.662,1.723,1.150,324.4,9.6,0.462,1.733,1.235,0.507,1.731,1.375,World,CabinetD06,33.8,11.4,0.217,0.273,0,0,None,None,0,1,0,0,0.2001,0.1458,0.148,0.000,0
48.71,Negin,AUIT_Multi,CBA,0.665,1.725,1.151,323.8,8.4,0.482,1.733,1.233,0.508,1.730,1.361,World,CabinetD06,31.4,9.5,0.200,0.262,0,0,None,None,0,1,0,0,0.2065,0.1445,0.131,0.000,0
48.80,Negin,AUIT_Multi,CBA,0.668,1.728,1.149,321.7,6.6,0.416,1.731,1.274,0.523,1.729,1.457,World,CabinetD06,26.1,14.6,0.282,0.340,0,0,None,None,0,1,0,0,0.8050,0.9908,0.211,0.000,0
48.90,Negin,AUIT_Multi,CBA,0.671,1.728,1.150,322.4,6.5,0.321,1.728,1.325,0.545,1.728,1.624,World,CabinetD06,26.6,23.6,0.391,0.490,0,0,None,None,0,1,0,0,1.0982,1.7308,0.374,0.000,0
49.01,Negin,AUIT_Multi,CBA,0.676,1.728,1.154,326.4,6.4,0.322,1.729,1.341,0.566,1.729,1.672,World,CabinetD06,29.2,22.5,0.401,0.529,0,0,None,None,0,1,0,0,0.1496,0.4697,0.410,0.000,0
49.11,Negin,AUIT_Multi,CBA,0.682,1.725,1.160,332.2,6.9,0.322,1.727,1.379,0.591,1.727,1.782,World,CabinetD06,31.5,20.8,0.421,0.628,0,0,None,None,0,1,0,0,0.3920,1.1611,0.484,0.000,0
49.21,Negin,AUIT_Multi,CBA,0.685,1.723,1.164,335.5,7.9,0.320,1.725,1.438,0.655,1.725,1.677,World,CabinetD06,29.6,22.6,0.457,0.514,0,0,None,None,0,1,0,0,0.6063,1.2638,0.412,0.000,0
49.30,Negin,AUIT_Multi,CBA,0.687,1.718,1.165,336.1,10.6,0.319,1.722,1.473,0.686,1.722,1.653,World,CabinetD06,28.3,26.1,0.479,0.488,0,0,None,None,0,0,0,0,0.3602,0.4049,0.409,0.000,0
49.40,Negin,AUIT_Multi,CBA,0.687,1.718,1.167,336.6,10.4,0.319,1.719,1.486,0.696,1.719,1.650,World,CabinetD06,27.6,26.4,0.487,0.483,0,0,None,None,0,0,0,0,0.1428,0.1112,0.411,0.000,0
49.51,Negin,AUIT_Multi,CBA,0.688,1.719,1.168,337.3,10.0,0.319,1.719,1.496,0.702,1.719,1.650,World,CabinetD06,27.4,26.2,0.494,0.482,0,0,None,None,0,0,0,0,0.0932,0.0591,0.413,0.000,0
49.61,Negin,AUIT_Multi,CBA,0.688,1.723,1.168,338.0,8.9,0.319,1.720,1.506,0.708,1.720,1.650,World,CabinetD06,26.9,25.8,0.500,0.482,0,0,None,None,0,0,0,0,0.0958,0.0649,0.415,0.000,0
49.71,Negin,AUIT_Multi,CBA,0.689,1.725,1.168,338.4,8.2,0.318,1.723,1.515,0.715,1.723,1.650,World,CabinetD06,26.5,25.9,0.507,0.483,0,0,None,None,0,0,0,0,0.1004,0.0703,0.419,0.000,0
49.80,Negin,AUIT_Multi,CBA,0.679,1.721,1.164,335.2,9.5,0.318,1.723,1.507,0.709,1.723,1.650,World,CabinetD06,23.8,29.7,0.497,0.487,0,0,None,None,1,0,0,0,0.0864,0.0626,0.416,0.000,0
49.90,Negin,AUIT_Multi,CBA,0.675,1.723,1.161,333.1,8.8,0.318,1.722,1.465,0.677,1.722,1.650,World,CabinetD06,24.2,28.5,0.468,0.488,0,0,None,None,1,0,0,0,0.4281,0.3234,0.403,0.000,0
50.01,Negin,AUIT_Multi,CBA,0.670,1.723,1.157,332.4,8.4,0.318,1.723,1.443,0.660,1.723,1.650,World,CabinetD06,24.6,27.7,0.454,0.493,0,0,None,None,1,0,0,0,0.1961,0.1492,0.400,0.000,0
50.11,Negin,AUIT_Multi,CBA,0.668,1.722,1.154,331.4,9.1,0.318,1.723,1.423,0.645,1.723,1.653,World,CabinetD06,25.4,27.5,0.442,0.500,0,0,None,None,0,0,0,0,0.2022,0.1632,0.400,0.000,0
50.21,Negin,AUIT_Multi,CBA,0.672,1.724,1.153,333.8,8.0,0.317,1.723,1.417,0.641,1.723,1.654,World,CabinetD06,28.1,24.0,0.442,0.502,0,0,None,None,0,1,0,0,0.0628,0.0394,0.401,0.000,0
50.30,Negin,AUIT_Multi,CBA,0.675,1.726,1.152,336.7,7.0,0.316,1.724,1.445,0.666,1.724,1.650,World,CabinetD06,28.2,23.3,0.463,0.498,0,0,None,None,0,1,0,0,0.2839,0.2609,0.406,0.000,0
50.40,Negin,AUIT_Multi,CBA,0.677,1.729,1.151,337.2,5.8,0.316,1.727,1.470,0.688,1.727,1.649,World,CabinetD06,26.3,24.6,0.482,0.498,0,0,None,None,0,1,0,0,0.2605,0.2239,0.413,0.000,0
50.51,Negin,AUIT_Multi,CBA,0.677,1.732,1.150,336.1,4.6,0.316,1.730,1.473,0.692,1.730,1.649,World,CabinetD06,24.6,26.0,0.484,0.500,0,0,None,None,1,0,0,0,0.0372,0.0467,0.415,0.000,0
50.61,Negin,AUIT_Multi,CBA,0.675,1.732,1.147,333.8,3.4,0.317,1.732,1.455,0.680,1.732,1.649,World,CabinetD06,23.3,26.9,0.472,0.502,0,0,None,None,1,0,0,0,0.1856,0.1310,0.411,0.000,0
50.71,Negin,AUIT_Multi,CBA,0.678,1.735,1.146,334.6,1.7,0.318,1.733,1.439,0.669,1.733,1.649,World,CabinetD06,25.5,24.4,0.464,0.503,0,0,None,None,0,1,0,0,0.1661,0.1153,0.409,0.000,0
50.80,Negin,AUIT_Multi,CBA,0.680,1.732,1.144,335.9,3.8,0.318,1.734,1.447,0.677,1.734,1.649,World,CabinetD06,26.4,24.0,0.472,0.505,0,0,None,None,0,1,0,0,0.0834,0.0903,0.412,0.000,0
50.90,Negin,AUIT_Multi,CBA,0.682,1.735,1.144,336.2,2.6,0.318,1.733,1.459,0.688,1.733,1.649,World,CabinetD06,25.5,24.6,0.481,0.505,0,0,None,None,0,1,0,0,0.1176,0.1105,0.416,0.000,0
51.01,Negin,AUIT_Multi,CBA,0.685,1.734,1.143,336.9,3.1,0.318,1.735,1.463,0.693,1.735,1.649,World,CabinetD06,25.9,24.3,0.487,0.506,0,0,None,None,0,1,0,0,0.0423,0.0488,0.419,0.000,0
51.11,Negin,AUIT_Multi,CBA,0.686,1.734,1.142,337.1,3.1,0.318,1.734,1.470,0.701,1.734,1.649,World,CabinetD06,25.5,24.8,0.493,0.508,0,0,None,None,0,1,0,0,0.0744,0.0758,0.422,0.000,0
51.21,Negin,AUIT_Multi,CBA,0.687,1.734,1.142,337.4,3.8,0.319,1.734,1.474,0.704,1.734,1.649,World,CabinetD06,25.7,24.8,0.496,0.507,0,0,None,None,0,1,0,0,0.0371,0.0373,0.424,0.000,0
51.30,Negin,AUIT_Multi,CBA,0.688,1.734,1.140,336.8,3.7,0.319,1.734,1.475,0.707,1.734,1.649,World,CabinetD06,24.8,25.5,0.498,0.509,0,0,None,None,1,0,0,0,0.0175,0.0241,0.425,0.000,0
51.40,Negin,AUIT_Multi,CBA,0.687,1.736,1.139,335.7,3.0,0.319,1.735,1.467,0.701,1.735,1.649,World,CabinetD06,24.3,26.0,0.492,0.510,0,0,None,None,1,0,0,0,0.0915,0.0558,0.423,0.000,0
51.51,Negin,AUIT_Multi,CBA,0.684,1.733,1.141,335.1,4.4,0.320,1.735,1.455,0.693,1.735,1.649,World,CabinetD06,24.8,26.2,0.480,0.508,0,0,None,None,1,0,0,0,0.1056,0.0791,0.420,0.000,0
51.61,Negin,AUIT_Multi,CBA,0.679,1.732,1.142,335.3,4.6,0.319,1.733,1.449,0.685,1.733,1.649,World,CabinetD06,25.2,25.9,0.474,0.507,0,0,None,None,0,0,0,0,0.0582,0.0746,0.417,0.000,0
51.71,Negin,AUIT_Multi,CBA,0.673,1.733,1.139,331.4,3.6,0.318,1.733,1.436,0.672,1.733,1.649,World,CabinetD06,21.7,28.7,0.463,0.510,0,0,None,None,1,0,0,0,0.1397,0.1397,0.413,0.000,0
51.80,Negin,AUIT_Multi,CBA,0.670,1.732,1.138,330.4,3.6,0.319,1.733,1.404,0.644,1.733,1.655,World,CabinetD06,23.4,27.0,0.440,0.518,0,0,None,None,1,0,0,0,0.3295,0.2956,0.410,0.000,0
51.90,Negin,AUIT_Multi,CBA,0.666,1.731,1.137,329.7,4.3,0.318,1.732,1.387,0.618,1.732,1.763,World,CabinetD06,24.2,26.3,0.428,0.628,0,0,None,None,1,0,0,0,0.1697,1.1447,0.481,0.000,0
52.01,Negin,AUIT_Multi,CBA,0.661,1.727,1.134,328.1,6.4,0.318,1.731,1.372,0.587,1.731,1.894,World,CabinetD06,24.3,27.2,0.417,0.763,0,0,None,None,1,0,0,0,0.1403,1.2064,0.587,0.000,0
52.11,Negin,AUIT_Multi,CBA,0.654,1.720,1.132,325.8,11.0,0.318,1.726,1.354,0.582,1.726,1.754,World,CabinetD06,25.1,29.8,0.403,0.626,0,0,None,None,0,0,0,0,0.1914,1.4436,0.479,0.000,0
52.21,Negin,AUIT_Multi,CBA,0.645,1.717,1.129,323.1,12.2,0.317,1.720,1.329,0.563,1.720,1.670,World,CabinetD06,25.0,30.6,0.384,0.548,0,0,None,None,0,0,0,0,0.2642,0.8794,0.421,0.000,0
52.30,Negin,AUIT_Multi,CBA,0.636,1.716,1.126,321.3,12.7,0.315,1.718,1.304,0.533,1.718,1.653,World,CabinetD06,25.6,30.3,0.368,0.537,0,0,None,None,0,0,0,0,0.2580,0.3549,0.411,0.000,0
52.40,Negin,AUIT_Multi,CBA,0.626,1.714,1.122,319.1,14.4,0.311,1.716,1.284,0.504,1.716,1.651,World,CabinetD06Door,26.3,31.2,0.355,0.542,0,0,None,None,0,0,0,0,0.2123,0.2976,0.415,0.000,0
52.51,Negin,AUIT_Multi,CBA,0.611,1.716,1.121,316.4,14.3,0.301,1.715,1.262,0.466,1.715,1.651,World,CabinetD06Door,25.8,31.3,0.341,0.550,0,0,None,None,0,0,0,0,0.2144,0.3497,0.422,0.000,0
52.61,Negin,AUIT_Multi,CBA,0.596,1.720,1.121,313.7,12.9,0.289,1.717,1.245,0.428,1.717,1.652,World,CabinetD06Door,24.9,31.0,0.331,0.557,0,0,None,None,1,0,0,0,0.2160,0.3914,0.430,0.000,0
52.71,Negin,AUIT_Multi,CBA,0.580,1.721,1.122,311.6,11.8,0.273,1.719,1.229,0.385,1.719,1.653,World,CabinetD06Door,25.0,30.4,0.325,0.566,0,0,None,None,0,0,0,0,0.2368,0.4400,0.438,0.000,0
52.81,Negin,AUIT_Multi,CBA,0.566,1.720,1.122,310.0,11.5,0.256,1.720,1.217,0.346,1.720,1.654,World,CabinetD06Door,25.7,29.7,0.324,0.575,0,0,None,None,0,0,0,0,0.2126,0.3948,0.446,0.000,0
52.90,Negin,AUIT_Multi,CBA,0.555,1.718,1.123,309.8,11.6,0.243,1.719,1.209,0.318,1.719,1.654,World,CabinetD06Door,26.9,28.5,0.323,0.581,0,0,None,None,0,0,0,0,0.1557,0.2890,0.451,0.000,0
53.01,Negin,AUIT_Multi,CBA,0.541,1.718,1.128,311.0,10.9,0.240,1.718,1.208,0.305,1.718,1.654,World,CabinetD06Door,28.0,27.1,0.312,0.577,0,0,None,None,0,0,0,0,0.0311,0.1189,0.451,0.000,0
53.11,Negin,AUIT_Multi,CBA,0.530,1.716,1.132,312.3,11.5,0.244,1.717,1.214,0.308,1.717,1.653,World,CabinetD06Door,28.7,27.0,0.297,0.567,0,0,None,None,0,0,0,0,0.0744,0.0267,0.444,0.000,0
53.21,Negin,AUIT_Multi,CBA,0.521,1.718,1.137,314.2,10.5,0.249,1.717,1.221,0.315,1.717,1.653,World,CabinetD06Door,28.6,26.1,0.284,0.556,0,0,None,None,0,0,0,0,0.0938,0.0707,0.437,0.000,0
53.31,Negin,AUIT_Multi,CBA,0.517,1.717,1.141,316.8,11.3,0.256,1.718,1.231,0.328,1.718,1.652,World,CabinetD06Door,29.9,25.4,0.276,0.545,0,0,None,None,0,0,0,0,0.1206,0.1425,0.428,0.000,0
53.40,Negin,AUIT_Multi,CBA,0.519,1.715,1.145,321.2,12.9,0.267,1.717,1.245,0.357,1.717,1.652,World,CabinetD06Door,32.1,24.6,0.272,0.532,0,0,None,None,0,1,0,0,0.1844,0.2928,0.416,0.000,0
53.51,Negin,AUIT_Multi,CBA,0.530,1.712,1.146,328.1,14.0,0.268,1.711,1.277,0.379,1.715,1.618,World,CabinetD06,34.2,20.0,0.292,0.495,0,0,None,None,0,1,0,0,0.2860,0.3602,0.359,0.000,0
53.61,Negin,AUIT_Multi,CBA,0.539,1.712,1.145,332.9,15.5,0.267,1.706,1.307,0.396,1.713,1.586,World,CabinetD06,34.9,18.1,0.317,0.463,0,0,None,None,0,1,0,0,0.3153,0.3797,0.307,0.000,0
53.71,Negin,AUIT_Multi,CBA,0.544,1.713,1.142,333.8,16.0,0.265,1.701,1.333,0.407,1.712,1.553,World,CabinetD06,32.2,17.7,0.338,0.433,0,0,None,None,0,1,0,0,0.2687,0.3502,0.263,0.000,0
53.81,Negin,AUIT_Multi,CBA,0.541,1.715,1.143,332.7,15.4,0.264,1.697,1.356,0.415,1.711,1.521,World,CabinetD06,27.7,17.1,0.349,0.399,0,0,None,None,0,1,0,0,0.2412,0.3376,0.225,0.000,0
53.90,Negin,AUIT_Multi,CBA,0.529,1.716,1.149,328.9,16.0,0.262,1.692,1.381,0.409,1.710,1.489,World,CabinetD06,21.4,19.0,0.354,0.361,0,0,None,None,1,1,0,0,0.2656,0.3341,0.184,0.000,0
54.00,Negin,AUIT_Multi,CBA,0.508,1.714,1.161,324.5,16.4,0.259,1.687,1.405,0.400,1.709,1.458,World,CabinetD06Door,15.5,21.7,0.350,0.316,0,0,None,None,1,1,0,0,0.2566,0.3396,0.152,0.000,0
54.11,Negin,AUIT_Multi,CBA,0.479,1.708,1.176,320.1,16.3,0.258,1.680,1.421,0.406,1.706,1.422,World,CabinetD06Door,11.6,27.9,0.331,0.256,0,0,None,None,1,0,0,0,0.1538,0.3298,0.150,0.000,0
54.21,Negin,AUIT_Multi,CBA,0.456,1.703,1.187,318.2,15.8,0.256,1.674,1.440,0.412,1.704,1.389,World,CabinetD06Door,11.2,33.4,0.324,0.207,0,0,None,None,1,0,0,0,0.2055,0.3409,0.168,0.000,0
54.31,Negin,AUIT_Multi,CBA,0.436,1.701,1.194,317.4,14.8,0.254,1.669,1.462,0.415,1.702,1.358,World,Quad,12.3,38.1,0.325,0.165,0,0,None,None,1,0,0,0,0.2339,0.3232,0.195,0.000,0
54.40,Negin,AUIT_Multi,CBA,0.422,1.701,1.197,316.4,13.6,0.253,1.664,1.485,0.419,1.701,1.325,World,Quad,14.9,44.1,0.336,0.129,0,0,None,None,1,0,0,0,0.2393,0.3376,0.233,0.000,0
54.50,Negin,AUIT_Multi,CBA,0.414,1.702,1.198,316.1,13.1,0.254,1.695,1.303,0.345,1.701,1.472,World,CabinetD06Door,16.8,32.0,0.191,0.283,0,0,None,None,1,0,0,0,1.8934,1.6945,0.192,0.000,0
54.61,Negin,AUIT_Multi,CBA,0.419,1.703,1.198,318.8,15.1,0.243,1.701,1.271,0.338,1.700,1.464,World,CabinetD06Door,29.7,28.0,0.190,0.278,0,0,None,None,0,0,0,0,0.3081,0.0967,0.215,0.000,0
54.71,Negin,AUIT_Multi,CBA,0.433,1.706,1.195,323.0,15.6,0.250,1.703,1.276,0.338,1.699,1.456,World,CabinetD06Door,32.1,22.1,0.200,0.278,0,0,None,None,0,1,0,0,0.0934,0.0791,0.200,0.000,0
54.81,Negin,AUIT_Multi,CBA,0.448,1.709,1.189,324.9,16.3,0.258,1.706,1.288,0.336,1.699,1.448,World,CabinetD06Door,31.3,18.3,0.214,0.283,0,0,None,None,0,1,0,0,0.1428,0.0868,0.179,0.000,0
54.90,Negin,AUIT_Multi,CBA,0.460,1.709,1.182,326.4,16.6,0.262,1.709,1.296,0.332,1.699,1.441,World,CabinetD06Door,30.9,16.2,0.229,0.289,0,0,None,None,0,1,0,0,0.1025,0.0791,0.162,0.000,0
55.00,Negin,AUIT_Multi,CBA,0.470,1.709,1.176,327.1,17.3,0.265,1.709,1.301,0.327,1.698,1.431,World,CabinetD06Door,30.5,15.5,0.241,0.293,0,0,None,None,0,1,0,0,0.0601,0.1179,0.145,0.000,0
55.11,Negin,AUIT_Multi,CBA,0.476,1.711,1.168,326.4,16.9,0.267,1.710,1.302,0.318,1.697,1.425,World,CabinetD06Door,28.8,14.6,0.247,0.301,0,0,None,None,0,1,0,0,0.0220,0.0951,0.134,0.000,0
55.21,Negin,AUIT_Multi,CBA,0.476,1.712,1.164,324.5,16.0,0.268,1.711,1.301,0.305,1.697,1.418,World,CabinetD06Door,26.2,13.3,0.249,0.306,0,0,None,None,0,1,0,0,0.0147,0.1548,0.123,0.000,0
55.31,Negin,AUIT_Multi,CBA,0.472,1.712,1.162,322.4,15.5,0.267,1.712,1.302,0.289,1.696,1.411,World,CabinetD06Door,23.7,12.6,0.248,0.310,0,0,None,None,1,1,0,0,0.0124,0.1748,0.113,0.197,0
55.40,Negin,AUIT_Multi,CBA,0.468,1.712,1.162,320.6,15.1,0.266,1.712,1.303,0.273,1.696,1.405,World,CabinetD06Door,21.8,12.1,0.246,0.311,0,0,None,None,1,1,0,0,0.0173,0.1769,0.104,1.000,0
55.50,Negin,AUIT_Multi,CBA,0.466,1.713,1.162,319.5,14.6,0.265,1.712,1.303,0.248,1.707,1.580,World,CabinetD06Door,20.4,18.8,0.246,0.471,0,0,None,None,1,1,0,0,0.0147,1.8211,0.277,0.000,0
55.61,Negin,AUIT_Multi,CBA,0.466,1.714,1.162,319.9,14.0,0.264,1.713,1.302,0.233,1.713,1.649,World,CabinetD06Door,20.4,19.9,0.246,0.540,0,0,None,None,1,1,0,0,0.0172,0.6400,0.349,0.000,0
55.71,Negin,AUIT_Multi,CBA,0.470,1.714,1.160,320.8,14.2,0.265,1.714,1.301,0.242,1.714,1.654,World,CabinetD06Door,21.4,20.1,0.250,0.545,0,0,None,None,1,1,0,0,0.0079,0.1076,0.354,0.000,0
55.81,Negin,AUIT_Multi,CBA,0.480,1.715,1.156,322.3,14.2,0.266,1.714,1.300,0.268,1.714,1.654,World,CabinetD06Door,22.9,20.3,0.258,0.541,0,0,None,None,1,1,0,0,0.0188,0.2670,0.353,0.000,0
55.90,Negin,AUIT_Multi,CBA,0.494,1.716,1.151,324.6,14.2,0.269,1.715,1.298,0.314,1.715,1.652,World,CabinetD06Door,25.3,21.0,0.269,0.533,0,0,None,None,0,1,0,0,0.0371,0.4719,0.357,0.000,0
56.00,Negin,AUIT_Multi,CBA,0.512,1.720,1.144,328.0,12.9,0.273,1.716,1.296,0.379,1.716,1.650,World,CabinetD06,28.1,21.3,0.282,0.523,0,0,None,None,0,1,0,0,0.0536,0.6682,0.370,0.000,0
56.11,Negin,AUIT_Multi,CBA,0.536,1.725,1.135,333.1,11.0,0.278,1.721,1.307,0.461,1.721,1.649,World,CabinetD06,30.8,21.3,0.310,0.520,0,0,None,None,0,1,0,0,0.1226,0.7361,0.387,0.000,0
56.21,Negin,AUIT_Multi,CBA,0.560,1.728,1.125,338.7,9.9,0.281,1.725,1.343,0.531,1.725,1.750,World,CabinetD06,32.0,20.9,0.353,0.625,0,0,None,None,0,1,0,0,0.3654,1.2662,0.478,0.000,0
56.31,Negin,AUIT_Multi,CBA,0.584,1.730,1.115,344.2,9.2,0.283,1.728,1.399,0.606,1.728,1.737,World,CabinetD06,32.0,19.9,0.413,0.622,0,0,None,None,0,1,0,0,0.5786,0.7771,0.467,0.000,0
56.40,Negin,AUIT_Multi,CBA,0.608,1.733,1.105,350.0,8.6,0.289,1.730,1.471,0.680,1.730,1.662,World,CabinetD06,32.1,19.3,0.486,0.562,0,0,None,None,0,1,0,0,0.7425,1.0872,0.436,0.000,0
56.50,Negin,AUIT_Multi,CBA,0.631,1.733,1.096,354.8,8.8,0.324,1.732,1.522,0.762,1.732,1.652,World,CabinetD06,31.7,20.4,0.525,0.571,0,0,None,None,0,1,0,0,0.6371,0.8436,0.457,0.000,0
56.61,Negin,AUIT_Multi,CBA,0.654,1.733,1.087,358.5,9.1,0.395,1.733,1.521,0.753,1.732,1.635,World,Wall4m,30.7,14.8,0.506,0.557,0,0,None,None,0,1,0,0,0.6349,0.1681,0.376,0.000,0
56.71,Negin,AUIT_Multi,CBA,0.673,1.733,1.080,1.2,8.8,0.443,1.733,1.517,0.746,1.733,1.621,World,CabinetD05,30.2,10.9,0.494,0.546,0,0,None,None,0,1,0,0,0.4969,0.1631,0.321,0.000,0
56.81,Negin,AUIT_Multi,CBA,0.693,1.734,1.075,4.3,8.5,0.487,1.733,1.514,0.740,1.733,1.605,World,CabinetD05,30.6,8.4,0.485,0.532,0,0,None,None,0,1,0,0,0.4526,0.1736,0.269,0.000,0
56.90,Negin,AUIT_Multi,CBA,0.713,1.733,1.071,8.1,8.6,0.535,1.733,1.512,0.724,1.733,1.573,World,CabinetD05,31.3,11.0,0.475,0.502,0,0,None,None,0,1,0,0,0.4932,0.3716,0.199,0.000,0
57.00,Negin,AUIT_Multi,CBA,0.734,1.731,1.069,12.2,9.3,0.585,1.732,1.514,0.707,1.733,1.542,World,CabinetD05,32.0,18.1,0.469,0.474,0,0,None,None,0,1,0,0,0.5199,0.3597,0.125,0.505,0
57.11,Negin,AUIT_Multi,CBA,0.757,1.726,1.070,16.8,10.9,0.647,1.729,1.509,0.690,1.732,1.511,World,CabinetD05,32.7,27.9,0.452,0.446,0,0,None,None,0,0,0,0,0.5590,0.3231,0.043,0.910,0
57.21,Negin,AUIT_Multi,CBA,0.774,1.720,1.074,19.6,13.1,0.697,1.725,1.508,0.674,1.731,1.488,World,CabinetD05,32.5,36.1,0.441,0.426,0,0,None,None,0,0,0,0,0.5123,0.2859,0.031,1.000,0
57.31,Negin,AUIT_Multi,CBA,0.790,1.715,1.079,20.6,14.8,0.733,1.719,1.509,0.658,1.731,1.471,World,CabinetD05,31.7,42.4,0.433,0.414,0,0,None,None,0,0,0,0,0.3836,0.2408,0.085,1.000,0
57.40,Negin,AUIT_Multi,CBA,0.802,1.713,1.085,20.1,15.4,0.756,1.715,1.510,0.643,1.730,1.455,World,CabinetD05,30.3,46.4,0.428,0.403,0,0,None,None,0,0,0,0,0.2332,0.2209,0.126,1.000,0
57.50,Negin,AUIT_Multi,CBA,0.811,1.712,1.092,18.4,15.3,0.763,1.713,1.512,0.694,1.727,1.413,World,CabinetD05,29.0,42.0,0.423,0.342,0,0,None,None,0,0,0,0,0.0813,0.6806,0.122,1.000,0
57.61,Negin,AUIT_Multi,CBA,0.819,1.713,1.100,16.3,15.2,0.760,1.712,1.514,0.800,1.720,1.366,World,CabinetD05,28.5,26.2,0.418,0.267,0,0,None,None,0,0,0,0,0.0353,1.0514,0.154,0.921,0
57.71,Negin,AUIT_Multi,CBA,0.824,1.713,1.105,14.8,14.8,0.755,1.713,1.516,0.810,1.718,1.363,World,CabinetD05,28.2,23.6,0.417,0.258,0,0,None,None,0,1,0,0,0.0595,0.1116,0.163,0.753,0
57.81,Negin,AUIT_Multi,CBA,0.827,1.713,1.110,14.0,14.7,0.754,1.713,1.518,0.824,1.715,1.360,World,CabinetD05,28.1,20.9,0.415,0.250,0,0,None,None,0,1,0,0,0.0197,0.1467,0.173,0.552,0
57.90,Negin,AUIT_Multi,CBA,0.829,1.715,1.112,13.5,13.9,0.753,1.714,1.519,0.836,1.713,1.355,World,CabinetD05,27.4,17.5,0.414,0.243,0,0,None,None,0,1,0,0,0.0120,0.1382,0.184,0.504,0
58.00,Negin,AUIT_Multi,CBA,0.825,1.721,1.114,11.8,11.3,0.753,1.716,1.520,0.848,1.711,1.354,World,CabinetD05,24.2,10.9,0.412,0.241,0,0,None,None,1,1,0,0,0.0293,0.1247,0.191,0.536,0
58.11,Negin,AUIT_Multi,CBA,0.818,1.726,1.114,9.1,8.7,0.753,1.722,1.520,0.864,1.709,1.363,World,Quad,19.8,5.0,0.411,0.253,0,0,None,None,1,1,0,0,0.0493,0.1640,0.193,0.822,0
58.21,Negin,AUIT_Multi,CBA,0.808,1.730,1.115,7.0,7.1,0.753,1.726,1.520,0.876,1.707,1.378,World,Quad,16.1,7.7,0.409,0.273,0,0,None,None,1,1,0,0,0.0466,0.2009,0.188,0.000,0
58.31,Negin,AUIT_Multi,CBA,0.798,1.731,1.114,5.7,6.3,0.746,1.730,1.520,0.887,1.705,1.384,World,Quad,14.4,12.5,0.409,0.286,0,0,None,None,1,1,0,0,0.0819,0.1342,0.197,0.000,0
58.40,Negin,AUIT_Multi,CBA,0.787,1.732,1.114,4.7,6.1,0.727,1.731,1.520,0.898,1.702,1.378,World,Quad,14.4,18.0,0.410,0.288,0,0,None,None,1,1,0,0,0.1971,0.1300,0.224,0.000,0
58.50,Negin,AUIT_Multi,CBA,0.776,1.732,1.115,3.5,6.1,0.670,1.732,1.525,0.910,1.700,1.355,World,Quad,18.9,25.5,0.423,0.277,0,0,None,None,1,0,0,0,0.5880,0.2695,0.296,0.000,0
58.61,Negin,AUIT_Multi,CBA,0.763,1.733,1.116,2.2,6.0,0.613,1.732,1.529,0.988,1.726,1.520,World,CabinetD05,22.9,27.4,0.439,0.462,0,0,None,None,1,0,0,0,0.5126,1.6589,0.375,0.000,0
58.71,Negin,AUIT_Multi,CBA,0.752,1.734,1.117,0.6,5.7,0.589,1.733,1.526,1.000,1.732,1.585,World,CabinetD05,23.0,27.9,0.440,0.530,0,0,None,None,1,0,0,0,0.2532,0.6874,0.416,0.000,0
58.81,Negin,AUIT_Multi,CBA,0.738,1.735,1.119,357.8,5.3,0.561,1.734,1.526,0.993,1.734,1.637,World,CabinetD05,21.9,28.9,0.444,0.577,0,0,None,None,1,0,0,0,0.2851,0.5370,0.446,0.000,0
58.90,Negin,AUIT_Multi,CBA,0.725,1.736,1.121,354.2,5.1,0.522,1.735,1.528,0.954,1.735,1.650,World,CabinetD05,21.3,29.6,0.454,0.577,0,0,None,None,1,0,0,0,0.3982,0.4216,0.449,0.000,0
59.00,Negin,AUIT_Multi,CBA,0.711,1.735,1.122,350.2,5.3,0.475,1.735,1.530,0.903,1.735,1.651,World,CabinetD06,21.0,30.2,0.472,0.563,0,0,None,None,1,0,0,0,0.4902,0.5247,0.445,0.000,0
59.11,Negin,AUIT_Multi,CBA,0.696,1.733,1.124,344.9,6.0,0.409,1.734,1.533,0.854,1.735,1.637,World,CabinetD06,20.9,32.7,0.501,0.537,0,0,None,None,1,0,0,0,0.5949,0.4593,0.458,0.000,0
59.21,Negin,AUIT_Multi,CBA,0.681,1.731,1.126,340.1,6.9,0.350,1.733,1.525,0.829,1.734,1.609,World,CabinetD06,20.9,37.6,0.519,0.505,0,0,None,None,1,0,0,0,0.6091,0.3921,0.486,0.000,0
59.31,Negin,AUIT_Multi,CBA,0.664,1.727,1.129,334.6,8.6,0.327,1.730,1.472,0.802,1.734,1.580,World,CabinetD06,21.0,43.3,0.481,0.472,0,0,None,None,1,0,0,0,0.5969,0.3985,0.487,0.000,0
59.40,Negin,AUIT_Multi,CBA,0.645,1.724,1.131,329.4,10.0,0.315,1.727,1.412,0.770,1.733,1.631,World,CabinetD06,21.7,45.7,0.433,0.515,0,0,None,None,1,0,0,0,0.6316,0.6197,0.505,0.000,0
59.50,Negin,AUIT_Multi,CBA,0.626,1.722,1.134,325.3,10.0,0.312,1.724,1.357,0.749,1.733,1.527,World,CabinetD06,22.3,53.1,0.385,0.411,0,0,None,None,1,0,0,0,0.5678,1.0977,0.469,0.000,0
59.61,Negin,AUIT_Multi,CBA,0.607,1.723,1.138,322.1,9.3,0.309,1.723,1.314,0.722,1.733,1.492,World,CabinetD06,23.4,56.7,0.347,0.373,0,0,None,None,1,0,0,0,0.3874,0.3898,0.451,0.000,0
59.71,Negin,AUIT_Multi,CBA,0.594,1.723,1.143,320.7,8.9,0.304,1.723,1.294,0.702,1.733,1.464,World,CabinetD06Door,24.8,58.6,0.327,0.339,0,0,None,None,1,0,0,0,0.2162,0.3607,0.433,0.000,0
59.81,Negin,AUIT_Multi,CBA,0.584,1.722,1.147,321.2,8.8,0.300,1.722,1.287,0.683,1.732,1.437,World,CabinetD06Door,26.6,58.4,0.317,0.306,0,0,None,None,0,0,0,0,0.0834,0.3422,0.411,0.000,0
59.90,Negin,AUIT_Multi,CBA,0.580,1.720,1.151,323.3,9.4,0.298,1.721,1.291,0.669,1.732,1.408,World,CabinetD06,28.4,56.9,0.314,0.272,0,0,None,None,0,0,0,0,0.0494,0.3279,0.389,0.000,0
60.00,Negin,AUIT_Multi,CBA,0.581,1.720,1.153,327.4,9.6,0.298,1.720,1.308,0.658,1.732,1.380,World,CabinetD06,30.3,52.8,0.323,0.239,0,0,None,None,0,0,0,0,0.1745,0.3136,0.368,0.000,0
60.11,Negin,AUIT_Multi,CBA,0.588,1.720,1.154,334.6,9.8,0.295,1.720,1.349,0.618,1.728,1.494,World,CabinetD06,32.3,32.3,0.352,0.341,0,0,None,None,0,0,0,0,0.3699,1.0979,0.354,0.000,0
60.21,Negin,AUIT_Multi,CBA,0.600,1.720,1.151,342.7,9.5,0.293,1.720,1.411,0.627,1.725,1.437,World,CabinetD06,33.6,24.9,0.403,0.288,0,0,None,None,0,1,0,0,0.6457,0.5900,0.335,0.000,0
60.31,Negin,AUIT_Multi,CBA,0.616,1.722,1.145,351.4,8.8,0.294,1.721,1.507,0.636,1.723,1.417,World,CabinetD06,34.0,15.7,0.484,0.273,0,0,None,None,0,1,0,0,0.9807,0.2298,0.353,0.000,0
60.40,Negin,AUIT_Multi,CBA,0.632,1.723,1.138,359.9,8.6,0.365,1.722,1.536,0.646,1.721,1.402,World,Wall4m,34.6,8.8,0.479,0.264,0,0,None,None,0,1,0,0,0.7930,0.1934,0.311,0.000,0
60.50,Negin,AUIT_Multi,CBA,0.650,1.723,1.130,7.7,8.9,0.455,1.723,1.530,0.659,1.719,1.386,World,CabinetD05,34.7,9.9,0.445,0.256,0,0,None,None,0,1,0,0,0.9185,0.2025,0.250,0.000,0
60.61,Negin,AUIT_Multi,CBA,0.671,1.722,1.122,15.3,9.7,0.543,1.722,1.526,0.658,1.716,1.349,World,CabinetD05,34.1,20.0,0.424,0.227,0,0,None,None,0,1,0,0,0.7928,0.3405,0.212,1.000,0
60.71,Negin,AUIT_Multi,CBA,0.687,1.723,1.114,20.3,10.3,0.605,1.722,1.525,0.652,1.714,1.316,World,CabinetD05,33.0,30.9,0.420,0.206,0,0,None,None,0,0,0,0,0.6448,0.3400,0.214,1.000,0
60.81,Negin,AUIT_Multi,CBA,0.702,1.725,1.105,23.6,10.3,0.656,1.723,1.519,0.644,1.712,1.289,World,CabinetD05,31.5,41.3,0.416,0.193,0,0,None,None,0,0,0,0,0.5184,0.2866,0.230,1.000,0
60.90,Negin,AUIT_Multi,CBA,0.714,1.729,1.099,23.6,9.1,0.689,1.726,1.516,0.639,1.710,1.269,World,CabinetD05,28.3,47.3,0.419,0.187,0,0,None,None,0,0,0,0,0.3491,0.2241,0.253,1.000,0
61.00,Negin,AUIT_Multi,CBA,0.724,1.731,1.094,22.2,8.4,0.702,1.729,1.515,0.632,1.708,1.252,World,CabinetD05,26.4,52.0,0.422,0.184,0,0,None,None,0,0,0,0,0.1341,0.1871,0.273,0.000,0
61.11,Negin,AUIT_Multi,CBA,0.734,1.733,1.089,19.6,7.5,0.701,1.732,1.513,0.752,1.715,1.275,World,CabinetD05,25.1,14.3,0.426,0.188,0,0,None,None,0,1,0,0,0.0293,1.1004,0.244,1.000,0
61.21,Negin,AUIT_Multi,CBA,0.743,1.735,1.085,16.8,6.3,0.700,1.734,1.512,0.791,1.719,1.284,World,CabinetD05,23.3,3.8,0.430,0.206,0,0,None,None,1,1,0,0,0.0247,0.4183,0.246,1.000,0
61.31,Negin,AUIT_Multi,CBA,0.753,1.737,1.081,14.5,5.4,0.700,1.736,1.511,0.792,1.721,1.280,World,CabinetD05,22.0,3.5,0.434,0.204,0,0,None,None,1,1,0,0,0.0226,0.0406,0.249,0.855,0
61.40,Negin,AUIT_Multi,CBA,0.763,1.737,1.077,12.7,4.9,0.700,1.737,1.510,0.793,1.722,1.275,World,CabinetD05,21.5,4.3,0.438,0.201,0,0,None,None,1,1,0,0,0.0143,0.0607,0.254,0.880,0
61.50,Negin,AUIT_Multi,CBA,0.774,1.736,1.073,11.6,4.9,0.700,1.736,1.510,0.793,1.723,1.266,World,CabinetD05,21.7,5.8,0.442,0.194,0,0,None,None,1,1,0,0,0.0098,0.0914,0.261,0.985,0
61.61,Negin,AUIT_Multi,CBA,0.785,1.734,1.070,10.4,5.1,0.700,1.735,1.509,0.794,1.723,1.254,World,CabinetD05,22.1,7.9,0.447,0.185,0,0,None,None,1,1,0,0,0.0126,0.1067,0.272,1.000,0
61.71,Negin,AUIT_Multi,CBA,0.794,1.733,1.068,9.8,5.2,0.687,1.734,1.509,0.793,1.724,1.237,World,CabinetD05,24.0,10.3,0.454,0.169,0,0,None,None,1,1,0,0,0.1360,0.1757,0.292,1.000,0
61.81,Negin,AUIT_Multi,CBA,0.802,1.732,1.067,9.3,5.3,0.678,1.733,1.509,0.793,1.725,1.226,World,CabinetD05,25.6,12.8,0.459,0.160,0,0,None,None,0,1,0,0,0.0956,0.1138,0.306,1.000,0
61.90,Negin,AUIT_Multi,CBA,0.809,1.731,1.067,9.3,5.4,0.680,1.732,1.509,0.794,1.726,1.216,World,CabinetD05,26.2,15.4,0.460,0.150,0,0,None,None,0,1,0,0,0.0258,0.1038,0.314,1.000,0
62.00,Negin,AUIT_Multi,CBA,0.815,1.730,1.069,9.8,5.6,0.687,1.731,1.509,0.795,1.727,1.205,World,CabinetD05,26.6,18.6,0.458,0.138,0,0,None,None,0,1,0,0,0.0717,0.1089,0.322,1.000,0
62.11,Negin,AUIT_Multi,CBA,0.819,1.728,1.073,10.6,6.4,0.698,1.730,1.509,0.795,1.728,1.193,World,CabinetD05,26.9,22.6,0.453,0.123,0,0,None,None,0,1,0,0,0.1008,0.1090,0.330,1.000,0
62.21,Negin,AUIT_Multi,CBA,0.820,1.727,1.078,11.1,6.9,0.707,1.728,1.510,0.865,1.727,1.241,World,CabinetD05,26.6,8.1,0.447,0.169,0,0,None,None,0,1,0,0,0.0946,0.8712,0.312,0.000,0
62.31,Negin,AUIT_Multi,CBA,0.818,1.726,1.082,11.1,7.7,0.712,1.727,1.511,0.872,1.726,1.251,World,CabinetD05,26.2,10.0,0.442,0.177,0,0,None,None,0,1,0,0,0.0550,0.1265,0.306,0.000,0
62.40,Negin,AUIT_Multi,CBA,0.815,1.726,1.086,10.8,7.8,0.712,1.727,1.512,0.879,1.725,1.263,World,CabinetD05,25.6,11.8,0.439,0.188,0,0,None,None,0,1,0,0,0.0147,0.1444,0.300,0.000,0
62.50,Negin,AUIT_Multi,CBA,0.811,1.726,1.090,10.6,8.1,0.712,1.726,1.513,0.887,1.725,1.276,World,CabinetD05,24.9,14.1,0.435,0.201,0,0,None,None,1,1,0,0,0.0101,0.1583,0.295,0.000,0
62.61,Negin,AUIT_Multi,CBA,0.805,1.725,1.094,10.7,9.0,0.712,1.726,1.514,0.896,1.723,1.290,World,CabinetD05,24.8,16.5,0.430,0.216,0,0,None,None,1,1,0,0,0.0099,0.1519,0.290,0.000,0
62.71,Negin,AUIT_Multi,CBA,0.800,1.724,1.099,11.8,10.1,0.712,1.725,1.515,0.903,1.722,1.299,World,CabinetD05,25.8,18.2,0.425,0.225,0,0,None,None,0,1,0,0,0.0139,0.1127,0.289,0.000,0
62.81,Negin,AUIT_Multi,CBA,0.796,1.723,1.105,13.7,11.0,0.711,1.724,1.517,0.910,1.721,1.306,World,CabinetD05,27.5,19.1,0.421,0.231,0,0,None,None,0,1,0,0,0.0186,0.1046,0.290,0.000,0
62.90,Negin,AUIT_Multi,CBA,0.792,1.722,1.109,15.6,11.4,0.716,1.723,1.518,0.917,1.720,1.313,World,CabinetD05,28.5,19.2,0.416,0.239,0,0,None,None,0,1,0,0,0.0520,0.1061,0.287,0.000,0
63.00,Negin,AUIT_Multi,CBA,0.789,1.723,1.114,17.4,11.7,0.726,1.723,1.519,0.925,1.720,1.321,World,CabinetD05,28.6,19.1,0.410,0.248,0,0,None,None,0,1,0,0,0.1019,0.1141,0.280,0.000,0
63.11,Negin,AUIT_Multi,CBA,0.784,1.723,1.118,19.2,12.0,0.736,1.723,1.520,0.933,1.719,1.331,World,CabinetD05,28.4,19.2,0.405,0.260,0,0,None,None,0,1,0,0,0.0938,0.1181,0.272,0.000,0
63.21,Negin,AUIT_Multi,CBA,0.780,1.723,1.122,20.3,12.2,0.745,1.719,1.522,0.951,1.719,1.333,World,CabinetD05,27.7,21.8,0.402,0.272,0,0,None,None,0,1,0,0,0.0999,0.1831,0.279,0.000,0
63.31,Negin,AUIT_Multi,CBA,0.777,1.725,1.124,21.9,11.3,0.756,1.711,1.526,0.947,1.718,1.333,World,CabinetD05,26.3,19.7,0.403,0.270,0,0,None,None,0,1,0,0,0.1453,0.0444,0.271,0.000,0
63.40,Negin,AUIT_Multi,CBA,0.774,1.729,1.123,24.7,8.8,0.768,1.704,1.529,0.943,1.717,1.330,World,CabinetD05,25.9,15.8,0.406,0.267,0,0,None,None,0,1,0,0,0.1493,0.0538,0.265,0.000,0
63.50,Negin,AUIT_Multi,CBA,0.770,1.732,1.122,26.3,6.9,0.780,1.696,1.532,0.939,1.716,1.328,World,CabinetD05Door,25.0,13.4,0.412,0.266,0,0,None,None,1,1,0,0,0.1461,0.0462,0.260,0.000,0
63.61,Negin,AUIT_Multi,CBA,0.765,1.734,1.120,26.8,5.3,0.793,1.687,1.536,0.935,1.715,1.329,World,CabinetD05Door,23.0,12.2,0.420,0.270,0,0,None,None,1,1,0,0,0.1455,0.0402,0.253,0.000,0
63.71,Negin,AUIT_Multi,CBA,0.761,1.737,1.120,27.1,4.1,0.804,1.679,1.540,0.931,1.714,1.331,World,CabinetD05Door,21.3,11.7,0.426,0.273,0,0,None,None,1,1,0,0,0.1462,0.0447,0.246,0.000,0
63.81,Negin,AUIT_Multi,CBA,0.757,1.739,1.120,27.6,2.6,0.816,1.672,1.543,0.928,1.713,1.334,World,CabinetD05Door,20.6,11.3,0.432,0.275,0,0,None,None,1,1,0,0,0.1466,0.0446,0.241,0.000,0
63.90,Negin,AUIT_Multi,CBA,0.755,1.741,1.121,28.4,1.6,0.827,1.664,1.546,0.924,1.712,1.335,World,CabinetD05Door,20.5,10.8,0.438,0.274,0,0,None,None,1,1,0,0,0.1455,0.0401,0.238,0.000,0
64.00,Negin,AUIT_Multi,CBA,0.753,1.743,1.122,29.2,0.7,0.838,1.656,1.550,0.920,1.710,1.335,World,Quad,20.7,10.7,0.445,0.273,0,0,None,None,1,1,0,0,0.1451,0.0396,0.236,0.000,0
64.11,Negin,AUIT_Multi,CBA,0.752,1.745,1.125,30.3,359.6,0.851,1.647,1.554,0.916,1.709,1.336,World,CabinetD05Door,21.4,11.0,0.451,0.270,0,0,None,None,1,1,0,0,0.1465,0.0414,0.236,0.000,0
64.21,Negin,AUIT_Multi,CBA,0.752,1.747,1.127,31.4,358.8,0.846,1.704,1.529,0.957,1.731,1.333,World,Quad,19.4,14.2,0.415,0.291,0,0,None,None,1,1,0,0,0.6379,0.4721,0.227,0.000,0
64.31,Negin,AUIT_Multi,CBA,0.750,1.747,1.130,32.2,358.4,0.845,1.740,1.523,0.980,1.744,1.324,World,CabinetD05Door,19.0,17.6,0.405,0.301,0,0,None,None,1,1,0,0,0.3791,0.2903,0.241,0.000,0
64.40,Negin,AUIT_Multi,CBA,0.749,1.747,1.132,32.2,358.3,0.845,1.746,1.525,0.982,1.747,1.320,World,CabinetD05Door,18.6,19.0,0.404,0.299,0,0,None,None,1,1,0,0,0.0629,0.0554,0.247,0.000,0
64.50,Negin,AUIT_Multi,CBA,0.748,1.748,1.134,32.2,358.0,0.842,1.747,1.526,0.982,1.747,1.320,World,CabinetD05Door,18.9,19.3,0.403,0.299,0,0,None,None,1,1,0,0,0.0323,0.0061,0.249,0.000,0
64.61,Negin,AUIT_Multi,CBA,0.749,1.747,1.135,32.3,358.0,0.839,1.747,1.526,0.982,1.747,1.320,World,CabinetD05Door,19.3,19.4,0.401,0.298,0,0,None,None,1,1,0,0,0.0219,0.0017,0.251,0.000,0
64.71,Negin,AUIT_Multi,CBA,0.749,1.747,1.136,32.2,358.3,0.838,1.747,1.526,0.982,1.747,1.320,World,CabinetD05Door,19.3,19.6,0.400,0.297,0,0,None,None,1,1,0,0,0.0098,0.0025,0.251,0.000,0
64.81,Negin,AUIT_Multi,CBA,0.748,1.746,1.138,32.0,358.5,0.836,1.746,1.526,0.982,1.746,1.320,World,CabinetD05Door,19.4,20.1,0.398,0.296,0,0,None,None,1,1,0,0,0.0295,0.0073,0.253,0.000,0
64.90,Negin,AUIT_Multi,CBA,0.748,1.746,1.140,31.8,358.5,0.830,1.746,1.527,0.982,1.746,1.320,World,CabinetD05Door,19.9,20.5,0.396,0.295,0,0,None,None,1,1,0,0,0.0564,0.0033,0.256,0.000,0
65.00,Negin,AUIT_Multi,CBA,0.748,1.746,1.141,31.8,358.6,0.826,1.746,1.527,0.982,1.746,1.320,World,CabinetD05Door,20.4,20.8,0.394,0.294,0,0,None,None,1,1,0,0,0.0400,0.0028,0.259,0.000,0
65.11,Negin,AUIT_Multi,CBA,0.748,1.746,1.143,31.7,358.6,0.822,1.746,1.528,0.981,1.746,1.320,World,CabinetD05Door,20.7,21.2,0.392,0.293,0,0,None,None,1,1,0,0,0.0363,0.0023,0.261,0.000,0
65.21,Negin,AUIT_Multi,CBA,0.748,1.746,1.144,31.7,358.7,0.819,1.746,1.528,0.981,1.746,1.320,World,CabinetD05Door,21.2,21.3,0.390,0.292,0,0,None,None,1,1,0,0,0.0301,0.0019,0.263,0.000,0
65.31,Negin,AUIT_Multi,CBA,0.748,1.746,1.145,31.9,358.8,0.819,1.746,1.528,0.981,1.746,1.320,World,CabinetD05Door,21.4,21.3,0.390,0.292,0,0,None,None,1,1,0,0,0.0072,0.0036,0.264,0.000,0
65.40,Negin,AUIT_Multi,CBA,0.748,1.746,1.146,32.2,358.7,0.819,1.746,1.528,0.981,1.746,1.318,World,CabinetD05Door,21.7,21.3,0.389,0.290,0,0,None,None,1,1,0,0,0.0023,0.0191,0.265,0.000,0
65.50,Negin,AUIT_Multi,CBA,0.747,1.746,1.146,32.5,358.8,0.819,1.746,1.529,0.980,1.746,1.315,World,CabinetD05Door,21.9,21.6,0.389,0.288,0,0,None,None,1,1,0,0,0.0020,0.0304,0.268,0.000,0
65.61,Negin,AUIT_Multi,CBA,0.747,1.746,1.147,32.7,358.9,0.819,1.746,1.529,0.980,1.746,1.313,World,CabinetD05Door,22.0,21.9,0.389,0.287,0,0,None,None,1,1,0,0,0.0022,0.0217,0.269,0.000,0
65.71,Negin,AUIT_Multi,CBA,0.746,1.745,1.146,32.8,359.0,0.819,1.745,1.529,0.980,1.745,1.312,World,CabinetD05Door,22.1,21.8,0.390,0.287,0,0,None,None,1,1,0,0,0.0023,0.0104,0.270,0.000,0
65.81,Negin,AUIT_Multi,CBA,0.745,1.745,1.145,33.1,358.9,0.819,1.745,1.529,0.980,1.745,1.310,World,CabinetD05Door,22.2,21.8,0.391,0.287,0,0,None,None,1,1,0,0,0.0039,0.0197,0.271,0.000,0
65.90,Negin,AUIT_Multi,CBA,0.744,1.745,1.144,33.3,358.9,0.819,1.745,1.528,0.979,1.745,1.307,World,CabinetD05Door,22.4,21.9,0.392,0.286,0,0,None,None,1,1,0,0,0.0029,0.0299,0.273,0.000,0
66.00,Negin,AUIT_Multi,CBA,0.744,1.744,1.143,33.2,359.7,0.819,1.745,1.528,0.979,1.745,1.305,World,CabinetD05Door,22.2,22.3,0.392,0.286,0,0,None,None,1,1,0,0,0.0055,0.0183,0.275,0.000,0
66.11,Negin,AUIT_Multi,CBA,0.743,1.739,1.145,32.9,2.2,0.817,1.743,1.528,0.979,1.743,1.305,World,CabinetD05Door,22.2,23.1,0.390,0.285,0,0,None,None,1,1,0,0,0.0253,0.0169,0.276,0.000,0
66.21,Negin,AUIT_Multi,CBA,0.744,1.730,1.147,32.8,7.0,0.811,1.737,1.528,0.979,1.737,1.305,World,CabinetD05Door,24.3,24.6,0.388,0.284,0,0,None,None,1,1,0,0,0.0842,0.0555,0.279,0.000,0
66.31,Negin,AUIT_Multi,CBA,0.746,1.724,1.147,33.6,10.8,0.810,1.729,1.529,0.979,1.729,1.303,World,CabinetD05Door,26.6,25.5,0.387,0.281,0,0,None,None,0,0,0,0,0.0821,0.0851,0.282,0.000,0
66.40,Negin,AUIT_Multi,CBA,0.747,1.719,1.146,34.4,13.1,0.810,1.723,1.529,0.981,1.723,1.294,World,CabinetD05Door,28.5,26.9,0.388,0.277,0,0,None,None,0,0,0,0,0.0654,0.1138,0.291,0.000,0
66.50,Negin,AUIT_Multi,CBA,0.749,1.718,1.144,35.1,13.6,0.812,1.719,1.528,0.986,1.719,1.287,World,CabinetD05Door,29.0,27.5,0.389,0.277,0,0,None,None,0,0,0,0,0.0500,0.0976,0.297,0.000,0
66.61,Negin,AUIT_Multi,CBA,0.750,1.719,1.142,35.3,13.1,0.818,1.718,1.528,0.992,1.718,1.283,World,CabinetD05Door,28.3,27.5,0.392,0.280,0,0,None,None,0,0,0,0,0.0489,0.0610,0.300,0.000,0
66.71,Negin,AUIT_Multi,CBA,0.751,1.721,1.140,35.6,11.8,0.820,1.719,1.527,0.995,1.719,1.282,World,CabinetD05Door,27.7,26.7,0.394,0.283,0,0,None,None,0,0,0,0,0.0291,0.0417,0.302,0.000,0
66.81,Negin,AUIT_Multi,CBA,0.753,1.724,1.137,36.1,10.4,0.824,1.722,1.527,1.002,1.722,1.281,World,CabinetD05Door,27.5,25.8,0.396,0.287,0,0,None,None,0,0,0,0,0.0466,0.0715,0.304,0.000,0
66.90,Negin,AUIT_Multi,CBA,0.754,1.727,1.135,36.9,8.8,0.830,1.725,1.526,1.014,1.725,1.280,World,CabinetD05Door,27.2,25.1,0.399,0.298,0,0,None,None,0,0,0,0,0.0700,0.1275,0.307,0.000,0
67.00,Negin,AUIT_Multi,CBA,0.756,1.730,1.132,37.9,7.2,0.838,1.728,1.526,1.030,1.728,1.281,World,CabinetD05Door,27.0,24.5,0.402,0.312,0,0,None,None,0,1,0,0,0.0862,0.1732,0.312,0.000,0
67.11,Negin,AUIT_Multi,CBA,0.758,1.733,1.128,39.2,5.5,0.849,1.731,1.525,1.132,1.731,1.320,World,CabinetD05Door,26.7,24.2,0.407,0.421,0,0,None,None,0,1,0,0,0.1021,0.9784,0.350,0.000,0
67.21,Negin,AUIT_Multi,CBA,0.758,1.735,1.125,40.0,4.5,0.858,1.733,1.525,1.247,1.733,1.363,World,CabinetD05Door,26.3,24.4,0.412,0.543,0,0,None,None,0,1,0,0,0.1013,1.2639,0.421,0.000,0
67.31,Negin,AUIT_Multi,CBA,0.759,1.736,1.123,40.4,3.8,0.865,1.735,1.524,1.282,1.735,1.370,World,CabinetD05Door,25.8,24.7,0.415,0.579,0,0,None,None,0,1,0,0,0.0728,0.3702,0.445,0.000,0
67.40,Negin,AUIT_Multi,CBA,0.759,1.736,1.121,40.5,3.6,0.869,1.736,1.524,1.297,1.736,1.370,World,CabinetD05Door,25.5,24.9,0.417,0.592,0,0,None,None,0,1,0,0,0.0386,0.1475,0.455,0.000,0
67.50,Negin,AUIT_Multi,CBA,0.760,1.736,1.120,40.9,3.5,0.871,1.736,1.523,1.306,1.736,1.370,World,CabinetD05Door,25.6,24.8,0.418,0.601,0,0,None,None,0,1,0,0,0.0257,0.0958,0.461,0.000,0
67.61,Negin,AUIT_Multi,CBA,0.761,1.737,1.118,41.5,3.2,0.876,1.736,1.523,1.322,1.736,1.370,World,CabinetD05Door,25.8,24.6,0.421,0.615,0,0,None,None,0,1,0,0,0.0429,0.1481,0.472,0.000,0
67.71,Negin,AUIT_Multi,CBA,0.764,1.737,1.116,42.0,3.0,0.881,1.737,1.521,1.342,1.737,1.370,World,CabinetD05Door,26.0,24.5,0.422,0.631,0,0,None,None,0,1,0,0,0.0574,0.1982,0.485,0.000,0
67.81,Negin,AUIT_Multi,CBA,0.767,1.737,1.114,42.6,2.9,0.884,1.737,1.508,1.365,1.737,1.370,World,CabinetD05Door,26.1,24.4,0.411,0.651,0,0,None,None,0,1,0,0,0.1440,0.2395,0.500,0.000,0
67.90,Negin,AUIT_Multi,CBA,0.769,1.737,1.113,43.0,3.0,0.888,1.737,1.495,1.390,1.737,1.370,World,CabinetD05Door,25.9,24.6,0.400,0.672,0,0,None,None,0,1,0,0,0.1412,0.2571,0.517,0.000,0
68.00,Negin,AUIT_Multi,CBA,0.772,1.737,1.111,43.0,3.1,0.891,1.737,1.487,1.405,1.737,1.370,World,CabinetD05Door,25.7,24.9,0.394,0.683,0,0,None,None,0,1,0,0,0.0819,0.1570,0.527,0.000,0
68.11,Negin,AUIT_Multi,CBA,0.777,1.737,1.109,42.9,2.9,0.893,1.737,1.480,1.414,1.737,1.369,World,CabinetD05Door,25.7,25.0,0.389,0.688,0,0,None,None,0,1,0,0,0.0679,0.0771,0.532,0.000,0
68.21,Negin,AUIT_Multi,CBA,0.782,1.737,1.107,42.8,2.9,0.895,1.737,1.472,1.420,1.737,1.369,World,CabinetD05Door,25.8,25.0,0.383,0.690,0,0,None,None,0,1,0,0,0.0833,0.0676,0.535,0.000,0
68.31,Negin,AUIT_Multi,CBA,0.788,1.737,1.104,42.5,2.8,0.898,1.737,1.464,1.425,1.737,1.369,World,CabinetD05Door,25.8,25.1,0.377,0.690,0,0,None,None,0,0,0,0,0.0853,0.0513,0.536,0.000,0
68.40,Negin,AUIT_Multi,CBA,0.795,1.737,1.100,41.9,2.5,0.900,1.737,1.457,1.427,1.737,1.368,World,CabinetD05Door,25.6,25.2,0.372,0.686,0,0,None,None,0,0,0,0,0.0824,0.0172,0.534,0.000,0
68.50,Negin,AUIT_Multi,CBA,0.802,1.736,1.096,41.1,2.1,0.902,1.737,1.452,1.422,1.737,1.368,World,CabinetD05Door,25.5,25.3,0.370,0.677,0,0,None,None,0,0,0,0,0.0559,0.0523,0.526,0.000,0
68.61,Negin,AUIT_Multi,CBA,0.810,1.737,1.091,39.6,1.3,0.904,1.737,1.448,1.409,1.737,1.367,World,CabinetD05Door,24.9,25.7,0.369,0.660,0,0,None,None,1,0,0,0,0.0341,0.1112,0.512,0.000,0
68.71,Negin,AUIT_Multi,CBA,0.814,1.737,1.089,37.1,0.4,0.904,1.737,1.464,1.379,1.737,1.366,World,CabinetD05Door,23.6,26.8,0.385,0.629,0,0,None,None,1,0,0,0,0.1577,0.3140,0.485,0.000,0
68.81,Negin,AUIT_Multi,CBA,0.817,1.736,1.088,33.7,359.9,0.899,1.737,1.502,1.324,1.737,1.364,World,CabinetD05Door,22.6,27.8,0.422,0.576,0,0,None,None,1,0,0,0,0.4025,0.5671,0.447,0.000,0
68.90,Negin,AUIT_Multi,CBA,0.820,1.735,1.088,29.7,0.1,0.878,1.736,1.513,1.260,1.736,1.361,World,CabinetD05Door,21.8,28.4,0.429,0.518,0,0,None,None,1,0,0,0,0.2366,0.6617,0.410,0.000,0
69.01,Negin,AUIT_Multi,CBA,0.822,1.736,1.088,25.6,0.2,0.848,1.736,1.512,1.098,1.736,1.288,World,CabinetD05Door,22.0,28.6,0.425,0.340,0,0,None,None,1,0,0,0,0.2726,1.6003,0.336,0.000,0
69.11,Negin,AUIT_Multi,CBA,0.824,1.735,1.090,22.5,0.2,0.824,1.736,1.512,1.041,1.736,1.269,World,CabinetD05Door,22.4,28.0,0.423,0.282,0,0,None,None,1,0,0,0,0.2443,0.6117,0.326,0.000,0
69.21,Negin,AUIT_Multi,CBA,0.827,1.735,1.092,20.1,0.4,0.804,1.735,1.513,1.016,1.735,1.266,World,CabinetD05,23.1,27.3,0.421,0.257,0,0,None,None,1,0,0,0,0.2077,0.2643,0.325,0.000,0
69.31,Negin,AUIT_Multi,CBA,0.830,1.736,1.096,18.7,0.5,0.791,1.736,1.514,1.004,1.736,1.269,World,CabinetD05,24.0,26.6,0.419,0.245,0,0,None,None,1,0,0,0,0.1363,0.1235,0.324,0.000,0
69.40,Negin,AUIT_Multi,CBA,0.832,1.736,1.101,17.4,1.0,0.783,1.736,1.515,0.998,1.736,1.274,World,CabinetD05,24.2,26.5,0.416,0.239,0,0,None,None,1,0,0,0,0.0801,0.0743,0.323,0.000,0
69.50,Negin,AUIT_Multi,CBA,0.835,1.736,1.108,16.1,1.7,0.776,1.736,1.517,0.995,1.736,1.281,World,CabinetD05,24.2,26.9,0.413,0.236,0,0,None,None,1,0,0,0,0.0730,0.0861,0.321,0.000,0
69.61,Negin,AUIT_Multi,CBA,0.837,1.737,1.119,14.8,2.5,0.769,1.736,1.519,0.995,1.736,1.296,World,CabinetD05,24.5,27.0,0.406,0.238,0,0,None,None,1,0,0,0,0.0707,0.1322,0.318,0.000,0
69.71,Negin,AUIT_Multi,CBA,0.837,1.737,1.130,14.3,2.9,0.765,1.737,1.522,0.996,1.737,1.311,World,CabinetD05,25.0,27.0,0.399,0.241,0,0,None,None,1,0,0,0,0.0533,0.1521,0.313,0.000,0
69.80,Negin,AUIT_Multi,CBA,0.836,1.738,1.142,14.0,3.0,0.763,1.737,1.525,0.996,1.737,1.326,World,CabinetD05,24.9,27.4,0.389,0.244,0,0,None,None,1,0,0,0,0.0383,0.1531,0.307,0.000,0
69.90,Negin,AUIT_Multi,CBA,0.831,1.736,1.155,14.0,3.4,0.760,1.738,1.528,0.996,1.738,1.343,World,CabinetD05,25.0,27.4,0.381,0.251,0,0,None,None,0,0,0,0,0.0443,0.1800,0.300,0.000,0
70.01,Negin,AUIT_Multi,CBA,0.826,1.735,1.168,15.4,4.8,0.759,1.736,1.532,0.996,1.736,1.360,World,CabinetD05,26.2,26.6,0.370,0.256,0,0,None,None,0,0,0,0,0.0363,0.1533,0.292,0.000,0
70.11,Negin,AUIT_Multi,CBA,0.822,1.730,1.180,18.5,7.6,0.767,1.734,1.535,0.994,1.734,1.364,World,CabinetD05,28.5,25.9,0.359,0.252,0,0,None,None,0,0,0,0,0.0875,0.0500,0.284,0.000,0
70.21,Negin,AUIT_Multi,CBA,0.819,1.724,1.193,21.4,10.7,0.784,1.729,1.538,0.991,1.729,1.357,World,CabinetD05,29.3,27.5,0.347,0.238,0,0,None,None,0,0,0,0,0.1835,0.0906,0.275,0.000,0
70.30,Negin,AUIT_Multi,CBA,0.815,1.721,1.206,22.8,13.0,0.796,1.724,1.541,0.989,1.724,1.357,World,CabinetD05,29.2,29.4,0.336,0.231,0,0,None,None,0,0,0,0,0.1366,0.0541,0.267,0.000,0
70.40,Negin,AUIT_Multi,CBA,0.814,1.718,1.218,24.6,14.6,0.803,1.720,1.544,0.988,1.720,1.363,World,CabinetD05,30.2,29.6,0.327,0.227,0,0,None,None,0,0,0,0,0.0909,0.0683,0.259,0.000,0
70.51,Negin,AUIT_Multi,CBA,0.814,1.716,1.229,27.4,15.8,0.815,1.717,1.548,0.986,1.717,1.363,World,CabinetD05Door,31.3,29.3,0.318,0.218,0,0,None,None,0,0,0,0,0.1156,0.0335,0.251,0.000,0
70.61,Negin,AUIT_Multi,CBA,0.813,1.714,1.237,29.7,17.0,0.828,1.715,1.551,0.984,1.715,1.360,World,CabinetD05Door,31.6,29.8,0.314,0.211,0,0,None,None,0,0,0,0,0.1406,0.0425,0.246,0.000,0
70.71,Negin,AUIT_Multi,CBA,0.811,1.712,1.241,31.9,17.6,0.840,1.713,1.553,0.983,1.713,1.357,World,CabinetD05Door,31.8,29.9,0.312,0.206,0,0,None,None,0,0,0,0,0.1186,0.0451,0.243,0.000,0
70.80,Negin,AUIT_Multi,CBA,0.808,1.710,1.244,34.2,17.8,0.850,1.712,1.554,0.981,1.712,1.351,World,CabinetD05Door,31.7,29.8,0.313,0.204,0,0,None,None,0,0,0,0,0.1092,0.0594,0.241,0.000,0
70.90,Negin,AUIT_Multi,CBA,0.803,1.710,1.247,35.7,17.6,0.858,1.710,1.555,0.979,1.710,1.347,World,CabinetD05Door,30.7,30.2,0.313,0.203,0,0,None,None,0,0,0,0,0.0870,0.0541,0.241,0.000,0
71.01,Negin,AUIT_Multi,CBA,0.795,1.709,1.251,35.8,17.1,0.858,1.710,1.556,0.979,1.710,1.348,World,CabinetD05Door,29.2,31.1,0.312,0.208,0,0,None,None,0,0,0,0,0.0108,0.0157,0.240,0.000,0
71.11,Negin,AUIT_Multi,CBA,0.788,1.707,1.254,36.1,17.0,0.852,1.709,1.557,0.978,1.709,1.354,World,CabinetD05Door,29.3,31.3,0.309,0.215,0,0,None,None,0,0,0,0,0.0621,0.0637,0.239,0.000,0
71.21,Negin,AUIT_Multi,CBA,0.780,1.703,1.259,36.2,17.0,0.846,1.706,1.558,0.978,1.706,1.361,World,CabinetD05Door,29.3,31.6,0.306,0.222,0,0,None,None,0,0,0,0,0.0709,0.0731,0.237,0.000,0
71.30,Negin,AUIT_Multi,CBA,0.774,1.700,1.263,36.6,17.3,0.840,1.703,1.559,0.977,1.703,1.368,World,CabinetD05Door,29.7,31.5,0.303,0.229,0,0,None,None,0,0,0,0,0.0783,0.0815,0.236,0.000,0
71.40,Negin,AUIT_Multi,CBA,0.768,1.700,1.267,36.7,17.9,0.834,1.700,1.561,0.977,1.700,1.374,World,CabinetD05Door,29.7,31.4,0.301,0.234,0,0,None,None,0,0,0,0,0.0625,0.0676,0.235,0.000,0
71.51,Negin,AUIT_Multi,CBA,0.766,1.702,1.271,36.9,16.7,0.829,1.700,1.562,0.977,1.700,1.380,World,CabinetD05Door,29.4,30.2,0.298,0.238,0,0,None,None,0,0,0,0,0.0513,0.0583,0.234,0.000,0
71.61,Negin,AUIT_Multi,CBA,0.766,1.702,1.275,37.9,15.9,0.828,1.701,1.563,0.976,1.701,1.383,World,CabinetD05Door,29.8,29.3,0.294,0.236,0,0,None,None,0,0,0,0,0.0152,0.0284,0.233,0.000,0
71.71,Negin,AUIT_Multi,CBA,0.767,1.702,1.278,39.0,15.9,0.833,1.702,1.564,0.976,1.702,1.382,World,CabinetD05Door,30.1,28.8,0.294,0.233,0,0,None,None,0,0,0,0,0.0520,0.0109,0.231,0.000,0
71.80,Negin,AUIT_Multi,CBA,0.768,1.705,1.281,39.1,14.5,0.838,1.703,1.565,0.975,1.703,1.380,World,CabinetD05Door,28.6,28.7,0.293,0.230,0,0,None,None,0,0,0,0,0.0553,0.0214,0.230,0.000,0
71.90,Negin,AUIT_Multi,CBA,0.767,1.707,1.284,37.8,13.3,0.837,1.705,1.566,0.976,1.705,1.384,World,CabinetD05Door,26.8,29.3,0.290,0.231,0,0,None,None,0,0,0,0,0.0274,0.0441,0.229,0.000,0
72.01,Negin,AUIT_Multi,CBA,0.765,1.710,1.288,36.0,11.8,0.828,1.708,1.566,0.976,1.708,1.395,World,CabinetD05Door,25.7,29.3,0.285,0.237,0,0,None,None,0,0,0,0,0.0901,0.1073,0.227,0.000,0
72.11,Negin,AUIT_Multi,CBA,0.764,1.709,1.292,34.9,12.1,0.818,1.710,1.567,0.977,1.710,1.407,World,CabinetD05Door,26.5,29.3,0.280,0.242,0,0,None,None,0,0,0,0,0.0977,0.1224,0.225,0.000,0
72.21,Negin,AUIT_Multi,CBA,0.763,1.706,1.295,34.4,13.5,0.812,1.708,1.568,0.978,1.708,1.416,World,CabinetD05Door,27.8,29.4,0.277,0.247,0,0,None,None,0,0,0,0,0.0700,0.0980,0.225,0.000,0
72.30,Negin,AUIT_Multi,CBA,0.764,1.704,1.297,34.4,14.2,0.809,1.706,1.569,0.978,1.706,1.422,World,CabinetD05Door,28.6,29.1,0.275,0.248,0,0,None,None,0,0,0,0,0.0399,0.0593,0.224,0.000,0
72.40,Negin,AUIT_Multi,CBA,0.765,1.704,1.299,33.9,14.4,0.808,1.704,1.569,0.978,1.704,1.424,World,CabinetD05Door,28.4,29.2,0.273,0.247,0,0,None,None,0,0,0,0,0.0171,0.0324,0.223,0.000,0
72.51,Negin,AUIT_Multi,CBA,0.766,1.705,1.301,32.8,14.5,0.806,1.704,1.570,0.978,1.704,1.430,World,CabinetD05,28.0,29.5,0.271,0.249,0,0,None,None,0,0,0,0,0.0248,0.0496,0.222,0.000,0
72.61,Negin,AUIT_Multi,CBA,0.769,1.705,1.302,33.0,15.0,0.803,1.705,1.570,0.979,1.705,1.435,World,CabinetD05,29.5,28.6,0.270,0.249,0,0,None,None,0,0,0,0,0.0260,0.0522,0.222,0.000,0
72.71,Negin,AUIT_Multi,CBA,0.775,1.704,1.302,36.1,16.0,0.811,1.705,1.570,0.978,1.705,1.429,World,CabinetD05Door,32.5,26.9,0.271,0.240,0,0,None,None,0,0,0,0,0.0760,0.0592,0.219,0.000,0
72.80,Negin,AUIT_Multi,CBA,0.783,1.702,1.299,41.5,17.5,0.834,1.704,1.571,0.976,1.704,1.408,World,CabinetD05Door,35.2,25.9,0.277,0.222,0,0,None,None,0,0,0,0,0.2404,0.2217,0.217,0.000,0
72.90,Negin,AUIT_Multi,CBA,0.790,1.701,1.294,46.7,18.5,0.868,1.702,1.571,0.974,1.702,1.379,World,CabinetD05Door,35.7,26.1,0.288,0.203,0,0,None,None,0,0,0,0,0.3519,0.2948,0.220,0.000,0
73.01,Negin,AUIT_Multi,CBA,0.797,1.700,1.282,51.1,19.0,0.906,1.701,1.566,0.972,1.701,1.348,World,CabinetD05Door,35.2,26.4,0.304,0.187,0,0,None,None,0,0,0,0,0.3424,0.2788,0.228,0.000,0
73.11,Negin,AUIT_Multi,CBA,0.803,1.700,1.265,54.5,19.3,0.917,1.700,1.522,0.977,1.700,1.323,World,CabinetD05Door,35.7,25.5,0.282,0.184,0,0,None,None,0,0,0,0,0.4643,0.2625,0.208,0.000,0
73.21,Negin,AUIT_Multi,CBA,0.812,1.701,1.240,59.0,19.0,0.923,1.700,1.468,1.493,1.700,1.368,World,CabinetD05Door,37.5,27.6,0.254,0.693,0,0,None,None,0,0,0,0,0.5584,5.3268,0.579,0.000,0
73.30,Negin,AUIT_Multi,CBA,0.823,1.701,1.211,62.7,19.1,0.930,1.701,1.407,1.919,1.701,1.336,World,CabinetD05Door,38.5,27.9,0.224,1.103,0,0,None,None,0,0,0,0,0.6298,4.3807,0.992,0.000,0
73.40,Negin,AUIT_Multi,CBA,0.834,1.702,1.180,64.3,19.3,0.937,1.701,1.354,2.011,1.701,1.254,World,CabinetDCorner02,38.2,29.0,0.202,1.179,0,0,None,None,0,0,0,0,0.5521,1.2676,1.078,0.000,0
73.51,Negin,AUIT_Multi,CBA,0.846,1.704,1.145,63.7,19.0,0.948,1.692,1.347,1.910,1.698,1.251,World,CabinetDCorner02,39.5,27.5,0.226,1.070,0,0,None,None,0,0,0,0,0.1463,0.8973,0.967,0.000,0
73.61,Negin,AUIT_Multi,CBA,0.854,1.706,1.117,61.2,17.4,0.959,1.684,1.342,1.826,1.695,1.252,World,CabinetDCorner02,37.5,26.5,0.249,0.982,0,0,None,None,0,0,0,0,0.1450,0.8735,0.872,0.000,0
73.71,Negin,AUIT_Multi,CBA,0.856,1.715,1.094,54.2,12.7,0.969,1.677,1.340,1.740,1.694,1.266,World,CabinetDCorner02,29.4,27.1,0.273,0.901,0,0,None,None,0,0,0,0,0.1248,0.8917,0.776,0.000,0
73.80,Negin,AUIT_Multi,CBA,0.853,1.719,1.074,45.7,10.4,0.978,1.670,1.344,1.619,1.692,1.283,World,CabinetDCorner02,20.6,30.0,0.302,0.795,0,0,None,None,1,0,0,0,0.1254,1.2601,0.645,0.000,0
73.90,Negin,AUIT_Multi,CBA,0.853,1.718,1.052,41.9,10.0,0.987,1.662,1.349,1.499,1.689,1.283,World,Quad,17.3,29.3,0.330,0.687,0,0,None,None,1,0,0,0,0.1320,1.2326,0.518,0.000,0
74.01,Negin,AUIT_Multi,CBA,0.855,1.718,1.029,41.3,10.6,0.998,1.653,1.343,1.402,1.686,1.283,World,Quad,16.7,24.7,0.351,0.604,0,0,None,None,1,1,0,0,0.1389,0.8741,0.410,0.000,0
74.11,Negin,AUIT_Multi,CBA,0.860,1.719,1.011,42.1,10.3,1.010,1.645,1.333,1.292,1.683,1.283,World,Quad,16.8,16.8,0.363,0.511,0,0,None,None,1,1,0,0,0.1861,1.1329,0.289,0.000,0
74.21,Negin,AUIT_Multi,CBA,0.867,1.718,0.996,44.1,10.7,1.022,1.637,1.330,1.221,1.680,1.284,World,CabinetDCorner02,18.8,9.1,0.377,0.458,0,0,None,None,1,1,0,0,0.1503,0.7302,0.209,0.000,0
74.30,Negin,AUIT_Multi,CBA,0.875,1.717,0.986,46.3,11.7,1.034,1.629,1.328,1.168,1.677,1.285,World,CabinetDCorner02,20.9,6.5,0.387,0.421,0,0,None,None,1,1,0,0,0.1458,0.5442,0.149,1.000,0
74.40,Negin,AUIT_Multi,CBA,0.884,1.716,0.980,48.3,12.8,1.027,1.639,1.295,1.293,1.682,1.294,World,CabinetDCorner02,23.3,10.0,0.355,0.517,0,0,None,None,1,1,0,0,0.3538,1.2887,0.270,0.000,0
74.51,Negin,AUIT_Multi,CBA,0.894,1.715,0.982,49.5,14.0,0.983,1.706,1.195,1.939,1.711,1.317,World,CabinetDCorner02,28.9,26.4,0.232,1.098,0,0,None,None,0,0,0,0,1.1523,5.8240,0.964,0.000,0
74.61,Negin,AUIT_Multi,CBA,0.905,1.713,0.987,51.6,14.9,0.992,1.714,1.192,2.040,1.715,1.298,World,CabinetDCorner02,32.0,27.3,0.223,1.177,0,0,None,None,0,0,0,0,0.1280,1.0573,1.054,0.000,0
74.71,Negin,AUIT_Multi,CBA,0.917,1.707,0.994,56.0,17.3,1.010,1.712,1.189,2.075,1.712,1.251,World,CabinetDCorner02,35.2,27.5,0.216,1.187,0,0,None,None,0,0,0,0,0.1880,0.6041,1.067,0.000,0
74.80,Negin,AUIT_Multi,CBA,0.928,1.704,1.003,61.0,19.3,1.039,1.707,1.191,2.104,1.707,1.169,World,Wall4m,36.0,28.2,0.218,1.188,0,0,None,None,0,0,0,0,0.3007,0.8949,1.065,0.000,0
74.90,Negin,AUIT_Multi,CBA,0.939,1.706,1.015,64.8,18.9,1.071,1.705,1.196,2.125,1.705,1.080,World,Wall4m,33.9,28.7,0.224,1.188,0,0,None,None,0,0,0,0,0.3333,0.9422,1.061,0.000,0
75.01,Negin,AUIT_Multi,CBA,0.954,1.707,1.032,67.0,19.4,1.103,1.706,1.209,2.083,1.700,1.052,World,Wall4m,32.7,28.7,0.231,1.129,0,0,None,None,0,0,0,0,0.3118,0.4625,0.992,0.000,0
75.11,Negin,AUIT_Multi,CBA,0.972,1.705,1.042,68.7,19.6,1.159,1.706,1.255,2.018,1.692,1.053,World,Wall4m,33.6,27.7,0.284,1.046,0,0,None,None,0,0,0,0,0.7472,0.6746,0.883,0.000,0
75.21,Negin,AUIT_Multi,CBA,0.998,1.700,1.044,69.4,20.3,1.203,1.704,1.279,1.953,1.684,1.053,World,Wall4m,34.6,27.6,0.312,0.956,0,0,None,None,0,0,0,0,0.5195,0.6642,0.784,0.000,0
75.31,Negin,AUIT_Multi,CBA,1.030,1.694,1.039,68.5,21.3,1.232,1.699,1.280,1.891,1.676,1.058,World,Wall4m,35.7,28.1,0.315,0.862,0,0,None,None,0,0,0,0,0.2970,0.6480,0.696,0.000,0
75.40,Negin,AUIT_Multi,CBA,1.070,1.688,1.031,68.1,21.2,1.264,1.694,1.278,1.829,1.668,1.063,World,Wall4m,36.8,27.3,0.314,0.760,0,0,None,None,0,0,0,0,0.3315,0.6462,0.606,0.000,0
75.51,Negin,AUIT_Multi,CBA,1.123,1.679,1.022,66.4,21.1,1.309,1.686,1.275,1.762,1.658,1.070,World,Wall4m,36.9,27.0,0.314,0.641,0,0,None,None,0,0,0,0,0.4194,0.6152,0.498,0.000,0
75.61,Negin,AUIT_Multi,CBA,1.173,1.671,1.019,64.0,20.7,1.346,1.678,1.272,1.701,1.649,1.080,World,Wall4m,36.4,26.3,0.306,0.532,0,0,None,None,0,0,0,0,0.3869,0.6373,0.405,0.000,0
75.71,Negin,AUIT_Multi,CBA,1.223,1.664,1.023,61.9,19.4,1.380,1.671,1.270,1.642,1.641,1.092,World,Wall4m,35.6,24.5,0.292,0.425,0,0,None,None,0,1,0,0,0.3523,0.6283,0.318,0.000,0
75.81,Negin,AUIT_Multi,CBA,1.260,1.649,1.030,59.3,18.3,1.408,1.661,1.270,1.580,1.631,1.105,World,Wall4m,34.3,22.9,0.282,0.329,0,0,None,None,0,1,0,0,0.3046,0.6605,0.240,0.000,0
75.90,Negin,AUIT_Multi,CBA,1.287,1.638,1.034,58.8,14.6,1.426,1.648,1.270,1.518,1.622,1.115,World,CabinetDCorner02,32.7,15.9,0.274,0.245,0,0,None,None,0,1,0,0,0.2334,0.6505,0.182,0.000,0
76.00,Negin,AUIT_Multi,CBA,1.309,1.633,1.029,65.2,6.4,1.460,1.639,1.272,1.804,1.626,1.116,World,Wall4m,34.1,15.8,0.286,0.503,0,0,None,None,0,1,0,0,0.3616,2.9396,0.378,0.000,0
76.11,Negin,AUIT_Multi,CBA,1.320,1.612,1.035,69.6,5.5,1.526,1.628,1.275,1.788,1.625,1.098,World,Wall4m,30.1,14.5,0.317,0.472,0,0,None,None,0,1,0,0,0.6076,0.2209,0.316,0.000,0
76.21,Negin,AUIT_Multi,CBA,1.323,1.585,1.049,70.3,6.1,1.556,1.608,1.279,1.772,1.622,1.097,World,Wall4m,26.9,17.4,0.328,0.453,0,0,None,None,0,1,0,0,0.3672,0.1649,0.283,0.000,0
76.31,Negin,AUIT_Multi,CBA,1.328,1.549,1.072,68.2,7.7,1.561,1.580,1.282,1.759,1.618,1.115,World,Wall4m,24.3,23.2,0.315,0.438,0,0,None,None,1,1,0,0,0.2998,0.2344,0.262,0.000,0
76.40,Negin,AUIT_Multi,CBA,1.335,1.509,1.095,64.0,10.5,1.563,1.544,1.285,1.742,1.614,1.154,World,Wall4m,21.9,30.4,0.299,0.424,0,0,None,None,1,0,0,0,0.3706,0.4397,0.232,0.000,0
76.50,Negin,AUIT_Multi,CBA,1.343,1.466,1.115,61.2,12.8,1.521,1.504,1.286,1.705,1.612,1.150,World,Wall4m,26.2,41.5,0.250,0.392,0,0,None,None,0,0,0,0,0.5923,0.3748,0.253,0.000,0
76.61,Negin,AUIT_Multi,CBA,1.354,1.415,1.130,59.9,14.6,1.481,1.455,1.294,1.715,1.602,1.153,World,Wall4m,33.7,49.2,0.211,0.407,0,0,None,None,0,0,0,0,0.5785,0.1272,0.310,0.000,0
76.71,Negin,AUIT_Multi,CBA,1.364,1.371,1.137,59.5,15.9,1.474,1.411,1.299,1.700,1.597,1.158,World,KitchenOven07,37.0,56.0,0.200,0.405,0,0,None,None,0,0,0,0,0.4661,0.1693,0.325,0.000,0
76.81,Negin,AUIT_Multi,CBA,1.373,1.328,1.141,59.5,16.6,1.490,1.367,1.318,1.687,1.591,1.162,World,KitchenOven07,37.3,61.8,0.216,0.410,0,0,None,None,0,0,0,0,0.5175,0.1514,0.337,0.000,0
76.90,Negin,AUIT_Multi,CBA,1.381,1.285,1.145,59.3,16.4,1.559,1.324,1.411,1.673,1.586,1.165,World,KitchenOven07,34.4,66.8,0.322,0.419,0,0,None,None,0,0,0,0,1.2659,0.1561,0.377,0.000,0
77.00,Negin,AUIT_Multi,CBA,1.387,1.239,1.151,58.6,16.0,1.638,1.280,1.524,2.084,1.433,1.217,World,KitchenOven07,32.3,40.6,0.451,0.727,0,0,None,None,0,0,0,0,1.4845,4.5402,0.563,0.000,0
77.11,Negin,AUIT_Multi,CBA,1.391,1.187,1.160,56.4,16.6,1.629,1.228,1.520,2.047,1.405,1.239,World,KitchenOven07,31.6,43.8,0.433,0.695,0,0,None,None,0,0,0,0,0.4763,0.4594,0.534,0.000,0
77.21,Negin,AUIT_Multi,CBA,1.392,1.144,1.169,54.6,16.5,1.563,1.183,1.444,2.026,1.377,1.261,World,KitchenOven07,32.3,45.2,0.326,0.682,0,0,None,None,0,0,0,0,1.1393,0.4252,0.535,0.000,0
77.31,Negin,AUIT_Multi,CBA,1.388,1.105,1.179,52.5,15.5,1.530,1.140,1.417,2.005,1.349,1.282,World,KitchenOven07,31.4,46.0,0.279,0.671,0,0,None,None,0,0,0,0,0.6156,0.4224,0.536,0.000,0
77.40,Negin,AUIT_Multi,CBA,1.381,1.071,1.188,50.7,13.8,1.505,1.102,1.407,1.980,1.324,1.303,World,KitchenOven07,29.4,45.7,0.254,0.660,0,0,None,None,0,0,0,0,0.4846,0.4227,0.534,0.000,0
77.50,Negin,AUIT_Multi,CBA,1.371,1.042,1.195,47.7,13.0,1.485,1.069,1.411,1.949,1.297,1.324,World,KitchenOven07,27.6,46.5,0.247,0.646,0,0,None,None,0,0,0,0,0.4015,0.4693,0.525,0.000,0
77.61,Negin,AUIT_Multi,CBA,1.361,1.017,1.204,43.9,12.8,1.464,1.037,1.435,1.876,1.269,1.336,World,KitchenOven07,26.2,49.1,0.255,0.588,0,0,None,None,0,0,0,0,0.4069,0.7218,0.483,0.000,0
77.71,Negin,AUIT_Multi,CBA,1.360,1.007,1.217,41.3,14.0,1.447,1.018,1.456,1.831,1.248,1.348,World,KitchenOven07,26.9,51.6,0.254,0.545,0,0,None,None,0,0,0,0,0.3425,0.5304,0.461,0.000,0
77.80,Negin,AUIT_Multi,CBA,1.364,1.001,1.227,38.8,15.0,1.429,1.007,1.453,1.796,1.223,1.363,World,KitchenOven07,27.9,52.7,0.235,0.505,0,0,None,None,0,0,0,0,0.2171,0.4629,0.436,0.000,0
77.90,Negin,AUIT_Multi,CBA,1.371,0.994,1.232,36.9,14.7,1.420,1.000,1.450,1.767,1.202,1.376,World,KitchenOven07,29.0,52.1,0.224,0.470,0,0,None,None,0,0,0,0,0.1230,0.3977,0.409,0.000,0
78.01,Negin,AUIT_Multi,CBA,1.380,0.987,1.237,35.5,14.6,1.417,0.992,1.446,1.772,1.116,1.420,World,KitchenOven07,29.8,42.6,0.213,0.452,0,0,None,None,0,0,0,0,0.0839,0.8721,0.377,0.000,0
78.11,Negin,AUIT_Multi,CBA,1.388,0.980,1.239,34.2,15.3,1.418,0.986,1.443,1.745,1.099,1.416,World,KitchenOven07,30.6,43.3,0.206,0.415,0,0,None,None,0,0,0,0,0.0710,0.3377,0.347,0.000,0
78.21,Negin,AUIT_Multi,CBA,1.396,0.972,1.240,34.2,15.9,1.421,0.979,1.439,1.724,1.078,1.414,World,KitchenOven07,32.0,42.2,0.200,0.386,0,0,None,None,0,0,0,0,0.0902,0.3023,0.319,0.000,0
78.30,Negin,AUIT_Multi,CBA,1.401,0.966,1.242,34.0,16.2,1.428,0.972,1.436,1.704,1.057,1.412,World,KitchenOven07,31.4,40.7,0.195,0.359,0,0,None,None,0,0,0,0,0.1023,0.2990,0.290,0.000,0
78.40,Negin,AUIT_Multi,CBA,1.403,0.963,1.244,33.8,17.0,1.431,0.966,1.434,1.683,1.036,1.410,World,KitchenOven07,30.9,38.9,0.192,0.334,0,0,None,None,0,0,0,0,0.0718,0.3069,0.262,0.000,0
78.51,Negin,AUIT_Multi,CBA,1.403,0.963,1.243,33.9,16.6,1.433,0.963,1.433,1.660,1.013,1.408,World,KitchenOven07,29.7,34.5,0.193,0.309,0,0,None,None,0,0,0,0,0.0316,0.2966,0.234,0.000,0
78.61,Negin,AUIT_Multi,CBA,1.404,0.965,1.240,34.1,16.1,1.434,0.964,1.434,1.640,0.993,1.406,World,KitchenOven07,29.6,29.8,0.196,0.290,0,0,None,None,0,0,0,0,0.0139,0.2862,0.210,0.000,0
78.71,Negin,AUIT_Multi,CBA,1.404,0.966,1.239,34.1,15.7,1.435,0.965,1.434,1.621,0.973,1.405,World,KitchenOven07,29.2,25.1,0.197,0.272,0,0,None,None,0,0,0,0,0.0197,0.2891,0.188,0.000,0
78.80,Negin,AUIT_Multi,CBA,1.406,0.965,1.240,33.9,15.9,1.435,0.966,1.434,1.599,0.952,1.403,World,KitchenOven07,29.8,20.4,0.195,0.253,0,0,None,None,0,1,0,0,0.0064,0.3045,0.167,0.000,0
78.90,Negin,AUIT_Multi,CBA,1.408,0.964,1.242,33.5,15.8,1.436,0.965,1.433,1.578,0.932,1.401,World,KitchenOven07,29.4,15.4,0.194,0.236,0,0,None,None,0,1,0,0,0.0150,0.3023,0.149,0.000,0
79.01,Negin,AUIT_Multi,CBA,1.409,0.964,1.244,33.1,15.5,1.436,0.964,1.434,1.600,0.921,1.415,World,KitchenOven07,29.2,15.8,0.191,0.260,0,0,None,None,0,1,0,0,0.0067,0.2554,0.170,0.000,0
79.11,Negin,AUIT_Multi,CBA,1.411,0.963,1.248,32.5,15.4,1.443,0.963,1.438,1.619,0.926,1.424,World,KitchenOven07,27.3,18.5,0.193,0.275,0,0,None,None,0,1,0,0,0.0850,0.2222,0.180,0.000,0
79.21,Negin,AUIT_Multi,CBA,1.413,0.963,1.252,32.0,15.1,1.451,0.962,1.443,1.605,0.924,1.421,World,KitchenOven07,25.2,17.7,0.195,0.259,0,0,None,None,0,1,0,0,0.0966,0.1537,0.160,0.000,0
79.30,Negin,AUIT_Multi,CBA,1.413,0.962,1.256,31.4,15.1,1.459,0.961,1.448,1.591,0.922,1.417,World,KitchenOven07,23.1,16.9,0.197,0.243,0,0,None,None,1,1,0,0,0.0962,0.1513,0.140,0.000,0
79.40,Negin,AUIT_Multi,CBA,1.413,0.962,1.259,31.0,14.7,1.467,0.960,1.453,1.578,0.920,1.414,World,KitchenOven07,20.7,16.0,0.201,0.230,0,0,None,None,1,1,0,0,0.0958,0.1358,0.124,0.000,0
79.51,Negin,AUIT_Multi,CBA,1.412,0.963,1.263,30.6,14.6,1.475,0.959,1.458,1.567,0.919,1.411,World,KitchenOven07,18.6,15.5,0.205,0.219,0,0,None,None,1,1,0,0,0.0847,0.1045,0.111,0.000,0
79.61,Negin,AUIT_Multi,CBA,1.410,0.962,1.267,30.1,14.6,1.481,0.958,1.463,1.558,0.917,1.408,World,KitchenOven07,16.7,16.0,0.209,0.210,0,0,None,None,1,1,0,0,0.0798,0.0949,0.104,0.000,0
79.71,Negin,AUIT_Multi,CBA,1.407,0.962,1.269,30.0,15.1,1.487,0.957,1.468,1.550,0.915,1.406,World,KitchenOven07,15.8,15.7,0.214,0.203,0,0,None,None,1,1,0,0,0.0803,0.0947,0.098,0.000,0
79.80,Negin,AUIT_Multi,CBA,1.403,0.966,1.269,29.5,14.8,1.493,0.956,1.473,1.541,0.914,1.403,World,KitchenOven07,13.5,15.7,0.223,0.199,0,0,None,None,1,1,0,0,0.0803,0.0958,0.095,0.000,0
79.90,Negin,AUIT_Multi,CBA,1.399,0.972,1.265,30.0,14.5,1.500,0.956,1.478,1.532,0.912,1.400,World,KitchenOven07,11.5,14.2,0.236,0.198,0,0,None,None,1,1,0,0,0.0900,0.1009,0.095,0.000,0
80.01,Negin,AUIT_Multi,CBA,1.394,0.981,1.256,31.4,13.6,1.507,0.956,1.484,1.525,0.912,1.397,World,Quad,9.3,12.4,0.256,0.204,0,0,None,None,1,1,0,0,0.0862,0.0686,0.098,1.000,0
80.11,Negin,AUIT_Multi,CBA,1.388,0.990,1.242,33.5,13.0,1.461,0.978,1.449,1.611,0.970,1.460,World,KitchenOven07,17.2,15.2,0.220,0.312,0,0,None,None,1,1,0,0,0.6368,1.2530,0.151,0.000,0
80.21,Negin,AUIT_Multi,CBA,1.382,1.004,1.226,36.6,12.9,1.459,0.991,1.452,1.660,0.990,1.472,World,KitchenOven07,20.1,15.9,0.239,0.372,0,0,None,None,1,1,0,0,0.1369,0.5609,0.202,0.000,0
80.30,Negin,AUIT_Multi,CBA,1.376,1.032,1.213,40.0,14.0,1.458,1.009,1.448,1.749,1.009,1.478,World,KitchenOven07,22.2,18.3,0.251,0.459,0,0,None,None,1,1,0,0,0.1849,0.9369,0.293,0.000,0
80.40,Negin,AUIT_Multi,CBA,1.375,1.069,1.204,43.7,14.1,1.456,1.037,1.444,1.899,1.037,1.483,World,KitchenOven07,25.4,21.2,0.255,0.594,0,0,None,None,0,1,0,0,0.2967,1.5607,0.444,0.000,0
80.50,Negin,AUIT_Multi,CBA,1.378,1.105,1.196,46.4,15.2,1.460,1.073,1.441,2.169,1.073,1.513,World,KitchenOven07,28.5,25.2,0.260,0.853,0,0,None,None,0,0,0,0,0.3723,2.8224,0.712,0.000,0
80.61,Negin,AUIT_Multi,CBA,1.382,1.150,1.179,49.5,17.3,1.480,1.114,1.440,2.472,1.114,1.544,World,KitchenOven07,29.9,26.6,0.281,1.150,0,0,None,None,0,0,0,0,0.4111,2.7627,0.997,0.000,0
80.71,Negin,AUIT_Multi,CBA,1.382,1.198,1.156,51.5,17.8,1.554,1.156,1.549,2.531,1.156,1.493,World,KitchenOven07,29.9,26.9,0.431,1.198,0,0,None,None,0,0,0,0,1.4241,0.9132,0.979,0.000,0
80.81,Negin,AUIT_Multi,CBA,1.381,1.253,1.128,54.0,17.9,1.612,1.204,1.610,2.548,1.204,1.428,World,KitchenOven07,30.6,26.3,0.537,1.206,0,0,None,None,0,0,0,0,0.9987,0.8468,0.954,0.000,0
80.90,Negin,AUIT_Multi,CBA,1.378,1.312,1.098,57.0,17.0,1.515,1.260,1.369,2.559,1.260,1.345,World,KitchenOven07,30.2,25.4,0.308,1.208,0,0,None,None,0,0,0,0,2.7339,1.0329,1.044,0.000,0
81.00,Negin,AUIT_Multi,CBA,1.374,1.372,1.069,60.0,16.4,1.513,1.319,1.310,2.566,1.319,1.256,World,KitchenOven07,29.7,25.0,0.284,1.208,0,0,None,None,0,1,0,1,0.8589,1.1066,1.055,0.000,0
81.11,Negin,AUIT_Multi,CBA,1.355,1.436,1.031,63.4,15.0,1.528,1.385,1.280,2.535,1.364,1.188,World,Wall4m,28.5,22.0,0.307,1.192,0,0,None,None,0,1,0,1,0.6697,0.7829,1.011,0.000,0
81.21,Negin,AUIT_Multi,CBA,1.329,1.488,1.000,67.1,11.5,1.549,1.441,1.271,2.462,1.373,1.178,World,Wall4m,27.9,15.0,0.353,1.153,0,0,None,None,0,1,0,1,0.6177,0.7598,0.921,0.000,0
81.31,Negin,AUIT_Multi,CBA,1.289,1.530,0.974,70.7,6.7,1.571,1.491,1.266,2.384,1.377,1.175,World,Wall4m,26.6,8.9,0.408,1.124,0,0,None,None,0,1,0,1,0.5701,0.8012,0.826,0.000,0
81.40,Negin,AUIT_Multi,CBA,1.243,1.566,0.954,73.3,4.1,1.580,1.533,1.260,2.310,1.387,1.161,World,Wall4m,25.5,7.7,0.457,1.102,0,0,None,None,0,1,0,1,0.4389,0.7848,0.751,0.000,0
81.50,Negin,AUIT_Multi,CBA,1.192,1.604,0.940,72.9,2.3,1.570,1.571,1.248,2.234,1.394,1.166,World,Wall4m,22.1,10.1,0.489,1.087,0,0,None,None,1,1,0,1,0.4212,0.7887,0.692,0.000,0
81.61,Negin,AUIT_Multi,CBA,1.126,1.643,0.922,71.7,359.9,1.552,1.612,1.235,2.146,1.401,1.189,World,Quad,18.3,13.5,0.529,1.082,0,0,None,None,1,1,0,1,0.4260,0.8202,0.632,0.000,0
81.71,Negin,AUIT_Multi,CBA,1.069,1.670,0.907,69.8,359.6,1.535,1.645,1.222,2.068,1.407,1.211,World,Quad,14.2,14.9,0.563,1.077,0,0,None,None,1,1,0,1,0.4061,0.8422,0.584,0.766,0
81.81,Negin,AUIT_Multi,CBA,1.016,1.690,0.892,68.1,359.9,1.489,1.671,1.211,1.990,1.411,1.222,World,Quad,12.3,15.6,0.570,1.065,0,0,None,None,1,1,0,1,0.5558,0.8124,0.565,0.827,0
81.90,Negin,AUIT_Multi,CBA,0.968,1.705,0.879,66.1,359.3,1.428,1.691,1.207,1.912,1.414,1.232,World,Quad,11.7,17.2,0.566,1.050,0,0,None,None,1,1,0,1,0.6537,0.8053,0.558,0.882,0
82.00,Negin,AUIT_Multi,CBA,0.923,1.715,0.867,63.5,0.5,1.367,1.705,1.208,1.835,1.417,1.244,World,Quad,11.1,16.8,0.560,1.031,0,0,None,None,1,1,0,1,0.6453,0.8027,0.551,0.884,0
82.11,Negin,AUIT_Multi,CBA,0.877,1.720,0.853,60.3,3.5,1.306,1.713,1.210,1.909,1.560,1.193,World,Quad,10.5,12.3,0.558,1.098,0,0,None,None,1,1,0,1,0.5560,1.5145,0.622,0.000,0
82.21,Negin,AUIT_Multi,CBA,0.844,1.724,0.844,57.9,4.4,1.285,1.705,1.189,1.842,1.571,1.188,World,Quad,6.3,13.6,0.560,1.067,0,0,None,None,1,1,0,1,0.3221,0.6976,0.573,0.000,0
82.31,Negin,AUIT_Multi,CBA,0.818,1.729,0.838,55.8,4.7,1.278,1.697,1.179,1.781,1.587,1.180,World,Quad,2.8,14.9,0.573,1.032,0,0,None,None,1,1,0,1,0.1457,0.6507,0.516,0.615,0
82.40,Negin,AUIT_Multi,CBA,0.801,1.733,0.833,54.1,3.4,1.272,1.689,1.171,1.724,1.605,1.170,World,Quad,1.0,16.3,0.581,0.991,0,0,None,None,1,1,0,1,0.1286,0.6227,0.460,0.617,0
82.50,Negin,AUIT_Multi,CBA,0.789,1.734,0.825,52.1,3.7,1.270,1.681,1.164,1.667,1.620,1.157,World,Quad,3.0,17.4,0.591,0.945,0,0,None,None,1,1,0,1,0.1145,0.6244,0.402,0.615,0
82.61,Negin,AUIT_Multi,CBA,0.779,1.736,0.813,47.7,3.8,1.266,1.671,1.158,1.603,1.639,1.142,World,Quad,7.3,20.6,0.600,0.892,0,0,None,None,1,1,0,1,0.1092,0.6150,0.339,0.688,0
82.71,Negin,AUIT_Multi,CBA,0.775,1.739,0.799,42.3,3.3,1.262,1.662,1.157,1.545,1.654,1.129,World,Quad,11.9,24.5,0.609,0.841,0,0,None,None,1,1,0,1,0.0970,0.6327,0.284,0.796,0
82.81,Negin,AUIT_Multi,CBA,0.777,1.746,0.785,36.5,1.7,1.257,1.655,1.160,1.488,1.671,1.125,World,Quad,16.9,28.2,0.616,0.792,0,0,None,None,1,0,0,0,0.0967,0.6146,0.234,0.944,0
82.90,Negin,AUIT_Multi,CBA,0.781,1.752,0.772,31.0,0.4,1.257,1.648,1.191,1.411,1.688,1.116,World,Quad,19.7,30.7,0.642,0.721,0,0,None,None,1,0,0,0,0.3252,0.8118,0.176,1.000,0
83.00,Negin,AUIT_Multi,CBA,0.787,1.754,0.760,26.5,359.9,1.252,1.640,1.194,1.336,1.705,1.101,World,CabinetD05Door,22.8,31.9,0.646,0.648,0,0,None,None,1,0,0,0,0.1031,0.8047,0.141,1.000,0
83.11,Negin,AUIT_Multi,CBA,0.793,1.753,0.749,22.0,358.9,1.084,1.674,1.293,1.341,1.731,1.178,World,Quad,10.4,30.1,0.623,0.697,0,0,None,None,1,0,0,0,1.7805,0.7307,0.287,0.000,0
83.21,Negin,AUIT_Multi,CBA,0.798,1.755,0.743,20.0,357.3,0.805,1.741,1.422,1.406,1.750,1.315,World,CabinetD05Door,19.8,26.9,0.679,0.834,0,0,None,None,1,0,0,0,3.2402,1.5711,0.611,0.000,0
83.31,Negin,AUIT_Multi,CBA,0.802,1.754,0.740,18.7,357.9,0.744,1.753,1.421,1.388,1.754,1.334,World,CabinetD05Door,23.7,26.0,0.683,0.835,0,0,None,None,1,0,0,0,0.6295,0.2657,0.650,0.000,0
83.40,Negin,AUIT_Multi,CBA,0.799,1.751,0.735,17.1,359.6,0.725,1.753,1.419,1.368,1.753,1.336,World,CabinetD05Door,23.4,26.3,0.688,0.827,0,0,None,None,1,0,0,0,0.2021,0.2113,0.649,0.000,0
83.50,Negin,AUIT_Multi,CBA,0.789,1.753,0.728,14.6,359.5,0.697,1.751,1.418,1.333,1.751,1.334,World,CabinetD05,22.1,27.3,0.696,0.815,0,0,None,None,1,0,0,0,0.2831,0.3648,0.641,0.000,0
83.61,Negin,AUIT_Multi,CBA,0.768,1.756,0.719,10.4,356.3,0.644,1.754,1.418,1.269,1.754,1.332,World,CabinetD05,20.8,29.1,0.710,0.791,0,0,None,None,1,0,0,0,0.4779,0.5737,0.631,0.000,0
83.71,Negin,AUIT_Multi,CBA,0.748,1.761,0.714,6.2,354.2,0.576,1.757,1.416,1.207,1.755,1.299,World,CabinetD05,20.9,32.4,0.723,0.744,0,0,None,None,1,0,0,0,0.6994,0.7179,0.642,0.000,0
83.81,Negin,AUIT_Multi,CBA,0.729,1.765,0.711,2.6,350.9,0.503,1.761,1.415,1.164,1.756,1.274,World,CabinetD05,22.4,36.3,0.739,0.712,0,0,None,None,1,0,0,0,0.7562,0.5154,0.676,0.000,0
83.90,Negin,AUIT_Multi,CBA,0.710,1.768,0.710,358.9,348.1,0.439,1.765,1.398,1.127,1.756,1.262,World,CabinetD05,23.6,40.0,0.739,0.692,0,0,None,None,1,0,0,0,0.6831,0.4053,0.701,0.000,0
84.00,Negin,AUIT_Multi,CBA,0.693,1.771,0.711,355.4,346.3,0.409,1.769,1.314,1.095,1.756,1.266,World,Wall4m,24.7,42.8,0.667,0.686,0,0,None,None,1,0,0,0,0.9172,0.3265,0.688,0.000,0
84.11,Negin,AUIT_Multi,CBA,0.678,1.772,0.714,352.5,345.0,0.378,1.771,1.250,1.056,1.756,1.264,World,Wall4m,26.2,44.6,0.615,0.668,0,0,None,None,0,0,0,0,0.6365,0.3546,0.678,0.000,0
84.21,Negin,AUIT_Multi,CBA,0.667,1.773,0.717,350.3,344.5,0.354,1.772,1.219,1.014,1.757,1.241,World,Wall4m,27.0,46.0,0.592,0.629,0,0,None,None,0,0,0,0,0.4043,0.4848,0.661,0.000,0
84.31,Negin,AUIT_Multi,CBA,0.657,1.775,0.720,348.0,344.1,0.333,1.773,1.196,0.974,1.757,1.216,World,Wall4m,27.1,47.5,0.575,0.589,0,0,None,None,0,0,0,0,0.3215,0.4876,0.642,0.000,0
84.40,Negin,AUIT_Multi,CBA,0.645,1.776,0.725,343.9,343.6,0.307,1.775,1.171,0.929,1.757,1.194,World,Wall4m,26.5,50.2,0.560,0.549,0,0,None,None,0,0,0,0,0.3628,0.5165,0.622,0.000,0
84.50,Negin,AUIT_Multi,CBA,0.637,1.773,0.729,340.4,346.7,0.270,1.775,1.148,0.885,1.756,1.169,World,CabinetD06,25.0,50.9,0.557,0.505,0,0,None,None,0,0,0,0,0.4501,0.5225,0.615,0.000,0
84.61,Negin,AUIT_Multi,CBA,0.632,1.772,0.734,338.5,347.6,0.231,1.773,1.136,0.840,1.756,1.141,World,CabinetD06,26.3,50.4,0.568,0.457,0,0,None,None,0,0,0,0,0.3722,0.4752,0.609,0.000,0
84.71,Negin,AUIT_Multi,CBA,0.630,1.771,0.739,337.7,348.1,0.214,1.772,1.132,0.754,1.765,1.355,World,CabinetD06,26.9,35.8,0.573,0.628,0,0,None,None,0,0,0,0,0.1806,2.3668,0.585,0.000,0
84.81,Negin,AUIT_Multi,CBA,0.630,1.770,0.745,337.5,348.8,0.210,1.771,1.129,0.728,1.769,1.326,World,CabinetD06,27.3,33.8,0.570,0.589,0,0,None,None,0,0,0,0,0.0552,0.4024,0.555,0.000,0
84.90,Negin,AUIT_Multi,CBA,0.632,1.770,0.750,338.2,350.0,0.214,1.770,1.129,0.704,1.772,1.299,World,CabinetD06,27.6,30.7,0.564,0.554,0,0,None,None,0,0,0,0,0.0489,0.3733,0.518,0.000,0
85.00,Negin,AUIT_Multi,CBA,0.633,1.770,0.751,338.8,350.2,0.224,1.770,1.134,0.681,1.776,1.271,World,CabinetD06,27.4,27.9,0.560,0.522,0,0,None,None,0,0,0,0,0.1122,0.3716,0.477,0.000,0
85.11,Negin,AUIT_Multi,CBA,0.633,1.769,0.751,338.0,350.6,0.228,1.769,1.138,0.651,1.781,1.240,World,CabinetD06,26.0,25.2,0.560,0.489,0,0,None,None,0,0,0,0,0.0497,0.3926,0.435,0.000,0
85.21,Negin,AUIT_Multi,CBA,0.633,1.767,0.750,337.0,351.5,0.227,1.768,1.138,0.620,1.784,1.212,World,CabinetD06,24.6,22.2,0.561,0.463,0,0,None,None,1,1,0,0,0.0143,0.4305,0.400,0.000,0
85.31,Negin,AUIT_Multi,CBA,0.633,1.765,0.749,336.3,351.7,0.227,1.766,1.138,0.589,1.788,1.225,World,CabinetD06,23.8,19.2,0.562,0.479,0,0,None,None,1,1,0,0,0.0189,0.3403,0.373,0.000,0
85.40,Negin,AUIT_Multi,CBA,0.633,1.765,0.748,335.9,351.8,0.227,1.765,1.138,0.561,1.791,1.211,World,CabinetD06,23.4,15.9,0.563,0.469,0,0,None,None,1,1,0,0,0.0127,0.3285,0.342,0.000,0
85.50,Negin,AUIT_Multi,CBA,0.635,1.765,0.750,336.3,351.6,0.228,1.765,1.138,0.537,1.796,1.177,World,CabinetD06,24.1,11.6,0.563,0.439,0,0,None,None,1,1,0,0,0.0033,0.4308,0.314,0.000,0
85.61,Negin,AUIT_Multi,CBA,0.637,1.766,0.752,337.4,351.3,0.228,1.765,1.138,0.515,1.800,1.100,World,CabinetD06,25.5,4.8,0.563,0.371,0,0,None,None,0,1,0,0,0.0058,0.7159,0.292,0.000,0
85.71,Negin,AUIT_Multi,CBA,0.638,1.766,0.753,337.7,351.5,0.232,1.766,1.139,0.579,1.786,1.343,World,CabinetD06,25.5,17.8,0.560,0.594,0,0,None,None,0,1,0,0,0.0465,2.5848,0.403,0.000,0
85.81,Negin,AUIT_Multi,CBA,0.637,1.765,0.754,337.5,352.0,0.260,1.770,1.147,0.565,1.787,1.312,World,CabinetD06,22.4,16.1,0.546,0.564,0,0,None,None,1,1,0,0,0.2997,0.3515,0.347,0.000,0
85.90,Negin,AUIT_Multi,CBA,0.637,1.764,0.753,337.4,352.5,0.288,1.774,1.156,0.550,1.789,1.310,World,Quad,19.3,14.5,0.533,0.565,0,0,None,None,1,1,0,0,0.3072,0.1513,0.305,0.000,0
86.00,Negin,AUIT_Multi,CBA,0.638,1.764,0.752,337.7,352.4,0.316,1.778,1.165,0.540,1.790,1.261,World,Quad,16.7,12.2,0.524,0.519,0,0,None,None,1,1,0,0,0.3030,0.5145,0.244,0.000,0
86.11,Negin,AUIT_Multi,CBA,0.638,1.764,0.751,338.1,352.3,0.345,1.783,1.174,0.532,1.792,1.235,World,Quad,14.0,10.5,0.515,0.496,0,0,None,None,1,1,0,0,0.2802,0.2547,0.197,0.000,0
86.21,Negin,AUIT_Multi,CBA,0.639,1.763,0.751,338.4,352.4,0.370,1.787,1.180,0.528,1.793,1.208,World,Quad,11.5,8.8,0.507,0.472,0,0,None,None,1,1,0,0,0.2678,0.2747,0.161,0.609,0
86.31,Negin,AUIT_Multi,CBA,0.639,1.763,0.751,338.7,352.4,0.395,1.791,1.186,0.523,1.794,1.186,World,Quad,9.1,7.3,0.500,0.451,0,0,None,None,1,1,0,0,0.2647,0.2378,0.129,0.676,0
86.40,Negin,AUIT_Multi,CBA,0.640,1.763,0.752,339.1,352.6,0.420,1.795,1.192,0.519,1.796,1.158,World,Quad,6.7,5.2,0.493,0.425,0,0,None,None,1,1,0,0,0.2728,0.2859,0.105,0.794,0
86.50,Negin,AUIT_Multi,CBA,0.641,1.763,0.752,339.7,352.6,0.457,1.799,1.214,0.497,1.797,1.123,World,Quad,3.5,2.6,0.498,0.399,0,0,None,None,1,1,0,0,0.4409,0.4255,0.099,0.992,0
86.61,Negin,AUIT_Multi,CBA,0.641,1.763,0.752,340.4,352.7,0.515,1.803,1.253,0.449,1.799,1.069,World,Quad,6.1,11.7,0.518,0.373,0,0,None,None,1,1,0,0,0.6289,0.6538,0.195,1.000,0
86.71,Negin,AUIT_Multi,CBA,0.642,1.763,0.751,340.9,352.8,0.546,1.799,1.299,0.397,1.793,1.117,World,Quad,9.8,14.9,0.558,0.441,0,0,None,None,1,1,0,0,0.5811,0.7322,0.236,0.000,0
86.81,Negin,AUIT_Multi,CBA,0.641,1.763,0.749,341.0,352.8,0.584,1.769,1.426,0.226,1.768,1.366,World,Quad,15.6,16.4,0.679,0.743,0,0,None,None,1,1,0,0,1.4010,3.1226,0.364,0.000,0
86.90,Negin,AUIT_Multi,CBA,0.640,1.763,0.748,341.0,352.7,0.592,1.763,1.428,0.201,1.763,1.402,World,Quad,16.6,16.5,0.682,0.788,0,0,None,None,1,1,0,0,0.1028,0.4565,0.393,0.000,0
87.00,Negin,AUIT_Multi,CBA,0.639,1.762,0.746,341.0,352.9,0.593,1.763,1.426,0.198,1.763,1.400,World,Quad,16.7,16.5,0.682,0.789,0,0,None,None,1,1,0,0,0.0210,0.0306,0.395,0.000,0
87.11,Negin,AUIT_Multi,CBA,0.638,1.762,0.744,341.1,352.9,0.593,1.763,1.426,0.198,1.763,1.395,World,Quad,16.7,16.6,0.684,0.786,0,0,None,None,1,1,0,0,0.0052,0.0401,0.396,0.000,0
87.21,Negin,AUIT_Multi,CBA,0.637,1.762,0.742,341.2,352.9,0.593,1.762,1.425,0.198,1.762,1.395,World,Quad,16.6,16.7,0.685,0.787,0,0,None,None,1,1,0,0,0.0056,0.0096,0.396,0.000,0
87.31,Negin,AUIT_Multi,CBA,0.637,1.762,0.740,341.4,353.0,0.595,1.762,1.425,0.198,1.762,1.395,World,Quad,16.6,16.7,0.685,0.788,0,0,None,None,1,1,0,0,0.0185,0.0021,0.398,0.000,0
87.40,Negin,AUIT_Multi,CBA,0.635,1.762,0.739,341.4,353.1,0.595,1.762,1.424,0.198,1.762,1.393,World,Quad,16.8,16.6,0.686,0.787,0,0,None,None,1,1,0,0,0.0062,0.0126,0.398,0.000,0
87.50,Negin,AUIT_Multi,CBA,0.634,1.762,0.739,341.4,353.2,0.595,1.762,1.424,0.198,1.762,1.389,World,Quad,16.8,16.7,0.686,0.782,0,0,None,None,1,1,0,0,0.0027,0.0497,0.399,0.000,0
87.61,Negin,AUIT_Multi,CBA,0.633,1.762,0.740,341.5,353.4,0.596,1.762,1.424,0.198,1.762,1.388,World,Quad,16.7,16.8,0.685,0.781,0,0,None,None,1,1,0,0,0.0078,0.0090,0.400,0.000,0
87.71,Negin,AUIT_Multi,CBA,0.633,1.762,0.740,341.8,353.6,0.598,1.762,1.423,0.198,1.762,1.388,World,Quad,16.6,16.9,0.685,0.780,0,0,None,None,1,1,0,0,0.0187,0.0012,0.402,0.000,0
87.81,Negin,AUIT_Multi,CBA,0.632,1.762,0.740,342.3,353.6,0.604,1.762,1.422,0.198,1.762,1.388,World,Quad,16.6,17.3,0.683,0.780,0,0,None,None,1,1,0,0,0.0601,0.0019,0.407,0.000,0
87.90,Negin,AUIT_Multi,CBA,0.632,1.763,0.740,343.1,353.3,0.617,1.762,1.420,0.198,1.762,1.388,World,Quad,16.9,18.2,0.681,0.780,0,0,None,None,1,1,0,0,0.1345,0.0019,0.420,0.000,0
88.00,Negin,AUIT_Multi,CBA,0.631,1.763,0.739,344.0,353.2,0.635,1.763,1.419,0.198,1.763,1.388,World,Quad,17.6,19.0,0.680,0.780,0,0,None,None,1,1,0,0,0.1898,0.0024,0.438,0.000,0
88.11,Negin,AUIT_Multi,CBA,0.631,1.763,0.739,345.1,353.2,0.659,1.763,1.419,0.198,1.763,1.388,World,Quad,18.5,20.0,0.680,0.780,0,0,None,None,1,1,0,0,0.2138,0.0020,0.462,0.000,0
88.21,Negin,AUIT_Multi,CBA,0.630,1.762,0.738,345.7,353.2,0.678,1.763,1.419,0.198,1.763,1.388,World,Quad,19.5,20.5,0.682,0.780,0,0,None,None,1,1,0,0,0.1971,0.0019,0.481,0.000,0
88.31,Negin,AUIT_Multi,CBA,0.629,1.762,0.738,346.1,353.2,0.690,1.762,1.418,0.197,1.762,1.388,World,CabinetD06,20.2,20.8,0.683,0.780,0,0,None,None,1,1,0,0,0.1248,0.0018,0.494,0.000,0
88.40,Negin,AUIT_Multi,CBA,0.629,1.762,0.738,346.5,353.2,0.699,1.762,1.419,0.197,1.762,1.388,World,CabinetD06,20.5,21.1,0.684,0.780,0,0,None,None,1,1,0,0,0.0913,0.0019,0.502,0.000,0
88.50,Negin,AUIT_Multi,CBA,0.628,1.762,0.738,346.7,353.3,0.707,1.762,1.419,0.197,1.762,1.388,World,CabinetD06,20.9,21.3,0.685,0.779,0,0,None,None,1,1,0,0,0.0838,0.0036,0.511,0.000,0
88.61,Negin,AUIT_Multi,CBA,0.628,1.762,0.739,346.8,353.3,0.712,1.762,1.419,0.197,1.762,1.388,World,CabinetD06,21.3,21.4,0.685,0.778,0,0,None,None,1,1,0,0,0.0464,0.0023,0.516,0.000,0
88.71,Negin,AUIT_Multi,CBA,0.627,1.761,0.740,346.8,353.6,0.713,1.762,1.419,0.197,1.762,1.388,World,CabinetD06,21.3,21.3,0.685,0.778,0,0,None,None,1,1,0,0,0.0104,0.0012,0.517,0.000,0
88.81,Negin,AUIT_Multi,CBA,0.627,1.761,0.741,346.8,353.9,0.713,1.761,1.419,0.197,1.761,1.387,World,CabinetD06,21.3,21.3,0.684,0.776,0,0,None,None,1,1,0,0,0.0052,0.0053,0.517,0.000,0
88.90,Negin,AUIT_Multi,CBA,0.627,1.760,0.741,346.8,354.0,0.713,1.761,1.419,0.197,1.761,1.385,World,CabinetD06,21.3,21.3,0.684,0.774,0,0,None,None,1,1,0,0,0.0047,0.0217,0.517,0.000,0
89.00,Negin,AUIT_Multi,CBA,0.627,1.760,0.742,346.9,354.0,0.715,1.760,1.420,0.197,1.760,1.385,World,CabinetD06,21.3,21.5,0.683,0.773,0,0,None,None,1,1,0,0,0.0172,0.0043,0.519,0.000,0
89.11,Negin,AUIT_Multi,CBA,0.627,1.760,0.743,346.8,354.1,0.717,1.760,1.420,0.197,1.760,1.384,World,CabinetD06,21.6,21.4,0.683,0.772,0,0,None,None,1,1,0,0,0.0177,0.0072,0.521,0.000,0
89.21,Negin,AUIT_Multi,CBA,0.626,1.760,0.744,346.6,354.3,0.717,1.760,1.420,0.198,1.760,1.376,World,CabinetD06,21.8,21.4,0.682,0.764,0,0,None,None,1,1,0,0,0.0035,0.0816,0.521,0.000,0
89.31,Negin,AUIT_Multi,CBA,0.626,1.760,0.745,346.3,354.2,0.717,1.760,1.420,0.198,1.760,1.366,World,CabinetD06,22.1,21.7,0.682,0.755,0,0,None,None,1,1,0,0,0.0024,0.1068,0.522,0.000,0
89.40,Negin,AUIT_Multi,CBA,0.626,1.760,0.746,346.2,354.3,0.717,1.760,1.421,0.198,1.760,1.356,World,CabinetD06,22.2,22.0,0.681,0.746,0,0,None,None,1,1,0,0,0.0033,0.0961,0.523,0.000,0
89.50,Negin,AUIT_Multi,CBA,0.626,1.760,0.748,346.2,354.5,0.717,1.760,1.421,0.198,1.760,1.354,World,CabinetD06,22.1,22.1,0.679,0.742,0,0,None,None,1,1,0,0,0.0043,0.0301,0.523,0.000,0
89.61,Negin,AUIT_Multi,CBA,0.626,1.759,0.750,346.0,354.7,0.717,1.760,1.421,0.198,1.760,1.350,World,CabinetD06,22.3,22.1,0.678,0.738,0,0,None,None,1,1,0,0,0.0058,0.0283,0.524,0.000,0
89.71,Negin,AUIT_Multi,CBA,0.626,1.759,0.751,345.8,354.8,0.717,1.759,1.422,0.198,1.759,1.343,World,CabinetD06,22.5,22.3,0.677,0.730,0,0,None,None,1,1,0,0,0.0054,0.0735,0.525,0.000,0
89.81,Negin,AUIT_Multi,CBA,0.626,1.759,0.753,345.8,355.0,0.717,1.759,1.422,0.198,1.759,1.339,World,CabinetD06,22.6,22.4,0.676,0.725,0,0,None,None,1,1,0,0,0.0060,0.0454,0.526,0.000,0
89.90,Negin,AUIT_Multi,CBA,0.625,1.758,0.754,345.6,355.1,0.717,1.759,1.423,0.199,1.759,1.333,World,CabinetD06,22.7,22.5,0.675,0.720,0,0,None,None,1,1,0,0,0.0060,0.0579,0.526,0.000,0
90.00,Negin,AUIT_Multi,CBA,0.625,1.759,0.754,345.5,354.9,0.717,1.759,1.423,0.199,1.759,1.327,World,CabinetD06,22.9,22.7,0.675,0.714,0,0,None,None,1,1,0,0,0.0026,0.0627,0.527,0.000,0
90.11,Negin,AUIT_Multi,CBA,0.625,1.758,0.755,345.8,354.9,0.719,1.758,1.423,0.199,1.758,1.326,World,CabinetD06,22.7,23.1,0.675,0.713,0,0,None,None,1,1,0,0,0.0137,0.0127,0.529,0.000,0
90.21,Negin,AUIT_Multi,CBA,0.625,1.758,0.755,345.8,355.1,0.723,1.758,1.423,0.199,1.758,1.326,World,CabinetD06,23.0,23.0,0.676,0.713,0,0,None,None,1,1,0,0,0.0391,0.0031,0.533,0.000,0
90.31,Negin,AUIT_Multi,CBA,0.624,1.758,0.754,345.7,355.0,0.723,1.758,1.423,0.199,1.758,1.322,World,CabinetD06,23.3,23.0,0.676,0.710,0,0,None,None,1,1,0,0,0.0051,0.0373,0.534,0.000,0
90.40,Negin,AUIT_Multi,CBA,0.624,1.758,0.754,346.0,354.9,0.724,1.758,1.423,0.199,1.758,1.319,World,CabinetD06,23.0,23.5,0.676,0.707,0,0,None,None,1,1,0,0,0.0071,0.0301,0.535,0.000,0
90.50,Negin,AUIT_Multi,CBA,0.624,1.758,0.755,346.6,354.9,0.733,1.758,1.423,0.199,1.758,1.319,World,CabinetD06,23.2,24.2,0.678,0.707,0,0,None,None,1,1,0,0,0.0960,0.0018,0.544,0.000,0
90.61,Negin,AUIT_Multi,CBA,0.624,1.758,0.755,347.2,355.0,0.748,1.758,1.424,0.199,1.758,1.319,World,CabinetD06,23.8,24.6,0.680,0.707,0,0,None,None,1,1,0,0,0.1351,0.0004,0.559,0.000,0
90.71,Negin,AUIT_Multi,CBA,0.623,1.758,0.755,347.5,355.0,0.758,1.758,1.424,0.199,1.758,1.319,World,CabinetD06,24.4,24.9,0.683,0.707,0,0,None,None,1,1,0,0,0.1053,0.0012,0.569,0.000,0
90.81,Negin,AUIT_Multi,CBA,0.622,1.758,0.755,347.7,354.9,0.765,1.758,1.424,0.199,1.758,1.319,World,CabinetD06,24.8,25.1,0.684,0.706,0,0,None,None,1,0,0,0,0.0664,0.0008,0.576,0.000,0
90.90,Negin,AUIT_Multi,CBA,0.621,1.758,0.755,347.8,354.8,0.768,1.758,1.424,0.198,1.758,1.319,World,CabinetD06,25.1,25.2,0.685,0.705,0,0,None,None,0,0,0,0,0.0325,0.0020,0.579,0.000,0
91.00,Negin,AUIT_Multi,CBA,0.620,1.758,0.754,347.8,354.8,0.769,1.758,1.424,0.198,1.758,1.319,World,CabinetD06,25.2,25.1,0.686,0.705,0,0,None,None,0,0,0,0,0.0149,0.0025,0.580,0.000,0
91.11,Negin,AUIT_Multi,CBA,0.620,1.758,0.753,347.9,354.8,0.769,1.758,1.424,0.198,1.758,1.317,World,CabinetD06,25.1,25.2,0.687,0.704,0,0,None,None,0,0,0,0,0.0025,0.0187,0.581,0.000,0
91.21,Negin,AUIT_Multi,CBA,0.620,1.758,0.752,348.1,354.7,0.771,1.758,1.424,0.198,1.758,1.317,World,CabinetD06,25.1,25.3,0.688,0.706,0,0,None,None,0,0,0,0,0.0170,0.0010,0.582,0.000,0
91.31,Negin,AUIT_Multi,CBA,0.621,1.758,0.751,348.1,354.7,0.774,1.758,1.423,0.198,1.758,1.317,World,CabinetD06,25.2,25.4,0.690,0.707,0,0,None,None,0,0,0,0,0.0322,0.0001,0.585,0.000,0
91.40,Negin,AUIT_Multi,CBA,0.622,1.758,0.749,348.2,354.5,0.776,1.758,1.423,0.198,1.758,1.317,World,CabinetD06,25.3,25.4,0.691,0.708,0,0,None,None,0,0,0,0,0.0189,0.0007,0.587,0.000,0
91.50,Negin,AUIT_Multi,CBA,0.622,1.758,0.749,348.2,354.5,0.777,1.758,1.423,0.198,1.758,1.317,World,CabinetD06,25.3,25.5,0.691,0.708,0,0,None,None,0,0,0,0,0.0157,0.0002,0.589,0.000,0
91.61,Negin,AUIT_Multi,CBA,0.623,1.758,0.749,348.3,354.6,0.780,1.758,1.423,0.198,1.758,1.318,World,CabinetD06,25.4,25.5,0.692,0.709,0,0,None,None,0,0,0,0,0.0260,0.0039,0.591,0.000,0
91.71,Negin,AUIT_Multi,CBA,0.623,1.758,0.749,348.3,354.6,0.781,1.758,1.423,0.198,1.758,1.318,World,CabinetD06,25.5,25.5,0.692,0.710,0,0,None,None,0,0,0,0,0.0118,0.0045,0.592,0.000,0
91.81,Negin,AUIT_Multi,CBA,0.623,1.758,0.749,348.3,354.5,0.782,1.758,1.423,0.198,1.758,1.318,World,CabinetD06,25.5,25.6,0.692,0.710,0,0,None,None,0,0,0,0,0.0029,0.0016,0.593,0.000,0
91.90,Negin,AUIT_Multi,CBA,0.624,1.758,0.750,348.4,354.6,0.782,1.758,1.423,0.198,1.758,1.320,World,CabinetD06,25.5,25.7,0.691,0.711,0,0,None,None,0,0,0,0,0.0090,0.0158,0.593,0.000,0
92.00,Negin,AUIT_Multi,CBA,0.624,1.758,0.751,348.3,354.7,0.783,1.758,1.423,0.198,1.758,1.321,World,CabinetD06,25.6,25.5,0.691,0.712,0,0,None,None,0,0,0,0,0.0067,0.0170,0.594,0.000,0
92.11,Negin,AUIT_Multi,CBA,0.624,1.758,0.751,348.3,354.8,0.783,1.758,1.423,0.198,1.758,1.321,World,CabinetD06,25.5,25.5,0.690,0.711,0,0,None,None,0,0,0,0,0.0056,0.0024,0.593,0.000,0
92.21,Negin,AUIT_Multi,CBA,0.624,1.758,0.752,348.2,354.8,0.782,1.758,1.423,0.198,1.758,1.322,World,CabinetD06,25.6,25.5,0.689,0.710,0,0,None,None,0,0,0,0,0.0051,0.0039,0.593,0.000,0
92.31,Negin,AUIT_Multi,CBA,0.624,1.758,0.753,348.3,354.8,0.781,1.758,1.424,0.198,1.758,1.322,World,CabinetD06,25.5,25.6,0.689,0.710,0,0,None,None,0,0,0,0,0.0078,0.0005,0.592,0.000,0
92.40,Negin,AUIT_Multi,CBA,0.624,1.758,0.754,348.3,354.8,0.782,1.758,1.424,0.198,1.758,1.324,World,CabinetD06,25.5,25.6,0.688,0.711,0,0,None,None,0,0,0,0,0.0086,0.0264,0.592,0.000,0
92.50,Negin,AUIT_Multi,CBA,0.624,1.758,0.756,348.4,354.8,0.783,1.758,1.424,0.198,1.758,1.326,World,CabinetD06,25.5,25.6,0.687,0.711,0,0,None,None,0,0,0,0,0.0045,0.0201,0.592,0.000,0
92.61,Negin,AUIT_Multi,CBA,0.625,1.758,0.757,348.8,354.8,0.785,1.758,1.425,0.198,1.758,1.332,World,CabinetD06,25.2,25.9,0.687,0.716,0,0,None,None,0,0,0,0,0.0195,0.0533,0.594,0.000,0
92.71,Negin,AUIT_Multi,CBA,0.625,1.758,0.758,349.1,354.7,0.789,1.758,1.425,0.198,1.758,1.342,World,CabinetD06,25.4,25.7,0.687,0.723,0,0,None,None,0,0,0,0,0.0487,0.0986,0.597,0.000,0
92.81,Negin,AUIT_Multi,CBA,0.624,1.758,0.758,349.0,354.8,0.791,1.758,1.425,0.198,1.758,1.345,World,CabinetD06,25.6,25.4,0.688,0.725,0,0,None,None,0,0,0,0,0.0179,0.0366,0.598,0.000,0
92.90,Negin,AUIT_Multi,CBA,0.624,1.758,0.759,349.3,355.1,0.791,1.758,1.423,0.198,1.758,1.347,World,CabinetD06,25.2,25.7,0.684,0.727,0,0,None,None,0,0,0,0,0.0275,0.0236,0.598,0.000,0
93.00,Negin,AUIT_Multi,CBA,0.623,1.758,0.759,348.8,354.6,0.792,1.758,1.422,0.198,1.758,1.350,World,CabinetD06,26.0,25.1,0.685,0.728,0,0,None,None,0,0,0,0,0.0085,0.0233,0.598,0.000,0
93.11,Negin,AUIT_Multi,CBA,0.620,1.759,0.759,347.9,353.8,0.784,1.758,1.425,0.198,1.758,1.335,World,CabinetD06,26.6,24.8,0.686,0.714,0,0,None,None,0,1,0,0,0.0736,0.1324,0.593,0.000,0
93.21,Negin,AUIT_Multi,CBA,0.619,1.759,0.760,346.9,352.9,0.771,1.759,1.425,0.199,1.759,1.313,World,CabinetD06,26.9,25.0,0.682,0.694,0,0,None,None,0,0,0,0,0.1389,0.2239,0.583,0.000,0
93.31,Negin,AUIT_Multi,CBA,0.618,1.759,0.760,345.9,353.4,0.757,1.759,1.425,0.199,1.759,1.292,World,CabinetD06,26.6,25.0,0.680,0.677,0,0,None,None,0,1,0,0,0.1435,0.2181,0.573,0.000,0
93.40,Negin,AUIT_Multi,CBA,0.620,1.758,0.760,345.7,353.5,0.747,1.759,1.425,0.198,1.759,1.278,World,CabinetD06,25.9,25.6,0.677,0.668,0,0,None,None,0,0,0,0,0.0983,0.1434,0.568,0.000,0
93.50,Negin,AUIT_Multi,CBA,0.623,1.755,0.760,346.4,355.0,0.748,1.757,1.425,0.198,1.757,1.279,World,CabinetD06,24.7,26.1,0.677,0.670,0,0,None,None,1,0,0,0,0.0184,0.0180,0.569,0.000,0
93.61,Negin,AUIT_Multi,CBA,0.624,1.755,0.759,346.3,354.6,0.758,1.755,1.425,0.199,1.755,1.292,World,CabinetD06,25.6,25.4,0.679,0.682,0,0,None,None,0,0,0,0,0.0878,0.1238,0.574,0.000,0
93.71,Negin,AUIT_Multi,CBA,0.625,1.756,0.755,345.9,353.9,0.757,1.756,1.425,0.199,1.756,1.288,World,CabinetD06,26.0,25.2,0.683,0.682,0,0,None,None,0,0,0,0,0.0125,0.0500,0.574,0.000,0
93.81,Negin,AUIT_Multi,CBA,0.624,1.754,0.751,345.2,354.9,0.751,1.756,1.424,0.198,1.756,1.276,World,CabinetD06,25.9,24.8,0.684,0.676,0,0,None,None,0,1,0,0,0.0573,0.1179,0.573,0.000,0
93.90,Negin,AUIT_Multi,CBA,0.623,1.752,0.749,344.5,356.4,0.745,1.753,1.422,0.195,1.753,1.267,World,CabinetD06,26.0,24.3,0.685,0.672,0,0,None,None,0,1,0,0,0.0705,0.1077,0.572,0.000,0
94.00,Negin,AUIT_Multi,CBA,0.622,1.756,0.748,343.6,354.3,0.733,1.754,1.422,0.186,1.754,1.256,World,CabinetD06,26.4,24.9,0.683,0.670,0,0,None,None,0,1,0,0,0.1227,0.1364,0.571,0.000,0
94.11,Negin,AUIT_Multi,CBA,0.622,1.754,0.751,343.6,355.1,0.725,1.755,1.422,0.180,1.755,1.251,World,CabinetD06,25.5,25.5,0.679,0.668,0,0,None,None,0,0,0,0,0.0782,0.0719,0.571,0.000,0
94.21,Negin,AUIT_Multi,CBA,0.622,1.755,0.753,343.8,355.5,0.725,1.755,1.422,0.182,1.755,1.252,World,CabinetD06,25.3,25.5,0.677,0.666,0,0,None,None,0,0,0,0,0.0104,0.0217,0.569,0.000,0
94.31,Negin,AUIT_Multi,CBA,0.622,1.756,0.755,344.1,355.0,0.726,1.755,1.423,0.184,1.755,1.254,World,CabinetD06,25.3,25.8,0.676,0.664,0,0,None,None,0,0,0,0,0.0134,0.0279,0.568,0.000,0
94.40,Negin,AUIT_Multi,CBA,0.621,1.755,0.756,344.4,355.4,0.730,1.755,1.423,0.188,1.755,1.257,World,CabinetD06,25.2,25.7,0.676,0.663,0,0,None,None,0,0,0,0,0.0386,0.0500,0.567,0.000,0
94.50,Negin,AUIT_Multi,CBA,0.621,1.754,0.756,344.2,355.6,0.731,1.755,1.424,0.189,1.755,1.259,World,CabinetD06,25.5,25.3,0.676,0.662,0,0,None,None,0,0,0,0,0.0128,0.0212,0.566,0.000,0
94.61,Negin,AUIT_Multi,CBA,0.622,1.755,0.757,344.4,355.2,0.730,1.755,1.424,0.189,1.755,1.259,World,CabinetD06,25.3,25.5,0.676,0.663,0,0,None,None,0,0,0,0,0.0055,0.0014,0.566,0.000,0
94.71,Negin,AUIT_Multi,CBA,0.622,1.754,0.757,344.3,355.2,0.731,1.755,1.424,0.190,1.755,1.259,World,CabinetD06,25.4,25.5,0.676,0.663,0,0,None,None,0,0,0,0,0.0111,0.0106,0.566,0.000,0
94.81,Negin,AUIT_Multi,CBA,0.623,1.755,0.756,344.2,354.4,0.732,1.754,1.424,0.190,1.754,1.259,World,CabinetD06,25.6,25.5,0.676,0.664,0,0,None,None,0,0,0,0,0.0028,0.0028,0.566,0.000,0
94.90,Negin,AUIT_Multi,CBA,0.624,1.756,0.755,344.2,354.1,0.732,1.756,1.424,0.190,1.756,1.259,World,CabinetD06,25.6,25.6,0.677,0.665,0,0,None,None,0,0,0,0,0.0115,0.0118,0.566,0.000,0
95.00,Negin,AUIT_Multi,CBA,0.626,1.757,0.754,343.6,353.9,0.731,1.756,1.423,0.188,1.756,1.258,World,CabinetD06,26.0,25.3,0.678,0.667,0,0,None,None,0,0,0,0,0.0146,0.0243,0.567,0.000,0
95.11,Negin,AUIT_Multi,CBA,0.628,1.759,0.752,343.3,353.6,0.726,1.757,1.423,0.184,1.757,1.254,World,CabinetD06,25.9,25.6,0.678,0.670,0,0,None,None,0,0,0,0,0.0398,0.0549,0.569,0.000,0
95.21,Negin,AUIT_Multi,CBA,0.630,1.759,0.751,343.6,353.5,0.727,1.759,1.423,0.183,1.759,1.253,World,CabinetD06,25.4,26.1,0.679,0.672,0,0,None,None,0,0,0,0,0.0117,0.0158,0.570,0.000,0
95.31,Negin,AUIT_Multi,CBA,0.632,1.759,0.750,344.1,353.7,0.733,1.759,1.422,0.187,1.759,1.256,World,CabinetD06,25.2,26.2,0.680,0.674,0,0,None,None,0,0,0,0,0.0654,0.0492,0.571,0.000,0
95.40,Negin,AUIT_Multi,CBA,0.634,1.759,0.749,344.1,353.6,0.739,1.759,1.422,0.190,1.759,1.259,World,CabinetD06,25.6,25.8,0.681,0.676,0,0,None,None,0,0,0,0,0.0621,0.0476,0.573,0.000,0
95.50,Negin,AUIT_Multi,CBA,0.636,1.758,0.747,344.0,354.1,0.740,1.759,1.422,0.191,1.759,1.259,World,CabinetD06,25.5,25.6,0.683,0.679,0,0,None,None,0,0,0,0,0.0150,0.0066,0.573,0.000,0
95.61,Negin,AUIT_Multi,CBA,0.638,1.758,0.745,344.5,354.0,0.745,1.758,1.421,0.192,1.758,1.261,World,CabinetD06,25.1,26.0,0.685,0.682,0,0,None,None,0,0,0,0,0.0380,0.0159,0.576,0.000,0
95.71,Negin,AUIT_Multi,CBA,0.640,1.758,0.743,344.7,353.8,0.751,1.758,1.421,0.194,1.758,1.264,World,CabinetD06,25.4,25.9,0.687,0.686,0,0,None,None,0,0,0,0,0.0704,0.0481,0.579,0.000,0
95.81,Negin,AUIT_Multi,CBA,0.641,1.759,0.741,344.4,353.2,0.754,1.758,1.420,0.195,1.758,1.265,World,CabinetD06,25.9,25.7,0.688,0.688,0,0,None,None,0,0,0,0,0.0299,0.0123,0.580,0.000,0
95.90,Negin,AUIT_Multi,CBA,0.642,1.758,0.740,344.7,353.4,0.754,1.759,1.420,0.195,1.759,1.264,World,CabinetD06,25.5,25.9,0.689,0.689,0,0,None,None,0,0,0,0,0.0058,0.0118,0.581,0.000,0
96.00,Negin,AUIT_Multi,CBA,0.642,1.758,0.738,344.6,353.6,0.758,1.758,1.419,0.195,1.758,1.266,World,CabinetD06,25.8,25.6,0.691,0.691,0,0,None,None,0,0,0,0,0.0338,0.0179,0.583,0.000,0
96.11,Negin,AUIT_Multi,CBA,0.642,1.757,0.737,343.6,353.6,0.754,1.758,1.419,0.192,1.758,1.261,World,CabinetD06,26.5,25.0,0.691,0.690,0,0,None,None,0,1,0,0,0.0349,0.0481,0.583,0.000,0
96.21,Negin,AUIT_Multi,CBA,0.643,1.756,0.736,342.3,354.4,0.742,1.757,1.418,0.183,1.757,1.253,World,CabinetD06,26.5,24.5,0.690,0.692,0,0,None,None,0,1,0,0,0.1185,0.1257,0.583,0.000,0
96.31,Negin,AUIT_Multi,CBA,0.645,1.757,0.735,342.9,354.2,0.734,1.756,1.418,0.174,1.756,1.248,World,CabinetD06,25.1,26.1,0.689,0.697,0,0,None,None,0,0,0,0,0.0897,0.1066,0.585,0.000,0
96.40,Negin,AUIT_Multi,CBA,0.645,1.757,0.735,344.6,354.1,0.746,1.757,1.418,0.184,1.757,1.254,World,CabinetD06,24.4,26.9,0.690,0.695,0,0,None,None,1,0,0,0,0.1243,0.1164,0.585,0.000,0
96.50,Negin,AUIT_Multi,CBA,0.644,1.757,0.735,343.5,354.0,0.756,1.757,1.418,0.192,1.757,1.261,World,CabinetD06,26.5,24.9,0.692,0.693,0,0,None,None,0,1,0,0,0.1096,0.1085,0.586,0.000,0
96.61,Negin,AUIT_Multi,CBA,0.643,1.755,0.735,341.9,355.1,0.740,1.757,1.418,0.179,1.757,1.251,World,CabinetD06,26.6,24.2,0.690,0.694,0,0,None,None,0,1,0,0,0.1483,0.1405,0.585,0.000,0
96.71,Negin,AUIT_Multi,CBA,0.643,1.753,0.734,340.0,355.3,0.721,1.755,1.418,0.157,1.755,1.247,World,CabinetD06,26.9,23.8,0.688,0.707,0,0,None,None,0,1,0,0,0.1933,0.2348,0.589,0.000,0
96.81,Negin,AUIT_Multi,CBA,0.643,1.754,0.734,338.7,354.8,0.701,1.754,1.417,0.126,1.754,1.247,World,CabinetD06,26.5,24.4,0.686,0.729,0,0,None,None,0,1,0,0,0.2115,0.3168,0.599,0.000,0
96.90,Negin,AUIT_Multi,CBA,0.646,1.752,0.733,339.1,355.4,0.691,1.753,1.417,0.110,1.753,1.248,World,CabinetD06,25.1,25.6,0.685,0.743,0,0,None,None,0,0,0,0,0.1004,0.1646,0.605,0.000,0
97.00,Negin,AUIT_Multi,CBA,0.647,1.752,0.733,339.7,355.2,0.698,1.752,1.417,0.121,1.752,1.247,World,CabinetD06,25.0,25.8,0.686,0.735,0,0,None,None,0,0,0,0,0.0746,0.1106,0.602,0.000,0
97.11,Negin,AUIT_Multi,CBA,0.647,1.753,0.732,339.8,355.1,0.703,1.753,1.417,0.127,1.753,1.246,World,CabinetD06,25.3,25.6,0.687,0.731,0,0,None,None,0,0,0,0,0.0408,0.0546,0.600,0.000,0
97.21,Negin,AUIT_Multi,CBA,0.646,1.752,0.731,339.8,356.0,0.704,1.753,1.417,0.128,1.753,1.246,World,CabinetD06,25.3,25.2,0.689,0.731,0,0,None,None,0,0,0,0,0.0160,0.0165,0.600,0.000,0
97.31,Negin,AUIT_Multi,CBA,0.646,1.752,0.729,339.5,355.8,0.703,1.752,1.416,0.125,1.752,1.246,World,CabinetD06,25.5,25.0,0.690,0.734,0,0,None,None,0,0,0,0,0.0159,0.0343,0.602,0.000,0
97.40,Negin,AUIT_Multi,CBA,0.646,1.752,0.726,339.5,355.8,0.700,1.752,1.416,0.119,1.752,1.246,World,CabinetD06,25.4,25.1,0.692,0.740,0,0,None,None,0,0,0,0,0.0246,0.0590,0.605,0.000,0
97.50,Negin,AUIT_Multi,CBA,0.647,1.751,0.725,339.7,356.1,0.700,1.752,1.415,0.117,1.752,1.246,World,CabinetD06,25.1,25.4,0.692,0.743,0,0,None,None,0,0,0,0,0.0060,0.0211,0.607,0.000,0
97.61,Negin,AUIT_Multi,CBA,0.646,1.752,0.724,339.9,356.0,0.704,1.751,1.415,0.121,1.751,1.246,World,CabinetD06,25.1,25.4,0.693,0.741,0,0,None,None,0,0,0,0,0.0304,0.0287,0.607,0.000,0
97.71,Negin,AUIT_Multi,CBA,0.646,1.754,0.725,339.8,355.2,0.706,1.752,1.415,0.124,1.752,1.246,World,CabinetD06,25.6,25.3,0.692,0.737,0,0,None,None,0,0,0,0,0.0237,0.0337,0.606,0.000,0
97.81,Negin,AUIT_Multi,CBA,0.645,1.755,0.726,338.4,354.3,0.700,1.754,1.415,0.116,1.754,1.247,World,CabinetD06,26.8,24.5,0.691,0.742,0,0,None,None,0,1,0,0,0.0578,0.0829,0.608,0.000,0
97.90,Negin,AUIT_Multi,CBA,0.642,1.758,0.728,337.0,353.0,0.683,1.756,1.415,-0.133,1.756,1.452,World,CabinetD06,27.3,24.9,0.689,1.061,0,0,None,None,0,1,0,1,0.1844,3.3147,0.816,0.000,0
98.00,Negin,AUIT_Multi,CBA,0.637,1.760,0.729,336.3,351.6,0.665,1.759,1.416,-0.236,1.759,1.516,World,CabinetD06,27.3,25.6,0.687,1.176,0,0,None,None,0,0,0,0,0.1846,1.2504,0.907,0.000,0
98.11,Negin,AUIT_Multi,CBA,0.632,1.757,0.728,335.3,353.2,0.649,1.759,1.416,-0.267,1.759,1.516,World,CabinetD06,26.9,24.9,0.688,1.195,0,0,None,None,0,1,0,1,0.1393,0.2743,0.922,0.000,0
98.21,Negin,AUIT_Multi,CBA,0.628,1.755,0.726,334.5,354.5,0.634,1.757,1.416,-0.284,1.757,1.502,World,CabinetD06,26.6,24.7,0.690,1.198,0,0,None,None,0,1,0,1,0.1552,0.2276,0.923,0.000,0
98.31,Negin,AUIT_Multi,CBA,0.625,1.754,0.724,334.4,355.8,0.622,1.756,1.416,-0.297,1.756,1.490,World,CabinetD06,25.7,25.0,0.692,1.199,0,0,None,None,0,1,0,1,0.1240,0.1852,0.923,0.000,0
98.40,Negin,AUIT_Multi,CBA,0.623,1.754,0.722,334.0,356.2,0.616,1.754,1.416,-0.304,1.754,1.484,World,CabinetD06,25.7,24.9,0.695,1.200,0,0,None,None,0,1,0,1,0.0630,0.0946,0.923,0.000,0
98.50,Negin,AUIT_Multi,CBA,0.621,1.753,0.719,333.6,356.3,0.611,1.754,1.416,-0.309,1.754,1.477,World,CabinetD06Door,25.8,24.7,0.697,1.200,0,0,None,None,0,1,0,1,0.0542,0.0865,0.922,0.000,0
98.61,Negin,AUIT_Multi,CBA,0.616,1.754,0.715,331.8,356.1,0.597,1.753,1.417,-0.324,1.753,1.460,World,CabinetD06Door,26.9,23.7,0.702,1.199,0,0,None,None,0,1,0,1,0.1238,0.2002,0.922,0.000,0
98.71,Negin,AUIT_Multi,CBA,0.610,1.756,0.712,329.2,355.0,0.571,1.754,1.414,-0.343,1.754,1.422,World,CabinetD06Door,28.0,23.1,0.703,1.188,0,0,None,None,0,1,0,1,0.2743,0.4437,0.914,0.000,0
98.81,Negin,AUIT_Multi,CBA,0.605,1.756,0.709,327.0,354.9,0.535,1.755,1.412,-0.244,1.755,1.289,World,CabinetD06Door,27.8,23.2,0.706,1.028,0,0,None,None,0,1,0,1,0.3674,1.7085,0.789,0.000,0
98.90,Negin,AUIT_Multi,CBA,0.601,1.755,0.707,325.6,355.3,0.505,1.756,1.411,-0.215,1.756,1.220,World,CabinetD06Door,27.0,23.9,0.711,0.965,0,0,None,None,0,1,0,1,0.3140,0.7604,0.745,0.000,0
99.00,Negin,AUIT_Multi,CBA,0.601,1.752,0.705,325.2,357.0,0.486,1.754,1.411,-0.212,1.754,1.190,World,CabinetD06Door,25.7,24.5,0.715,0.947,0,0,None,None,0,1,0,1,0.1896,0.3144,0.732,0.000,0
99.11,Negin,AUIT_Multi,CBA,0.604,1.752,0.705,326.0,357.5,0.482,1.752,1.410,-0.212,1.752,1.181,World,CabinetD06Door,24.3,25.8,0.716,0.945,0,0,None,None,1,0,0,0,0.0480,0.0823,0.730,0.000,0
99.21,Negin,AUIT_Multi,CBA,0.606,1.753,0.706,326.3,356.4,0.492,1.752,1.410,-0.212,1.752,1.195,World,CabinetD06Door,24.8,25.7,0.713,0.954,0,0,None,None,1,0,0,0,0.1047,0.1389,0.736,0.000,0
99.31,Negin,AUIT_Multi,CBA,0.606,1.753,0.706,325.0,356.7,0.494,1.753,1.410,-0.212,1.753,1.197,World,CabinetD06Door,26.1,24.2,0.714,0.955,0,0,None,None,0,1,0,1,0.0219,0.0193,0.738,0.000,0
99.40,Negin,AUIT_Multi,CBA,0.605,1.751,0.703,322.9,357.3,0.477,1.752,1.410,-0.211,1.752,1.171,World,CabinetD06Door,26.9,23.3,0.719,0.941,0,0,None,None,0,1,0,1,0.1709,0.2663,0.729,0.000,0
99.50,Negin,AUIT_Multi,CBA,0.605,1.752,0.704,321.5,356.2,0.452,1.751,1.410,-0.211,1.751,1.133,World,CabinetD06Door,26.6,24.0,0.723,0.922,0,0,None,None,0,1,0,1,0.2644,0.3885,0.718,0.000,0
99.61,Negin,AUIT_Multi,CBA,0.608,1.750,0.704,322.0,356.0,0.438,1.751,1.411,-0.210,1.751,1.113,World,CabinetD06Door,24.8,25.7,0.727,0.915,0,0,None,None,1,0,0,0,0.1274,0.1831,0.713,0.000,0
99.71,Negin,AUIT_Multi,CBA,0.614,1.751,0.703,324.1,355.3,0.449,1.750,1.410,-0.211,1.750,1.127,World,CabinetD06Door,23.3,27.3,0.726,0.927,0,0,None,None,1,0,0,0,0.1228,0.1437,0.719,0.000,0
99.81,Negin,AUIT_Multi,CBA,0.623,1.754,0.704,328.3,352.7,0.489,1.752,1.410,-0.212,1.752,1.179,World,CabinetD06Door,22.2,29.5,0.718,0.961,0,0,None,None,1,0,0,0,0.4029,0.5386,0.738,0.000,0
99.90,Negin,AUIT_Multi,CBA,0.631,1.758,0.706,331.8,350.8,0.544,1.755,1.411,-0.286,1.755,1.313,World,CabinetD06Door,23.2,29.7,0.710,1.099,0,0,None,None,1,0,0,0,0.5762,1.5792,0.836,0.000,0
100.00,Negin,AUIT_Multi,CBA,0.636,1.759,0.708,334.3,349.5,0.593,1.757,1.413,-0.313,1.757,1.417,World,CabinetD06,24.6,29.3,0.706,1.185,0,0,None,None,1,0,0,0,0.5012,1.1092,0.906,0.000,0
100.11,Negin,AUIT_Multi,CBA,0.637,1.760,0.710,336.3,348.6,0.633,1.759,1.411,-0.285,1.759,1.474,World,CabinetD06,25.9,28.9,0.701,1.198,0,0,None,None,0,0,0,0,0.3592,0.5738,0.920,0.000,0
100.21,Negin,AUIT_Multi,CBA,0.637,1.759,0.711,337.6,348.7,0.654,1.760,1.411,-0.263,1.760,1.503,World,CabinetD06,26.2,28.4,0.700,1.199,0,0,None,None,0,0,0,0,0.2205,0.3757,0.922,0.000,0
100.31,Negin,AUIT_Multi,CBA,0.636,1.756,0.712,338.9,350.4,0.670,1.758,1.411,-0.196,1.758,1.479,World,CabinetD06,25.6,27.8,0.700,1.132,0,0,None,None,0,0,0,0,0.1620,0.7268,0.869,0.000,0
100.40,Negin,AUIT_Multi,CBA,0.634,1.754,0.714,338.4,351.2,0.677,1.756,1.411,-0.140,1.756,1.445,World,CabinetD06,26.5,26.4,0.699,1.065,0,0,None,None,0,0,0,0,0.0788,0.6777,0.818,0.000,0
100.51,Negin,AUIT_Multi,CBA,0.634,1.749,0.714,339.0,354.2,0.679,1.753,1.412,-0.058,1.753,1.373,World,CabinetD06,25.2,26.0,0.699,0.956,0,0,None,None,0,0,0,0,0.0335,0.9893,0.738,0.000,0
100.61,Negin,AUIT_Multi,CBA,0.634,1.745,0.714,339.4,356.3,0.683,1.748,1.412,-0.004,1.748,1.331,World,CabinetD06,24.9,25.6,0.700,0.888,0,0,None,None,1,0,0,0,0.0667,0.7065,0.693,0.000,0
100.71,Negin,AUIT_Multi,CBA,0.635,1.744,0.713,339.5,356.3,0.688,1.745,1.412,0.071,1.745,1.264,World,CabinetD06,25.1,25.4,0.701,0.789,0,0,None,None,0,0,0,0,0.0559,1.0350,0.634,0.000,0
100.80,Negin,AUIT_Multi,CBA,0.636,1.745,0.713,339.6,357.1,0.690,1.745,1.412,0.087,1.745,1.252,World,CabinetD06,25.0,25.3,0.701,0.769,0,0,None,None,0,0,0,0,0.0275,0.2104,0.624,0.000,0
100.90,Negin,AUIT_Multi,CBA,0.637,1.749,0.715,340.4,356.2,0.697,1.745,1.412,0.102,1.745,1.247,World,CabinetD06,24.8,25.9,0.700,0.755,0,0,None,None,1,0,0,0,0.0673,0.1557,0.618,0.000,0
101.01,Negin,AUIT_Multi,CBA,0.638,1.753,0.716,341.0,354.3,0.706,1.749,1.412,0.119,1.749,1.245,World,CabinetD06,25.3,26.1,0.699,0.741,0,0,None,None,0,0,0,0,0.0913,0.1591,0.611,0.000,0
101.11,Negin,AUIT_Multi,CBA,0.639,1.755,0.719,340.9,353.2,0.711,1.753,1.413,0.127,1.753,1.245,World,CabinetD06,25.9,26.0,0.697,0.734,0,0,None,None,0,0,0,0,0.0585,0.0935,0.607,0.000,0
101.21,Negin,AUIT_Multi,CBA,0.638,1.756,0.722,340.4,352.7,0.708,1.755,1.414,0.126,1.755,1.245,World,CabinetD06,26.4,25.8,0.695,0.732,0,0,None,None,0,0,0,0,0.0307,0.0213,0.606,0.000,0
101.30,Negin,AUIT_Multi,CBA,0.637,1.757,0.725,340.3,352.4,0.704,1.756,1.414,0.122,1.756,1.246,World,CabinetD06,26.2,26.1,0.693,0.733,0,0,None,None,0,0,0,0,0.0505,0.0446,0.605,0.000,0
101.40,Negin,AUIT_Multi,CBA,0.637,1.757,0.727,341.3,352.1,0.704,1.757,1.415,0.126,1.757,1.245,World,CabinetD06,25.5,27.0,0.691,0.728,0,0,None,None,0,0,0,0,0.0132,0.0425,0.602,0.000,0
101.51,Negin,AUIT_Multi,CBA,0.637,1.756,0.728,343.4,352.2,0.720,1.757,1.416,0.152,1.757,1.245,World,CabinetD06,24.7,27.6,0.693,0.709,0,0,None,None,1,0,0,0,0.1439,0.2334,0.593,0.000,0
101.61,Negin,AUIT_Multi,CBA,0.633,1.759,0.730,343.3,349.6,0.736,1.757,1.416,0.173,1.757,1.248,World,CabinetD06,27.2,27.0,0.693,0.692,0,0,None,None,0,0,0,0,0.1596,0.2117,0.588,0.000,0
101.71,Negin,AUIT_Multi,CBA,0.631,1.758,0.732,342.0,350.3,0.728,1.759,1.417,0.167,1.759,1.246,World,CabinetD06,27.7,25.8,0.691,0.692,0,0,None,None,0,0,0,0,0.0762,0.0591,0.587,0.000,0
101.80,Negin,AUIT_Multi,CBA,0.631,1.755,0.734,341.5,352.0,0.716,1.757,1.417,0.154,1.757,1.246,World,CabinetD06,26.7,25.7,0.688,0.700,0,0,None,None,0,0,0,0,0.1270,0.1386,0.588,0.000,0
101.90,Negin,AUIT_Multi,CBA,0.633,1.753,0.738,341.5,353.3,0.710,1.754,1.418,0.148,1.754,1.246,World,CabinetD06,25.8,26.0,0.684,0.702,0,0,None,None,0,0,0,0,0.0653,0.0636,0.588,0.000,0
102.01,Negin,AUIT_Multi,CBA,0.636,1.752,0.743,342.7,354.0,0.716,1.753,1.419,0.159,1.753,1.246,World,CabinetD06,24.8,26.7,0.681,0.693,0,0,None,None,1,0,0,0,0.0510,0.1009,0.583,0.000,0
102.11,Negin,AUIT_Multi,CBA,0.637,1.751,0.746,344.0,354.5,0.729,1.752,1.420,0.177,1.752,1.250,World,CabinetD06,24.4,26.9,0.680,0.683,0,0,None,None,1,0,0,0,0.1400,0.1871,0.578,0.000,0
102.21,Negin,AUIT_Multi,CBA,0.639,1.751,0.749,345.0,354.7,0.745,1.751,1.421,0.191,1.751,1.262,World,CabinetD06,24.5,26.6,0.681,0.681,0,0,None,None,1,0,0,0,0.1667,0.1865,0.577,0.000,0
102.30,Negin,AUIT_Multi,CBA,0.640,1.752,0.749,345.7,354.3,0.758,1.751,1.422,0.198,1.751,1.275,World,CabinetD06,24.9,26.4,0.683,0.687,0,0,None,None,1,0,0,0,0.1318,0.1522,0.579,0.000,0
102.40,Negin,AUIT_Multi,CBA,0.640,1.752,0.750,346.4,354.1,0.768,1.752,1.422,0.200,1.752,1.289,World,CabinetD06,25.0,26.3,0.685,0.696,0,0,None,None,0,0,0,0,0.1005,0.1419,0.584,0.000,0
102.51,Negin,AUIT_Multi,CBA,0.640,1.752,0.749,347.1,353.9,0.778,1.752,1.422,0.200,1.752,1.304,World,CabinetD06,25.2,26.2,0.687,0.708,0,0,None,None,0,0,0,0,0.0889,0.1423,0.590,0.000,0
102.61,Negin,AUIT_Multi,CBA,0.639,1.752,0.749,347.5,353.8,0.784,1.752,1.423,0.200,1.752,1.315,World,CabinetD06,25.3,26.1,0.689,0.716,0,0,None,None,0,0,0,0,0.0633,0.1054,0.594,0.000,0
102.71,Negin,AUIT_Multi,CBA,0.638,1.753,0.750,348.2,353.7,0.789,1.752,1.420,0.199,1.752,1.325,World,CabinetD06,25.3,26.2,0.687,0.723,0,0,None,None,0,0,0,0,0.0587,0.1075,0.597,0.000,0
102.80,Negin,AUIT_Multi,CBA,0.637,1.753,0.751,349.0,353.6,0.792,1.753,1.406,0.199,1.753,1.338,World,CabinetD06,25.1,26.5,0.674,0.733,0,0,None,None,0,0,0,0,0.1454,0.1363,0.597,0.000,0
102.90,Negin,AUIT_Multi,CBA,0.638,1.757,0.753,351.1,351.5,0.797,1.754,1.379,0.198,1.754,1.363,World,CabinetD06,24.8,28.1,0.646,0.752,0,0,None,None,1,0,0,0,0.2880,0.2559,0.599,0.000,0
103.00,Negin,AUIT_Multi,CBA,0.640,1.760,0.755,354.8,349.5,0.807,1.757,1.319,0.196,1.757,1.427,World,CabinetD06,24.1,30.0,0.588,0.806,0,0,None,None,1,0,0,0,0.6232,0.6585,0.620,0.000,0
103.11,Negin,AUIT_Multi,CBA,0.641,1.762,0.757,356.9,347.8,0.827,1.761,1.264,0.195,1.761,1.537,World,Wall4m,26.2,29.2,0.540,0.899,0,0,None,None,0,0,0,0,0.5237,0.9896,0.689,0.000,0
103.21,Negin,AUIT_Multi,CBA,0.641,1.764,0.758,357.1,346.7,0.840,1.762,1.256,0.195,1.762,1.586,World,Wall4m,27.9,28.5,0.536,0.940,0,0,None,None,0,0,0,0,0.1522,0.5021,0.724,0.000,0
103.31,Negin,AUIT_Multi,CBA,0.642,1.765,0.759,357.4,345.9,0.843,1.764,1.255,0.196,1.764,1.601,World,Wall4m,28.2,28.8,0.536,0.953,0,0,None,None,0,0,0,0,0.0435,0.1533,0.734,0.000,0
103.40,Negin,AUIT_Multi,CBA,0.643,1.764,0.758,357.4,345.7,0.845,1.764,1.250,0.197,1.764,1.611,World,Wall4m,28.5,28.6,0.533,0.963,0,0,None,None,0,0,0,0,0.0502,0.1115,0.742,0.000,0
103.50,Negin,AUIT_Multi,CBA,0.644,1.764,0.757,357.6,345.6,0.846,1.764,1.249,0.197,1.764,1.613,World,Wall4m,28.4,28.8,0.532,0.966,0,0,None,None,0,0,0,0,0.0172,0.0142,0.744,0.000,0
103.61,Negin,AUIT_Multi,CBA,0.647,1.764,0.756,357.9,345.5,0.848,1.764,1.241,0.197,1.764,1.626,World,Wall4m,28.3,28.9,0.526,0.980,0,0,None,None,0,0,0,0,0.0723,0.1203,0.757,0.000,0
103.71,Negin,AUIT_Multi,CBA,0.649,1.765,0.755,357.8,345.2,0.850,1.764,1.238,0.197,1.764,1.633,World,Wall4m,28.7,28.8,0.523,0.988,0,0,None,None,0,0,0,0,0.0434,0.0684,0.763,0.000,0
103.80,Negin,AUIT_Multi,CBA,0.652,1.765,0.754,357.9,344.9,0.852,1.765,1.235,0.197,1.765,1.635,World,Wall4m,28.6,29.1,0.521,0.992,0,0,None,None,0,0,0,0,0.0308,0.0267,0.767,0.000,0
103.90,Negin,AUIT_Multi,CBA,0.655,1.765,0.754,357.8,344.8,0.854,1.765,1.231,0.199,1.765,1.639,World,Wall4m,28.9,29.1,0.517,0.996,0,0,None,None,0,0,0,0,0.0453,0.0425,0.771,0.000,0
104.00,Negin,AUIT_Multi,CBA,0.658,1.765,0.754,357.6,344.5,0.855,1.765,1.230,0.200,1.765,1.640,World,Wall4m,29.1,29.1,0.515,0.998,0,0,None,None,0,0,0,0,0.0219,0.0096,0.773,0.000,0
104.11,Negin,AUIT_Multi,CBA,0.662,1.765,0.754,357.5,344.5,0.856,1.765,1.229,0.200,1.765,1.640,World,Wall4m,28.9,29.2,0.513,0.999,0,0,None,None,0,0,0,0,0.0124,0.0006,0.775,0.000,0
104.21,Negin,AUIT_Multi,CBA,0.665,1.764,0.754,357.4,344.7,0.858,1.765,1.226,0.201,1.765,1.640,World,Wall4m,28.8,29.1,0.509,1.000,0,0,None,None,0,0,0,0,0.0333,0.0150,0.776,0.000,0
104.31,Negin,AUIT_Multi,CBA,0.668,1.764,0.754,357.3,344.7,0.859,1.764,1.224,0.203,1.764,1.640,World,Wall4m,28.9,29.1,0.507,1.001,0,0,None,None,0,0,0,0,0.0289,0.0195,0.777,0.000,0
104.40,Negin,AUIT_Multi,CBA,0.670,1.764,0.754,357.1,344.7,0.860,1.764,1.223,0.203,1.764,1.640,World,Wall4m,29.1,28.9,0.507,1.002,0,0,None,None,0,0,0,0,0.0127,0.0034,0.779,0.000,0
104.50,Negin,AUIT_Multi,CBA,0.671,1.764,0.754,356.8,344.7,0.860,1.764,1.225,0.200,1.764,1.638,World,Wall4m,29.1,28.9,0.508,1.002,0,0,None,None,0,0,0,0,0.0175,0.0349,0.779,0.000,0
104.61,Negin,AUIT_Multi,CBA,0.671,1.764,0.755,356.6,344.9,0.860,1.764,1.226,0.199,1.764,1.633,World,Wall4m,29.0,28.8,0.508,0.998,0,0,None,None,0,0,0,0,0.0148,0.0429,0.776,0.000,0
104.71,Negin,AUIT_Multi,CBA,0.672,1.764,0.756,356.6,345.2,0.859,1.764,1.228,0.199,1.764,1.630,World,Wall4m,28.9,28.8,0.508,0.994,0,0,None,None,0,0,0,0,0.0169,0.0352,0.773,0.000,0
104.81,Negin,AUIT_Multi,CBA,0.671,1.764,0.757,356.5,345.5,0.859,1.764,1.229,0.199,1.764,1.630,World,Wall4m,28.7,28.6,0.508,0.993,0,0,None,None,0,0,0,0,0.0115,0.0024,0.772,0.000,0
104.90,Negin,AUIT_Multi,CBA,0.670,1.763,0.758,356.4,345.7,0.858,1.764,1.231,0.199,1.764,1.628,World,Wall4m,28.7,28.5,0.509,0.989,0,0,None,None,0,0,0,0,0.0254,0.0266,0.769,0.000,0
105.00,Negin,AUIT_Multi,CBA,0.669,1.763,0.759,356.4,345.8,0.857,1.763,1.234,0.199,1.763,1.624,World,Wall4m,28.7,28.4,0.511,0.985,0,0,None,None,0,0,0,0,0.0313,0.0383,0.765,0.000,0
105.11,Negin,AUIT_Multi,CBA,0.667,1.763,0.759,356.2,345.9,0.856,1.763,1.237,0.199,1.763,1.619,World,Wall4m,28.7,28.3,0.514,0.979,0,0,None,None,0,0,0,0,0.0316,0.0489,0.759,0.000,0
105.21,Negin,AUIT_Multi,CBA,0.666,1.763,0.759,356.0,345.9,0.854,1.763,1.242,0.199,1.763,1.610,World,Wall4m,28.8,28.2,0.518,0.970,0,0,None,None,0,0,0,0,0.0492,0.0928,0.751,0.000,0
105.31,Negin,AUIT_Multi,CBA,0.664,1.763,0.759,355.9,346.0,0.852,1.763,1.246,0.199,1.763,1.600,World,Wall4m,28.6,28.2,0.522,0.962,0,0,None,None,0,0,0,0,0.0448,0.0961,0.743,0.000,0
105.40,Negin,AUIT_Multi,CBA,0.663,1.763,0.758,355.7,345.9,0.850,1.763,1.248,0.199,1.763,1.592,World,Wall4m,28.6,28.3,0.525,0.955,0,0,None,None,0,0,0,0,0.0321,0.0817,0.737,0.000,0
105.50,Negin,AUIT_Multi,CBA,0.662,1.763,0.757,355.7,345.9,0.849,1.763,1.250,0.199,1.763,1.586,World,Wall4m,28.6,28.3,0.528,0.950,0,0,None,None,0,0,0,0,0.0212,0.0660,0.732,0.000,0
105.61,Negin,AUIT_Multi,CBA,0.660,1.763,0.755,355.5,346.0,0.848,1.763,1.251,0.199,1.763,1.578,World,Wall4m,28.6,28.3,0.531,0.944,0,0,None,None,0,0,0,0,0.0175,0.0667,0.727,0.000,0
105.71,Negin,AUIT_Multi,CBA,0.659,1.764,0.753,355.5,345.9,0.847,1.764,1.253,0.198,1.764,1.572,World,Wall4m,28.6,28.3,0.534,0.939,0,0,None,None,0,0,0,0,0.0181,0.0691,0.722,0.000,0
105.81,Negin,AUIT_Multi,CBA,0.658,1.764,0.751,355.5,345.8,0.846,1.764,1.253,0.198,1.764,1.567,World,Wall4m,28.6,28.4,0.536,0.936,0,0,None,None,0,0,0,0,0.0099,0.0532,0.719,0.000,0
105.90,Negin,AUIT_Multi,CBA,0.657,1.764,0.750,355.4,345.7,0.845,1.764,1.252,0.198,1.764,1.563,World,Wall4m,28.6,28.5,0.537,0.934,0,0,None,None,0,0,0,0,0.0082,0.0379,0.717,0.000,0
106.00,Negin,AUIT_Multi,CBA,0.656,1.765,0.749,355.4,345.5,0.845,1.764,1.253,0.198,1.764,1.559,World,Wall4m,28.8,28.6,0.538,0.930,0,0,None,None,0,0,0,0,0.0081,0.0441,0.715,0.000,0
106.11,Negin,AUIT_Multi,CBA,0.654,1.764,0.749,355.3,345.8,0.844,1.765,1.254,0.198,1.765,1.556,World,Wall4m,28.7,28.3,0.539,0.927,0,0,None,None,0,0,0,0,0.0119,0.0243,0.713,0.000,0
106.21,Negin,AUIT_Multi,CBA,0.652,1.763,0.749,355.2,346.1,0.843,1.764,1.260,0.198,1.764,1.548,World,Wall4m,28.5,28.2,0.545,0.919,0,0,None,None,0,0,0,0,0.0650,0.0824,0.706,0.000,0
106.31,Negin,AUIT_Multi,CBA,0.651,1.763,0.748,355.2,346.3,0.841,1.763,1.262,0.198,1.763,1.543,World,Wall4m,28.4,28.2,0.548,0.915,0,0,None,None,0,0,0,0,0.0235,0.0493,0.702,0.000,0
106.40,Negin,AUIT_Multi,CBA,0.650,1.764,0.746,355.1,346.0,0.840,1.764,1.262,0.198,1.764,1.538,World,Wall4m,28.6,28.3,0.550,0.912,0,0,None,None,0,0,0,0,0.0130,0.0496,0.699,0.000,0
106.50,Negin,AUIT_Multi,CBA,0.650,1.765,0.744,355.1,345.7,0.839,1.764,1.263,0.198,1.764,1.531,World,Wall4m,28.6,28.6,0.553,0.908,0,0,None,None,0,0,0,0,0.0151,0.0712,0.695,0.000,0
106.61,Negin,AUIT_Multi,CBA,0.650,1.767,0.744,356.3,345.3,0.840,1.765,1.253,0.197,1.765,1.542,World,Wall4m,28.1,29.6,0.543,0.918,0,0,None,None,0,0,0,0,0.0936,0.0964,0.704,0.000,0
106.71,Negin,AUIT_Multi,CBA,0.650,1.768,0.745,357.5,345.0,0.844,1.767,1.237,0.197,1.767,1.580,World,Wall4m,28.2,29.8,0.530,0.950,0,0,None,None,0,0,0,0,0.1712,0.3866,0.733,0.000,0
106.81,Negin,AUIT_Multi,CBA,0.649,1.769,0.746,358.5,345.2,0.851,1.768,1.227,0.197,1.768,1.620,World,Wall4m,28.2,29.6,0.521,0.983,0,0,None,None,0,0,0,0,0.1220,0.4118,0.762,0.000,0
106.90,Negin,AUIT_Multi,CBA,0.648,1.770,0.748,359.5,345.4,0.856,1.769,1.219,0.208,1.769,1.636,World,Wall4m,28.1,29.5,0.515,0.992,0,0,None,None,0,0,0,0,0.0966,0.2068,0.771,0.000,0
107.00,Negin,AUIT_Multi,CBA,0.648,1.771,0.748,0.6,345.4,0.861,1.770,1.212,0.225,1.770,1.639,World,CabinetD05,28.0,29.6,0.511,0.986,0,0,None,None,0,0,0,0,0.0928,0.1816,0.765,0.000,0
107.11,Negin,AUIT_Multi,CBA,0.647,1.772,0.748,2.3,345.3,0.868,1.771,1.200,0.252,1.771,1.638,World,CabinetD05,27.8,29.8,0.504,0.975,0,0,None,None,0,0,0,0,0.1273,0.2362,0.757,0.000,0
107.21,Negin,AUIT_Multi,CBA,0.647,1.772,0.746,3.8,345.2,0.877,1.772,1.189,0.278,1.772,1.638,World,CabinetD05,27.7,30.0,0.499,0.966,0,0,None,None,0,0,0,0,0.1471,0.2700,0.749,0.000,0
107.30,Negin,AUIT_Multi,CBA,0.647,1.773,0.744,5.4,345.0,0.887,1.773,1.178,0.305,1.773,1.638,World,CabinetD05,27.7,30.1,0.495,0.957,0,0,None,None,0,0,0,0,0.1511,0.2765,0.742,0.000,0
107.40,Negin,AUIT_Multi,CBA,0.646,1.773,0.743,6.3,344.8,0.897,1.773,1.168,0.330,1.773,1.637,World,CabinetD05,28.3,29.7,0.494,0.949,0,0,None,None,0,0,0,0,0.1403,0.2586,0.736,0.000,0
107.50,Negin,AUIT_Multi,CBA,0.644,1.772,0.742,6.6,345.1,0.902,1.773,1.165,0.342,1.773,1.637,World,CabinetD05,28.6,29.0,0.495,0.945,0,0,None,None,0,0,0,0,0.0656,0.1285,0.732,0.000,0
107.61,Negin,AUIT_Multi,CBA,0.643,1.771,0.739,7.5,344.8,0.905,1.772,1.163,0.349,1.772,1.637,World,CabinetD05,28.3,29.5,0.498,0.945,0,0,None,None,0,0,0,0,0.0358,0.0630,0.731,0.000,0
107.71,Negin,AUIT_Multi,CBA,0.644,1.770,0.738,8.9,345.3,0.912,1.771,1.156,0.365,1.771,1.637,World,CabinetD05,27.6,29.7,0.497,0.941,0,0,None,None,0,0,0,0,0.0946,0.1600,0.728,0.000,0
107.80,Negin,AUIT_Multi,CBA,0.645,1.770,0.736,10.0,345.5,0.922,1.770,1.149,0.386,1.770,1.636,World,CabinetD05,27.6,29.5,0.498,0.937,0,0,None,None,0,0,0,0,0.1295,0.2242,0.724,0.000,0
107.90,Negin,AUIT_Multi,CBA,0.647,1.769,0.733,10.8,345.5,0.932,1.770,1.144,0.405,1.770,1.636,World,CabinetD05,27.8,29.4,0.500,0.935,0,0,None,None,0,0,0,0,0.1156,0.1869,0.721,0.000,0
108.00,Negin,AUIT_Multi,CBA,0.649,1.769,0.731,11.7,345.2,0.941,1.769,1.139,0.421,1.769,1.636,World,CabinetD05,27.9,29.5,0.502,0.933,0,0,None,None,0,0,0,0,0.1105,0.1679,0.720,0.000,0
108.11,Negin,AUIT_Multi,CBA,0.651,1.769,0.729,12.2,345.1,0.951,1.769,1.135,0.436,1.769,1.636,World,CabinetD05,28.3,29.2,0.505,0.932,0,0,None,None,0,0,0,0,0.0978,0.1402,0.718,0.000,0
108.21,Negin,AUIT_Multi,CBA,0.653,1.768,0.727,12.0,345.0,0.957,1.769,1.133,0.443,1.769,1.636,World,CabinetD05,28.7,28.9,0.506,0.932,0,0,None,None,0,0,0,0,0.0585,0.0723,0.719,0.000,0
108.30,Negin,AUIT_Multi,CBA,0.655,1.768,0.726,11.9,345.1,0.958,1.768,1.132,0.444,1.768,1.636,World,CabinetD05,28.7,28.8,0.507,0.934,0,0,None,None,0,0,0,0,0.0140,0.0071,0.719,0.000,0
108.40,Negin,AUIT_Multi,CBA,0.657,1.768,0.725,12.1,345.1,0.960,1.768,1.131,0.444,1.768,1.636,World,CabinetD05,28.6,29.0,0.507,0.935,0,0,None,None,0,0,0,0,0.0227,0.0078,0.721,0.000,0
108.51,Negin,AUIT_Multi,CBA,0.659,1.768,0.723,12.2,344.8,0.963,1.768,1.129,0.448,1.768,1.636,World,CabinetD05,28.7,29.2,0.508,0.936,0,0,None,None,0,0,0,0,0.0365,0.0329,0.722,0.000,0
108.61,Negin,AUIT_Multi,CBA,0.660,1.768,0.722,12.3,344.7,0.966,1.768,1.128,0.451,1.768,1.635,World,CabinetD05,28.8,29.2,0.509,0.937,0,0,None,None,0,0,0,0,0.0337,0.0336,0.723,0.000,0
108.70,Negin,AUIT_Multi,CBA,0.662,1.767,0.721,12.4,344.6,0.969,1.768,1.127,0.455,1.768,1.635,World,CabinetD05,28.9,29.2,0.509,0.938,0,0,None,None,0,0,0,0,0.0315,0.0325,0.723,0.000,0
108.80,Negin,AUIT_Multi,CBA,0.663,1.768,0.719,12.4,344.5,0.972,1.768,1.126,0.457,1.768,1.635,World,CabinetD05,29.0,29.2,0.511,0.939,0,0,None,None,0,0,0,0,0.0277,0.0239,0.724,0.000,0
108.90,Negin,AUIT_Multi,CBA,0.665,1.768,0.717,12.5,344.4,0.974,1.768,1.125,0.459,1.768,1.635,World,Wall4m,28.9,29.4,0.512,0.941,0,0,None,None,0,0,0,0,0.0293,0.0222,0.725,0.000,0
109.01,Negin,AUIT_Multi,CBA,0.666,1.768,0.715,12.7,343.9,0.978,1.768,1.124,0.463,1.768,1.635,World,Wall4m,29.2,29.6,0.514,0.942,0,0,None,None,0,0,0,0,0.0394,0.0388,0.726,0.000,0
109.11,Negin,AUIT_Multi,CBA,0.667,1.769,0.714,12.9,343.6,0.982,1.768,1.123,0.467,1.768,1.635,World,Wall4m,29.3,29.8,0.516,0.942,0,0,None,None,0,0,0,0,0.0366,0.0358,0.726,0.000,0
109.20,Negin,AUIT_Multi,CBA,0.667,1.769,0.714,12.9,343.4,0.985,1.769,1.122,0.470,1.769,1.635,World,Wall4m,29.7,29.7,0.517,0.942,0,0,None,None,0,0,0,0,0.0292,0.0323,0.727,0.000,0
109.30,Negin,AUIT_Multi,CBA,0.666,1.769,0.713,12.7,343.2,0.984,1.769,1.122,0.469,1.769,1.635,World,Wall4m,29.9,29.7,0.518,0.943,0,0,None,None,0,0,0,0,0.0022,0.0114,0.727,0.000,0
109.40,Negin,AUIT_Multi,CBA,0.666,1.770,0.713,12.5,342.9,0.982,1.769,1.122,0.465,1.769,1.635,World,Wall4m,30.1,29.9,0.517,0.944,0,0,None,None,0,0,0,0,0.0222,0.0397,0.728,0.000,0
109.51,Negin,AUIT_Multi,CBA,0.666,1.770,0.714,12.5,342.8,0.981,1.770,1.122,0.463,1.770,1.635,World,Wall4m,30.1,30.0,0.516,0.944,0,0,None,None,0,0,0,0,0.0133,0.0195,0.729,0.000,0
109.61,Negin,AUIT_Multi,CBA,0.666,1.770,0.714,12.5,342.5,0.980,1.770,1.123,0.462,1.770,1.635,World,Wall4m,30.2,30.2,0.515,0.943,0,0,None,None,0,0,0,0,0.0084,0.0079,0.729,0.000,0
109.70,Negin,AUIT_Multi,CBA,0.667,1.770,0.714,12.7,342.4,0.981,1.770,1.123,0.463,1.770,1.635,World,Wall4m,30.1,30.4,0.515,0.944,0,0,None,None,0,0,0,0,0.0048,0.0099,0.728,0.000,0
109.80,Negin,AUIT_Multi,CBA,0.668,1.771,0.713,13.3,342.0,0.985,1.770,1.122,0.469,1.770,1.635,World,Wall4m,30.1,30.9,0.517,0.943,0,0,None,None,0,0,0,0,0.0435,0.0640,0.727,0.000,0
109.91,Negin,AUIT_Multi,CBA,0.669,1.771,0.713,13.9,341.9,0.992,1.771,1.121,0.481,1.771,1.635,World,Wall4m,30.1,30.9,0.520,0.941,0,0,None,None,0,0,0,0,0.0702,0.1028,0.725,0.000,0
110.01,Negin,AUIT_Multi,CBA,0.671,1.771,0.713,15.2,341.2,1.000,1.771,1.120,0.492,1.771,1.635,World,Wall4m,30.1,31.9,0.523,0.939,0,0,None,None,0,0,0,0,0.0822,0.1180,0.723,0.000,0
110.11,Negin,AUIT_Multi,CBA,0.673,1.772,0.714,17.2,340.2,1.018,1.771,1.120,0.517,1.771,1.634,World,Wall4m,30.2,32.9,0.533,0.933,0,0,None,None,0,0,0,0,0.1857,0.2539,0.718,0.000,0
110.20,Negin,AUIT_Multi,CBA,0.675,1.772,0.717,21.0,338.0,1.050,1.772,1.122,0.555,1.772,1.650,World,Wall4m,30.6,35.3,0.552,0.941,0,0,None,None,0,0,0,0,0.3265,0.4208,0.724,0.000,0
110.30,Negin,AUIT_Multi,CBA,0.678,1.772,0.719,23.3,337.6,1.110,1.773,1.133,0.612,1.773,1.653,World,Wall4m,31.6,34.8,0.599,0.936,0,0,None,None,0,0,0,0,0.6286,0.5913,0.719,0.000,0
110.41,Negin,AUIT_Multi,CBA,0.681,1.771,0.720,25.2,339.0,1.174,1.772,1.152,0.630,1.777,1.581,World,Wall4m,31.1,34.6,0.655,0.863,0,0,None,None,0,0,0,0,0.5946,0.6615,0.693,0.000,0
110.51,Negin,AUIT_Multi,CBA,0.684,1.770,0.722,25.1,339.5,1.173,1.771,1.134,0.640,1.782,1.516,World,Wall4m,31.7,33.8,0.640,0.795,0,0,None,None,0,0,0,0,0.1816,0.6785,0.656,0.000,0
110.61,Negin,AUIT_Multi,CBA,0.687,1.770,0.725,25.7,339.9,1.195,1.770,1.149,0.649,1.786,1.451,World,Wall4m,31.3,33.7,0.662,0.728,0,0,None,None,0,0,0,0,0.2740,0.6768,0.625,0.000,0
110.70,Negin,AUIT_Multi,CBA,0.691,1.770,0.727,26.9,340.5,1.231,1.769,1.167,0.660,1.791,1.386,World,Wall4m,30.5,33.8,0.697,0.660,0,0,None,None,0,0,0,0,0.4160,0.6870,0.612,0.000,0
110.80,Negin,AUIT_Multi,CBA,0.695,1.768,0.731,27.8,342.0,1.260,1.769,1.172,0.671,1.795,1.320,World,CabinetD05Door,29.8,33.2,0.717,0.591,0,0,None,None,0,0,0,0,0.2981,0.6813,0.607,0.000,0
110.91,Negin,AUIT_Multi,CBA,0.698,1.765,0.735,28.2,344.1,1.271,1.767,1.168,0.682,1.800,1.245,World,CabinetD05Door,29.0,31.8,0.719,0.511,0,0,None,None,0,0,0,0,0.1103,0.6913,0.595,0.000,0
111.01,Negin,AUIT_Multi,CBA,0.700,1.763,0.737,28.1,346.5,1.273,1.765,1.166,0.691,1.804,1.180,World,CabinetD05Door,28.1,30.0,0.716,0.445,0,0,None,None,0,0,0,0,0.0338,0.6666,0.584,0.000,0
111.11,Negin,AUIT_Multi,CBA,0.702,1.759,0.736,28.4,350.2,1.275,1.762,1.166,0.700,1.808,1.116,World,CabinetD05Door,26.4,28.5,0.717,0.383,0,0,None,None,0,0,0,0,0.0362,0.6716,0.580,0.000,0
111.20,Negin,AUIT_Multi,CBA,0.705,1.758,0.731,31.3,351.7,1.296,1.759,1.166,0.712,1.813,1.049,World,CabinetD05Door,23.8,29.7,0.733,0.323,0,0,None,None,1,0,0,0,0.2116,0.6949,0.598,0.000,0
111.30,Negin,AUIT_Multi,CBA,0.709,1.756,0.727,34.4,352.6,1.357,1.757,1.159,0.729,1.817,0.982,World,CabinetDCorner02,22.9,29.9,0.779,0.264,0,0,None,None,1,0,0,0,0.6302,0.7135,0.654,0.000,0
111.41,Negin,AUIT_Multi,CBA,0.712,1.753,0.721,37.7,354.4,1.434,1.755,1.140,0.804,1.787,1.274,World,CabinetDCorner02,22.8,28.3,0.835,0.561,0,0,None,None,1,0,1,0,0.7227,2.7185,0.645,0.000,0
111.51,Negin,AUIT_Multi,CBA,0.714,1.752,0.718,39.9,355.2,1.493,1.753,1.121,0.823,1.784,1.261,World,CabinetDCorner02,23.2,28.5,0.877,0.555,0,0,None,None,1,0,1,0,0.6365,0.2414,0.685,0.000,0
111.61,Negin,AUIT_Multi,CBA,0.716,1.751,0.715,42.1,355.8,1.547,1.752,1.103,0.843,1.781,1.249,World,CabinetDCorner02,23.2,28.7,0.917,0.550,0,0,None,None,1,0,1,0,0.5781,0.2357,0.719,0.000,0
111.70,Negin,AUIT_Multi,CBA,0.714,1.752,0.716,41.7,354.8,1.556,1.752,1.088,0.855,1.778,1.237,World,CabinetDCorner02,25.0,26.6,0.920,0.540,0,0,None,None,1,0,1,0,0.1855,0.1849,0.717,0.000,0
111.80,Negin,AUIT_Multi,CBA,0.713,1.751,0.716,41.8,355.5,1.574,1.752,1.083,0.870,1.774,1.225,World,CabinetDCorner02,25.5,24.6,0.935,0.533,0,0,None,None,0,1,0,0,0.1858,0.2016,0.718,0.000,0
111.91,Negin,AUIT_Multi,CBA,0.711,1.750,0.717,40.9,355.6,1.552,1.751,1.080,0.881,1.771,1.209,World,CabinetDCorner02,26.2,21.9,0.916,0.520,0,0,None,None,0,1,0,0,0.1990,0.1744,0.684,0.000,0
112.01,Negin,AUIT_Multi,CBA,0.709,1.750,0.718,40.3,355.6,1.530,1.750,1.085,0.891,1.768,1.197,World,CabinetDCorner02,26.0,19.6,0.899,0.513,0,0,None,None,0,1,0,0,0.2295,0.1652,0.649,0.000,0
112.11,Negin,AUIT_Multi,CBA,0.708,1.750,0.718,39.8,355.7,1.517,1.750,1.090,0.902,1.764,1.186,World,CabinetDCorner02,25.9,17.4,0.890,0.506,0,0,None,None,0,1,0,0,0.1515,0.1690,0.622,0.000,0
112.20,Negin,AUIT_Multi,CBA,0.707,1.750,0.719,39.4,355.8,1.505,1.750,1.094,0.913,1.761,1.173,World,CabinetDCorner02,25.7,15.3,0.881,0.498,0,0,None,None,0,1,0,0,0.1295,0.1799,0.597,0.000,0
112.31,Negin,AUIT_Multi,CBA,0.707,1.750,0.719,39.1,355.6,1.496,1.750,1.098,0.927,1.758,1.160,World,CabinetDCorner02,25.6,13.0,0.876,0.492,0,0,None,None,0,1,0,0,0.0868,0.1725,0.573,0.000,0
112.41,Negin,AUIT_Multi,CBA,0.707,1.750,0.719,39.0,355.6,1.492,1.750,1.100,0.937,1.752,1.491,World,CabinetDCorner02,25.5,22.8,0.873,0.806,0,0,None,None,0,1,0,1,0.0490,3.4385,0.679,0.000,0
112.51,Negin,AUIT_Multi,CBA,0.706,1.750,0.719,38.9,355.5,1.490,1.750,1.101,0.936,1.750,1.618,World,CabinetDCorner02,25.4,25.0,0.872,0.928,0,0,None,None,0,1,0,1,0.0260,1.3069,0.758,0.000,0
112.60,Negin,AUIT_Multi,CBA,0.707,1.750,0.718,39.1,355.5,1.491,1.750,1.102,0.935,1.750,1.634,World,CabinetDCorner02,25.2,25.4,0.873,0.944,0,0,None,None,0,0,0,0,0.0103,0.1627,0.769,0.000,0
112.70,Negin,AUIT_Multi,CBA,0.706,1.750,0.716,39.2,355.4,1.497,1.750,1.101,0.937,1.750,1.635,World,CabinetDCorner02,25.2,25.5,0.879,0.947,0,0,None,None,0,0,0,0,0.0644,0.0280,0.773,0.000,0
112.81,Negin,AUIT_Multi,CBA,0.706,1.750,0.715,39.1,355.3,1.498,1.750,1.100,0.938,1.750,1.635,World,CabinetDCorner02,25.5,25.3,0.880,0.949,0,0,None,None,0,0,0,0,0.0196,0.0094,0.775,0.000,0
112.91,Negin,AUIT_Multi,CBA,0.705,1.750,0.715,38.8,355.4,1.493,1.750,1.099,0.935,1.750,1.635,World,CabinetDCorner02,25.6,25.2,0.877,0.949,0,0,None,None,0,0,0,0,0.0469,0.0288,0.774,0.000,0
113.01,Negin,AUIT_Multi,CBA,0.704,1.750,0.714,38.0,355.5,1.482,1.750,1.100,0.928,1.750,1.635,World,CabinetDCorner02,26.0,24.7,0.869,0.948,0,0,None,None,0,1,0,1,0.1165,0.0767,0.770,0.000,0
113.10,Negin,AUIT_Multi,CBA,0.704,1.750,0.714,38.0,355.3,1.470,1.750,1.104,0.917,1.750,1.635,World,CabinetDCorner02,25.5,25.3,0.859,0.945,0,0,None,None,0,0,0,0,0.1301,0.1084,0.766,0.000,0
113.20,Negin,AUIT_Multi,CBA,0.705,1.750,0.715,38.2,355.6,1.474,1.750,1.106,0.917,1.750,1.635,World,CabinetDCorner02,25.2,25.5,0.863,0.944,0,0,None,None,0,0,0,0,0.0495,0.0028,0.768,0.000,0
113.31,Negin,AUIT_Multi,CBA,0.705,1.750,0.715,38.0,355.7,1.476,1.750,1.106,0.919,1.750,1.635,World,CabinetDCorner02,25.4,25.2,0.865,0.945,0,0,None,None,0,0,0,0,0.0230,0.0212,0.768,0.000,0
113.41,Negin,AUIT_Multi,CBA,0.704,1.750,0.715,38.1,355.4,1.474,1.750,1.106,0.919,1.750,1.635,World,CabinetDCorner02,25.4,25.4,0.863,0.945,0,0,None,None,0,0,0,0,0.0214,0.0084,0.768,0.000,0
113.51,Negin,AUIT_Multi,CBA,0.704,1.750,0.715,38.2,355.3,1.477,1.750,1.106,0.920,1.750,1.635,World,CabinetDCorner02,25.4,25.4,0.867,0.945,0,0,None,None,0,0,0,0,0.0280,0.0115,0.769,0.000,0
113.60,Negin,AUIT_Multi,CBA,0.703,1.750,0.715,38.0,355.1,1.474,1.750,1.105,0.918,1.750,1.635,World,CabinetDCorner02,25.6,25.3,0.864,0.945,0,0,None,None,0,0,0,0,0.0304,0.0132,0.768,0.000,0
113.70,Negin,AUIT_Multi,CBA,0.702,1.750,0.715,37.8,355.4,1.469,1.750,1.106,0.915,1.750,1.635,World,CabinetDCorner02,25.6,25.1,0.860,0.944,0,0,None,None,0,0,0,0,0.0526,0.0345,0.766,0.000,0
113.81,Negin,AUIT_Multi,CBA,0.701,1.751,0.716,36.9,355.0,1.455,1.751,1.107,0.906,1.751,1.635,World,CabinetDCorner02,26.1,24.9,0.849,0.942,0,0,None,None,0,1,0,1,0.1310,0.0845,0.761,0.000,0
113.91,Negin,AUIT_Multi,CBA,0.701,1.750,0.716,36.8,355.3,1.444,1.751,1.111,0.896,1.751,1.635,World,CabinetDCorner02,25.6,25.3,0.841,0.939,0,0,None,None,0,0,0,0,0.1201,0.0988,0.758,0.000,0
114.01,Negin,AUIT_Multi,CBA,0.702,1.751,0.717,36.9,355.0,1.444,1.751,1.114,0.894,1.751,1.635,World,CabinetDCorner02,25.5,25.5,0.842,0.938,0,0,None,None,0,0,0,0,0.0300,0.0193,0.758,0.000,0
114.10,Negin,AUIT_Multi,CBA,0.703,1.751,0.719,37.0,354.8,1.445,1.751,1.114,0.895,1.751,1.635,World,CabinetDCorner02,25.5,25.6,0.840,0.936,0,0,None,None,0,0,0,0,0.0062,0.0082,0.757,0.000,0
114.20,Negin,AUIT_Multi,CBA,0.703,1.750,0.722,36.7,355.5,1.443,1.750,1.115,0.896,1.750,1.635,World,CabinetDCorner02,25.7,25.1,0.838,0.933,0,0,None,None,0,0,0,0,0.0141,0.0108,0.755,0.000,0
114.31,Negin,AUIT_Multi,CBA,0.696,1.753,0.730,33.0,353.9,1.400,1.751,1.116,0.873,1.751,1.635,World,CabinetD05Door,28.9,22.7,0.804,0.922,0,0,None,None,0,1,0,1,0.3870,0.2064,0.740,0.000,0
114.41,Negin,AUIT_Multi,CBA,0.688,1.755,0.736,28.7,352.6,1.305,1.753,1.118,0.813,1.753,1.635,World,CabinetD05Door,30.4,22.1,0.726,0.907,0,0,None,None,0,1,0,1,0.9763,0.6140,0.713,0.000,0
114.51,Negin,AUIT_Multi,CBA,0.682,1.755,0.740,25.1,351.9,1.170,1.755,1.094,0.739,1.755,1.635,World,CabinetD05Door,30.0,22.9,0.603,0.896,0,0,None,None,0,1,0,1,1.4091,0.7619,0.692,0.000,0
114.60,Negin,AUIT_Multi,CBA,0.679,1.756,0.742,23.8,352.3,1.129,1.755,1.109,0.689,1.755,1.635,World,CabinetD05Door,28.0,24.4,0.581,0.893,0,0,None,None,0,1,0,1,0.4507,0.5217,0.686,0.000,0
114.70,Negin,AUIT_Multi,CBA,0.679,1.754,0.744,23.7,352.4,1.110,1.755,1.117,0.663,1.755,1.635,World,CabinetD05Door,26.4,25.7,0.571,0.891,0,0,None,None,0,0,0,0,0.2119,0.2584,0.684,0.000,0
114.81,Negin,AUIT_Multi,CBA,0.679,1.753,0.746,23.8,352.9,1.112,1.754,1.124,0.660,1.754,1.635,World,CabinetD05Door,26.0,25.9,0.575,0.889,0,0,None,None,0,0,0,0,0.0592,0.0325,0.682,0.000,0
114.91,Negin,AUIT_Multi,CBA,0.679,1.753,0.748,23.6,353.3,1.107,1.753,1.123,0.658,1.753,1.635,World,CabinetD05Door,26.1,25.7,0.570,0.887,0,0,None,None,0,0,0,0,0.0490,0.0226,0.681,0.000,0
115.01,Negin,AUIT_Multi,CBA,0.680,1.753,0.750,24.0,353.5,1.108,1.753,1.125,0.659,1.753,1.635,World,CabinetD05Door,25.6,26.1,0.569,0.885,0,0,None,None,0,0,0,0,0.0176,0.0126,0.680,0.000,0
115.10,Negin,AUIT_Multi,CBA,0.682,1.753,0.752,24.1,352.9,1.110,1.753,1.125,0.663,1.753,1.635,World,CabinetD05Door,25.7,26.3,0.568,0.884,0,0,None,None,0,0,0,0,0.0219,0.0379,0.678,0.000,0
115.20,Negin,AUIT_Multi,CBA,0.683,1.752,0.754,24.2,353.6,1.113,1.753,1.126,0.667,1.753,1.635,World,CabinetD05Door,25.7,25.9,0.569,0.881,0,0,None,None,0,0,0,0,0.0353,0.0472,0.677,0.000,0
115.31,Negin,AUIT_Multi,CBA,0.684,1.753,0.757,24.3,353.2,1.113,1.753,1.126,0.670,1.753,1.635,World,CabinetD05Door,25.8,26.1,0.566,0.879,0,0,None,None,0,0,0,0,0.0025,0.0254,0.675,0.000,0
115.41,Negin,AUIT_Multi,CBA,0.684,1.753,0.758,24.2,353.0,1.113,1.753,1.126,0.672,1.753,1.635,World,CabinetD05Door,26.1,25.9,0.565,0.878,0,0,None,None,0,0,0,0,0.0043,0.0187,0.673,0.000,0
115.51,Negin,AUIT_Multi,CBA,0.684,1.752,0.757,24.4,353.5,1.112,1.753,1.127,0.672,1.753,1.635,World,CabinetD05Door,25.6,25.9,0.566,0.878,0,0,None,None,0,0,0,0,0.0068,0.0067,0.673,0.000,0
115.60,Negin,AUIT_Multi,CBA,0.683,1.752,0.756,24.5,353.4,1.116,1.752,1.127,0.674,1.752,1.635,World,CabinetD05Door,25.7,25.9,0.570,0.879,0,0,None,None,0,0,0,0,0.0348,0.0207,0.673,0.000,0
115.70,Negin,AUIT_Multi,CBA,0.682,1.754,0.754,24.3,352.6,1.115,1.753,1.126,0.674,1.753,1.635,World,CabinetD05Door,26.1,25.9,0.571,0.881,0,0,None,None,0,0,0,0,0.0139,0.0067,0.674,0.000,0
115.81,Negin,AUIT_Multi,CBA,0.681,1.754,0.754,24.1,352.7,1.113,1.754,1.125,0.671,1.754,1.635,World,CabinetD05Door,26.1,25.8,0.570,0.882,0,0,None,None,0,0,0,0,0.0244,0.0305,0.675,0.000,0
115.91,Negin,AUIT_Multi,CBA,0.681,1.754,0.754,23.7,352.4,1.107,1.754,1.124,0.666,1.754,1.635,World,CabinetD05Door,26.4,25.8,0.564,0.881,0,0,None,None,0,0,0,0,0.0612,0.0507,0.675,0.000,0
116.01,Negin,AUIT_Multi,CBA,0.680,1.759,0.756,22.0,350.3,1.096,1.755,1.123,0.656,1.755,1.636,World,CabinetD05Door,28.2,25.5,0.555,0.880,0,0,None,None,0,0,0,0,0.1097,0.0971,0.675,0.000,0
116.10,Negin,AUIT_Multi,CBA,0.680,1.757,0.755,21.9,351.5,1.079,1.758,1.125,0.637,1.758,1.641,World,CabinetD05Door,26.5,26.0,0.544,0.886,0,0,None,None,0,0,0,0,0.1823,0.2062,0.679,0.000,0
116.20,Negin,AUIT_Multi,CBA,0.681,1.757,0.755,22.5,351.0,1.083,1.757,1.129,0.636,1.757,1.640,World,CabinetD05Door,26.0,26.8,0.548,0.886,0,0,None,None,0,0,0,0,0.0567,0.0178,0.679,0.000,0
116.31,Negin,AUIT_Multi,CBA,0.684,1.758,0.756,23.5,350.5,1.094,1.757,1.130,0.646,1.757,1.637,World,CabinetD05Door,25.8,27.5,0.554,0.881,0,0,None,None,0,0,0,0,0.0998,0.0978,0.676,0.000,0
116.41,Negin,AUIT_Multi,CBA,0.687,1.755,0.759,24.2,351.7,1.109,1.757,1.131,0.662,1.757,1.636,World,CabinetD05Door,25.6,27.0,0.563,0.877,0,0,None,None,0,0,0,0,0.1559,0.1657,0.673,0.000,0
116.51,Negin,AUIT_Multi,CBA,0.689,1.755,0.760,24.7,352.0,1.119,1.755,1.131,0.675,1.755,1.636,World,CabinetD05Door,25.7,26.7,0.568,0.875,0,0,None,None,0,0,0,0,0.1070,0.1322,0.672,0.000,0
116.60,Negin,AUIT_Multi,CBA,0.690,1.755,0.761,25.4,351.9,1.130,1.755,1.132,0.686,1.755,1.636,World,CabinetD05Door,25.6,26.8,0.576,0.875,0,0,None,None,0,0,0,0,0.1107,0.1108,0.671,0.000,0
116.70,Negin,AUIT_Multi,CBA,0.690,1.755,0.761,25.4,351.8,1.139,1.755,1.133,0.695,1.755,1.636,World,CabinetD05Door,26.2,26.2,0.584,0.875,0,0,None,None,0,0,0,0,0.0984,0.0955,0.671,0.000,0
116.81,Negin,AUIT_Multi,CBA,0.689,1.755,0.760,25.3,351.7,1.133,1.755,1.128,0.694,1.755,1.636,World,CabinetD05Door,26.3,26.2,0.577,0.876,0,0,None,None,0,0,0,0,0.0698,0.0085,0.671,0.000,0
116.91,Negin,AUIT_Multi,CBA,0.688,1.755,0.758,25.1,351.6,1.134,1.755,1.129,0.693,1.755,1.636,World,CabinetD05Door,26.4,26.1,0.580,0.878,0,0,None,None,0,0,0,0,0.0088,0.0117,0.671,0.000,0
117.01,Negin,AUIT_Multi,CBA,0.686,1.755,0.754,24.9,351.3,1.128,1.755,1.127,0.688,1.755,1.636,World,CabinetD05Door,26.4,26.2,0.578,0.881,0,0,None,None,0,0,0,0,0.0600,0.0552,0.673,0.000,0
117.10,Negin,AUIT_Multi,CBA,0.684,1.756,0.751,25.3,350.9,1.135,1.756,1.130,0.687,1.756,1.635,World,CabinetD05Door,26.2,26.6,0.589,0.884,0,0,None,None,0,0,0,0,0.0794,0.0121,0.676,0.000,0
117.20,Negin,AUIT_Multi,CBA,0.682,1.756,0.750,24.9,351.0,1.133,1.756,1.127,0.686,1.756,1.635,World,CabinetD05Door,26.7,26.1,0.588,0.885,0,0,None,None,0,0,0,0,0.0388,0.0081,0.677,0.000,0
117.30,Negin,AUIT_Multi,CBA,0.681,1.756,0.750,24.6,350.9,1.124,1.756,1.124,0.680,1.756,1.635,World,CabinetD05Door,26.7,26.2,0.580,0.886,0,0,None,None,0,0,0,0,0.0975,0.0675,0.678,0.000,0
117.41,Negin,AUIT_Multi,CBA,0.681,1.760,0.750,24.5,347.8,1.124,1.756,1.125,0.676,1.756,1.635,World,CabinetD05Door,28.0,27.6,0.581,0.886,0,0,None,None,0,0,0,0,0.0149,0.0286,0.679,0.000,0
117.51,Negin,AUIT_Multi,CBA,0.682,1.764,0.745,24.4,344.6,1.116,1.765,1.123,0.670,1.765,1.635,World,CabinetD05Door,28.7,29.2,0.576,0.890,0,0,None,None,0,0,0,0,0.1224,0.1150,0.679,0.000,0
117.60,Negin,AUIT_Multi,CBA,0.685,1.750,0.751,25.3,354.3,1.136,1.763,1.132,0.678,1.763,1.635,World,CabinetD05Door,24.9,26.2,0.590,0.884,0,0,None,None,1,0,0,0,0.2194,0.0830,0.681,0.000,0
117.70,Negin,AUIT_Multi,CBA,0.686,1.747,0.755,25.5,358.3,1.135,1.750,1.128,0.686,1.750,1.635,World,CabinetD05Door,24.9,25.5,0.584,0.880,0,0,None,None,1,0,0,0,0.1321,0.1550,0.677,0.000,0
117.80,Negin,AUIT_Multi,CBA,0.687,1.763,0.758,25.0,348.3,1.132,1.752,1.127,0.690,1.752,1.635,World,CabinetD05Door,28.3,27.6,0.579,0.878,0,0,None,None,0,0,0,0,0.0376,0.0441,0.674,0.000,0
117.91,Negin,AUIT_Multi,CBA,0.688,1.763,0.755,25.5,347.6,1.131,1.761,1.128,0.688,1.761,1.635,World,CabinetD05Door,27.2,28.3,0.579,0.881,0,0,None,None,0,0,0,0,0.0828,0.0842,0.674,0.000,0
118.01,Negin,AUIT_Multi,CBA,0.691,1.759,0.758,26.5,348.8,1.164,1.762,1.144,0.700,1.762,1.635,World,CabinetD05Door,26.5,28.0,0.610,0.877,0,0,None,None,0,0,0,0,0.3763,0.1280,0.675,0.000,0
118.10,Negin,AUIT_Multi,CBA,0.691,1.752,0.762,27.4,352.3,1.198,1.759,1.159,0.718,1.759,1.636,World,CabinetD05Door,25.4,26.6,0.643,0.874,0,0,None,None,0,0,0,0,0.3815,0.1799,0.676,0.000,0
118.20,Negin,AUIT_Multi,CBA,0.687,1.750,0.758,25.4,355.1,1.158,1.752,1.127,0.719,1.752,1.636,World,CabinetD05Door,26.9,23.8,0.598,0.878,0,0,None,None,0,1,0,1,0.5329,0.0738,0.671,0.000,0
118.31,Negin,AUIT_Multi,CBA,0.683,1.754,0.750,23.1,353.4,1.118,1.752,1.118,0.686,1.752,1.635,World,CabinetD05Door,27.5,23.8,0.570,0.885,0,0,None,None,0,1,0,1,0.3655,0.2988,0.674,0.000,0
118.41,Negin,AUIT_Multi,CBA,0.681,1.753,0.748,20.8,351.5,1.089,1.754,1.120,0.649,1.754,1.639,World,CabinetD05,28.1,24.4,0.552,0.891,0,0,None,None,0,1,0,1,0.2981,0.3875,0.681,0.000,0
118.51,Negin,AUIT_Multi,CBA,0.674,1.745,0.748,19.6,355.3,1.068,1.751,1.125,0.612,1.751,1.691,World,CabinetD05,26.9,23.8,0.545,0.946,0,0,None,None,0,1,0,1,0.2254,0.6583,0.728,0.000,0
118.60,Negin,AUIT_Multi,CBA,0.666,1.743,0.760,17.7,358.6,1.041,1.745,1.129,0.581,1.745,1.668,World,CabinetD05,27.8,23.1,0.525,0.912,0,0,None,None,0,1,0,1,0.2919,0.4051,0.709,0.000,0
118.70,Negin,AUIT_Multi,CBA,0.660,1.735,0.758,14.9,4.0,1.006,1.739,1.134,0.543,1.739,1.642,World,CabinetD05,28.0,22.8,0.511,0.892,0,0,None,None,0,1,0,1,0.3662,0.4695,0.687,0.000,0
118.81,Negin,AUIT_Multi,CBA,0.666,1.744,0.758,14.9,359.5,0.982,1.738,1.136,0.510,1.738,1.637,World,CabinetD05,25.1,25.0,0.493,0.892,0,0,None,None,0,0,0,0,0.2181,0.3101,0.689,0.000,0
118.91,Negin,AUIT_Multi,CBA,0.667,1.743,0.758,15.9,359.6,0.985,1.742,1.135,0.515,1.742,1.636,World,CabinetD05,24.3,25.7,0.493,0.891,0,0,None,None,1,0,0,0,0.0584,0.0765,0.687,0.000,0
119.01,Negin,AUIT_Multi,CBA,0.670,1.741,0.760,17.2,0.5,0.995,1.742,1.134,0.530,1.742,1.636,World,CabinetD05,23.7,26.3,0.495,0.888,0,0,None,None,1,0,0,0,0.0992,0.1509,0.684,0.000,0
119.10,Negin,AUIT_Multi,CBA,0.673,1.741,0.760,18.6,0.8,1.012,1.741,1.134,0.552,1.741,1.640,World,CabinetD05,23.6,26.4,0.504,0.888,0,0,None,None,1,0,0,0,0.1732,0.2346,0.684,0.000,0
119.20,Negin,AUIT_Multi,CBA,0.677,1.743,0.760,20.1,359.7,1.032,1.741,1.135,0.574,1.741,1.670,World,CabinetD05,23.4,26.6,0.516,0.915,0,0,None,None,1,0,0,0,0.2148,0.3814,0.704,0.000,0
119.31,Negin,AUIT_Multi,CBA,0.680,1.744,0.758,22.4,357.9,1.063,1.745,1.136,0.607,1.745,1.696,World,CabinetD05Door,23.1,27.0,0.538,0.941,0,0,None,None,1,0,0,0,0.2806,0.3758,0.723,0.000,0
119.41,Negin,AUIT_Multi,CBA,0.681,1.740,0.754,24.4,1.0,1.097,1.743,1.137,0.644,1.743,1.646,World,CabinetD05Door,23.1,26.8,0.565,0.892,0,0,None,None,1,0,0,0,0.3478,0.6418,0.682,0.000,0
119.50,Negin,AUIT_Multi,CBA,0.681,1.740,0.751,26.0,0.5,1.130,1.741,1.138,0.673,1.741,1.636,World,CabinetD05Door,23.3,26.5,0.593,0.886,0,0,None,None,1,0,0,0,0.3427,0.3185,0.677,0.000,0
119.60,Negin,AUIT_Multi,CBA,0.681,1.741,0.749,27.3,359.7,1.176,1.741,1.150,0.698,1.741,1.635,World,CabinetD05Door,23.6,26.3,0.637,0.887,0,0,None,None,1,0,0,0,0.4862,0.2569,0.681,0.000,0
119.70,Negin,AUIT_Multi,CBA,0.682,1.744,0.749,28.8,359.0,1.229,1.742,1.168,0.721,1.742,1.635,World,CabinetD05Door,23.8,26.3,0.689,0.887,0,0,None,None,1,0,0,0,0.5768,0.2356,0.690,0.000,0
119.81,Negin,AUIT_Multi,CBA,0.683,1.746,0.750,29.8,358.2,1.262,1.745,1.171,0.744,1.745,1.635,World,CabinetD05Door,24.3,25.9,0.716,0.888,0,0,None,None,1,0,0,0,0.2998,0.2110,0.696,0.000,0
119.91,Negin,AUIT_Multi,CBA,0.683,1.745,0.753,30.6,359.2,1.273,1.746,1.166,0.758,1.746,1.635,World,CabinetD05Door,24.4,25.8,0.721,0.886,0,0,None,None,1,0,0,0,0.1222,0.1397,0.697,0.000,0
120.00,Negin,AUIT_Multi,CBA,0.681,1.742,0.752,30.5,1.3,1.279,1.745,1.162,0.767,1.745,1.635,World,CabinetD05Door,25.0,25.0,0.725,0.888,0,0,None,None,1,0,0,0,0.0730,0.0978,0.697,0.000,0
120.10,Negin,AUIT_Multi,CBA,0.681,1.744,0.750,30.5,359.7,1.267,1.743,1.155,0.765,1.743,1.635,World,CabinetD05Door,24.9,25.0,0.712,0.889,0,0,None,None,1,0,0,0,0.1450,0.0246,0.695,0.000,0
120.20,Negin,AUIT_Multi,CBA,0.680,1.744,0.748,30.6,359.3,1.277,1.744,1.161,0.765,1.744,1.635,World,CabinetD05Door,24.8,25.1,0.726,0.891,0,0,None,None,1,0,0,0,0.1213,0.0094,0.698,0.000,0
120.31,Negin,AUIT_Multi,CBA,0.680,1.744,0.746,30.7,359.2,1.283,1.744,1.160,0.768,1.744,1.635,World,CabinetD05Door,24.8,25.1,0.731,0.894,0,0,None,None,1,0,0,0,0.0489,0.0211,0.701,0.000,0
120.41,Negin,AUIT_Multi,CBA,0.679,1.744,0.745,30.4,359.5,1.283,1.744,1.158,0.768,1.744,1.635,World,CabinetD05Door,25.2,24.7,0.732,0.895,0,0,None,None,0,1,0,1,0.0163,0.0057,0.702,0.000,0
120.50,Negin,AUIT_Multi,CBA,0.679,1.744,0.746,29.9,359.3,1.258,1.744,1.147,0.761,1.744,1.635,World,CabinetD05Door,25.4,24.6,0.704,0.893,0,0,None,None,0,1,0,1,0.2859,0.0709,0.697,0.000,0
120.60,Negin,AUIT_Multi,CBA,0.681,1.744,0.745,29.7,359.2,1.269,1.744,1.160,0.756,1.744,1.635,World,CabinetD05Door,25.1,24.9,0.720,0.893,0,0,None,None,0,1,0,1,0.1810,0.0581,0.700,0.000,0
120.70,Negin,AUIT_Multi,CBA,0.683,1.743,0.745,29.4,359.6,1.260,1.744,1.155,0.754,1.744,1.635,World,CabinetD05Door,25.2,24.9,0.707,0.893,0,0,None,None,0,1,0,1,0.1115,0.0168,0.697,0.000,0
120.81,Negin,AUIT_Multi,CBA,0.685,1.743,0.746,28.6,359.7,1.244,1.743,1.150,0.749,1.743,1.635,World,CabinetD05Door,25.6,24.5,0.690,0.891,0,0,None,None,0,1,0,1,0.1473,0.0464,0.694,0.000,0
120.91,Negin,AUIT_Multi,CBA,0.686,1.743,0.747,28.5,359.6,1.240,1.743,1.155,0.741,1.743,1.635,World,CabinetD05Door,25.1,25.0,0.688,0.890,0,0,None,None,0,1,0,1,0.0664,0.0748,0.692,0.000,0
121.00,Negin,AUIT_Multi,CBA,0.688,1.744,0.747,28.3,359.6,1.234,1.743,1.151,0.741,1.743,1.635,World,CabinetD05Door,25.2,24.9,0.680,0.890,0,0,None,None,0,1,0,1,0.0742,0.0034,0.691,0.000,0
121.11,Negin,AUIT_Multi,CBA,0.687,1.744,0.747,27.9,359.6,1.229,1.744,1.151,0.739,1.744,1.635,World,CabinetD05Door,25.4,24.6,0.675,0.890,0,0,None,None,0,1,0,1,0.0506,0.0275,0.689,0.000,0
121.20,Negin,AUIT_Multi,CBA,0.687,1.744,0.747,27.5,359.2,1.219,1.744,1.149,0.733,1.744,1.635,World,CabinetD05Door,25.4,24.6,0.667,0.889,0,0,None,None,0,1,0,1,0.1062,0.0656,0.688,0.000,0
121.31,Negin,AUIT_Multi,CBA,0.686,1.745,0.746,26.6,358.7,1.194,1.744,1.139,0.723,1.744,1.635,World,CabinetD05Door,25.7,24.3,0.642,0.890,0,0,None,None,0,1,0,1,0.2425,0.0894,0.685,0.000,0
121.41,Negin,AUIT_Multi,CBA,0.686,1.746,0.746,25.6,357.6,1.161,1.745,1.124,0.709,1.745,1.635,World,CabinetD05Door,26.0,24.2,0.607,0.890,0,0,None,None,0,1,0,1,0.3766,0.1364,0.682,0.000,0
121.51,Negin,AUIT_Multi,CBA,0.689,1.749,0.746,25.7,356.3,1.156,1.747,1.130,0.698,1.747,1.635,World,CabinetD05Door,25.2,25.4,0.605,0.890,0,0,None,None,0,0,0,0,0.0820,0.1192,0.682,0.000,0
121.60,Negin,AUIT_Multi,CBA,0.693,1.751,0.745,26.1,355.6,1.181,1.749,1.146,0.703,1.749,1.635,World,CabinetD05Door,24.9,25.8,0.632,0.890,0,0,None,None,1,0,0,0,0.3087,0.0565,0.684,0.000,0
121.70,Negin,AUIT_Multi,CBA,0.693,1.752,0.747,26.2,354.8,1.190,1.752,1.146,0.711,1.752,1.635,World,CabinetD05Door,25.5,25.6,0.637,0.889,0,0,None,None,0,0,0,0,0.0915,0.0848,0.685,0.000,0
121.81,Negin,AUIT_Multi,CBA,0.690,1.749,0.745,25.3,356.5,1.164,1.752,1.129,0.707,1.752,1.635,World,CabinetD05Door,25.9,24.4,0.609,0.890,0,0,None,None,0,1,0,1,0.2810,0.0303,0.682,0.000,0
121.91,Negin,AUIT_Multi,CBA,0.683,1.745,0.738,23.8,358.3,1.138,1.747,1.121,0.688,1.747,1.635,World,CabinetD05Door,26.2,23.6,0.594,0.897,0,0,None,None,0,1,0,1,0.2774,0.2076,0.684,0.000,0
122.01,Negin,AUIT_Multi,CBA,0.679,1.746,0.731,23.0,357.4,1.118,1.745,1.119,0.663,1.745,1.635,World,CabinetD05Door,25.7,24.2,0.585,0.903,0,0,None,None,0,1,0,1,0.2139,0.2554,0.688,0.000,0
122.10,Negin,AUIT_Multi,CBA,0.675,1.745,0.729,22.7,356.4,1.114,1.745,1.121,0.650,1.745,1.635,World,CabinetD05Door,25.8,24.5,0.589,0.906,0,0,None,None,0,1,0,1,0.0465,0.1332,0.692,0.000,0
122.20,Negin,AUIT_Multi,CBA,0.673,1.746,0.731,22.2,355.4,1.103,1.745,1.119,0.638,1.745,1.638,World,CabinetD05Door,26.2,24.8,0.579,0.908,0,0,None,None,0,1,0,1,0.1169,0.1308,0.697,0.000,0
122.31,Negin,AUIT_Multi,CBA,0.668,1.734,0.733,20.8,358.9,1.085,1.744,1.119,0.620,1.744,1.664,World,CabinetD05,26.4,23.7,0.569,0.932,0,0,None,None,0,1,0,1,0.1617,0.2773,0.716,0.000,0
122.41,Negin,AUIT_Multi,CBA,0.668,1.733,0.731,21.8,3.7,1.072,1.734,1.122,0.595,1.734,1.751,World,CabinetD05Door,24.4,26.1,0.562,1.023,0,0,None,None,1,0,0,0,0.1696,0.9381,0.789,0.000,0
122.51,Negin,AUIT_Multi,CBA,0.669,1.727,0.729,26.6,4.5,1.141,1.731,1.154,0.633,1.731,1.668,World,CabinetD05Door,21.9,29.2,0.635,0.939,0,0,None,None,1,0,0,0,0.7885,0.9392,0.722,0.000,0
122.60,Negin,AUIT_Multi,CBA,0.667,1.731,0.730,28.5,1.5,1.227,1.729,1.171,0.693,1.729,1.639,World,CabinetD05Door,23.3,26.9,0.714,0.909,0,0,None,None,1,0,0,0,0.9016,0.6865,0.710,0.000,0
122.70,Negin,AUIT_Multi,CBA,0.663,1.732,0.735,28.0,1.1,1.198,1.732,1.131,0.714,1.732,1.635,World,CabinetD05Door,25.5,24.8,0.665,0.901,0,0,None,None,0,1,0,1,0.5091,0.2199,0.698,0.000,0
122.81,Negin,AUIT_Multi,CBA,0.666,1.726,0.742,29.1,4.2,1.203,1.730,1.141,0.713,1.730,1.635,World,CabinetD05Door,24.7,26.4,0.670,0.894,0,0,None,None,1,0,0,0,0.1002,0.0146,0.696,0.000,0
122.91,Negin,AUIT_Multi,CBA,0.669,1.721,0.747,31.9,7.8,1.266,1.725,1.166,0.739,1.725,1.635,World,CabinetD05Door,24.3,28.4,0.730,0.891,0,0,None,None,1,0,0,0,0.6982,0.2766,0.705,0.000,0
123.01,Negin,AUIT_Multi,CBA,0.668,1.722,0.749,33.7,8.9,1.304,1.722,1.159,0.777,1.722,1.636,World,CabinetD05Door,24.9,28.1,0.757,0.894,0,0,None,None,1,0,0,0,0.3986,0.3838,0.711,0.000,0
123.10,Negin,AUIT_Multi,CBA,0.669,1.722,0.751,36.5,9.3,1.340,1.722,1.149,0.811,1.722,1.636,World,CabinetD05Door,24.5,28.8,0.780,0.896,0,0,None,None,1,0,0,0,0.3826,0.3563,0.718,0.000,0
123.20,Negin,AUIT_Multi,CBA,0.670,1.722,0.755,41.2,10.4,1.409,1.721,1.138,0.863,1.721,1.637,World,CabinetDCorner02,23.7,30.5,0.832,0.903,0,0,None,None,1,0,1,0,0.7225,0.5295,0.740,0.000,0
123.31,Negin,AUIT_Multi,CBA,0.663,1.720,0.760,43.6,11.9,1.493,1.722,1.112,0.931,1.722,1.638,World,CabinetDCorner02,26.2,29.0,0.902,0.918,0,0,None,None,0,0,0,0,0.7845,0.6104,0.769,0.000,0
123.41,Negin,AUIT_Multi,CBA,0.653,1.719,0.763,43.9,13.3,1.494,1.721,1.093,0.950,1.721,1.638,World,CabinetDCorner02,27.9,28.3,0.903,0.924,0,0,None,None,0,0,0,0,0.2032,0.2000,0.770,0.000,0
123.51,Negin,AUIT_Multi,CBA,0.636,1.715,0.761,41.3,13.6,1.447,1.718,1.088,0.928,1.718,1.637,World,CabinetDCorner02,29.8,26.5,0.874,0.924,0,0,None,None,0,0,0,0,0.4882,0.2240,0.755,0.000,0
123.60,Negin,AUIT_Multi,CBA,0.630,1.712,0.762,40.6,13.2,1.403,1.715,1.098,0.893,1.715,1.637,World,CabinetDCorner02,29.0,27.2,0.843,0.913,0,0,None,None,0,0,0,0,0.4573,0.3701,0.743,0.000,0
123.70,Negin,AUIT_Multi,CBA,0.629,1.711,0.762,40.8,12.9,1.399,1.712,1.107,0.879,1.712,1.637,World,CabinetDCorner02,28.0,27.9,0.843,0.910,0,0,None,None,0,0,0,0,0.1109,0.1445,0.742,0.000,0
123.81,Negin,AUIT_Multi,CBA,0.620,1.710,0.759,42.2,12.3,1.422,1.712,1.107,0.885,1.712,1.637,World,CabinetDCorner02,27.1,28.1,0.875,0.917,0,0,None,None,0,0,0,0,0.2144,0.0593,0.755,0.000,0
123.91,Negin,AUIT_Multi,CBA,0.613,1.714,0.759,41.5,9.4,1.423,1.711,1.100,0.889,1.711,1.637,World,CabinetDCorner02,27.2,25.7,0.879,0.921,0,0,None,None,0,0,0,0,0.0809,0.0414,0.758,0.000,0
124.01,Negin,AUIT_Multi,CBA,0.606,1.716,0.759,40.4,8.1,1.385,1.714,1.099,0.869,1.714,1.637,World,CabinetD05Door,27.1,25.0,0.851,0.917,0,0,None,None,0,1,0,1,0.3909,0.2140,0.746,0.000,0
124.10,Negin,AUIT_Multi,CBA,0.601,1.717,0.758,39.8,7.2,1.363,1.716,1.106,0.847,1.716,1.637,World,CabinetD05Door,26.5,25.1,0.838,0.913,0,0,None,None,0,0,0,0,0.2420,0.2212,0.740,0.000,0
124.20,Negin,AUIT_Multi,CBA,0.597,1.718,0.757,39.6,6.4,1.352,1.717,1.111,0.834,1.717,1.637,World,CabinetD05Door,26.0,25.4,0.834,0.911,0,0,None,None,0,0,0,0,0.1253,0.1398,0.739,0.000,0
124.31,Negin,AUIT_Multi,CBA,0.595,1.718,0.756,39.8,5.7,1.350,1.718,1.113,0.828,1.718,1.637,World,CabinetD05Door,25.5,25.5,0.836,0.911,0,0,None,None,0,0,0,0,0.0270,0.0528,0.740,0.000,0
124.41,Negin,AUIT_Multi,CBA,0.593,1.718,0.755,39.8,5.4,1.350,1.718,1.113,0.827,1.718,1.637,World,CabinetD05Door,25.4,25.5,0.837,0.912,0,0,None,None,0,0,0,0,0.0055,0.0078,0.740,0.000,0
124.51,Negin,AUIT_Multi,CBA,0.593,1.718,0.755,40.0,5.4,1.354,1.718,1.113,0.828,1.718,1.637,World,CabinetD05Door,25.3,25.7,0.841,0.913,0,0,None,None,0,0,0,0,0.0449,0.0055,0.743,0.000,0
124.60,Negin,AUIT_Multi,CBA,0.594,1.717,0.754,40.0,5.7,1.358,1.718,1.111,0.830,1.718,1.637,World,CabinetD05Door,25.6,25.6,0.844,0.914,0,0,None,None,0,0,0,0,0.0444,0.0234,0.745,0.000,0
124.70,Negin,AUIT_Multi,CBA,0.595,1.717,0.753,40.1,5.7,1.358,1.717,1.110,0.830,1.717,1.637,World,CabinetD05Door,25.4,25.8,0.843,0.914,0,0,None,None,0,0,0,0,0.0095,0.0070,0.746,0.000,0
124.81,Negin,AUIT_Multi,CBA,0.598,1.718,0.752,40.3,5.8,1.367,1.718,1.110,0.835,1.718,1.637,World,CabinetD05Door,25.4,25.9,0.848,0.916,0,0,None,None,0,0,0,0,0.0760,0.0423,0.749,0.000,0
124.91,Negin,AUIT_Multi,CBA,0.600,1.718,0.752,40.7,5.7,1.376,1.718,1.109,0.841,1.718,1.637,World,CabinetD05Door,25.2,26.0,0.854,0.917,0,0,None,None,0,0,0,0,0.0912,0.0637,0.751,0.000,0
125.01,Negin,AUIT_Multi,CBA,0.601,1.718,0.752,40.7,5.9,1.384,1.718,1.106,0.848,1.718,1.637,World,CabinetD05Door,25.5,25.8,0.859,0.918,0,0,None,None,0,0,0,0,0.0873,0.0715,0.754,0.000,0
125.10,Negin,AUIT_Multi,CBA,0.601,1.718,0.752,40.5,5.9,1.382,1.718,1.105,0.849,1.718,1.637,World,CabinetD05Door,25.8,25.5,0.856,0.919,0,0,None,None,0,0,0,0,0.0247,0.0121,0.753,0.000,0
125.20,Negin,AUIT_Multi,CBA,0.601,1.718,0.752,40.3,5.7,1.377,1.718,1.105,0.847,1.718,1.637,World,CabinetD05Door,25.8,25.4,0.853,0.918,0,0,None,None,0,0,0,0,0.0513,0.0267,0.751,0.000,0
125.31,Negin,AUIT_Multi,CBA,0.600,1.718,0.751,40.1,5.5,1.372,1.718,1.107,0.843,1.718,1.637,World,CabinetD05Door,25.8,25.3,0.850,0.918,0,0,None,None,0,0,0,0,0.0419,0.0364,0.749,0.000,0
125.41,Negin,AUIT_Multi,CBA,0.599,1.718,0.750,40.0,5.2,1.367,1.718,1.108,0.838,1.718,1.637,World,CabinetD05Door,25.5,25.4,0.847,0.918,0,0,None,None,0,0,0,0,0.0557,0.0473,0.748,0.000,0
125.51,Negin,AUIT_Multi,CBA,0.599,1.719,0.749,40.1,4.7,1.368,1.718,1.109,0.837,1.718,1.637,World,CabinetD05Door,25.3,25.4,0.849,0.919,0,0,None,None,0,0,0,0,0.0146,0.0143,0.749,0.000,0
125.60,Negin,AUIT_Multi,CBA,0.598,1.718,0.748,40.1,4.8,1.371,1.719,1.108,0.837,1.719,1.637,World,CabinetD05Door,25.3,25.5,0.852,0.920,0,0,None,None,0,0,0,0,0.0254,0.0062,0.751,0.000,0
125.70,Negin,AUIT_Multi,CBA,0.599,1.719,0.748,40.3,4.4,1.374,1.719,1.107,0.839,1.719,1.637,World,CabinetD05Door,25.2,25.5,0.854,0.921,0,0,None,None,0,0,0,0,0.0353,0.0173,0.752,0.000,0
125.80,Negin,AUIT_Multi,CBA,0.598,1.719,0.747,40.5,4.4,1.378,1.719,1.107,0.842,1.719,1.637,World,CabinetD05Door,25.1,25.6,0.859,0.922,0,0,None,None,0,0,0,0,0.0469,0.0279,0.754,0.000,0
125.91,Negin,AUIT_Multi,CBA,0.598,1.719,0.746,40.9,4.2,1.386,1.719,1.105,0.846,1.719,1.637,World,CabinetD05Door,24.9,25.7,0.866,0.925,0,0,None,None,1,0,1,0,0.0740,0.0411,0.758,0.000,0
126.01,Negin,AUIT_Multi,CBA,0.597,1.719,0.745,41.2,4.1,1.396,1.719,1.102,0.852,1.719,1.637,World,CabinetDCorner02,25.1,25.5,0.875,0.927,0,0,None,None,0,0,0,0,0.1032,0.0628,0.763,0.000,0
126.10,Negin,AUIT_Multi,CBA,0.597,1.718,0.745,41.2,3.9,1.398,1.719,1.099,0.855,1.719,1.637,World,CabinetDCorner02,25.2,25.3,0.876,0.929,0,0,None,None,0,0,0,0,0.0335,0.0286,0.764,0.000,0
126.20,Negin,AUIT_Multi,CBA,0.596,1.719,0.745,41.4,3.4,1.400,1.719,1.098,0.857,1.719,1.637,World,CabinetDCorner02,25.0,25.4,0.878,0.929,0,0,None,None,0,0,0,0,0.0256,0.0150,0.765,0.000,0
126.31,Negin,AUIT_Multi,CBA,0.596,1.722,0.746,41.7,1.3,1.404,1.719,1.097,0.860,1.719,1.637,World,CabinetDCorner02,24.8,25.3,0.881,0.929,0,0,None,None,1,0,1,0,0.0346,0.0278,0.766,0.000,0
126.41,Negin,AUIT_Multi,CBA,0.596,1.730,0.748,41.4,358.4,1.405,1.723,1.096,0.862,1.723,1.637,World,CabinetD05Door,25.4,24.8,0.880,0.927,0,0,None,None,0,1,0,1,0.0416,0.0451,0.766,0.000,0
126.51,Negin,AUIT_Multi,CBA,0.595,1.739,0.751,40.6,354.3,1.385,1.731,1.097,0.853,1.731,1.637,World,CabinetD05Door,26.4,25.1,0.863,0.923,0,0,None,None,0,0,0,0,0.2205,0.1183,0.757,0.000,0
126.60,Negin,AUIT_Multi,CBA,0.592,1.746,0.751,40.3,351.8,1.368,1.739,1.102,0.841,1.739,1.637,World,CabinetD05Door,26.8,26.0,0.852,0.920,0,0,None,None,0,0,0,0,0.1976,0.1533,0.751,0.000,0
126.70,Negin,AUIT_Multi,CBA,0.591,1.751,0.750,40.0,349.7,1.362,1.746,1.106,0.834,1.746,1.637,World,CabinetD05Door,27.3,26.7,0.850,0.919,0,0,None,None,0,0,0,0,0.1014,0.1050,0.749,0.000,0
126.80,Negin,AUIT_Multi,CBA,0.589,1.755,0.749,39.8,348.5,1.356,1.751,1.108,0.827,1.751,1.637,World,CabinetD05Door,27.6,27.3,0.847,0.919,0,0,None,None,0,0,0,0,0.0812,0.0811,0.748,0.000,0
126.91,Negin,AUIT_Multi,CBA,0.589,1.760,0.750,39.8,347.1,1.354,1.756,1.109,0.824,1.756,1.637,World,CabinetD05Door,28.1,28.1,0.846,0.918,0,0,None,None,0,0,0,0,0.0480,0.0525,0.748,0.000,0
127.01,Negin,AUIT_Multi,CBA,0.587,1.766,0.749,39.9,345.4,1.355,1.761,1.109,0.823,1.761,1.637,World,CabinetD05Door,28.8,28.8,0.847,0.918,0,0,None,None,0,0,0,0,0.0511,0.0510,0.748,0.000,0
127.10,Negin,AUIT_Multi,CBA,0.586,1.771,0.748,40.2,343.7,1.356,1.766,1.109,0.823,1.766,1.637,World,CabinetD05Door,29.4,29.9,0.851,0.920,0,0,None,None,0,0,0,0,0.0571,0.0550,0.750,0.000,0
127.20,Negin,AUIT_Multi,CBA,0.583,1.773,0.746,40.7,342.1,1.369,1.771,1.107,0.829,1.771,1.637,World,CabinetD05Door,30.2,30.7,0.865,0.924,0,0,None,None,0,0,0,0,0.1441,0.0739,0.756,0.000,0
127.30,Negin,AUIT_Multi,CBA,0.582,1.772,0.745,40.4,341.2,1.369,1.772,1.104,0.831,1.772,1.637,World,CabinetD05Door,31.0,30.7,0.865,0.926,0,0,None,None,0,0,0,0,0.0428,0.0257,0.757,0.000,0
127.41,Negin,AUIT_Multi,CBA,0.580,1.772,0.745,41.2,341.1,1.378,1.772,1.103,0.834,1.772,1.637,World,CabinetD05Door,30.7,31.2,0.875,0.927,0,0,None,None,0,0,0,0,0.0857,0.0298,0.762,0.000,0
127.51,Negin,AUIT_Multi,CBA,0.578,1.772,0.746,41.2,341.0,1.381,1.772,1.099,0.838,1.772,1.637,World,CabinetD05Door,31.1,30.9,0.877,0.928,0,0,None,None,0,0,0,0,0.0429,0.0382,0.764,0.000,0
127.60,Negin,AUIT_Multi,CBA,0.577,1.771,0.747,41.1,341.2,1.375,1.771,1.099,0.836,1.771,1.637,World,CabinetD05Door,31.0,30.9,0.872,0.927,0,0,None,None,0,0,0,0,0.0589,0.0214,0.762,0.000,0
127.70,Negin,AUIT_Multi,CBA,0.576,1.771,0.748,41.1,341.2,1.373,1.771,1.099,0.834,1.771,1.637,World,CabinetD05Door,31.0,30.8,0.871,0.925,0,0,None,None,0,0,0,0,0.0259,0.0186,0.761,0.000,0
127.80,Negin,AUIT_Multi,CBA,0.575,1.771,0.749,41.0,341.2,1.368,1.771,1.100,0.832,1.771,1.637,World,CabinetD05Door,31.0,30.8,0.867,0.924,0,0,None,None,0,0,0,0,0.0519,0.0281,0.759,0.000,0
127.91,Negin,AUIT_Multi,CBA,0.574,1.770,0.750,41.0,341.3,1.365,1.771,1.101,0.829,1.771,1.637,World,CabinetD05Door,30.9,30.8,0.865,0.922,0,0,None,None,0,0,0,0,0.0314,0.0215,0.757,0.000,0
128.01,Negin,AUIT_Multi,CBA,0.574,1.771,0.751,41.2,341.1,1.365,1.771,1.102,0.829,1.771,1.637,World,CabinetD05Door,30.9,31.1,0.866,0.922,0,0,None,None,0,0,0,0,0.0088,0.0034,0.757,0.000,0
128.10,Negin,AUIT_Multi,CBA,0.574,1.775,0.752,41.1,339.9,1.366,1.772,1.102,0.830,1.772,1.637,World,CabinetD05Door,31.9,31.7,0.865,0.921,0,0,None,None,0,0,0,0,0.0186,0.0211,0.757,0.000,0
128.20,Negin,AUIT_Multi,CBA,0.577,1.774,0.751,42.2,340.6,1.373,1.774,1.102,0.834,1.774,1.637,World,CabinetD05Door,30.6,32.1,0.870,0.922,0,0,None,None,0,0,0,0,0.0713,0.0399,0.759,0.000,0
128.30,Negin,AUIT_Multi,CBA,0.580,1.775,0.751,44.0,339.9,1.414,1.774,1.099,0.856,1.774,1.637,World,Wall4m,30.5,33.0,0.903,0.928,0,0,None,None,0,0,0,0,0.4215,0.2255,0.776,0.000,0
128.41,Negin,AUIT_Multi,CBA,0.590,1.778,0.753,45.6,338.9,1.466,1.776,1.086,0.893,1.776,1.638,World,Wall4m,31.3,33.6,0.937,0.935,0,0,None,None,0,0,0,0,0.4887,0.3344,0.796,0.000,0
128.51,Negin,AUIT_Multi,CBA,0.605,1.782,0.755,48.8,338.6,1.535,1.779,1.075,0.935,1.779,1.639,World,Wall4m,30.7,35.1,0.984,0.943,0,0,None,None,0,0,0,0,0.7230,0.4350,0.824,0.000,0
128.61,Negin,AUIT_Multi,CBA,0.620,1.786,0.758,53.5,339.6,1.695,1.782,1.052,0.976,1.782,1.567,World,Wall4m,29.2,35.7,1.114,0.884,0,0,None,None,0,0,0,0,1.6525,0.8527,0.884,0.000,0
128.70,Negin,AUIT_Multi,CBA,0.632,1.794,0.756,55.6,336.5,1.783,1.787,1.000,0.985,1.787,1.443,World,Wall4m,32.3,36.5,1.177,0.772,0,0,None,None,0,0,0,0,1.0591,1.2817,0.913,0.000,0
128.80,Negin,AUIT_Multi,CBA,0.645,1.796,0.752,61.2,336.8,1.707,1.799,0.981,0.983,1.795,1.386,World,Wall4m,28.2,39.7,1.087,0.719,0,0,None,None,0,0,0,0,0.8178,0.5830,0.830,0.000,0
128.91,Negin,AUIT_Multi,CBA,0.659,1.800,0.745,63.5,334.4,1.623,1.811,0.971,0.986,1.804,1.342,World,Wall4m,28.1,42.1,0.989,0.680,0,0,None,None,0,0,0,0,0.7731,0.4113,0.737,0.000,0
129.01,Negin,AUIT_Multi,CBA,0.674,1.804,0.736,67.8,333.9,1.548,1.822,0.952,1.011,1.811,1.320,World,Wall4m,26.2,44.4,0.901,0.674,0,0,None,None,0,0,0,0,0.7941,0.3558,0.651,0.000,0
129.11,Negin,AUIT_Multi,CBA,0.691,1.806,0.725,66.7,332.3,1.476,1.833,0.950,1.013,1.819,1.284,World,Wall4m,26.7,44.1,0.817,0.645,0,0,None,None,0,0,0,0,0.7580,0.3720,0.571,0.000,0
129.20,Negin,AUIT_Multi,CBA,0.712,1.808,0.711,69.2,332.1,1.401,1.844,0.941,1.021,1.826,1.248,World,Wall4m,25.2,45.8,0.727,0.620,0,0,None,None,0,0,0,0,0.7837,0.3919,0.489,0.000,0
129.30,Negin,AUIT_Multi,CBA,0.734,1.810,0.693,69.1,331.1,1.329,1.854,0.935,1.026,1.833,1.212,World,Wall4m,24.9,46.2,0.644,0.596,0,0,None,None,1,0,0,0,0.7462,0.3828,0.411,0.000,0
129.41,Negin,AUIT_Multi,CBA,0.758,1.812,0.668,71.0,330.8,1.245,1.867,0.925,1.036,1.842,1.170,World,Wall4m,24.9,47.7,0.554,0.575,0,0,None,None,1,0,0,0,0.7697,0.3930,0.323,0.000,0
129.51,Negin,AUIT_Multi,CBA,0.781,1.812,0.643,73.0,333.5,1.173,1.877,0.912,1.051,1.849,1.134,World,Wall4m,25.1,48.0,0.480,0.561,0,0,None,None,0,0,0,0,0.7615,0.4056,0.255,0.000,0
129.61,Negin,AUIT_Multi,CBA,0.802,1.809,0.619,74.7,333.9,1.098,1.887,0.901,1.070,1.856,1.103,World,Wall4m,30.8,48.6,0.417,0.556,0,0,None,None,0,0,0,0,0.7843,0.3827,0.206,1.000,0
129.70,Negin,AUIT_Multi,CBA,0.821,1.810,0.597,75.5,332.6,1.209,1.880,0.802,1.197,1.852,1.124,World,Wall4m,22.2,44.9,0.444,0.648,0,0,None,None,1,0,0,0,1.5312,1.3208,0.323,0.000,0
129.80,Negin,AUIT_Multi,CBA,0.833,1.806,0.581,76.4,334.5,1.866,1.822,0.442,1.276,1.852,1.120,World,Wall4m,32.0,41.6,1.043,0.699,0,0,None,None,0,0,0,0,7.7301,0.8154,0.899,0.000,0
129.91,Negin,AUIT_Multi,CBA,0.836,1.791,0.566,75.7,338.4,1.996,1.803,0.350,1.261,1.858,1.070,World,Wall4m,32.0,37.9,1.180,0.663,0,0,None,None,0,0,0,0,1.4429,0.4781,1.030,0.000,0
130.01,Negin,AUIT_Multi,CBA,0.842,1.777,0.556,74.4,343.0,2.016,1.790,0.350,1.245,1.863,1.030,World,Wall4m,30.0,34.4,1.192,0.629,0,0,None,None,0,0,0,0,0.2498,0.4410,1.030,0.000,0
130.11,Negin,AUIT_Multi,CBA,0.845,1.772,0.553,71.8,346.2,2.027,1.778,0.372,1.228,1.869,0.992,World,Wall4m,29.9,30.4,1.196,0.590,0,0,None,None,0,0,0,0,0.2770,0.4360,1.016,0.000,0
130.20,Negin,AUIT_Multi,CBA,0.845,1.768,0.554,71.6,347.4,2.035,1.772,0.405,1.213,1.876,0.952,World,Wall4m,28.2,28.3,1.200,0.553,0,0,None,None,0,0,0,0,0.3504,0.4419,0.994,0.000,0
130.30,Negin,AUIT_Multi,CBA,0.841,1.769,0.558,69.5,348.5,2.037,1.769,0.424,1.196,1.883,0.914,World,Wall4m,29.0,24.1,1.203,0.516,0,0,None,None,0,1,0,0,0.2070,0.4337,0.980,0.000,0
130.41,Negin,AUIT_Multi,CBA,0.836,1.765,0.562,70.6,350.7,2.036,1.768,0.458,1.172,1.892,0.861,World,Wall4m,25.9,22.7,1.204,0.467,0,0,None,None,0,1,0,0,0.2998,0.5329,0.961,0.000,0
130.51,Negin,AUIT_Multi,CBA,0.830,1.760,0.569,71.4,353.4,2.031,1.764,0.459,1.171,1.897,0.820,World,Wall4m,24.6,20.8,1.206,0.445,0,0,None,None,1,1,1,0,0.0605,0.4236,0.942,0.000,0
130.61,Negin,AUIT_Multi,CBA,0.823,1.759,0.581,69.8,354.5,2.024,1.760,0.460,1.146,1.904,0.778,World,Wall4m,26.5,18.9,1.208,0.406,0,0,None,None,0,1,0,0,0.0806,0.5076,0.945,0.000,0
130.70,Negin,AUIT_Multi,CBA,0.813,1.759,0.600,67.6,354.1,2.018,1.759,0.491,1.116,1.912,0.733,World,Wall4m,28.1,18.9,1.210,0.365,0,0,None,None,0,1,0,0,0.3285,0.5582,0.946,0.000,0
130.80,Negin,AUIT_Multi,CBA,0.797,1.760,0.620,64.6,353.8,1.968,1.762,0.537,1.270,1.843,0.995,World,Wall4m,29.9,13.1,1.174,0.610,0,0,None,None,0,1,0,0,0.6910,3.1889,0.839,0.000,0
130.91,Negin,AUIT_Multi,CBA,0.780,1.762,0.642,62.7,353.9,1.880,1.769,0.576,1.237,1.841,0.970,World,Wall4m,31.2,8.5,1.101,0.568,0,0,None,None,0,1,0,0,0.8754,0.3824,0.758,0.000,0
131.01,Negin,AUIT_Multi,CBA,0.766,1.761,0.657,64.6,353.7,1.802,1.774,0.599,1.218,1.839,0.949,World,Wall4m,29.0,7.7,1.038,0.544,0,0,None,None,0,1,0,0,0.8333,0.2890,0.684,0.000,0
131.11,Negin,AUIT_Multi,CBA,0.751,1.760,0.673,66.0,353.4,1.725,1.779,0.620,1.202,1.837,0.929,World,Wall4m,27.6,5.8,0.976,0.524,0,0,None,None,0,1,0,0,0.8222,0.2602,0.610,0.000,0
131.20,Negin,AUIT_Multi,CBA,0.736,1.759,0.691,67.2,352.8,1.647,1.785,0.644,1.183,1.835,0.907,World,Wall4m,26.3,3.4,0.913,0.503,0,0,None,None,0,1,0,0,0.8377,0.2950,0.536,0.000,0
131.30,Negin,AUIT_Multi,CBA,0.724,1.758,0.703,71.4,352.5,1.571,1.790,0.666,1.186,1.833,0.888,World,Wall4m,21.6,3.5,0.848,0.504,0,0,None,None,1,1,1,0,0.8234,0.2015,0.446,0.000,0
131.41,Negin,AUIT_Multi,CBA,0.712,1.756,0.716,75.4,352.4,1.483,1.796,0.700,1.211,1.831,0.864,World,Quad,16.4,2.0,0.773,0.526,0,0,None,None,1,1,0,0,0.8460,0.3092,0.320,0.636,0
131.51,Negin,AUIT_Multi,CBA,0.703,1.753,0.726,78.2,352.8,1.406,1.801,0.722,1.200,1.829,0.831,World,Quad,12.6,1.3,0.704,0.513,0,0,None,None,1,1,0,0,0.8278,0.3600,0.235,0.502,0
131.61,Negin,AUIT_Multi,CBA,0.698,1.750,0.734,80.5,352.3,1.298,1.806,0.796,1.197,1.827,0.738,World,Quad,4.4,9.0,0.606,0.505,0,0,None,None,1,1,0,0,1.3432,0.9551,0.118,0.381,0
131.70,Negin,AUIT_Multi,CBA,0.694,1.748,0.740,81.6,352.1,1.235,1.811,0.855,1.187,1.824,0.681,World,Quad,3.9,15.0,0.556,0.502,0,0,None,None,1,1,0,0,0.8959,0.5914,0.180,0.606,0
131.80,Negin,AUIT_Multi,CBA,0.694,1.748,0.741,82.8,351.8,1.517,1.769,1.072,1.661,1.772,0.606,World,Quad,16.2,16.5,0.888,0.977,0,0,None,None,1,1,1,1,3.6892,4.9585,0.487,0.000,1
131.91,Negin,AUIT_Multi,CBA,0.698,1.748,0.733,84.9,352.4,1.534,1.750,1.089,1.854,1.750,0.541,World,Quad,19.4,16.3,0.909,1.172,0,0,None,None,1,1,1,1,0.2715,1.8439,0.634,0.000,1
132.01,Negin,AUIT_Multi,CBA,0.706,1.749,0.718,86.9,351.4,1.531,1.748,1.087,1.862,1.748,0.452,World,Wall4m,22.7,18.2,0.904,1.186,0,0,None,None,1,1,1,1,0.0359,0.9193,0.716,0.000,1
132.11,Negin,AUIT_Multi,CBA,0.720,1.751,0.699,88.8,350.1,1.534,1.749,1.089,1.844,1.749,0.334,World,Wall4m,26.2,21.5,0.904,1.182,0,0,None,None,0,1,0,1,0.0390,1.2287,0.816,0.000,0
132.20,Negin,AUIT_Multi,CBA,0.736,1.751,0.677,89.3,350.4,1.551,1.750,1.091,1.827,1.750,0.231,World,Wall4m,27.9,24.7,0.914,1.179,0,0,None,None,0,1,0,1,0.1696,1.0793,0.902,0.000,0
132.30,Negin,AUIT_Multi,CBA,0.752,1.751,0.652,88.7,351.6,1.596,1.750,1.087,1.834,1.750,0.185,World,Wall4m,27.2,26.0,0.949,1.178,0,0,None,None,0,0,0,0,0.4688,0.4830,0.933,0.000,0
132.41,Negin,AUIT_Multi,CBA,0.770,1.752,0.620,89.1,352.5,1.631,1.751,1.079,1.855,1.751,0.164,World,Wall4m,28.1,24.8,0.976,1.177,0,0,None,None,0,1,0,1,0.3259,0.2728,0.942,0.000,0
132.51,Negin,AUIT_Multi,CBA,0.784,1.755,0.590,90.6,352.6,1.717,1.753,1.068,1.864,1.753,0.120,World,Wall4m,28.7,24.1,1.048,1.178,0,0,None,None,0,1,0,1,0.8891,0.4630,0.959,0.000,0
132.61,Negin,AUIT_Multi,CBA,0.796,1.756,0.562,91.7,351.7,1.829,1.755,1.058,1.866,1.755,0.067,World,Wall4m,28.5,24.5,1.146,1.179,0,0,None,None,0,1,0,1,1.1576,0.5460,0.992,0.000,0
132.70,Negin,AUIT_Multi,CBA,0.809,1.754,0.537,92.9,351.2,1.892,1.755,1.030,1.869,1.755,0.020,World,Wall4m,28.6,24.7,1.190,1.180,0,0,None,None,0,1,0,1,0.7101,0.4872,1.010,0.000,0
132.80,Negin,AUIT_Multi,CBA,0.820,1.757,0.516,94.3,349.3,1.924,1.755,0.979,1.867,1.755,-0.033,World,Wall4m,29.0,25.6,1.197,1.182,0,0,None,None,0,0,0,0,0.6082,0.5366,1.014,0.000,0
132.91,Negin,AUIT_Multi,CBA,0.831,1.761,0.500,93.2,346.2,1.941,1.758,0.946,1.874,1.758,-0.066,World,Wall4m,28.5,28.7,1.197,1.186,0,0,None,None,0,0,0,0,0.3405,0.3049,1.014,0.000,0
133.01,Negin,AUIT_Multi,CBA,0.838,1.763,0.493,92.2,346.2,1.943,1.761,0.952,1.892,1.761,-0.061,World,Wall4m,28.2,28.8,1.196,1.190,0,0,None,None,0,0,0,0,0.0679,0.1936,1.014,0.000,0
133.11,Negin,AUIT_Multi,CBA,0.845,1.763,0.493,92.2,347.3,1.947,1.762,0.955,1.904,1.762,-0.058,World,Wall4m,27.9,28.1,1.194,1.193,0,0,None,None,0,0,0,0,0.0518,0.1360,1.014,0.000,0
133.20,Negin,AUIT_Multi,CBA,0.854,1.763,0.502,91.1,346.1,1.951,1.763,0.964,1.916,1.763,-0.050,World,Wall4m,27.5,29.5,1.191,1.197,0,0,None,None,0,0,0,0,0.0991,0.1447,1.014,0.000,0
133.30,Negin,AUIT_Multi,CBA,0.862,1.763,0.516,90.8,346.2,1.951,1.763,0.992,1.933,1.763,-0.022,World,Wall4m,27.8,29.1,1.188,1.198,0,0,None,None,0,0,0,0,0.2905,0.3369,1.014,0.000,0
133.41,Negin,AUIT_Multi,CBA,0.872,1.762,0.536,90.3,346.0,1.947,1.762,1.009,1.946,1.762,0.000,World,Wall4m,27.6,29.5,1.174,1.200,0,0,None,None,0,0,0,0,0.1556,0.2286,1.009,0.000,0
133.51,Negin,AUIT_Multi,CBA,0.880,1.763,0.556,88.7,345.9,1.876,1.763,1.007,1.961,1.763,0.033,World,Wall4m,26.9,30.3,1.093,1.201,0,0,None,None,0,0,0,0,0.7303,0.3734,0.978,0.000,0
133.61,Negin,AUIT_Multi,CBA,0.888,1.764,0.573,87.6,346.1,1.825,1.763,1.026,1.981,1.763,0.077,World,Wall4m,27.0,30.0,1.041,1.200,0,0,None,None,0,0,0,0,0.5538,0.4978,0.961,0.000,0
133.70,Negin,AUIT_Multi,CBA,0.894,1.764,0.589,86.5,346.2,1.789,1.764,1.044,1.997,1.764,0.116,World,Wall4m,27.0,29.8,1.004,1.200,0,0,None,None,0,0,0,0,0.4106,0.4322,0.951,0.000,0
133.80,Negin,AUIT_Multi,CBA,0.899,1.762,0.600,86.4,346.8,1.760,1.764,1.059,2.011,1.764,0.150,World,Wall4m,27.6,28.6,0.975,1.200,0,0,None,None,0,0,0,0,0.3434,0.3762,0.943,0.000,0
133.91,Negin,AUIT_Multi,CBA,0.901,1.761,0.610,86.9,347.5,1.764,1.762,1.069,2.015,1.762,0.161,World,Wall4m,27.7,27.8,0.977,1.201,0,0,None,None,0,0,0,0,0.1029,0.1049,0.943,0.000,0
134.01,Negin,AUIT_Multi,CBA,0.903,1.761,0.616,86.9,346.8,1.761,1.761,1.071,2.016,1.761,0.164,World,Wall4m,27.9,28.2,0.971,1.201,0,0,None,None,0,0,0,0,0.0317,0.0402,0.941,0.000,0
134.11,Negin,AUIT_Multi,CBA,0.903,1.760,0.619,87.0,347.7,1.760,1.761,1.072,2.016,1.761,0.167,World,Wall4m,27.5,27.8,0.969,1.201,0,0,None,None,0,0,0,0,0.0178,0.0261,0.941,0.000,0
134.20,Negin,AUIT_Multi,CBA,0.904,1.759,0.620,86.2,347.6,1.750,1.760,1.073,2.018,1.760,0.173,World,Wall4m,27.1,28.3,0.960,1.200,0,0,None,None,0,0,0,0,0.1062,0.0701,0.939,0.000,0
134.30,Negin,AUIT_Multi,CBA,0.906,1.758,0.620,86.6,348.5,1.743,1.759,1.077,2.022,1.759,0.182,World,Wall4m,27.6,27.2,0.953,1.198,0,0,None,None,0,0,0,0,0.0808,0.0955,0.937,0.000,0
134.41,Negin,AUIT_Multi,CBA,0.908,1.755,0.620,86.9,350.2,1.755,1.757,1.078,2.022,1.757,0.178,World,Wall4m,26.9,26.5,0.963,1.199,0,0,None,None,0,0,0,0,0.1075,0.0422,0.939,0.000,0
134.51,Negin,AUIT_Multi,CBA,0.907,1.753,0.622,85.4,350.8,1.747,1.755,1.076,2.024,1.755,0.181,World,Wall4m,25.3,27.6,0.955,1.201,0,0,None,None,0,0,0,0,0.0889,0.0410,0.937,0.000,0
134.61,Negin,AUIT_Multi,CBA,0.905,1.751,0.623,83.4,352.0,1.702,1.753,1.080,2.033,1.753,0.210,World,Wall4m,24.4,27.8,0.919,1.202,0,0,None,None,1,0,1,0,0.4570,0.3222,0.931,0.000,0
134.70,Negin,AUIT_Multi,CBA,0.902,1.749,0.621,82.1,352.6,1.663,1.750,1.092,2.044,1.750,0.247,World,Wall4m,24.9,26.9,0.894,1.201,0,0,None,None,1,0,1,0,0.4248,0.3909,0.927,0.000,0
134.80,Negin,AUIT_Multi,CBA,0.900,1.750,0.616,82.5,351.1,1.653,1.749,1.102,2.048,1.749,0.263,World,Wall4m,26.7,26.1,0.896,1.201,0,0,None,None,0,0,0,0,0.1460,0.1696,0.927,0.000,0
134.91,Negin,AUIT_Multi,CBA,0.898,1.758,0.613,82.5,346.9,1.668,1.752,1.103,2.043,1.752,0.252,World,Wall4m,28.1,28.1,0.913,1.201,0,0,None,None,0,0,0,0,0.1432,0.1101,0.930,0.000,0
135.01,Negin,AUIT_Multi,CBA,0.896,1.766,0.610,82.0,343.5,1.657,1.759,1.100,2.043,1.759,0.256,World,Wall4m,29.8,30.0,0.905,1.201,0,0,None,None,0,0,0,0,0.1400,0.0837,0.929,0.000,0
135.11,Negin,AUIT_Multi,CBA,0.896,1.777,0.609,80.9,339.1,1.646,1.768,1.102,2.046,1.768,0.265,World,Wall4m,32.0,33.1,0.898,1.200,0,0,None,None,0,0,0,0,0.1448,0.1295,0.928,0.000,0
135.20,Negin,AUIT_Multi,CBA,0.896,1.786,0.607,80.9,335.5,1.635,1.778,1.106,2.049,1.778,0.276,World,Wall4m,34.7,34.8,0.892,1.199,0,0,None,None,0,0,0,0,0.1614,0.1683,0.927,0.000,0
135.30,Negin,AUIT_Multi,CBA,0.895,1.789,0.605,81.5,333.4,1.640,1.786,1.108,2.050,1.786,0.276,World,Wall4m,36.4,35.6,0.899,1.200,0,0,None,None,0,0,0,0,0.0926,0.0765,0.928,0.000,0
135.41,Negin,AUIT_Multi,CBA,0.893,1.791,0.604,82.3,331.9,1.659,1.789,1.105,2.043,1.789,0.258,World,Wall4m,37.3,36.6,0.916,1.202,0,0,None,None,0,0,0,0,0.1767,0.1694,0.930,0.000,0
135.51,Negin,AUIT_Multi,CBA,0.891,1.792,0.605,82.2,330.6,1.662,1.791,1.100,2.039,1.791,0.249,World,Wall4m,37.9,37.9,0.917,1.201,0,0,None,None,0,0,0,0,0.0624,0.1038,0.930,0.000,0
135.61,Negin,AUIT_Multi,CBA,0.889,1.792,0.607,82.4,330.0,1.660,1.792,1.099,2.037,1.792,0.249,World,Wall4m,38.3,38.3,0.914,1.202,0,0,None,None,0,0,0,0,0.0307,0.0253,0.930,0.000,0
135.70,Negin,AUIT_Multi,CBA,0.889,1.793,0.610,82.1,329.2,1.655,1.792,1.099,2.035,1.792,0.251,World,Wall4m,38.7,39.1,0.909,1.201,0,0,None,None,0,0,0,0,0.0470,0.0251,0.929,0.000,0
135.80,Negin,AUIT_Multi,CBA,0.888,1.795,0.614,82.1,328.9,1.647,1.793,1.101,2.036,1.793,0.258,World,Wall4m,39.1,39.3,0.901,1.202,0,0,None,None,0,0,0,0,0.0906,0.0715,0.929,0.000,0
135.91,Negin,AUIT_Multi,CBA,0.887,1.798,0.618,82.5,327.6,1.645,1.795,1.103,2.034,1.795,0.261,World,Wall4m,40.3,40.0,0.900,1.201,0,0,None,None,0,0,0,0,0.0356,0.0369,0.928,0.000,0
136.01,Negin,AUIT_Multi,CBA,0.886,1.798,0.621,81.7,327.3,1.642,1.797,1.103,2.033,1.797,0.262,World,Wall4m,39.9,40.7,0.896,1.202,0,0,None,None,0,0,0,0,0.0378,0.0292,0.928,0.000,0
136.11,Negin,AUIT_Multi,CBA,0.885,1.798,0.624,81.5,327.7,1.626,1.798,1.105,2.035,1.798,0.274,World,Wall4m,39.7,40.2,0.883,1.202,0,0,None,None,0,0,0,0,0.1643,0.1289,0.926,0.000,0
136.20,Negin,AUIT_Multi,CBA,0.882,1.798,0.628,80.9,327.5,1.613,1.798,1.109,2.035,1.798,0.286,World,Wall4m,39.8,40.5,0.875,1.203,0,0,None,None,0,0,0,0,0.1364,0.1187,0.925,0.000,0
136.30,Negin,AUIT_Multi,CBA,0.880,1.798,0.631,80.6,327.3,1.597,1.798,1.112,2.036,1.798,0.299,World,Wall4m,40.0,40.5,0.864,1.203,0,0,None,None,0,0,0,0,0.1657,0.1417,0.924,0.000,0
136.41,Negin,AUIT_Multi,CBA,0.877,1.798,0.633,80.2,327.2,1.587,1.798,1.117,2.035,1.798,0.309,World,Wall4m,40.1,40.6,0.859,1.202,0,0,None,None,0,0,0,0,0.1014,0.0908,0.923,0.000,0
136.51,Negin,AUIT_Multi,CBA,0.875,1.799,0.635,80.0,326.7,1.577,1.798,1.119,2.035,1.798,0.318,World,Wall4m,40.6,41.0,0.853,1.203,0,0,None,None,0,0,0,0,0.1040,0.0866,0.923,0.000,0
136.61,Negin,AUIT_Multi,CBA,0.873,1.800,0.636,79.9,326.4,1.569,1.799,1.121,2.034,1.799,0.324,World,Wall4m,40.9,41.1,0.849,1.202,0,0,None,None,0,0,0,0,0.0848,0.0696,0.922,0.000,0
136.70,Negin,AUIT_Multi,CBA,0.871,1.800,0.637,80.0,326.5,1.568,1.800,1.123,2.032,1.800,0.326,World,Wall4m,40.9,40.9,0.849,1.202,0,0,None,None,0,0,0,0,0.0242,0.0257,0.922,0.000,0
136.80,Negin,AUIT_Multi,CBA,0.869,1.801,0.640,79.8,326.5,1.564,1.800,1.123,2.030,1.800,0.327,World,Wall4m,40.7,41.0,0.847,1.202,0,0,None,None,0,0,0,0,0.0370,0.0251,0.922,0.000,0
136.91,Negin,AUIT_Multi,CBA,0.867,1.801,0.643,79.1,326.4,1.550,1.801,1.124,2.030,1.801,0.338,World,Wall4m,40.6,41.3,0.836,1.202,0,0,None,None,0,0,0,0,0.1302,0.0936,0.921,0.000,0
137.01,Negin,AUIT_Multi,CBA,0.864,1.801,0.644,78.8,326.6,1.538,1.801,1.128,2.030,1.801,0.349,World,Wall4m,40.5,41.0,0.829,1.202,0,0,None,None,0,0,0,0,0.1313,0.1192,0.921,0.000,0
137.11,Negin,AUIT_Multi,CBA,0.861,1.800,0.645,78.6,326.5,1.530,1.801,1.130,2.029,1.801,0.357,World,Wall4m,40.7,41.0,0.826,1.203,0,0,None,None,0,0,0,0,0.0834,0.0741,0.921,0.000,0
137.20,Negin,AUIT_Multi,CBA,0.858,1.800,0.646,78.6,326.4,1.522,1.800,1.132,2.027,1.800,0.362,World,Wall4m,40.8,41.0,0.823,1.203,0,0,None,None,0,0,0,0,0.0790,0.0604,0.921,0.000,0
137.30,Negin,AUIT_Multi,CBA,0.856,1.799,0.647,77.7,326.0,1.513,1.799,1.133,2.025,1.799,0.369,World,Wall4m,40.9,41.6,0.817,1.202,0,0,None,None,0,0,0,0,0.1030,0.0747,0.920,0.000,0
137.41,Negin,AUIT_Multi,CBA,0.855,1.802,0.648,76.4,325.0,1.493,1.801,1.137,2.028,1.801,0.389,World,Wall4m,41.5,42.7,0.803,1.201,0,0,None,None,0,0,0,0,0.1804,0.1761,0.920,0.000,0
137.51,Negin,AUIT_Multi,CBA,0.855,1.802,0.647,76.0,325.6,1.474,1.802,1.142,2.032,1.802,0.411,World,Wall4m,41.4,41.8,0.793,1.200,0,0,None,None,0,0,0,0,0.1968,0.2309,0.919,0.000,0
137.61,Negin,AUIT_Multi,CBA,0.855,1.799,0.642,78.8,327.4,1.497,1.800,1.146,2.029,1.800,0.395,World,Wall4m,41.2,39.2,0.816,1.199,0,0,None,None,0,0,0,0,0.2336,0.1609,0.920,0.000,0
137.70,Negin,AUIT_Multi,CBA,0.855,1.800,0.640,78.9,326.9,1.527,1.800,1.139,2.022,1.800,0.362,World,Wall4m,40.9,40.3,0.837,1.199,0,0,None,None,0,0,0,0,0.3163,0.3525,0.921,0.000,0
137.80,Negin,AUIT_Multi,CBA,0.855,1.801,0.638,79.4,327.1,1.533,1.800,1.132,2.019,1.800,0.349,World,Wall4m,40.7,40.2,0.838,1.199,0,0,None,None,0,0,0,0,0.0932,0.1292,0.922,0.000,0
137.91,Negin,AUIT_Multi,CBA,0.856,1.801,0.638,79.1,326.7,1.536,1.801,1.129,2.019,1.801,0.344,World,Wall4m,40.7,40.8,0.839,1.199,0,0,None,None,0,0,0,0,0.0438,0.0530,0.922,0.000,0
138.01,Negin,AUIT_Multi,CBA,0.858,1.800,0.638,79.5,327.0,1.536,1.801,1.129,2.020,1.801,0.344,World,Wall4m,40.7,40.3,0.837,1.199,0,0,None,None,0,0,0,0,0.0035,0.0143,0.922,0.000,0
138.11,Negin,AUIT_Multi,CBA,0.860,1.801,0.638,79.8,326.8,1.546,1.801,1.128,2.020,1.801,0.337,World,Wall4m,40.9,40.5,0.843,1.198,0,0,None,None,0,0,0,0,0.0983,0.0698,0.922,0.000,0
138.20,Negin,AUIT_Multi,CBA,0.862,1.801,0.637,80.2,326.9,1.554,1.801,1.127,2.020,1.801,0.330,World,Wall4m,40.8,40.4,0.848,1.198,0,0,None,None,0,0,0,0,0.0891,0.0729,0.923,0.000,0
138.30,Negin,AUIT_Multi,CBA,0.863,1.801,0.638,80.6,326.7,1.565,1.801,1.124,2.019,1.801,0.321,World,Wall4m,40.9,40.6,0.854,1.199,0,0,None,None,0,0,0,0,0.1119,0.0974,0.923,0.000,0
138.40,Negin,AUIT_Multi,CBA,0.864,1.801,0.638,80.8,326.8,1.570,1.801,1.122,2.019,1.801,0.315,World,Wall4m,40.8,40.6,0.855,1.199,0,0,None,None,0,0,0,0,0.0554,0.0560,0.923,0.000,0
138.51,Negin,AUIT_Multi,CBA,0.866,1.800,0.638,81.0,326.8,1.575,1.801,1.120,2.019,1.801,0.311,World,Wall4m,40.7,40.6,0.857,1.199,0,0,None,None,0,0,0,0,0.0495,0.0411,0.923,0.000,0
138.61,Negin,AUIT_Multi,CBA,0.868,1.800,0.639,81.0,326.9,1.577,1.800,1.120,2.020,1.800,0.310,World,Wall4m,40.6,40.6,0.856,1.198,0,0,None,None,0,0,0,0,0.0194,0.0163,0.923,0.000,0
138.70,Negin,AUIT_Multi,CBA,0.871,1.800,0.639,81.1,327.3,1.580,1.800,1.120,2.022,1.800,0.308,World,Wall4m,40.4,40.3,0.857,1.198,0,0,None,None,0,0,0,0,0.0393,0.0221,0.924,0.000,0
138.80,Negin,AUIT_Multi,CBA,0.876,1.797,0.639,81.8,328.8,1.589,1.799,1.119,2.024,1.799,0.304,World,Wall4m,39.4,38.8,0.859,1.195,0,0,None,None,0,0,0,0,0.0916,0.0498,0.924,0.000,0
138.90,Negin,AUIT_Multi,CBA,0.886,1.791,0.640,82.4,331.7,1.613,1.796,1.118,2.026,1.796,0.290,World,Wall4m,37.3,36.7,0.871,1.193,0,0,None,None,0,0,0,0,0.2508,0.1530,0.925,0.000,0
139.01,Negin,AUIT_Multi,CBA,0.886,1.795,0.644,81.6,330.7,1.623,1.792,1.113,2.030,1.792,0.282,World,Wall4m,37.3,38.4,0.874,1.201,0,0,None,None,0,0,0,0,0.1027,0.0841,0.925,0.000,0
139.11,Negin,AUIT_Multi,CBA,0.885,1.798,0.647,80.2,329.1,1.588,1.796,1.113,2.037,1.796,0.308,World,Wall4m,38.4,39.8,0.843,1.201,0,0,None,None,0,0,0,0,0.3660,0.2754,0.922,0.000,0
139.20,Negin,AUIT_Multi,CBA,0.892,1.792,0.647,80.0,332.3,1.577,1.796,1.122,2.044,1.796,0.327,World,Wall4m,36.2,36.8,0.833,1.195,0,0,None,None,0,0,0,0,0.1444,0.2102,0.922,0.000,0
139.30,Negin,AUIT_Multi,CBA,0.898,1.790,0.647,79.4,333.0,1.578,1.791,1.127,2.053,1.791,0.337,World,Wall4m,35.8,36.5,0.832,1.195,0,0,None,None,0,0,0,0,0.0708,0.1462,0.921,0.000,0
139.41,Negin,AUIT_Multi,CBA,0.898,1.794,0.648,78.5,331.1,1.562,1.792,1.129,2.062,1.792,0.356,World,Wall4m,37.3,37.9,0.821,1.200,0,0,None,None,0,0,0,0,0.1453,0.1919,0.920,0.000,0
139.51,Negin,AUIT_Multi,CBA,0.899,1.795,0.647,79.1,331.0,1.559,1.794,1.133,2.064,1.794,0.363,World,Wall4m,37.9,37.3,0.821,1.199,0,0,None,None,0,0,0,0,0.0527,0.0753,0.921,0.000,0
139.61,Negin,AUIT_Multi,CBA,0.903,1.795,0.643,81.2,330.9,1.586,1.794,1.134,2.061,1.794,0.344,World,Wall4m,38.8,36.7,0.841,1.196,0,0,None,None,0,0,0,0,0.2772,0.1986,0.922,0.000,0
139.70,Negin,AUIT_Multi,CBA,0.905,1.794,0.637,84.3,331.8,1.637,1.794,1.126,2.053,1.794,0.301,World,Wall4m,38.9,35.2,0.881,1.197,0,0,None,None,0,0,0,0,0.5231,0.4530,0.925,0.000,0
139.80,Negin,AUIT_Multi,CBA,0.902,1.796,0.635,88.2,332.8,1.727,1.795,1.110,2.031,1.795,0.227,World,Wall4m,38.4,34.3,0.952,1.200,0,0,None,None,0,0,0,0,0.9471,0.7910,0.934,0.000,0
139.91,Negin,AUIT_Multi,CBA,0.896,1.794,0.642,89.6,332.5,1.782,1.796,1.081,2.003,1.796,0.163,World,Wall4m,37.0,35.6,0.988,1.206,0,0,None,None,0,0,0,0,0.5602,0.6249,0.943,0.000,0
140.01,Negin,AUIT_Multi,CBA,0.891,1.790,0.656,90.7,333.0,1.791,1.793,1.067,1.985,1.793,0.143,World,Wall4m,36.2,35.6,0.989,1.209,0,0,None,None,0,0,0,0,0.1671,0.2806,0.945,0.000,0
140.11,Negin,AUIT_Multi,CBA,0.887,1.787,0.674,92.0,333.0,1.793,1.789,1.062,1.970,1.789,0.135,World,Wall4m,36.2,35.7,0.986,1.210,0,0,None,None,0,0,0,0,0.0663,0.1796,0.945,0.000,0
140.20,Negin,AUIT_Multi,CBA,0.882,1.786,0.695,93.5,332.1,1.796,1.787,1.061,1.954,1.787,0.130,World,Wall4m,36.9,36.3,0.985,1.212,0,0,None,None,0,0,0,0,0.0455,0.1756,0.944,0.000,0
140.30,Negin,AUIT_Multi,CBA,0.878,1.783,0.713,96.9,332.3,1.829,1.785,1.059,1.931,1.785,0.114,World,Wall4m,37.7,35.2,1.013,1.212,0,0,None,None,0,0,0,0,0.3400,0.2915,0.950,0.000,0
140.41,Negin,AUIT_Multi,CBA,0.871,1.781,0.733,102.2,333.6,1.964,1.783,1.043,1.880,1.783,0.061,World,Wall4m,37.7,33.4,1.136,1.212,0,0,None,None,0,0,0,0,1.2203,0.6616,0.986,0.000,0
140.51,Negin,AUIT_Multi,CBA,0.867,1.781,0.750,104.7,333.3,2.031,1.781,0.995,1.825,1.781,0.008,World,Wall4m,36.9,34.7,1.190,1.212,0,0,None,None,0,0,0,0,0.8489,0.7867,1.008,0.000,0
140.61,Negin,AUIT_Multi,CBA,0.863,1.779,0.765,104.7,333.0,2.044,1.780,0.973,1.795,1.780,-0.009,World,Wall4m,35.9,36.1,1.199,1.211,0,0,None,None,0,0,0,0,0.2606,0.3521,1.013,0.000,0
140.70,Negin,AUIT_Multi,CBA,0.863,1.778,0.777,104.0,333.7,2.014,1.779,0.980,1.790,1.779,0.003,World,Wall4m,35.0,36.2,1.170,1.208,0,0,None,None,0,0,0,0,0.3122,0.1338,1.002,0.000,0
140.80,Negin,AUIT_Multi,CBA,0.863,1.779,0.785,102.6,333.6,1.944,1.778,0.993,1.799,1.778,0.027,World,Wall4m,34.8,36.7,1.100,1.204,0,0,None,None,0,0,0,0,0.7416,0.2590,0.977,0.000,0
140.91,Negin,AUIT_Multi,CBA,0.864,1.780,0.789,101.5,334.0,1.898,1.780,1.015,1.816,1.780,0.055,World,Wall4m,34.8,36.2,1.058,1.202,0,0,None,None,0,0,0,0,0.4568,0.2959,0.963,0.000,0
141.01,Negin,AUIT_Multi,CBA,0.864,1.782,0.789,99.5,333.4,1.844,1.781,1.029,1.832,1.781,0.080,World,Wall4m,34.8,37.0,1.009,1.200,0,0,None,None,0,0,0,0,0.5708,0.3019,0.949,0.000,0
141.11,Negin,AUIT_Multi,CBA,0.865,1.784,0.784,97.6,332.9,1.788,1.783,1.046,1.856,1.783,0.111,World,Wall4m,35.3,37.3,0.959,1.197,0,0,None,None,0,0,0,0,0.6048,0.4047,0.938,0.000,0
141.20,Negin,AUIT_Multi,CBA,0.866,1.785,0.777,95.5,332.8,1.746,1.784,1.063,1.879,1.784,0.141,World,Wall4m,35.4,37.3,0.926,1.196,0,0,None,None,0,0,0,0,0.4613,0.3894,0.931,0.000,0
141.30,Negin,AUIT_Multi,CBA,0.866,1.784,0.766,93.6,333.2,1.710,1.785,1.076,1.901,1.785,0.169,World,Wall4m,35.1,36.9,0.899,1.195,0,0,None,None,0,0,0,0,0.3944,0.3645,0.927,0.000,0
141.41,Negin,AUIT_Multi,CBA,0.867,1.783,0.753,90.9,333.8,1.666,1.784,1.088,1.927,1.784,0.202,World,Wall4m,34.7,36.6,0.867,1.195,0,0,None,None,0,0,0,0,0.4091,0.3782,0.923,0.000,0
141.51,Negin,AUIT_Multi,CBA,0.866,1.783,0.744,89.5,334.0,1.638,1.783,1.099,1.946,1.783,0.230,World,Wall4m,34.8,36.1,0.850,1.196,0,0,None,None,0,0,0,0,0.3087,0.3503,0.922,0.000,0
141.61,Negin,AUIT_Multi,CBA,0.866,1.780,0.737,88.8,334.9,1.628,1.782,1.107,1.958,1.782,0.246,World,Wall4m,34.6,35.1,0.847,1.198,0,0,None,None,0,0,0,0,0.1341,0.2007,0.922,0.000,0
141.70,Negin,AUIT_Multi,CBA,0.865,1.779,0.731,88.1,335.0,1.620,1.780,1.109,1.965,1.780,0.254,World,Wall4m,34.5,34.9,0.844,1.198,0,0,None,None,0,0,0,0,0.0866,0.1153,0.922,0.000,0
141.80,Negin,AUIT_Multi,CBA,0.864,1.778,0.726,88.0,335.3,1.619,1.779,1.111,1.968,1.779,0.258,World,Wall4m,34.6,34.5,0.848,1.199,0,0,None,None,0,0,0,0,0.0266,0.0481,0.922,0.000,0
141.91,Negin,AUIT_Multi,CBA,0.862,1.777,0.725,88.1,335.8,1.623,1.778,1.111,1.967,1.778,0.255,World,Wall4m,34.2,34.2,0.853,1.201,0,0,None,None,0,0,0,0,0.0348,0.0295,0.923,0.000,0
142.01,Negin,AUIT_Multi,CBA,0.861,1.774,0.725,88.0,336.8,1.619,1.776,1.110,1.966,1.776,0.255,World,Wall4m,33.4,33.6,0.851,1.201,0,0,None,None,0,0,0,0,0.0386,0.0166,0.923,0.000,0
142.11,Negin,AUIT_Multi,CBA,0.861,1.769,0.723,87.6,337.4,1.614,1.774,1.110,1.966,1.774,0.257,World,Wall4m,32.9,33.2,0.847,1.199,0,0,None,None,0,0,0,0,0.0591,0.0394,0.922,0.000,0
142.21,Negin,AUIT_Multi,CBA,0.864,1.765,0.721,88.0,339.0,1.619,1.769,1.111,1.968,1.769,0.257,World,Wall4m,32.3,31.9,0.851,1.197,0,0,None,None,0,0,0,0,0.0716,0.0506,0.923,0.000,0
142.30,Negin,AUIT_Multi,CBA,0.867,1.761,0.721,88.3,340.7,1.630,1.764,1.110,1.969,1.764,0.252,World,Wall4m,31.3,30.9,0.856,1.198,0,0,None,None,0,0,0,0,0.1148,0.0717,0.923,0.000,0
142.40,Negin,AUIT_Multi,CBA,0.869,1.758,0.725,88.4,342.2,1.633,1.761,1.109,1.970,1.761,0.249,World,Wall4m,30.2,30.3,0.855,1.199,0,0,None,None,0,0,0,0,0.0564,0.0479,0.923,0.000,0
142.51,Negin,AUIT_Multi,CBA,0.872,1.755,0.733,88.7,344.0,1.634,1.757,1.109,1.971,1.757,0.249,World,Wall4m,29.2,29.4,0.850,1.200,0,0,None,None,0,0,0,0,0.0350,0.0356,0.923,0.000,0
142.61,Negin,AUIT_Multi,CBA,0.874,1.753,0.740,89.1,344.9,1.634,1.754,1.110,1.971,1.754,0.251,World,Wall4m,28.9,28.8,0.846,1.202,0,0,None,None,0,0,0,0,0.0308,0.0325,0.923,0.000,0
142.71,Negin,AUIT_Multi,CBA,0.876,1.752,0.749,90.4,345.3,1.644,1.753,1.110,1.967,1.753,0.246,World,Wall4m,29.2,28.2,0.849,1.201,0,0,None,None,0,0,0,0,0.0972,0.0658,0.923,0.000,0
142.80,Negin,AUIT_Multi,CBA,0.879,1.751,0.756,91.5,346.6,1.664,1.752,1.108,1.959,1.752,0.233,World,Wall4m,28.7,27.6,0.860,1.200,0,0,None,None,0,0,0,0,0.2058,0.1550,0.924,0.000,0
142.90,Negin,AUIT_Multi,CBA,0.883,1.749,0.763,93.7,348.6,1.696,1.750,1.104,1.950,1.750,0.213,World,Wall4m,28.6,26.0,0.882,1.200,0,0,None,None,0,0,0,0,0.3358,0.2264,0.926,0.000,0
143.01,Negin,AUIT_Multi,CBA,0.885,1.748,0.770,95.1,348.9,1.742,1.749,1.093,1.932,1.749,0.181,World,Wall4m,27.8,26.5,0.916,1.201,0,0,None,None,0,0,0,0,0.4275,0.3287,0.931,0.000,0
143.11,Negin,AUIT_Multi,CBA,0.886,1.747,0.771,95.4,349.5,1.749,1.748,1.084,1.924,1.748,0.170,World,Wall4m,27.3,26.7,0.918,1.200,0,0,None,None,0,0,0,0,0.1140,0.1465,0.931,0.000,0
143.21,Negin,AUIT_Multi,CBA,0.887,1.746,0.765,95.5,350.7,1.760,1.747,1.081,1.921,1.747,0.162,World,Wall4m,26.9,26.4,0.929,1.197,0,0,None,None,0,0,0,0,0.1241,0.0849,0.933,0.000,0
143.30,Negin,AUIT_Multi,CBA,0.887,1.747,0.756,95.5,351.8,1.765,1.747,1.077,1.922,1.747,0.157,World,Wall4m,26.8,25.8,0.935,1.195,0,0,None,None,0,0,0,0,0.0571,0.0494,0.933,0.000,0
143.40,Negin,AUIT_Multi,CBA,0.888,1.748,0.739,96.5,351.7,1.810,1.748,1.073,1.917,1.748,0.137,World,Wall4m,27.6,25.2,0.981,1.192,0,0,None,None,0,0,0,0,0.4719,0.2109,0.942,0.000,0
143.51,Negin,AUIT_Multi,CBA,0.889,1.749,0.714,97.1,351.0,1.854,1.748,1.057,1.912,1.748,0.107,World,Wall4m,28.1,25.1,1.025,1.190,0,0,None,None,0,0,0,0,0.4165,0.2748,0.952,0.000,0
143.61,Negin,AUIT_Multi,CBA,0.886,1.747,0.685,98.2,351.4,1.942,1.748,1.047,1.903,1.748,0.070,World,Wall4m,28.4,24.4,1.116,1.188,0,0,None,None,0,1,0,1,0.9194,0.3978,0.978,0.000,0
143.71,Negin,AUIT_Multi,CBA,0.883,1.746,0.650,99.8,350.4,2.020,1.747,1.017,1.887,1.747,0.019,World,Wall4m,29.1,24.3,1.195,1.186,0,0,None,None,0,1,0,1,0.8571,0.5505,1.007,0.000,0
143.80,Negin,AUIT_Multi,CBA,0.880,1.747,0.612,100.7,350.4,2.038,1.747,0.959,1.868,1.747,-0.040,World,Wall4m,28.9,24.6,1.210,1.183,0,0,None,None,0,1,0,1,0.6246,0.6340,1.013,0.000,0
143.90,Negin,AUIT_Multi,CBA,0.878,1.754,0.576,101.6,349.6,2.043,1.749,0.902,1.853,1.749,-0.094,World,Wall4m,29.1,25.2,1.209,1.182,0,0,None,None,0,0,0,0,0.5881,0.5818,1.014,0.000,0
144.01,Negin,AUIT_Multi,CBA,0.879,1.759,0.537,102.7,348.5,2.047,1.756,0.840,1.839,1.756,-0.152,World,Wall4m,29.5,25.7,1.207,1.181,0,0,None,None,0,0,0,0,0.5581,0.5389,1.014,0.000,0
144.11,Negin,AUIT_Multi,CBA,0.884,1.752,0.505,103.9,351.2,2.053,1.756,0.788,1.778,1.758,-0.115,World,Wall4m,28.7,22.5,1.202,1.088,0,0,None,None,0,1,0,1,0.5470,0.7337,0.943,0.000,0
144.21,Negin,AUIT_Multi,CBA,0.893,1.754,0.473,105.6,351.0,2.064,1.754,0.730,1.711,1.761,-0.067,World,Wall4m,29.3,19.8,1.199,0.980,0,0,None,None,0,1,0,1,0.6072,0.8542,0.871,0.000,0
144.30,Negin,AUIT_Multi,CBA,0.903,1.754,0.442,108.1,350.8,2.080,1.754,0.656,1.641,1.763,-0.023,World,Wall4m,29.7,16.5,1.196,0.873,0,0,None,None,0,1,0,1,0.7779,0.8406,0.808,0.000,0
144.40,Negin,AUIT_Multi,CBA,0.917,1.753,0.414,109.0,350.9,2.096,1.754,0.585,1.575,1.766,0.024,World,Wall4m,28.6,14.1,1.191,0.765,0,0,None,None,0,1,0,0,0.7476,0.8334,0.765,0.000,0
144.51,Negin,AUIT_Multi,CBA,0.939,1.750,0.387,111.2,351.6,2.117,1.752,0.523,1.501,1.769,0.078,World,Wall4m,28.9,10.1,1.185,0.641,0,0,None,None,0,1,0,0,0.5846,0.8339,0.760,0.000,0
144.61,Negin,AUIT_Multi,CBA,0.962,1.747,0.366,112.5,352.0,2.139,1.750,0.463,1.434,1.771,0.129,World,Wall4m,28.2,6.9,1.181,0.528,0,0,None,None,0,1,0,0,0.6579,0.8597,0.781,0.000,0
144.71,Negin,AUIT_Multi,CBA,0.990,1.745,0.347,113.4,352.4,2.165,1.747,0.418,1.371,1.773,0.179,World,Wall4m,27.8,3.8,1.177,0.418,0,0,None,None,0,1,0,0,0.5325,0.8266,0.829,0.000,0
144.80,Negin,AUIT_Multi,CBA,1.020,1.748,0.329,115.3,354.3,2.193,1.745,0.374,1.307,1.776,0.228,World,Wall4m,28.0,5.9,1.174,0.305,0,0,None,None,0,1,0,0,0.5424,0.8286,0.899,0.000,0
144.90,Negin,AUIT_Multi,CBA,1.047,1.749,0.309,119.1,357.3,2.222,1.748,0.310,1.237,1.779,0.277,World,Wall4m,29.3,20.3,1.176,0.196,0,0,None,None,0,1,0,0,0.7187,0.8753,0.986,1.000,0
145.01,Negin,AUIT_Multi,CBA,1.073,1.747,0.289,125.2,0.2,2.244,1.748,0.184,1.151,1.782,0.323,World,Wall4m,30.1,61.6,1.176,0.092,0,0,None,None,0,0,0,0,1.1523,0.8838,1.103,0.000,0
145.11,Negin,AUIT_Multi,CBA,1.096,1.744,0.278,128.4,1.8,2.254,1.746,0.072,1.370,1.765,-0.147,World,Wall4m,28.4,19.3,1.176,0.506,0,0,None,None,0,1,0,0,1.1614,5.3393,0.911,0.000,0
145.21,Negin,AUIT_Multi,CBA,1.120,1.743,0.270,129.4,1.9,2.266,1.744,0.001,1.349,1.763,-0.119,World,Wall4m,26.2,20.7,1.177,0.452,0,0,None,None,0,1,0,0,0.7332,0.3640,0.926,0.000,0
145.30,Negin,AUIT_Multi,CBA,1.140,1.739,0.266,129.5,3.0,2.286,1.743,-0.023,1.338,1.761,-0.100,World,Wall4m,25.5,23.0,1.181,0.417,0,0,None,None,0,1,0,0,0.3220,0.2238,0.951,0.000,0
145.40,Negin,AUIT_Multi,CBA,1.156,1.738,0.264,129.5,3.8,2.304,1.740,-0.032,1.325,1.758,-0.080,World,Wall4m,25.3,25.2,1.186,0.383,0,0,None,None,0,0,0,0,0.2104,0.2484,0.980,0.000,0
145.51,Negin,AUIT_Multi,CBA,1.168,1.737,0.260,130.1,4.0,2.319,1.737,-0.043,1.305,1.756,-0.050,World,Wall4m,25.7,27.0,1.189,0.339,0,0,None,None,0,0,0,0,0.1643,0.3203,1.013,0.000,0
145.61,Negin,AUIT_Multi,CBA,1.175,1.736,0.254,129.8,4.8,2.327,1.737,-0.052,1.296,1.754,-0.039,World,Wall4m,25.4,28.8,1.193,0.319,0,0,None,None,0,0,0,0,0.1324,0.1442,1.031,0.000,0
145.71,Negin,AUIT_Multi,CBA,1.177,1.736,0.245,130.3,5.0,2.334,1.736,-0.057,1.277,1.753,-0.010,World,Wall4m,26.2,29.4,1.196,0.275,0,0,None,None,0,0,0,0,0.0812,0.3610,1.058,0.000,0
145.80,Negin,AUIT_Multi,CBA,1.176,1.736,0.232,130.9,4.6,2.332,1.735,-0.078,1.258,1.751,0.012,World,Wall4m,26.3,29.9,1.197,0.234,0,0,None,None,0,0,0,0,0.2194,0.3057,1.079,0.000,0
145.90,Negin,AUIT_Multi,CBA,1.175,1.736,0.215,130.6,4.1,2.331,1.736,-0.097,1.243,1.749,0.032,World,Wall4m,25.8,30.0,1.197,0.195,0,0,None,None,0,0,0,0,0.1948,0.2586,1.096,0.000,0
146.01,Negin,AUIT_Multi,CBA,1.168,1.736,0.191,131.5,3.1,2.327,1.736,-0.119,1.222,1.747,0.055,World,Wall4m,26.7,27.8,1.200,0.147,0,0,None,None,0,0,0,0,0.2036,0.2729,1.119,0.000,0
146.11,Negin,AUIT_Multi,CBA,1.162,1.739,0.168,131.6,1.8,2.318,1.737,-0.152,1.354,1.743,-0.244,World,Wall4m,26.2,23.5,1.199,0.454,0,0,None,None,0,1,0,0,0.3463,3.3735,0.968,0.000,0
146.21,Negin,AUIT_Multi,CBA,1.157,1.741,0.146,131.9,1.0,2.312,1.739,-0.178,1.358,1.743,-0.229,World,Wall4m,26.2,20.0,1.199,0.426,0,0,None,None,0,1,0,0,0.2797,0.1522,0.955,0.000,0
146.30,Negin,AUIT_Multi,CBA,1.154,1.743,0.126,132.3,0.5,2.305,1.741,-0.207,1.362,1.743,-0.218,World,Wall4m,26.2,16.5,1.198,0.402,0,0,None,None,0,1,0,0,0.3070,0.1239,0.943,0.000,0
146.41,Negin,AUIT_Multi,CBA,1.151,1.744,0.108,131.6,0.2,2.300,1.743,-0.231,1.371,1.743,-0.208,World,Wall4m,25.2,13.5,1.198,0.384,0,0,None,None,0,1,0,0,0.2243,0.1232,0.930,0.000,0
146.51,Negin,AUIT_Multi,CBA,1.149,1.744,0.094,130.8,0.1,2.302,1.744,-0.235,1.379,1.742,-0.194,World,Wall4m,24.9,10.5,1.198,0.368,0,0,None,None,1,1,1,0,0.0432,0.1682,0.923,0.000,0
146.61,Negin,AUIT_Multi,CBA,1.147,1.744,0.082,130.8,0.3,2.303,1.744,-0.237,1.385,1.742,-0.180,World,Wall4m,25.4,6.8,1.199,0.354,0,0,None,None,0,1,0,0,0.0291,0.1589,0.919,0.000,0
146.70,Negin,AUIT_Multi,CBA,1.144,1.744,0.072,130.8,0.2,2.301,1.744,-0.246,1.392,1.742,-0.170,World,Wall4m,25.4,3.5,1.200,0.346,0,0,None,None,0,1,0,0,0.0958,0.1258,0.912,0.000,0
146.80,Negin,AUIT_Multi,CBA,1.141,1.744,0.064,131.1,0.0,2.298,1.744,-0.256,1.397,1.741,-0.156,World,Wall4m,25.6,0.6,1.200,0.337,0,0,None,None,0,1,0,0,0.1004,0.1537,0.907,0.000,0
146.91,Negin,AUIT_Multi,CBA,1.139,1.745,0.057,131.5,359.7,2.293,1.744,-0.272,1.402,1.741,-0.140,World,Wall4m,25.6,4.9,1.201,0.329,0,0,None,None,0,1,0,0,0.1569,0.1449,0.901,0.000,0
147.01,Negin,AUIT_Multi,CBA,1.136,1.745,0.052,132.0,359.6,2.288,1.745,-0.287,1.408,1.740,-0.133,World,Wall4m,25.6,7.9,1.201,0.329,0,0,None,None,0,1,0,0,0.1542,0.0975,0.893,0.634,0
147.11,Negin,AUIT_Multi,CBA,1.135,1.744,0.048,132.0,359.5,2.271,1.744,-0.294,1.472,1.742,-0.425,World,Wall4m,25.3,12.5,1.186,0.581,0,0,None,None,0,1,0,0,0.1949,3.0780,0.809,0.000,0
147.20,Negin,AUIT_Multi,CBA,1.135,1.745,0.046,130.6,358.8,2.184,1.744,-0.270,1.463,1.742,-0.391,World,Wall4m,23.9,12.6,1.095,0.546,0,0,None,None,1,1,1,0,0.9227,0.3603,0.731,0.000,0
147.30,Negin,AUIT_Multi,CBA,1.136,1.746,0.045,128.8,357.8,2.098,1.745,-0.248,1.464,1.743,-0.365,World,Wall4m,21.9,12.8,1.006,0.525,0,0,None,None,1,1,1,0,0.9093,0.2651,0.645,0.000,0
147.41,Negin,AUIT_Multi,CBA,1.135,1.746,0.043,127.9,357.4,2.001,1.745,-0.224,1.462,1.744,-0.341,World,Wall4m,20.9,12.0,0.906,0.504,0,0,None,None,1,1,1,0,0.9039,0.2228,0.551,0.000,0
147.51,Negin,AUIT_Multi,CBA,1.135,1.746,0.041,127.4,357.3,1.914,1.745,-0.202,1.454,1.745,-0.317,World,Wall4m,20.2,11.3,0.816,0.479,0,0,None,None,1,1,1,0,0.9204,0.2590,0.475,0.000,0
147.61,Negin,AUIT_Multi,CBA,1.136,1.746,0.039,126.7,357.3,1.828,1.745,-0.181,1.448,1.745,-0.295,World,Wall4m,19.3,10.6,0.727,0.457,0,0,None,None,1,1,0,0,0.9085,0.2313,0.397,0.000,0
147.70,Negin,AUIT_Multi,CBA,1.137,1.746,0.036,126.0,357.2,1.741,1.745,-0.160,1.441,1.746,-0.272,World,Quad,18.2,9.8,0.635,0.433,0,0,None,None,1,1,0,0,0.9236,0.2516,0.320,0.000,0
147.80,Negin,AUIT_Multi,CBA,1.138,1.746,0.033,125.3,357.2,1.658,1.745,-0.140,1.438,1.747,-0.251,World,Quad,17.1,8.6,0.547,0.413,0,0,None,None,1,1,0,0,0.8806,0.2133,0.246,0.000,0
147.91,Negin,AUIT_Multi,CBA,1.141,1.745,0.029,124.6,357.2,1.558,1.745,-0.117,1.432,1.747,-0.223,World,Quad,15.4,6.8,0.442,0.386,0,0,None,None,1,1,0,0,0.9238,0.2603,0.164,0.000,0
148.01,Negin,AUIT_Multi,CBA,1.143,1.745,0.026,124.2,357.2,1.472,1.745,-0.095,1.424,1.748,-0.202,World,Quad,14.3,5.3,0.350,0.361,0,0,None,None,1,1,0,0,0.9128,0.2350,0.117,0.370,0
148.11,Negin,AUIT_Multi,CBA,1.147,1.745,0.022,124.0,357.2,1.707,1.745,-0.178,1.593,1.747,-0.426,World,Quad,14.6,11.4,0.594,0.632,0,0,None,None,1,1,0,0,2.5583,2.8902,0.273,0.000,0
148.20,Negin,AUIT_Multi,CBA,1.151,1.745,0.019,124.0,357.3,2.188,1.745,-0.339,1.879,1.745,-0.810,World,Quad,15.3,14.9,1.097,1.104,0,0,None,None,1,1,1,1,5.2215,4.9240,0.564,0.000,1
148.30,Negin,AUIT_Multi,CBA,1.155,1.745,0.016,123.9,357.5,2.274,1.745,-0.368,1.931,1.745,-0.878,World,Quad,15.2,15.3,1.183,1.184,0,0,None,None,1,1,1,1,0.9250,0.8716,0.614,0.000,1
148.41,Negin,AUIT_Multi,CBA,1.157,1.746,0.014,123.7,357.3,2.291,1.745,-0.369,1.942,1.745,-0.890,World,Quad,15.3,15.6,1.196,1.197,0,0,None,None,1,1,1,1,0.1515,0.1410,0.627,0.000,1
148.51,Negin,AUIT_Multi,CBA,1.159,1.746,0.015,123.4,356.8,2.297,1.746,-0.361,1.944,1.746,-0.892,World,Quad,15.5,16.1,1.199,1.199,0,0,None,None,1,1,1,1,0.1100,0.0320,0.638,0.000,1
148.61,Negin,AUIT_Multi,CBA,1.159,1.746,0.016,123.1,356.3,2.302,1.746,-0.348,1.944,1.746,-0.892,World,Quad,15.9,16.5,1.200,1.201,0,0,None,None,1,1,1,1,0.1424,0.0059,0.652,0.000,1
148.70,Negin,AUIT_Multi,CBA,1.158,1.750,0.019,121.7,353.6,2.309,1.747,-0.321,1.943,1.747,-0.891,World,Quad,16.5,18.7,1.201,1.202,0,0,None,None,1,1,1,1,0.2859,0.0206,0.678,0.000,1
148.80,Negin,AUIT_Multi,CBA,1.158,1.763,0.023,120.6,349.3,2.322,1.752,-0.269,1.941,1.752,-0.889,World,Wall4m,19.9,21.8,1.200,1.203,0,0,None,None,1,1,1,1,0.5536,0.0576,0.728,0.000,1
148.91,Negin,AUIT_Multi,CBA,1.158,1.791,0.032,117.7,343.6,2.339,1.771,-0.186,1.939,1.771,-0.886,World,Wall4m,24.3,27.7,1.201,1.206,0,0,None,None,1,0,1,0,0.7824,0.1689,0.806,0.000,0
149.01,Negin,AUIT_Multi,CBA,1.151,1.807,0.044,115.8,342.0,2.350,1.792,-0.075,1.934,1.792,-0.880,World,Wall4m,27.2,30.1,1.205,1.211,0,0,None,None,0,0,0,0,1.1752,0.2345,0.906,0.000,0
149.10,Negin,AUIT_Multi,CBA,1.143,1.809,0.045,112.7,338.1,2.348,1.806,0.022,1.933,1.806,-0.866,World,Wall4m,30.5,33.9,1.206,1.206,0,0,None,None,0,0,0,0,1.0184,0.2111,0.980,0.000,0
149.20,Negin,AUIT_Multi,CBA,1.136,1.807,0.044,112.4,336.0,2.341,1.808,0.082,1.946,1.808,-0.846,World,Wall4m,33.5,34.3,1.206,1.203,0,0,None,None,0,0,0,0,0.6287,0.2485,1.009,0.000,0
149.31,Negin,AUIT_Multi,CBA,1.132,1.804,0.038,112.1,334.9,2.334,1.806,0.102,1.952,1.806,-0.837,World,Wall4m,34.8,34.6,1.204,1.199,0,0,None,None,0,0,0,0,0.1874,0.0941,1.014,0.000,0
149.41,Negin,AUIT_Multi,CBA,1.130,1.802,0.027,113.2,336.3,2.331,1.804,0.091,1.945,1.804,-0.846,World,Wall4m,34.7,33.0,1.203,1.195,0,0,None,None,0,0,0,0,0.1124,0.1194,1.014,0.000,0
149.50,Negin,AUIT_Multi,CBA,1.130,1.800,0.011,114.0,337.2,2.329,1.802,0.061,1.929,1.802,-0.871,World,Wall4m,34.2,32.4,1.201,1.190,0,0,None,None,0,0,0,0,0.3186,0.3049,1.014,0.000,0
149.60,Negin,AUIT_Multi,CBA,1.132,1.795,-0.006,114.6,339.0,2.330,1.799,0.030,1.918,1.799,-0.896,World,Wall4m,33.1,31.3,1.199,1.188,0,0,None,None,0,0,0,0,0.3192,0.2899,1.014,0.000,0
149.71,Negin,AUIT_Multi,CBA,1.137,1.793,-0.025,114.4,340.8,2.333,1.795,-0.001,1.911,1.795,-0.924,World,Wall4m,31.5,31.0,1.196,1.186,0,0,None,None,0,0,0,0,0.2890,0.2558,1.014,0.000,0
149.81,Negin,AUIT_Multi,CBA,1.145,1.792,-0.041,114.1,341.6,2.338,1.793,-0.013,1.921,1.793,-0.937,World,Wall4m,31.0,30.7,1.194,1.185,0,0,None,None,0,0,0,0,0.1293,0.1672,1.014,0.000,0
149.91,Negin,AUIT_Multi,CBA,1.157,1.791,-0.058,113.9,341.3,2.347,1.792,-0.023,1.933,1.792,-0.949,World,Wall4m,31.2,30.9,1.190,1.182,0,0,None,None,0,0,0,0,0.1384,0.1834,1.014,0.000,0
150.00,Negin,AUIT_Multi,CBA,1.176,1.788,-0.078,114.3,341.7,2.360,1.790,-0.040,1.947,1.790,-0.966,World,Wall4m,31.5,30.4,1.185,1.177,0,0,None,None,0,0,0,0,0.2173,0.2258,1.014,0.000,0
150.10,Negin,AUIT_Multi,CBA,1.199,1.785,-0.099,114.5,342.0,2.321,1.788,-0.067,1.961,1.788,-0.990,World,Wall4m,31.3,30.4,1.123,1.173,0,0,None,None,0,0,0,0,0.4841,0.2844,0.991,0.000,0
150.21,Negin,AUIT_Multi,CBA,1.232,1.782,-0.123,114.4,341.1,2.320,1.784,-0.093,1.945,1.789,-0.966,World,Wall4m,31.6,31.1,1.089,1.105,0,0,None,None,0,0,0,0,0.2424,0.2591,0.950,0.000,0
150.31,Negin,AUIT_Multi,CBA,1.263,1.783,-0.145,113.8,339.1,2.329,1.783,-0.111,1.903,1.793,-0.905,World,Wall4m,32.6,32.6,1.066,0.993,0,0,None,None,0,0,0,0,0.1986,0.7645,0.902,0.000,0
150.41,Negin,AUIT_Multi,CBA,1.298,1.791,-0.171,112.5,337.9,2.337,1.784,-0.122,1.862,1.799,-0.844,World,Wall4m,33.3,34.4,1.040,0.878,0,0,None,None,0,0,0,0,0.1481,0.7615,0.864,0.000,0
150.50,Negin,AUIT_Multi,CBA,1.333,1.800,-0.199,112.6,336.8,2.347,1.793,-0.130,1.821,1.805,-0.783,World,Wall4m,34.9,35.1,1.017,0.761,0,0,None,None,0,0,0,0,0.1527,0.7576,0.839,0.000,0
150.60,Negin,AUIT_Multi,CBA,1.364,1.803,-0.225,113.4,335.5,2.356,1.799,-0.162,1.777,1.810,-0.728,World,Wall4m,36.0,35.5,0.994,0.651,0,0,None,None,0,0,0,0,0.3512,0.7213,0.810,0.000,0
150.71,Negin,AUIT_Multi,CBA,1.396,1.805,-0.257,113.8,335.0,2.365,1.803,-0.207,1.721,1.816,-0.658,World,Wall4m,36.1,35.4,0.970,0.516,0,0,None,None,0,0,0,0,0.4094,0.8064,0.786,0.000,0
150.81,Negin,AUIT_Multi,CBA,1.422,1.806,-0.283,114.2,335.0,2.373,1.805,-0.242,1.681,1.821,-0.605,World,Wall4m,35.9,34.7,0.952,0.414,0,0,None,None,0,0,0,0,0.3691,0.6823,0.781,0.000,0
150.91,Negin,AUIT_Multi,CBA,1.446,1.805,-0.310,113.6,335.1,2.380,1.805,-0.270,1.635,1.826,-0.543,World,Wall4m,35.4,33.7,0.934,0.300,0,0,None,None,0,0,0,0,0.2946,0.8069,0.794,0.000,0
151.00,Negin,AUIT_Multi,CBA,1.471,1.803,-0.340,112.1,335.4,2.386,1.805,-0.285,1.594,1.830,-0.482,World,Wall4m,34.8,30.6,0.917,0.190,0,0,None,None,0,0,0,0,0.1723,0.7502,0.817,0.000,0
151.10,Negin,AUIT_Multi,CBA,1.495,1.801,-0.374,110.2,335.6,2.393,1.803,-0.294,1.552,1.834,-0.419,World,Wall4m,34.5,16.0,0.902,0.081,0,0,None,None,0,1,0,0,0.1154,0.7744,0.850,0.000,0
151.21,Negin,AUIT_Multi,CBA,1.521,1.796,-0.420,107.3,334.7,2.400,1.799,-0.299,1.917,1.824,-0.766,World,Wall4m,34.9,32.0,0.887,0.526,0,0,None,None,0,0,0,0,0.0870,4.5085,0.672,0.000,0
151.31,Negin,AUIT_Multi,CBA,1.544,1.796,-0.466,104.7,333.6,2.407,1.796,-0.300,1.939,1.838,-0.749,World,Wall4m,36.1,29.3,0.879,0.488,0,0,None,None,0,0,0,0,0.0773,0.3193,0.650,0.000,0
151.41,Negin,AUIT_Multi,CBA,1.567,1.809,-0.517,103.3,332.8,2.413,1.799,-0.315,1.963,1.854,-0.742,World,Wall4m,37.9,26.6,0.870,0.458,0,0,None,None,0,0,0,0,0.1657,0.3065,0.623,0.000,0
151.50,Negin,AUIT_Multi,CBA,1.589,1.830,-0.565,101.6,332.1,2.420,1.813,-0.342,1.988,1.871,-0.735,World,Wall4m,38.7,25.0,0.860,0.436,0,0,None,None,0,1,0,0,0.3222,0.3180,0.587,0.000,0
151.60,Negin,AUIT_Multi,CBA,1.613,1.842,-0.608,98.9,332.8,2.426,1.831,-0.365,2.012,1.888,-0.725,World,Wall4m,37.3,22.1,0.849,0.419,0,0,None,None,0,1,0,0,0.3078,0.3217,0.552,0.000,0
151.71,Negin,AUIT_Multi,CBA,1.647,1.855,-0.647,94.9,334.6,2.435,1.844,-0.369,2.045,1.906,-0.706,World,Wall4m,35.2,18.5,0.835,0.406,0,0,None,None,0,1,0,0,0.1471,0.3816,0.519,0.000,0
151.81,Negin,AUIT_Multi,CBA,1.685,1.868,-0.668,94.2,338.8,2.444,1.857,-0.366,2.071,1.922,-0.697,World,Wall4m,33.5,13.2,0.817,0.392,0,0,None,None,0,1,0,0,0.1666,0.3302,0.503,0.000,0
151.91,Negin,AUIT_Multi,CBA,1.721,1.869,-0.672,96.4,340.8,2.454,1.867,-0.383,2.089,1.938,-0.688,World,Wall4m,33.5,9.4,0.788,0.374,0,0,None,None,0,1,0,0,0.2274,0.2562,0.481,0.000,0
152.00,Negin,AUIT_Multi,CBA,1.765,1.856,-0.667,99.1,341.2,2.464,1.866,-0.425,2.111,1.950,-0.686,World,Wall4m,33.0,6.7,0.740,0.359,0,0,None,None,0,1,0,0,0.4380,0.2635,0.447,0.000,0
152.10,Negin,AUIT_Multi,CBA,1.818,1.835,-0.658,102.9,341.2,2.475,1.853,-0.472,2.128,1.961,-0.684,World,Wall4m,33.0,8.3,0.683,0.336,0,0,None,None,0,1,0,0,0.5206,0.2083,0.421,0.000,0
152.21,Negin,AUIT_Multi,CBA,1.894,1.811,-0.664,105.6,340.9,2.491,1.830,-0.529,2.343,1.921,-0.923,World,Wall4m,32.7,15.6,0.612,0.530,0,0,None,None,0,1,0,0,0.5690,2.9184,0.430,0.000,0
152.31,Negin,AUIT_Multi,CBA,1.978,1.789,-0.687,101.2,343.9,2.510,1.809,-0.555,2.324,1.913,-0.883,World,Wall4m,28.4,17.6,0.549,0.417,0,0,None,None,0,1,0,0,0.3921,0.4645,0.391,0.000,0
152.41,Negin,AUIT_Multi,CBA,2.070,1.761,-0.711,101.1,351.3,2.534,1.786,-0.560,2.319,1.903,-0.861,World,Wall4m,29.5,25.7,0.488,0.323,0,0,None,None,0,0,0,0,0.3465,0.2581,0.388,0.000,0
152.50,Negin,AUIT_Multi,CBA,2.161,1.731,-0.735,102.6,0.5,2.558,1.758,-0.599,2.316,1.891,-0.852,World,Wall4m,31.7,45.8,0.421,0.252,0,0,None,None,0,0,0,0,0.5589,0.1506,0.375,0.000,0
152.60,Negin,AUIT_Multi,CBA,2.213,1.714,-0.749,103.0,5.4,2.584,1.726,-0.649,2.243,1.906,-0.788,World,Wall4m,28.9,84.5,0.385,0.199,0,0,None,None,0,0,0,0,0.6578,0.9987,0.411,0.000,0
152.70,Negin,AUIT_Multi,CBA,2.213,1.714,-0.749,103.0,5.4,2.592,1.716,-0.665,2.237,1.899,-0.780,World,Wall4m,26.0,86.1,0.388,0.189,0,0,None,None,0,0,0,0,0.2058,0.1276,0.415,0.000,0
152.80,Negin,AUIT_Multi,CBA,2.213,1.714,-0.749,103.0,5.4,2.592,1.714,-0.668,2.231,1.891,-0.770,World,Wall4m,25.6,88.2,0.387,0.180,0,0,None,None,0,0,0,0,0.0309,0.1322,0.415,0.000,0
152.90,Negin,AUIT_Multi,CBA,2.213,1.714,-0.749,103.0,5.4,2.592,1.714,-0.668,2.225,1.884,-0.761,World,Wall4m,25.5,90.7,0.387,0.171,0,0,None,None,0,0,0,0,0.0039,0.1368,0.415,0.000,0
153.00,Negin,AUIT_Multi,CBA,2.213,1.714,-0.749,103.0,5.4,2.592,1.714,-0.668,2.219,1.877,-0.752,World,Wall4m,25.5,93.3,0.387,0.163,0,0,None,None,0,0,0,0,0.0004,0.1333,0.416,0.000,0
153.10,Negin,AUIT_Multi,CBA,2.213,1.714,-0.749,103.0,5.4,2.592,1.714,-0.668,2.213,1.869,-0.742,World,Wall4m,25.5,96.1,0.387,0.156,0,0,None,None,0,0,0,0,0.0000,0.1328,0.416,0.000,0
153.20,Negin,AUIT_Multi,CBA,2.213,1.714,-0.749,103.0,5.4,2.592,1.714,-0.668,2.247,1.852,-0.763,World,Wall4m,25.5,80.9,0.387,0.143,0,0,None,None,0,0,0,0,0.0000,0.4355,0.384,0.000,0
153.30,Negin,AUIT_Multi,CBA,2.213,1.714,-0.749,103.0,5.4,2.592,1.714,-0.668,2.296,1.835,-0.769,World,Wall4m,25.5,60.2,0.387,0.149,0,0,None,None,0,0,0,0,0.0000,0.5204,0.335,0.000,0
153.40,Negin,AUIT_Multi,CBA,2.213,1.714,-0.749,103.0,5.4,2.592,1.714,-0.668,2.344,1.820,-0.775,World,Wall4m,25.5,43.9,0.387,0.171,0,0,None,None,0,0,0,0,0.0000,0.5071,0.290,0.000,0
153.50,Negin,AUIT_Multi,CBA,2.213,1.714,-0.749,103.0,5.4,2.592,1.714,-0.668,2.397,1.803,-0.785,World,Wall4m,25.5,30.8,0.387,0.207,0,0,None,None,0,0,0,0,0.0000,0.5614,0.244,0.000,0
153.60,Negin,AUIT_Multi,CBA,2.213,1.714,-0.749,103.0,5.4,2.592,1.714,-0.668,2.444,1.787,-0.790,World,Wall4m,25.5,23.0,0.387,0.246,0,0,None,None,0,1,0,0,0.0000,0.5071,0.205,0.000,0
153.70,Negin,AUIT_Multi,CBA,2.213,1.714,-0.749,103.0,5.4,2.592,1.714,-0.668,2.496,1.770,-0.798,World,Wall4m,25.5,16.8,0.387,0.293,0,0,None,None,0,1,0,0,0.0000,0.5402,0.171,0.000,0
153.80,Negin,AUIT_Multi,CBA,2.213,1.714,-0.749,103.0,5.4,2.592,1.714,-0.668,2.545,1.754,-0.804,World,Wall4m,25.5,12.8,0.387,0.339,0,0,None,None,0,1,0,0,0.0000,0.5228,0.149,1.000,0
153.90,Negin,AUIT_Multi,CBA,2.213,1.714,-0.749,103.0,5.4,2.592,1.714,-0.668,2.594,1.738,-0.811,World,Wall4m,25.5,9.7,0.387,0.387,0,0,None,None,0,1,0,0,0.0000,0.5323,0.145,0.963,0
154.00,Negin,AUIT_Multi,CBA,2.213,1.714,-0.749,103.0,5.4,2.592,1.714,-0.668,2.645,1.722,-0.819,World,Wall4m,25.5,7.4,0.387,0.438,0,0,None,None,0,1,0,0,0.0000,0.5340,0.160,0.946,0
154.10,Negin,AUIT_Multi,CBA,2.213,1.714,-0.749,103.0,5.4,2.592,1.714,-0.668,2.695,1.705,-0.825,World,Wall4m,25.5,5.9,0.387,0.488,0,0,None,None,0,1,0,0,0.0000,0.5272,0.188,0.910,0
154.20,Negin,AUIT_Multi,CBA,2.213,1.714,-0.749,103.0,5.4,2.592,1.714,-0.669,2.739,1.692,-0.859,World,Wall4m,25.5,3.3,0.387,0.538,0,0,None,None,0,1,0,0,0.0065,0.5659,0.242,1.000,0
154.30,Negin,AUIT_Multi,CBA,2.213,1.714,-0.749,103.0,5.4,2.588,1.714,-0.681,2.739,1.692,-0.857,World,Wall4m,23.9,3.4,0.381,0.537,0,0,None,None,1,1,0,0,0.1225,0.0178,0.233,1.000,0
154.40,Negin,AUIT_Multi,CBA,2.213,1.714,-0.749,103.0,5.4,2.585,1.714,-0.692,2.739,1.692,-0.852,World,Wall4m,22.3,3.6,0.376,0.536,0,0,None,None,1,1,0,0,0.1235,0.0539,0.223,1.000,0
154.50,Negin,AUIT_Multi,CBA,2.213,1.714,-0.749,103.0,5.4,2.581,1.714,-0.704,2.739,1.692,-0.849,World,Wall4m,20.6,3.8,0.371,0.536,0,0,None,None,1,1,0,0,0.1229,0.0338,0.215,0.996,0
154.60,Negin,AUIT_Multi,CBA,2.213,1.714,-0.749,103.0,5.4,2.578,1.714,-0.716,2.739,1.692,-0.846,World,Quad,18.9,4.0,0.366,0.535,0,0,None,None,1,1,0,0,0.1230,0.0263,0.208,0.979,0
154.70,Negin,AUIT_Multi,CBA,2.213,1.714,-0.749,103.0,5.4,2.575,1.714,-0.728,2.739,1.692,-0.843,World,Quad,17.2,4.1,0.362,0.535,0,0,None,None,1,1,0,0,0.1228,0.0267,0.202,0.961,0
154.80,Negin,AUIT_Multi,CBA,2.213,1.714,-0.749,103.0,5.4,2.571,1.714,-0.740,2.739,1.691,-0.839,World,Quad,15.4,4.4,0.358,0.534,0,0,None,None,1,1,0,0,0.1231,0.0406,0.197,0.940,0
154.90,Negin,AUIT_Multi,CBA,2.213,1.714,-0.749,103.0,5.4,2.568,1.714,-0.751,2.739,1.691,-0.837,World,Quad,13.7,4.6,0.355,0.534,0,0,None,None,1,1,0,0,0.1200,0.0263,0.193,0.923,0
155.00,Negin,AUIT_Multi,CBA,2.213,1.714,-0.749,103.0,5.4,2.564,1.714,-0.763,2.739,1.691,-0.834,World,Quad,12.0,4.8,0.352,0.534,0,0,None,None,1,1,0,0,0.1197,0.0251,0.190,0.906,0
155.10,Negin,AUIT_Multi,CBA,2.213,1.714,-0.749,103.0,5.4,2.561,1.714,-0.774,2.740,1.691,-0.831,World,Quad,10.4,5.0,0.349,0.533,0,0,None,None,1,1,0,0,0.1206,0.0298,0.189,0.888,0
155.20,Negin,AUIT_Multi,CBA,2.213,1.714,-0.749,103.0,5.4,2.560,1.714,-0.782,2.738,1.692,-0.840,World,Quad,9.3,4.4,0.349,0.534,0,0,None,None,1,1,0,0,0.0807,0.0915,0.188,0.946,0
155.30,Negin,AUIT_Multi,CBA,2.213,1.714,-0.749,103.0,5.4,2.589,1.714,-0.744,2.722,1.710,-0.986,World,Quad,14.8,13.0,0.376,0.561,0,0,None,None,1,1,0,0,0.4796,1.4777,0.276,0.000,0
155.40,Negin,AUIT_Multi,CBA,2.213,1.714,-0.749,103.0,5.4,2.591,1.714,-0.737,2.718,1.713,-1.013,World,Quad,15.8,15.6,0.378,0.570,0,0,None,None,1,1,0,0,0.0732,0.2723,0.304,0.000,0
155.50,Negin,AUIT_Multi,CBA,2.213,1.714,-0.749,103.0,5.4,2.590,1.714,-0.736,2.717,1.714,-1.016,World,Quad,15.9,15.9,0.378,0.571,0,0,None,None,1,1,0,0,0.0092,0.0344,0.308,0.000,0
155.60,Negin,AUIT_Multi,CBA,2.213,1.714,-0.749,103.0,5.4,2.590,1.714,-0.736,2.717,1.714,-1.016,World,Quad,15.9,15.9,0.378,0.571,0,0,None,None,1,1,0,0,0.0010,0.0011,0.308,0.000,0
155.70,Negin,AUIT_Multi,CBA,2.213,1.714,-0.749,103.0,5.4,2.590,1.714,-0.736,2.717,1.714,-1.016,World,Quad,15.9,15.9,0.378,0.571,0,0,None,None,1,1,0,0,0.0000,0.0000,0.308,0.000,0
155.80,Negin,AUIT_Multi,CBA,2.213,1.714,-0.749,103.0,5.4,2.590,1.714,-0.736,2.717,1.714,-1.016,World,Quad,15.9,15.9,0.378,0.571,0,0,None,None,1,1,0,0,0.0000,0.0000,0.308,0.000,0
155.90,Negin,AUIT_Multi,CBA,2.213,1.714,-0.749,103.0,5.4,2.590,1.714,-0.736,2.717,1.714,-1.016,World,Quad,15.9,15.9,0.378,0.571,0,0,None,None,1,1,0,0,0.0000,0.0000,0.308,0.000,0
156.00,Negin,AUIT_Multi,CBA,2.213,1.714,-0.749,103.0,5.4,2.590,1.714,-0.736,2.717,1.714,-1.016,World,Quad,15.9,15.9,0.378,0.571,0,0,None,None,1,1,0,0,0.0000,0.0000,0.308,0.000,0
156.10,Negin,AUIT_Multi,CBA,2.213,1.714,-0.749,103.0,5.4,2.590,1.714,-0.736,2.717,1.714,-1.016,World,Quad,15.9,15.9,0.378,0.571,0,0,None,None,1,1,0,0,0.0000,0.0000,0.308,0.000,0
156.20,Negin,AUIT_Multi,CBA,2.213,1.714,-0.749,103.0,5.4,2.590,1.714,-0.736,2.717,1.714,-1.016,World,Quad,15.9,15.9,0.378,0.571,0,0,None,None,1,1,0,0,0.0000,0.0000,0.308,0.000,0
156.30,Negin,AUIT_Multi,CBA,2.213,1.714,-0.749,103.0,5.4,2.590,1.714,-0.736,2.717,1.714,-1.016,World,Quad,15.9,15.9,0.378,0.571,0,0,None,None,1,1,0,0,0.0000,0.0000,0.308,0.000,0
156.40,Negin,AUIT_Multi,CBA,2.213,1.714,-0.749,103.0,5.4,2.590,1.714,-0.736,2.717,1.714,-1.016,World,Quad,15.9,15.9,0.378,0.571,0,0,None,None,1,1,0,0,0.0000,0.0000,0.308,0.000,0
156.50,Negin,AUIT_Multi,CBA,2.213,1.714,-0.749,103.0,5.4,2.590,1.714,-0.736,2.717,1.714,-1.016,World,Quad,15.9,15.9,0.378,0.571,0,0,None,None,1,1,0,0,0.0000,0.0000,0.308,0.000,0
156.60,Negin,AUIT_Multi,CBA,2.213,1.714,-0.749,103.0,5.4,2.590,1.714,-0.736,2.717,1.714,-1.016,World,Quad,15.9,15.9,0.378,0.571,0,0,None,None,1,1,0,0,0.0000,0.0000,0.308,0.000,0
156.70,Negin,AUIT_Multi,CBA,2.213,1.714,-0.749,103.0,5.4,2.590,1.714,-0.736,2.717,1.714,-1.016,World,Quad,15.9,15.9,0.378,0.571,0,0,None,None,1,1,0,0,0.0000,0.0006,0.308,0.000,0
156.86,Negin,AUIT_Multi,CBA,1.000,0.000,1.000,0.0,0.0,2.590,1.714,-0.736,2.717,1.714,-1.016,World,CabinetD01,126.6,129.7,2.912,3.155,0,0,None,None,0,0,0,0,0.0000,0.0000,0.308,0.000,0
