Time,ParticipantID,Scenario,Sequence,HeadX,HeadY,HeadZ,HeadYaw,HeadPitch,VideoX,VideoY,VideoZ,InstX,InstY,InstZ,GazeTarget,HitObjectName,AngleToVideo,AngleToInst,VideoDist,InstDist,VideoOcc,InstOcc,VideoOccHitName,InstOccHitName,VideoInCone,InstInCone,VideoVisible,InstVisible,VideoSpeed,InstSpeed,PanelSeparation,ScreenOverlapPct,BothVisible
0.00,Nick ,Static,BAC,1.000,0.000,0.500,0.0,0.0,-2.197,1.378,13.812,NaN,NaN,NaN,World,CabinetDCorner01,14.7,NaN,13.760,NaN,1,0,CabinetD01,None,1,0,0,0,0.0000,NaN,NaN,NaN,0
0.13,Nick ,Static,BAC,1.000,0.000,0.500,0.0,0.0,-2.197,1.378,13.812,NaN,NaN,NaN,World,CabinetDCorner01,14.7,NaN,13.760,NaN,1,0,CabinetD01,None,1,0,0,0,0.0000,NaN,NaN,NaN,0
0.21,Nick ,Static,BAC,1.000,0.000,0.500,0.0,0.0,-2.197,1.378,13.812,NaN,NaN,NaN,World,CabinetDCorner01,14.7,NaN,13.760,NaN,1,0,CabinetD01,None,1,0,0,0,0.0000,NaN,NaN,NaN,0
0.30,Nick ,Static,BAC,1.000,0.000,0.500,0.0,0.0,-2.197,1.378,13.812,NaN,NaN,NaN,World,CabinetDCorner01,14.7,NaN,13.760,NaN,1,0,CabinetD01,None,1,0,0,0,0.0000,NaN,NaN,NaN,0
0.40,Nick ,Static,BAC,1.000,0.000,0.500,0.0,0.0,-2.197,1.378,13.812,NaN,NaN,NaN,World,CabinetDCorner01,14.7,NaN,13.760,NaN,1,0,CabinetD01,None,1,0,0,0,0.0000,NaN,NaN,NaN,0
0.51,Nick ,Static,BAC,1.000,0.000,0.500,0.0,0.0,-2.197,1.378,13.812,NaN,NaN,NaN,World,CabinetDCorner01,14.7,NaN,13.760,NaN,1,0,CabinetD01,None,1,0,0,0,0.0000,NaN,NaN,NaN,0
0.61,Nick ,Static,BAC,1.000,0.000,0.500,0.0,0.0,-2.197,1.378,13.812,NaN,NaN,NaN,World,CabinetDCorner01,14.7,NaN,13.760,NaN,1,0,CabinetD01,None,1,0,0,0,0.0000,NaN,NaN,NaN,0
0.71,Nick ,Static,BAC,1.000,0.000,0.500,0.0,0.0,-2.197,1.378,13.812,NaN,NaN,NaN,World,CabinetDCorner01,14.7,NaN,13.760,NaN,1,0,CabinetD01,None,1,0,0,0,0.0000,NaN,NaN,NaN,0
0.80,Nick ,Static,BAC,1.000,0.000,0.500,0.0,0.0,-2.197,1.378,13.812,NaN,NaN,NaN,World,CabinetDCorner01,14.7,NaN,13.760,NaN,1,0,CabinetD01,None,1,0,0,0,0.0000,NaN,NaN,NaN,0
0.95,Nick ,Static,BAC,1.249,1.910,-0.086,0.1,4.9,-2.197,1.378,13.812,NaN,NaN,NaN,World,CabinetDCorner02,14.3,NaN,14.329,NaN,1,0,CabinetD05Door,None,1,0,0,0,0.0000,NaN,NaN,NaN,0
1.00,Nick ,Static,BAC,1.243,1.911,-0.087,357.5,4.3,-2.197,1.378,13.812,NaN,NaN,NaN,World,Wall4m,11.6,NaN,14.329,NaN,1,0,CabinetD05Door,None,1,0,0,0,0.0000,NaN,NaN,NaN,0
1.10,Nick ,Static,BAC,1.240,1.911,-0.088,356.1,4.0,-2.197,1.378,13.812,NaN,NaN,NaN,World,Wall4m,10.2,NaN,14.329,NaN,1,0,CabinetD05Door,None,1,0,0,0,0.0000,NaN,NaN,NaN,0
1.21,Nick ,Static,BAC,1.239,1.912,-0.089,356.0,3.9,-2.197,1.378,13.812,NaN,NaN,NaN,World,CabinetD05Door,10.0,NaN,14.329,NaN,1,0,CabinetD05Door,None,1,0,0,0,0.0000,NaN,NaN,NaN,0
1.31,Nick ,Static,BAC,1.239,1.912,-0.089,356.0,3.9,-2.197,1.378,13.812,NaN,NaN,NaN,World,CabinetD05Door,10.0,NaN,14.330,NaN,1,0,CabinetD05Door,None,1,0,0,0,0.0000,NaN,NaN,NaN,0
1.41,Nick ,Static,BAC,1.237,1.912,-0.090,355.1,3.9,-2.197,1.378,13.812,NaN,NaN,NaN,World,CabinetD05Door,9.1,NaN,14.330,NaN,1,0,CabinetD05Door,None,1,0,0,0,0.0000,NaN,NaN,NaN,0
1.51,Nick ,Static,BAC,1.233,1.912,-0.089,353.3,4.1,-2.197,1.378,13.812,NaN,NaN,NaN,World,CabinetD05Door,7.4,NaN,14.328,NaN,1,0,CabinetD05,None,1,0,0,0,0.0000,NaN,NaN,NaN,0
1.60,Nick ,Static,BAC,1.231,1.911,-0.087,351.7,4.5,-2.197,1.378,13.812,NaN,NaN,NaN,World,CabinetD05Door,6.1,NaN,14.325,NaN,1,0,CabinetD05,None,1,0,0,0,0.0000,NaN,NaN,NaN,0
1.70,Nick ,Static,BAC,1.235,1.904,-0.079,354.3,8.7,-2.197,1.378,13.812,NaN,NaN,NaN,World,CabinetD05Door,10.5,NaN,14.318,NaN,1,0,CabinetD05,None,1,0,0,0,0.0000,NaN,NaN,NaN,0
1.81,Nick ,Static,BAC,1.245,1.894,-0.067,359.7,13.6,-2.197,1.378,13.812,NaN,NaN,NaN,World,CabinetDCorner02,17.7,NaN,14.309,NaN,1,0,CabinetD05,None,1,0,0,0,0.0000,NaN,NaN,NaN,0
1.91,Nick ,Static,BAC,1.259,1.889,-0.059,8.4,16.5,-2.197,1.378,13.812,NaN,NaN,NaN,World,CabinetDCorner02,26.3,NaN,14.305,NaN,1,0,CabinetD05,None,0,0,0,0,0.0000,NaN,NaN,NaN,0
2.01,Nick ,Static,BAC,1.270,1.885,-0.056,16.0,18.5,-2.197,1.378,13.812,NaN,NaN,NaN,World,Wall4m,33.7,NaN,14.304,NaN,1,0,CabinetD05,None,0,0,0,0,0.0000,NaN,NaN,NaN,0
2.10,Nick ,Static,BAC,1.276,1.883,-0.055,21.0,19.5,-2.197,1.378,13.812,NaN,NaN,NaN,World,KitchenOven07,38.5,NaN,14.305,NaN,1,0,CabinetD05,None,0,0,0,0,0.0000,NaN,NaN,NaN,0
2.20,Nick ,Static,BAC,1.282,1.883,-0.058,26.1,19.4,-2.197,1.378,13.812,NaN,NaN,NaN,World,KitchenOven07,42.9,NaN,14.309,NaN,1,0,CabinetD05,None,0,0,0,0,0.0000,NaN,NaN,NaN,0
2.31,Nick ,Static,BAC,1.291,1.883,-0.066,33.4,18.8,-2.197,1.378,13.812,NaN,NaN,NaN,World,Wall4m,49.4,NaN,14.319,NaN,1,0,CabinetD05,None,0,0,0,0,0.0000,NaN,NaN,NaN,0
2.41,Nick ,Static,BAC,1.299,1.880,-0.075,39.5,19.5,-2.197,1.378,13.812,NaN,NaN,NaN,World,Wall4m,55.3,NaN,14.329,NaN,1,0,CabinetD05,None,0,0,0,0,0.0000,NaN,NaN,NaN,0
2.51,Nick ,Static,BAC,1.304,1.878,-0.081,43.9,20.2,-2.197,1.378,13.812,NaN,NaN,NaN,World,Quad,59.5,NaN,14.336,NaN,1,0,CabinetD05,None,0,0,0,0,0.0000,NaN,NaN,NaN,0
2.60,Nick ,Static,BAC,1.311,1.875,-0.088,50.6,21.2,-2.197,1.378,13.812,NaN,NaN,NaN,World,Quad,65.8,NaN,14.344,NaN,1,0,CabinetD05,None,0,0,0,0,0.0000,NaN,NaN,NaN,0
2.70,Nick ,Static,BAC,1.312,1.872,-0.090,55.4,22.4,-2.197,1.378,13.812,NaN,NaN,NaN,World,Quad,70.4,NaN,14.347,NaN,1,0,CabinetD05,None,0,0,0,0,0.0000,NaN,NaN,NaN,0
2.81,Nick ,Static,BAC,1.301,1.873,-0.084,59.5,21.8,-2.197,1.378,13.812,NaN,NaN,NaN,World,Quad,74.0,NaN,14.338,NaN,1,0,CabinetD05,None,0,0,0,0,0.0000,NaN,NaN,NaN,0
2.91,Nick ,Static,BAC,1.281,1.873,-0.069,61.2,21.9,-2.197,1.378,13.812,NaN,NaN,NaN,World,Quad,75.6,NaN,14.319,NaN,1,0,CabinetD05,None,0,0,0,0,0.0000,NaN,NaN,NaN,0
3.01,Nick ,Static,BAC,1.255,1.877,-0.046,61.7,21.8,-2.197,1.378,13.812,NaN,NaN,NaN,World,Quad,76.0,NaN,14.290,NaN,1,0,CabinetD05,None,0,0,0,0,0.0000,NaN,NaN,NaN,0
3.10,Nick ,Static,BAC,1.226,1.878,-0.019,62.4,21.4,-2.197,1.378,13.812,NaN,NaN,NaN,World,Quad,76.5,NaN,14.257,NaN,1,0,CabinetD05,None,0,0,0,0,0.0000,NaN,NaN,NaN,0
3.20,Nick ,Static,BAC,1.194,1.873,0.010,62.8,22.4,-2.197,1.378,13.812,NaN,NaN,NaN,World,Quad,76.8,NaN,14.222,NaN,1,0,CabinetD05,None,0,0,0,0,0.0000,NaN,NaN,NaN,0
3.31,Nick ,Static,BAC,1.158,1.865,0.038,63.0,24.2,-2.197,1.378,13.812,NaN,NaN,NaN,World,Quad,77.0,NaN,14.185,NaN,1,0,CabinetD05,None,0,0,0,0,0.0000,NaN,NaN,NaN,0
3.41,Nick ,Static,BAC,1.126,1.863,0.055,63.7,24.2,-2.197,1.378,13.812,NaN,NaN,NaN,World,Quad,77.6,NaN,14.162,NaN,1,0,CabinetD05,None,0,0,0,0,0.0000,NaN,NaN,NaN,0
3.51,Nick ,Static,BAC,1.097,1.865,0.066,64.7,23.4,-2.197,1.378,13.812,NaN,NaN,NaN,World,Quad,78.4,NaN,14.144,NaN,1,0,CabinetD05,None,0,0,0,0,0.0000,NaN,NaN,NaN,0
3.60,Nick ,Static,BAC,1.074,1.868,0.076,65.5,22.5,-2.197,1.378,13.812,NaN,NaN,NaN,World,Quad,79.0,NaN,14.128,NaN,1,0,CabinetD05,None,0,0,0,0,0.0000,NaN,NaN,NaN,0
3.70,Nick ,Static,BAC,1.057,1.868,0.087,65.7,22.3,-2.197,1.378,13.812,NaN,NaN,NaN,World,Quad,79.1,NaN,14.114,NaN,1,0,CabinetD05,None,0,0,0,0,0.0000,NaN,NaN,NaN,0
3.81,Nick ,Static,BAC,1.049,1.866,0.093,68.9,23.0,-2.197,1.378,13.812,NaN,NaN,NaN,World,Quad,82.0,NaN,14.107,NaN,1,0,CabinetD05,None,0,0,0,0,0.0000,NaN,NaN,NaN,0
3.91,Nick ,Static,BAC,1.051,1.866,0.096,71.6,22.8,-2.197,1.378,13.812,NaN,NaN,NaN,World,Quad,84.5,NaN,14.104,NaN,1,0,CabinetD05,None,0,0,0,0,0.0000,NaN,NaN,NaN,0
4.01,Nick ,Static,BAC,1.059,1.866,0.102,73.1,23.1,-2.197,1.378,13.812,NaN,NaN,NaN,World,Quad,85.9,NaN,14.100,NaN,1,0,CabinetD05,None,0,0,0,0,0.0000,NaN,NaN,NaN,0
4.10,Nick ,Static,BAC,1.074,1.865,0.110,73.1,22.9,-2.197,1.378,13.812,NaN,NaN,NaN,World,Quad,86.0,NaN,14.095,NaN,1,0,CabinetD05,None,0,0,0,0,0.0000,NaN,NaN,NaN,0
4.20,Nick ,Static,BAC,1.095,1.862,0.122,72.6,23.2,-2.197,1.378,13.812,NaN,NaN,NaN,World,Quad,85.7,NaN,14.089,NaN,1,0,CabinetD05,None,0,0,0,0,0.0000,NaN,NaN,NaN,0
4.31,Nick ,Static,BAC,1.124,1.859,0.137,71.8,23.4,-2.197,1.378,13.812,NaN,NaN,NaN,World,Quad,85.1,NaN,14.081,NaN,1,0,CabinetD05,None,0,0,0,0,0.0000,NaN,NaN,NaN,0
4.41,Nick ,Static,BAC,1.151,1.861,0.153,71.5,23.1,-2.197,1.378,13.812,NaN,NaN,NaN,World,Quad,84.9,NaN,14.072,NaN,1,0,CabinetD05,None,0,0,0,0,0.0000,NaN,NaN,NaN,0
4.51,Nick ,Static,BAC,1.174,1.861,0.172,70.7,23.0,-2.197,1.378,13.812,NaN,NaN,NaN,World,Quad,84.3,NaN,14.059,NaN,1,0,CabinetD05,None,0,0,0,0,0.0000,NaN,NaN,NaN,0
4.61,Nick ,Static,BAC,1.193,1.861,0.192,69.7,23.0,-2.197,1.378,13.812,NaN,NaN,NaN,World,Quad,83.4,NaN,14.044,NaN,1,0,CabinetD05,None,0,0,0,0,0.0000,NaN,NaN,NaN,0
4.70,Nick ,Static,BAC,1.210,1.863,0.212,68.2,23.2,-2.197,1.378,13.812,NaN,NaN,NaN,World,Quad,82.1,NaN,14.028,NaN,1,0,CabinetD05,None,0,0,0,0,0.0000,NaN,NaN,NaN,0
4.81,Nick ,Static,BAC,1.222,1.862,0.236,66.2,23.7,-2.197,1.378,13.812,NaN,NaN,NaN,World,Quad,80.4,NaN,14.009,NaN,1,0,CabinetD05,None,0,0,0,0,0.0000,NaN,NaN,NaN,0
4.91,Nick ,Static,BAC,1.223,1.864,0.255,65.8,24.4,-2.197,1.378,13.812,NaN,NaN,NaN,World,Quad,80.0,NaN,13.990,NaN,1,0,CabinetD05,None,0,0,0,0,0.0000,NaN,NaN,NaN,0
5.01,Nick ,Static,BAC,1.215,1.867,0.273,65.5,23.4,-2.197,1.378,13.812,NaN,NaN,NaN,World,Quad,79.7,NaN,13.971,NaN,1,0,CabinetD05,None,0,0,0,0,0.0000,NaN,NaN,NaN,0
5.11,Nick ,Static,BAC,1.199,1.866,0.291,65.6,23.2,-2.197,1.378,13.812,NaN,NaN,NaN,World,Quad,79.7,NaN,13.950,NaN,1,0,CabinetD05,None,0,0,0,0,0.0000,NaN,NaN,NaN,0
5.20,Nick ,Static,BAC,1.175,1.863,0.309,66.8,23.9,-2.197,1.378,13.812,NaN,NaN,NaN,World,Quad,80.8,NaN,13.926,NaN,1,0,CabinetD05,None,0,0,0,0,0.0000,NaN,NaN,NaN,0
5.31,Nick ,Static,BAC,1.138,1.865,0.329,68.7,24.0,-2.197,1.378,13.812,NaN,NaN,NaN,World,Quad,82.4,NaN,13.898,NaN,1,0,CabinetD05,None,0,0,0,0,0.0000,NaN,NaN,NaN,0
5.41,Nick ,Static,BAC,1.104,1.868,0.346,69.9,22.7,-2.197,1.378,13.812,NaN,NaN,NaN,World,Quad,83.4,NaN,13.874,NaN,1,0,CabinetD05,None,0,0,0,0,0.0000,NaN,NaN,NaN,0
5.51,Nick ,Static,BAC,1.070,1.868,0.364,70.6,22.4,-2.197,1.378,13.812,NaN,NaN,NaN,World,Quad,83.9,NaN,13.848,NaN,1,0,CabinetD05,None,0,0,0,0,0.0000,NaN,NaN,NaN,0
5.61,Nick ,Static,BAC,1.039,1.864,0.380,69.8,23.0,-2.197,1.378,13.812,NaN,NaN,NaN,World,Quad,83.0,NaN,13.825,NaN,1,0,CabinetD05,None,0,0,0,0,0.0000,NaN,NaN,NaN,0
5.70,Nick ,Static,BAC,1.016,1.861,0.389,70.4,23.8,-2.197,1.378,13.812,NaN,NaN,NaN,World,Quad,83.6,NaN,13.811,NaN,1,0,CabinetD05,None,0,0,0,0,0.0000,NaN,NaN,NaN,0
5.81,Nick ,Static,BAC,0.995,1.859,0.396,71.7,24.5,-2.197,1.378,13.812,NaN,NaN,NaN,World,Quad,84.7,NaN,13.799,NaN,1,0,CabinetD05,None,0,0,0,0,0.0000,NaN,NaN,NaN,0
5.91,Nick ,Static,BAC,0.977,1.859,0.401,71.7,24.5,-2.197,1.378,13.812,NaN,NaN,NaN,World,Quad,84.7,NaN,13.790,NaN,1,0,CabinetD05,None,0,0,0,0,0.0000,NaN,NaN,NaN,0
6.01,Nick ,Static,BAC,0.962,1.858,0.402,70.7,24.5,-2.197,1.378,13.812,NaN,NaN,NaN,World,Quad,83.7,NaN,13.785,NaN,1,0,CabinetD05,None,0,0,0,0,0.0000,NaN,NaN,NaN,0
6.11,Nick ,Static,BAC,0.952,1.859,0.402,69.7,24.3,-2.197,1.378,13.812,NaN,NaN,NaN,World,Quad,82.7,NaN,13.783,NaN,1,0,CabinetD06,None,0,0,0,0,0.0000,NaN,NaN,NaN,0
6.20,Nick ,Static,BAC,0.948,1.861,0.401,69.3,23.6,-2.197,1.378,13.812,NaN,NaN,NaN,World,Quad,82.3,NaN,13.783,NaN,1,0,CabinetD06,None,0,0,0,0,0.0000,NaN,NaN,NaN,0
6.30,Nick ,Static,BAC,0.947,1.862,0.400,69.4,23.8,-2.197,1.378,13.812,NaN,NaN,NaN,World,Quad,82.4,NaN,13.785,NaN,1,0,CabinetD06,None,0,0,0,0,0.0000,NaN,NaN,NaN,0
6.41,Nick ,Static,BAC,0.949,1.860,0.398,70.6,24.3,-2.197,1.378,13.812,NaN,NaN,NaN,World,Quad,83.5,NaN,13.787,NaN,1,0,CabinetD06,None,0,0,0,0,0.0000,NaN,NaN,NaN,0
6.51,Nick ,Static,BAC,0.949,1.859,0.397,72.0,24.9,-2.197,1.378,13.812,NaN,NaN,NaN,World,Quad,84.8,NaN,13.788,NaN,1,0,CabinetD06,None,0,0,0,0,0.0000,NaN,NaN,NaN,0
6.61,Nick ,Static,BAC,0.948,1.858,0.396,72.4,24.9,-2.197,1.378,13.812,NaN,NaN,NaN,World,Quad,85.2,NaN,13.788,NaN,1,0,CabinetD06,None,0,0,0,0,0.0000,NaN,NaN,NaN,0
6.70,Nick ,Static,BAC,0.946,1.859,0.396,71.8,24.6,-2.197,1.378,13.812,NaN,NaN,NaN,World,Quad,84.6,NaN,13.788,NaN,1,0,CabinetD06,None,0,0,0,0,0.0000,NaN,NaN,NaN,0
6.80,Nick ,Static,BAC,0.945,1.859,0.398,71.9,24.2,-2.197,1.378,13.812,NaN,NaN,NaN,World,Quad,84.7,NaN,13.786,NaN,1,0,CabinetD06,None,0,0,0,0,0.0000,NaN,NaN,NaN,0
6.91,Nick ,Static,BAC,0.945,1.858,0.400,72.4,24.6,-2.197,1.378,13.812,NaN,NaN,NaN,World,Quad,85.1,NaN,13.783,NaN,1,0,CabinetD06,None,0,0,0,0,0.0000,NaN,NaN,NaN,0
7.01,Nick ,Static,BAC,0.944,1.858,0.401,72.4,24.9,-2.197,1.378,13.812,NaN,NaN,NaN,World,Quad,85.1,NaN,13.782,NaN,1,0,CabinetD06,None,0,0,0,0,0.0000,NaN,NaN,NaN,0
7.11,Nick ,Static,BAC,0.943,1.858,0.401,72.7,24.4,-2.197,1.378,13.812,NaN,NaN,NaN,World,Quad,85.4,NaN,13.782,NaN,1,0,CabinetD06,None,0,0,0,0,0.0000,NaN,NaN,NaN,0
7.20,Nick ,Static,BAC,0.942,1.858,0.399,73.3,24.5,-2.197,1.378,13.812,NaN,NaN,NaN,World,Quad,85.9,NaN,13.784,NaN,1,0,CabinetD06,None,0,0,0,0,0.0000,NaN,NaN,NaN,0
7.30,Nick ,Static,BAC,0.940,1.858,0.396,73.3,24.5,-2.197,1.378,13.812,NaN,NaN,NaN,World,Quad,86.0,NaN,13.786,NaN,1,0,CabinetD06,None,0,0,0,0,0.0000,NaN,NaN,NaN,0
7.41,Nick ,Static,BAC,0.938,1.860,0.391,73.2,24.2,-2.197,1.378,13.812,NaN,NaN,NaN,World,Quad,85.8,NaN,13.790,NaN,1,0,CabinetD06,None,0,0,0,0,0.0000,NaN,NaN,NaN,0
7.51,Nick ,Static,BAC,0.935,1.861,0.388,73.4,23.8,-2.197,1.378,13.812,NaN,NaN,NaN,World,Quad,86.0,NaN,13.794,NaN,1,0,CabinetD06,None,0,0,0,0,0.0000,NaN,NaN,NaN,0
7.61,Nick ,Static,BAC,0.933,1.861,0.384,73.8,23.7,-2.197,1.378,13.812,NaN,NaN,NaN,World,Quad,86.4,NaN,13.796,NaN,1,0,CabinetD06,None,0,0,0,0,0.0000,NaN,NaN,NaN,0
7.70,Nick ,Static,BAC,0.932,1.862,0.381,74.4,23.4,-2.197,1.378,13.812,NaN,NaN,NaN,World,Quad,87.0,NaN,13.799,NaN,1,0,CabinetD06,None,0,0,0,0,0.0000,NaN,NaN,NaN,0
7.80,Nick ,Static,BAC,0.930,1.861,0.379,74.6,23.5,-2.197,1.378,13.812,NaN,NaN,NaN,World,Quad,87.1,NaN,13.801,NaN,1,0,CabinetD06,None,0,0,0,0,0.0000,NaN,NaN,NaN,0
7.91,Nick ,Static,BAC,0.929,1.861,0.377,74.6,23.5,-2.197,1.378,13.812,NaN,NaN,NaN,World,Quad,87.1,NaN,13.803,NaN,1,0,CabinetD06,None,0,0,0,0,0.0000,NaN,NaN,NaN,0
8.01,Nick ,Static,BAC,0.928,1.862,0.375,74.7,23.3,-2.197,1.378,13.812,NaN,NaN,NaN,World,Quad,87.2,NaN,13.804,NaN,1,0,CabinetD06,None,0,0,0,0,0.0000,NaN,NaN,NaN,0
8.11,Nick ,Static,BAC,0.929,1.862,0.375,74.9,23.1,-2.197,1.378,13.812,NaN,NaN,NaN,World,Quad,87.4,NaN,13.805,NaN,1,0,CabinetD06,None,0,0,0,0,0.0000,NaN,NaN,NaN,0
8.20,Nick ,Static,BAC,0.929,1.861,0.374,75.3,23.5,-2.197,1.378,13.812,NaN,NaN,NaN,World,Quad,87.7,NaN,13.805,NaN,1,0,CabinetD06,None,0,0,0,0,0.0000,NaN,NaN,NaN,0
8.30,Nick ,Static,BAC,0.929,1.860,0.373,75.6,23.6,-2.197,1.378,13.812,NaN,NaN,NaN,World,Quad,88.0,NaN,13.806,NaN,1,0,CabinetD06,None,0,0,0,0,0.0000,NaN,NaN,NaN,0
8.41,Nick ,Static,BAC,0.930,1.861,0.371,76.3,23.3,-2.197,1.378,13.812,NaN,NaN,NaN,World,Quad,88.6,NaN,13.808,NaN,1,0,CabinetD06,None,0,0,0,0,0.0000,NaN,NaN,NaN,0
8.51,Nick ,Static,BAC,0.930,1.861,0.371,76.5,23.3,-2.197,1.378,13.812,NaN,NaN,NaN,World,Quad,88.8,NaN,13.808,NaN,1,0,CabinetD06,None,0,0,0,0,0.0000,NaN,NaN,NaN,0
8.61,Nick ,Static,BAC,0.930,1.861,0.372,76.3,23.5,-2.197,1.378,13.812,NaN,NaN,NaN,World,Quad,88.6,NaN,13.808,NaN,1,0,CabinetD06,None,0,0,0,0,0.0000,NaN,NaN,NaN,0
8.70,Nick ,Static,BAC,0.929,1.861,0.371,76.0,23.5,-2.197,1.378,13.812,NaN,NaN,NaN,World,Quad,88.4,NaN,13.809,NaN,1,0,CabinetD06,None,0,0,0,0,0.0000,NaN,NaN,NaN,0
8.80,Nick ,Static,BAC,0.928,1.861,0.369,76.1,23.3,-2.197,1.378,13.812,NaN,NaN,NaN,World,Quad,88.5,NaN,13.810,NaN,1,0,CabinetD06,None,0,0,0,0,0.0000,NaN,NaN,NaN,0
8.91,Nick ,Static,BAC,0.927,1.862,0.367,75.9,23.1,-2.197,1.378,13.812,NaN,NaN,NaN,World,Quad,88.3,NaN,13.812,NaN,1,0,CabinetD06,None,0,0,0,0,0.0000,NaN,NaN,NaN,0
9.01,Nick ,Static,BAC,0.926,1.862,0.365,75.7,23.0,-2.197,1.378,13.812,NaN,NaN,NaN,World,Quad,88.1,NaN,13.814,NaN,1,0,CabinetD06,None,0,0,0,0,0.0000,NaN,NaN,NaN,0
9.11,Nick ,Static,BAC,0.925,1.862,0.363,75.7,22.9,-2.197,1.378,13.812,NaN,NaN,NaN,World,Quad,88.1,NaN,13.815,NaN,1,0,CabinetD06,None,0,0,0,0,0.0000,NaN,NaN,NaN,0
9.20,Nick ,Static,BAC,0.923,1.863,0.361,75.7,22.8,-2.197,1.378,13.812,NaN,NaN,NaN,World,Quad,88.1,NaN,13.816,NaN,1,0,CabinetD06,None,0,0,0,0,0.0000,NaN,NaN,NaN,0
9.31,Nick ,Static,BAC,0.921,1.863,0.360,76.0,22.4,-2.197,1.378,13.812,NaN,NaN,NaN,World,Quad,88.3,NaN,13.817,NaN,1,0,CabinetD06,None,0,0,0,0,0.0000,NaN,NaN,NaN,0
9.41,Nick ,Static,BAC,0.920,1.864,0.360,76.0,22.3,-2.197,1.378,13.812,NaN,NaN,NaN,World,Quad,88.4,NaN,13.818,NaN,1,0,CabinetD06,None,0,0,0,0,0.0000,NaN,NaN,NaN,0
9.51,Nick ,Static,BAC,0.920,1.864,0.360,76.0,22.1,-2.197,1.378,13.812,NaN,NaN,NaN,World,Quad,88.4,NaN,13.818,NaN,1,0,CabinetD06,None,0,0,0,0,0.0000,NaN,NaN,NaN,0
9.61,Nick ,Static,BAC,0.920,1.864,0.358,76.1,22.2,-2.197,1.378,13.812,NaN,NaN,NaN,World,Quad,88.5,NaN,13.819,NaN,1,0,CabinetD06,None,0,0,0,0,0.0000,NaN,NaN,NaN,0
9.70,Nick ,Static,BAC,0.921,1.864,0.356,76.2,22.1,-2.197,1.378,13.812,NaN,NaN,NaN,World,Quad,88.6,NaN,13.822,NaN,1,0,CabinetD06,None,0,0,0,0,0.0000,NaN,NaN,NaN,0
9.81,Nick ,Static,BAC,0.921,1.864,0.353,76.5,22.0,-2.197,1.378,13.812,NaN,NaN,NaN,World,Quad,88.8,NaN,13.824,NaN,1,0,CabinetD06,None,0,0,0,0,0.0000,NaN,NaN,NaN,0
9.91,Nick ,Static,BAC,0.922,1.864,0.352,76.4,21.8,-2.197,1.378,13.812,NaN,NaN,NaN,World,Quad,88.8,NaN,13.825,NaN,1,0,CabinetD06,None,0,0,0,0,0.0000,NaN,NaN,NaN,0
10.01,Nick ,Static,BAC,0.922,1.864,0.352,76.4,21.9,-2.197,1.378,13.812,NaN,NaN,NaN,World,Quad,88.8,NaN,13.826,NaN,1,0,CabinetD06,None,0,0,0,0,0.0000,NaN,NaN,NaN,0
10.11,Nick ,Static,BAC,0.922,1.865,0.351,76.6,21.4,-2.197,1.378,13.812,NaN,NaN,NaN,World,Quad,88.9,NaN,13.827,NaN,1,0,CabinetD06,None,0,0,0,0,0.0000,NaN,NaN,NaN,0
10.20,Nick ,Static,BAC,0.922,1.867,0.351,76.6,20.8,-2.197,1.378,13.812,NaN,NaN,NaN,World,Quad,89.0,NaN,13.827,NaN,1,0,CabinetD06,None,0,0,0,0,0.0000,NaN,NaN,NaN,0
10.31,Nick ,Static,BAC,0.923,1.866,0.350,77.0,21.0,-2.197,1.378,13.812,NaN,NaN,NaN,World,Quad,89.3,NaN,13.828,NaN,1,0,CabinetD06,None,0,0,0,0,0.0000,NaN,NaN,NaN,0
10.41,Nick ,Static,BAC,0.923,1.865,0.349,77.5,21.3,-2.197,1.378,13.812,NaN,NaN,NaN,World,Quad,89.7,NaN,13.829,NaN,1,0,CabinetD06,None,0,0,0,0,0.0000,NaN,NaN,NaN,0
10.51,Nick ,Static,BAC,0.923,1.865,0.350,77.4,21.2,-2.197,1.378,13.812,NaN,NaN,NaN,World,Quad,89.7,NaN,13.828,NaN,1,0,CabinetD06,None,0,0,0,0,0.0000,NaN,NaN,NaN,0
10.61,Nick ,Static,BAC,0.923,1.866,0.350,77.1,20.9,-2.197,1.378,13.812,NaN,NaN,NaN,World,Quad,89.4,NaN,13.827,NaN,1,0,CabinetD06,None,0,0,0,0,0.0000,NaN,NaN,NaN,0
10.70,Nick ,Static,BAC,0.922,1.866,0.351,77.1,21.2,-2.197,1.378,13.812,NaN,NaN,NaN,World,Quad,89.4,NaN,13.826,NaN,1,0,CabinetD06,None,0,0,0,0,0.0000,NaN,NaN,NaN,0
10.80,Nick ,Static,BAC,0.922,1.865,0.352,77.1,21.5,-2.197,1.378,13.812,NaN,NaN,NaN,World,Quad,89.4,NaN,13.825,NaN,1,0,CabinetD06,None,0,0,0,0,0.0000,NaN,NaN,NaN,0
10.91,Nick ,Static,BAC,0.920,1.865,0.354,76.7,21.5,-2.197,1.378,13.812,NaN,NaN,NaN,World,Quad,89.0,NaN,13.823,NaN,1,0,CabinetD06,None,0,0,0,0,0.0000,NaN,NaN,NaN,0
11.01,Nick ,Static,BAC,0.919,1.864,0.354,76.9,21.6,-2.197,1.378,13.812,NaN,NaN,NaN,World,Quad,89.2,NaN,13.823,NaN,1,0,CabinetD06,None,0,0,0,0,0.0000,NaN,NaN,NaN,0
11.11,Nick ,Static,BAC,0.918,1.865,0.355,77.1,21.6,-2.197,1.378,13.812,NaN,NaN,NaN,World,Quad,89.3,NaN,13.821,NaN,1,0,CabinetD06,None,0,0,0,0,0.0000,NaN,NaN,NaN,0
11.20,Nick ,Static,BAC,0.916,1.865,0.356,76.7,21.5,-2.197,1.378,13.812,NaN,NaN,NaN,World,Quad,89.0,NaN,13.820,NaN,1,0,CabinetD06,None,0,0,0,0,0.0000,NaN,NaN,NaN,0
11.30,Nick ,Static,BAC,0.915,1.866,0.357,76.8,21.3,-2.197,1.378,13.812,NaN,NaN,NaN,World,Quad,89.1,NaN,13.819,NaN,1,0,CabinetD06,None,0,0,0,0,0.0000,NaN,NaN,NaN,0
11.41,Nick ,Static,BAC,0.913,1.865,0.357,77.0,21.4,-2.197,1.378,13.812,NaN,NaN,NaN,World,Quad,89.3,NaN,13.818,NaN,1,0,CabinetD06,None,0,0,0,0,0.0000,NaN,NaN,NaN,0
11.51,Nick ,Static,BAC,0.912,1.864,0.358,76.9,21.8,-2.197,1.378,13.812,NaN,NaN,NaN,World,Quad,89.2,NaN,13.818,NaN,1,0,CabinetD06,None,0,0,0,0,0.0000,NaN,NaN,NaN,0
11.60,Nick ,Static,BAC,0.912,1.865,0.359,76.7,21.8,-2.197,1.378,13.812,NaN,NaN,NaN,World,Quad,89.0,NaN,13.816,NaN,1,0,CabinetD06,None,0,0,0,0,0.0000,NaN,NaN,NaN,0
11.70,Nick ,Static,BAC,0.912,1.865,0.361,76.6,21.7,-2.197,1.378,13.812,NaN,NaN,NaN,World,Quad,88.9,NaN,13.815,NaN,1,0,CabinetD06,None,0,0,0,0,0.0000,NaN,NaN,NaN,0
11.81,Nick ,Static,BAC,0.912,1.865,0.363,76.4,21.8,-2.197,1.378,13.812,NaN,NaN,NaN,World,Quad,88.7,NaN,13.812,NaN,1,0,CabinetD06,None,0,0,0,0,0.0000,NaN,NaN,NaN,0
11.91,Nick ,Static,BAC,0.911,1.864,0.364,76.3,22.1,-2.197,1.378,13.812,NaN,NaN,NaN,World,Quad,88.6,NaN,13.811,NaN,1,0,CabinetD06,None,0,0,0,0,0.0000,NaN,NaN,NaN,0
12.01,Nick ,Static,BAC,0.912,1.863,0.365,76.3,22.5,-2.197,1.378,13.812,NaN,NaN,NaN,World,Quad,88.6,NaN,13.811,NaN,1,0,CabinetD06,None,0,0,0,0,0.0000,NaN,NaN,NaN,0
12.11,Nick ,Static,BAC,0.913,1.863,0.365,76.4,22.6,-2.197,1.378,13.812,NaN,NaN,NaN,World,Quad,88.7,NaN,13.811,NaN,1,0,CabinetD06,None,0,0,0,0,0.0000,NaN,NaN,NaN,0
12.20,Nick ,Static,BAC,0.914,1.864,0.364,76.3,22.5,-2.197,1.378,13.812,NaN,NaN,NaN,World,Quad,88.6,NaN,13.812,NaN,1,0,CabinetD06,None,0,0,0,0,0.0000,NaN,NaN,NaN,0
12.31,Nick ,Static,BAC,0.915,1.864,0.362,76.5,22.4,-2.197,1.378,13.812,NaN,NaN,NaN,World,Quad,88.8,NaN,13.814,NaN,1,0,CabinetD06,None,0,0,0,0,0.0000,NaN,NaN,NaN,0
12.41,Nick ,Static,BAC,0.916,1.865,0.361,76.8,22.3,-2.197,1.378,13.812,NaN,NaN,NaN,World,Quad,89.1,NaN,13.815,NaN,1,0,CabinetD06,None,0,0,0,0,0.0000,NaN,NaN,NaN,0
12.51,Nick ,Static,BAC,0.917,1.865,0.360,77.1,22.3,-2.197,1.378,13.812,NaN,NaN,NaN,World,Quad,89.3,NaN,13.816,NaN,1,0,CabinetD06,None,0,0,0,0,0.0000,NaN,NaN,NaN,0
12.61,Nick ,Static,BAC,0.918,1.864,0.359,77.6,22.6,-2.197,1.378,13.812,NaN,NaN,NaN,World,Quad,89.9,NaN,13.818,NaN,1,0,CabinetD06,None,0,0,0,0,0.0000,NaN,NaN,NaN,0
12.70,Nick ,Static,BAC,0.919,1.863,0.357,78.1,22.8,-2.197,1.378,13.812,NaN,NaN,NaN,World,Quad,90.2,NaN,13.820,NaN,1,0,CabinetD06,None,0,0,0,0,0.0000,NaN,NaN,NaN,0
12.81,Nick ,Static,BAC,0.920,1.864,0.356,78.0,22.7,-2.197,1.378,13.812,NaN,NaN,NaN,World,Quad,90.2,NaN,13.821,NaN,1,0,CabinetD06,None,0,0,0,0,0.0000,NaN,NaN,NaN,0
12.91,Nick ,Static,BAC,0.920,1.864,0.356,77.8,22.7,-2.197,1.378,13.812,NaN,NaN,NaN,World,Quad,90.0,NaN,13.821,NaN,1,0,CabinetD06,None,0,0,0,0,0.0000,NaN,NaN,NaN,0
13.01,Nick ,Static,BAC,0.920,1.865,0.356,77.9,22.3,-2.197,1.378,13.812,NaN,NaN,NaN,World,Quad,90.1,NaN,13.821,NaN,1,0,CabinetD06,None,0,0,0,0,0.0000,NaN,NaN,NaN,0
13.11,Nick ,Static,BAC,0.920,1.865,0.357,77.8,22.2,-2.197,1.378,13.812,NaN,NaN,NaN,World,Quad,90.0,NaN,13.821,NaN,1,0,CabinetD06,None,0,0,0,0,0.0000,NaN,NaN,NaN,0
13.20,Nick ,Static,BAC,0.920,1.865,0.357,77.6,22.2,-2.197,1.378,13.812,NaN,NaN,NaN,World,Quad,89.8,NaN,13.820,NaN,1,0,CabinetD06,None,0,0,0,0,0.0000,NaN,NaN,NaN,0
13.31,Nick ,Static,BAC,0.919,1.866,0.358,77.5,21.8,-2.197,1.378,13.812,NaN,NaN,NaN,World,Quad,89.8,NaN,13.819,NaN,1,0,CabinetD06,None,0,0,0,0,0.0000,NaN,NaN,NaN,0
13.41,Nick ,Static,BAC,0.918,1.866,0.360,77.2,21.7,-2.197,1.378,13.812,NaN,NaN,NaN,World,Quad,89.5,NaN,13.817,NaN,1,0,CabinetD06,None,0,0,0,0,0.0000,NaN,NaN,NaN,0
13.51,Nick ,Static,BAC,0.918,1.866,0.360,77.0,21.5,-2.197,1.378,13.812,NaN,NaN,NaN,World,Quad,89.3,NaN,13.816,NaN,1,0,CabinetD06,None,0,0,0,0,0.0000,NaN,NaN,NaN,0
13.61,Nick ,Static,BAC,0.917,1.866,0.361,76.7,21.2,-2.197,1.378,13.812,NaN,NaN,NaN,World,Quad,89.0,NaN,13.816,NaN,1,0,CabinetD06,None,0,0,0,0,0.0000,NaN,NaN,NaN,0
13.70,Nick ,Static,BAC,0.916,1.866,0.360,76.4,21.3,-2.197,1.378,13.812,NaN,NaN,NaN,World,Quad,88.7,NaN,13.816,NaN,1,0,CabinetD06,None,0,0,0,0,0.0000,NaN,NaN,NaN,0
13.82,Nick ,Static,BAC,0.913,1.867,0.358,75.4,20.5,-2.197,1.378,13.812,NaN,NaN,NaN,World,Quad,87.8,NaN,13.817,NaN,1,0,CabinetD06,None,0,0,0,0,0.0000,NaN,NaN,NaN,0
13.91,Nick ,Static,BAC,0.912,1.868,0.357,75.6,19.9,-2.197,1.378,13.812,NaN,NaN,NaN,World,Quad,88.0,NaN,13.819,NaN,1,0,CabinetD06,None,0,0,0,0,0.0000,NaN,NaN,NaN,0
14.01,Nick ,Static,BAC,0.912,1.868,0.354,75.8,19.8,-2.197,1.378,13.812,NaN,NaN,NaN,World,Quad,88.2,NaN,13.821,NaN,1,0,CabinetD06,None,0,0,0,0,0.0000,NaN,NaN,NaN,0
14.11,Nick ,Static,BAC,0.911,1.869,0.352,76.0,19.5,-2.197,1.378,13.812,NaN,NaN,NaN,World,Quad,88.3,NaN,13.823,NaN,1,0,CabinetD06,None,0,0,0,0,0.0000,NaN,NaN,NaN,0
14.20,Nick ,Static,BAC,0.911,1.869,0.352,75.8,18.8,-2.197,1.378,13.812,NaN,NaN,NaN,World,Quad,88.2,NaN,13.823,NaN,1,0,CabinetD06,None,0,0,0,0,0.0000,NaN,NaN,NaN,0
14.31,Nick ,Static,BAC,0.910,1.868,0.355,75.7,19.3,-2.197,1.378,13.812,NaN,NaN,NaN,World,Quad,88.1,NaN,13.820,NaN,1,0,CabinetD06,None,0,0,0,0,0.0000,NaN,NaN,NaN,0
14.41,Nick ,Static,BAC,0.909,1.867,0.358,75.9,19.3,-2.197,1.378,13.812,NaN,NaN,NaN,World,Quad,88.3,NaN,13.817,NaN,1,0,CabinetD06,None,0,0,0,0,0.0000,NaN,NaN,NaN,0
14.51,Nick ,Static,BAC,0.910,1.866,0.362,76.2,19.5,-2.197,1.378,13.812,NaN,NaN,NaN,World,Quad,88.6,NaN,13.813,NaN,1,0,CabinetD06,None,0,0,0,0,0.0000,NaN,NaN,NaN,0
14.60,Nick ,Static,BAC,0.911,1.866,0.369,76.2,19.6,-2.197,1.378,13.812,NaN,NaN,NaN,World,Quad,88.6,NaN,13.806,NaN,1,0,CabinetD06,None,0,0,0,0,0.0000,NaN,NaN,NaN,0
14.70,Nick ,Static,BAC,0.913,1.866,0.376,75.5,19.3,-2.197,1.378,13.812,NaN,NaN,NaN,World,Quad,87.9,NaN,13.800,NaN,1,0,CabinetD06,None,0,0,0,0,0.0000,NaN,NaN,NaN,0
14.81,Nick ,Static,BAC,0.918,1.866,0.378,75.3,19.4,-2.197,1.378,13.812,NaN,NaN,NaN,World,Quad,87.8,NaN,13.799,NaN,1,0,CabinetD06,None,0,0,0,0,0.0000,NaN,NaN,NaN,0
15.10,Nick ,Static,BAC,0.922,1.867,0.377,75.4,19.1,-2.197,1.378,13.812,NaN,NaN,NaN,World,Quad,87.9,NaN,13.801,NaN,1,0,CabinetD06,None,0,0,0,0,0.0000,NaN,NaN,NaN,0
15.23,Nick ,Static,BAC,0.942,1.875,0.368,75.1,17.2,-2.197,1.378,13.812,NaN,NaN,NaN,World,Quad,87.7,NaN,13.815,NaN,1,0,CabinetD06,None,0,0,0,0,0.0000,NaN,NaN,NaN,0
15.28,Nick ,Static,BAC,0.957,1.877,0.359,74.5,17.3,-2.197,1.378,13.812,NaN,NaN,NaN,World,Quad,87.2,NaN,13.827,NaN,1,0,CabinetD06,None,0,0,0,0,0.0000,NaN,NaN,NaN,0
15.30,Nick ,Static,BAC,0.968,1.877,0.352,74.3,17.2,-2.197,1.378,13.812,NaN,NaN,NaN,World,Quad,87.0,NaN,13.836,NaN,1,0,CabinetD05,None,0,0,0,0,0.0000,NaN,NaN,NaN,0
15.32,Nick ,Static,BAC,0.979,1.877,0.346,74.0,17.1,-2.197,1.378,13.812,NaN,NaN,NaN,World,Quad,86.8,NaN,13.845,NaN,1,0,CabinetD05,None,0,0,0,0,0.0000,NaN,NaN,NaN,0
15.41,Nick ,Static,BAC,1.003,1.879,0.332,73.1,17.1,-2.197,1.378,13.812,NaN,NaN,NaN,World,Quad,86.0,NaN,13.864,NaN,1,0,CabinetD05,None,0,0,0,0,0.0000,NaN,NaN,NaN,0
15.51,Nick ,Static,BAC,1.027,1.882,0.322,71.9,16.6,-2.197,1.378,13.812,NaN,NaN,NaN,World,Quad,84.9,NaN,13.879,NaN,1,0,CabinetD05,None,0,0,0,0,0.0000,NaN,NaN,NaN,0
15.61,Nick ,Static,BAC,1.052,1.880,0.313,71.2,16.5,-2.197,1.378,13.812,NaN,NaN,NaN,World,Quad,84.4,NaN,13.894,NaN,1,0,CabinetD05,None,0,0,0,0,0.0000,NaN,NaN,NaN,0
15.70,Nick ,Static,BAC,1.075,1.875,0.307,71.0,17.8,-2.197,1.378,13.812,NaN,NaN,NaN,World,Quad,84.3,NaN,13.904,NaN,1,0,CabinetD05,None,0,0,0,0,0.0000,NaN,NaN,NaN,0
15.80,Nick ,Static,BAC,1.093,1.871,0.306,71.0,19.3,-2.197,1.378,13.812,NaN,NaN,NaN,World,Quad,84.4,NaN,13.910,NaN,1,0,CabinetD05,None,0,0,0,0,0.0000,NaN,NaN,NaN,0
15.91,Nick ,Static,BAC,1.105,1.871,0.308,71.5,19.9,-2.197,1.378,13.812,NaN,NaN,NaN,World,Quad,84.9,NaN,13.911,NaN,1,0,CabinetD05,None,0,0,0,0,0.0000,NaN,NaN,NaN,0
16.01,Nick ,Static,BAC,1.111,1.876,0.312,72.8,18.5,-2.197,1.378,13.812,NaN,NaN,NaN,World,Quad,86.1,NaN,13.909,NaN,1,0,CabinetD05,None,0,0,0,0,0.0000,NaN,NaN,NaN,0
16.11,Nick ,Static,BAC,1.114,1.876,0.322,73.7,18.5,-2.197,1.378,13.812,NaN,NaN,NaN,World,Quad,87.0,NaN,13.899,NaN,1,0,CabinetD05,None,0,0,0,0,0.0000,NaN,NaN,NaN,0
16.20,Nick ,Static,BAC,1.111,1.873,0.341,73.0,19.4,-2.197,1.378,13.812,NaN,NaN,NaN,World,Quad,86.3,NaN,13.880,NaN,1,0,CabinetD05,None,0,0,0,0,0.0000,NaN,NaN,NaN,0
16.31,Nick ,Static,BAC,1.099,1.872,0.364,72.5,19.6,-2.197,1.378,13.812,NaN,NaN,NaN,World,Quad,85.8,NaN,13.855,NaN,1,0,CabinetD05,None,0,0,0,0,0.0000,NaN,NaN,NaN,0
16.41,Nick ,Static,BAC,1.076,1.872,0.392,72.4,19.4,-2.197,1.378,13.812,NaN,NaN,NaN,World,Quad,85.6,NaN,13.822,NaN,1,0,CabinetD05,None,0,0,0,0,0.0000,NaN,NaN,NaN,0
16.51,Nick ,Static,BAC,1.052,1.873,0.416,73.2,19.4,-2.197,1.378,13.812,NaN,NaN,NaN,World,Quad,86.3,NaN,13.793,NaN,1,0,CabinetD05,None,0,0,0,0,0.0000,NaN,NaN,NaN,0
16.60,Nick ,Static,BAC,1.025,1.876,0.439,74.6,19.1,-2.197,1.378,13.812,NaN,NaN,NaN,World,Quad,87.6,NaN,13.765,NaN,1,0,CabinetD05,None,0,0,0,0,0.0000,NaN,NaN,NaN,0
16.70,Nick ,Static,BAC,0.991,1.878,0.473,69.4,19.2,-2.197,1.378,13.812,NaN,NaN,NaN,World,Quad,82.6,NaN,13.724,NaN,1,0,CabinetD05,None,0,0,0,0,0.0000,NaN,NaN,NaN,0
16.81,Nick ,Static,BAC,0.922,1.875,0.538,39.3,18.8,-2.197,1.378,13.812,NaN,NaN,NaN,World,CabinetDCorner02,54.0,NaN,13.645,NaN,1,0,CabinetD06,None,0,0,0,0,0.0000,NaN,NaN,NaN,0
16.91,Nick ,Static,BAC,0.851,1.865,0.569,11.6,22.1,-2.197,1.378,13.812,NaN,NaN,NaN,World,Wall4m,31.1,NaN,13.599,NaN,1,0,CabinetD06,None,0,0,0,0,0.0000,NaN,NaN,NaN,0
17.01,Nick ,Static,BAC,0.795,1.862,0.584,351.5,23.2,-2.197,1.378,13.812,NaN,NaN,NaN,World,Wall4m,21.6,NaN,13.571,NaN,1,0,CabinetD06,None,1,0,0,0,0.0000,NaN,NaN,NaN,0
17.10,Nick ,Static,BAC,0.763,1.861,0.594,341.7,23.5,-2.197,1.378,13.812,NaN,NaN,NaN,World,Wall4m,22.2,NaN,13.554,NaN,1,0,CabinetD06,None,1,0,0,0,0.0000,NaN,NaN,NaN,0
17.20,Nick ,Static,BAC,0.749,1.863,0.605,336.7,24.0,-2.197,1.378,13.812,NaN,NaN,NaN,World,Wall4m,24.3,NaN,13.541,NaN,1,0,CabinetD06,None,1,0,0,0,0.0000,NaN,NaN,NaN,0
17.31,Nick ,Static,BAC,0.752,1.867,0.621,331.7,22.7,-2.197,1.378,13.812,NaN,NaN,NaN,World,Wall4m,25.6,NaN,13.526,NaN,1,0,CabinetD06,None,0,0,0,0,0.0000,NaN,NaN,NaN,0
17.41,Nick ,Static,BAC,0.771,1.870,0.642,328.2,22.3,-2.197,1.378,13.812,NaN,NaN,NaN,World,Wall4m,27.5,NaN,13.510,NaN,1,0,CabinetD06,None,0,0,0,0,0.0000,NaN,NaN,NaN,0
17.51,Nick ,Static,BAC,0.796,1.876,0.669,325.5,22.0,-2.197,1.378,13.812,NaN,NaN,NaN,World,Wall4m,29.0,NaN,13.489,NaN,1,0,CabinetD06,None,0,0,0,0,0.0000,NaN,NaN,NaN,0
17.60,Nick ,Static,BAC,0.822,1.870,0.704,326.1,22.5,-2.197,1.378,13.812,NaN,NaN,NaN,World,Wall4m,28.9,NaN,13.460,NaN,1,0,CabinetD06,None,0,0,0,0,0.0000,NaN,NaN,NaN,0
17.70,Nick ,Static,BAC,0.832,1.858,0.731,326.4,26.5,-2.197,1.378,13.812,NaN,NaN,NaN,World,Wall4m,31.4,NaN,13.436,NaN,1,0,CabinetD06,None,0,0,0,0,0.0000,NaN,NaN,NaN,0
17.81,Nick ,Static,BAC,0.814,1.855,0.738,320.2,29.3,-2.197,1.378,13.812,NaN,NaN,NaN,World,EggBowl,37.3,NaN,13.425,NaN,1,0,CabinetD06,None,0,0,0,0,0.0000,NaN,NaN,NaN,0
17.91,Nick ,Static,BAC,0.785,1.855,0.743,317.4,28.0,-2.197,1.378,13.812,NaN,NaN,NaN,World,CabinetD04,38.5,NaN,13.413,NaN,1,0,CabinetD06,None,0,0,0,0,0.0000,NaN,NaN,NaN,0
18.01,Nick ,Static,BAC,0.745,1.852,0.754,319.1,26.6,-2.197,1.378,13.812,NaN,NaN,NaN,World,Wall4m,36.6,NaN,13.394,NaN,1,0,CabinetD06,None,0,0,0,0,0.0000,NaN,NaN,NaN,0
18.10,Nick ,Static,BAC,0.690,1.849,0.772,320.6,25.7,-2.197,1.378,13.812,NaN,NaN,NaN,World,Wall4m,35.1,NaN,13.365,NaN,1,0,CabinetD06,None,0,0,0,0,0.0000,NaN,NaN,NaN,0
18.20,Nick ,Static,BAC,0.631,1.845,0.787,321.3,25.7,-2.197,1.378,13.812,NaN,NaN,NaN,World,CabinetD06Door,34.8,NaN,13.337,NaN,1,0,CabinetD06,None,0,0,0,0,0.0000,NaN,NaN,NaN,0
18.31,Nick ,Static,BAC,0.569,1.855,0.804,321.9,25.3,-2.197,1.378,13.812,NaN,NaN,NaN,World,CabinetD06Door,34.2,NaN,13.308,NaN,1,0,CabinetD06,None,0,0,0,0,0.0000,NaN,NaN,NaN,0
18.41,Nick ,Static,BAC,0.522,1.861,0.821,322.8,22.3,-2.197,1.378,13.812,NaN,NaN,NaN,World,CabinetD06Door,31.9,NaN,13.281,NaN,1,0,CabinetD06,None,0,0,0,0,0.0000,NaN,NaN,NaN,0
18.51,Nick ,Static,BAC,0.484,1.857,0.845,323.9,23.8,-2.197,1.378,13.812,NaN,NaN,NaN,World,CabinetD06Door,32.1,NaN,13.250,NaN,1,0,CabinetD06,None,0,0,0,0,0.0000,NaN,NaN,NaN,0
18.60,Nick ,Static,BAC,0.462,1.852,0.874,326.0,27.1,-2.197,1.378,13.812,NaN,NaN,NaN,World,CabinetD06Door,33.0,NaN,13.217,NaN,1,0,CabinetD06,None,0,0,0,0,0.0000,NaN,NaN,NaN,0
18.70,Nick ,Static,BAC,0.450,1.843,0.912,328.6,30.7,-2.197,1.378,13.812,NaN,NaN,NaN,World,CabinetD06Door,34.3,NaN,13.177,NaN,1,0,CabinetD06,None,0,0,0,0,0.0000,NaN,NaN,NaN,0
18.81,Nick ,Static,BAC,0.435,1.834,0.969,328.8,32.6,-2.197,1.378,13.812,NaN,NaN,NaN,World,Wall4m,35.7,NaN,13.118,NaN,1,0,CabinetD06,None,0,0,0,0,0.0000,NaN,NaN,NaN,0
18.91,Nick ,Static,BAC,0.420,1.826,1.031,326.9,33.1,-2.197,1.378,13.812,NaN,NaN,NaN,World,CabinetD06Door,37.1,NaN,13.054,NaN,1,0,CabinetD06,None,0,0,0,0,0.0000,NaN,NaN,NaN,0
19.01,Nick ,Static,BAC,0.404,1.822,1.100,325.3,33.7,-2.197,1.378,13.812,NaN,NaN,NaN,World,CabinetD06Door,38.4,NaN,12.983,NaN,1,0,CabinetD06,None,0,0,0,0,0.0000,NaN,NaN,NaN,0
19.11,Nick ,Static,BAC,0.390,1.823,1.165,324.8,34.9,-2.197,1.378,13.812,NaN,NaN,NaN,World,CabinetD06Door,39.6,NaN,12.917,NaN,1,0,CabinetD06,None,0,0,0,0,0.0000,NaN,NaN,NaN,0
19.20,Nick ,Static,BAC,0.377,1.822,1.221,324.5,34.9,-2.197,1.378,13.812,NaN,NaN,NaN,World,CabinetD06Door,39.8,NaN,12.859,NaN,1,0,CabinetD06,None,0,0,0,0,0.0000,NaN,NaN,NaN,0
19.31,Nick ,Static,BAC,0.359,1.815,1.274,322.5,36.4,-2.197,1.378,13.812,NaN,NaN,NaN,World,CabinetD06Door,42.0,NaN,12.804,NaN,1,0,CabinetD06,None,0,0,0,0,0.0000,NaN,NaN,NaN,0
19.41,Nick ,Static,BAC,0.347,1.810,1.310,321.4,36.7,-2.197,1.378,13.812,NaN,NaN,NaN,World,CabinetD06Door,42.8,NaN,12.766,NaN,1,0,CabinetD06,None,0,0,0,0,0.0000,NaN,NaN,NaN,0
19.52,Nick ,Static,BAC,0.339,1.806,1.334,321.3,36.9,-2.197,1.378,13.812,NaN,NaN,NaN,World,CabinetD06Door,43.1,NaN,12.741,NaN,1,0,CabinetD06,None,0,0,0,0,0.0000,NaN,NaN,NaN,0
19.60,Nick ,Static,BAC,0.336,1.806,1.340,321.5,37.9,-2.197,1.378,13.812,NaN,NaN,NaN,World,CabinetD06Door,43.7,NaN,12.734,NaN,1,0,CabinetD06,None,0,0,0,0,0.0000,NaN,NaN,NaN,0
19.70,Nick ,Static,BAC,0.338,1.812,1.332,323.0,37.2,-2.197,1.378,13.812,NaN,NaN,NaN,World,CabinetD06Door,42.4,NaN,12.742,NaN,1,0,CabinetD06,None,0,0,0,0,0.0000,NaN,NaN,NaN,0
19.81,Nick ,Static,BAC,0.347,1.819,1.307,326.0,36.3,-2.197,1.378,13.812,NaN,NaN,NaN,World,CabinetD06Door,40.1,NaN,12.769,NaN,1,0,CabinetD06,None,0,0,0,0,0.0000,NaN,NaN,NaN,0
19.91,Nick ,Static,BAC,0.360,1.825,1.273,331.6,34.8,-2.197,1.378,13.812,NaN,NaN,NaN,World,CabinetD06Door,36.4,NaN,12.805,NaN,1,0,CabinetD06,None,0,0,0,0,0.0000,NaN,NaN,NaN,0
20.01,Nick ,Static,BAC,0.386,1.818,1.228,342.8,35.3,-2.197,1.378,13.812,NaN,NaN,NaN,World,Wall4m,33.7,NaN,12.854,NaN,1,0,CabinetD06,None,0,0,0,0,0.0000,NaN,NaN,NaN,0
20.10,Nick ,Static,BAC,0.432,1.805,1.173,8.8,38.3,-2.197,1.378,13.812,NaN,NaN,NaN,World,Wall4m,41.0,NaN,12.917,NaN,1,0,CabinetD06,None,0,0,0,0,0.0000,NaN,NaN,NaN,0
20.20,Nick ,Static,BAC,0.468,1.812,1.114,27.8,37.1,-2.197,1.378,13.812,NaN,NaN,NaN,World,CabinetDCorner01,50.6,NaN,12.982,NaN,1,0,CabinetD06,None,0,0,0,0,0.0000,NaN,NaN,NaN,0
20.31,Nick ,Static,BAC,0.500,1.829,1.058,34.3,34.1,-2.197,1.378,13.812,NaN,NaN,NaN,World,CabinetDCorner01,53.7,NaN,13.044,NaN,1,0,CabinetD06,None,0,0,0,0,0.0000,NaN,NaN,NaN,0
20.41,Nick ,Static,BAC,0.525,1.843,1.020,36.5,31.2,-2.197,1.378,13.812,NaN,NaN,NaN,World,CabinetDCorner01,54.2,NaN,13.087,NaN,1,0,CabinetD06,None,0,0,0,0,0.0000,NaN,NaN,NaN,0
20.51,Nick ,Static,BAC,0.551,1.847,0.992,37.7,29.3,-2.197,1.378,13.812,NaN,NaN,NaN,World,CabinetDCorner01,54.5,NaN,13.120,NaN,1,0,CabinetD06,None,0,0,0,0,0.0000,NaN,NaN,NaN,0
20.60,Nick ,Static,BAC,0.580,1.846,0.979,39.7,29.5,-2.197,1.378,13.812,NaN,NaN,NaN,World,KitchenOven07,56.4,NaN,13.139,NaN,1,0,CabinetD06,None,0,0,0,0,0.0000,NaN,NaN,NaN,0
20.70,Nick ,Static,BAC,0.614,1.844,0.978,40.0,29.9,-2.197,1.378,13.812,NaN,NaN,NaN,World,KitchenOven07,56.9,NaN,13.146,NaN,1,0,CabinetD06,None,0,0,0,0,0.0000,NaN,NaN,NaN,0
20.81,Nick ,Static,BAC,0.665,1.841,0.992,38.1,29.6,-2.197,1.378,13.812,NaN,NaN,NaN,World,CabinetD05Door,55.4,NaN,13.144,NaN,1,0,CabinetD06,None,0,0,0,0,0.0000,NaN,NaN,NaN,0
20.91,Nick ,Static,BAC,0.717,1.843,1.011,35.2,27.2,-2.197,1.378,13.812,NaN,NaN,NaN,World,CabinetD05Door,52.3,NaN,13.137,NaN,1,0,CabinetD06,None,0,0,0,0,0.0000,NaN,NaN,NaN,0
21.01,Nick ,Static,BAC,0.777,1.844,1.038,32.5,26.8,-2.197,1.378,13.812,NaN,NaN,NaN,World,CabinetD05Door,50.2,NaN,13.124,NaN,1,0,CabinetD06,None,0,0,0,0,0.0000,NaN,NaN,NaN,0
21.10,Nick ,Static,BAC,0.834,1.843,1.071,30.0,27.5,-2.197,1.378,13.812,NaN,NaN,NaN,World,CabinetD05Door,48.6,NaN,13.105,NaN,1,0,CabinetD05,None,0,0,0,0,0.0000,NaN,NaN,NaN,0
21.20,Nick ,Static,BAC,0.875,1.845,1.106,25.9,29.4,-2.197,1.378,13.812,NaN,NaN,NaN,World,CabinetD05Door,46.4,NaN,13.081,NaN,1,0,CabinetD05,None,0,0,0,0,0.0000,NaN,NaN,NaN,0
21.31,Nick ,Static,BAC,0.902,1.845,1.137,19.3,30.8,-2.197,1.378,13.812,NaN,NaN,NaN,World,CabinetD05Door,42.4,NaN,13.057,NaN,1,0,CabinetD05,None,0,0,0,0,0.0000,NaN,NaN,NaN,0
21.41,Nick ,Static,BAC,0.914,1.846,1.159,13.9,31.4,-2.197,1.378,13.812,NaN,NaN,NaN,World,CabinetD05,39.3,NaN,13.039,NaN,1,0,CabinetD05,None,0,0,0,0,0.0000,NaN,NaN,NaN,0
21.51,Nick ,Static,BAC,0.910,1.843,1.178,6.4,32.3,-2.197,1.378,13.812,NaN,NaN,NaN,World,CabinetD05,35.7,NaN,13.019,NaN,1,0,CabinetD05,None,0,0,0,0,0.0000,NaN,NaN,NaN,0
21.60,Nick ,Static,BAC,0.905,1.837,1.194,1.3,34.6,-2.197,1.378,13.812,NaN,NaN,NaN,World,CabinetD05,35.5,NaN,13.002,NaN,1,0,CabinetD05,None,0,0,0,0,0.0000,NaN,NaN,NaN,0
21.70,Nick ,Static,BAC,0.904,1.832,1.210,0.3,36.0,-2.197,1.378,13.812,NaN,NaN,NaN,World,Wall4m,36.4,NaN,12.986,NaN,1,0,CabinetD05,None,0,0,0,0,0.0000,NaN,NaN,NaN,0
21.81,Nick ,Static,BAC,0.900,1.823,1.227,355.6,37.0,-2.197,1.378,13.812,NaN,NaN,NaN,World,Wall4m,36.1,NaN,12.969,NaN,1,0,CabinetD05,None,0,0,0,0,0.0000,NaN,NaN,NaN,0
21.91,Nick ,Static,BAC,0.903,1.816,1.239,355.0,38.3,-2.197,1.378,13.812,NaN,NaN,NaN,World,Wall4m,37.3,NaN,12.957,NaN,1,0,CabinetD05,None,0,0,0,0,0.0000,NaN,NaN,NaN,0
22.01,Nick ,Static,BAC,0.908,1.810,1.245,355.7,39.6,-2.197,1.378,13.812,NaN,NaN,NaN,World,CabinetDCorner01,38.7,NaN,12.953,NaN,1,0,CabinetD05,None,0,0,0,0,0.0000,NaN,NaN,NaN,0
22.10,Nick ,Static,BAC,0.911,1.812,1.241,358.0,39.7,-2.197,1.378,13.812,NaN,NaN,NaN,World,CabinetDCorner01,39.3,NaN,12.957,NaN,1,0,CabinetD05,None,0,0,0,0,0.0000,NaN,NaN,NaN,0
22.20,Nick ,Static,BAC,0.910,1.819,1.228,0.5,38.3,-2.197,1.378,13.812,NaN,NaN,NaN,World,CabinetDCorner01,38.7,NaN,12.969,NaN,1,0,CabinetD05,None,0,0,0,0,0.0000,NaN,NaN,NaN,0
22.31,Nick ,Static,BAC,0.902,1.826,1.203,2.9,36.9,-2.197,1.378,13.812,NaN,NaN,NaN,World,Wall4m,38.1,NaN,12.993,NaN,1,0,CabinetD05,None,0,0,0,0,0.0000,NaN,NaN,NaN,0
22.41,Nick ,Static,BAC,0.893,1.835,1.173,7.5,34.6,-2.197,1.378,13.812,NaN,NaN,NaN,World,Wall4m,38.1,NaN,13.020,NaN,1,0,CabinetD05,None,0,0,0,0,0.0000,NaN,NaN,NaN,0
22.51,Nick ,Static,BAC,0.877,1.841,1.133,12.9,33.1,-2.197,1.378,13.812,NaN,NaN,NaN,World,Wall4m,39.8,NaN,13.054,NaN,1,0,CabinetD05,None,0,0,0,0,0.0000,NaN,NaN,NaN,0
22.60,Nick ,Static,BAC,0.863,1.847,1.091,19.2,30.9,-2.197,1.378,13.812,NaN,NaN,NaN,World,CabinetD05Door,42.3,NaN,13.092,NaN,1,0,CabinetD05,None,0,0,0,0,0.0000,NaN,NaN,NaN,0
22.71,Nick ,Static,BAC,0.857,1.848,1.041,32.5,29.0,-2.197,1.378,13.812,NaN,NaN,NaN,World,CabinetD05Door,51.3,NaN,13.140,NaN,1,0,CabinetD05,None,0,0,0,0,0.0000,NaN,NaN,NaN,0
22.81,Nick ,Static,BAC,0.858,1.846,0.993,47.7,27.9,-2.197,1.378,13.812,NaN,NaN,NaN,World,CabinetDCorner02,63.7,NaN,13.187,NaN,1,0,CabinetD05,None,0,0,0,0,0.0000,NaN,NaN,NaN,0
22.91,Nick ,Static,BAC,0.861,1.847,0.943,63.1,26.6,-2.197,1.378,13.812,NaN,NaN,NaN,World,KitchenOven07,77.0,NaN,13.236,NaN,1,0,CabinetD05,None,0,0,0,0,0.0000,NaN,NaN,NaN,0
23.01,Nick ,Static,BAC,0.860,1.856,0.895,75.0,22.4,-2.197,1.378,13.812,NaN,NaN,NaN,World,Wall4m,87.7,NaN,13.282,NaN,1,0,CabinetD05,None,0,0,0,0,0.0000,NaN,NaN,NaN,0
23.10,Nick ,Static,BAC,0.857,1.864,0.857,81.7,20.6,-2.197,1.378,13.812,NaN,NaN,NaN,World,Quad,93.9,NaN,13.319,NaN,1,0,CabinetD05,None,0,0,0,0,0.0000,NaN,NaN,NaN,0
23.21,Nick ,Static,BAC,0.861,1.867,0.822,84.2,20.3,-2.197,1.378,13.812,NaN,NaN,NaN,World,Quad,96.3,NaN,13.355,NaN,1,0,CabinetD05,None,0,0,0,0,0.0000,NaN,NaN,NaN,0
23.31,Nick ,Static,BAC,0.871,1.867,0.794,85.8,20.7,-2.197,1.378,13.812,NaN,NaN,NaN,World,Quad,97.7,NaN,13.384,NaN,1,0,CabinetD05,None,0,0,0,0,0.0000,NaN,NaN,NaN,0
23.41,Nick ,Static,BAC,0.887,1.867,0.767,86.5,20.9,-2.197,1.378,13.812,NaN,NaN,NaN,World,Quad,98.4,NaN,13.414,NaN,1,0,CabinetD05,None,0,0,0,0,0.0000,NaN,NaN,NaN,0
23.51,Nick ,Static,BAC,0.910,1.870,0.739,86.3,20.4,-2.197,1.378,13.812,NaN,NaN,NaN,World,Quad,98.3,NaN,13.446,NaN,1,0,CabinetD05,None,0,0,0,0,0.0000,NaN,NaN,NaN,0
23.60,Nick ,Static,BAC,0.941,1.872,0.710,85.6,19.9,-2.197,1.378,13.812,NaN,NaN,NaN,World,Quad,97.8,NaN,13.482,NaN,1,0,CabinetD05,None,0,0,0,0,0.0000,NaN,NaN,NaN,0
23.71,Nick ,Static,BAC,0.981,1.871,0.676,85.4,20.9,-2.197,1.378,13.812,NaN,NaN,NaN,World,Quad,97.6,NaN,13.524,NaN,1,0,CabinetD05,None,0,0,0,0,0.0000,NaN,NaN,NaN,0
23.81,Nick ,Static,BAC,1.011,1.865,0.653,85.3,22.3,-2.197,1.378,13.812,NaN,NaN,NaN,World,Quad,97.5,NaN,13.553,NaN,1,0,CabinetD05,None,0,0,0,0,0.0000,NaN,NaN,NaN,0
23.91,Nick ,Static,BAC,1.035,1.859,0.634,85.2,23.2,-2.197,1.378,13.812,NaN,NaN,NaN,World,Quad,97.4,NaN,13.577,NaN,1,0,CabinetD05,None,0,0,0,0,0.0000,NaN,NaN,NaN,0
24.01,Nick ,Static,BAC,1.050,1.857,0.620,82.6,24.4,-2.197,1.378,13.812,NaN,NaN,NaN,World,Quad,95.0,NaN,13.595,NaN,1,0,CabinetD05,None,0,0,0,0,0.0000,NaN,NaN,NaN,0
24.10,Nick ,Static,BAC,1.062,1.863,0.610,80.3,23.3,-2.197,1.378,13.812,NaN,NaN,NaN,World,Quad,93.0,NaN,13.607,NaN,1,0,CabinetD05,None,0,0,0,0,0.0000,NaN,NaN,NaN,0
24.21,Nick ,Static,BAC,1.073,1.866,0.605,80.0,23.2,-2.197,1.378,13.812,NaN,NaN,NaN,World,Quad,92.7,NaN,13.615,NaN,1,0,CabinetD05,None,0,0,0,0,0.0000,NaN,NaN,NaN,0
24.31,Nick ,Static,BAC,1.079,1.864,0.604,79.8,23.8,-2.197,1.378,13.812,NaN,NaN,NaN,World,Quad,92.6,NaN,13.618,NaN,1,0,CabinetD05,None,0,0,0,0,0.0000,NaN,NaN,NaN,0
24.41,Nick ,Static,BAC,1.081,1.865,0.604,81.7,24.1,-2.197,1.378,13.812,NaN,NaN,NaN,World,Quad,94.3,NaN,13.617,NaN,1,0,CabinetD05,None,0,0,0,0,0.0000,NaN,NaN,NaN,0
24.51,Nick ,Static,BAC,1.073,1.867,0.612,83.1,24.4,-2.197,1.378,13.812,NaN,NaN,NaN,World,Quad,95.6,NaN,13.608,NaN,1,0,CabinetD05,None,0,0,0,0,0.0000,NaN,NaN,NaN,0
24.60,Nick ,Static,BAC,1.060,1.868,0.624,82.2,24.0,-2.197,1.378,13.812,NaN,NaN,NaN,World,Quad,94.7,NaN,13.593,NaN,1,0,CabinetD05,None,0,0,0,0,0.0000,NaN,NaN,NaN,0
24.71,Nick ,Static,BAC,1.045,1.873,0.638,83.3,23.7,-2.197,1.378,13.812,NaN,NaN,NaN,World,Quad,95.6,NaN,13.577,NaN,1,0,CabinetD05,None,0,0,0,0,0.0000,NaN,NaN,NaN,0
24.81,Nick ,Static,BAC,1.037,1.874,0.649,84.2,23.2,-2.197,1.378,13.812,NaN,NaN,NaN,World,Quad,96.5,NaN,13.564,NaN,1,0,CabinetD05,None,0,0,0,0,0.0000,NaN,NaN,NaN,0
24.91,Nick ,Static,BAC,1.030,1.875,0.656,85.3,23.0,-2.197,1.378,13.812,NaN,NaN,NaN,World,Quad,97.5,NaN,13.556,NaN,1,0,CabinetD05,None,0,0,0,0,0.0000,NaN,NaN,NaN,0
25.01,Nick ,Static,BAC,1.022,1.877,0.661,86.0,22.6,-2.197,1.378,13.812,NaN,NaN,NaN,World,Quad,98.2,NaN,13.548,NaN,1,0,CabinetD05,None,0,0,0,0,0.0000,NaN,NaN,NaN,0
25.10,Nick ,Static,BAC,1.016,1.879,0.665,86.5,21.5,-2.197,1.378,13.812,NaN,NaN,NaN,World,Quad,98.7,NaN,13.543,NaN,1,0,CabinetD05,None,0,0,0,0,0.0000,NaN,NaN,NaN,0
25.21,Nick ,Static,BAC,1.012,1.881,0.669,86.4,20.9,-2.197,1.378,13.812,NaN,NaN,NaN,World,Quad,98.6,NaN,13.538,NaN,1,0,CabinetD05,None,0,0,0,0,0.0000,NaN,NaN,NaN,0
25.31,Nick ,Static,BAC,1.012,1.880,0.671,84.9,21.1,-2.197,1.378,13.812,NaN,NaN,NaN,World,Quad,97.2,NaN,13.537,NaN,1,0,CabinetD05,None,0,0,0,0,0.0000,NaN,NaN,NaN,0
25.41,Nick ,Static,BAC,1.011,1.879,0.666,82.3,21.7,-2.197,1.378,13.812,NaN,NaN,NaN,World,Quad,94.8,NaN,13.541,NaN,1,0,CabinetD05,None,0,0,0,0,0.0000,NaN,NaN,NaN,0
25.51,Nick ,Static,BAC,1.011,1.877,0.651,80.6,21.4,-2.197,1.378,13.812,NaN,NaN,NaN,World,Quad,93.2,NaN,13.555,NaN,1,0,CabinetD05,None,0,0,0,0,0.0000,NaN,NaN,NaN,0
25.60,Nick ,Static,BAC,1.013,1.878,0.634,79.0,20.9,-2.197,1.378,13.812,NaN,NaN,NaN,World,Quad,91.7,NaN,13.572,NaN,1,0,CabinetD05,None,0,0,0,0,0.0000,NaN,NaN,NaN,0
25.70,Nick ,Static,BAC,1.016,1.879,0.616,79.0,20.4,-2.197,1.378,13.812,NaN,NaN,NaN,World,Quad,91.8,NaN,13.591,NaN,1,0,CabinetD05,None,0,0,0,0,0.0000,NaN,NaN,NaN,0
25.81,Nick ,Static,BAC,1.023,1.881,0.596,79.8,19.0,-2.197,1.378,13.812,NaN,NaN,NaN,World,Quad,92.6,NaN,13.612,NaN,1,0,CabinetD05,None,0,0,0,0,0.0000,NaN,NaN,NaN,0
25.91,Nick ,Static,BAC,1.031,1.881,0.579,80.1,19.0,-2.197,1.378,13.812,NaN,NaN,NaN,World,Quad,92.9,NaN,13.631,NaN,1,0,CabinetD05,None,0,0,0,0,0.0000,NaN,NaN,NaN,0
26.01,Nick ,Static,BAC,1.043,1.881,0.562,79.0,18.8,-2.197,1.378,13.812,NaN,NaN,NaN,World,Quad,91.9,NaN,13.650,NaN,1,0,CabinetD05,None,0,0,0,0,0.0000,NaN,NaN,NaN,0
26.10,Nick ,Static,BAC,1.060,1.880,0.546,77.5,18.9,-2.197,1.378,13.812,NaN,NaN,NaN,World,Quad,90.5,NaN,13.670,NaN,1,0,CabinetD05,None,0,0,0,0,0.0000,NaN,NaN,NaN,0
26.20,Nick ,Static,BAC,1.077,1.877,0.534,75.9,19.6,-2.197,1.378,13.812,NaN,NaN,NaN,World,Quad,89.1,NaN,13.685,NaN,1,0,CabinetD05,None,0,0,0,0,0.0000,NaN,NaN,NaN,0
26.31,Nick ,Static,BAC,1.085,1.873,0.528,74.0,21.1,-2.197,1.378,13.812,NaN,NaN,NaN,World,Quad,87.3,NaN,13.692,NaN,1,0,CabinetD05,None,0,0,0,0,0.0000,NaN,NaN,NaN,0
26.41,Nick ,Static,BAC,1.081,1.874,0.524,76.0,20.4,-2.197,1.378,13.812,NaN,NaN,NaN,World,Quad,89.1,NaN,13.696,NaN,1,0,CabinetD05,None,0,0,0,0,0.0000,NaN,NaN,NaN,0
26.51,Nick ,Static,BAC,1.066,1.875,0.526,77.6,20.0,-2.197,1.378,13.812,NaN,NaN,NaN,World,Quad,90.6,NaN,13.690,NaN,1,0,CabinetD05,None,0,0,0,0,0.0000,NaN,NaN,NaN,0
26.60,Nick ,Static,BAC,1.045,1.877,0.543,75.8,19.2,-2.197,1.378,13.812,NaN,NaN,NaN,World,Quad,88.8,NaN,13.669,NaN,1,0,CabinetD05,None,0,0,0,0,0.0000,NaN,NaN,NaN,0
26.70,Nick ,Static,BAC,1.011,1.879,0.575,68.1,19.0,-2.197,1.378,13.812,NaN,NaN,NaN,World,Quad,81.4,NaN,13.630,NaN,1,0,CabinetD05,None,0,0,0,0,0.0000,NaN,NaN,NaN,0
26.81,Nick ,Static,BAC,0.936,1.880,0.633,41.4,19.9,-2.197,1.378,13.812,NaN,NaN,NaN,World,CabinetDCorner02,56.3,NaN,13.556,NaN,1,0,CabinetD05,None,0,0,0,0,0.0000,NaN,NaN,NaN,0
26.91,Nick ,Static,BAC,0.839,1.880,0.665,11.9,21.6,-2.197,1.378,13.812,NaN,NaN,NaN,World,Wall4m,31.0,NaN,13.502,NaN,1,0,CabinetD06,None,0,0,0,0,0.0000,NaN,NaN,NaN,0
27.01,Nick ,Static,BAC,0.744,1.881,0.672,349.2,21.6,-2.197,1.378,13.812,NaN,NaN,NaN,World,Wall4m,19.5,NaN,13.475,NaN,1,0,CabinetD06,None,1,0,0,0,0.0000,NaN,NaN,NaN,0
27.10,Nick ,Static,BAC,0.668,1.876,0.666,335.6,21.6,-2.197,1.378,13.812,NaN,NaN,NaN,World,Wall4m,22.7,NaN,13.465,NaN,1,0,CabinetD06,None,1,0,0,0,0.0000,NaN,NaN,NaN,0
27.20,Nick ,Static,BAC,0.619,1.870,0.660,330.0,22.8,-2.197,1.378,13.812,NaN,NaN,NaN,World,CabinetD06Door,27.0,NaN,13.459,NaN,1,0,CabinetD06,None,0,0,0,0,0.0000,NaN,NaN,NaN,0
27.31,Nick ,Static,BAC,0.584,1.871,0.663,330.7,22.4,-2.197,1.378,13.812,NaN,NaN,NaN,World,CabinetD06Door,26.4,NaN,13.449,NaN,1,0,CabinetD06,None,0,0,0,0,0.0000,NaN,NaN,NaN,0
27.41,Nick ,Static,BAC,0.565,1.869,0.667,332.6,22.6,-2.197,1.378,13.812,NaN,NaN,NaN,World,CabinetD06Door,25.5,NaN,13.442,NaN,1,0,CabinetD06,None,0,0,0,0,0.0000,NaN,NaN,NaN,0
27.51,Nick ,Static,BAC,0.553,1.865,0.670,335.3,21.9,-2.197,1.378,13.812,NaN,NaN,NaN,World,Wall4m,23.4,NaN,13.436,NaN,1,0,CabinetD06,None,1,0,0,0,0.0000,NaN,NaN,NaN,0
27.60,Nick ,Static,BAC,0.548,1.861,0.671,339.3,20.8,-2.197,1.378,13.812,NaN,NaN,NaN,World,Wall4m,20.6,NaN,13.434,NaN,1,0,CabinetD06,None,1,0,0,0,0.0000,NaN,NaN,NaN,0
27.70,Nick ,Static,BAC,0.551,1.859,0.672,343.1,19.6,-2.197,1.378,13.812,NaN,NaN,NaN,World,CabinetD06,18.2,NaN,13.434,NaN,1,0,CabinetD06,None,1,0,0,0,0.0000,NaN,NaN,NaN,0
27.81,Nick ,Static,BAC,0.559,1.866,0.681,348.1,18.7,-2.197,1.378,13.812,NaN,NaN,NaN,World,CabinetD06,16.6,NaN,13.426,NaN,1,0,CabinetD06,None,1,0,0,0,0.0000,NaN,NaN,NaN,0
27.91,Nick ,Static,BAC,0.582,1.874,0.694,357.2,19.0,-2.197,1.378,13.812,NaN,NaN,NaN,World,CabinetD06,19.2,NaN,13.419,NaN,1,0,CabinetD06,None,1,0,0,0,0.0000,NaN,NaN,NaN,0
28.01,Nick ,Static,BAC,0.629,1.874,0.702,16.0,18.6,-2.197,1.378,13.812,NaN,NaN,NaN,World,CabinetD05,32.1,NaN,13.421,NaN,1,0,CabinetD06,None,0,0,0,0,0.0000,NaN,NaN,NaN,0
28.10,Nick ,Static,BAC,0.681,1.871,0.695,31.0,19.1,-2.197,1.378,13.812,NaN,NaN,NaN,World,CabinetD05Door,45.7,NaN,13.439,NaN,1,0,CabinetD06,None,0,0,0,0,0.0000,NaN,NaN,NaN,0
28.20,Nick ,Static,BAC,0.736,1.871,0.679,41.5,18.5,-2.197,1.378,13.812,NaN,NaN,NaN,World,CabinetDCorner02,55.4,NaN,13.466,NaN,1,0,CabinetD06,None,0,0,0,0,0.0000,NaN,NaN,NaN,0
28.31,Nick ,Static,BAC,0.811,1.879,0.645,55.4,15.5,-2.197,1.378,13.812,NaN,NaN,NaN,World,CabinetDCorner02,68.5,NaN,13.516,NaN,1,0,CabinetD06,None,0,0,0,0,0.0000,NaN,NaN,NaN,0
28.41,Nick ,Static,BAC,0.877,1.882,0.613,63.5,15.4,-2.197,1.378,13.812,NaN,NaN,NaN,World,Wall4m,76.5,NaN,13.562,NaN,1,0,CabinetD06,None,0,0,0,0,0.0000,NaN,NaN,NaN,0
28.50,Nick ,Static,BAC,0.933,1.876,0.581,68.4,17.3,-2.197,1.378,13.812,NaN,NaN,NaN,World,Wall4m,81.4,NaN,13.605,NaN,1,0,CabinetD05,None,0,0,0,0,0.0000,NaN,NaN,NaN,0
28.60,Nick ,Static,BAC,0.979,1.875,0.552,72.0,18.0,-2.197,1.378,13.812,NaN,NaN,NaN,World,Quad,85.1,NaN,13.644,NaN,1,0,CabinetD05,None,0,0,0,0,0.0000,NaN,NaN,NaN,0
28.71,Nick ,Static,BAC,1.022,1.879,0.530,74.0,18.0,-2.197,1.378,13.812,NaN,NaN,NaN,World,Quad,87.1,NaN,13.676,NaN,1,0,CabinetD05,None,0,0,0,0,0.0000,NaN,NaN,NaN,0
28.81,Nick ,Static,BAC,1.055,1.880,0.519,75.3,18.9,-2.197,1.378,13.812,NaN,NaN,NaN,World,Quad,88.4,NaN,13.695,NaN,1,0,CabinetD05,None,0,0,0,0,0.0000,NaN,NaN,NaN,0
28.91,Nick ,Static,BAC,1.079,1.878,0.510,75.7,20.6,-2.197,1.378,13.812,NaN,NaN,NaN,World,Quad,88.9,NaN,13.708,NaN,1,0,CabinetD05,None,0,0,0,0,0.0000,NaN,NaN,NaN,0
29.01,Nick ,Static,BAC,1.094,1.877,0.504,77.3,21.1,-2.197,1.378,13.812,NaN,NaN,NaN,World,Quad,90.4,NaN,13.718,NaN,1,0,CabinetD05,None,0,0,0,0,0.0000,NaN,NaN,NaN,0
29.10,Nick ,Static,BAC,1.102,1.875,0.502,80.2,22.1,-2.197,1.378,13.812,NaN,NaN,NaN,World,Quad,93.0,NaN,13.722,NaN,1,0,CabinetD05,None,0,0,0,0,0.0000,NaN,NaN,NaN,0
29.21,Nick ,Static,BAC,1.105,1.876,0.506,81.6,23.2,-2.197,1.378,13.812,NaN,NaN,NaN,World,Quad,94.2,NaN,13.719,NaN,1,0,CabinetD05,None,0,0,0,0,0.0000,NaN,NaN,NaN,0
29.31,Nick ,Static,BAC,1.103,1.878,0.511,82.7,22.9,-2.197,1.378,13.812,NaN,NaN,NaN,World,Quad,95.3,NaN,13.713,NaN,1,0,CabinetD05,None,0,0,0,0,0.0000,NaN,NaN,NaN,0
29.41,Nick ,Static,BAC,1.097,1.878,0.521,83.3,22.6,-2.197,1.378,13.812,NaN,NaN,NaN,World,Quad,95.9,NaN,13.703,NaN,1,0,CabinetD05,None,0,0,0,0,0.0000,NaN,NaN,NaN,0
29.50,Nick ,Static,BAC,1.089,1.878,0.534,83.8,22.7,-2.197,1.378,13.812,NaN,NaN,NaN,World,Quad,96.2,NaN,13.687,NaN,1,0,CabinetD05,None,0,0,0,0,0.0000,NaN,NaN,NaN,0
29.60,Nick ,Static,BAC,1.078,1.878,0.547,83.5,23.2,-2.197,1.378,13.812,NaN,NaN,NaN,World,Quad,95.9,NaN,13.672,NaN,1,0,CabinetD05,None,0,0,0,0,0.0000,NaN,NaN,NaN,0
29.71,Nick ,Static,BAC,1.066,1.879,0.558,84.1,22.9,-2.197,1.378,13.812,NaN,NaN,NaN,World,Quad,96.5,NaN,13.659,NaN,1,0,CabinetD05,None,0,0,0,0,0.0000,NaN,NaN,NaN,0
29.81,Nick ,Static,BAC,1.057,1.879,0.566,84.3,23.2,-2.197,1.378,13.812,NaN,NaN,NaN,World,Quad,96.6,NaN,13.649,NaN,1,0,CabinetD05,None,0,0,0,0,0.0000,NaN,NaN,NaN,0
29.91,Nick ,Static,BAC,1.046,1.878,0.572,85.3,23.4,-2.197,1.378,13.812,NaN,NaN,NaN,World,Quad,97.4,NaN,13.640,NaN,1,0,CabinetD05,None,0,0,0,0,0.0000,NaN,NaN,NaN,0
30.00,Nick ,Static,BAC,1.035,1.878,0.577,86.4,23.3,-2.197,1.378,13.812,NaN,NaN,NaN,World,Quad,98.4,NaN,13.633,NaN,1,0,CabinetD05,None,0,0,0,0,0.0000,NaN,NaN,NaN,0
30.10,Nick ,Static,BAC,1.024,1.878,0.582,87.8,22.9,-2.197,1.378,13.812,NaN,NaN,NaN,World,Quad,99.7,NaN,13.626,NaN,1,0,CabinetD05,None,0,0,0,0,0.0000,NaN,NaN,NaN,0
30.21,Nick ,Static,BAC,1.014,1.880,0.588,89.2,22.1,-2.197,1.378,13.812,NaN,NaN,NaN,World,Quad,101.1,NaN,13.618,NaN,1,0,CabinetD05,None,0,0,0,0,0.0000,NaN,NaN,NaN,0
30.31,Nick ,Static,BAC,1.004,1.881,0.594,89.0,21.6,-2.197,1.378,13.812,NaN,NaN,NaN,World,Quad,100.9,NaN,13.610,NaN,1,0,CabinetD05,None,0,0,0,0,0.0000,NaN,NaN,NaN,0
30.41,Nick ,Static,BAC,0.995,1.883,0.596,88.6,20.6,-2.197,1.378,13.812,NaN,NaN,NaN,World,Quad,100.6,NaN,13.606,NaN,1,0,CabinetD05,None,0,0,0,0,0.0000,NaN,NaN,NaN,0
30.50,Nick ,Static,BAC,0.986,1.884,0.593,88.8,19.8,-2.197,1.378,13.812,NaN,NaN,NaN,World,Quad,100.8,NaN,13.606,NaN,1,0,CabinetD05,None,0,0,0,0,0.0000,NaN,NaN,NaN,0
30.60,Nick ,Static,BAC,0.980,1.885,0.589,89.7,19.1,-2.197,1.378,13.812,NaN,NaN,NaN,World,Quad,101.7,NaN,13.609,NaN,1,0,CabinetD05,None,0,0,0,0,0.0000,NaN,NaN,NaN,0
30.71,Nick ,Static,BAC,0.976,1.886,0.585,90.7,18.5,-2.197,1.378,13.812,NaN,NaN,NaN,World,Quad,102.8,NaN,13.612,NaN,1,0,CabinetD05,None,0,0,0,0,0.0000,NaN,NaN,NaN,0
30.81,Nick ,Static,BAC,0.976,1.886,0.584,90.8,18.7,-2.197,1.378,13.812,NaN,NaN,NaN,World,Quad,102.8,NaN,13.613,NaN,1,0,CabinetD05,None,0,0,0,0,0.0000,NaN,NaN,NaN,0
30.91,Nick ,Static,BAC,0.974,1.884,0.584,90.3,19.4,-2.197,1.378,13.812,NaN,NaN,NaN,World,Quad,102.2,NaN,13.612,NaN,1,0,CabinetD05,None,0,0,0,0,0.0000,NaN,NaN,NaN,0
31.00,Nick ,Static,BAC,0.971,1.884,0.586,89.9,19.3,-2.197,1.378,13.812,NaN,NaN,NaN,World,Quad,101.8,NaN,13.610,NaN,1,0,CabinetD05,None,0,0,0,0,0.0000,NaN,NaN,NaN,0
31.10,Nick ,Static,BAC,0.967,1.883,0.588,89.3,19.5,-2.197,1.378,13.812,NaN,NaN,NaN,World,Quad,101.3,NaN,13.607,NaN,1,0,CabinetD05,None,0,0,0,0,0.0000,NaN,NaN,NaN,0
31.21,Nick ,Static,BAC,0.960,1.882,0.588,89.4,19.6,-2.197,1.378,13.812,NaN,NaN,NaN,World,Quad,101.3,NaN,13.605,NaN,1,0,CabinetD05,None,0,0,0,0,0.0000,NaN,NaN,NaN,0
31.31,Nick ,Static,BAC,0.955,1.882,0.588,89.9,19.3,-2.197,1.378,13.812,NaN,NaN,NaN,World,Quad,101.9,NaN,13.604,NaN,1,0,CabinetD05,None,0,0,0,0,0.0000,NaN,NaN,NaN,0
31.41,Nick ,Static,BAC,0.951,1.882,0.590,89.6,18.8,-2.197,1.378,13.812,NaN,NaN,NaN,World,Quad,101.6,NaN,13.601,NaN,1,0,CabinetD05,None,0,0,0,0,0.0000,NaN,NaN,NaN,0
31.50,Nick ,Static,BAC,0.949,1.881,0.594,88.5,19.0,-2.197,1.378,13.812,NaN,NaN,NaN,World,Quad,100.5,NaN,13.597,NaN,1,0,CabinetD05,None,0,0,0,0,0.0000,NaN,NaN,NaN,0
31.60,Nick ,Static,BAC,0.947,1.879,0.597,87.8,19.3,-2.197,1.378,13.812,NaN,NaN,NaN,World,Quad,99.9,NaN,13.593,NaN,1,0,CabinetD05,None,0,0,0,0,0.0000,NaN,NaN,NaN,0
31.71,Nick ,Static,BAC,0.946,1.879,0.597,88.5,19.4,-2.197,1.378,13.812,NaN,NaN,NaN,World,Quad,100.5,NaN,13.593,NaN,1,0,CabinetD05,None,0,0,0,0,0.0000,NaN,NaN,NaN,0
31.81,Nick ,Static,BAC,0.944,1.880,0.596,89.2,19.2,-2.197,1.378,13.812,NaN,NaN,NaN,World,Quad,101.2,NaN,13.594,NaN,1,0,CabinetD05,None,0,0,0,0,0.0000,NaN,NaN,NaN,0
31.91,Nick ,Static,BAC,0.943,1.881,0.595,89.7,18.7,-2.197,1.378,13.812,NaN,NaN,NaN,World,Quad,101.6,NaN,13.594,NaN,1,0,CabinetD05,None,0,0,0,0,0.0000,NaN,NaN,NaN,0
32.00,Nick ,Static,BAC,0.941,1.881,0.594,90.6,18.3,-2.197,1.378,13.812,NaN,NaN,NaN,World,Quad,102.5,NaN,13.595,NaN,1,0,CabinetD05,None,0,0,0,0,0.0000,NaN,NaN,NaN,0
32.10,Nick ,Static,BAC,0.939,1.881,0.592,91.5,18.1,-2.197,1.378,13.812,NaN,NaN,NaN,World,Quad,103.4,NaN,13.596,NaN,1,0,CabinetD05,None,0,0,0,0,0.0000,NaN,NaN,NaN,0
32.21,Nick ,Static,BAC,0.936,1.881,0.591,92.1,18.1,-2.197,1.378,13.812,NaN,NaN,NaN,World,Quad,103.9,NaN,13.597,NaN,1,0,CabinetD05,None,0,0,0,0,0.0000,NaN,NaN,NaN,0
32.31,Nick ,Static,BAC,0.934,1.882,0.591,92.0,17.9,-2.197,1.378,13.812,NaN,NaN,NaN,World,Quad,103.9,NaN,13.596,NaN,1,0,CabinetD05,None,0,0,0,0,0.0000,NaN,NaN,NaN,0
32.41,Nick ,Static,BAC,0.933,1.882,0.592,92.2,17.9,-2.197,1.378,13.812,NaN,NaN,NaN,World,Quad,104.1,NaN,13.595,NaN,1,0,CabinetD05,None,0,0,0,0,0.0000,NaN,NaN,NaN,0
32.50,Nick ,Static,BAC,0.932,1.881,0.593,92.3,18.0,-2.197,1.378,13.812,NaN,NaN,NaN,World,Quad,104.1,NaN,13.594,NaN,1,0,CabinetD05,None,0,0,0,0,0.0000,NaN,NaN,NaN,0
32.60,Nick ,Static,BAC,0.932,1.881,0.595,92.4,18.0,-2.197,1.378,13.812,NaN,NaN,NaN,World,Quad,104.2,NaN,13.592,NaN,1,0,CabinetD05,None,0,0,0,0,0.0000,NaN,NaN,NaN,0
32.71,Nick ,Static,BAC,0.934,1.881,0.597,92.4,18.4,-2.197,1.378,13.812,NaN,NaN,NaN,World,Quad,104.2,NaN,13.591,NaN,1,0,CabinetD05,None,0,0,0,0,0.0000,NaN,NaN,NaN,0
32.81,Nick ,Static,BAC,0.936,1.880,0.599,92.2,18.5,-2.197,1.378,13.812,NaN,NaN,NaN,World,Quad,104.0,NaN,13.589,NaN,1,0,CabinetD05,None,0,0,0,0,0.0000,NaN,NaN,NaN,0
32.91,Nick ,Static,BAC,0.938,1.880,0.602,92.0,18.6,-2.197,1.378,13.812,NaN,NaN,NaN,World,Quad,103.8,NaN,13.586,NaN,1,0,CabinetD05,None,0,0,0,0,0.0000,NaN,NaN,NaN,0
33.00,Nick ,Static,BAC,0.940,1.880,0.607,91.7,18.9,-2.197,1.378,13.812,NaN,NaN,NaN,World,Quad,103.6,NaN,13.582,NaN,1,0,CabinetD05,None,0,0,0,0,0.0000,NaN,NaN,NaN,0
33.10,Nick ,Static,BAC,0.940,1.880,0.617,90.4,19.1,-2.197,1.378,13.812,NaN,NaN,NaN,World,Quad,102.3,NaN,13.573,NaN,1,0,CabinetD05,None,0,0,0,0,0.0000,NaN,NaN,NaN,0
33.21,Nick ,Static,BAC,0.936,1.878,0.630,88.0,19.4,-2.197,1.378,13.812,NaN,NaN,NaN,World,Quad,100.0,NaN,13.558,NaN,1,0,CabinetD05,None,0,0,0,0,0.0000,NaN,NaN,NaN,0
33.31,Nick ,Static,BAC,0.931,1.874,0.639,88.7,20.7,-2.197,1.378,13.812,NaN,NaN,NaN,World,Quad,100.5,NaN,13.548,NaN,1,0,CabinetD05,None,0,0,0,0,0.0000,NaN,NaN,NaN,0
33.41,Nick ,Static,BAC,0.928,1.872,0.650,88.1,21.3,-2.197,1.378,13.812,NaN,NaN,NaN,World,Quad,99.8,NaN,13.537,NaN,1,0,CabinetD05,None,0,0,0,0,0.0000,NaN,NaN,NaN,0
33.50,Nick ,Static,BAC,0.929,1.874,0.670,82.8,21.4,-2.197,1.378,13.812,NaN,NaN,NaN,World,Quad,95.0,NaN,13.518,NaN,1,0,CabinetD05,None,0,0,0,0,0.0000,NaN,NaN,NaN,0
33.60,Nick ,Static,BAC,0.930,1.879,0.705,69.1,20.2,-2.197,1.378,13.812,NaN,NaN,NaN,World,Wall4m,82.3,NaN,13.484,NaN,1,0,CabinetD05,None,0,0,0,0,0.0000,NaN,NaN,NaN,0
33.71,Nick ,Static,BAC,0.924,1.886,0.755,44.1,17.2,-2.197,1.378,13.812,NaN,NaN,NaN,World,CabinetDCorner02,58.5,NaN,13.434,NaN,1,0,CabinetD05,None,0,0,0,0,0.0000,NaN,NaN,NaN,0
33.81,Nick ,Static,BAC,0.912,1.895,0.790,21.2,12.5,-2.197,1.378,13.812,NaN,NaN,NaN,World,CabinetDCorner02,35.8,NaN,13.399,NaN,1,0,CabinetD05,None,0,0,0,0,0.0000,NaN,NaN,NaN,0
33.91,Nick ,Static,BAC,0.901,1.912,0.804,1.2,6.0,-2.197,1.378,13.812,NaN,NaN,NaN,World,CabinetD05,15.0,NaN,13.383,NaN,1,0,CabinetD05,None,1,0,0,0,0.0000,NaN,NaN,NaN,0
34.00,Nick ,Static,BAC,0.897,1.917,0.813,346.0,4.5,-2.197,1.378,13.812,NaN,NaN,NaN,World,CabinetD05,2.3,NaN,13.374,NaN,1,0,CabinetD05,None,1,0,0,0,0.0000,NaN,NaN,NaN,0
34.10,Nick ,Static,BAC,0.899,1.913,0.825,336.6,5.8,-2.197,1.378,13.812,NaN,NaN,NaN,World,CabinetD06,10.6,NaN,13.362,NaN,1,0,CabinetD05,None,1,0,0,0,0.0000,NaN,NaN,NaN,0
34.21,Nick ,Static,BAC,0.902,1.908,0.845,333.5,7.9,-2.197,1.378,13.812,NaN,NaN,NaN,World,CabinetD06,14.2,NaN,13.343,NaN,1,0,CabinetD05,None,1,0,0,0,0.0000,NaN,NaN,NaN,0
34.31,Nick ,Static,BAC,0.894,1.908,0.860,334.6,8.5,-2.197,1.378,13.812,NaN,NaN,NaN,World,CabinetD06,13.4,NaN,13.327,NaN,1,0,CabinetD05,None,1,0,0,0,0.0000,NaN,NaN,NaN,0
34.41,Nick ,Static,BAC,0.872,1.907,0.872,335.6,8.3,-2.197,1.378,13.812,NaN,NaN,NaN,World,CabinetD06,12.6,NaN,13.309,NaN,1,0,CabinetD05,None,1,0,0,0,0.0000,NaN,NaN,NaN,0
34.50,Nick ,Static,BAC,0.840,1.903,0.886,336.1,9.0,-2.197,1.378,13.812,NaN,NaN,NaN,World,CabinetD06,12.6,NaN,13.288,NaN,1,0,CabinetD06,None,1,0,0,0,0.0000,NaN,NaN,NaN,0
34.60,Nick ,Static,BAC,0.801,1.894,0.902,339.0,11.0,-2.197,1.378,13.812,NaN,NaN,NaN,World,CabinetD06,11.8,NaN,13.264,NaN,1,0,CabinetD06,None,1,0,0,0,0.0000,NaN,NaN,NaN,0
34.71,Nick ,Static,BAC,0.743,1.890,0.918,341.5,11.3,-2.197,1.378,13.812,NaN,NaN,NaN,World,CabinetD06,10.7,NaN,13.235,NaN,1,0,CabinetD06,None,1,0,0,0,0.0000,NaN,NaN,NaN,0
34.81,Nick ,Static,BAC,0.688,1.888,0.929,341.0,11.4,-2.197,1.378,13.812,NaN,NaN,NaN,World,CabinetD06,11.1,NaN,13.212,NaN,1,0,CabinetD06,None,1,0,0,0,0.0000,NaN,NaN,NaN,0
34.91,Nick ,Static,BAC,0.643,1.894,0.940,343.6,12.0,-2.197,1.378,13.812,NaN,NaN,NaN,World,CabinetD06,10.5,NaN,13.192,NaN,1,0,CabinetD06,None,1,0,0,0,0.0000,NaN,NaN,NaN,0
35.00,Nick ,Static,BAC,0.612,1.894,0.956,352.0,12.3,-2.197,1.378,13.812,NaN,NaN,NaN,World,CabinetD06,10.9,NaN,13.170,NaN,1,0,CabinetD06,None,1,0,0,0,0.0000,NaN,NaN,NaN,0
35.10,Nick ,Static,BAC,0.584,1.893,0.972,355.2,13.2,-2.197,1.378,13.812,NaN,NaN,NaN,World,CabinetD06,13.2,NaN,13.148,NaN,1,0,CabinetD06,None,1,0,0,0,0.0000,NaN,NaN,NaN,0
35.21,Nick ,Static,BAC,0.557,1.892,0.991,354.9,13.5,-2.197,1.378,13.812,NaN,NaN,NaN,World,CabinetD06,13.2,NaN,13.123,NaN,1,0,CabinetD06,None,1,0,0,0,0.0000,NaN,NaN,NaN,0
35.31,Nick ,Static,BAC,0.536,1.894,1.015,352.3,12.2,-2.197,1.378,13.812,NaN,NaN,NaN,World,CabinetD06,10.9,NaN,13.096,NaN,1,0,CabinetD06,None,1,0,0,0,0.0000,NaN,NaN,NaN,0
35.41,Nick ,Static,BAC,0.520,1.895,1.047,348.9,11.6,-2.197,1.378,13.812,NaN,NaN,NaN,World,CabinetD06,9.3,NaN,13.062,NaN,1,0,CabinetD06,None,1,0,0,0,0.0000,NaN,NaN,NaN,0
35.50,Nick ,Static,BAC,0.509,1.892,1.085,346.5,12.4,-2.197,1.378,13.812,NaN,NaN,NaN,World,CabinetD06,10.3,NaN,13.022,NaN,1,0,CabinetD06,None,1,0,0,0,0.0000,NaN,NaN,NaN,0
35.60,Nick ,Static,BAC,0.503,1.897,1.128,345.0,12.7,-2.197,1.378,13.812,NaN,NaN,NaN,World,CabinetD06,10.9,NaN,12.979,NaN,1,0,CabinetD06,None,1,0,0,0,0.0000,NaN,NaN,NaN,0
35.71,Nick ,Static,BAC,0.501,1.899,1.173,343.6,12.8,-2.197,1.378,13.812,NaN,NaN,NaN,World,CabinetD06,11.3,NaN,12.935,NaN,1,0,CabinetD06,None,1,0,0,0,0.0000,NaN,NaN,NaN,0
35.81,Nick ,Static,BAC,0.502,1.901,1.207,342.6,12.5,-2.197,1.378,13.812,NaN,NaN,NaN,World,CabinetD06,11.5,NaN,12.901,NaN,1,0,CabinetD06,None,1,0,0,0,0.0000,NaN,NaN,NaN,0
35.91,Nick ,Static,BAC,0.507,1.902,1.235,341.3,12.5,-2.197,1.378,13.812,NaN,NaN,NaN,World,CabinetD06,12.1,NaN,12.875,NaN,1,0,CabinetD06,None,1,0,0,0,0.0000,NaN,NaN,NaN,0
36.00,Nick ,Static,BAC,0.513,1.900,1.255,340.5,12.3,-2.197,1.378,13.812,NaN,NaN,NaN,World,CabinetD06,12.3,NaN,12.857,NaN,1,0,CabinetD06,None,1,0,0,0,0.0000,NaN,NaN,NaN,0
36.11,Nick ,Static,BAC,0.521,1.899,1.265,341.5,13.2,-2.197,1.378,13.812,NaN,NaN,NaN,World,CabinetD06,12.5,NaN,12.848,NaN,1,0,CabinetD06,None,1,0,0,0,0.0000,NaN,NaN,NaN,0
36.21,Nick ,Static,BAC,0.526,1.899,1.262,343.1,13.5,-2.197,1.378,13.812,NaN,NaN,NaN,World,CabinetD06,12.0,NaN,12.853,NaN,1,0,CabinetD06,None,1,0,0,0,0.0000,NaN,NaN,NaN,0
36.31,Nick ,Static,BAC,0.531,1.897,1.247,345.8,13.9,-2.197,1.378,13.812,NaN,NaN,NaN,World,CabinetD06,11.7,NaN,12.869,NaN,1,0,CabinetD06,None,1,0,0,0,0.0000,NaN,NaN,NaN,0
36.41,Nick ,Static,BAC,0.535,1.892,1.222,350.1,15.2,-2.197,1.378,13.812,NaN,NaN,NaN,World,CabinetD06,13.1,NaN,12.893,NaN,1,0,CabinetD06,None,1,0,0,0,0.0000,NaN,NaN,NaN,0
36.50,Nick ,Static,BAC,0.543,1.884,1.192,359.7,17.6,-2.197,1.378,13.812,NaN,NaN,NaN,World,Wall4m,19.3,NaN,12.924,NaN,1,0,CabinetD06,None,1,0,0,0,0.0000,NaN,NaN,NaN,0
36.61,Nick ,Static,BAC,0.552,1.869,1.158,17.5,22.0,-2.197,1.378,13.812,NaN,NaN,NaN,World,CabinetD05,35.1,NaN,12.959,NaN,1,0,CabinetD06,None,0,0,0,0,0.0000,NaN,NaN,NaN,0
36.71,Nick ,Static,BAC,0.552,1.860,1.133,27.9,24.2,-2.197,1.378,13.812,NaN,NaN,NaN,World,CabinetD05,44.6,NaN,12.982,NaN,1,0,CabinetD06,None,0,0,0,0,0.0000,NaN,NaN,NaN,0
36.81,Nick ,Static,BAC,0.554,1.860,1.111,31.1,24.6,-2.197,1.378,13.812,NaN,NaN,NaN,World,CabinetD05,47.4,NaN,13.005,NaN,1,0,CabinetD06,None,0,0,0,0,0.0000,NaN,NaN,NaN,0
36.90,Nick ,Static,BAC,0.560,1.863,1.085,34.7,23.4,-2.197,1.378,13.812,NaN,NaN,NaN,World,CabinetD05,50.1,NaN,13.031,NaN,1,0,CabinetD06,None,0,0,0,0,0.0000,NaN,NaN,NaN,0
37.00,Nick ,Static,BAC,0.572,1.868,1.066,36.9,22.5,-2.197,1.378,13.812,NaN,NaN,NaN,World,CabinetD05Door,51.8,NaN,13.053,NaN,1,0,CabinetD06,None,0,0,0,0,0.0000,NaN,NaN,NaN,0
37.11,Nick ,Static,BAC,0.591,1.870,1.050,37.3,22.3,-2.197,1.378,13.812,NaN,NaN,NaN,World,CabinetD05Door,52.2,NaN,13.073,NaN,1,0,CabinetD06,None,0,0,0,0,0.0000,NaN,NaN,NaN,0
37.21,Nick ,Static,BAC,0.614,1.871,1.044,36.4,21.5,-2.197,1.378,13.812,NaN,NaN,NaN,World,CabinetD05Door,51.2,NaN,13.083,NaN,1,0,CabinetD06,None,0,0,0,0,0.0000,NaN,NaN,NaN,0
37.31,Nick ,Static,BAC,0.647,1.869,1.044,34.6,22.0,-2.197,1.378,13.812,NaN,NaN,NaN,World,CabinetD05Door,49.9,NaN,13.090,NaN,1,0,CabinetD06,None,0,0,0,0,0.0000,NaN,NaN,NaN,0
37.40,Nick ,Static,BAC,0.691,1.866,1.047,32.2,22.4,-2.197,1.378,13.812,NaN,NaN,NaN,World,CabinetD05Door,48.1,NaN,13.097,NaN,1,0,CabinetD06,None,0,0,0,0,0.0000,NaN,NaN,NaN,0
37.50,Nick ,Static,BAC,0.740,1.864,1.059,27.5,22.7,-2.197,1.378,13.812,NaN,NaN,NaN,World,CabinetD05Door,44.3,NaN,13.096,NaN,1,0,CabinetD06,None,0,0,0,0,0.0000,NaN,NaN,NaN,0
37.61,Nick ,Static,BAC,0.792,1.861,1.083,20.0,23.1,-2.197,1.378,13.812,NaN,NaN,NaN,World,CabinetD05,38.4,NaN,13.084,NaN,1,0,CabinetD06,None,0,0,0,0,0.0000,NaN,NaN,NaN,0
37.71,Nick ,Static,BAC,0.829,1.860,1.106,13.4,24.4,-2.197,1.378,13.812,NaN,NaN,NaN,World,CabinetD05,34.2,NaN,13.070,NaN,1,0,CabinetD05,None,0,0,0,0,0.0000,NaN,NaN,NaN,0
37.81,Nick ,Static,BAC,0.851,1.856,1.130,8.7,25.7,-2.197,1.378,13.812,NaN,NaN,NaN,World,CabinetD05,31.9,NaN,13.052,NaN,1,0,CabinetD05,None,0,0,0,0,0.0000,NaN,NaN,NaN,0
37.90,Nick ,Static,BAC,0.863,1.848,1.154,3.9,28.3,-2.197,1.378,13.812,NaN,NaN,NaN,World,CabinetD05,31.1,NaN,13.031,NaN,1,0,CabinetD05,None,0,0,0,0,0.0000,NaN,NaN,NaN,0
38.00,Nick ,Static,BAC,0.868,1.839,1.175,1.4,31.0,-2.197,1.378,13.812,NaN,NaN,NaN,World,CabinetD05,32.3,NaN,13.011,NaN,1,0,CabinetD05,None,0,0,0,0,0.0000,NaN,NaN,NaN,0
38.11,Nick ,Static,BAC,0.872,1.828,1.196,1.0,32.8,-2.197,1.378,13.812,NaN,NaN,NaN,World,CabinetD05,33.8,NaN,12.992,NaN,1,0,CabinetD05,None,0,0,0,0,0.0000,NaN,NaN,NaN,0
38.21,Nick ,Static,BAC,0.876,1.822,1.211,0.4,33.3,-2.197,1.378,13.812,NaN,NaN,NaN,World,CabinetD05,34.0,NaN,12.979,NaN,1,0,CabinetD05,None,0,0,0,0,0.0000,NaN,NaN,NaN,0
38.31,Nick ,Static,BAC,0.883,1.816,1.226,359.7,33.3,-2.197,1.378,13.812,NaN,NaN,NaN,World,CabinetD05,33.8,NaN,12.966,NaN,1,0,CabinetD05,None,0,0,0,0,0.0000,NaN,NaN,NaN,0
38.40,Nick ,Static,BAC,0.890,1.809,1.240,359.0,34.4,-2.197,1.378,13.812,NaN,NaN,NaN,World,CabinetD05,34.6,NaN,12.953,NaN,1,0,CabinetD05,None,0,0,0,0,0.0000,NaN,NaN,NaN,0
38.50,Nick ,Static,BAC,0.896,1.804,1.251,358.1,35.0,-2.197,1.378,13.812,NaN,NaN,NaN,World,CabinetD05,35.0,NaN,12.943,NaN,1,0,CabinetD05,None,0,0,0,0,0.0000,NaN,NaN,NaN,0
38.61,Nick ,Static,BAC,0.902,1.797,1.261,356.9,36.0,-2.197,1.378,13.812,NaN,NaN,NaN,World,Wall4m,35.5,NaN,12.935,NaN,1,0,CabinetD05,None,0,0,0,0,0.0000,NaN,NaN,NaN,0
38.71,Nick ,Static,BAC,0.908,1.797,1.263,357.5,36.7,-2.197,1.378,13.812,NaN,NaN,NaN,World,Wall4m,36.4,NaN,12.935,NaN,1,0,CabinetD05,None,0,0,0,0,0.0000,NaN,NaN,NaN,0
38.81,Nick ,Static,BAC,0.914,1.804,1.254,358.5,35.8,-2.197,1.378,13.812,NaN,NaN,NaN,World,Wall4m,35.9,NaN,12.945,NaN,1,0,CabinetD05,None,0,0,0,0,0.0000,NaN,NaN,NaN,0
38.90,Nick ,Static,BAC,0.915,1.817,1.233,0.5,34.1,-2.197,1.378,13.812,NaN,NaN,NaN,World,CabinetD05,34.8,NaN,12.966,NaN,1,0,CabinetD05,None,0,0,0,0,0.0000,NaN,NaN,NaN,0
39.00,Nick ,Static,BAC,0.909,1.833,1.203,1.5,31.2,-2.197,1.378,13.812,NaN,NaN,NaN,World,CabinetD05,32.6,NaN,12.994,NaN,1,0,CabinetD05,None,0,0,0,0,0.0000,NaN,NaN,NaN,0
39.11,Nick ,Static,BAC,0.890,1.849,1.163,0.5,28.2,-2.197,1.378,13.812,NaN,NaN,NaN,World,CabinetD05,29.5,NaN,13.029,NaN,1,0,CabinetD05,None,0,0,0,0,0.0000,NaN,NaN,NaN,0
39.21,Nick ,Static,BAC,0.861,1.860,1.123,358.2,26.1,-2.197,1.378,13.812,NaN,NaN,NaN,World,CabinetD05,26.5,NaN,13.061,NaN,1,0,CabinetD05,None,0,0,0,0,0.0000,NaN,NaN,NaN,0
39.31,Nick ,Static,BAC,0.821,1.870,1.083,352.7,23.5,-2.197,1.378,13.812,NaN,NaN,NaN,World,CabinetD05,22.1,NaN,13.091,NaN,1,0,CabinetD05,None,1,0,0,0,0.0000,NaN,NaN,NaN,0
39.40,Nick ,Static,BAC,0.782,1.877,1.047,349.1,20.3,-2.197,1.378,13.812,NaN,NaN,NaN,World,Wall4m,18.2,NaN,13.118,NaN,1,0,CabinetD06,None,1,0,0,0,0.0000,NaN,NaN,NaN,0
39.50,Nick ,Static,BAC,0.749,1.876,1.018,348.0,18.7,-2.197,1.378,13.812,NaN,NaN,NaN,World,CabinetD06,16.6,NaN,13.139,NaN,1,0,CabinetD06,None,1,0,0,0,0.0000,NaN,NaN,NaN,0
39.61,Nick ,Static,BAC,0.724,1.873,0.989,350.1,19.3,-2.197,1.378,13.812,NaN,NaN,NaN,World,CabinetD06,17.4,NaN,13.161,NaN,1,0,CabinetD06,None,1,0,0,0,0.0000,NaN,NaN,NaN,0
39.71,Nick ,Static,BAC,0.718,1.873,0.965,357.5,19.5,-2.197,1.378,13.812,NaN,NaN,NaN,World,CabinetD05,20.0,NaN,13.183,NaN,1,0,CabinetD06,None,1,0,0,0,0.0000,NaN,NaN,NaN,0
39.81,Nick ,Static,BAC,0.727,1.873,0.941,10.0,20.5,-2.197,1.378,13.812,NaN,NaN,NaN,World,CabinetD05,28.8,NaN,13.208,NaN,1,0,CabinetD06,None,0,0,0,0,0.0000,NaN,NaN,NaN,0
39.90,Nick ,Static,BAC,0.742,1.874,0.914,20.8,20.1,-2.197,1.378,13.812,NaN,NaN,NaN,World,CabinetD05,37.4,NaN,13.238,NaN,1,0,CabinetD06,None,0,0,0,0,0.0000,NaN,NaN,NaN,0
40.00,Nick ,Static,BAC,0.766,1.874,0.878,34.6,20.1,-2.197,1.378,13.812,NaN,NaN,NaN,World,CabinetD05Door,49.7,NaN,13.279,NaN,1,0,CabinetD06,None,0,0,0,0,0.0000,NaN,NaN,NaN,0
40.11,Nick ,Static,BAC,0.798,1.872,0.826,52.9,20.8,-2.197,1.378,13.812,NaN,NaN,NaN,World,CabinetDCorner02,66.8,NaN,13.336,NaN,1,0,CabinetD06,None,0,0,0,0,0.0000,NaN,NaN,NaN,0
40.21,Nick ,Static,BAC,0.826,1.873,0.781,64.4,20.3,-2.197,1.378,13.812,NaN,NaN,NaN,World,Wall4m,77.5,NaN,13.386,NaN,1,0,CabinetD06,None,0,0,0,0,0.0000,NaN,NaN,NaN,0
40.31,Nick ,Static,BAC,0.852,1.876,0.742,68.8,19.9,-2.197,1.378,13.812,NaN,NaN,NaN,World,Wall4m,81.7,NaN,13.430,NaN,1,0,CabinetD06,None,0,0,0,0,0.0000,NaN,NaN,NaN,0
40.40,Nick ,Static,BAC,0.880,1.880,0.705,71.9,18.8,-2.197,1.378,13.812,NaN,NaN,NaN,World,Wall4m,84.7,NaN,13.473,NaN,1,0,CabinetD06,None,0,0,0,0,0.0000,NaN,NaN,NaN,0
40.50,Nick ,Static,BAC,0.913,1.881,0.669,75.0,17.9,-2.197,1.378,13.812,NaN,NaN,NaN,World,Quad,87.7,NaN,13.516,NaN,1,0,CabinetD05,None,0,0,0,0,0.0000,NaN,NaN,NaN,0
40.61,Nick ,Static,BAC,0.951,1.878,0.628,78.5,18.3,-2.197,1.378,13.812,NaN,NaN,NaN,World,Quad,91.2,NaN,13.564,NaN,1,0,CabinetD05,None,0,0,0,0,0.0000,NaN,NaN,NaN,0
40.71,Nick ,Static,BAC,0.979,1.874,0.590,80.1,19.4,-2.197,1.378,13.812,NaN,NaN,NaN,World,Quad,92.7,NaN,13.607,NaN,1,0,CabinetD05,None,0,0,0,0,0.0000,NaN,NaN,NaN,0
40.81,Nick ,Static,BAC,1.002,1.871,0.554,82.0,20.5,-2.197,1.378,13.812,NaN,NaN,NaN,World,Quad,94.5,NaN,13.648,NaN,1,0,CabinetD05,None,0,0,0,0,0.0000,NaN,NaN,NaN,0
40.91,Nick ,Static,BAC,1.019,1.873,0.523,83.4,21.4,-2.197,1.378,13.812,NaN,NaN,NaN,World,Quad,95.7,NaN,13.682,NaN,1,0,CabinetD05,None,0,0,0,0,0.0000,NaN,NaN,NaN,0
41.00,Nick ,Static,BAC,1.029,1.874,0.499,83.4,21.5,-2.197,1.378,13.812,NaN,NaN,NaN,World,Quad,95.8,NaN,13.707,NaN,1,0,CabinetD05,None,0,0,0,0,0.0000,NaN,NaN,NaN,0
41.11,Nick ,Static,BAC,1.034,1.875,0.480,83.8,21.7,-2.197,1.378,13.812,NaN,NaN,NaN,World,Quad,96.1,NaN,13.727,NaN,1,0,CabinetD05,None,0,0,0,0,0.0000,NaN,NaN,NaN,0
41.21,Nick ,Static,BAC,1.034,1.877,0.470,84.9,21.5,-2.197,1.378,13.812,NaN,NaN,NaN,World,Quad,97.2,NaN,13.737,NaN,1,0,CabinetD05,None,0,0,0,0,0.0000,NaN,NaN,NaN,0
41.31,Nick ,Static,BAC,1.031,1.877,0.468,86.3,21.1,-2.197,1.378,13.812,NaN,NaN,NaN,World,Quad,98.4,NaN,13.738,NaN,1,0,CabinetD05,None,0,0,0,0,0.0000,NaN,NaN,NaN,0
41.41,Nick ,Static,BAC,1.025,1.877,0.472,87.1,21.0,-2.197,1.378,13.812,NaN,NaN,NaN,World,Quad,99.2,NaN,13.733,NaN,1,0,CabinetD05,None,0,0,0,0,0.0000,NaN,NaN,NaN,0
41.50,Nick ,Static,BAC,1.018,1.878,0.481,87.6,21.0,-2.197,1.378,13.812,NaN,NaN,NaN,World,Quad,99.6,NaN,13.722,NaN,1,0,CabinetD05,None,0,0,0,0,0.0000,NaN,NaN,NaN,0
41.61,Nick ,Static,BAC,1.010,1.882,0.498,87.9,20.1,-2.197,1.378,13.812,NaN,NaN,NaN,World,Quad,100.0,NaN,13.704,NaN,1,0,CabinetD05,None,0,0,0,0,0.0000,NaN,NaN,NaN,0
41.71,Nick ,Static,BAC,1.003,1.885,0.514,88.5,19.4,-2.197,1.378,13.812,NaN,NaN,NaN,World,Quad,100.6,NaN,13.687,NaN,1,0,CabinetD05,None,0,0,0,0,0.0000,NaN,NaN,NaN,0
41.81,Nick ,Static,BAC,0.992,1.885,0.529,89.5,19.6,-2.197,1.378,13.812,NaN,NaN,NaN,World,Quad,101.5,NaN,13.671,NaN,1,0,CabinetD05,None,0,0,0,0,0.0000,NaN,NaN,NaN,0
41.91,Nick ,Static,BAC,0.981,1.885,0.542,90.7,19.3,-2.197,1.378,13.812,NaN,NaN,NaN,World,Quad,102.7,NaN,13.655,NaN,1,0,CabinetD05,None,0,0,0,0,0.0000,NaN,NaN,NaN,0
42.00,Nick ,Static,BAC,0.972,1.886,0.554,91.7,19.3,-2.197,1.378,13.812,NaN,NaN,NaN,World,Quad,103.6,NaN,13.641,NaN,1,0,CabinetD05,None,0,0,0,0,0.0000,NaN,NaN,NaN,0
42.11,Nick ,Static,BAC,0.962,1.885,0.567,91.5,19.6,-2.197,1.378,13.812,NaN,NaN,NaN,World,Quad,103.3,NaN,13.626,NaN,1,0,CabinetD05,None,0,0,0,0,0.0000,NaN,NaN,NaN,0
42.21,Nick ,Static,BAC,0.955,1.883,0.576,90.1,20.2,-2.197,1.378,13.812,NaN,NaN,NaN,World,Quad,101.9,NaN,13.615,NaN,1,0,CabinetD05,None,0,0,0,0,0.0000,NaN,NaN,NaN,0
42.31,Nick ,Static,BAC,0.948,1.883,0.582,90.1,20.6,-2.197,1.378,13.812,NaN,NaN,NaN,World,Quad,101.8,NaN,13.608,NaN,1,0,CabinetD05,None,0,0,0,0,0.0000,NaN,NaN,NaN,0
42.41,Nick ,Static,BAC,0.942,1.882,0.587,90.4,20.8,-2.197,1.378,13.812,NaN,NaN,NaN,World,Quad,102.1,NaN,13.602,NaN,1,0,CabinetD05,None,0,0,0,0,0.0000,NaN,NaN,NaN,0
42.50,Nick ,Static,BAC,0.939,1.881,0.592,89.9,21.0,-2.197,1.378,13.812,NaN,NaN,NaN,World,Quad,101.6,NaN,13.596,NaN,1,0,CabinetD05,None,0,0,0,0,0.0000,NaN,NaN,NaN,0
42.61,Nick ,Static,BAC,0.937,1.879,0.594,90.6,21.4,-2.197,1.378,13.812,NaN,NaN,NaN,World,Quad,102.1,NaN,13.594,NaN,1,0,CabinetD05,None,0,0,0,0,0.0000,NaN,NaN,NaN,0
42.71,Nick ,Static,BAC,0.934,1.879,0.592,92.0,21.7,-2.197,1.378,13.812,NaN,NaN,NaN,World,Quad,103.4,NaN,13.595,NaN,1,0,CabinetD05,None,0,0,0,0,0.0000,NaN,NaN,NaN,0
42.81,Nick ,Static,BAC,0.930,1.878,0.590,92.4,21.8,-2.197,1.378,13.812,NaN,NaN,NaN,World,Quad,103.8,NaN,13.596,NaN,1,0,CabinetD05,None,0,0,0,0,0.0000,NaN,NaN,NaN,0
42.91,Nick ,Static,BAC,0.926,1.879,0.586,92.7,21.4,-2.197,1.378,13.812,NaN,NaN,NaN,World,Quad,104.0,NaN,13.599,NaN,1,0,CabinetD05,None,0,0,0,0,0.0000,NaN,NaN,NaN,0
43.00,Nick ,Static,BAC,0.924,1.880,0.583,93.3,21.0,-2.197,1.378,13.812,NaN,NaN,NaN,World,Quad,104.6,NaN,13.602,NaN,1,0,CabinetD05,None,0,0,0,0,0.0000,NaN,NaN,NaN,0
43.11,Nick ,Static,BAC,0.923,1.880,0.580,93.7,21.0,-2.197,1.378,13.812,NaN,NaN,NaN,World,Quad,105.0,NaN,13.604,NaN,1,0,CabinetD05,None,0,0,0,0,0.0000,NaN,NaN,NaN,0
43.21,Nick ,Static,BAC,0.922,1.880,0.579,93.7,21.1,-2.197,1.378,13.812,NaN,NaN,NaN,World,Quad,105.0,NaN,13.605,NaN,1,0,CabinetD05,None,0,0,0,0,0.0000,NaN,NaN,NaN,0
43.31,Nick ,Static,BAC,0.923,1.881,0.579,93.5,20.8,-2.197,1.378,13.812,NaN,NaN,NaN,World,Quad,104.8,NaN,13.606,NaN,1,0,CabinetD05,None,0,0,0,0,0.0000,NaN,NaN,NaN,0
43.41,Nick ,Static,BAC,0.924,1.881,0.578,93.3,20.7,-2.197,1.378,13.812,NaN,NaN,NaN,World,Quad,104.7,NaN,13.607,NaN,1,0,CabinetD05,None,0,0,0,0,0.0000,NaN,NaN,NaN,0
43.50,Nick ,Static,BAC,0.925,1.881,0.577,93.2,20.4,-2.197,1.378,13.812,NaN,NaN,NaN,World,Quad,104.6,NaN,13.608,NaN,1,0,CabinetD05,None,0,0,0,0,0.0000,NaN,NaN,NaN,0
43.60,Nick ,Static,BAC,0.927,1.882,0.576,93.2,20.2,-2.197,1.378,13.812,NaN,NaN,NaN,World,Quad,104.6,NaN,13.610,NaN,1,0,CabinetD05,None,0,0,0,0,0.0000,NaN,NaN,NaN,0
43.71,Nick ,Static,BAC,0.927,1.883,0.575,92.9,20.0,-2.197,1.378,13.812,NaN,NaN,NaN,World,Quad,104.5,NaN,13.611,NaN,1,0,CabinetD05,None,0,0,0,0,0.0000,NaN,NaN,NaN,0
43.81,Nick ,Static,BAC,0.928,1.883,0.573,92.8,19.8,-2.197,1.378,13.812,NaN,NaN,NaN,World,Quad,104.4,NaN,13.612,NaN,1,0,CabinetD05,None,0,0,0,0,0.0000,NaN,NaN,NaN,0
43.91,Nick ,Static,BAC,0.929,1.884,0.573,92.7,19.5,-2.197,1.378,13.812,NaN,NaN,NaN,World,Quad,104.3,NaN,13.612,NaN,1,0,CabinetD05,None,0,0,0,0,0.0000,NaN,NaN,NaN,0
44.00,Nick ,Static,BAC,0.932,1.884,0.574,92.9,19.2,-2.197,1.378,13.812,NaN,NaN,NaN,World,Quad,104.5,NaN,13.613,NaN,1,0,CabinetD05,None,0,0,0,0,0.0000,NaN,NaN,NaN,0
44.10,Nick ,Static,BAC,0.937,1.884,0.575,92.8,19.2,-2.197,1.378,13.812,NaN,NaN,NaN,World,Quad,104.5,NaN,13.613,NaN,1,0,CabinetD05,None,0,0,0,0,0.0000,NaN,NaN,NaN,0
44.21,Nick ,Static,BAC,0.942,1.884,0.577,92.7,19.6,-2.197,1.378,13.812,NaN,NaN,NaN,World,Quad,104.4,NaN,13.612,NaN,1,0,CabinetD05,None,0,0,0,0,0.0000,NaN,NaN,NaN,0
44.31,Nick ,Static,BAC,0.945,1.885,0.578,92.6,19.5,-2.197,1.378,13.812,NaN,NaN,NaN,World,Quad,104.3,NaN,13.612,NaN,1,0,CabinetD05,None,0,0,0,0,0.0000,NaN,NaN,NaN,0
44.41,Nick ,Static,BAC,0.946,1.884,0.580,93.0,19.7,-2.197,1.378,13.812,NaN,NaN,NaN,World,Quad,104.6,NaN,13.610,NaN,1,0,CabinetD05,None,0,0,0,0,0.0000,NaN,NaN,NaN,0
44.50,Nick ,Static,BAC,0.947,1.884,0.581,93.1,19.6,-2.197,1.378,13.812,NaN,NaN,NaN,World,Quad,104.8,NaN,13.609,NaN,1,0,CabinetD05,None,0,0,0,0,0.0000,NaN,NaN,NaN,0
44.60,Nick ,Static,BAC,0.948,1.884,0.583,93.2,19.6,-2.197,1.378,13.812,NaN,NaN,NaN,World,Quad,104.9,NaN,13.607,NaN,1,0,CabinetD05,None,0,0,0,0,0.0000,NaN,NaN,NaN,0
44.70,Nick ,Static,BAC,0.948,1.884,0.583,93.3,19.7,-2.197,1.378,13.812,NaN,NaN,NaN,World,Quad,104.9,NaN,13.607,NaN,1,0,CabinetD05,None,0,0,0,0,0.0000,NaN,NaN,NaN,0
44.81,Nick ,Static,BAC,0.947,1.884,0.583,93.2,19.5,-2.197,1.378,13.812,NaN,NaN,NaN,World,Quad,104.8,NaN,13.607,NaN,1,0,CabinetD05,None,0,0,0,0,0.0000,NaN,NaN,NaN,0
44.91,Nick ,Static,BAC,0.947,1.885,0.584,92.9,19.3,-2.197,1.378,13.812,NaN,NaN,NaN,World,Quad,104.6,NaN,13.606,NaN,1,0,CabinetD05,None,0,0,0,0,0.0000,NaN,NaN,NaN,0
45.01,Nick ,Static,BAC,0.948,1.884,0.584,92.4,19.6,-2.197,1.378,13.812,NaN,NaN,NaN,World,Quad,104.1,NaN,13.606,NaN,1,0,CabinetD05,None,0,0,0,0,0.0000,NaN,NaN,NaN,0
45.11,Nick ,Static,BAC,0.947,1.885,0.583,92.3,19.5,-2.197,1.378,13.812,NaN,NaN,NaN,World,Quad,104.0,NaN,13.607,NaN,1,0,CabinetD05,None,0,0,0,0,0.0000,NaN,NaN,NaN,0
45.21,Nick ,Static,BAC,0.946,1.886,0.582,92.5,19.3,-2.197,1.378,13.812,NaN,NaN,NaN,World,Quad,104.2,NaN,13.608,NaN,1,0,CabinetD05,None,0,0,0,0,0.0000,NaN,NaN,NaN,0
45.31,Nick ,Static,BAC,0.945,1.887,0.580,92.8,19.0,-2.197,1.378,13.812,NaN,NaN,NaN,World,Quad,104.5,NaN,13.610,NaN,1,0,CabinetD05,None,0,0,0,0,0.0000,NaN,NaN,NaN,0
45.40,Nick ,Static,BAC,0.943,1.888,0.578,93.0,18.8,-2.197,1.378,13.812,NaN,NaN,NaN,World,Quad,104.7,NaN,13.611,NaN,1,0,CabinetD05,None,0,0,0,0,0.0000,NaN,NaN,NaN,0
45.50,Nick ,Static,BAC,0.941,1.888,0.576,93.0,18.7,-2.197,1.378,13.812,NaN,NaN,NaN,World,Quad,104.7,NaN,13.613,NaN,1,0,CabinetD05,None,0,0,0,0,0.0000,NaN,NaN,NaN,0
45.61,Nick ,Static,BAC,0.938,1.889,0.572,94.0,18.4,-2.197,1.378,13.812,NaN,NaN,NaN,World,Quad,105.7,NaN,13.616,NaN,1,0,CabinetD05,None,0,0,0,0,0.0000,NaN,NaN,NaN,0
45.71,Nick ,Static,BAC,0.936,1.889,0.568,94.7,18.4,-2.197,1.378,13.812,NaN,NaN,NaN,World,Quad,106.4,NaN,13.620,NaN,1,0,CabinetD05,None,0,0,0,0,0.0000,NaN,NaN,NaN,0
45.81,Nick ,Static,BAC,0.935,1.890,0.565,94.7,18.1,-2.197,1.378,13.812,NaN,NaN,NaN,World,Quad,106.4,NaN,13.622,NaN,1,0,CabinetD05,None,0,0,0,0,0.0000,NaN,NaN,NaN,0
45.90,Nick ,Static,BAC,0.936,1.890,0.565,94.4,17.9,-2.197,1.378,13.812,NaN,NaN,NaN,World,Quad,106.1,NaN,13.623,NaN,1,0,CabinetD05,None,0,0,0,0,0.0000,NaN,NaN,NaN,0
46.00,Nick ,Static,BAC,0.939,1.888,0.565,93.9,18.8,-2.197,1.378,13.812,NaN,NaN,NaN,World,Quad,105.6,NaN,13.623,NaN,1,0,CabinetD05,None,0,0,0,0,0.0000,NaN,NaN,NaN,0
46.11,Nick ,Static,BAC,0.941,1.886,0.567,93.1,19.4,-2.197,1.378,13.812,NaN,NaN,NaN,World,Quad,104.7,NaN,13.621,NaN,1,0,CabinetD05,None,0,0,0,0,0.0000,NaN,NaN,NaN,0
46.21,Nick ,Static,BAC,0.941,1.886,0.569,92.5,19.6,-2.197,1.378,13.812,NaN,NaN,NaN,World,Quad,104.2,NaN,13.619,NaN,1,0,CabinetD05,None,0,0,0,0,0.0000,NaN,NaN,NaN,0
46.31,Nick ,Static,BAC,0.941,1.886,0.570,92.3,19.4,-2.197,1.378,13.812,NaN,NaN,NaN,World,Quad,104.0,NaN,13.618,NaN,1,0,CabinetD05,None,0,0,0,0,0.0000,NaN,NaN,NaN,0
46.40,Nick ,Static,BAC,0.942,1.885,0.573,91.8,19.6,-2.197,1.378,13.812,NaN,NaN,NaN,World,Quad,103.5,NaN,13.616,NaN,1,0,CabinetD05,None,0,0,0,0,0.0000,NaN,NaN,NaN,0
46.50,Nick ,Static,BAC,0.943,1.884,0.575,91.2,20.2,-2.197,1.378,13.812,NaN,NaN,NaN,World,Quad,102.9,NaN,13.614,NaN,1,0,CabinetD05,None,0,0,0,0,0.0000,NaN,NaN,NaN,0
46.61,Nick ,Static,BAC,0.944,1.884,0.577,91.2,20.1,-2.197,1.378,13.812,NaN,NaN,NaN,World,Quad,102.9,NaN,13.612,NaN,1,0,CabinetD05,None,0,0,0,0,0.0000,NaN,NaN,NaN,0
46.71,Nick ,Static,BAC,0.944,1.884,0.579,90.8,19.8,-2.197,1.378,13.812,NaN,NaN,NaN,World,Quad,102.5,NaN,13.611,NaN,1,0,CabinetD05,None,0,0,0,0,0.0000,NaN,NaN,NaN,0
46.81,Nick ,Static,BAC,0.945,1.885,0.581,90.5,19.6,-2.197,1.378,13.812,NaN,NaN,NaN,World,Quad,102.3,NaN,13.608,NaN,1,0,CabinetD05,None,0,0,0,0,0.0000,NaN,NaN,NaN,0
46.90,Nick ,Static,BAC,0.946,1.885,0.584,90.5,19.5,-2.197,1.378,13.812,NaN,NaN,NaN,World,Quad,102.3,NaN,13.606,NaN,1,0,CabinetD05,None,0,0,0,0,0.0000,NaN,NaN,NaN,0
47.00,Nick ,Static,BAC,0.947,1.885,0.586,90.4,19.5,-2.197,1.378,13.812,NaN,NaN,NaN,World,Quad,102.2,NaN,13.604,NaN,1,0,CabinetD05,None,0,0,0,0,0.0000,NaN,NaN,NaN,0
47.11,Nick ,Static,BAC,0.948,1.885,0.588,90.4,19.1,-2.197,1.378,13.812,NaN,NaN,NaN,World,Quad,102.3,NaN,13.603,NaN,1,0,CabinetD05,None,0,0,0,0,0.0000,NaN,NaN,NaN,0
47.21,Nick ,Static,BAC,0.948,1.886,0.588,90.7,18.9,-2.197,1.378,13.812,NaN,NaN,NaN,World,Quad,102.6,NaN,13.602,NaN,1,0,CabinetD05,None,0,0,0,0,0.0000,NaN,NaN,NaN,0
47.31,Nick ,Static,BAC,0.948,1.886,0.588,91.3,18.8,-2.197,1.378,13.812,NaN,NaN,NaN,World,Quad,103.2,NaN,13.602,NaN,1,0,CabinetD05,None,0,0,0,0,0.0000,NaN,NaN,NaN,0
47.40,Nick ,Static,BAC,0.947,1.885,0.588,91.9,19.0,-2.197,1.378,13.812,NaN,NaN,NaN,World,Quad,103.7,NaN,13.602,NaN,1,0,CabinetD05,None,0,0,0,0,0.0000,NaN,NaN,NaN,0
47.50,Nick ,Static,BAC,0.947,1.886,0.588,92.1,18.9,-2.197,1.378,13.812,NaN,NaN,NaN,World,Quad,103.9,NaN,13.602,NaN,1,0,CabinetD05,None,0,0,0,0,0.0000,NaN,NaN,NaN,0
47.61,Nick ,Static,BAC,0.946,1.886,0.589,92.3,19.0,-2.197,1.378,13.812,NaN,NaN,NaN,World,Quad,104.1,NaN,13.601,NaN,1,0,CabinetD05,None,0,0,0,0,0.0000,NaN,NaN,NaN,0
47.71,Nick ,Static,BAC,0.944,1.886,0.590,92.4,18.9,-2.197,1.378,13.812,NaN,NaN,NaN,World,Quad,104.2,NaN,13.600,NaN,1,0,CabinetD05,None,0,0,0,0,0.0000,NaN,NaN,NaN,0
47.81,Nick ,Static,BAC,0.942,1.887,0.591,92.6,18.9,-2.197,1.378,13.812,NaN,NaN,NaN,World,Quad,104.3,NaN,13.598,NaN,1,0,CabinetD05,None,0,0,0,0,0.0000,NaN,NaN,NaN,0
47.90,Nick ,Static,BAC,0.940,1.887,0.592,92.8,18.8,-2.197,1.378,13.812,NaN,NaN,NaN,World,Quad,104.5,NaN,13.597,NaN,1,0,CabinetD05,None,0,0,0,0,0.0000,NaN,NaN,NaN,0
48.00,Nick ,Static,BAC,0.938,1.886,0.594,92.8,19.0,-2.197,1.378,13.812,NaN,NaN,NaN,World,Quad,104.6,NaN,13.594,NaN,1,0,CabinetD05,None,0,0,0,0,0.0000,NaN,NaN,NaN,0
48.11,Nick ,Static,BAC,0.934,1.886,0.595,92.8,19.1,-2.197,1.378,13.812,NaN,NaN,NaN,World,Quad,104.5,NaN,13.592,NaN,1,0,CabinetD05,None,0,0,0,0,0.0000,NaN,NaN,NaN,0
48.21,Nick ,Static,BAC,0.930,1.886,0.596,92.8,18.9,-2.197,1.378,13.812,NaN,NaN,NaN,World,Quad,104.5,NaN,13.591,NaN,1,0,CabinetD05,None,0,0,0,0,0.0000,NaN,NaN,NaN,0
48.31,Nick ,Static,BAC,0.927,1.886,0.596,92.9,18.9,-2.197,1.378,13.812,NaN,NaN,NaN,World,Quad,104.6,NaN,13.590,NaN,1,0,CabinetD05,None,0,0,0,0,0.0000,NaN,NaN,NaN,0
48.41,Nick ,Static,BAC,0.923,1.886,0.595,92.9,18.8,-2.197,1.378,13.812,NaN,NaN,NaN,World,Quad,104.6,NaN,13.590,NaN,1,0,CabinetD05,None,0,0,0,0,0.0000,NaN,NaN,NaN,0
48.50,Nick ,Static,BAC,0.920,1.887,0.595,92.9,18.4,-2.197,1.378,13.812,NaN,NaN,NaN,World,Quad,104.7,NaN,13.589,NaN,1,0,CabinetD05,None,0,0,0,0,0.0000,NaN,NaN,NaN,0
48.61,Nick ,Static,BAC,0.917,1.888,0.596,92.5,17.9,-2.197,1.378,13.812,NaN,NaN,NaN,World,Quad,104.2,NaN,13.588,NaN,1,0,CabinetD05,None,0,0,0,0,0.0000,NaN,NaN,NaN,0
48.71,Nick ,Static,BAC,0.915,1.889,0.596,92.3,17.7,-2.197,1.378,13.812,NaN,NaN,NaN,World,Quad,104.1,NaN,13.587,NaN,1,0,CabinetD05,None,0,0,0,0,0.0000,NaN,NaN,NaN,0
48.81,Nick ,Static,BAC,0.915,1.888,0.596,92.4,18.0,-2.197,1.378,13.812,NaN,NaN,NaN,World,Quad,104.2,NaN,13.588,NaN,1,0,CabinetD05,None,0,0,0,0,0.0000,NaN,NaN,NaN,0
48.90,Nick ,Static,BAC,0.914,1.887,0.595,92.6,18.4,-2.197,1.378,13.812,NaN,NaN,NaN,World,Quad,104.3,NaN,13.588,NaN,1,0,CabinetD05,None,0,0,0,0,0.0000,NaN,NaN,NaN,0
49.00,Nick ,Static,BAC,0.913,1.887,0.596,92.8,18.3,-2.197,1.378,13.812,NaN,NaN,NaN,World,Quad,104.5,NaN,13.587,NaN,1,0,CabinetD05,None,0,0,0,0,0.0000,NaN,NaN,NaN,0
49.11,Nick ,Static,BAC,0.911,1.887,0.596,93.4,18.4,-2.197,1.378,13.812,NaN,NaN,NaN,World,Quad,105.1,NaN,13.587,NaN,1,0,CabinetD06,None,0,0,0,0,0.0000,NaN,NaN,NaN,0
49.21,Nick ,Static,BAC,0.910,1.888,0.596,94.0,18.2,-2.197,1.378,13.812,NaN,NaN,NaN,World,Quad,105.6,NaN,13.586,NaN,1,0,CabinetD06,None,0,0,0,0,0.0000,NaN,NaN,NaN,0
49.31,Nick ,Static,BAC,0.909,1.889,0.597,94.3,18.1,-2.197,1.378,13.812,NaN,NaN,NaN,World,Quad,105.9,NaN,13.585,NaN,1,0,CabinetD06,None,0,0,0,0,0.0000,NaN,NaN,NaN,0
49.40,Nick ,Static,BAC,0.909,1.888,0.597,94.6,18.2,-2.197,1.378,13.812,NaN,NaN,NaN,World,Quad,106.2,NaN,13.585,NaN,1,0,CabinetD06,None,0,0,0,0,0.0000,NaN,NaN,NaN,0
49.50,Nick ,Static,BAC,0.910,1.889,0.596,95.0,18.0,-2.197,1.378,13.812,NaN,NaN,NaN,World,Quad,106.6,NaN,13.586,NaN,1,0,CabinetD06,None,0,0,0,0,0.0000,NaN,NaN,NaN,0
49.61,Nick ,Static,BAC,0.912,1.889,0.594,95.2,18.0,-2.197,1.378,13.812,NaN,NaN,NaN,World,Quad,106.8,NaN,13.588,NaN,1,0,CabinetD05,None,0,0,0,0,0.0000,NaN,NaN,NaN,0
49.71,Nick ,Static,BAC,0.914,1.889,0.592,95.1,18.1,-2.197,1.378,13.812,NaN,NaN,NaN,World,Quad,106.7,NaN,13.591,NaN,1,0,CabinetD05,None,0,0,0,0,0.0000,NaN,NaN,NaN,0
49.81,Nick ,Static,BAC,0.917,1.889,0.591,94.8,18.1,-2.197,1.378,13.812,NaN,NaN,NaN,World,Quad,106.5,NaN,13.593,NaN,1,0,CabinetD05,None,0,0,0,0,0.0000,NaN,NaN,NaN,0
49.90,Nick ,Static,BAC,0.921,1.888,0.589,94.5,18.3,-2.197,1.378,13.812,NaN,NaN,NaN,World,Quad,106.1,NaN,13.595,NaN,1,0,CabinetD05,None,0,0,0,0,0.0000,NaN,NaN,NaN,0
50.00,Nick ,Static,BAC,0.924,1.888,0.588,94.4,18.5,-2.197,1.378,13.812,NaN,NaN,NaN,World,Quad,106.0,NaN,13.598,NaN,1,0,CabinetD05,None,0,0,0,0,0.0000,NaN,NaN,NaN,0
50.11,Nick ,Static,BAC,0.927,1.888,0.587,94.4,18.5,-2.197,1.378,13.812,NaN,NaN,NaN,World,Quad,106.0,NaN,13.599,NaN,1,0,CabinetD05,None,0,0,0,0,0.0000,NaN,NaN,NaN,0
50.21,Nick ,Static,BAC,0.929,1.887,0.587,94.6,18.5,-2.197,1.378,13.812,NaN,NaN,NaN,World,Quad,106.2,NaN,13.600,NaN,1,0,CabinetD05,None,0,0,0,0,0.0000,NaN,NaN,NaN,0
50.31,Nick ,Static,BAC,0.930,1.888,0.587,94.7,18.4,-2.197,1.378,13.812,NaN,NaN,NaN,World,Quad,106.3,NaN,13.600,NaN,1,0,CabinetD05,None,0,0,0,0,0.0000,NaN,NaN,NaN,0
50.40,Nick ,Static,BAC,0.931,1.888,0.587,94.9,18.1,-2.197,1.378,13.812,NaN,NaN,NaN,World,Quad,106.6,NaN,13.600,NaN,1,0,CabinetD05,None,0,0,0,0,0.0000,NaN,NaN,NaN,0
50.50,Nick ,Static,BAC,0.932,1.888,0.588,95.1,18.2,-2.197,1.378,13.812,NaN,NaN,NaN,World,Quad,106.7,NaN,13.599,NaN,1,0,CabinetD05,None,0,0,0,0,0.0000,NaN,NaN,NaN,0
50.61,Nick ,Static,BAC,0.935,1.888,0.590,95.1,18.3,-2.197,1.378,13.812,NaN,NaN,NaN,World,Quad,106.8,NaN,13.598,NaN,1,0,CabinetD05,None,0,0,0,0,0.0000,NaN,NaN,NaN,0
50.71,Nick ,Static,BAC,0.937,1.888,0.592,95.0,18.4,-2.197,1.378,13.812,NaN,NaN,NaN,World,Quad,106.7,NaN,13.597,NaN,1,0,CabinetD05,None,0,0,0,0,0.0000,NaN,NaN,NaN,0
50.81,Nick ,Static,BAC,0.938,1.887,0.592,94.8,18.5,-2.197,1.378,13.812,NaN,NaN,NaN,World,Quad,106.4,NaN,13.596,NaN,1,0,CabinetD05,None,0,0,0,0,0.0000,NaN,NaN,NaN,0
50.90,Nick ,Static,BAC,0.939,1.887,0.593,94.3,18.6,-2.197,1.378,13.812,NaN,NaN,NaN,World,Quad,105.9,NaN,13.595,NaN,1,0,CabinetD05,None,0,0,0,0,0.0000,NaN,NaN,NaN,0
51.00,Nick ,Static,BAC,0.939,1.887,0.596,93.3,18.7,-2.197,1.378,13.812,NaN,NaN,NaN,World,Quad,105.0,NaN,13.592,NaN,1,0,CabinetD05,None,0,0,0,0,0.0000,NaN,NaN,NaN,0
51.11,Nick ,Static,BAC,0.938,1.886,0.598,92.5,19.0,-2.197,1.378,13.812,NaN,NaN,NaN,World,Quad,104.2,NaN,13.590,NaN,1,0,CabinetD05,None,0,0,0,0,0.0000,NaN,NaN,NaN,0
51.21,Nick ,Static,BAC,0.938,1.886,0.598,92.6,19.0,-2.197,1.378,13.812,NaN,NaN,NaN,World,Quad,104.4,NaN,13.590,NaN,1,0,CabinetD05,None,0,0,0,0,0.0000,NaN,NaN,NaN,0
51.31,Nick ,Static,BAC,0.937,1.887,0.597,92.7,18.9,-2.197,1.378,13.812,NaN,NaN,NaN,World,Quad,104.4,NaN,13.591,NaN,1,0,CabinetD05,None,0,0,0,0,0.0000,NaN,NaN,NaN,0
51.41,Nick ,Static,BAC,0.935,1.886,0.597,92.6,19.0,-2.197,1.378,13.812,NaN,NaN,NaN,World,Quad,104.3,NaN,13.591,NaN,1,0,CabinetD05,None,0,0,0,0,0.0000,NaN,NaN,NaN,0
51.50,Nick ,Static,BAC,0.934,1.886,0.597,92.5,19.1,-2.197,1.378,13.812,NaN,NaN,NaN,World,Quad,104.2,NaN,13.591,NaN,1,0,CabinetD05,None,0,0,0,0,0.0000,NaN,NaN,NaN,0
51.61,Nick ,Static,BAC,0.933,1.886,0.597,92.3,19.2,-2.197,1.378,13.812,NaN,NaN,NaN,World,Quad,104.0,NaN,13.591,NaN,1,0,CabinetD05,None,0,0,0,0,0.0000,NaN,NaN,NaN,0
51.71,Nick ,Static,BAC,0.932,1.885,0.598,91.6,19.5,-2.197,1.378,13.812,NaN,NaN,NaN,World,Quad,103.3,NaN,13.590,NaN,1,0,CabinetD05,None,0,0,0,0,0.0000,NaN,NaN,NaN,0
51.81,Nick ,Static,BAC,0.931,1.885,0.598,91.2,19.5,-2.197,1.378,13.812,NaN,NaN,NaN,World,Quad,102.9,NaN,13.589,NaN,1,0,CabinetD05,None,0,0,0,0,0.0000,NaN,NaN,NaN,0
51.90,Nick ,Static,BAC,0.931,1.885,0.598,91.6,19.6,-2.197,1.378,13.812,NaN,NaN,NaN,World,Quad,103.3,NaN,13.589,NaN,1,0,CabinetD05,None,0,0,0,0,0.0000,NaN,NaN,NaN,0
52.00,Nick ,Static,BAC,0.929,1.885,0.597,91.6,19.6,-2.197,1.378,13.812,NaN,NaN,NaN,World,Quad,103.3,NaN,13.590,NaN,1,0,CabinetD05,None,0,0,0,0,0.0000,NaN,NaN,NaN,0
52.11,Nick ,Static,BAC,0.927,1.886,0.595,92.0,19.0,-2.197,1.378,13.812,NaN,NaN,NaN,World,Quad,103.7,NaN,13.591,NaN,1,0,CabinetD05,None,0,0,0,0,0.0000,NaN,NaN,NaN,0
52.21,Nick ,Static,BAC,0.926,1.886,0.594,91.9,19.1,-2.197,1.378,13.812,NaN,NaN,NaN,World,Quad,103.6,NaN,13.592,NaN,1,0,CabinetD05,None,0,0,0,0,0.0000,NaN,NaN,NaN,0
52.31,Nick ,Static,BAC,0.925,1.886,0.592,91.8,19.3,-2.197,1.378,13.812,NaN,NaN,NaN,World,Quad,103.5,NaN,13.593,NaN,1,0,CabinetD05,None,0,0,0,0,0.0000,NaN,NaN,NaN,0
52.40,Nick ,Static,BAC,0.925,1.886,0.591,91.8,19.4,-2.197,1.378,13.812,NaN,NaN,NaN,World,Quad,103.5,NaN,13.595,NaN,1,0,CabinetD05,None,0,0,0,0,0.0000,NaN,NaN,NaN,0
52.50,Nick ,Static,BAC,0.924,1.886,0.589,91.8,19.4,-2.197,1.378,13.812,NaN,NaN,NaN,World,Quad,103.5,NaN,13.596,NaN,1,0,CabinetD05,None,0,0,0,0,0.0000,NaN,NaN,NaN,0
52.61,Nick ,Static,BAC,0.924,1.886,0.588,92.1,19.4,-2.197,1.378,13.812,NaN,NaN,NaN,World,Quad,103.7,NaN,13.597,NaN,1,0,CabinetD05,None,0,0,0,0,0.0000,NaN,NaN,NaN,0
52.71,Nick ,Static,BAC,0.924,1.886,0.587,92.2,19.5,-2.197,1.378,13.812,NaN,NaN,NaN,World,Quad,103.8,NaN,13.598,NaN,1,0,CabinetD05,None,0,0,0,0,0.0000,NaN,NaN,NaN,0
52.81,Nick ,Static,BAC,0.925,1.886,0.586,92.2,19.5,-2.197,1.378,13.812,NaN,NaN,NaN,World,Quad,103.8,NaN,13.599,NaN,1,0,CabinetD05,None,0,0,0,0,0.0000,NaN,NaN,NaN,0
52.90,Nick ,Static,BAC,0.926,1.885,0.587,92.1,19.7,-2.197,1.378,13.812,NaN,NaN,NaN,World,Quad,103.7,NaN,13.599,NaN,1,0,CabinetD05,None,0,0,0,0,0.0000,NaN,NaN,NaN,0
53.00,Nick ,Static,BAC,0.929,1.884,0.588,91.9,20.4,-2.197,1.378,13.812,NaN,NaN,NaN,World,Quad,103.5,NaN,13.598,NaN,1,0,CabinetD05,None,0,0,0,0,0.0000,NaN,NaN,NaN,0
53.11,Nick ,Static,BAC,0.931,1.883,0.589,91.8,20.9,-2.197,1.378,13.812,NaN,NaN,NaN,World,Quad,103.3,NaN,13.598,NaN,1,0,CabinetD05,None,0,0,0,0,0.0000,NaN,NaN,NaN,0
53.21,Nick ,Static,BAC,0.930,1.883,0.588,91.4,20.9,-2.197,1.378,13.812,NaN,NaN,NaN,World,Quad,102.9,NaN,13.598,NaN,1,0,CabinetD05,None,0,0,0,0,0.0000,NaN,NaN,NaN,0
53.31,Nick ,Static,BAC,0.929,1.884,0.587,91.2,20.6,-2.197,1.378,13.812,NaN,NaN,NaN,World,Quad,102.8,NaN,13.599,NaN,1,0,CabinetD05,None,0,0,0,0,0.0000,NaN,NaN,NaN,0
53.40,Nick ,Static,BAC,0.928,1.885,0.587,90.9,20.5,-2.197,1.378,13.812,NaN,NaN,NaN,World,Quad,102.5,NaN,13.599,NaN,1,0,CabinetD05,None,0,0,0,0,0.0000,NaN,NaN,NaN,0
53.50,Nick ,Static,BAC,0.927,1.884,0.589,90.7,20.8,-2.197,1.378,13.812,NaN,NaN,NaN,World,Quad,102.3,NaN,13.596,NaN,1,0,CabinetD05,None,0,0,0,0,0.0000,NaN,NaN,NaN,0
53.61,Nick ,Static,BAC,0.924,1.884,0.595,90.6,20.9,-2.197,1.378,13.812,NaN,NaN,NaN,World,Quad,102.1,NaN,13.590,NaN,1,0,CabinetD05,None,0,0,0,0,0.0000,NaN,NaN,NaN,0
53.71,Nick ,Static,BAC,0.919,1.884,0.601,90.6,20.6,-2.197,1.378,13.812,NaN,NaN,NaN,World,Quad,102.1,NaN,13.583,NaN,1,0,CabinetD05,None,0,0,0,0,0.0000,NaN,NaN,NaN,0
53.81,Nick ,Static,BAC,0.914,1.884,0.610,89.9,20.6,-2.197,1.378,13.812,NaN,NaN,NaN,World,Quad,101.5,NaN,13.573,NaN,1,0,CabinetD05,None,0,0,0,0,0.0000,NaN,NaN,NaN,0
53.90,Nick ,Static,BAC,0.908,1.882,0.621,89.1,21.1,-2.197,1.378,13.812,NaN,NaN,NaN,World,Quad,100.7,NaN,13.561,NaN,1,0,CabinetD05,None,0,0,0,0,0.0000,NaN,NaN,NaN,0
54.00,Nick ,Static,BAC,0.900,1.880,0.630,89.3,21.4,-2.197,1.378,13.812,NaN,NaN,NaN,World,Quad,100.8,NaN,13.550,NaN,1,0,CabinetD06,None,0,0,0,0,0.0000,NaN,NaN,NaN,0
54.11,Nick ,Static,BAC,0.889,1.880,0.636,91.4,20.9,-2.197,1.378,13.812,NaN,NaN,NaN,World,Quad,102.8,NaN,13.542,NaN,1,0,CabinetD06,None,0,0,0,0,0.0000,NaN,NaN,NaN,0
54.21,Nick ,Static,BAC,0.879,1.880,0.639,93.6,20.4,-2.197,1.378,13.812,NaN,NaN,NaN,World,Quad,104.9,NaN,13.537,NaN,1,0,CabinetD06,None,0,0,0,0,0.0000,NaN,NaN,NaN,0
54.31,Nick ,Static,BAC,0.872,1.879,0.642,95.3,19.8,-2.197,1.378,13.812,NaN,NaN,NaN,World,Quad,106.6,NaN,13.532,NaN,1,0,CabinetD06,None,0,0,0,0,0.0000,NaN,NaN,NaN,0
54.40,Nick ,Static,BAC,0.866,1.876,0.647,96.4,20.1,-2.197,1.378,13.812,NaN,NaN,NaN,World,Quad,107.5,NaN,13.526,NaN,1,0,CabinetD06,None,0,0,0,0,0.0000,NaN,NaN,NaN,0
54.50,Nick ,Static,BAC,0.863,1.874,0.651,96.9,20.4,-2.197,1.378,13.812,NaN,NaN,NaN,World,Quad,107.9,NaN,13.522,NaN,1,0,CabinetD06,None,0,0,0,0,0.0000,NaN,NaN,NaN,0
54.61,Nick ,Static,BAC,0.863,1.874,0.652,97.2,20.2,-2.197,1.378,13.812,NaN,NaN,NaN,World,Quad,108.2,NaN,13.520,NaN,1,0,CabinetD06,None,0,0,0,0,0.0000,NaN,NaN,NaN,0
54.71,Nick ,Static,BAC,0.867,1.876,0.650,97.1,19.6,-2.197,1.378,13.812,NaN,NaN,NaN,World,Quad,108.2,NaN,13.523,NaN,1,0,CabinetD06,None,0,0,0,0,0.0000,NaN,NaN,NaN,0
54.81,Nick ,Static,BAC,0.872,1.877,0.645,96.4,19.3,-2.197,1.378,13.812,NaN,NaN,NaN,World,Quad,107.6,NaN,13.529,NaN,1,0,CabinetD06,None,0,0,0,0,0.0000,NaN,NaN,NaN,0
54.90,Nick ,Static,BAC,0.879,1.875,0.637,95.3,20.1,-2.197,1.378,13.812,NaN,NaN,NaN,World,Quad,106.5,NaN,13.539,NaN,1,0,CabinetD06,None,0,0,0,0,0.0000,NaN,NaN,NaN,0
55.00,Nick ,Static,BAC,0.887,1.873,0.623,94.2,20.8,-2.197,1.378,13.812,NaN,NaN,NaN,World,Quad,105.4,NaN,13.554,NaN,1,0,CabinetD06,None,0,0,0,0,0.0000,NaN,NaN,NaN,0
55.11,Nick ,Static,BAC,0.899,1.874,0.599,92.6,20.9,-2.197,1.378,13.812,NaN,NaN,NaN,World,Quad,104.0,NaN,13.580,NaN,1,0,CabinetD06,None,0,0,0,0,0.0000,NaN,NaN,NaN,0
55.21,Nick ,Static,BAC,0.914,1.875,0.572,91.9,20.9,-2.197,1.378,13.812,NaN,NaN,NaN,World,Quad,103.4,NaN,13.610,NaN,1,0,CabinetD06,None,0,0,0,0,0.0000,NaN,NaN,NaN,0
55.31,Nick ,Static,BAC,0.933,1.876,0.538,93.7,20.8,-2.197,1.378,13.812,NaN,NaN,NaN,World,Quad,105.0,NaN,13.648,NaN,1,0,CabinetD05,None,0,0,0,0,0.0000,NaN,NaN,NaN,0
55.40,Nick ,Static,BAC,0.953,1.873,0.491,103.4,21.9,-2.197,1.378,13.812,NaN,NaN,NaN,World,Quad,113.8,NaN,13.698,NaN,1,0,CabinetD05,None,0,0,0,0,0.0000,NaN,NaN,NaN,0
55.50,Nick ,Static,BAC,0.974,1.867,0.446,110.6,24.9,-2.197,1.378,13.812,NaN,NaN,NaN,World,Wall4m,119.4,NaN,13.745,NaN,1,0,CabinetD05,None,0,0,0,0,0.0000,NaN,NaN,NaN,0
55.61,Nick ,Static,BAC,0.995,1.862,0.407,114.0,26.5,-2.197,1.378,13.812,NaN,NaN,NaN,World,Wall4m,121.8,NaN,13.788,NaN,1,0,CabinetD05,None,0,0,0,0,0.0000,NaN,NaN,NaN,0
55.71,Nick ,Static,BAC,1.010,1.860,0.380,115.9,27.0,-2.197,1.378,13.812,NaN,NaN,NaN,World,Wall4m,123.3,NaN,13.818,NaN,1,0,CabinetD05,None,0,0,0,0,0.0000,NaN,NaN,NaN,0
55.81,Nick ,Static,BAC,1.023,1.859,0.357,118.0,27.4,-2.197,1.378,13.812,NaN,NaN,NaN,World,Wall4m,124.8,NaN,13.844,NaN,1,0,CabinetD05,None,0,0,0,0,0.0000,NaN,NaN,NaN,0
55.90,Nick ,Static,BAC,1.034,1.858,0.336,120.1,27.9,-2.197,1.378,13.812,NaN,NaN,NaN,World,Wall4m,126.3,NaN,13.866,NaN,1,0,CabinetD05,None,0,0,0,0,0.0000,NaN,NaN,NaN,0
56.00,Nick ,Static,BAC,1.040,1.857,0.318,122.3,28.4,-2.197,1.378,13.812,NaN,NaN,NaN,World,Wall4m,127.9,NaN,13.885,NaN,1,0,CabinetD05,None,0,0,0,0,0.0000,NaN,NaN,NaN,0
56.11,Nick ,Static,BAC,1.043,1.856,0.302,125.0,28.7,-2.197,1.378,13.812,NaN,NaN,NaN,World,Wall4m,129.8,NaN,13.901,NaN,1,0,CabinetD05,None,0,0,0,0,0.0000,NaN,NaN,NaN,0
56.21,Nick ,Static,BAC,1.042,1.856,0.292,126.9,28.8,-2.197,1.378,13.812,NaN,NaN,NaN,World,Wall4m,131.1,NaN,13.911,NaN,1,0,CabinetD05,None,0,0,0,0,0.0000,NaN,NaN,NaN,0
56.31,Nick ,Static,BAC,1.039,1.856,0.284,128.0,28.9,-2.197,1.378,13.812,NaN,NaN,NaN,World,Wall4m,131.9,NaN,13.918,NaN,1,0,CabinetD05,None,0,0,0,0,0.0000,NaN,NaN,NaN,0
56.40,Nick ,Static,BAC,1.035,1.856,0.279,129.3,28.8,-2.197,1.378,13.812,NaN,NaN,NaN,World,Wall4m,132.8,NaN,13.922,NaN,1,0,CabinetD05,None,0,0,0,0,0.0000,NaN,NaN,NaN,0
56.50,Nick ,Static,BAC,1.032,1.857,0.275,130.6,28.4,-2.197,1.378,13.812,NaN,NaN,NaN,World,Wall4m,134.0,NaN,13.925,NaN,1,0,CabinetD05,None,0,0,0,0,0.0000,NaN,NaN,NaN,0
56.61,Nick ,Static,BAC,1.031,1.859,0.274,131.6,27.4,-2.197,1.378,13.812,NaN,NaN,NaN,World,Wall4m,135.3,NaN,13.926,NaN,1,0,CabinetD05,None,0,0,0,0,0.0000,NaN,NaN,NaN,0
56.71,Nick ,Static,BAC,1.031,1.859,0.275,131.7,27.2,-2.197,1.378,13.812,NaN,NaN,NaN,World,Wall4m,135.5,NaN,13.925,NaN,1,0,CabinetD05,None,0,0,0,0,0.0000,NaN,NaN,NaN,0
56.81,Nick ,Static,BAC,1.034,1.857,0.278,131.3,27.4,-2.197,1.378,13.812,NaN,NaN,NaN,World,Wall4m,135.1,NaN,13.923,NaN,1,0,CabinetD05,None,0,0,0,0,0.0000,NaN,NaN,NaN,0
56.90,Nick ,Static,BAC,1.037,1.858,0.282,129.4,27.1,-2.197,1.378,13.812,NaN,NaN,NaN,World,Wall4m,133.9,NaN,13.920,NaN,1,0,CabinetD05,None,0,0,0,0,0.0000,NaN,NaN,NaN,0
57.00,Nick ,Static,BAC,1.039,1.858,0.287,126.6,26.5,-2.197,1.378,13.812,NaN,NaN,NaN,World,Wall4m,132.1,NaN,13.915,NaN,1,0,CabinetD05,None,0,0,0,0,0.0000,NaN,NaN,NaN,0
57.11,Nick ,Static,BAC,1.040,1.858,0.293,123.4,26.4,-2.197,1.378,13.812,NaN,NaN,NaN,World,Wall4m,129.6,NaN,13.910,NaN,1,0,CabinetD05,None,0,0,0,0,0.0000,NaN,NaN,NaN,0
57.21,Nick ,Static,BAC,1.043,1.861,0.301,118.2,25.5,-2.197,1.378,13.812,NaN,NaN,NaN,World,Wall4m,125.8,NaN,13.903,NaN,1,0,CabinetD05,None,0,0,0,0,0.0000,NaN,NaN,NaN,0
57.31,Nick ,Static,BAC,1.047,1.864,0.320,105.3,23.7,-2.197,1.378,13.812,NaN,NaN,NaN,World,Wall4m,115.3,NaN,13.886,NaN,1,0,CabinetD05,None,0,0,0,0,0.0000,NaN,NaN,NaN,0
57.40,Nick ,Static,BAC,1.046,1.867,0.339,94.2,22.4,-2.197,1.378,13.812,NaN,NaN,NaN,World,Quad,105.5,NaN,13.867,NaN,1,0,CabinetD05,None,0,0,0,0,0.0000,NaN,NaN,NaN,0
57.50,Nick ,Static,BAC,1.043,1.872,0.354,87.3,20.7,-2.197,1.378,13.812,NaN,NaN,NaN,World,Quad,99.4,NaN,13.852,NaN,1,0,CabinetD05,None,0,0,0,0,0.0000,NaN,NaN,NaN,0
57.61,Nick ,Static,BAC,1.037,1.876,0.368,81.3,18.8,-2.197,1.378,13.812,NaN,NaN,NaN,World,Quad,93.9,NaN,13.836,NaN,1,0,CabinetD05,None,0,0,0,0,0.0000,NaN,NaN,NaN,0
57.71,Nick ,Static,BAC,1.033,1.877,0.375,79.0,18.6,-2.197,1.378,13.812,NaN,NaN,NaN,World,Quad,91.7,NaN,13.829,NaN,1,0,CabinetD05,None,0,0,0,0,0.0000,NaN,NaN,NaN,0
57.81,Nick ,Static,BAC,1.032,1.877,0.377,78.6,18.9,-2.197,1.378,13.812,NaN,NaN,NaN,World,Quad,91.3,NaN,13.826,NaN,1,0,CabinetD05,None,0,0,0,0,0.0000,NaN,NaN,NaN,0
57.90,Nick ,Static,BAC,1.032,1.875,0.378,78.7,19.4,-2.197,1.378,13.812,NaN,NaN,NaN,World,Quad,91.4,NaN,13.826,NaN,1,0,CabinetD05,None,0,0,0,0,0.0000,NaN,NaN,NaN,0
58.00,Nick ,Static,BAC,1.031,1.876,0.375,78.8,19.4,-2.197,1.378,13.812,NaN,NaN,NaN,World,Quad,91.4,NaN,13.828,NaN,1,0,CabinetD05,None,0,0,0,0,0.0000,NaN,NaN,NaN,0
58.11,Nick ,Static,BAC,1.031,1.876,0.370,78.8,19.3,-2.197,1.378,13.812,NaN,NaN,NaN,World,Quad,91.5,NaN,13.833,NaN,1,0,CabinetD05,None,0,0,0,0,0.0000,NaN,NaN,NaN,0
58.21,Nick ,Static,BAC,1.030,1.876,0.364,79.3,19.5,-2.197,1.378,13.812,NaN,NaN,NaN,World,Quad,91.9,NaN,13.839,NaN,1,0,CabinetD05,None,0,0,0,0,0.0000,NaN,NaN,NaN,0
58.31,Nick ,Static,BAC,1.030,1.876,0.360,80.0,19.4,-2.197,1.378,13.812,NaN,NaN,NaN,World,Quad,92.6,NaN,13.843,NaN,1,0,CabinetD05,None,0,0,0,0,0.0000,NaN,NaN,NaN,0
58.40,Nick ,Static,BAC,1.029,1.876,0.357,80.6,19.6,-2.197,1.378,13.812,NaN,NaN,NaN,World,Quad,93.2,NaN,13.846,NaN,1,0,CabinetD05,None,0,0,0,0,0.0000,NaN,NaN,NaN,0
58.50,Nick ,Static,BAC,1.029,1.876,0.354,81.0,19.6,-2.197,1.378,13.812,NaN,NaN,NaN,World,Quad,93.5,NaN,13.849,NaN,1,0,CabinetD05,None,0,0,0,0,0.0000,NaN,NaN,NaN,0
58.61,Nick ,Static,BAC,1.030,1.875,0.353,81.1,20.0,-2.197,1.378,13.812,NaN,NaN,NaN,World,Quad,93.6,NaN,13.850,NaN,1,0,CabinetD05,None,0,0,0,0,0.0000,NaN,NaN,NaN,0
58.71,Nick ,Static,BAC,1.031,1.873,0.355,79.8,20.5,-2.197,1.378,13.812,NaN,NaN,NaN,World,Quad,92.4,NaN,13.848,NaN,1,0,CabinetD05,None,0,0,0,0,0.0000,NaN,NaN,NaN,0
58.81,Nick ,Static,BAC,1.033,1.873,0.356,78.9,20.5,-2.197,1.378,13.812,NaN,NaN,NaN,World,Quad,91.5,NaN,13.847,NaN,1,0,CabinetD05,None,0,0,0,0,0.0000,NaN,NaN,NaN,0
58.90,Nick ,Static,BAC,1.034,1.872,0.354,79.5,20.7,-2.197,1.378,13.812,NaN,NaN,NaN,World,Quad,92.1,NaN,13.850,NaN,1,0,CabinetD05,None,0,0,0,0,0.0000,NaN,NaN,NaN,0
59.00,Nick ,Static,BAC,1.034,1.871,0.353,79.8,20.9,-2.197,1.378,13.812,NaN,NaN,NaN,World,Quad,92.4,NaN,13.851,NaN,1,0,CabinetD05,None,0,0,0,0,0.0000,NaN,NaN,NaN,0
59.11,Nick ,Static,BAC,1.035,1.869,0.356,79.0,21.9,-2.197,1.378,13.812,NaN,NaN,NaN,World,Quad,91.5,NaN,13.848,NaN,1,0,CabinetD05,None,0,0,0,0,0.0000,NaN,NaN,NaN,0
59.21,Nick ,Static,BAC,1.035,1.868,0.357,79.0,22.1,-2.197,1.378,13.812,NaN,NaN,NaN,World,Quad,91.6,NaN,13.847,NaN,1,0,CabinetD05,None,0,0,0,0,0.0000,NaN,NaN,NaN,0
59.31,Nick ,Static,BAC,1.034,1.868,0.359,79.6,22.1,-2.197,1.378,13.812,NaN,NaN,NaN,World,Quad,92.1,NaN,13.844,NaN,1,0,CabinetD05,None,0,0,0,0,0.0000,NaN,NaN,NaN,0
59.40,Nick ,Static,BAC,1.031,1.867,0.363,80.0,22.1,-2.197,1.378,13.812,NaN,NaN,NaN,World,Quad,92.5,NaN,13.840,NaN,1,0,CabinetD05,None,0,0,0,0,0.0000,NaN,NaN,NaN,0
59.50,Nick ,Static,BAC,1.029,1.867,0.368,80.8,22.3,-2.197,1.378,13.812,NaN,NaN,NaN,World,Quad,93.2,NaN,13.834,NaN,1,0,CabinetD05,None,0,0,0,0,0.0000,NaN,NaN,NaN,0
59.61,Nick ,Static,BAC,1.026,1.866,0.376,81.9,22.8,-2.197,1.378,13.812,NaN,NaN,NaN,World,Quad,94.1,NaN,13.826,NaN,1,0,CabinetD05,None,0,0,0,0,0.0000,NaN,NaN,NaN,0
59.71,Nick ,Static,BAC,1.022,1.869,0.385,82.4,22.7,-2.197,1.378,13.812,NaN,NaN,NaN,World,Quad,94.6,NaN,13.816,NaN,1,0,CabinetD05,None,0,0,0,0,0.0000,NaN,NaN,NaN,0
59.81,Nick ,Static,BAC,1.018,1.871,0.397,82.5,22.0,-2.197,1.378,13.812,NaN,NaN,NaN,World,Quad,94.8,NaN,13.804,NaN,1,0,CabinetD05,None,0,0,0,0,0.0000,NaN,NaN,NaN,0
59.90,Nick ,Static,BAC,1.015,1.871,0.411,83.5,22.0,-2.197,1.378,13.812,NaN,NaN,NaN,World,Quad,95.7,NaN,13.790,NaN,1,0,CabinetD05,None,0,0,0,0,0.0000,NaN,NaN,NaN,0
60.00,Nick ,Static,BAC,1.012,1.873,0.427,84.9,22.3,-2.197,1.378,13.812,NaN,NaN,NaN,World,Quad,97.0,NaN,13.773,NaN,1,0,CabinetD05,None,0,0,0,0,0.0000,NaN,NaN,NaN,0
60.11,Nick ,Static,BAC,1.008,1.876,0.448,85.3,22.1,-2.197,1.378,13.812,NaN,NaN,NaN,World,Quad,97.3,NaN,13.752,NaN,1,0,CabinetD05,None,0,0,0,0,0.0000,NaN,NaN,NaN,0
60.21,Nick ,Static,BAC,1.005,1.876,0.465,85.5,22.1,-2.197,1.378,13.812,NaN,NaN,NaN,World,Quad,97.5,NaN,13.734,NaN,1,0,CabinetD05,None,0,0,0,0,0.0000,NaN,NaN,NaN,0
60.31,Nick ,Static,BAC,1.001,1.876,0.481,86.3,22.4,-2.197,1.378,13.812,NaN,NaN,NaN,World,Quad,98.3,NaN,13.718,NaN,1,0,CabinetD05,None,0,0,0,0,0.0000,NaN,NaN,NaN,0
60.40,Nick ,Static,BAC,0.998,1.875,0.497,86.4,22.6,-2.197,1.378,13.812,NaN,NaN,NaN,World,Quad,98.3,NaN,13.702,NaN,1,0,CabinetD05,None,0,0,0,0,0.0000,NaN,NaN,NaN,0
60.50,Nick ,Static,BAC,0.993,1.874,0.509,86.3,22.8,-2.197,1.378,13.812,NaN,NaN,NaN,World,Quad,98.2,NaN,13.689,NaN,1,0,CabinetD05,None,0,0,0,0,0.0000,NaN,NaN,NaN,0
60.61,Nick ,Static,BAC,0.984,1.875,0.520,86.4,22.3,-2.197,1.378,13.812,NaN,NaN,NaN,World,Quad,98.3,NaN,13.677,NaN,1,0,CabinetD05,None,0,0,0,0,0.0000,NaN,NaN,NaN,0
60.71,Nick ,Static,BAC,0.976,1.876,0.526,86.7,21.6,-2.197,1.378,13.812,NaN,NaN,NaN,World,Quad,98.6,NaN,13.669,NaN,1,0,CabinetD05,None,0,0,0,0,0.0000,NaN,NaN,NaN,0
60.81,Nick ,Static,BAC,0.968,1.877,0.531,87.3,21.0,-2.197,1.378,13.812,NaN,NaN,NaN,World,Quad,99.2,NaN,13.662,NaN,1,0,CabinetD05,None,0,0,0,0,0.0000,NaN,NaN,NaN,0
60.90,Nick ,Static,BAC,0.963,1.878,0.536,88.2,20.6,-2.197,1.378,13.812,NaN,NaN,NaN,World,Quad,100.1,NaN,13.656,NaN,1,0,CabinetD05,None,0,0,0,0,0.0000,NaN,NaN,NaN,0
61.00,Nick ,Static,BAC,0.960,1.878,0.539,89.5,20.5,-2.197,1.378,13.812,NaN,NaN,NaN,World,Quad,101.2,NaN,13.653,NaN,1,0,CabinetD05,None,0,0,0,0,0.0000,NaN,NaN,NaN,0
61.11,Nick ,Static,BAC,0.957,1.878,0.539,91.5,20.7,-2.197,1.378,13.812,NaN,NaN,NaN,World,Quad,103.1,NaN,13.652,NaN,1,0,CabinetD05,None,0,0,0,0,0.0000,NaN,NaN,NaN,0
61.21,Nick ,Static,BAC,0.954,1.878,0.540,92.3,20.9,-2.197,1.378,13.812,NaN,NaN,NaN,World,Quad,103.9,NaN,13.650,NaN,1,0,CabinetD05,None,0,0,0,0,0.0000,NaN,NaN,NaN,0
61.31,Nick ,Static,BAC,0.951,1.878,0.542,92.1,20.7,-2.197,1.378,13.812,NaN,NaN,NaN,World,Quad,103.7,NaN,13.648,NaN,1,0,CabinetD05,None,0,0,0,0,0.0000,NaN,NaN,NaN,0
61.40,Nick ,Static,BAC,0.948,1.879,0.544,92.2,20.2,-2.197,1.378,13.812,NaN,NaN,NaN,World,Quad,103.8,NaN,13.645,NaN,1,0,CabinetD05,None,0,0,0,0,0.0000,NaN,NaN,NaN,0
61.51,Nick ,Static,BAC,0.947,1.879,0.546,92.2,20.2,-2.197,1.378,13.812,NaN,NaN,NaN,World,Quad,103.8,NaN,13.643,NaN,1,0,CabinetD05,None,0,0,0,0,0.0000,NaN,NaN,NaN,0
61.61,Nick ,Static,BAC,0.947,1.878,0.547,92.2,20.8,-2.197,1.378,13.812,NaN,NaN,NaN,World,Quad,103.7,NaN,13.642,NaN,1,0,CabinetD05,None,0,0,0,0,0.0000,NaN,NaN,NaN,0
61.71,Nick ,Static,BAC,0.947,1.877,0.547,92.1,21.5,-2.197,1.378,13.812,NaN,NaN,NaN,World,Quad,103.5,NaN,13.642,NaN,1,0,CabinetD05,None,0,0,0,0,0.0000,NaN,NaN,NaN,0
61.81,Nick ,Static,BAC,0.947,1.877,0.546,91.9,21.6,-2.197,1.378,13.812,NaN,NaN,NaN,World,Quad,103.3,NaN,13.643,NaN,1,0,CabinetD05,None,0,0,0,0,0.0000,NaN,NaN,NaN,0
61.90,Nick ,Static,BAC,0.949,1.876,0.545,92.0,21.7,-2.197,1.378,13.812,NaN,NaN,NaN,World,Quad,103.4,NaN,13.644,NaN,1,0,CabinetD05,None,0,0,0,0,0.0000,NaN,NaN,NaN,0
62.01,Nick ,Static,BAC,0.950,1.877,0.543,91.8,21.6,-2.197,1.378,13.812,NaN,NaN,NaN,World,Quad,103.3,NaN,13.646,NaN,1,0,CabinetD05,None,0,0,0,0,0.0000,NaN,NaN,NaN,0
62.11,Nick ,Static,BAC,0.951,1.877,0.542,91.7,21.6,-2.197,1.378,13.812,NaN,NaN,NaN,World,Quad,103.2,NaN,13.648,NaN,1,0,CabinetD05,None,0,0,0,0,0.0000,NaN,NaN,NaN,0
62.21,Nick ,Static,BAC,0.951,1.877,0.539,91.9,21.5,-2.197,1.378,13.812,NaN,NaN,NaN,World,Quad,103.4,NaN,13.650,NaN,1,0,CabinetD05,None,0,0,0,0,0.0000,NaN,NaN,NaN,0
62.30,Nick ,Static,BAC,0.951,1.877,0.537,92.0,21.4,-2.197,1.378,13.812,NaN,NaN,NaN,World,Quad,103.5,NaN,13.653,NaN,1,0,CabinetD05,None,0,0,0,0,0.0000,NaN,NaN,NaN,0
62.40,Nick ,Static,BAC,0.952,1.878,0.534,92.1,21.4,-2.197,1.378,13.812,NaN,NaN,NaN,World,Quad,103.5,NaN,13.656,NaN,1,0,CabinetD05,None,0,0,0,0,0.0000,NaN,NaN,NaN,0
62.51,Nick ,Static,BAC,0.953,1.879,0.530,91.9,21.1,-2.197,1.378,13.812,NaN,NaN,NaN,World,Quad,103.4,NaN,13.660,NaN,1,0,CabinetD05,None,0,0,0,0,0.0000,NaN,NaN,NaN,0
62.61,Nick ,Static,BAC,0.954,1.879,0.527,91.8,20.9,-2.197,1.378,13.812,NaN,NaN,NaN,World,Quad,103.4,NaN,13.663,NaN,1,0,CabinetD05,None,0,0,0,0,0.0000,NaN,NaN,NaN,0
62.71,Nick ,Static,BAC,0.955,1.880,0.523,91.5,20.9,-2.197,1.378,13.812,NaN,NaN,NaN,World,Quad,103.1,NaN,13.667,NaN,1,0,CabinetD05,None,0,0,0,0,0.0000,NaN,NaN,NaN,0
62.80,Nick ,Static,BAC,0.956,1.880,0.520,91.3,20.9,-2.197,1.378,13.812,NaN,NaN,NaN,World,Quad,102.9,NaN,13.670,NaN,1,0,CabinetD05,None,0,0,0,0,0.0000,NaN,NaN,NaN,0
62.90,Nick ,Static,BAC,0.957,1.880,0.517,91.0,20.9,-2.197,1.378,13.812,NaN,NaN,NaN,World,Quad,102.6,NaN,13.673,NaN,1,0,CabinetD05,None,0,0,0,0,0.0000,NaN,NaN,NaN,0
63.01,Nick ,Static,BAC,0.958,1.880,0.514,90.8,20.8,-2.197,1.378,13.812,NaN,NaN,NaN,World,Quad,102.4,NaN,13.677,NaN,1,0,CabinetD05,None,0,0,0,0,0.0000,NaN,NaN,NaN,0
63.11,Nick ,Static,BAC,0.961,1.880,0.512,91.1,20.8,-2.197,1.378,13.812,NaN,NaN,NaN,World,Quad,102.7,NaN,13.679,NaN,1,0,CabinetD05,None,0,0,0,0,0.0000,NaN,NaN,NaN,0
63.21,Nick ,Static,BAC,0.964,1.880,0.510,90.9,21.0,-2.197,1.378,13.812,NaN,NaN,NaN,World,Quad,102.5,NaN,13.681,NaN,1,0,CabinetD05,None,0,0,0,0,0.0000,NaN,NaN,NaN,0
63.30,Nick ,Static,BAC,0.967,1.880,0.508,90.5,21.3,-2.197,1.378,13.812,NaN,NaN,NaN,World,Quad,102.1,NaN,13.684,NaN,1,0,CabinetD05,None,0,0,0,0,0.0000,NaN,NaN,NaN,0
63.40,Nick ,Static,BAC,0.969,1.879,0.506,90.1,21.5,-2.197,1.378,13.812,NaN,NaN,NaN,World,Quad,101.7,NaN,13.687,NaN,1,0,CabinetD05,None,0,0,0,0,0.0000,NaN,NaN,NaN,0
63.51,Nick ,Static,BAC,0.972,1.880,0.502,89.7,21.5,-2.197,1.378,13.812,NaN,NaN,NaN,World,Quad,101.4,NaN,13.691,NaN,1,0,CabinetD05,None,0,0,0,0,0.0000,NaN,NaN,NaN,0
63.61,Nick ,Static,BAC,0.975,1.879,0.499,89.4,21.6,-2.197,1.378,13.812,NaN,NaN,NaN,World,Quad,101.1,NaN,13.695,NaN,1,0,CabinetD05,None,0,0,0,0,0.0000,NaN,NaN,NaN,0
63.71,Nick ,Static,BAC,0.977,1.879,0.496,89.3,21.8,-2.197,1.378,13.812,NaN,NaN,NaN,World,Quad,101.0,NaN,13.698,NaN,1,0,CabinetD05,None,0,0,0,0,0.0000,NaN,NaN,NaN,0
63.80,Nick ,Static,BAC,0.979,1.879,0.494,88.9,21.9,-2.197,1.378,13.812,NaN,NaN,NaN,World,Quad,100.6,NaN,13.701,NaN,1,0,CabinetD05,None,0,0,0,0,0.0000,NaN,NaN,NaN,0
63.90,Nick ,Static,BAC,0.981,1.879,0.493,88.4,21.7,-2.197,1.378,13.812,NaN,NaN,NaN,World,Quad,100.1,NaN,13.703,NaN,1,0,CabinetD05,None,0,0,0,0,0.0000,NaN,NaN,NaN,0
64.01,Nick ,Static,BAC,0.984,1.879,0.491,88.0,21.8,-2.197,1.378,13.812,NaN,NaN,NaN,World,Quad,99.8,NaN,13.705,NaN,1,0,CabinetD05,None,0,0,0,0,0.0000,NaN,NaN,NaN,0
64.11,Nick ,Static,BAC,0.986,1.878,0.490,87.6,22.3,-2.197,1.378,13.812,NaN,NaN,NaN,World,Quad,99.4,NaN,13.707,NaN,1,0,CabinetD05,None,0,0,0,0,0.0000,NaN,NaN,NaN,0
64.21,Nick ,Static,BAC,0.986,1.878,0.487,87.7,22.1,-2.197,1.378,13.812,NaN,NaN,NaN,World,Quad,99.5,NaN,13.709,NaN,1,0,CabinetD05,None,0,0,0,0,0.0000,NaN,NaN,NaN,0
64.30,Nick ,Static,BAC,0.987,1.879,0.485,88.0,21.9,-2.197,1.378,13.812,NaN,NaN,NaN,World,Quad,99.8,NaN,13.711,NaN,1,0,CabinetD05,None,0,0,0,0,0.0000,NaN,NaN,NaN,0
64.40,Nick ,Static,BAC,0.987,1.879,0.484,88.0,22.0,-2.197,1.378,13.812,NaN,NaN,NaN,World,Quad,99.8,NaN,13.712,NaN,1,0,CabinetD05,None,0,0,0,0,0.0000,NaN,NaN,NaN,0
64.51,Nick ,Static,BAC,0.988,1.879,0.485,88.2,21.9,-2.197,1.378,13.812,NaN,NaN,NaN,World,Quad,100.0,NaN,13.711,NaN,1,0,CabinetD05,None,0,0,0,0,0.0000,NaN,NaN,NaN,0
64.61,Nick ,Static,BAC,0.990,1.879,0.487,88.6,21.8,-2.197,1.378,13.812,NaN,NaN,NaN,World,Quad,100.3,NaN,13.710,NaN,1,0,CabinetD05,None,0,0,0,0,0.0000,NaN,NaN,NaN,0
64.71,Nick ,Static,BAC,0.992,1.879,0.489,89.3,22.0,-2.197,1.378,13.812,NaN,NaN,NaN,World,Quad,101.0,NaN,13.709,NaN,1,0,CabinetD05,None,0,0,0,0,0.0000,NaN,NaN,NaN,0
64.80,Nick ,Static,BAC,0.995,1.878,0.490,89.8,22.7,-2.197,1.378,13.812,NaN,NaN,NaN,World,Quad,101.4,NaN,13.708,NaN,1,0,CabinetD05,None,0,0,0,0,0.0000,NaN,NaN,NaN,0
64.90,Nick ,Static,BAC,0.997,1.877,0.493,90.3,22.9,-2.197,1.378,13.812,NaN,NaN,NaN,World,Quad,101.8,NaN,13.706,NaN,1,0,CabinetD05,None,0,0,0,0,0.0000,NaN,NaN,NaN,0
65.01,Nick ,Static,BAC,0.998,1.877,0.496,90.2,22.8,-2.197,1.378,13.812,NaN,NaN,NaN,World,Quad,101.7,NaN,13.703,NaN,1,0,CabinetD05,None,0,0,0,0,0.0000,NaN,NaN,NaN,0
65.11,Nick ,Static,BAC,0.998,1.876,0.498,89.9,23.0,-2.197,1.378,13.812,NaN,NaN,NaN,World,Quad,101.4,NaN,13.701,NaN,1,0,CabinetD05,None,0,0,0,0,0.0000,NaN,NaN,NaN,0
65.21,Nick ,Static,BAC,0.997,1.876,0.498,90.2,22.8,-2.197,1.378,13.812,NaN,NaN,NaN,World,Quad,101.7,NaN,13.701,NaN,1,0,CabinetD05,None,0,0,0,0,0.0000,NaN,NaN,NaN,0
65.30,Nick ,Static,BAC,0.996,1.877,0.498,90.1,22.6,-2.197,1.378,13.812,NaN,NaN,NaN,World,Quad,101.7,NaN,13.701,NaN,1,0,CabinetD05,None,0,0,0,0,0.0000,NaN,NaN,NaN,0
65.40,Nick ,Static,BAC,0.995,1.877,0.498,89.9,22.4,-2.197,1.378,13.812,NaN,NaN,NaN,World,Quad,101.5,NaN,13.701,NaN,1,0,CabinetD05,None,0,0,0,0,0.0000,NaN,NaN,NaN,0
65.51,Nick ,Static,BAC,0.995,1.877,0.498,89.4,22.3,-2.197,1.378,13.812,NaN,NaN,NaN,World,Quad,101.0,NaN,13.700,NaN,1,0,CabinetD05,None,0,0,0,0,0.0000,NaN,NaN,NaN,0
65.61,Nick ,Static,BAC,0.996,1.877,0.497,88.8,22.4,-2.197,1.378,13.812,NaN,NaN,NaN,World,Quad,100.6,NaN,13.702,NaN,1,0,CabinetD05,None,0,0,0,0,0.0000,NaN,NaN,NaN,0
65.71,Nick ,Static,BAC,0.997,1.877,0.494,88.3,22.3,-2.197,1.378,13.812,NaN,NaN,NaN,World,Quad,100.0,NaN,13.705,NaN,1,0,CabinetD05,None,0,0,0,0,0.0000,NaN,NaN,NaN,0
65.80,Nick ,Static,BAC,0.999,1.878,0.488,87.6,22.2,-2.197,1.378,13.812,NaN,NaN,NaN,World,Quad,99.4,NaN,13.711,NaN,1,0,CabinetD05,None,0,0,0,0,0.0000,NaN,NaN,NaN,0
65.90,Nick ,Static,BAC,1.002,1.878,0.481,86.9,22.3,-2.197,1.378,13.812,NaN,NaN,NaN,World,Quad,98.8,NaN,13.719,NaN,1,0,CabinetD05,None,0,0,0,0,0.0000,NaN,NaN,NaN,0
66.01,Nick ,Static,BAC,1.008,1.878,0.473,85.0,22.4,-2.197,1.378,13.812,NaN,NaN,NaN,World,Quad,97.1,NaN,13.728,NaN,1,0,CabinetD05,None,0,0,0,0,0.0000,NaN,NaN,NaN,0
66.11,Nick ,Static,BAC,1.016,1.875,0.463,82.9,23.1,-2.197,1.378,13.812,NaN,NaN,NaN,World,Quad,95.1,NaN,13.739,NaN,1,0,CabinetD05,None,0,0,0,0,0.0000,NaN,NaN,NaN,0
66.21,Nick ,Static,BAC,1.024,1.872,0.452,80.5,24.5,-2.197,1.378,13.812,NaN,NaN,NaN,World,Quad,92.8,NaN,13.752,NaN,1,0,CabinetD05,None,0,0,0,0,0.0000,NaN,NaN,NaN,0
66.30,Nick ,Static,BAC,1.027,1.874,0.451,72.7,23.8,-2.197,1.378,13.812,NaN,NaN,NaN,World,Quad,85.8,NaN,13.754,NaN,1,0,CabinetD05,None,0,0,0,0,0.0000,NaN,NaN,NaN,0
66.40,Nick ,Static,BAC,1.017,1.878,0.470,47.8,21.7,-2.197,1.378,13.812,NaN,NaN,NaN,World,Wall4m,62.7,NaN,13.732,NaN,1,0,CabinetD05,None,0,0,0,0,0.0000,NaN,NaN,NaN,0
66.51,Nick ,Static,BAC,0.995,1.877,0.486,21.3,20.8,-2.197,1.378,13.812,NaN,NaN,NaN,World,CabinetDCorner02,38.7,NaN,13.712,NaN,1,0,CabinetD05,None,0,0,0,0,0.0000,NaN,NaN,NaN,0
66.61,Nick ,Static,BAC,0.986,1.872,0.489,10.9,22.6,-2.197,1.378,13.812,NaN,NaN,NaN,World,Wall4m,31.3,NaN,13.707,NaN,1,0,CabinetD05,None,0,0,0,0,0.0000,NaN,NaN,NaN,0
66.71,Nick ,Static,BAC,0.984,1.871,0.490,8.7,23.9,-2.197,1.378,13.812,NaN,NaN,NaN,World,CabinetD05Door,30.6,NaN,13.706,NaN,1,0,CabinetD05,None,0,0,0,0,0.0000,NaN,NaN,NaN,0
66.80,Nick ,Static,BAC,0.979,1.871,0.496,3.2,23.2,-2.197,1.378,13.812,NaN,NaN,NaN,World,Wall4m,26.6,NaN,13.698,NaN,1,0,CabinetD05,None,0,0,0,0,0.0000,NaN,NaN,NaN,0
66.90,Nick ,Static,BAC,0.970,1.875,0.507,355.5,21.0,-2.197,1.378,13.812,NaN,NaN,NaN,World,Wall4m,20.8,NaN,13.685,NaN,1,0,CabinetD05,None,1,0,0,0,0.0000,NaN,NaN,NaN,0
67.01,Nick ,Static,BAC,0.951,1.876,0.523,346.5,19.3,-2.197,1.378,13.812,NaN,NaN,NaN,World,Wall4m,17.2,NaN,13.666,NaN,1,0,CabinetD05,None,1,0,0,0,0.0000,NaN,NaN,NaN,0
67.11,Nick ,Static,BAC,0.926,1.876,0.535,339.5,18.6,-2.197,1.378,13.812,NaN,NaN,NaN,World,Wall4m,17.9,NaN,13.649,NaN,1,0,CabinetD06,None,1,0,0,0,0.0000,NaN,NaN,NaN,0
67.21,Nick ,Static,BAC,0.891,1.879,0.547,331.4,16.6,-2.197,1.378,13.812,NaN,NaN,NaN,World,CabinetD06,21.0,NaN,13.629,NaN,1,0,CabinetD06,None,1,0,0,0,0.0000,NaN,NaN,NaN,0
67.30,Nick ,Static,BAC,0.848,1.881,0.558,319.7,14.9,-2.197,1.378,13.812,NaN,NaN,NaN,World,CabinetD06Door,29.9,NaN,13.609,NaN,1,0,CabinetD06,None,0,0,0,0,0.0000,NaN,NaN,NaN,0
67.40,Nick ,Static,BAC,0.808,1.878,0.571,314.4,15.4,-2.197,1.378,13.812,NaN,NaN,NaN,World,Wall4m,34.9,NaN,13.588,NaN,1,0,CabinetD06,None,0,0,0,0,0.0000,NaN,NaN,NaN,0
67.51,Nick ,Static,BAC,0.767,1.878,0.588,311.2,14.7,-2.197,1.378,13.812,NaN,NaN,NaN,World,Wall4m,37.8,NaN,13.561,NaN,1,0,CabinetD06,None,0,0,0,0,0.0000,NaN,NaN,NaN,0
67.61,Nick ,Static,BAC,0.740,1.883,0.601,305.6,15.1,-2.197,1.378,13.812,NaN,NaN,NaN,World,Wall4m,43.2,NaN,13.544,NaN,1,0,CabinetD06,None,0,0,0,0,0.0000,NaN,NaN,NaN,0
67.71,Nick ,Static,BAC,0.720,1.888,0.611,297.1,15.3,-2.197,1.378,13.812,NaN,NaN,NaN,World,Refrigerator03_Door01,51.4,NaN,13.530,NaN,1,0,CabinetD06,None,0,0,0,0,0.0000,NaN,NaN,NaN,0
67.80,Nick ,Static,BAC,0.711,1.882,0.611,285.1,17.2,-2.197,1.378,13.812,NaN,NaN,NaN,World,Refrigerator03_Door01,63.1,NaN,13.527,NaN,1,0,CabinetD06,None,0,0,0,0,0.0000,NaN,NaN,NaN,0
67.90,Nick ,Static,BAC,0.721,1.878,0.596,261.6,16.3,-2.197,1.378,13.812,NaN,NaN,NaN,World,Refrigerator03,85.5,NaN,13.544,NaN,1,0,CabinetD06,None,0,0,0,0,0.0000,NaN,NaN,NaN,0
68.01,Nick ,Static,BAC,0.749,1.881,0.601,246.7,17.3,-2.197,1.378,13.812,NaN,NaN,NaN,World,Refrigerator03,99.6,NaN,13.545,NaN,1,0,CabinetD06,None,0,0,0,0,0.0000,NaN,NaN,NaN,0
68.11,Nick ,Static,BAC,0.764,1.882,0.613,241.6,16.9,-2.197,1.378,13.812,NaN,NaN,NaN,World,Refrigerator03,104.4,NaN,13.536,NaN,1,0,CabinetD06,None,0,0,0,0,0.0000,NaN,NaN,NaN,0
68.21,Nick ,Static,BAC,0.768,1.881,0.617,241.2,18.7,-2.197,1.378,13.812,NaN,NaN,NaN,World,Refrigerator03,104.6,NaN,13.533,NaN,1,0,CabinetD06,None,0,0,0,0,0.0000,NaN,NaN,NaN,0
68.30,Nick ,Static,BAC,0.763,1.879,0.609,242.9,21.0,-2.197,1.378,13.812,NaN,NaN,NaN,World,Refrigerator03,102.7,NaN,13.540,NaN,1,0,CabinetD06,None,0,0,0,0,0.0000,NaN,NaN,NaN,0
68.40,Nick ,Static,BAC,0.745,1.878,0.587,244.4,20.7,-2.197,1.378,13.812,NaN,NaN,NaN,World,Refrigerator03,101.4,NaN,13.558,NaN,1,0,CabinetD06,None,0,0,0,0,0.0000,NaN,NaN,NaN,0
68.51,Nick ,Static,BAC,0.718,1.877,0.541,242.1,19.2,-2.197,1.378,13.812,NaN,NaN,NaN,World,Refrigerator03,103.9,NaN,13.597,NaN,1,0,CabinetD06,None,0,0,0,0,0.0000,NaN,NaN,NaN,0
68.61,Nick ,Static,BAC,0.685,1.873,0.492,241.1,18.6,-2.197,1.378,13.812,NaN,NaN,NaN,World,Refrigerator03,105.1,NaN,13.637,NaN,1,0,CabinetD06,None,0,0,0,0,0.0000,NaN,NaN,NaN,0
68.71,Nick ,Static,BAC,0.644,1.871,0.438,242.4,17.8,-2.197,1.378,13.812,NaN,NaN,NaN,World,Refrigerator03,104.2,NaN,13.681,NaN,1,0,CabinetD06,None,0,0,0,0,0.0000,NaN,NaN,NaN,0
68.80,Nick ,Static,BAC,0.603,1.873,0.387,243.4,19.9,-2.197,1.378,13.812,NaN,NaN,NaN,World,Refrigerator03_Door02,103.2,NaN,13.723,NaN,1,0,CabinetD06,None,0,0,0,0,0.0000,NaN,NaN,NaN,0
68.90,Nick ,Static,BAC,0.565,1.878,0.347,244.6,19.7,-2.197,1.378,13.812,NaN,NaN,NaN,World,Refrigerator03,102.2,NaN,13.755,NaN,1,0,CabinetD06,None,0,0,0,0,0.0000,NaN,NaN,NaN,0
69.01,Nick ,Static,BAC,0.513,1.881,0.311,247.3,20.4,-2.197,1.378,13.812,NaN,NaN,NaN,World,Refrigerator03,99.9,NaN,13.780,NaN,1,0,CabinetD06,None,0,0,0,0,0.0000,NaN,NaN,NaN,0
69.11,Nick ,Static,BAC,0.462,1.876,0.287,249.3,22.0,-2.197,1.378,13.812,NaN,NaN,NaN,World,Refrigerator03,98.1,NaN,13.794,NaN,1,0,CabinetD06,None,0,0,0,0,0.0000,NaN,NaN,NaN,0
69.21,Nick ,Static,BAC,0.408,1.867,0.268,249.3,23.0,-2.197,1.378,13.812,NaN,NaN,NaN,World,Refrigerator03,98.2,NaN,13.801,NaN,1,0,CabinetD06Door,None,0,0,0,0,0.0000,NaN,NaN,NaN,0
69.30,Nick ,Static,BAC,0.350,1.856,0.258,247.5,23.8,-2.197,1.378,13.812,NaN,NaN,NaN,World,Refrigerator03,100.0,NaN,13.800,NaN,1,0,CabinetD06Door,None,0,0,0,0,0.0000,NaN,NaN,NaN,0
69.40,Nick ,Static,BAC,0.283,1.850,0.257,247.8,23.4,-2.197,1.378,13.812,NaN,NaN,NaN,World,Refrigerator03,100.1,NaN,13.788,NaN,1,0,CabinetD06Door,None,0,0,0,0,0.0000,NaN,NaN,NaN,0
69.51,Nick ,Static,BAC,0.200,1.856,0.257,248.2,24.1,-2.197,1.378,13.812,NaN,NaN,NaN,World,Refrigerator03,99.9,NaN,13.774,NaN,1,0,CabinetD07,None,0,0,0,0,0.0000,NaN,NaN,NaN,0
69.61,Nick ,Static,BAC,0.139,1.863,0.256,248.2,24.4,-2.197,1.378,13.812,NaN,NaN,NaN,World,Refrigerator03,100.1,NaN,13.765,NaN,1,0,CabinetD07,None,0,0,0,0,0.0000,NaN,NaN,NaN,0
69.71,Nick ,Static,BAC,0.093,1.864,0.252,247.4,24.9,-2.197,1.378,13.812,NaN,NaN,NaN,World,Refrigerator03,100.9,NaN,13.761,NaN,1,0,CabinetD07,None,0,0,0,0,0.0000,NaN,NaN,NaN,0
69.80,Nick ,Static,BAC,0.066,1.866,0.247,249.0,26.0,-2.197,1.378,13.812,NaN,NaN,NaN,World,Refrigerator03,99.4,NaN,13.761,NaN,1,0,CabinetD07,None,0,0,0,0,0.0000,NaN,NaN,NaN,0
69.90,Nick ,Static,BAC,0.054,1.867,0.240,251.1,26.1,-2.197,1.378,13.812,NaN,NaN,NaN,World,Refrigerator03,97.6,NaN,13.766,NaN,1,0,CabinetD07,None,0,0,0,0,0.0000,NaN,NaN,NaN,0
70.01,Nick ,Static,BAC,0.057,1.865,0.225,255.1,27.1,-2.197,1.378,13.812,NaN,NaN,NaN,World,Refrigerator03,93.9,NaN,13.781,NaN,1,0,CabinetD07,None,0,0,0,0,0.0000,NaN,NaN,NaN,0
70.11,Nick ,Static,BAC,0.071,1.864,0.206,260.5,27.7,-2.197,1.378,13.812,NaN,NaN,NaN,World,Refrigerator03,89.1,NaN,13.802,NaN,1,0,CabinetD07,None,0,0,0,0,0.0000,NaN,NaN,NaN,0
70.21,Nick ,Static,BAC,0.096,1.859,0.187,268.7,27.8,-2.197,1.378,13.812,NaN,NaN,NaN,World,Refrigerator03,81.8,NaN,13.825,NaN,1,0,CabinetD07,None,0,0,0,0,0.0000,NaN,NaN,NaN,0
70.30,Nick ,Static,BAC,0.132,1.851,0.176,280.6,28.2,-2.197,1.378,13.812,NaN,NaN,NaN,World,Refrigerator03,71.2,NaN,13.842,NaN,1,0,CabinetD07,None,0,0,0,0,0.0000,NaN,NaN,NaN,0
70.40,Nick ,Static,BAC,0.168,1.854,0.176,297.7,27.9,-2.197,1.378,13.812,NaN,NaN,NaN,World,Refrigerator03,56.3,NaN,13.848,NaN,1,0,CabinetD07,None,0,0,0,0,0.0000,NaN,NaN,NaN,0
70.51,Nick ,Static,BAC,0.218,1.851,0.186,316.1,29.6,-2.197,1.378,13.812,NaN,NaN,NaN,World,Refrigerator03_Door01,42.4,NaN,13.847,NaN,1,0,CabinetD07,None,0,0,0,0,0.0000,NaN,NaN,NaN,0
70.61,Nick ,Static,BAC,0.280,1.849,0.202,334.2,31.5,-2.197,1.378,13.812,NaN,NaN,NaN,World,CabinetD04,33.0,NaN,13.842,NaN,1,0,CabinetD06Door,None,0,0,0,0,0.0000,NaN,NaN,NaN,0
70.71,Nick ,Static,BAC,0.354,1.854,0.214,354.9,29.0,-2.197,1.378,13.812,NaN,NaN,NaN,World,CabinetD02,27.6,NaN,13.843,NaN,1,0,CabinetD06Door,None,0,0,0,0,0.0000,NaN,NaN,NaN,0
70.80,Nick ,Static,BAC,0.426,1.856,0.224,9.7,26.9,-2.197,1.378,13.812,NaN,NaN,NaN,World,CabinetD01,31.8,NaN,13.847,NaN,1,0,CabinetD06,None,0,0,0,0,0.0000,NaN,NaN,NaN,0
70.90,Nick ,Static,BAC,0.493,1.857,0.243,19.5,25.4,-2.197,1.378,13.812,NaN,NaN,NaN,World,MixingBowl,37.7,NaN,13.841,NaN,1,0,CabinetD06,None,0,0,0,0,0.0000,NaN,NaN,NaN,0
71.01,Nick ,Static,BAC,0.569,1.855,0.282,24.6,23.9,-2.197,1.378,13.812,NaN,NaN,NaN,World,MixingBowl,41.3,NaN,13.818,NaN,1,0,CabinetD06,None,0,0,0,0,0.0000,NaN,NaN,NaN,0
71.11,Nick ,Static,BAC,0.640,1.852,0.324,25.1,24.6,-2.197,1.378,13.812,NaN,NaN,NaN,World,CabinetDCorner01,42.2,NaN,13.792,NaN,1,0,CabinetD06,None,0,0,0,0,0.0000,NaN,NaN,NaN,0
71.21,Nick ,Static,BAC,0.703,1.856,0.364,24.5,24.5,-2.197,1.378,13.812,NaN,NaN,NaN,World,CabinetDCorner01,41.9,NaN,13.765,NaN,1,0,CabinetD06,None,0,0,0,0,0.0000,NaN,NaN,NaN,0
71.30,Nick ,Static,BAC,0.752,1.867,0.400,24.6,23.4,-2.197,1.378,13.812,NaN,NaN,NaN,World,Wall4m,41.7,NaN,13.742,NaN,1,0,CabinetD06,None,0,0,0,0,0.0000,NaN,NaN,NaN,0
71.40,Nick ,Static,BAC,0.787,1.873,0.438,24.0,22.6,-2.197,1.378,13.812,NaN,NaN,NaN,World,CabinetDCorner02,41.0,NaN,13.712,NaN,1,0,CabinetD06,None,0,0,0,0,0.0000,NaN,NaN,NaN,0
71.51,Nick ,Static,BAC,0.817,1.874,0.489,22.4,22.7,-2.197,1.378,13.812,NaN,NaN,NaN,World,CabinetDCorner02,39.8,NaN,13.669,NaN,1,0,CabinetD06,None,0,0,0,0,0.0000,NaN,NaN,NaN,0
71.61,Nick ,Static,BAC,0.840,1.871,0.542,22.7,21.9,-2.197,1.378,13.812,NaN,NaN,NaN,World,CabinetDCorner02,39.9,NaN,13.622,NaN,1,0,CabinetD06,None,0,0,0,0,0.0000,NaN,NaN,NaN,0
71.71,Nick ,Static,BAC,0.857,1.863,0.610,23.9,21.0,-2.197,1.378,13.812,NaN,NaN,NaN,World,CabinetDCorner02,40.7,NaN,13.560,NaN,1,0,CabinetD06,None,0,0,0,0,0.0000,NaN,NaN,NaN,0
71.80,Nick ,Static,BAC,0.869,1.851,0.687,24.4,21.5,-2.197,1.378,13.812,NaN,NaN,NaN,World,CabinetDCorner02,41.4,NaN,13.487,NaN,1,0,CabinetD06,None,0,0,0,0,0.0000,NaN,NaN,NaN,0
71.90,Nick ,Static,BAC,0.879,1.854,0.767,24.3,22.6,-2.197,1.378,13.812,NaN,NaN,NaN,World,CabinetDCorner02,41.8,NaN,13.411,NaN,1,0,CabinetD05,None,0,0,0,0,0.0000,NaN,NaN,NaN,0
72.01,Nick ,Static,BAC,0.893,1.861,0.843,24.2,22.5,-2.197,1.378,13.812,NaN,NaN,NaN,World,CabinetD05Door,41.8,NaN,13.341,NaN,1,0,CabinetD05,None,0,0,0,0,0.0000,NaN,NaN,NaN,0
72.11,Nick ,Static,BAC,0.911,1.866,0.894,25.2,22.7,-2.197,1.378,13.812,NaN,NaN,NaN,World,CabinetD05Door,42.8,NaN,13.296,NaN,1,0,CabinetD05,None,0,0,0,0,0.0000,NaN,NaN,NaN,0
72.21,Nick ,Static,BAC,0.934,1.867,0.935,26.3,23.9,-2.197,1.378,13.812,NaN,NaN,NaN,World,CabinetDCorner02,44.3,NaN,13.261,NaN,1,0,CabinetD05,None,0,0,0,0,0.0000,NaN,NaN,NaN,0
72.30,Nick ,Static,BAC,0.964,1.862,0.972,26.2,25.8,-2.197,1.378,13.812,NaN,NaN,NaN,World,CabinetDCorner02,45.1,NaN,13.232,NaN,1,0,CabinetD05,None,0,0,0,0,0.0000,NaN,NaN,NaN,0
72.40,Nick ,Static,BAC,1.003,1.855,1.007,24.8,27.3,-2.197,1.378,13.812,NaN,NaN,NaN,World,CabinetDCorner02,44.9,NaN,13.208,NaN,1,0,CabinetD05,None,0,0,0,0,0.0000,NaN,NaN,NaN,0
72.51,Nick ,Static,BAC,1.056,1.848,1.051,21.5,27.5,-2.197,1.378,13.812,NaN,NaN,NaN,World,CabinetDCorner02,42.6,NaN,13.178,NaN,1,0,CabinetD05,None,0,0,0,0,0.0000,NaN,NaN,NaN,0
72.61,Nick ,Static,BAC,1.108,1.846,1.092,17.3,28.6,-2.197,1.378,13.812,NaN,NaN,NaN,World,CabinetDCorner02,40.3,NaN,13.151,NaN,1,0,CabinetD05,None,0,0,0,0,0.0000,NaN,NaN,NaN,0
72.71,Nick ,Static,BAC,1.155,1.852,1.129,11.8,28.9,-2.197,1.378,13.812,NaN,NaN,NaN,World,CabinetDCorner02,36.9,NaN,13.127,NaN,1,0,CabinetD05Door,None,0,0,0,0,0.0000,NaN,NaN,NaN,0
72.80,Nick ,Static,BAC,1.193,1.853,1.164,7.5,28.5,-2.197,1.378,13.812,NaN,NaN,NaN,World,CabinetDCorner02,34.0,NaN,13.103,NaN,1,0,CabinetD05Door,None,0,0,0,0,0.0000,NaN,NaN,NaN,0
72.90,Nick ,Static,BAC,1.220,1.850,1.194,3.4,29.5,-2.197,1.378,13.812,NaN,NaN,NaN,World,CabinetDCorner02,32.6,NaN,13.081,NaN,1,0,CabinetD05Door,None,0,0,0,0,0.0000,NaN,NaN,NaN,0
73.01,Nick ,Static,BAC,1.242,1.844,1.221,359.9,30.3,-2.197,1.378,13.812,NaN,NaN,NaN,World,CabinetDCorner02,31.7,NaN,13.061,NaN,1,0,CabinetD05Door,None,0,0,0,0,0.0000,NaN,NaN,NaN,0
73.11,Nick ,Static,BAC,1.253,1.840,1.235,357.8,31.9,-2.197,1.378,13.812,NaN,NaN,NaN,World,CabinetDCorner02,32.3,NaN,13.050,NaN,1,0,CabinetD05Door,None,0,0,0,0,0.0000,NaN,NaN,NaN,0
73.21,Nick ,Static,BAC,1.259,1.837,1.242,357.4,33.1,-2.197,1.378,13.812,NaN,NaN,NaN,World,CabinetDCorner02,33.3,NaN,13.045,NaN,1,0,CabinetD05Door,None,0,0,0,0,0.0000,NaN,NaN,NaN,0
73.30,Nick ,Static,BAC,1.259,1.836,1.243,357.9,33.6,-2.197,1.378,13.812,NaN,NaN,NaN,World,CabinetDCorner02,33.9,NaN,13.044,NaN,1,0,CabinetD05Door,None,0,0,0,0,0.0000,NaN,NaN,NaN,0
73.40,Nick ,Static,BAC,1.256,1.836,1.237,359.8,34.0,-2.197,1.378,13.812,NaN,NaN,NaN,World,CabinetDCorner02,35.0,NaN,13.049,NaN,1,0,CabinetD05Door,None,0,0,0,0,0.0000,NaN,NaN,NaN,0
73.51,Nick ,Static,BAC,1.243,1.838,1.219,5.0,34.6,-2.197,1.378,13.812,NaN,NaN,NaN,World,CabinetDCorner02,37.6,NaN,13.063,NaN,1,0,CabinetD05Door,None,0,0,0,0,0.0000,NaN,NaN,NaN,0
73.61,Nick ,Static,BAC,1.226,1.837,1.197,10.6,35.1,-2.197,1.378,13.812,NaN,NaN,NaN,World,CabinetDCorner02,40.8,NaN,13.080,NaN,1,0,CabinetD05Door,None,0,0,0,0,0.0000,NaN,NaN,NaN,0
73.71,Nick ,Static,BAC,1.207,1.831,1.165,20.8,37.2,-2.197,1.378,13.812,NaN,NaN,NaN,World,CabinetDCorner02,48.2,NaN,13.105,NaN,1,0,CabinetD05Door,None,0,0,0,0,0.0000,NaN,NaN,NaN,0
73.80,Nick ,Static,BAC,1.179,1.825,1.125,32.9,38.3,-2.197,1.378,13.812,NaN,NaN,NaN,World,CabinetDCorner02,56.8,NaN,13.137,NaN,1,0,CabinetD05Door,None,0,0,0,0,0.0000,NaN,NaN,NaN,0
73.90,Nick ,Static,BAC,1.139,1.819,1.084,43.4,38.4,-2.197,1.378,13.812,NaN,NaN,NaN,World,CabinetDCorner02,64.2,NaN,13.166,NaN,1,0,CabinetD05Door,None,0,0,0,0,0.0000,NaN,NaN,NaN,0
74.01,Nick ,Static,BAC,1.090,1.817,1.047,50.4,38.1,-2.197,1.378,13.812,NaN,NaN,NaN,World,KitchenOven07,69.2,NaN,13.189,NaN,1,0,CabinetD05,None,0,0,0,0,0.0000,NaN,NaN,NaN,0
74.11,Nick ,Static,BAC,1.054,1.822,1.020,56.3,37.9,-2.197,1.378,13.812,NaN,NaN,NaN,World,KitchenOven07,73.6,NaN,13.206,NaN,1,0,CabinetD05,None,0,0,0,0,0.0000,NaN,NaN,NaN,0
74.21,Nick ,Static,BAC,1.024,1.827,0.993,61.4,36.6,-2.197,1.378,13.812,NaN,NaN,NaN,World,KitchenOven07,77.2,NaN,13.225,NaN,1,0,CabinetD05,None,0,0,0,0,0.0000,NaN,NaN,NaN,0
74.30,Nick ,Static,BAC,0.997,1.834,0.964,66.3,35.6,-2.197,1.378,13.812,NaN,NaN,NaN,World,KitchenOven07,80.9,NaN,13.247,NaN,1,0,CabinetD05,None,0,0,0,0,0.0000,NaN,NaN,NaN,0
74.40,Nick ,Static,BAC,0.972,1.844,0.936,70.2,33.3,-2.197,1.378,13.812,NaN,NaN,NaN,World,Wall4m,83.9,NaN,13.269,NaN,1,0,CabinetD05,None,0,0,0,0,0.0000,NaN,NaN,NaN,0
74.51,Nick ,Static,BAC,0.947,1.854,0.908,71.6,30.6,-2.197,1.378,13.812,NaN,NaN,NaN,World,Wall4m,84.9,NaN,13.290,NaN,1,0,CabinetD05,None,0,0,0,0,0.0000,NaN,NaN,NaN,0
74.61,Nick ,Static,BAC,0.932,1.860,0.882,71.7,29.1,-2.197,1.378,13.812,NaN,NaN,NaN,World,Wall4m,84.9,NaN,13.312,NaN,1,0,CabinetD05,None,0,0,0,0,0.0000,NaN,NaN,NaN,0
74.71,Nick ,Static,BAC,0.923,1.863,0.844,74.2,27.6,-2.197,1.378,13.812,NaN,NaN,NaN,World,Wall4m,87.1,NaN,13.347,NaN,1,0,CabinetD05,None,0,0,0,0,0.0000,NaN,NaN,NaN,0
74.80,Nick ,Static,BAC,0.917,1.863,0.792,77.8,26.7,-2.197,1.378,13.812,NaN,NaN,NaN,World,Quad,90.2,NaN,13.396,NaN,1,0,CabinetD05,None,0,0,0,0,0.0000,NaN,NaN,NaN,0
74.90,Nick ,Static,BAC,0.913,1.860,0.731,78.7,25.6,-2.197,1.378,13.812,NaN,NaN,NaN,World,Quad,91.0,NaN,13.454,NaN,1,0,CabinetD05,None,0,0,0,0,0.0000,NaN,NaN,NaN,0
75.01,Nick ,Static,BAC,0.906,1.853,0.657,78.5,24.8,-2.197,1.378,13.812,NaN,NaN,NaN,World,Quad,90.7,NaN,13.525,NaN,1,0,CabinetD05,None,0,0,0,0,0.0000,NaN,NaN,NaN,0
75.11,Nick ,Static,BAC,0.903,1.850,0.594,79.0,24.1,-2.197,1.378,13.812,NaN,NaN,NaN,World,Quad,91.2,NaN,13.586,NaN,1,0,CabinetD06,None,0,0,0,0,0.0000,NaN,NaN,NaN,0
75.21,Nick ,Static,BAC,0.899,1.851,0.537,79.6,24.7,-2.197,1.378,13.812,NaN,NaN,NaN,World,Quad,91.6,NaN,13.639,NaN,1,0,CabinetD06,None,0,0,0,0,0.0000,NaN,NaN,NaN,0
75.30,Nick ,Static,BAC,0.893,1.858,0.492,78.3,25.1,-2.197,1.378,13.812,NaN,NaN,NaN,World,Quad,90.4,NaN,13.682,NaN,1,0,CabinetD06,None,0,0,0,0,0.0000,NaN,NaN,NaN,0
75.40,Nick ,Static,BAC,0.885,1.862,0.456,76.3,24.7,-2.197,1.378,13.812,NaN,NaN,NaN,World,Quad,88.5,NaN,13.716,NaN,1,0,CabinetD06,None,0,0,0,0,0.0000,NaN,NaN,NaN,0
75.51,Nick ,Static,BAC,0.875,1.865,0.424,75.0,24.3,-2.197,1.378,13.812,NaN,NaN,NaN,World,Quad,87.3,NaN,13.745,NaN,1,0,CabinetD06,None,0,0,0,0,0.0000,NaN,NaN,NaN,0
75.61,Nick ,Static,BAC,0.865,1.867,0.401,76.2,23.8,-2.197,1.378,13.812,NaN,NaN,NaN,World,Quad,88.3,NaN,13.765,NaN,1,0,CabinetD06,None,0,0,0,0,0.0000,NaN,NaN,NaN,0
75.71,Nick ,Static,BAC,0.852,1.869,0.387,77.7,23.9,-2.197,1.378,13.812,NaN,NaN,NaN,World,Quad,89.6,NaN,13.776,NaN,1,0,CabinetD06,None,0,0,0,0,0.0000,NaN,NaN,NaN,0
75.80,Nick ,Static,BAC,0.834,1.868,0.383,78.3,23.7,-2.197,1.378,13.812,NaN,NaN,NaN,World,Quad,90.1,NaN,13.776,NaN,1,0,CabinetD06,None,0,0,0,0,0.0000,NaN,NaN,NaN,0
75.90,Nick ,Static,BAC,0.814,1.867,0.385,78.3,23.8,-2.197,1.378,13.812,NaN,NaN,NaN,World,Quad,90.0,NaN,13.770,NaN,1,0,CabinetD06,None,0,0,0,0,0.0000,NaN,NaN,NaN,0
76.01,Nick ,Static,BAC,0.786,1.864,0.389,78.0,24.1,-2.197,1.378,13.812,NaN,NaN,NaN,World,Quad,89.7,NaN,13.759,NaN,1,0,CabinetD06,None,0,0,0,0,0.0000,NaN,NaN,NaN,0
76.11,Nick ,Static,BAC,0.755,1.866,0.390,78.2,24.6,-2.197,1.378,13.812,NaN,NaN,NaN,World,Quad,89.7,NaN,13.752,NaN,1,0,CabinetD06,None,0,0,0,0,0.0000,NaN,NaN,NaN,0
76.21,Nick ,Static,BAC,0.724,1.870,0.389,79.3,22.8,-2.197,1.378,13.812,NaN,NaN,NaN,World,Quad,90.6,NaN,13.746,NaN,1,0,CabinetD06,None,0,0,0,0,0.0000,NaN,NaN,NaN,0
76.30,Nick ,Static,BAC,0.694,1.872,0.389,79.5,22.0,-2.197,1.378,13.812,NaN,NaN,NaN,World,Quad,90.8,NaN,13.740,NaN,1,0,CabinetD06,None,0,0,0,0,0.0000,NaN,NaN,NaN,0
76.40,Nick ,Static,BAC,0.667,1.873,0.389,80.4,20.8,-2.197,1.378,13.812,NaN,NaN,NaN,World,Quad,91.5,NaN,13.735,NaN,1,0,CabinetD06,None,0,0,0,0,0.0000,NaN,NaN,NaN,0
76.51,Nick ,Static,BAC,0.643,1.873,0.390,81.6,20.0,-2.197,1.378,13.812,NaN,NaN,NaN,World,Quad,92.6,NaN,13.728,NaN,1,0,CabinetD06,None,0,0,0,0,0.0000,NaN,NaN,NaN,0
76.61,Nick ,Static,BAC,0.627,1.872,0.391,82.3,19.9,-2.197,1.378,13.812,NaN,NaN,NaN,World,Quad,93.3,NaN,13.724,NaN,1,0,CabinetD06,None,0,0,0,0,0.0000,NaN,NaN,NaN,0
76.70,Nick ,Static,BAC,0.618,1.873,0.393,82.7,18.6,-2.197,1.378,13.812,NaN,NaN,NaN,World,Quad,93.7,NaN,13.720,NaN,1,0,CabinetD06,None,0,0,0,0,0.0000,NaN,NaN,NaN,0
76.80,Nick ,Static,BAC,0.614,1.872,0.396,83.4,19.0,-2.197,1.378,13.812,NaN,NaN,NaN,World,Quad,94.3,NaN,13.716,NaN,1,0,CabinetD06,None,0,0,0,0,0.0000,NaN,NaN,NaN,0
76.90,Nick ,Static,BAC,0.612,1.872,0.398,83.6,19.7,-2.197,1.378,13.812,NaN,NaN,NaN,World,Quad,94.4,NaN,13.714,NaN,1,0,CabinetD06,None,0,0,0,0,0.0000,NaN,NaN,NaN,0
77.01,Nick ,Static,BAC,0.612,1.872,0.399,84.0,19.3,-2.197,1.378,13.812,NaN,NaN,NaN,World,Quad,94.8,NaN,13.714,NaN,1,0,CabinetD06,None,0,0,0,0,0.0000,NaN,NaN,NaN,0
77.11,Nick ,Static,BAC,0.607,1.871,0.401,83.2,19.8,-2.197,1.378,13.812,NaN,NaN,NaN,World,Quad,94.0,NaN,13.710,NaN,1,0,CabinetD06,None,0,0,0,0,0.0000,NaN,NaN,NaN,0
77.20,Nick ,Static,BAC,0.610,1.872,0.399,81.4,19.5,-2.197,1.378,13.812,NaN,NaN,NaN,World,Quad,92.3,NaN,13.713,NaN,1,0,CabinetD06,None,0,0,0,0,0.0000,NaN,NaN,NaN,0
77.30,Nick ,Static,BAC,0.620,1.875,0.391,82.4,19.2,-2.197,1.378,13.812,NaN,NaN,NaN,World,Quad,93.3,NaN,13.723,NaN,1,0,CabinetD06,None,0,0,0,0,0.0000,NaN,NaN,NaN,0
77.41,Nick ,Static,BAC,0.636,1.879,0.381,84.1,18.4,-2.197,1.378,13.812,NaN,NaN,NaN,World,Quad,95.1,NaN,13.736,NaN,1,0,CabinetD06,None,0,0,0,0,0.0000,NaN,NaN,NaN,0
77.51,Nick ,Static,BAC,0.647,1.880,0.374,84.7,18.7,-2.197,1.378,13.812,NaN,NaN,NaN,World,Quad,95.6,NaN,13.745,NaN,1,0,CabinetD06,None,0,0,0,0,0.0000,NaN,NaN,NaN,0
77.61,Nick ,Static,BAC,0.656,1.882,0.370,83.9,18.6,-2.197,1.378,13.812,NaN,NaN,NaN,World,Quad,94.9,NaN,13.751,NaN,1,0,CabinetD06,None,0,0,0,0,0.0000,NaN,NaN,NaN,0
77.70,Nick ,Static,BAC,0.664,1.882,0.363,83.0,18.6,-2.197,1.378,13.812,NaN,NaN,NaN,World,Quad,94.0,NaN,13.759,NaN,1,0,CabinetD06,None,0,0,0,0,0.0000,NaN,NaN,NaN,0
77.80,Nick ,Static,BAC,0.672,1.883,0.355,83.0,18.6,-2.197,1.378,13.812,NaN,NaN,NaN,World,Quad,94.1,NaN,13.769,NaN,1,0,CabinetD06,None,0,0,0,0,0.0000,NaN,NaN,NaN,0
77.90,Nick ,Static,BAC,0.679,1.883,0.347,83.3,18.9,-2.197,1.378,13.812,NaN,NaN,NaN,World,Quad,94.4,NaN,13.778,NaN,1,0,CabinetD06,None,0,0,0,0,0.0000,NaN,NaN,NaN,0
78.01,Nick ,Static,BAC,0.685,1.884,0.338,83.5,18.8,-2.197,1.378,13.812,NaN,NaN,NaN,World,Quad,94.6,NaN,13.788,NaN,1,0,CabinetD06,None,0,0,0,0,0.0000,NaN,NaN,NaN,0
78.11,Nick ,Static,BAC,0.692,1.884,0.333,83.7,18.7,-2.197,1.378,13.812,NaN,NaN,NaN,World,Quad,94.8,NaN,13.794,NaN,1,0,CabinetD06,None,0,0,0,0,0.0000,NaN,NaN,NaN,0
78.20,Nick ,Static,BAC,0.699,1.883,0.330,83.6,19.2,-2.197,1.378,13.812,NaN,NaN,NaN,World,Quad,94.7,NaN,13.799,NaN,1,0,CabinetD06,None,0,0,0,0,0.0000,NaN,NaN,NaN,0
78.30,Nick ,Static,BAC,0.706,1.883,0.327,82.7,19.3,-2.197,1.378,13.812,NaN,NaN,NaN,World,Quad,93.9,NaN,13.803,NaN,1,0,CabinetD06,None,0,0,0,0,0.0000,NaN,NaN,NaN,0
78.41,Nick ,Static,BAC,0.715,1.884,0.327,78.2,19.1,-2.197,1.378,13.812,NaN,NaN,NaN,World,Quad,89.7,NaN,13.805,NaN,1,0,CabinetD06,None,0,0,0,0,0.0000,NaN,NaN,NaN,0
78.51,Nick ,Static,BAC,0.715,1.889,0.352,59.0,18.3,-2.197,1.378,13.812,NaN,NaN,NaN,World,Wall4m,71.5,NaN,13.781,NaN,1,0,CabinetD06,None,0,0,0,0,0.0000,NaN,NaN,NaN,0
78.61,Nick ,Static,BAC,0.691,1.884,0.378,24.9,20.0,-2.197,1.378,13.812,NaN,NaN,NaN,World,CabinetDCorner02,40.4,NaN,13.750,NaN,1,0,CabinetD06,None,0,0,0,0,0.0000,NaN,NaN,NaN,0
78.70,Nick ,Static,BAC,0.668,1.875,0.383,359.7,23.0,-2.197,1.378,13.812,NaN,NaN,NaN,World,Wall4m,23.9,NaN,13.740,NaN,1,0,CabinetD06,None,1,0,0,0,0.0000,NaN,NaN,NaN,0
78.80,Nick ,Static,BAC,0.653,1.870,0.383,343.9,23.8,-2.197,1.378,13.812,NaN,NaN,NaN,World,Wall4m,22.1,NaN,13.737,NaN,1,0,CabinetD06,None,1,0,0,0,0.0000,NaN,NaN,NaN,0
78.91,Nick ,Static,BAC,0.647,1.872,0.390,338.8,23.4,-2.197,1.378,13.812,NaN,NaN,NaN,World,Wall4m,23.1,NaN,13.730,NaN,1,0,CabinetD06,None,1,0,0,0,0.0000,NaN,NaN,NaN,0
79.01,Nick ,Static,BAC,0.638,1.873,0.404,338.0,22.0,-2.197,1.378,13.812,NaN,NaN,NaN,World,Wall4m,22.2,NaN,13.713,NaN,1,0,CabinetD06,None,1,0,0,0,0.0000,NaN,NaN,NaN,0
79.11,Nick ,Static,BAC,0.631,1.879,0.428,341.6,19.1,-2.197,1.378,13.812,NaN,NaN,NaN,World,Wall4m,18.1,NaN,13.689,NaN,1,0,CabinetD06,None,1,0,0,0,0.0000,NaN,NaN,NaN,0
79.20,Nick ,Static,BAC,0.620,1.886,0.458,347.2,14.8,-2.197,1.378,13.812,NaN,NaN,NaN,World,CabinetD06,12.7,NaN,13.658,NaN,1,0,CabinetD06,None,1,0,0,0,0.0000,NaN,NaN,NaN,0
79.30,Nick ,Static,BAC,0.599,1.891,0.489,350.3,13.4,-2.197,1.378,13.812,NaN,NaN,NaN,World,CabinetD06,11.4,NaN,13.623,NaN,1,0,CabinetD06,None,1,0,0,0,0.0000,NaN,NaN,NaN,0
79.41,Nick ,Static,BAC,0.573,1.894,0.526,354.4,12.6,-2.197,1.378,13.812,NaN,NaN,NaN,World,CabinetD06,12.0,NaN,13.581,NaN,1,0,CabinetD06,None,1,0,0,0,0.0000,NaN,NaN,NaN,0
79.51,Nick ,Static,BAC,0.549,1.898,0.559,356.0,11.2,-2.197,1.378,13.812,NaN,NaN,NaN,World,CabinetD06,11.8,NaN,13.545,NaN,1,0,CabinetD06,None,1,0,0,0,0.0000,NaN,NaN,NaN,0
79.61,Nick ,Static,BAC,0.535,1.901,0.593,1.3,10.6,-2.197,1.378,13.812,NaN,NaN,NaN,World,Wall4m,15.4,NaN,13.509,NaN,1,0,CabinetD06,None,1,0,0,0,0.0000,NaN,NaN,NaN,0
79.70,Nick ,Static,BAC,0.525,1.898,0.626,6.6,10.9,-2.197,1.378,13.812,NaN,NaN,NaN,World,CabinetD05,20.1,NaN,13.474,NaN,1,0,CabinetD06,None,1,0,0,0,0.0000,NaN,NaN,NaN,0
79.80,Nick ,Static,BAC,0.521,1.897,0.660,9.2,12.0,-2.197,1.378,13.812,NaN,NaN,NaN,World,CabinetD05,22.9,NaN,13.440,NaN,1,0,CabinetD06,None,1,0,0,0,0.0000,NaN,NaN,NaN,0
79.91,Nick ,Static,BAC,0.527,1.895,0.703,11.0,11.8,-2.197,1.378,13.812,NaN,NaN,NaN,World,CabinetD05,24.4,NaN,13.400,NaN,1,0,CabinetD06,None,1,0,0,0,0.0000,NaN,NaN,NaN,0
80.01,Nick ,Static,BAC,0.543,1.891,0.746,11.8,10.3,-2.197,1.378,13.812,NaN,NaN,NaN,World,CabinetD05,24.9,NaN,13.360,NaN,1,0,CabinetD06,None,1,0,0,0,0.0000,NaN,NaN,NaN,0
80.11,Nick ,Static,BAC,0.570,1.882,0.793,11.4,10.8,-2.197,1.378,13.812,NaN,NaN,NaN,World,CabinetD05,24.7,NaN,13.319,NaN,1,0,CabinetD06,None,1,0,0,0,0.0000,NaN,NaN,NaN,0
80.20,Nick ,Static,BAC,0.607,1.879,0.841,10.5,10.9,-2.197,1.378,13.812,NaN,NaN,NaN,World,CabinetD05,24.1,NaN,13.280,NaN,1,0,CabinetD06,None,1,0,0,0,0.0000,NaN,NaN,NaN,0
80.30,Nick ,Static,BAC,0.651,1.886,0.889,10.5,12.0,-2.197,1.378,13.812,NaN,NaN,NaN,World,CabinetD05,24.7,NaN,13.243,NaN,1,0,CabinetD06,None,1,0,0,0,0.0000,NaN,NaN,NaN,0
80.41,Nick ,Static,BAC,0.694,1.897,0.948,10.3,11.3,-2.197,1.378,13.812,NaN,NaN,NaN,World,CabinetD05,24.5,NaN,13.196,NaN,1,0,CabinetD06,None,1,0,0,0,0.0000,NaN,NaN,NaN,0
80.51,Nick ,Static,BAC,0.718,1.895,0.994,9.2,11.6,-2.197,1.378,13.812,NaN,NaN,NaN,World,CabinetD05,23.8,NaN,13.156,NaN,1,0,CabinetD06,None,1,0,0,0,0.0000,NaN,NaN,NaN,0
80.61,Nick ,Static,BAC,0.729,1.897,1.036,10.8,11.9,-2.197,1.378,13.812,NaN,NaN,NaN,World,CabinetD05,25.3,NaN,13.117,NaN,1,0,CabinetD06,None,0,0,0,0,0.0000,NaN,NaN,NaN,0
80.70,Nick ,Static,BAC,0.730,1.901,1.082,11.7,11.3,-2.197,1.378,13.812,NaN,NaN,NaN,World,CabinetD05,26.0,NaN,13.073,NaN,1,0,CabinetD06,None,0,0,0,0,0.0000,NaN,NaN,NaN,0
80.80,Nick ,Static,BAC,0.719,1.897,1.128,12.4,12.1,-2.197,1.378,13.812,NaN,NaN,NaN,World,CabinetD05,27.0,NaN,13.026,NaN,1,0,CabinetD06,None,0,0,0,0,0.0000,NaN,NaN,NaN,0
80.91,Nick ,Static,BAC,0.697,1.894,1.172,14.7,13.6,-2.197,1.378,13.812,NaN,NaN,NaN,World,CabinetD05,29.5,NaN,12.977,NaN,1,0,CabinetD06,None,0,0,0,0,0.0000,NaN,NaN,NaN,0
81.01,Nick ,Static,BAC,0.674,1.900,1.211,17.9,12.7,-2.197,1.378,13.812,NaN,NaN,NaN,World,CabinetD05,32.2,NaN,12.935,NaN,1,0,CabinetD06,None,0,0,0,0,0.0000,NaN,NaN,NaN,0
81.11,Nick ,Static,BAC,0.651,1.899,1.243,19.4,13.7,-2.197,1.378,13.812,NaN,NaN,NaN,World,CabinetD05,33.8,NaN,12.898,NaN,1,0,CabinetD06,None,0,0,0,0,0.0000,NaN,NaN,NaN,0
81.20,Nick ,Static,BAC,0.635,1.900,1.269,21.4,14.1,-2.197,1.378,13.812,NaN,NaN,NaN,World,CabinetD05,35.7,NaN,12.870,NaN,1,0,CabinetD06,None,0,0,0,0,0.0000,NaN,NaN,NaN,0
81.30,Nick ,Static,BAC,0.625,1.897,1.287,23.9,15.5,-2.197,1.378,13.812,NaN,NaN,NaN,World,CabinetD05,38.4,NaN,12.850,NaN,1,0,CabinetD06,None,0,0,0,0,0.0000,NaN,NaN,NaN,0
81.41,Nick ,Static,BAC,0.619,1.894,1.300,26.7,17.0,-2.197,1.378,13.812,NaN,NaN,NaN,World,CabinetD05,41.4,NaN,12.836,NaN,1,0,CabinetD06,None,0,0,0,0,0.0000,NaN,NaN,NaN,0
81.51,Nick ,Static,BAC,0.621,1.891,1.307,28.9,18.1,-2.197,1.378,13.812,NaN,NaN,NaN,World,CabinetD05,43.8,NaN,12.829,NaN,1,0,CabinetD06,None,0,0,0,0,0.0000,NaN,NaN,NaN,0
81.61,Nick ,Static,BAC,0.631,1.885,1.311,33.6,20.2,-2.197,1.378,13.812,NaN,NaN,NaN,World,CabinetD05,48.6,NaN,12.827,NaN,1,0,CabinetD06,None,0,0,0,0,0.0000,NaN,NaN,NaN,0
81.70,Nick ,Static,BAC,0.647,1.876,1.316,40.0,23.9,-2.197,1.378,13.812,NaN,NaN,NaN,World,CabinetD05,55.4,NaN,12.825,NaN,1,0,CabinetD06,None,0,0,0,0,0.0000,NaN,NaN,NaN,0
81.80,Nick ,Static,BAC,0.665,1.870,1.324,43.0,26.4,-2.197,1.378,13.812,NaN,NaN,NaN,World,CabinetD05Door,58.8,NaN,12.821,NaN,1,0,CabinetD06,None,0,0,0,0,0.0000,NaN,NaN,NaN,0
81.92,Nick ,Static,BAC,0.690,1.867,1.329,42.7,27.8,-2.197,1.378,13.812,NaN,NaN,NaN,World,CabinetD05Door,59.0,NaN,12.822,NaN,1,0,CabinetD06,None,0,0,0,0,0.0000,NaN,NaN,NaN,0
82.00,Nick ,Static,BAC,0.713,1.866,1.329,40.8,28.2,-2.197,1.378,13.812,NaN,NaN,NaN,World,CabinetD05Door,57.5,NaN,12.827,NaN,1,0,CabinetD06,None,0,0,0,0,0.0000,NaN,NaN,NaN,0
82.11,Nick ,Static,BAC,0.750,1.862,1.327,37.2,29.8,-2.197,1.378,13.812,NaN,NaN,NaN,World,CabinetD05Door,55.2,NaN,12.838,NaN,1,0,CabinetD05,None,0,0,0,0,0.0000,NaN,NaN,NaN,0
82.20,Nick ,Static,BAC,0.786,1.858,1.326,32.2,30.7,-2.197,1.378,13.812,NaN,NaN,NaN,World,CabinetD05,51.7,NaN,12.846,NaN,1,0,CabinetD05,None,0,0,0,0,0.0000,NaN,NaN,NaN,0
82.30,Nick ,Static,BAC,0.817,1.851,1.327,26.5,31.9,-2.197,1.378,13.812,NaN,NaN,NaN,World,CabinetD05,48.1,NaN,12.852,NaN,1,0,CabinetD05,None,0,0,0,0,0.0000,NaN,NaN,NaN,0
82.41,Nick ,Static,BAC,0.847,1.838,1.330,20.1,33.4,-2.197,1.378,13.812,NaN,NaN,NaN,World,CabinetD05,44.5,NaN,12.856,NaN,1,0,CabinetD05,None,0,0,0,0,0.0000,NaN,NaN,NaN,0
82.51,Nick ,Static,BAC,0.871,1.824,1.333,16.7,35.4,-2.197,1.378,13.812,NaN,NaN,NaN,World,CabinetD05,43.8,NaN,12.858,NaN,1,0,CabinetD05,None,0,0,0,0,0.0000,NaN,NaN,NaN,0
82.61,Nick ,Static,BAC,0.889,1.815,1.337,14.7,37.5,-2.197,1.378,13.812,NaN,NaN,NaN,World,CabinetD05,44.2,NaN,12.859,NaN,1,0,CabinetD05,None,0,0,0,0,0.0000,NaN,NaN,NaN,0
82.70,Nick ,Static,BAC,0.904,1.808,1.340,14.2,39.8,-2.197,1.378,13.812,NaN,NaN,NaN,World,CabinetD05,45.7,NaN,12.859,NaN,1,0,CabinetD05,None,0,0,0,0,0.0000,NaN,NaN,NaN,0
82.80,Nick ,Static,BAC,0.913,1.803,1.346,11.9,40.9,-2.197,1.378,13.812,NaN,NaN,NaN,World,CabinetDCorner01,45.5,NaN,12.855,NaN,1,0,CabinetD05,None,0,0,0,0,0.0000,NaN,NaN,NaN,0
82.91,Nick ,Static,BAC,0.917,1.799,1.352,9.7,41.3,-2.197,1.378,13.812,NaN,NaN,NaN,World,CabinetDCorner01,44.9,NaN,12.850,NaN,1,0,CabinetD05,None,0,0,0,0,0.0000,NaN,NaN,NaN,0
83.01,Nick ,Static,BAC,0.918,1.799,1.353,8.5,40.9,-2.197,1.378,13.812,NaN,NaN,NaN,World,CabinetD05,44.0,NaN,12.849,NaN,1,0,CabinetD05,None,0,0,0,0,0.0000,NaN,NaN,NaN,0
83.11,Nick ,Static,BAC,0.915,1.804,1.348,8.7,39.8,-2.197,1.378,13.812,NaN,NaN,NaN,World,CabinetD05,43.1,NaN,12.854,NaN,1,0,CabinetD05,None,0,0,0,0,0.0000,NaN,NaN,NaN,0
83.20,Nick ,Static,BAC,0.910,1.812,1.340,9.3,38.2,-2.197,1.378,13.812,NaN,NaN,NaN,World,CabinetD05,42.1,NaN,12.861,NaN,1,0,CabinetD05,None,0,0,0,0,0.0000,NaN,NaN,NaN,0
83.31,Nick ,Static,BAC,0.897,1.826,1.321,11.1,35.4,-2.197,1.378,13.812,NaN,NaN,NaN,World,CabinetD05,40.7,NaN,12.877,NaN,1,0,CabinetD05,None,0,0,0,0,0.0000,NaN,NaN,NaN,0
83.41,Nick ,Static,BAC,0.878,1.843,1.293,14.7,31.7,-2.197,1.378,13.812,NaN,NaN,NaN,World,CabinetD05,40.0,NaN,12.900,NaN,1,0,CabinetD05,None,0,0,0,0,0.0000,NaN,NaN,NaN,0
83.51,Nick ,Static,BAC,0.856,1.857,1.263,19.2,27.7,-2.197,1.378,13.812,NaN,NaN,NaN,World,CabinetD05,40.5,NaN,12.924,NaN,1,0,CabinetD05,None,0,0,0,0,0.0000,NaN,NaN,NaN,0
83.61,Nick ,Static,BAC,0.833,1.866,1.228,26.8,25.5,-2.197,1.378,13.812,NaN,NaN,NaN,World,CabinetD05Door,45.3,NaN,12.953,NaN,1,0,CabinetD05,None,0,0,0,0,0.0000,NaN,NaN,NaN,0
83.70,Nick ,Static,BAC,0.813,1.866,1.188,41.1,27.5,-2.197,1.378,13.812,NaN,NaN,NaN,World,CabinetD05Door,57.8,NaN,12.987,NaN,1,0,CabinetD05,None,0,0,0,0,0.0000,NaN,NaN,NaN,0
83.80,Nick ,Static,BAC,0.784,1.865,1.155,47.7,26.8,-2.197,1.378,13.812,NaN,NaN,NaN,World,CabinetD05Door,63.3,NaN,13.012,NaN,1,0,CabinetD05,None,0,0,0,0,0.0000,NaN,NaN,NaN,0
83.91,Nick ,Static,BAC,0.746,1.862,1.123,49.5,26.7,-2.197,1.378,13.812,NaN,NaN,NaN,World,CabinetD05Door,64.6,NaN,13.035,NaN,1,0,CabinetD06,None,0,0,0,0,0.0000,NaN,NaN,NaN,0
84.01,Nick ,Static,BAC,0.714,1.861,1.097,50.1,25.9,-2.197,1.378,13.812,NaN,NaN,NaN,World,CabinetD05Door,64.9,NaN,13.053,NaN,1,0,CabinetD06,None,0,0,0,0,0.0000,NaN,NaN,NaN,0
84.11,Nick ,Static,BAC,0.687,1.863,1.076,50.3,25.1,-2.197,1.378,13.812,NaN,NaN,NaN,World,CabinetD05Door,64.8,NaN,13.068,NaN,1,0,CabinetD06,None,0,0,0,0,0.0000,NaN,NaN,NaN,0
84.20,Nick ,Static,BAC,0.665,1.868,1.059,50.3,24.6,-2.197,1.378,13.812,NaN,NaN,NaN,World,CabinetD05Door,64.6,NaN,13.080,NaN,1,0,CabinetD06,None,0,0,0,0,0.0000,NaN,NaN,NaN,0
84.30,Nick ,Static,BAC,0.647,1.874,1.048,49.8,22.9,-2.197,1.378,13.812,NaN,NaN,NaN,World,CabinetD05Door,63.8,NaN,13.087,NaN,1,0,CabinetD06,None,0,0,0,0,0.0000,NaN,NaN,NaN,0
84.41,Nick ,Static,BAC,0.634,1.876,1.040,48.6,22.1,-2.197,1.378,13.812,NaN,NaN,NaN,World,CabinetD05Door,62.5,NaN,13.091,NaN,1,0,CabinetD06,None,0,0,0,0,0.0000,NaN,NaN,NaN,0
84.51,Nick ,Static,BAC,0.627,1.877,1.036,47.1,21.6,-2.197,1.378,13.812,NaN,NaN,NaN,World,CabinetD05Door,61.0,NaN,13.094,NaN,1,0,CabinetD06,None,0,0,0,0,0.0000,NaN,NaN,NaN,0
84.61,Nick ,Static,BAC,0.622,1.887,1.031,44.1,16.5,-2.197,1.378,13.812,NaN,NaN,NaN,World,CabinetD05Door,57.3,NaN,13.098,NaN,1,0,CabinetD06,None,0,0,0,0,0.0000,NaN,NaN,NaN,0
84.70,Nick ,Static,BAC,0.612,1.906,1.022,39.7,7.2,-2.197,1.378,13.812,NaN,NaN,NaN,World,CabinetD05Door,52.1,NaN,13.106,NaN,1,0,CabinetD06,None,0,0,0,0,0.0000,NaN,NaN,NaN,0
84.80,Nick ,Static,BAC,0.604,1.920,1.012,35.3,358.4,-2.197,1.378,13.812,NaN,NaN,NaN,World,CabinetD05Door,47.8,NaN,13.115,NaN,1,0,CabinetD06,None,0,0,0,0,0.0000,NaN,NaN,NaN,0
84.91,Nick ,Static,BAC,0.601,1.925,1.003,33.2,356.0,-2.197,1.378,13.812,NaN,NaN,NaN,World,CabinetD05Door,45.9,NaN,13.123,NaN,1,0,CabinetD06,None,0,0,0,0,0.0000,NaN,NaN,NaN,0
85.01,Nick ,Static,BAC,0.603,1.925,0.998,33.4,356.6,-2.197,1.378,13.812,NaN,NaN,NaN,World,CabinetD05Door,46.1,NaN,13.128,NaN,1,0,CabinetD06,None,0,0,0,0,0.0000,NaN,NaN,NaN,0
85.11,Nick ,Static,BAC,0.603,1.925,0.997,34.0,357.2,-2.197,1.378,13.812,NaN,NaN,NaN,World,CabinetD05Door,46.6,NaN,13.129,NaN,1,0,CabinetD06,None,0,0,0,0,0.0000,NaN,NaN,NaN,0
85.20,Nick ,Static,BAC,0.603,1.924,1.001,35.2,358.1,-2.197,1.378,13.812,NaN,NaN,NaN,World,CabinetD05Door,47.7,NaN,13.125,NaN,1,0,CabinetD06,None,0,0,0,0,0.0000,NaN,NaN,NaN,0
85.30,Nick ,Static,BAC,0.606,1.920,1.006,41.8,359.2,-2.197,1.378,13.812,NaN,NaN,NaN,World,CabinetD05Door,54.3,NaN,13.121,NaN,1,0,CabinetD06,None,0,0,0,0,0.0000,NaN,NaN,NaN,0
85.41,Nick ,Static,BAC,0.615,1.907,0.998,54.9,5.9,-2.197,1.378,13.812,NaN,NaN,NaN,World,CabinetD05Door,67.2,NaN,13.130,NaN,1,0,CabinetD06,None,0,0,0,0,0.0000,NaN,NaN,NaN,0
85.51,Nick ,Static,BAC,0.626,1.896,0.971,69.7,12.1,-2.197,1.378,13.812,NaN,NaN,NaN,World,CabinetDCorner02,81.8,NaN,13.158,NaN,1,0,CabinetD06,None,0,0,0,0,0.0000,NaN,NaN,NaN,0
85.61,Nick ,Static,BAC,0.645,1.889,0.930,87.2,16.3,-2.197,1.378,13.812,NaN,NaN,NaN,World,Quad,98.6,NaN,13.202,NaN,1,0,CabinetD06,None,0,0,0,0,0.0000,NaN,NaN,NaN,0
85.70,Nick ,Static,BAC,0.666,1.886,0.892,91.9,17.0,-2.197,1.378,13.812,NaN,NaN,NaN,World,Quad,103.0,NaN,13.243,NaN,1,0,CabinetD06,None,0,0,0,0,0.0000,NaN,NaN,NaN,0
85.80,Nick ,Static,BAC,0.691,1.882,0.854,96.7,17.8,-2.197,1.378,13.812,NaN,NaN,NaN,World,Quad,107.6,NaN,13.286,NaN,1,0,CabinetD06,None,0,0,0,0,0.0000,NaN,NaN,NaN,0
85.91,Nick ,Static,BAC,0.725,1.878,0.807,96.0,18.5,-2.197,1.378,13.812,NaN,NaN,NaN,World,Quad,107.0,NaN,13.339,NaN,1,0,CabinetD06,None,0,0,0,0,0.0000,NaN,NaN,NaN,0
86.01,Nick ,Static,BAC,0.757,1.878,0.757,94.5,18.5,-2.197,1.378,13.812,NaN,NaN,NaN,World,Quad,105.6,NaN,13.395,NaN,1,0,CabinetD06,None,0,0,0,0,0.0000,NaN,NaN,NaN,0
86.11,Nick ,Static,BAC,0.795,1.877,0.702,93.9,19.3,-2.197,1.378,13.812,NaN,NaN,NaN,World,Quad,105.0,NaN,13.457,NaN,1,0,CabinetD06,None,0,0,0,0,0.0000,NaN,NaN,NaN,0
86.20,Nick ,Static,BAC,0.828,1.868,0.647,94.9,21.2,-2.197,1.378,13.812,NaN,NaN,NaN,World,Quad,105.8,NaN,13.517,NaN,1,0,CabinetD06,None,0,0,0,0,0.0000,NaN,NaN,NaN,0
86.30,Nick ,Static,BAC,0.853,1.860,0.599,96.5,23.0,-2.197,1.378,13.812,NaN,NaN,NaN,World,Quad,107.0,NaN,13.569,NaN,1,0,CabinetD06,None,0,0,0,0,0.0000,NaN,NaN,NaN,0
86.41,Nick ,Static,BAC,0.871,1.862,0.557,96.7,24.0,-2.197,1.378,13.812,NaN,NaN,NaN,World,Quad,107.1,NaN,13.615,NaN,1,0,CabinetD06,None,0,0,0,0,0.0000,NaN,NaN,NaN,0
86.51,Nick ,Static,BAC,0.880,1.866,0.528,95.0,23.3,-2.197,1.378,13.812,NaN,NaN,NaN,World,Quad,105.6,NaN,13.645,NaN,1,0,CabinetD06,None,0,0,0,0,0.0000,NaN,NaN,NaN,0
86.61,Nick ,Static,BAC,0.885,1.865,0.503,93.9,23.9,-2.197,1.378,13.812,NaN,NaN,NaN,World,Quad,104.6,NaN,13.670,NaN,1,0,CabinetD06,None,0,0,0,0,0.0000,NaN,NaN,NaN,0
86.70,Nick ,Static,BAC,0.887,1.866,0.483,93.7,24.5,-2.197,1.378,13.812,NaN,NaN,NaN,World,Quad,104.3,NaN,13.690,NaN,1,0,CabinetD06,None,0,0,0,0,0.0000,NaN,NaN,NaN,0
86.80,Nick ,Static,BAC,0.890,1.869,0.471,94.6,24.1,-2.197,1.378,13.812,NaN,NaN,NaN,World,Quad,105.2,NaN,13.703,NaN,1,0,CabinetD06,None,0,0,0,0,0.0000,NaN,NaN,NaN,0
86.91,Nick ,Static,BAC,0.899,1.870,0.462,98.5,23.5,-2.197,1.378,13.812,NaN,NaN,NaN,World,Quad,108.8,NaN,13.714,NaN,1,0,CabinetD06,None,0,0,0,0,0.0000,NaN,NaN,NaN,0
87.01,Nick ,Static,BAC,0.904,1.869,0.452,107.3,24.9,-2.197,1.378,13.812,NaN,NaN,NaN,World,Wall4m,116.3,NaN,13.725,NaN,1,0,CabinetD06,None,0,0,0,0,0.0000,NaN,NaN,NaN,0
87.11,Nick ,Static,BAC,0.904,1.870,0.437,124.0,25.7,-2.197,1.378,13.812,NaN,NaN,NaN,World,Wall4m,130.1,NaN,13.738,NaN,1,0,CabinetD06,None,0,0,0,0,0.0000,NaN,NaN,NaN,0
87.20,Nick ,Static,BAC,0.903,1.869,0.433,135.3,25.8,-2.197,1.378,13.812,NaN,NaN,NaN,World,Wall4m,138.7,NaN,13.743,NaN,1,0,CabinetD06,None,0,0,0,0,0.0000,NaN,NaN,NaN,0
87.30,Nick ,Static,BAC,0.906,1.869,0.438,139.7,26.8,-2.197,1.378,13.812,NaN,NaN,NaN,World,Floor,141.0,NaN,13.738,NaN,1,0,CabinetD06,None,0,0,0,0,0.0000,NaN,NaN,NaN,0
87.41,Nick ,Static,BAC,0.917,1.872,0.453,140.6,25.8,-2.197,1.378,13.812,NaN,NaN,NaN,World,Floor,142.3,NaN,13.726,NaN,1,0,CabinetD06,None,0,0,0,0,0.0000,NaN,NaN,NaN,0
87.53,Nick ,Static,BAC,1.000,0.000,0.500,0.0,0.0,-2.197,1.378,13.812,NaN,NaN,NaN,World,CabinetDCorner01,14.7,NaN,13.760,NaN,1,0,CabinetD01,None,1,0,0,0,0.0000,NaN,NaN,NaN,0
