Time,ParticipantID,Condition,HeadX,HeadY,HeadZ,HeadYaw,HeadPitch,GazeTarget
0.17,Participant_06,Adaptive_Dual,1.000,0.000,1.000,0.0,0.0,None
0.27,Participant_06,Adaptive_Dual,1.000,0.000,1.000,0.0,0.0,None
0.39,Participant_06,Adaptive_Dual,1.000,0.000,1.000,0.0,0.0,None
0.50,Participant_06,Adaptive_Dual,1.000,0.000,1.000,0.0,0.0,None
0.61,Participant_06,Adaptive_Dual,1.000,0.000,1.000,0.0,0.0,None
0.72,Participant_06,Adaptive_Dual,1.000,0.000,1.000,0.0,0.0,None
0.83,Participant_06,Adaptive_Dual,1.000,0.000,1.000,0.0,0.0,None
0.94,Participant_06,Adaptive_Dual,1.000,0.000,1.000,0.0,0.0,None
1.04,Participant_06,Adaptive_Dual,1.282,1.383,1.110,329.9,23.7,None
1.16,Participant_06,Adaptive_Dual,1.282,1.384,1.109,329.8,23.6,None
1.27,Participant_06,Adaptive_Dual,1.281,1.384,1.109,329.8,23.6,None
1.38,Participant_06,Adaptive_Dual,1.281,1.384,1.110,329.8,23.6,Video
1.49,Participant_06,Adaptive_Dual,1.282,1.386,1.109,330.0,22.7,Video
1.60,Participant_06,Adaptive_Dual,1.282,1.390,1.107,330.2,20.9,Video
1.71,Participant_06,Adaptive_Dual,1.284,1.399,1.100,328.6,16.7,Video
1.83,Participant_06,Adaptive_Dual,1.289,1.409,1.091,328.9,11.3,None
1.94,Participant_06,Adaptive_Dual,1.295,1.420,1.081,329.4,6.0,None
2.06,Participant_06,Adaptive_Dual,1.304,1.427,1.073,330.7,3.1,None
2.16,Participant_06,Adaptive_Dual,1.317,1.425,1.064,332.0,2.5,None
2.27,Participant_06,Adaptive_Dual,1.333,1.423,1.054,332.0,3.8,None
2.38,Participant_06,Adaptive_Dual,1.354,1.422,1.043,331.0,4.5,Video
2.49,Participant_06,Adaptive_Dual,1.379,1.423,1.030,329.9,5.4,Video
2.61,Participant_06,Adaptive_Dual,1.407,1.436,1.018,329.3,6.0,Video
2.72,Participant_06,Adaptive_Dual,1.435,1.440,1.004,328.5,4.1,Video
2.83,Participant_06,Adaptive_Dual,1.459,1.440,0.991,328.0,5.0,Video
2.94,Participant_06,Adaptive_Dual,1.477,1.439,0.978,327.2,4.9,Video
3.05,Participant_06,Adaptive_Dual,1.489,1.440,0.966,326.0,4.4,Video
3.16,Participant_06,Adaptive_Dual,1.497,1.440,0.955,325.3,3.9,Video
3.27,Participant_06,Adaptive_Dual,1.503,1.440,0.946,325.1,2.1,None
3.38,Participant_06,Adaptive_Dual,1.507,1.438,0.939,324.8,2.3,None
3.49,Participant_06,Adaptive_Dual,1.511,1.439,0.936,325.2,2.1,None
3.61,Participant_06,Adaptive_Dual,1.515,1.438,0.936,326.3,2.1,None
3.72,Participant_06,Adaptive_Dual,1.517,1.437,0.936,327.8,2.9,None
3.83,Participant_06,Adaptive_Dual,1.518,1.436,0.936,328.6,3.1,None
3.94,Participant_06,Adaptive_Dual,1.518,1.436,0.936,329.2,3.5,None
4.05,Participant_06,Adaptive_Dual,1.516,1.435,0.936,329.5,4.3,None
4.16,Participant_06,Adaptive_Dual,1.514,1.435,0.938,329.5,4.3,None
4.27,Participant_06,Adaptive_Dual,1.511,1.434,0.938,330.0,4.6,None
4.38,Participant_06,Adaptive_Dual,1.508,1.434,0.938,330.0,5.0,None
4.50,Participant_06,Adaptive_Dual,1.506,1.434,0.938,330.2,5.3,None
4.61,Participant_06,Adaptive_Dual,1.504,1.434,0.937,330.3,5.3,None
4.72,Participant_06,Adaptive_Dual,1.502,1.433,0.934,329.9,5.4,None
4.83,Participant_06,Adaptive_Dual,1.501,1.433,0.932,329.9,5.2,None
4.94,Participant_06,Adaptive_Dual,1.500,1.433,0.930,330.0,5.1,None
5.05,Participant_06,Adaptive_Dual,1.499,1.433,0.928,329.8,5.1,None
5.16,Participant_06,Adaptive_Dual,1.499,1.433,0.928,329.8,5.1,None
5.27,Participant_06,Adaptive_Dual,1.500,1.432,0.928,330.1,5.4,None
5.38,Participant_06,Adaptive_Dual,1.502,1.431,0.930,330.7,5.8,None
5.50,Participant_06,Adaptive_Dual,1.504,1.431,0.932,330.3,5.9,None
5.61,Participant_06,Adaptive_Dual,1.505,1.431,0.934,329.7,6.0,None
5.72,Participant_06,Adaptive_Dual,1.506,1.431,0.936,329.0,6.0,None
5.83,Participant_06,Adaptive_Dual,1.507,1.431,0.939,328.5,6.1,None
5.94,Participant_06,Adaptive_Dual,1.508,1.431,0.942,328.4,6.3,None
6.05,Participant_06,Adaptive_Dual,1.509,1.431,0.946,328.4,6.5,None
6.16,Participant_06,Adaptive_Dual,1.510,1.431,0.949,328.2,6.7,None
6.27,Participant_06,Adaptive_Dual,1.511,1.431,0.951,327.7,6.6,None
6.38,Participant_06,Adaptive_Dual,1.511,1.431,0.953,327.4,6.6,None
6.50,Participant_06,Adaptive_Dual,1.511,1.431,0.952,327.2,6.6,None
6.61,Participant_06,Adaptive_Dual,1.512,1.432,0.952,327.4,6.6,None
6.72,Participant_06,Adaptive_Dual,1.512,1.431,0.951,327.5,6.6,None
6.83,Participant_06,Adaptive_Dual,1.512,1.431,0.949,327.7,6.5,None
6.94,Participant_06,Adaptive_Dual,1.512,1.431,0.948,327.7,6.4,None
7.05,Participant_06,Adaptive_Dual,1.511,1.431,0.947,327.6,6.3,None
7.16,Participant_06,Adaptive_Dual,1.511,1.432,0.946,327.6,6.0,None
7.27,Participant_06,Adaptive_Dual,1.511,1.432,0.945,327.5,5.8,None
7.39,Participant_06,Adaptive_Dual,1.511,1.432,0.946,327.9,5.9,None
7.50,Participant_06,Adaptive_Dual,1.512,1.432,0.946,327.8,6.0,None
7.61,Participant_06,Adaptive_Dual,1.512,1.432,0.947,327.8,6.0,None
7.71,Participant_06,Adaptive_Dual,1.512,1.432,0.947,327.5,6.2,None
7.82,Participant_06,Adaptive_Dual,1.513,1.431,0.947,327.4,6.3,None
7.93,Participant_06,Adaptive_Dual,1.513,1.431,0.947,327.2,6.4,None
8.04,Participant_06,Adaptive_Dual,1.512,1.430,0.947,327.4,6.7,None
8.15,Participant_06,Adaptive_Dual,1.512,1.430,0.947,327.7,6.9,None
8.26,Participant_06,Adaptive_Dual,1.510,1.430,0.947,327.7,7.0,None
8.37,Participant_06,Adaptive_Dual,1.509,1.430,0.946,327.6,7.2,None
8.48,Participant_06,Adaptive_Dual,1.508,1.430,0.945,327.6,7.2,None
8.59,Participant_06,Adaptive_Dual,1.507,1.430,0.945,327.9,7.1,None
8.70,Participant_06,Adaptive_Dual,1.507,1.429,0.945,328.2,7.3,None
8.81,Participant_06,Adaptive_Dual,1.506,1.429,0.945,328.0,7.3,None
8.93,Participant_06,Adaptive_Dual,1.506,1.429,0.945,327.9,7.3,None
9.04,Participant_06,Adaptive_Dual,1.506,1.429,0.945,327.3,7.3,None
9.15,Participant_06,Adaptive_Dual,1.506,1.429,0.946,326.2,7.3,None
9.26,Participant_06,Adaptive_Dual,1.508,1.429,0.948,326.8,7.4,None
9.37,Participant_06,Adaptive_Dual,1.508,1.429,0.949,326.1,7.9,None
9.48,Participant_06,Adaptive_Dual,1.509,1.429,0.951,326.2,7.9,None
9.59,Participant_06,Adaptive_Dual,1.509,1.429,0.951,326.5,8.0,None
9.70,Participant_06,Adaptive_Dual,1.506,1.431,0.950,323.5,7.3,None
9.81,Participant_06,Adaptive_Dual,1.503,1.431,0.947,319.6,7.8,None
9.93,Participant_06,Adaptive_Dual,1.502,1.431,0.946,318.6,7.6,None
10.04,Participant_06,Adaptive_Dual,1.503,1.431,0.947,319.6,7.8,None
10.15,Participant_06,Adaptive_Dual,1.502,1.431,0.947,320.0,7.8,None
10.26,Participant_06,Adaptive_Dual,1.502,1.431,0.947,321.3,7.9,None
10.37,Participant_06,Adaptive_Dual,1.503,1.430,0.947,323.5,8.0,None
10.48,Participant_06,Adaptive_Dual,1.505,1.430,0.947,326.7,7.9,None
10.59,Participant_06,Adaptive_Dual,1.511,1.430,0.949,333.6,7.5,None
10.70,Participant_06,Adaptive_Dual,1.516,1.430,0.949,338.7,7.2,None
10.82,Participant_06,Adaptive_Dual,1.517,1.430,0.948,340.3,7.2,None
10.93,Participant_06,Adaptive_Dual,1.518,1.430,0.947,340.5,7.6,None
11.04,Participant_06,Adaptive_Dual,1.518,1.429,0.947,340.7,7.8,None
11.15,Participant_06,Adaptive_Dual,1.518,1.429,0.948,340.5,8.0,None
11.26,Participant_06,Adaptive_Dual,1.519,1.428,0.948,340.0,8.5,None
11.37,Participant_06,Adaptive_Dual,1.519,1.428,0.949,339.3,8.7,None
11.48,Participant_06,Adaptive_Dual,1.519,1.428,0.949,338.6,8.8,None
11.59,Participant_06,Adaptive_Dual,1.519,1.428,0.950,338.4,8.8,None
11.70,Participant_06,Adaptive_Dual,1.520,1.428,0.950,339.0,9.0,None
11.82,Participant_06,Adaptive_Dual,1.520,1.428,0.950,339.8,8.8,None
11.93,Participant_06,Adaptive_Dual,1.520,1.428,0.952,341.4,8.6,None
12.04,Participant_06,Adaptive_Dual,1.524,1.427,0.954,345.4,8.6,None
12.15,Participant_06,Adaptive_Dual,1.528,1.427,0.956,348.3,8.6,None
12.26,Participant_06,Adaptive_Dual,1.531,1.428,0.957,351.1,8.1,None
12.37,Participant_06,Adaptive_Dual,1.533,1.427,0.959,351.4,8.4,None
12.48,Participant_06,Adaptive_Dual,1.534,1.427,0.960,350.6,8.9,None
12.59,Participant_06,Adaptive_Dual,1.536,1.426,0.961,350.3,9.3,None
12.70,Participant_06,Adaptive_Dual,1.537,1.427,0.962,348.1,9.2,None
12.82,Participant_06,Adaptive_Dual,1.532,1.429,0.963,342.4,8.3,None
12.93,Participant_06,Adaptive_Dual,1.529,1.430,0.963,338.3,8.6,None
13.04,Participant_06,Adaptive_Dual,1.528,1.426,0.963,335.3,11.7,None
13.15,Participant_06,Adaptive_Dual,1.526,1.427,0.963,332.8,10.4,None
13.26,Participant_06,Adaptive_Dual,1.524,1.428,0.964,330.9,9.4,None
13.37,Participant_06,Adaptive_Dual,1.525,1.428,0.966,331.2,9.7,None
13.48,Participant_06,Adaptive_Dual,1.526,1.427,0.968,331.6,10.3,None
13.59,Participant_06,Adaptive_Dual,1.527,1.428,0.971,331.8,10.1,None
13.70,Participant_06,Adaptive_Dual,1.528,1.428,0.974,332.9,10.0,None
13.81,Participant_06,Adaptive_Dual,1.528,1.428,0.977,334.2,10.0,None
13.93,Participant_06,Adaptive_Dual,1.529,1.427,0.980,335.2,10.4,None
14.04,Participant_06,Adaptive_Dual,1.530,1.427,0.982,335.7,10.6,None
14.15,Participant_06,Adaptive_Dual,1.530,1.427,0.985,335.1,10.8,None
14.26,Participant_06,Adaptive_Dual,1.530,1.426,0.986,335.1,11.2,None
14.37,Participant_06,Adaptive_Dual,1.532,1.426,0.988,335.8,11.1,None
14.48,Participant_06,Adaptive_Dual,1.532,1.427,0.987,335.2,11.3,None
14.59,Participant_06,Adaptive_Dual,1.532,1.427,0.986,334.5,11.1,None
14.70,Participant_06,Adaptive_Dual,1.532,1.427,0.983,334.6,10.9,None
14.82,Participant_06,Adaptive_Dual,1.531,1.427,0.981,334.0,10.8,None
14.93,Participant_06,Adaptive_Dual,1.530,1.427,0.979,333.8,10.8,None
15.04,Participant_06,Adaptive_Dual,1.530,1.427,0.976,334.0,10.8,None
15.15,Participant_06,Adaptive_Dual,1.530,1.427,0.973,334.0,10.8,None
15.26,Participant_06,Adaptive_Dual,1.528,1.427,0.970,333.1,10.6,None
15.37,Participant_06,Adaptive_Dual,1.527,1.428,0.966,333.2,10.3,None
15.48,Participant_06,Adaptive_Dual,1.526,1.427,0.962,333.4,10.1,None
15.59,Participant_06,Adaptive_Dual,1.523,1.427,0.959,332.7,10.3,None
15.70,Participant_06,Adaptive_Dual,1.520,1.425,0.956,332.5,10.9,None
15.82,Participant_06,Adaptive_Dual,1.520,1.427,0.957,335.4,9.3,None
15.93,Participant_06,Adaptive_Dual,1.521,1.429,0.957,338.7,8.5,None
16.04,Participant_06,Adaptive_Dual,1.519,1.429,0.956,339.5,8.6,None
16.15,Participant_06,Adaptive_Dual,1.518,1.429,0.956,340.4,8.8,None
16.26,Participant_06,Adaptive_Dual,1.517,1.429,0.955,340.5,8.7,None
16.37,Participant_06,Adaptive_Dual,1.516,1.428,0.955,340.5,8.9,None
16.48,Participant_06,Adaptive_Dual,1.517,1.429,0.956,340.6,8.7,None
16.59,Participant_06,Adaptive_Dual,1.518,1.429,0.956,341.3,8.1,None
16.70,Participant_06,Adaptive_Dual,1.519,1.430,0.956,341.5,8.0,None
16.81,Participant_06,Adaptive_Dual,1.519,1.430,0.955,340.9,8.0,None
16.92,Participant_06,Adaptive_Dual,1.520,1.430,0.955,341.0,8.0,None
17.04,Participant_06,Adaptive_Dual,1.521,1.429,0.956,341.5,8.1,None
17.15,Participant_06,Adaptive_Dual,1.522,1.428,0.957,341.6,8.6,None
17.26,Participant_06,Adaptive_Dual,1.523,1.428,0.959,341.6,8.7,None
17.37,Participant_06,Adaptive_Dual,1.523,1.428,0.960,341.6,8.8,None
17.48,Participant_06,Adaptive_Dual,1.524,1.428,0.961,341.5,8.9,None
17.59,Participant_06,Adaptive_Dual,1.523,1.429,0.961,341.0,8.7,None
17.70,Participant_06,Adaptive_Dual,1.523,1.429,0.963,341.1,8.6,None
17.81,Participant_06,Adaptive_Dual,1.521,1.429,0.964,340.8,8.9,None
17.92,Participant_06,Adaptive_Dual,1.521,1.429,0.964,340.5,9.0,None
18.04,Participant_06,Adaptive_Dual,1.522,1.429,0.965,340.7,9.1,None
18.15,Participant_06,Adaptive_Dual,1.522,1.428,0.965,340.9,9.2,None
18.26,Participant_06,Adaptive_Dual,1.523,1.429,0.965,341.0,9.0,None
18.37,Participant_06,Adaptive_Dual,1.524,1.429,0.965,341.3,8.8,None
18.48,Participant_06,Adaptive_Dual,1.524,1.429,0.964,341.3,8.8,None
18.59,Participant_06,Adaptive_Dual,1.524,1.429,0.963,341.2,8.8,None
18.70,Participant_06,Adaptive_Dual,1.524,1.429,0.963,341.2,8.8,None
18.81,Participant_06,Adaptive_Dual,1.523,1.429,0.962,341.2,8.8,None
18.92,Participant_06,Adaptive_Dual,1.522,1.429,0.961,341.3,9.0,None
19.04,Participant_06,Adaptive_Dual,1.521,1.428,0.961,341.5,9.2,None
19.15,Participant_06,Adaptive_Dual,1.521,1.428,0.961,341.4,9.2,None
19.26,Participant_06,Adaptive_Dual,1.520,1.428,0.962,341.3,9.3,None
19.37,Participant_06,Adaptive_Dual,1.519,1.428,0.963,341.4,9.4,None
19.48,Participant_06,Adaptive_Dual,1.519,1.428,0.963,341.5,9.5,None
19.59,Participant_06,Adaptive_Dual,1.519,1.428,0.963,341.5,9.4,None
19.70,Participant_06,Adaptive_Dual,1.520,1.428,0.963,341.6,9.6,None
19.81,Participant_06,Adaptive_Dual,1.520,1.428,0.963,341.7,9.6,None
19.93,Participant_06,Adaptive_Dual,1.521,1.428,0.962,341.8,9.6,None
20.04,Participant_06,Adaptive_Dual,1.521,1.428,0.961,341.7,9.7,None
20.15,Participant_06,Adaptive_Dual,1.521,1.427,0.960,341.6,9.7,None
20.26,Participant_06,Adaptive_Dual,1.520,1.427,0.958,341.4,9.6,None
20.37,Participant_06,Adaptive_Dual,1.518,1.427,0.957,341.3,9.5,None
20.48,Participant_06,Adaptive_Dual,1.517,1.427,0.957,341.5,9.5,None
20.59,Participant_06,Adaptive_Dual,1.517,1.427,0.958,341.6,9.6,None
20.70,Participant_06,Adaptive_Dual,1.516,1.426,0.960,341.6,9.9,None
20.81,Participant_06,Adaptive_Dual,1.516,1.426,0.960,341.7,10.1,None
20.93,Participant_06,Adaptive_Dual,1.514,1.427,0.960,341.6,9.9,None
21.04,Participant_06,Adaptive_Dual,1.512,1.427,0.958,341.3,9.7,None
21.15,Participant_06,Adaptive_Dual,1.510,1.427,0.957,341.4,9.7,None
21.26,Participant_06,Adaptive_Dual,1.510,1.426,0.957,342.4,8.8,None
21.37,Participant_06,Adaptive_Dual,1.518,1.420,0.962,349.8,10.7,None
21.48,Participant_06,Adaptive_Dual,1.519,1.417,0.966,349.9,5.8,None
21.59,Participant_06,Adaptive_Dual,1.513,1.435,0.974,343.3,352.2,None
21.70,Participant_06,Adaptive_Dual,1.512,1.455,0.971,338.2,343.7,None
21.81,Participant_06,Adaptive_Dual,1.511,1.462,0.974,332.3,341.4,None
21.93,Participant_06,Adaptive_Dual,1.505,1.471,0.990,330.6,334.8,None
22.04,Participant_06,Adaptive_Dual,1.494,1.476,1.011,330.4,331.7,None
22.15,Participant_06,Adaptive_Dual,1.471,1.475,1.043,328.6,332.3,None
22.26,Participant_06,Adaptive_Dual,1.437,1.470,1.091,327.4,330.9,None
22.37,Participant_06,Adaptive_Dual,1.394,1.453,1.151,329.4,336.8,None
22.48,Participant_06,Adaptive_Dual,1.344,1.439,1.213,331.4,345.2,None
22.59,Participant_06,Adaptive_Dual,1.296,1.426,1.270,331.6,349.7,None
22.70,Participant_06,Adaptive_Dual,1.265,1.402,1.328,337.4,355.4,None
22.82,Participant_06,Adaptive_Dual,1.245,1.384,1.371,339.1,359.7,None
22.93,Participant_06,Adaptive_Dual,1.228,1.355,1.407,336.8,11.4,None
23.04,Participant_06,Adaptive_Dual,1.222,1.331,1.434,335.0,18.8,None
23.15,Participant_06,Adaptive_Dual,1.219,1.319,1.451,328.5,26.2,None
23.26,Participant_06,Adaptive_Dual,1.222,1.311,1.465,327.3,29.8,None
23.37,Participant_06,Adaptive_Dual,1.227,1.302,1.474,325.2,34.1,None
23.48,Participant_06,Adaptive_Dual,1.236,1.282,1.483,322.0,39.5,None
23.59,Participant_06,Adaptive_Dual,1.254,1.268,1.479,319.1,49.6,None
23.70,Participant_06,Adaptive_Dual,1.272,1.264,1.474,316.9,56.0,None
23.82,Participant_06,Adaptive_Dual,1.284,1.259,1.472,308.6,63.5,None
23.93,Participant_06,Adaptive_Dual,1.297,1.252,1.466,310.8,70.6,None
24.04,Participant_06,Adaptive_Dual,1.304,1.243,1.467,315.1,75.7,None
24.15,Participant_06,Adaptive_Dual,1.305,1.239,1.468,309.2,79.2,None
24.26,Participant_06,Adaptive_Dual,1.307,1.240,1.468,306.8,78.6,None
24.37,Participant_06,Adaptive_Dual,1.291,1.210,1.496,183.5,66.3,None
24.48,Participant_06,Adaptive_Dual,1.292,1.205,1.479,192.2,81.9,None
24.59,Participant_06,Adaptive_Dual,1.282,1.169,1.501,188.0,78.9,None
24.70,Participant_06,Adaptive_Dual,1.282,1.120,1.519,214.1,79.9,None
24.82,Participant_06,Adaptive_Dual,1.284,1.088,1.520,9.0,76.0,None
24.93,Participant_06,Adaptive_Dual,1.283,1.058,1.542,36.6,48.3,None
25.04,Participant_06,Adaptive_Dual,1.274,1.011,1.565,51.9,26.4,None
25.15,Participant_06,Adaptive_Dual,1.265,0.978,1.582,52.7,22.0,None
25.26,Participant_06,Adaptive_Dual,1.260,0.955,1.595,57.0,12.9,None
25.37,Participant_06,Adaptive_Dual,1.250,0.938,1.605,56.2,12.8,None
25.48,Participant_06,Adaptive_Dual,1.230,0.926,1.615,57.0,0.3,None
25.59,Participant_06,Adaptive_Dual,1.204,0.928,1.606,54.9,343.2,None
25.70,Participant_06,Adaptive_Dual,1.185,0.940,1.587,74.0,341.7,None
25.82,Participant_06,Adaptive_Dual,1.195,0.963,1.555,86.8,339.2,None
25.93,Participant_06,Adaptive_Dual,1.211,0.975,1.528,97.8,333.8,None
26.04,Participant_06,Adaptive_Dual,1.221,0.966,1.512,102.5,335.3,None
26.15,Participant_06,Adaptive_Dual,1.221,0.954,1.514,95.1,341.2,None
26.26,Participant_06,Adaptive_Dual,1.215,0.946,1.525,90.6,345.5,None
26.37,Participant_06,Adaptive_Dual,1.214,0.943,1.539,86.9,347.3,None
26.48,Participant_06,Adaptive_Dual,1.216,0.941,1.545,85.3,345.2,None
26.59,Participant_06,Adaptive_Dual,1.221,0.940,1.548,86.9,343.3,None
26.70,Participant_06,Adaptive_Dual,1.226,0.939,1.548,87.5,342.2,None
26.82,Participant_06,Adaptive_Dual,1.230,0.939,1.550,87.7,341.2,None
26.93,Participant_06,Adaptive_Dual,1.231,0.932,1.560,88.7,341.3,None
27.04,Participant_06,Adaptive_Dual,1.231,0.926,1.583,87.6,343.4,None
27.15,Participant_06,Adaptive_Dual,1.247,0.919,1.615,86.6,343.9,None
27.26,Participant_06,Adaptive_Dual,1.287,0.890,1.656,86.6,343.5,None
27.37,Participant_06,Adaptive_Dual,1.346,0.839,1.680,82.3,351.2,None
27.48,Participant_06,Adaptive_Dual,1.399,0.808,1.678,80.3,357.6,None
27.59,Participant_06,Adaptive_Dual,1.433,0.788,1.689,82.7,359.7,None
27.71,Participant_06,Adaptive_Dual,1.458,0.757,1.695,79.8,7.6,None
27.82,Participant_06,Adaptive_Dual,1.461,0.726,1.698,74.7,4.0,None
27.93,Participant_06,Adaptive_Dual,1.450,0.733,1.714,71.0,1.9,None
28.04,Participant_06,Adaptive_Dual,1.458,0.728,1.725,69.6,1.2,None
28.15,Participant_06,Adaptive_Dual,1.470,0.729,1.740,71.0,9.8,None
28.26,Participant_06,Adaptive_Dual,1.489,0.719,1.752,69.8,0.2,None
28.37,Participant_06,Adaptive_Dual,1.503,0.722,1.759,63.9,4.9,None
28.48,Participant_06,Adaptive_Dual,1.504,0.719,1.758,59.0,2.5,None
28.59,Participant_06,Adaptive_Dual,1.506,0.719,1.757,59.9,3.9,None
28.70,Participant_06,Adaptive_Dual,1.505,0.716,1.752,59.2,0.8,None
28.82,Participant_06,Adaptive_Dual,1.504,0.716,1.753,60.3,359.8,None
28.93,Participant_06,Adaptive_Dual,1.505,0.717,1.755,63.1,2.4,None
29.04,Participant_06,Adaptive_Dual,1.504,0.717,1.753,62.3,1.3,None
29.15,Participant_06,Adaptive_Dual,1.505,0.717,1.754,62.4,2.0,None
29.26,Participant_06,Adaptive_Dual,1.504,0.717,1.754,62.4,1.6,None
29.37,Participant_06,Adaptive_Dual,1.505,0.717,1.754,62.5,2.0,None
29.48,Participant_06,Adaptive_Dual,1.505,0.717,1.754,62.4,1.8,None
29.59,Participant_06,Adaptive_Dual,1.505,0.717,1.754,62.4,1.9,None
29.70,Participant_06,Adaptive_Dual,1.505,0.717,1.754,62.4,1.8,None
29.82,Participant_06,Adaptive_Dual,1.505,0.717,1.754,62.4,1.8,None
29.93,Participant_06,Adaptive_Dual,1.505,0.717,1.754,62.4,1.9,None
30.04,Participant_06,Adaptive_Dual,1.505,0.717,1.754,62.4,1.8,None
30.15,Participant_06,Adaptive_Dual,1.505,0.717,1.754,62.4,1.8,None
30.26,Participant_06,Adaptive_Dual,1.505,0.717,1.754,62.4,1.8,None
30.37,Participant_06,Adaptive_Dual,1.505,0.717,1.754,62.4,1.8,None
30.48,Participant_06,Adaptive_Dual,1.505,0.717,1.754,62.4,1.8,None
30.59,Participant_06,Adaptive_Dual,1.505,0.717,1.754,62.4,1.8,None
30.71,Participant_06,Adaptive_Dual,1.505,0.717,1.754,62.4,1.8,None
30.82,Participant_06,Adaptive_Dual,1.505,0.717,1.754,62.4,1.8,None
30.93,Participant_06,Adaptive_Dual,1.505,0.717,1.754,62.4,1.8,None
31.04,Participant_06,Adaptive_Dual,1.505,0.717,1.754,62.4,1.8,None
31.15,Participant_06,Adaptive_Dual,1.505,0.717,1.754,62.4,1.8,None
31.26,Participant_06,Adaptive_Dual,1.505,0.717,1.754,62.4,1.8,None
31.37,Participant_06,Adaptive_Dual,1.505,0.717,1.754,62.4,1.8,None
31.48,Participant_06,Adaptive_Dual,1.505,0.717,1.754,62.4,1.8,None
31.59,Participant_06,Adaptive_Dual,1.503,0.717,1.756,65.8,1.7,None
31.71,Participant_06,Adaptive_Dual,1.503,0.717,1.758,68.0,1.9,None
31.82,Participant_06,Adaptive_Dual,1.501,0.715,1.758,72.0,359.6,None
31.93,Participant_06,Adaptive_Dual,1.499,0.716,1.759,78.6,0.5,None
32.04,Participant_06,Adaptive_Dual,1.498,0.716,1.761,91.1,359.9,None
32.15,Participant_06,Adaptive_Dual,1.498,0.715,1.762,103.1,358.1,None
32.26,Participant_06,Adaptive_Dual,1.502,0.716,1.763,105.1,0.7,None
32.37,Participant_06,Adaptive_Dual,1.504,0.716,1.761,102.8,1.3,None
32.48,Participant_06,Adaptive_Dual,1.504,0.716,1.758,99.0,2.4,None
32.59,Participant_06,Adaptive_Dual,1.505,0.715,1.757,96.2,1.8,None
32.71,Participant_06,Adaptive_Dual,1.505,0.715,1.757,96.7,1.7,None
32.82,Participant_06,Adaptive_Dual,1.505,0.715,1.756,96.6,1.9,None
32.93,Participant_06,Adaptive_Dual,1.505,0.716,1.757,96.7,1.9,None
33.04,Participant_06,Adaptive_Dual,1.505,0.716,1.756,96.7,1.8,None
33.15,Participant_06,Adaptive_Dual,1.505,0.716,1.756,96.7,1.9,None
33.26,Participant_06,Adaptive_Dual,1.504,0.716,1.756,96.7,1.8,None
33.37,Participant_06,Adaptive_Dual,1.504,0.716,1.756,96.7,1.8,None
33.48,Participant_06,Adaptive_Dual,1.504,0.716,1.756,96.7,1.9,None
33.59,Participant_06,Adaptive_Dual,1.504,0.716,1.756,96.7,1.9,None
33.71,Participant_06,Adaptive_Dual,1.504,0.716,1.756,96.7,1.9,None
33.82,Participant_06,Adaptive_Dual,1.504,0.716,1.757,96.7,1.9,None
33.93,Participant_06,Adaptive_Dual,1.504,0.716,1.757,96.7,1.9,None
34.04,Participant_06,Adaptive_Dual,1.504,0.716,1.757,96.7,1.9,None
34.15,Participant_06,Adaptive_Dual,1.504,0.716,1.757,96.7,1.9,None
34.26,Participant_06,Adaptive_Dual,1.505,0.716,1.757,96.7,1.9,None
34.37,Participant_06,Adaptive_Dual,1.505,0.716,1.757,96.7,1.9,None
34.48,Participant_06,Adaptive_Dual,1.505,0.716,1.757,96.7,1.9,None
34.59,Participant_06,Adaptive_Dual,1.505,0.716,1.757,96.7,1.9,None
34.70,Participant_06,Adaptive_Dual,1.505,0.716,1.757,96.7,1.9,None
34.82,Participant_06,Adaptive_Dual,1.505,0.716,1.757,96.7,1.9,None
34.93,Participant_06,Adaptive_Dual,1.505,0.716,1.757,96.7,1.9,None
35.04,Participant_06,Adaptive_Dual,1.505,0.716,1.757,96.7,1.9,None
35.15,Participant_06,Adaptive_Dual,1.505,0.716,1.757,96.7,1.9,None
35.26,Participant_06,Adaptive_Dual,1.505,0.716,1.757,96.7,1.9,None
35.37,Participant_06,Adaptive_Dual,1.505,0.716,1.757,96.7,1.9,None
35.48,Participant_06,Adaptive_Dual,1.505,0.716,1.757,96.7,1.9,None
35.59,Participant_06,Adaptive_Dual,1.505,0.716,1.757,96.7,1.9,None
35.70,Participant_06,Adaptive_Dual,1.505,0.716,1.757,96.7,1.9,None
35.81,Participant_06,Adaptive_Dual,1.504,0.716,1.757,96.7,1.9,None
35.93,Participant_06,Adaptive_Dual,1.504,0.716,1.757,96.7,1.9,None
36.04,Participant_06,Adaptive_Dual,1.505,0.716,1.757,96.7,1.9,None
36.15,Participant_06,Adaptive_Dual,1.505,0.716,1.757,96.7,1.9,None
36.27,Participant_06,Adaptive_Dual,1.505,0.716,1.757,96.7,1.9,None
36.38,Participant_06,Adaptive_Dual,1.505,0.716,1.757,96.7,1.8,None
36.48,Participant_06,Adaptive_Dual,1.505,0.716,1.757,96.7,1.9,None
36.60,Participant_06,Adaptive_Dual,1.505,0.716,1.757,96.7,1.9,None
36.70,Participant_06,Adaptive_Dual,1.505,0.716,1.757,96.7,1.9,None
36.81,Participant_06,Adaptive_Dual,1.505,0.716,1.757,96.7,1.9,None
36.92,Participant_06,Adaptive_Dual,1.505,0.716,1.757,96.7,1.9,None
37.04,Participant_06,Adaptive_Dual,1.505,0.716,1.757,96.7,1.9,None
37.15,Participant_06,Adaptive_Dual,1.505,0.716,1.757,96.7,1.9,None
37.26,Participant_06,Adaptive_Dual,1.505,0.716,1.757,96.7,1.9,None
37.37,Participant_06,Adaptive_Dual,1.505,0.716,1.757,96.7,1.9,None
37.48,Participant_06,Adaptive_Dual,1.505,0.716,1.757,96.7,1.9,None
37.59,Participant_06,Adaptive_Dual,1.505,0.716,1.757,96.7,1.9,None
37.70,Participant_06,Adaptive_Dual,1.505,0.716,1.757,96.7,1.9,None
37.81,Participant_06,Adaptive_Dual,1.505,0.715,1.757,96.7,1.9,None
37.92,Participant_06,Adaptive_Dual,1.505,0.715,1.757,96.7,1.9,None
38.03,Participant_06,Adaptive_Dual,1.505,0.715,1.757,96.7,1.9,None
38.15,Participant_06,Adaptive_Dual,1.505,0.715,1.757,96.7,1.9,None
38.26,Participant_06,Adaptive_Dual,1.505,0.716,1.757,96.7,1.9,None
38.37,Participant_06,Adaptive_Dual,1.505,0.716,1.757,96.7,1.9,None
38.49,Participant_06,Adaptive_Dual,1.505,0.716,1.757,96.7,1.9,None
38.60,Participant_06,Adaptive_Dual,1.505,0.716,1.757,96.7,1.9,None
38.72,Participant_06,Adaptive_Dual,1.505,0.716,1.757,96.7,1.9,None
38.83,Participant_06,Adaptive_Dual,1.505,0.716,1.757,96.7,1.9,None
38.94,Participant_06,Adaptive_Dual,1.505,0.716,1.757,96.7,1.9,None
39.05,Participant_06,Adaptive_Dual,1.505,0.716,1.757,96.7,1.9,None
39.16,Participant_06,Adaptive_Dual,1.505,0.716,1.757,96.7,1.9,None
39.27,Participant_06,Adaptive_Dual,1.505,0.716,1.757,96.7,1.9,None
39.38,Participant_06,Adaptive_Dual,1.505,0.716,1.757,96.7,1.9,None
39.49,Participant_06,Adaptive_Dual,1.505,0.716,1.757,96.7,1.9,None
39.60,Participant_06,Adaptive_Dual,1.505,0.716,1.757,96.7,1.9,None
39.72,Participant_06,Adaptive_Dual,1.505,0.716,1.757,96.7,1.9,None
39.83,Participant_06,Adaptive_Dual,1.505,0.716,1.757,96.7,1.9,None
39.94,Participant_06,Adaptive_Dual,1.505,0.716,1.757,96.7,1.9,None
40.05,Participant_06,Adaptive_Dual,1.505,0.716,1.757,96.7,1.9,None
40.16,Participant_06,Adaptive_Dual,1.505,0.716,1.757,96.7,1.9,None
40.27,Participant_06,Adaptive_Dual,1.505,0.716,1.757,96.7,1.9,None
40.38,Participant_06,Adaptive_Dual,1.505,0.716,1.757,96.7,1.9,None
40.49,Participant_06,Adaptive_Dual,1.505,0.716,1.757,96.7,1.8,None
40.60,Participant_06,Adaptive_Dual,1.505,0.716,1.757,96.7,1.9,None
40.72,Participant_06,Adaptive_Dual,1.505,0.716,1.757,96.7,1.9,None
40.83,Participant_06,Adaptive_Dual,1.505,0.716,1.757,96.7,1.9,None
40.94,Participant_06,Adaptive_Dual,1.505,0.716,1.757,96.7,1.9,None
41.05,Participant_06,Adaptive_Dual,1.505,0.716,1.757,96.7,1.9,None
41.16,Participant_06,Adaptive_Dual,1.505,0.716,1.757,96.7,1.9,None
41.27,Participant_06,Adaptive_Dual,1.505,0.716,1.757,96.7,1.9,None
41.38,Participant_06,Adaptive_Dual,1.505,0.716,1.757,96.7,1.9,None
41.49,Participant_06,Adaptive_Dual,1.505,0.716,1.757,96.7,1.9,None
41.60,Participant_06,Adaptive_Dual,1.504,0.716,1.757,96.7,1.9,None
41.72,Participant_06,Adaptive_Dual,1.504,0.716,1.757,96.7,1.9,None
41.83,Participant_06,Adaptive_Dual,1.504,0.716,1.757,96.7,1.9,None
41.94,Participant_06,Adaptive_Dual,1.504,0.716,1.757,96.7,1.9,None
42.05,Participant_06,Adaptive_Dual,1.504,0.716,1.757,96.7,1.9,None
42.16,Participant_06,Adaptive_Dual,1.505,0.716,1.757,96.7,1.9,None
42.27,Participant_06,Adaptive_Dual,1.505,0.716,1.757,96.7,1.9,None
42.38,Participant_06,Adaptive_Dual,1.504,0.716,1.757,96.7,1.9,None
42.49,Participant_06,Adaptive_Dual,1.505,0.716,1.757,96.7,1.9,None
42.61,Participant_06,Adaptive_Dual,1.505,0.716,1.757,96.7,1.9,None
42.72,Participant_06,Adaptive_Dual,1.505,0.716,1.757,96.7,1.9,None
42.83,Participant_06,Adaptive_Dual,1.505,0.716,1.757,96.7,1.9,None
42.94,Participant_06,Adaptive_Dual,1.505,0.716,1.757,96.7,1.9,None
43.05,Participant_06,Adaptive_Dual,1.505,0.716,1.757,96.7,1.9,None
43.16,Participant_06,Adaptive_Dual,1.505,0.716,1.757,96.7,1.9,None
43.27,Participant_06,Adaptive_Dual,1.505,0.716,1.757,96.7,1.9,None
43.38,Participant_06,Adaptive_Dual,1.505,0.716,1.757,96.7,1.9,None
43.49,Participant_06,Adaptive_Dual,1.505,0.716,1.757,96.7,1.9,None
43.61,Participant_06,Adaptive_Dual,1.505,0.716,1.757,96.7,1.9,None
43.72,Participant_06,Adaptive_Dual,1.505,0.716,1.757,96.7,1.9,None
43.83,Participant_06,Adaptive_Dual,1.505,0.716,1.757,96.7,1.9,None
43.94,Participant_06,Adaptive_Dual,1.505,0.716,1.757,96.7,1.9,None
44.05,Participant_06,Adaptive_Dual,1.505,0.716,1.757,96.7,1.9,None
44.16,Participant_06,Adaptive_Dual,1.505,0.716,1.757,96.7,1.9,None
44.27,Participant_06,Adaptive_Dual,1.505,0.716,1.757,96.7,1.9,None
44.38,Participant_06,Adaptive_Dual,1.505,0.716,1.757,96.7,1.9,None
44.49,Participant_06,Adaptive_Dual,1.505,0.716,1.757,96.7,1.9,None
44.61,Participant_06,Adaptive_Dual,1.505,0.716,1.757,96.7,1.9,None
44.72,Participant_06,Adaptive_Dual,1.505,0.716,1.757,96.7,1.9,None
44.83,Participant_06,Adaptive_Dual,1.505,0.716,1.757,96.7,1.9,None
44.94,Participant_06,Adaptive_Dual,1.505,0.716,1.757,96.7,1.9,None
45.05,Participant_06,Adaptive_Dual,1.505,0.716,1.757,96.7,1.9,None
45.16,Participant_06,Adaptive_Dual,1.505,0.716,1.757,96.7,1.9,None
45.27,Participant_06,Adaptive_Dual,1.505,0.716,1.757,96.7,1.9,None
45.38,Participant_06,Adaptive_Dual,1.505,0.716,1.757,96.7,1.9,None
45.49,Participant_06,Adaptive_Dual,1.505,0.716,1.757,96.7,1.9,None
45.60,Participant_06,Adaptive_Dual,1.505,0.716,1.757,96.7,1.9,None
45.72,Participant_06,Adaptive_Dual,1.505,0.716,1.757,96.7,1.9,None
45.83,Participant_06,Adaptive_Dual,1.505,0.716,1.757,96.7,1.9,None
45.94,Participant_06,Adaptive_Dual,1.505,0.716,1.757,96.7,1.9,None
46.05,Participant_06,Adaptive_Dual,1.505,0.716,1.757,96.7,1.9,None
46.17,Participant_06,Adaptive_Dual,1.505,0.716,1.757,96.7,1.9,None
46.27,Participant_06,Adaptive_Dual,1.505,0.716,1.757,96.7,1.9,None
46.38,Participant_06,Adaptive_Dual,1.505,0.716,1.757,96.7,1.9,None
46.50,Participant_06,Adaptive_Dual,1.505,0.716,1.757,96.7,1.9,None
46.61,Participant_06,Adaptive_Dual,1.505,0.716,1.757,96.7,1.9,None
46.72,Participant_06,Adaptive_Dual,1.505,0.716,1.757,96.7,1.9,None
46.83,Participant_06,Adaptive_Dual,1.505,0.716,1.757,96.7,1.9,None
46.94,Participant_06,Adaptive_Dual,1.505,0.716,1.757,96.7,1.9,None
47.05,Participant_06,Adaptive_Dual,1.505,0.716,1.757,96.7,1.9,None
47.16,Participant_06,Adaptive_Dual,1.505,0.716,1.757,96.7,1.9,None
47.27,Participant_06,Adaptive_Dual,1.505,0.716,1.757,96.7,1.9,None
47.38,Participant_06,Adaptive_Dual,1.505,0.716,1.757,96.7,1.9,None
47.49,Participant_06,Adaptive_Dual,1.505,0.716,1.757,96.7,1.9,None
47.60,Participant_06,Adaptive_Dual,1.505,0.716,1.757,96.7,1.9,None
47.71,Participant_06,Adaptive_Dual,1.505,0.716,1.757,96.7,1.9,None
47.82,Participant_06,Adaptive_Dual,1.505,0.716,1.757,96.7,1.9,None
47.94,Participant_06,Adaptive_Dual,1.505,0.716,1.757,96.7,1.9,None
48.05,Participant_06,Adaptive_Dual,1.505,0.716,1.757,96.7,1.9,None
48.16,Participant_06,Adaptive_Dual,1.505,0.716,1.757,96.7,1.9,None
48.27,Participant_06,Adaptive_Dual,1.505,0.716,1.757,96.7,1.9,None
48.38,Participant_06,Adaptive_Dual,1.505,0.716,1.757,96.7,1.9,None
48.49,Participant_06,Adaptive_Dual,1.505,0.716,1.757,96.7,1.9,None
48.60,Participant_06,Adaptive_Dual,1.505,0.716,1.757,96.7,1.9,None
48.71,Participant_06,Adaptive_Dual,1.505,0.716,1.757,96.7,1.9,None
48.83,Participant_06,Adaptive_Dual,1.505,0.716,1.757,96.7,1.9,None
48.94,Participant_06,Adaptive_Dual,1.505,0.716,1.757,96.7,1.9,None
49.05,Participant_06,Adaptive_Dual,1.505,0.716,1.757,96.7,1.9,None
49.16,Participant_06,Adaptive_Dual,1.505,0.716,1.757,96.7,1.9,None
49.27,Participant_06,Adaptive_Dual,1.505,0.716,1.757,96.7,1.9,None
49.38,Participant_06,Adaptive_Dual,1.505,0.716,1.757,96.7,1.9,None
49.49,Participant_06,Adaptive_Dual,1.505,0.716,1.757,96.7,1.9,None
49.60,Participant_06,Adaptive_Dual,1.505,0.716,1.757,96.7,1.9,None
49.72,Participant_06,Adaptive_Dual,1.505,0.716,1.757,96.7,1.9,None
49.83,Participant_06,Adaptive_Dual,1.505,0.716,1.757,96.7,1.9,None
49.94,Participant_06,Adaptive_Dual,1.505,0.716,1.757,96.7,1.9,None
50.05,Participant_06,Adaptive_Dual,1.505,0.716,1.757,96.7,1.9,None
50.16,Participant_06,Adaptive_Dual,1.505,0.716,1.757,96.7,1.9,None
50.27,Participant_06,Adaptive_Dual,1.505,0.716,1.757,96.7,1.9,None
50.38,Participant_06,Adaptive_Dual,1.505,0.716,1.757,96.7,1.9,None
50.49,Participant_06,Adaptive_Dual,1.505,0.716,1.757,96.7,1.9,None
50.60,Participant_06,Adaptive_Dual,1.505,0.716,1.757,96.7,1.9,None
50.72,Participant_06,Adaptive_Dual,1.505,0.716,1.757,96.7,1.9,None
50.83,Participant_06,Adaptive_Dual,1.505,0.716,1.757,96.7,1.9,None
50.94,Participant_06,Adaptive_Dual,1.505,0.716,1.757,96.9,1.7,None
51.05,Participant_06,Adaptive_Dual,1.504,0.715,1.758,97.1,1.2,None
51.16,Participant_06,Adaptive_Dual,1.505,0.715,1.759,100.0,0.5,None
51.27,Participant_06,Adaptive_Dual,1.507,0.716,1.762,105.0,1.3,None
51.38,Participant_06,Adaptive_Dual,1.508,0.716,1.762,105.6,1.3,None
51.49,Participant_06,Adaptive_Dual,1.508,0.716,1.761,105.2,1.4,None
51.60,Participant_06,Adaptive_Dual,1.506,0.715,1.763,107.4,0.2,None
51.72,Participant_06,Adaptive_Dual,1.508,0.716,1.762,107.3,2.1,None
51.83,Participant_06,Adaptive_Dual,1.508,0.715,1.762,107.4,1.0,None
51.94,Participant_06,Adaptive_Dual,1.508,0.715,1.763,108.4,1.1,None
52.05,Participant_06,Adaptive_Dual,1.508,0.716,1.762,107.8,2.0,None
52.16,Participant_06,Adaptive_Dual,1.508,0.716,1.763,107.9,1.6,None
52.27,Participant_06,Adaptive_Dual,1.508,0.716,1.762,107.9,1.7,None
52.38,Participant_06,Adaptive_Dual,1.508,0.716,1.762,107.9,1.8,None
52.49,Participant_06,Adaptive_Dual,1.508,0.716,1.762,107.9,1.7,None
52.60,Participant_06,Adaptive_Dual,1.508,0.716,1.762,107.9,1.8,None
52.72,Participant_06,Adaptive_Dual,1.508,0.716,1.762,107.9,1.8,None
52.83,Participant_06,Adaptive_Dual,1.508,0.716,1.762,107.9,1.7,None
52.94,Participant_06,Adaptive_Dual,1.508,0.716,1.762,107.9,1.8,None
53.05,Participant_06,Adaptive_Dual,1.508,0.716,1.762,107.9,1.8,None
53.16,Participant_06,Adaptive_Dual,1.508,0.716,1.762,107.9,1.8,None
53.27,Participant_06,Adaptive_Dual,1.508,0.716,1.762,107.9,1.8,None
53.38,Participant_06,Adaptive_Dual,1.508,0.716,1.762,107.9,1.8,None
53.49,Participant_06,Adaptive_Dual,1.508,0.716,1.762,107.9,1.8,None
53.60,Participant_06,Adaptive_Dual,1.508,0.716,1.762,107.9,1.7,None
53.72,Participant_06,Adaptive_Dual,1.508,0.716,1.762,107.9,1.8,None
53.83,Participant_06,Adaptive_Dual,1.508,0.716,1.762,107.9,1.8,None
53.94,Participant_06,Adaptive_Dual,1.508,0.716,1.762,107.9,1.7,None
54.05,Participant_06,Adaptive_Dual,1.508,0.716,1.762,107.9,1.8,None
54.16,Participant_06,Adaptive_Dual,1.508,0.716,1.762,107.9,1.8,None
54.27,Participant_06,Adaptive_Dual,1.508,0.716,1.762,107.9,1.8,None
54.38,Participant_06,Adaptive_Dual,1.508,0.715,1.762,107.9,1.8,None
54.49,Participant_06,Adaptive_Dual,1.508,0.716,1.762,107.9,1.8,None
54.61,Participant_06,Adaptive_Dual,1.508,0.716,1.762,107.9,1.8,None
54.72,Participant_06,Adaptive_Dual,1.508,0.716,1.762,107.9,1.8,None
54.83,Participant_06,Adaptive_Dual,1.508,0.716,1.762,107.9,1.8,None
54.94,Participant_06,Adaptive_Dual,1.508,0.716,1.762,107.9,1.8,None
55.05,Participant_06,Adaptive_Dual,1.508,0.716,1.762,107.9,1.8,None
55.16,Participant_06,Adaptive_Dual,1.508,0.716,1.762,107.9,1.8,None
55.27,Participant_06,Adaptive_Dual,1.508,0.716,1.762,107.9,1.8,None
55.38,Participant_06,Adaptive_Dual,1.508,0.716,1.762,107.9,1.8,None
55.53,Participant_06,Adaptive_Dual,1.508,0.716,1.762,107.9,1.8,None
55.65,Participant_06,Adaptive_Dual,1.508,0.716,1.762,107.9,1.8,None
55.76,Participant_06,Adaptive_Dual,1.508,0.716,1.762,107.9,1.8,None
55.87,Participant_06,Adaptive_Dual,1.508,0.716,1.762,107.9,1.8,None
55.98,Participant_06,Adaptive_Dual,1.508,0.716,1.762,107.9,1.8,None
56.09,Participant_06,Adaptive_Dual,1.508,0.716,1.762,107.9,1.8,None
56.20,Participant_06,Adaptive_Dual,1.508,0.716,1.762,107.9,1.8,None
56.31,Participant_06,Adaptive_Dual,1.508,0.716,1.762,107.9,1.8,None
56.43,Participant_06,Adaptive_Dual,1.508,0.716,1.762,107.9,1.8,None
56.54,Participant_06,Adaptive_Dual,1.508,0.716,1.763,107.9,1.8,None
56.65,Participant_06,Adaptive_Dual,1.508,0.716,1.762,107.9,1.8,None
56.76,Participant_06,Adaptive_Dual,1.508,0.716,1.762,107.9,1.8,None
56.87,Participant_06,Adaptive_Dual,1.508,0.716,1.762,107.9,1.8,None
56.98,Participant_06,Adaptive_Dual,1.508,0.716,1.762,107.9,1.8,None
57.09,Participant_06,Adaptive_Dual,1.508,0.716,1.762,107.9,1.8,None
57.20,Participant_06,Adaptive_Dual,1.508,0.716,1.762,107.9,1.8,None
57.31,Participant_06,Adaptive_Dual,1.508,0.716,1.762,107.9,1.8,None
57.43,Participant_06,Adaptive_Dual,1.508,0.716,1.762,107.9,1.8,None
57.54,Participant_06,Adaptive_Dual,1.508,0.716,1.762,107.9,1.8,None
57.65,Participant_06,Adaptive_Dual,1.508,0.716,1.762,107.9,1.8,None
57.76,Participant_06,Adaptive_Dual,1.508,0.716,1.762,107.9,1.8,None
57.87,Participant_06,Adaptive_Dual,1.508,0.716,1.762,107.9,1.8,None
57.98,Participant_06,Adaptive_Dual,1.508,0.716,1.762,107.9,1.8,None
58.09,Participant_06,Adaptive_Dual,1.508,0.716,1.762,107.9,1.8,None
58.20,Participant_06,Adaptive_Dual,1.508,0.716,1.762,107.9,1.8,None
58.31,Participant_06,Adaptive_Dual,1.508,0.716,1.763,107.9,1.8,None
58.42,Participant_06,Adaptive_Dual,1.508,0.716,1.763,107.9,1.8,None
58.54,Participant_06,Adaptive_Dual,1.508,0.716,1.763,107.9,1.8,None
58.65,Participant_06,Adaptive_Dual,1.508,0.716,1.763,107.9,1.8,None
58.76,Participant_06,Adaptive_Dual,1.508,0.716,1.762,107.9,1.8,None
58.87,Participant_06,Adaptive_Dual,1.508,0.716,1.762,107.9,1.8,None
58.98,Participant_06,Adaptive_Dual,1.508,0.716,1.762,107.9,1.8,None
59.09,Participant_06,Adaptive_Dual,1.508,0.716,1.762,107.9,1.8,None
59.20,Participant_06,Adaptive_Dual,1.508,0.716,1.762,107.9,1.8,None
59.31,Participant_06,Adaptive_Dual,1.508,0.716,1.762,107.9,1.8,None
59.42,Participant_06,Adaptive_Dual,1.508,0.716,1.762,107.9,1.8,None
59.53,Participant_06,Adaptive_Dual,1.508,0.716,1.762,107.9,1.8,None
59.65,Participant_06,Adaptive_Dual,1.508,0.716,1.762,107.9,1.8,None
59.76,Participant_06,Adaptive_Dual,1.508,0.716,1.762,107.9,1.8,None
59.88,Participant_06,Adaptive_Dual,1.508,0.716,1.762,107.9,1.8,None
59.99,Participant_06,Adaptive_Dual,1.508,0.716,1.762,107.9,1.8,None
60.10,Participant_06,Adaptive_Dual,1.508,0.716,1.762,107.9,1.8,None
60.21,Participant_06,Adaptive_Dual,1.508,0.716,1.762,107.9,1.8,None
60.33,Participant_06,Adaptive_Dual,1.508,0.716,1.762,107.9,1.8,None
60.44,Participant_06,Adaptive_Dual,1.508,0.716,1.762,107.9,1.8,None
60.55,Participant_06,Adaptive_Dual,1.508,0.716,1.763,107.9,1.8,None
60.66,Participant_06,Adaptive_Dual,1.508,0.716,1.762,107.9,1.8,None
60.77,Participant_06,Adaptive_Dual,1.508,0.716,1.762,107.9,1.8,None
60.88,Participant_06,Adaptive_Dual,1.508,0.716,1.762,107.9,1.8,None
60.99,Participant_06,Adaptive_Dual,1.508,0.716,1.762,107.9,1.8,None
61.10,Participant_06,Adaptive_Dual,1.508,0.716,1.762,107.9,1.8,None
61.22,Participant_06,Adaptive_Dual,1.508,0.716,1.762,107.9,1.8,None
61.33,Participant_06,Adaptive_Dual,1.508,0.716,1.762,107.9,1.8,None
61.44,Participant_06,Adaptive_Dual,1.508,0.716,1.763,107.9,1.8,None
61.55,Participant_06,Adaptive_Dual,1.508,0.716,1.763,107.9,1.8,None
61.66,Participant_06,Adaptive_Dual,1.508,0.716,1.762,107.9,1.8,None
61.77,Participant_06,Adaptive_Dual,1.508,0.716,1.762,107.9,1.8,None
61.88,Participant_06,Adaptive_Dual,1.508,0.716,1.762,107.9,1.8,None
61.99,Participant_06,Adaptive_Dual,1.508,0.716,1.762,107.9,1.8,None
62.10,Participant_06,Adaptive_Dual,1.508,0.716,1.762,107.9,1.8,None
62.20,Participant_06,Adaptive_Dual,1.508,0.716,1.762,107.9,1.8,None
62.31,Participant_06,Adaptive_Dual,1.508,0.716,1.762,107.9,1.8,None
62.41,Participant_06,Adaptive_Dual,1.508,0.716,1.762,107.9,1.8,None
62.52,Participant_06,Adaptive_Dual,1.508,0.716,1.762,107.9,1.8,None
62.63,Participant_06,Adaptive_Dual,1.508,0.716,1.762,107.9,1.8,None
62.73,Participant_06,Adaptive_Dual,1.508,0.716,1.762,107.9,1.8,None
62.84,Participant_06,Adaptive_Dual,1.508,0.716,1.762,107.9,1.8,None
62.95,Participant_06,Adaptive_Dual,1.508,0.716,1.763,107.9,1.8,None
63.05,Participant_06,Adaptive_Dual,1.508,0.716,1.763,107.9,1.8,None
63.16,Participant_06,Adaptive_Dual,1.508,0.716,1.763,107.9,1.8,None
63.27,Participant_06,Adaptive_Dual,1.508,0.716,1.763,107.9,1.8,None
63.38,Participant_06,Adaptive_Dual,1.508,0.716,1.763,107.9,1.8,None
63.49,Participant_06,Adaptive_Dual,1.508,0.716,1.763,107.9,1.8,None
63.60,Participant_06,Adaptive_Dual,1.508,0.716,1.763,107.9,1.8,None
63.71,Participant_06,Adaptive_Dual,1.508,0.716,1.763,107.9,1.8,None
63.83,Participant_06,Adaptive_Dual,1.508,0.716,1.763,107.9,1.8,None
63.94,Participant_06,Adaptive_Dual,1.508,0.716,1.763,107.9,1.8,None
64.05,Participant_06,Adaptive_Dual,1.508,0.716,1.763,107.9,1.8,None
64.16,Participant_06,Adaptive_Dual,1.508,0.716,1.763,107.9,1.8,None
64.27,Participant_06,Adaptive_Dual,1.508,0.716,1.763,107.9,1.8,None
64.38,Participant_06,Adaptive_Dual,1.508,0.716,1.763,107.9,1.8,None
64.49,Participant_06,Adaptive_Dual,1.508,0.716,1.762,107.9,1.8,None
64.60,Participant_06,Adaptive_Dual,1.508,0.716,1.762,107.9,1.8,None
64.71,Participant_06,Adaptive_Dual,1.508,0.716,1.762,107.9,1.8,None
64.83,Participant_06,Adaptive_Dual,1.508,0.716,1.762,107.9,1.8,None
64.94,Participant_06,Adaptive_Dual,1.508,0.716,1.762,107.9,1.8,None
65.05,Participant_06,Adaptive_Dual,1.508,0.716,1.762,107.9,1.8,None
65.16,Participant_06,Adaptive_Dual,1.508,0.716,1.762,107.9,1.8,None
65.27,Participant_06,Adaptive_Dual,1.508,0.716,1.763,107.9,1.8,None
65.38,Participant_06,Adaptive_Dual,1.508,0.716,1.763,107.9,1.8,None
65.49,Participant_06,Adaptive_Dual,1.508,0.716,1.763,107.9,1.8,None
65.60,Participant_06,Adaptive_Dual,1.508,0.716,1.763,107.9,1.8,None
65.71,Participant_06,Adaptive_Dual,1.508,0.716,1.763,107.9,1.8,None
65.83,Participant_06,Adaptive_Dual,1.508,0.716,1.763,107.9,1.8,None
65.94,Participant_06,Adaptive_Dual,1.508,0.716,1.762,107.9,1.8,None
66.05,Participant_06,Adaptive_Dual,1.508,0.716,1.762,107.9,1.7,None
66.16,Participant_06,Adaptive_Dual,1.508,0.716,1.762,107.9,1.8,None
66.27,Participant_06,Adaptive_Dual,1.508,0.716,1.763,107.9,1.8,None
66.38,Participant_06,Adaptive_Dual,1.508,0.716,1.763,107.9,1.8,None
66.49,Participant_06,Adaptive_Dual,1.508,0.716,1.763,107.9,1.8,None
66.60,Participant_06,Adaptive_Dual,1.508,0.716,1.763,107.9,1.8,None
66.72,Participant_06,Adaptive_Dual,1.508,0.716,1.763,107.9,1.8,None
66.83,Participant_06,Adaptive_Dual,1.508,0.716,1.763,107.9,1.8,None
66.94,Participant_06,Adaptive_Dual,1.508,0.716,1.763,107.9,1.8,None
67.05,Participant_06,Adaptive_Dual,1.508,0.716,1.763,107.9,1.8,None
67.16,Participant_06,Adaptive_Dual,1.508,0.716,1.763,107.9,1.8,None
67.27,Participant_06,Adaptive_Dual,1.508,0.716,1.762,107.9,1.8,None
67.38,Participant_06,Adaptive_Dual,1.508,0.716,1.762,107.9,1.8,None
67.49,Participant_06,Adaptive_Dual,1.508,0.716,1.762,107.9,1.8,None
67.60,Participant_06,Adaptive_Dual,1.508,0.716,1.762,107.9,1.8,None
67.71,Participant_06,Adaptive_Dual,1.508,0.716,1.762,107.9,1.8,None
67.83,Participant_06,Adaptive_Dual,1.508,0.716,1.762,107.9,1.8,None
67.94,Participant_06,Adaptive_Dual,1.508,0.716,1.762,107.9,1.8,None
68.05,Participant_06,Adaptive_Dual,1.508,0.716,1.762,107.9,1.8,None
68.16,Participant_06,Adaptive_Dual,1.508,0.716,1.763,107.9,1.8,None
68.27,Participant_06,Adaptive_Dual,1.508,0.716,1.763,107.9,1.8,None
68.38,Participant_06,Adaptive_Dual,1.508,0.716,1.762,107.9,1.8,None
68.49,Participant_06,Adaptive_Dual,1.508,0.716,1.762,107.9,1.8,None
68.60,Participant_06,Adaptive_Dual,1.508,0.716,1.762,107.9,1.8,None
68.71,Participant_06,Adaptive_Dual,1.508,0.716,1.763,107.9,1.8,None
68.83,Participant_06,Adaptive_Dual,1.508,0.716,1.763,107.9,1.8,None
68.94,Participant_06,Adaptive_Dual,1.508,0.716,1.763,107.9,1.8,None
69.05,Participant_06,Adaptive_Dual,1.508,0.716,1.763,107.9,1.8,None
69.16,Participant_06,Adaptive_Dual,1.508,0.716,1.763,107.9,1.8,None
69.27,Participant_06,Adaptive_Dual,1.508,0.716,1.763,107.9,1.8,None
69.38,Participant_06,Adaptive_Dual,1.508,0.716,1.763,107.9,1.8,None
69.49,Participant_06,Adaptive_Dual,1.508,0.716,1.763,107.9,1.8,None
69.60,Participant_06,Adaptive_Dual,1.508,0.717,1.763,107.9,1.8,None
69.71,Participant_06,Adaptive_Dual,1.508,0.717,1.763,107.9,1.8,None
69.83,Participant_06,Adaptive_Dual,1.508,0.716,1.763,107.9,1.8,None
69.94,Participant_06,Adaptive_Dual,1.508,0.717,1.763,107.9,1.8,None
70.05,Participant_06,Adaptive_Dual,1.508,0.716,1.763,107.9,1.8,None
70.16,Participant_06,Adaptive_Dual,1.508,0.716,1.763,107.9,1.8,None
70.27,Participant_06,Adaptive_Dual,1.508,0.716,1.763,107.9,1.8,None
70.38,Participant_06,Adaptive_Dual,1.508,0.716,1.763,107.9,1.8,None
70.49,Participant_06,Adaptive_Dual,1.508,0.716,1.763,107.9,1.8,None
70.60,Participant_06,Adaptive_Dual,1.508,0.716,1.763,107.9,1.8,None
70.71,Participant_06,Adaptive_Dual,1.508,0.716,1.763,107.9,1.8,None
70.83,Participant_06,Adaptive_Dual,1.508,0.716,1.763,107.9,1.8,None
70.94,Participant_06,Adaptive_Dual,1.508,0.716,1.762,107.9,1.8,None
71.05,Participant_06,Adaptive_Dual,1.508,0.716,1.762,107.9,1.8,None
71.16,Participant_06,Adaptive_Dual,1.508,0.716,1.762,107.9,1.8,None
71.27,Participant_06,Adaptive_Dual,1.508,0.716,1.762,107.9,1.8,None
71.38,Participant_06,Adaptive_Dual,1.508,0.716,1.762,107.9,1.8,None
71.49,Participant_06,Adaptive_Dual,1.508,0.716,1.762,107.9,1.8,None
71.60,Participant_06,Adaptive_Dual,1.508,0.716,1.763,107.9,1.8,None
71.71,Participant_06,Adaptive_Dual,1.508,0.716,1.763,107.9,1.8,None
71.83,Participant_06,Adaptive_Dual,1.508,0.716,1.763,107.9,1.8,None
71.94,Participant_06,Adaptive_Dual,1.508,0.716,1.763,107.9,1.8,None
72.05,Participant_06,Adaptive_Dual,1.508,0.716,1.763,107.9,1.8,None
72.16,Participant_06,Adaptive_Dual,1.508,0.716,1.763,107.9,1.8,None
72.27,Participant_06,Adaptive_Dual,1.508,0.716,1.762,107.9,1.8,None
72.38,Participant_06,Adaptive_Dual,1.508,0.716,1.762,107.9,1.8,None
72.49,Participant_06,Adaptive_Dual,1.508,0.716,1.762,107.9,1.8,None
72.60,Participant_06,Adaptive_Dual,1.508,0.716,1.763,107.9,1.8,None
72.71,Participant_06,Adaptive_Dual,1.508,0.716,1.763,107.9,1.8,None
72.82,Participant_06,Adaptive_Dual,1.508,0.716,1.762,107.9,1.8,None
72.94,Participant_06,Adaptive_Dual,1.508,0.716,1.762,107.9,1.8,None
73.05,Participant_06,Adaptive_Dual,1.508,0.716,1.762,107.9,1.8,None
73.16,Participant_06,Adaptive_Dual,1.508,0.716,1.762,107.9,1.8,None
73.27,Participant_06,Adaptive_Dual,1.508,0.716,1.762,107.9,1.8,None
73.38,Participant_06,Adaptive_Dual,1.508,0.716,1.762,107.9,1.8,None
73.49,Participant_06,Adaptive_Dual,1.508,0.716,1.762,107.9,1.8,None
73.60,Participant_06,Adaptive_Dual,1.508,0.716,1.762,107.9,1.8,None
73.71,Participant_06,Adaptive_Dual,1.508,0.716,1.762,107.9,1.8,None
73.83,Participant_06,Adaptive_Dual,1.508,0.716,1.762,107.9,1.8,None
73.94,Participant_06,Adaptive_Dual,1.508,0.716,1.763,107.9,1.8,None
74.05,Participant_06,Adaptive_Dual,1.508,0.716,1.763,107.9,1.8,None
74.16,Participant_06,Adaptive_Dual,1.508,0.716,1.763,107.9,1.8,None
74.27,Participant_06,Adaptive_Dual,1.508,0.716,1.763,107.9,1.8,None
74.38,Participant_06,Adaptive_Dual,1.508,0.716,1.763,107.9,1.8,None
74.49,Participant_06,Adaptive_Dual,1.508,0.716,1.763,107.9,1.8,None
74.60,Participant_06,Adaptive_Dual,1.508,0.716,1.763,107.9,1.8,None
74.71,Participant_06,Adaptive_Dual,1.508,0.716,1.763,107.9,1.8,None
74.83,Participant_06,Adaptive_Dual,1.508,0.716,1.763,107.9,1.8,None
74.94,Participant_06,Adaptive_Dual,1.508,0.716,1.763,107.9,1.8,None
75.05,Participant_06,Adaptive_Dual,1.508,0.716,1.763,107.9,1.8,None
75.16,Participant_06,Adaptive_Dual,1.508,0.716,1.763,107.9,1.8,None
75.27,Participant_06,Adaptive_Dual,1.508,0.716,1.763,107.9,1.8,None
75.38,Participant_06,Adaptive_Dual,1.508,0.716,1.763,107.9,1.8,None
75.49,Participant_06,Adaptive_Dual,1.508,0.716,1.763,107.9,1.8,None
75.60,Participant_06,Adaptive_Dual,1.508,0.716,1.763,107.9,1.8,None
75.71,Participant_06,Adaptive_Dual,1.508,0.716,1.763,107.9,1.8,None
75.83,Participant_06,Adaptive_Dual,1.508,0.716,1.763,107.9,1.8,None
75.94,Participant_06,Adaptive_Dual,1.508,0.716,1.763,107.9,1.8,None
76.05,Participant_06,Adaptive_Dual,1.508,0.716,1.763,107.9,1.8,None
76.16,Participant_06,Adaptive_Dual,1.508,0.716,1.763,107.9,1.8,None
76.27,Participant_06,Adaptive_Dual,1.508,0.716,1.763,107.9,1.8,None
76.38,Participant_06,Adaptive_Dual,1.508,0.716,1.763,107.9,1.8,None
76.49,Participant_06,Adaptive_Dual,1.508,0.716,1.763,107.9,1.8,None
76.60,Participant_06,Adaptive_Dual,1.508,0.716,1.763,107.9,1.8,None
76.71,Participant_06,Adaptive_Dual,1.508,0.716,1.763,107.9,1.8,None
76.82,Participant_06,Adaptive_Dual,1.508,0.716,1.763,107.9,1.8,None
76.94,Participant_06,Adaptive_Dual,1.508,0.716,1.762,107.9,1.8,None
77.05,Participant_06,Adaptive_Dual,1.508,0.716,1.762,107.9,1.8,None
77.16,Participant_06,Adaptive_Dual,1.508,0.716,1.763,107.9,1.8,None
77.27,Participant_06,Adaptive_Dual,1.508,0.716,1.763,107.9,1.8,None
77.38,Participant_06,Adaptive_Dual,1.508,0.716,1.763,107.9,1.8,None
77.49,Participant_06,Adaptive_Dual,1.508,0.716,1.763,107.9,1.8,None
77.60,Participant_06,Adaptive_Dual,1.508,0.716,1.763,107.9,1.8,None
77.71,Participant_06,Adaptive_Dual,1.508,0.716,1.762,107.9,1.8,None
77.82,Participant_06,Adaptive_Dual,1.508,0.716,1.763,107.9,1.8,None
77.94,Participant_06,Adaptive_Dual,1.508,0.716,1.763,107.9,1.8,None
78.05,Participant_06,Adaptive_Dual,1.508,0.716,1.762,107.9,1.8,None
78.16,Participant_06,Adaptive_Dual,1.508,0.716,1.762,107.9,1.8,None
78.27,Participant_06,Adaptive_Dual,1.508,0.716,1.762,107.9,1.8,None
78.38,Participant_06,Adaptive_Dual,1.508,0.716,1.762,107.9,1.8,None
78.49,Participant_06,Adaptive_Dual,1.508,0.716,1.762,107.9,1.8,None
78.60,Participant_06,Adaptive_Dual,1.508,0.716,1.763,107.9,1.8,None
78.71,Participant_06,Adaptive_Dual,1.508,0.716,1.763,107.9,1.8,None
78.82,Participant_06,Adaptive_Dual,1.508,0.716,1.763,107.9,1.8,None
78.94,Participant_06,Adaptive_Dual,1.508,0.716,1.763,107.9,1.8,None
79.05,Participant_06,Adaptive_Dual,1.508,0.716,1.763,107.9,1.8,None
79.16,Participant_06,Adaptive_Dual,1.508,0.716,1.763,107.9,1.8,None
79.27,Participant_06,Adaptive_Dual,1.508,0.716,1.763,107.9,1.8,None
79.38,Participant_06,Adaptive_Dual,1.508,0.716,1.763,107.9,1.8,None
79.49,Participant_06,Adaptive_Dual,1.508,0.716,1.763,107.9,1.8,None
79.60,Participant_06,Adaptive_Dual,1.508,0.716,1.763,107.9,1.8,None
79.71,Participant_06,Adaptive_Dual,1.508,0.716,1.762,107.9,1.8,None
79.83,Participant_06,Adaptive_Dual,1.508,0.716,1.762,107.9,1.8,None
79.94,Participant_06,Adaptive_Dual,1.508,0.716,1.762,107.9,1.8,None
80.05,Participant_06,Adaptive_Dual,1.508,0.716,1.762,107.9,1.8,None
80.16,Participant_06,Adaptive_Dual,1.508,0.716,1.763,107.9,1.8,None
80.27,Participant_06,Adaptive_Dual,1.508,0.716,1.763,107.9,1.8,None
80.38,Participant_06,Adaptive_Dual,1.508,0.716,1.763,107.9,1.8,None
80.49,Participant_06,Adaptive_Dual,1.508,0.716,1.763,107.9,1.8,None
80.60,Participant_06,Adaptive_Dual,1.508,0.716,1.763,107.9,1.8,None
80.71,Participant_06,Adaptive_Dual,1.508,0.716,1.763,107.9,1.8,None
80.83,Participant_06,Adaptive_Dual,1.508,0.716,1.763,107.9,1.8,None
80.94,Participant_06,Adaptive_Dual,1.508,0.716,1.763,107.9,1.8,None
81.05,Participant_06,Adaptive_Dual,1.508,0.716,1.763,107.9,1.8,None
81.16,Participant_06,Adaptive_Dual,1.508,0.716,1.763,107.9,1.8,None
81.27,Participant_06,Adaptive_Dual,1.508,0.716,1.763,107.9,1.8,None
81.38,Participant_06,Adaptive_Dual,1.508,0.716,1.763,107.9,1.8,None
81.49,Participant_06,Adaptive_Dual,1.508,0.716,1.763,107.9,1.8,None
81.60,Participant_06,Adaptive_Dual,1.508,0.716,1.763,107.9,1.8,None
81.71,Participant_06,Adaptive_Dual,1.508,0.716,1.763,107.9,1.8,None
81.83,Participant_06,Adaptive_Dual,1.508,0.716,1.763,107.9,1.8,None
81.94,Participant_06,Adaptive_Dual,1.508,0.716,1.763,107.9,1.8,None
82.05,Participant_06,Adaptive_Dual,1.508,0.716,1.763,107.9,1.8,None
82.16,Participant_06,Adaptive_Dual,1.508,0.716,1.763,107.9,1.8,None
82.27,Participant_06,Adaptive_Dual,1.508,0.716,1.763,107.9,1.8,None
82.38,Participant_06,Adaptive_Dual,1.508,0.716,1.763,107.9,1.8,None
82.49,Participant_06,Adaptive_Dual,1.508,0.716,1.763,107.9,1.8,None
82.60,Participant_06,Adaptive_Dual,1.508,0.716,1.763,107.9,1.8,None
82.71,Participant_06,Adaptive_Dual,1.508,0.716,1.763,107.9,1.8,None
82.83,Participant_06,Adaptive_Dual,1.508,0.716,1.763,107.9,1.8,None
82.94,Participant_06,Adaptive_Dual,1.508,0.716,1.763,107.9,1.8,None
83.05,Participant_06,Adaptive_Dual,1.508,0.716,1.763,107.9,1.8,None
83.16,Participant_06,Adaptive_Dual,1.508,0.716,1.763,107.9,1.8,None
83.27,Participant_06,Adaptive_Dual,1.508,0.716,1.763,107.9,1.8,None
83.38,Participant_06,Adaptive_Dual,1.508,0.716,1.763,107.9,1.8,None
83.49,Participant_06,Adaptive_Dual,1.508,0.716,1.763,107.9,1.8,None
83.60,Participant_06,Adaptive_Dual,1.508,0.716,1.762,107.9,1.8,None
83.71,Participant_06,Adaptive_Dual,1.508,0.716,1.762,107.9,1.8,None
83.83,Participant_06,Adaptive_Dual,1.508,0.716,1.762,107.9,1.8,None
83.94,Participant_06,Adaptive_Dual,1.508,0.716,1.762,107.9,1.8,None
84.05,Participant_06,Adaptive_Dual,1.508,0.716,1.762,107.9,1.8,None
84.16,Participant_06,Adaptive_Dual,1.508,0.716,1.762,107.9,1.8,None
84.27,Participant_06,Adaptive_Dual,1.508,0.716,1.762,107.9,1.8,None
84.38,Participant_06,Adaptive_Dual,1.508,0.716,1.762,107.9,1.8,None
84.50,Participant_06,Adaptive_Dual,1.508,0.716,1.762,107.9,1.8,None
84.60,Participant_06,Adaptive_Dual,1.508,0.716,1.763,107.9,1.8,None
84.71,Participant_06,Adaptive_Dual,1.508,0.716,1.763,107.9,1.8,None
84.83,Participant_06,Adaptive_Dual,1.508,0.716,1.763,107.9,1.8,None
84.94,Participant_06,Adaptive_Dual,1.508,0.716,1.763,107.9,1.8,None
85.05,Participant_06,Adaptive_Dual,1.508,0.716,1.763,107.9,1.8,None
85.16,Participant_06,Adaptive_Dual,1.508,0.716,1.762,107.9,1.8,None
85.27,Participant_06,Adaptive_Dual,1.508,0.716,1.763,107.9,1.8,None
85.38,Participant_06,Adaptive_Dual,1.508,0.716,1.763,107.9,1.8,None
85.49,Participant_06,Adaptive_Dual,1.508,0.716,1.763,107.9,1.8,None
85.60,Participant_06,Adaptive_Dual,1.508,0.716,1.763,107.9,1.8,None
85.71,Participant_06,Adaptive_Dual,1.508,0.716,1.763,107.9,1.8,None
85.82,Participant_06,Adaptive_Dual,1.508,0.716,1.763,107.9,1.8,None
85.94,Participant_06,Adaptive_Dual,1.508,0.716,1.763,107.9,1.8,None
86.05,Participant_06,Adaptive_Dual,1.508,0.716,1.763,107.9,1.8,None
86.16,Participant_06,Adaptive_Dual,1.508,0.716,1.763,107.9,1.8,None
86.27,Participant_06,Adaptive_Dual,1.508,0.716,1.763,107.9,1.8,None
86.38,Participant_06,Adaptive_Dual,1.508,0.716,1.763,107.9,1.8,None
86.49,Participant_06,Adaptive_Dual,1.508,0.716,1.763,107.9,1.8,None
86.60,Participant_06,Adaptive_Dual,1.508,0.716,1.763,107.9,1.8,None
86.72,Participant_06,Adaptive_Dual,1.508,0.716,1.763,107.9,1.8,None
86.83,Participant_06,Adaptive_Dual,1.508,0.716,1.763,107.9,1.8,None
86.94,Participant_06,Adaptive_Dual,1.508,0.716,1.763,107.9,1.8,None
87.05,Participant_06,Adaptive_Dual,1.508,0.716,1.763,108.0,1.7,None
87.16,Participant_06,Adaptive_Dual,1.507,0.716,1.763,107.9,1.5,None
87.27,Participant_06,Adaptive_Dual,1.508,0.716,1.762,107.8,2.0,None
87.38,Participant_06,Adaptive_Dual,1.508,0.716,1.762,107.9,1.7,None
87.49,Participant_06,Adaptive_Dual,1.507,0.716,1.763,108.0,1.7,None
87.60,Participant_06,Adaptive_Dual,1.508,0.716,1.763,107.9,1.8,None
87.72,Participant_06,Adaptive_Dual,1.508,0.716,1.763,107.9,1.7,None
87.83,Participant_06,Adaptive_Dual,1.508,0.716,1.763,107.9,1.9,None
87.94,Participant_06,Adaptive_Dual,1.508,0.716,1.763,107.9,1.8,None
88.05,Participant_06,Adaptive_Dual,1.508,0.716,1.763,107.9,1.7,None
88.16,Participant_06,Adaptive_Dual,1.508,0.716,1.763,107.9,1.8,None
88.27,Participant_06,Adaptive_Dual,1.508,0.716,1.763,107.9,1.8,None
88.38,Participant_06,Adaptive_Dual,1.508,0.716,1.763,107.9,1.8,None
88.49,Participant_06,Adaptive_Dual,1.508,0.716,1.763,107.9,1.8,None
88.60,Participant_06,Adaptive_Dual,1.508,0.716,1.763,107.9,1.8,None
88.72,Participant_06,Adaptive_Dual,1.508,0.716,1.763,107.9,1.8,None
88.83,Participant_06,Adaptive_Dual,1.508,0.716,1.763,107.9,1.8,None
88.94,Participant_06,Adaptive_Dual,1.508,0.716,1.763,107.9,1.8,None
89.05,Participant_06,Adaptive_Dual,1.508,0.716,1.763,107.9,1.8,None
89.16,Participant_06,Adaptive_Dual,1.508,0.716,1.762,107.9,1.8,None
89.27,Participant_06,Adaptive_Dual,1.508,0.716,1.762,107.9,1.8,None
89.38,Participant_06,Adaptive_Dual,1.508,0.716,1.763,107.9,1.8,None
89.49,Participant_06,Adaptive_Dual,1.508,0.716,1.763,107.9,1.8,None
89.60,Participant_06,Adaptive_Dual,1.508,0.716,1.762,107.9,1.8,None
89.72,Participant_06,Adaptive_Dual,1.508,0.716,1.762,107.9,1.8,None
89.83,Participant_06,Adaptive_Dual,1.508,0.716,1.763,107.9,1.8,None
89.94,Participant_06,Adaptive_Dual,1.508,0.716,1.763,107.9,1.8,None
90.05,Participant_06,Adaptive_Dual,1.508,0.716,1.763,107.9,1.8,None
90.16,Participant_06,Adaptive_Dual,1.508,0.716,1.763,107.9,1.8,None
90.27,Participant_06,Adaptive_Dual,1.508,0.716,1.763,107.9,1.8,None
90.38,Participant_06,Adaptive_Dual,1.508,0.716,1.763,107.9,1.8,None
90.49,Participant_06,Adaptive_Dual,1.508,0.716,1.763,107.9,1.8,None
90.59,Participant_06,Adaptive_Dual,1.508,0.716,1.763,107.9,1.8,None
90.70,Participant_06,Adaptive_Dual,1.508,0.716,1.763,107.9,1.8,None
90.81,Participant_06,Adaptive_Dual,1.508,0.716,1.763,107.9,1.8,None
90.92,Participant_06,Adaptive_Dual,1.508,0.716,1.763,107.9,1.8,None
91.03,Participant_06,Adaptive_Dual,1.508,0.716,1.763,107.9,1.8,None
91.14,Participant_06,Adaptive_Dual,1.508,0.716,1.763,107.9,1.8,None
91.26,Participant_06,Adaptive_Dual,1.508,0.716,1.763,107.9,1.8,None
91.37,Participant_06,Adaptive_Dual,1.508,0.716,1.763,107.9,1.8,None
91.48,Participant_06,Adaptive_Dual,1.508,0.716,1.763,107.9,1.8,None
91.59,Participant_06,Adaptive_Dual,1.508,0.716,1.763,107.9,1.8,None
91.70,Participant_06,Adaptive_Dual,1.508,0.716,1.763,107.9,1.8,None
91.81,Participant_06,Adaptive_Dual,1.508,0.716,1.763,107.9,1.8,None
91.92,Participant_06,Adaptive_Dual,1.508,0.716,1.763,107.9,1.8,None
92.03,Participant_06,Adaptive_Dual,1.508,0.716,1.762,107.9,1.8,None
92.15,Participant_06,Adaptive_Dual,1.508,0.716,1.762,107.9,1.8,None
92.26,Participant_06,Adaptive_Dual,1.508,0.716,1.762,107.9,1.8,None
92.37,Participant_06,Adaptive_Dual,1.508,0.716,1.762,107.9,1.8,None
92.48,Participant_06,Adaptive_Dual,1.508,0.716,1.762,107.9,1.8,None
92.59,Participant_06,Adaptive_Dual,1.508,0.716,1.763,107.9,1.8,None
92.70,Participant_06,Adaptive_Dual,1.508,0.716,1.763,107.9,1.8,None
92.81,Participant_06,Adaptive_Dual,1.508,0.716,1.763,107.9,1.8,None
92.92,Participant_06,Adaptive_Dual,1.508,0.716,1.763,107.9,1.8,None
93.03,Participant_06,Adaptive_Dual,1.508,0.716,1.763,107.9,1.8,None
93.15,Participant_06,Adaptive_Dual,1.508,0.716,1.763,107.9,1.8,None
93.26,Participant_06,Adaptive_Dual,1.508,0.716,1.763,107.9,1.8,None
93.37,Participant_06,Adaptive_Dual,1.508,0.716,1.763,107.9,1.8,None
93.48,Participant_06,Adaptive_Dual,1.508,0.716,1.763,107.9,1.8,None
93.59,Participant_06,Adaptive_Dual,1.508,0.716,1.763,107.9,1.8,None
93.70,Participant_06,Adaptive_Dual,1.508,0.716,1.763,107.9,1.8,None
93.81,Participant_06,Adaptive_Dual,1.508,0.716,1.763,107.9,1.8,None
93.92,Participant_06,Adaptive_Dual,1.508,0.716,1.763,107.9,1.8,None
94.03,Participant_06,Adaptive_Dual,1.508,0.716,1.763,107.9,1.8,None
94.15,Participant_06,Adaptive_Dual,1.508,0.716,1.763,107.9,1.8,None
94.26,Participant_06,Adaptive_Dual,1.508,0.716,1.763,107.9,1.8,None
94.37,Participant_06,Adaptive_Dual,1.508,0.716,1.763,107.9,1.8,None
94.48,Participant_06,Adaptive_Dual,1.508,0.716,1.763,107.9,1.8,None
94.59,Participant_06,Adaptive_Dual,1.508,0.716,1.763,107.9,1.8,None
94.70,Participant_06,Adaptive_Dual,1.508,0.716,1.763,107.9,1.8,None
94.81,Participant_06,Adaptive_Dual,1.508,0.716,1.763,107.9,1.8,None
94.92,Participant_06,Adaptive_Dual,1.508,0.716,1.762,107.9,1.8,None
95.03,Participant_06,Adaptive_Dual,1.508,0.716,1.762,107.9,1.8,None
95.15,Participant_06,Adaptive_Dual,1.508,0.716,1.763,107.9,1.8,None
95.26,Participant_06,Adaptive_Dual,1.508,0.716,1.763,107.9,1.8,None
95.37,Participant_06,Adaptive_Dual,1.508,0.716,1.763,107.9,1.8,None
95.48,Participant_06,Adaptive_Dual,1.508,0.716,1.762,107.9,1.8,None
95.59,Participant_06,Adaptive_Dual,1.508,0.716,1.763,107.9,1.8,None
95.70,Participant_06,Adaptive_Dual,1.508,0.716,1.763,107.9,1.8,None
95.81,Participant_06,Adaptive_Dual,1.508,0.716,1.763,107.9,1.8,None
95.92,Participant_06,Adaptive_Dual,1.508,0.716,1.763,107.9,1.8,None
96.03,Participant_06,Adaptive_Dual,1.508,0.716,1.763,107.9,1.8,None
96.15,Participant_06,Adaptive_Dual,1.508,0.716,1.763,107.9,1.8,None
96.26,Participant_06,Adaptive_Dual,1.508,0.716,1.763,107.9,1.8,None
96.37,Participant_06,Adaptive_Dual,1.508,0.716,1.763,107.9,1.8,None
96.48,Participant_06,Adaptive_Dual,1.508,0.716,1.763,107.9,1.8,None
96.59,Participant_06,Adaptive_Dual,1.508,0.716,1.762,107.9,1.8,None
96.70,Participant_06,Adaptive_Dual,1.508,0.716,1.762,107.9,1.8,None
96.81,Participant_06,Adaptive_Dual,1.508,0.716,1.762,107.9,1.8,None
96.92,Participant_06,Adaptive_Dual,1.508,0.716,1.763,107.9,1.8,None
97.03,Participant_06,Adaptive_Dual,1.508,0.716,1.763,107.9,1.8,None
97.15,Participant_06,Adaptive_Dual,1.508,0.716,1.763,107.9,1.8,None
97.26,Participant_06,Adaptive_Dual,1.508,0.716,1.763,107.9,1.8,None
97.37,Participant_06,Adaptive_Dual,1.508,0.716,1.763,107.9,1.8,None
97.48,Participant_06,Adaptive_Dual,1.508,0.716,1.763,107.9,1.8,None
97.59,Participant_06,Adaptive_Dual,1.508,0.716,1.763,107.9,1.8,None
97.70,Participant_06,Adaptive_Dual,1.508,0.716,1.763,107.9,1.8,None
97.81,Participant_06,Adaptive_Dual,1.508,0.716,1.763,107.9,1.8,None
97.92,Participant_06,Adaptive_Dual,1.508,0.716,1.763,107.9,1.8,None
98.04,Participant_06,Adaptive_Dual,1.508,0.716,1.763,107.9,1.8,None
98.15,Participant_06,Adaptive_Dual,1.508,0.716,1.763,107.9,1.8,None
98.26,Participant_06,Adaptive_Dual,1.508,0.716,1.763,107.9,1.8,None
98.37,Participant_06,Adaptive_Dual,1.508,0.716,1.763,107.9,1.8,None
98.48,Participant_06,Adaptive_Dual,1.508,0.716,1.763,107.9,1.8,None
98.59,Participant_06,Adaptive_Dual,1.508,0.716,1.763,107.9,1.8,None
98.70,Participant_06,Adaptive_Dual,1.508,0.716,1.763,107.9,1.8,None
98.81,Participant_06,Adaptive_Dual,1.508,0.716,1.762,107.9,1.8,None
98.92,Participant_06,Adaptive_Dual,1.508,0.716,1.763,107.9,1.8,None
99.04,Participant_06,Adaptive_Dual,1.508,0.716,1.763,107.9,1.8,None
99.15,Participant_06,Adaptive_Dual,1.508,0.716,1.763,107.9,1.8,None
99.26,Participant_06,Adaptive_Dual,1.508,0.716,1.763,107.9,1.8,None
99.37,Participant_06,Adaptive_Dual,1.508,0.716,1.763,107.9,1.8,None
99.48,Participant_06,Adaptive_Dual,1.508,0.716,1.763,107.9,1.8,None
99.59,Participant_06,Adaptive_Dual,1.508,0.716,1.763,107.9,1.8,None
99.70,Participant_06,Adaptive_Dual,1.508,0.716,1.763,107.9,1.8,None
99.81,Participant_06,Adaptive_Dual,1.508,0.716,1.763,107.9,1.8,None
99.92,Participant_06,Adaptive_Dual,1.508,0.716,1.763,107.9,1.8,None
100.04,Participant_06,Adaptive_Dual,1.508,0.716,1.763,107.9,1.8,None
100.15,Participant_06,Adaptive_Dual,1.508,0.716,1.763,107.9,1.8,None
100.26,Participant_06,Adaptive_Dual,1.508,0.716,1.763,107.9,1.8,None
100.37,Participant_06,Adaptive_Dual,1.508,0.716,1.763,107.9,1.8,None
100.49,Participant_06,Adaptive_Dual,1.508,0.716,1.763,107.9,1.8,None
100.59,Participant_06,Adaptive_Dual,1.508,0.716,1.763,107.9,1.8,None
100.70,Participant_06,Adaptive_Dual,1.508,0.716,1.763,107.9,1.8,None
100.81,Participant_06,Adaptive_Dual,1.508,0.716,1.763,107.9,1.8,None
100.93,Participant_06,Adaptive_Dual,1.508,0.716,1.763,107.9,1.8,None
101.04,Participant_06,Adaptive_Dual,1.508,0.716,1.763,107.9,1.8,None
101.15,Participant_06,Adaptive_Dual,1.508,0.716,1.763,107.9,1.8,None
101.26,Participant_06,Adaptive_Dual,1.508,0.716,1.763,107.9,1.8,None
101.37,Participant_06,Adaptive_Dual,1.508,0.716,1.763,107.9,1.8,None
101.49,Participant_06,Adaptive_Dual,1.508,0.716,1.763,107.9,1.8,None
101.59,Participant_06,Adaptive_Dual,1.508,0.716,1.763,107.9,1.8,None
101.70,Participant_06,Adaptive_Dual,1.508,0.716,1.763,107.9,1.8,None
101.81,Participant_06,Adaptive_Dual,1.508,0.716,1.763,107.9,1.8,None
101.93,Participant_06,Adaptive_Dual,1.508,0.716,1.763,107.9,1.8,None
102.04,Participant_06,Adaptive_Dual,1.508,0.716,1.763,107.9,1.8,None
102.15,Participant_06,Adaptive_Dual,1.508,0.716,1.763,107.9,1.8,None
102.26,Participant_06,Adaptive_Dual,1.508,0.716,1.763,107.9,1.8,None
102.38,Participant_06,Adaptive_Dual,1.508,0.716,1.763,107.9,1.8,None
102.49,Participant_06,Adaptive_Dual,1.508,0.716,1.763,107.9,1.8,None
102.59,Participant_06,Adaptive_Dual,1.508,0.716,1.763,107.9,1.8,None
102.70,Participant_06,Adaptive_Dual,1.508,0.716,1.763,107.9,1.8,None
102.81,Participant_06,Adaptive_Dual,1.508,0.716,1.763,107.9,1.8,None
102.92,Participant_06,Adaptive_Dual,1.508,0.716,1.763,107.9,1.8,None
103.04,Participant_06,Adaptive_Dual,1.508,0.716,1.763,107.9,1.8,None
103.15,Participant_06,Adaptive_Dual,1.508,0.716,1.763,107.9,1.8,None
103.26,Participant_06,Adaptive_Dual,1.508,0.716,1.763,107.9,1.8,None
103.37,Participant_06,Adaptive_Dual,1.508,0.716,1.763,107.9,1.8,None
103.48,Participant_06,Adaptive_Dual,1.508,0.716,1.763,107.9,1.8,None
103.59,Participant_06,Adaptive_Dual,1.508,0.716,1.763,107.9,1.8,None
103.70,Participant_06,Adaptive_Dual,1.508,0.716,1.763,107.9,1.8,None
103.81,Participant_06,Adaptive_Dual,1.508,0.716,1.763,107.9,1.8,None
103.92,Participant_06,Adaptive_Dual,1.508,0.716,1.763,107.9,1.8,None
104.03,Participant_06,Adaptive_Dual,1.508,0.716,1.763,107.9,1.8,None
104.15,Participant_06,Adaptive_Dual,1.508,0.716,1.763,107.9,1.8,None
104.26,Participant_06,Adaptive_Dual,1.508,0.716,1.763,107.9,1.8,None
104.37,Participant_06,Adaptive_Dual,1.508,0.716,1.763,107.9,1.8,None
104.48,Participant_06,Adaptive_Dual,1.508,0.716,1.763,107.9,1.8,None
104.59,Participant_06,Adaptive_Dual,1.508,0.716,1.763,107.9,1.8,None
104.70,Participant_06,Adaptive_Dual,1.508,0.716,1.763,107.9,1.8,None
104.81,Participant_06,Adaptive_Dual,1.508,0.716,1.763,107.9,1.8,None
104.92,Participant_06,Adaptive_Dual,1.508,0.716,1.763,107.9,1.8,None
105.03,Participant_06,Adaptive_Dual,1.508,0.716,1.763,107.9,1.8,None
105.14,Participant_06,Adaptive_Dual,1.508,0.716,1.763,107.9,1.8,None
105.25,Participant_06,Adaptive_Dual,1.508,0.716,1.762,107.9,1.8,None
105.37,Participant_06,Adaptive_Dual,1.508,0.716,1.762,107.9,1.8,None
105.48,Participant_06,Adaptive_Dual,1.508,0.716,1.762,107.9,1.8,None
105.59,Participant_06,Adaptive_Dual,1.508,0.716,1.762,107.9,1.8,None
105.70,Participant_06,Adaptive_Dual,1.508,0.716,1.762,107.9,1.8,None
105.81,Participant_06,Adaptive_Dual,1.508,0.716,1.763,107.9,1.8,None
105.92,Participant_06,Adaptive_Dual,1.508,0.716,1.763,107.9,1.8,None
106.03,Participant_06,Adaptive_Dual,1.508,0.716,1.763,107.9,1.8,None
106.13,Participant_06,Adaptive_Dual,1.508,0.716,1.763,107.9,1.8,None
106.24,Participant_06,Adaptive_Dual,1.508,0.716,1.763,107.9,1.8,None
106.35,Participant_06,Adaptive_Dual,1.508,0.716,1.763,107.9,1.8,None
106.46,Participant_06,Adaptive_Dual,1.508,0.716,1.763,107.9,1.8,None
106.57,Participant_06,Adaptive_Dual,1.508,0.716,1.763,107.9,1.8,None
106.68,Participant_06,Adaptive_Dual,1.507,0.716,1.763,107.9,1.8,None
106.80,Participant_06,Adaptive_Dual,1.507,0.716,1.763,107.9,1.8,None
106.91,Participant_06,Adaptive_Dual,1.507,0.716,1.763,107.9,1.8,None
107.02,Participant_06,Adaptive_Dual,1.508,0.716,1.763,107.9,1.8,None
107.13,Participant_06,Adaptive_Dual,1.508,0.716,1.763,107.9,1.8,None
107.24,Participant_06,Adaptive_Dual,1.508,0.716,1.763,107.9,1.8,None
107.35,Participant_06,Adaptive_Dual,1.508,0.716,1.763,107.9,1.8,None
107.46,Participant_06,Adaptive_Dual,1.508,0.716,1.763,107.9,1.8,None
107.57,Participant_06,Adaptive_Dual,1.508,0.716,1.763,107.9,1.8,None
107.68,Participant_06,Adaptive_Dual,1.508,0.716,1.763,107.9,1.8,None
107.80,Participant_06,Adaptive_Dual,1.508,0.716,1.763,107.9,1.8,None
107.91,Participant_06,Adaptive_Dual,1.508,0.716,1.763,107.9,1.8,None
108.02,Participant_06,Adaptive_Dual,1.508,0.716,1.763,107.9,1.8,None
108.13,Participant_06,Adaptive_Dual,1.508,0.716,1.763,107.9,1.8,None
108.24,Participant_06,Adaptive_Dual,1.508,0.716,1.763,107.9,1.8,None
108.35,Participant_06,Adaptive_Dual,1.508,0.716,1.763,107.9,1.8,None
108.46,Participant_06,Adaptive_Dual,1.508,0.716,1.762,107.9,1.8,None
108.57,Participant_06,Adaptive_Dual,1.508,0.716,1.763,107.9,1.8,None
108.68,Participant_06,Adaptive_Dual,1.507,0.716,1.763,107.9,1.8,None
108.80,Participant_06,Adaptive_Dual,1.508,0.716,1.763,108.0,1.8,None
108.91,Participant_06,Adaptive_Dual,1.508,0.716,1.763,108.0,1.8,None
109.02,Participant_06,Adaptive_Dual,1.508,0.716,1.763,107.9,1.8,None
109.13,Participant_06,Adaptive_Dual,1.508,0.716,1.763,107.9,1.8,None
109.24,Participant_06,Adaptive_Dual,1.508,0.716,1.763,107.9,1.8,None
109.35,Participant_06,Adaptive_Dual,1.508,0.716,1.763,107.9,1.8,None
109.46,Participant_06,Adaptive_Dual,1.508,0.716,1.763,107.9,1.8,None
109.57,Participant_06,Adaptive_Dual,1.508,0.716,1.763,107.9,1.8,None
109.69,Participant_06,Adaptive_Dual,1.507,0.716,1.762,107.9,1.7,None
109.80,Participant_06,Adaptive_Dual,1.508,0.716,1.763,108.0,1.9,None
109.91,Participant_06,Adaptive_Dual,1.508,0.716,1.763,107.9,1.7,None
110.02,Participant_06,Adaptive_Dual,1.508,0.716,1.763,107.9,1.7,None
110.13,Participant_06,Adaptive_Dual,1.508,0.716,1.762,107.9,1.9,None
110.24,Participant_06,Adaptive_Dual,1.507,0.716,1.762,107.9,1.7,None
110.35,Participant_06,Adaptive_Dual,1.508,0.716,1.762,108.0,1.8,None
110.46,Participant_06,Adaptive_Dual,1.507,0.716,1.763,107.9,1.8,None
110.57,Participant_06,Adaptive_Dual,1.507,0.716,1.763,107.9,1.8,None
110.69,Participant_06,Adaptive_Dual,1.508,0.716,1.763,107.9,1.8,None
110.80,Participant_06,Adaptive_Dual,1.508,0.716,1.763,108.0,1.7,None
110.91,Participant_06,Adaptive_Dual,1.508,0.716,1.762,107.8,1.9,None
111.02,Participant_06,Adaptive_Dual,1.508,0.716,1.763,107.9,1.8,None
111.13,Participant_06,Adaptive_Dual,1.508,0.716,1.763,108.0,1.8,None
111.24,Participant_06,Adaptive_Dual,1.508,0.716,1.763,108.0,1.8,None
111.35,Participant_06,Adaptive_Dual,1.508,0.716,1.763,107.9,1.8,None
111.46,Participant_06,Adaptive_Dual,1.508,0.716,1.763,107.9,1.8,None
111.58,Participant_06,Adaptive_Dual,1.508,0.716,1.763,108.0,1.8,None
111.69,Participant_06,Adaptive_Dual,1.508,0.716,1.763,107.9,1.8,None
111.80,Participant_06,Adaptive_Dual,1.508,0.716,1.763,107.9,1.8,None
111.91,Participant_06,Adaptive_Dual,1.508,0.716,1.763,107.9,1.8,None
112.02,Participant_06,Adaptive_Dual,1.508,0.716,1.763,107.9,1.8,None
112.13,Participant_06,Adaptive_Dual,1.508,0.717,1.763,107.9,1.8,None
112.24,Participant_06,Adaptive_Dual,1.508,0.716,1.763,107.9,1.8,None
112.35,Participant_06,Adaptive_Dual,1.508,0.716,1.763,107.9,1.8,None
112.46,Participant_06,Adaptive_Dual,1.508,0.716,1.763,107.9,1.8,None
112.58,Participant_06,Adaptive_Dual,1.508,0.716,1.763,107.9,1.8,None
112.69,Participant_06,Adaptive_Dual,1.508,0.716,1.763,107.9,1.8,None
112.80,Participant_06,Adaptive_Dual,1.508,0.716,1.763,107.9,1.8,None
112.91,Participant_06,Adaptive_Dual,1.508,0.716,1.763,107.9,1.8,None
113.02,Participant_06,Adaptive_Dual,1.508,0.716,1.763,107.9,1.8,None
113.13,Participant_06,Adaptive_Dual,1.508,0.716,1.763,107.9,1.8,None
113.24,Participant_06,Adaptive_Dual,1.508,0.716,1.763,107.9,1.8,None
113.36,Participant_06,Adaptive_Dual,1.508,-0.338,1.763,107.9,1.8,None
113.46,Participant_06,Adaptive_Dual,1.508,-0.338,1.763,107.9,1.8,None
113.56,Participant_06,Adaptive_Dual,1.508,-0.338,1.763,107.9,1.8,None
113.67,Participant_06,Adaptive_Dual,1.508,-0.338,1.763,107.9,1.8,None
113.77,Participant_06,Adaptive_Dual,1.508,-0.338,1.763,107.9,1.8,None
113.87,Participant_06,Adaptive_Dual,1.508,-0.338,1.763,107.9,1.8,None
113.97,Participant_06,Adaptive_Dual,1.508,-0.338,1.763,107.9,1.8,None
114.07,Participant_06,Adaptive_Dual,1.508,-0.338,1.763,107.9,1.8,None
114.17,Participant_06,Adaptive_Dual,1.508,-0.338,1.763,107.9,1.8,None
114.27,Participant_06,Adaptive_Dual,1.508,-0.338,1.763,107.9,1.8,None
114.37,Participant_06,Adaptive_Dual,1.508,-0.338,1.763,107.9,1.8,None
114.47,Participant_06,Adaptive_Dual,1.508,-0.338,1.763,107.9,1.8,None
114.65,Participant_06,Adaptive_Dual,1.508,-0.338,1.763,107.9,1.8,None
114.75,Participant_06,Adaptive_Dual,1.508,-0.338,1.763,107.9,1.8,None
114.85,Participant_06,Adaptive_Dual,1.508,-0.338,1.763,107.9,1.8,None
114.95,Participant_06,Adaptive_Dual,1.508,-0.338,1.763,107.9,1.8,None
115.06,Participant_06,Adaptive_Dual,1.508,-0.338,1.763,107.9,1.8,None
115.16,Participant_06,Adaptive_Dual,1.508,-0.338,1.763,107.9,1.8,None
115.26,Participant_06,Adaptive_Dual,1.508,-0.338,1.763,107.9,1.8,None
115.36,Participant_06,Adaptive_Dual,1.508,-0.338,1.763,107.9,1.8,None
115.46,Participant_06,Adaptive_Dual,1.508,-0.338,1.763,107.9,1.8,None
115.56,Participant_06,Adaptive_Dual,1.508,-0.338,1.763,107.9,1.8,None
115.66,Participant_06,Adaptive_Dual,1.508,-0.338,1.763,107.9,1.8,None
115.77,Participant_06,Adaptive_Dual,1.508,-0.338,1.763,107.9,1.8,Video
115.87,Participant_06,Adaptive_Dual,1.508,-0.338,1.763,107.9,1.8,Video
115.97,Participant_06,Adaptive_Dual,1.508,-0.338,1.763,107.9,1.8,Video
116.07,Participant_06,Adaptive_Dual,1.508,-0.338,1.763,107.9,1.8,Video
116.17,Participant_06,Adaptive_Dual,1.508,-0.338,1.763,107.9,1.8,Video
116.27,Participant_06,Adaptive_Dual,1.508,-0.338,1.763,107.9,1.8,Video
116.37,Participant_06,Adaptive_Dual,1.508,-0.338,1.763,107.9,1.8,Video
116.47,Participant_06,Adaptive_Dual,1.508,-0.338,1.763,107.9,1.8,Video
116.57,Participant_06,Adaptive_Dual,1.508,-0.338,1.763,107.9,1.8,Video
116.67,Participant_06,Adaptive_Dual,1.508,-0.338,1.763,107.9,1.8,Video
116.78,Participant_06,Adaptive_Dual,1.508,-0.338,1.763,107.9,1.8,Video
116.88,Participant_06,Adaptive_Dual,1.508,-0.338,1.763,107.9,1.8,Video
116.99,Participant_06,Adaptive_Dual,1.508,-0.338,1.763,107.9,1.8,Video
117.09,Participant_06,Adaptive_Dual,1.508,-0.338,1.763,107.9,1.8,Video
117.19,Participant_06,Adaptive_Dual,1.508,-0.338,1.763,107.9,1.8,Video
117.29,Participant_06,Adaptive_Dual,1.508,-0.338,1.763,107.9,1.8,Video
117.39,Participant_06,Adaptive_Dual,1.508,-0.338,1.763,107.9,1.8,Video
117.49,Participant_06,Adaptive_Dual,1.508,-0.338,1.763,107.9,1.8,Video
117.59,Participant_06,Adaptive_Dual,1.508,-0.338,1.763,107.9,1.8,Video
117.69,Participant_06,Adaptive_Dual,1.508,-0.338,1.763,107.9,1.8,Video
117.79,Participant_06,Adaptive_Dual,1.508,-0.338,1.763,107.9,1.8,Video
117.89,Participant_06,Adaptive_Dual,1.508,-0.338,1.763,107.9,1.8,Video
118.00,Participant_06,Adaptive_Dual,1.508,-0.338,1.763,107.9,1.8,Video
118.10,Participant_06,Adaptive_Dual,1.508,-0.338,1.763,107.9,1.8,Video
118.20,Participant_06,Adaptive_Dual,1.508,-0.338,1.763,107.9,1.8,Video
118.30,Participant_06,Adaptive_Dual,1.508,-0.338,1.763,107.9,1.8,Video
118.40,Participant_06,Adaptive_Dual,1.508,-0.338,1.763,107.9,1.8,Video
118.51,Participant_06,Adaptive_Dual,1.508,-0.338,1.763,107.9,1.8,Video
118.61,Participant_06,Adaptive_Dual,1.508,-0.338,1.763,107.9,1.8,Video
118.71,Participant_06,Adaptive_Dual,1.508,-0.338,1.763,107.9,1.8,Video
118.81,Participant_06,Adaptive_Dual,1.508,-0.338,1.763,107.9,1.8,Video
118.91,Participant_06,Adaptive_Dual,1.508,-0.338,1.763,107.9,1.8,Video
119.01,Participant_06,Adaptive_Dual,1.508,-0.338,1.763,107.9,1.8,Video
119.12,Participant_06,Adaptive_Dual,1.508,-0.338,1.763,107.9,1.8,Video
119.22,Participant_06,Adaptive_Dual,1.508,-0.338,1.763,107.9,1.8,Video
119.32,Participant_06,Adaptive_Dual,1.508,-0.338,1.763,107.9,1.8,Video
119.42,Participant_06,Adaptive_Dual,1.508,-0.338,1.763,107.9,1.8,Video
119.52,Participant_06,Adaptive_Dual,1.508,-0.338,1.763,107.9,1.8,Video
119.62,Participant_06,Adaptive_Dual,1.508,-0.338,1.763,107.9,1.8,Video
119.73,Participant_06,Adaptive_Dual,1.508,-0.338,1.763,107.9,1.8,Video
119.83,Participant_06,Adaptive_Dual,1.508,-0.338,1.763,107.9,1.8,Video
119.93,Participant_06,Adaptive_Dual,1.508,-0.338,1.763,107.9,1.8,Video
120.03,Participant_06,Adaptive_Dual,1.508,-0.338,1.763,107.9,1.8,Video
120.13,Participant_06,Adaptive_Dual,1.508,-0.338,1.763,107.9,1.8,Video
120.23,Participant_06,Adaptive_Dual,1.508,-0.338,1.763,107.9,1.8,Video
120.33,Participant_06,Adaptive_Dual,1.508,-0.338,1.763,107.9,1.8,Video
120.43,Participant_06,Adaptive_Dual,1.508,-0.338,1.763,107.9,1.8,Video
120.53,Participant_06,Adaptive_Dual,1.508,-0.338,1.763,107.9,1.8,Video
120.64,Participant_06,Adaptive_Dual,1.508,-0.338,1.763,107.9,1.8,Video
120.74,Participant_06,Adaptive_Dual,1.508,-0.338,1.763,107.9,1.8,Video
120.84,Participant_06,Adaptive_Dual,1.508,-0.338,1.763,107.9,1.8,Video
120.94,Participant_06,Adaptive_Dual,1.508,-0.338,1.763,107.9,1.8,Video
121.04,Participant_06,Adaptive_Dual,1.508,-0.338,1.763,107.9,1.8,Video
121.14,Participant_06,Adaptive_Dual,1.508,-0.338,1.763,107.9,1.8,Video
121.24,Participant_06,Adaptive_Dual,1.508,-0.338,1.763,107.9,1.8,Video
121.34,Participant_06,Adaptive_Dual,1.508,-0.338,1.763,107.9,1.8,Video
121.44,Participant_06,Adaptive_Dual,1.508,-0.338,1.763,107.9,1.8,Video
121.54,Participant_06,Adaptive_Dual,1.508,-0.338,1.763,107.9,1.8,Video
121.64,Participant_06,Adaptive_Dual,1.508,-0.338,1.763,107.9,1.8,Video
121.74,Participant_06,Adaptive_Dual,1.508,-0.338,1.763,107.9,1.8,Video
121.85,Participant_06,Adaptive_Dual,1.508,-0.338,1.763,107.9,1.8,Video
121.95,Participant_06,Adaptive_Dual,1.508,-0.338,1.763,107.9,1.8,Video
122.05,Participant_06,Adaptive_Dual,1.508,-0.338,1.763,107.9,1.8,Video
122.15,Participant_06,Adaptive_Dual,1.508,-0.338,1.763,107.9,1.8,Video
122.25,Participant_06,Adaptive_Dual,1.508,-0.338,1.763,107.9,1.8,Video
122.36,Participant_06,Adaptive_Dual,1.508,-0.338,1.763,107.9,1.8,Video
122.46,Participant_06,Adaptive_Dual,1.508,-0.338,1.763,107.9,1.8,Video
122.56,Participant_06,Adaptive_Dual,1.508,-0.338,1.763,107.9,1.8,Video
122.67,Participant_06,Adaptive_Dual,1.508,-0.338,1.763,107.9,1.8,Video
122.77,Participant_06,Adaptive_Dual,1.508,-0.338,1.763,107.9,1.8,Video
122.87,Participant_06,Adaptive_Dual,1.508,-0.338,1.763,107.9,1.8,Video
122.97,Participant_06,Adaptive_Dual,1.508,-0.338,1.763,107.9,1.8,Video
123.07,Participant_06,Adaptive_Dual,1.508,-0.338,1.763,107.9,1.8,Video
123.17,Participant_06,Adaptive_Dual,1.508,-0.338,1.763,107.9,1.8,Video
123.27,Participant_06,Adaptive_Dual,1.508,-0.338,1.763,107.9,1.8,Video
123.37,Participant_06,Adaptive_Dual,1.508,-0.338,1.763,107.9,1.8,Video
123.47,Participant_06,Adaptive_Dual,1.508,-0.338,1.763,107.9,1.8,Video
123.58,Participant_06,Adaptive_Dual,1.508,-0.338,1.763,107.9,1.8,Video
123.68,Participant_06,Adaptive_Dual,1.508,-0.338,1.763,107.9,1.8,Video
123.78,Participant_06,Adaptive_Dual,1.508,-0.338,1.763,107.9,1.8,Video
123.89,Participant_06,Adaptive_Dual,1.508,-0.338,1.763,107.9,1.8,Video
123.99,Participant_06,Adaptive_Dual,1.508,-0.338,1.763,107.9,1.8,Video
124.09,Participant_06,Adaptive_Dual,1.508,-0.338,1.763,107.9,1.8,Video
124.19,Participant_06,Adaptive_Dual,1.508,-0.338,1.763,107.9,1.8,Video
124.29,Participant_06,Adaptive_Dual,1.508,-0.338,1.763,107.9,1.8,Video
124.39,Participant_06,Adaptive_Dual,1.508,-0.338,1.763,107.9,1.8,Video
124.49,Participant_06,Adaptive_Dual,1.508,-0.338,1.763,107.9,1.8,Video
124.59,Participant_06,Adaptive_Dual,1.508,-0.338,1.763,107.9,1.8,Video
124.69,Participant_06,Adaptive_Dual,1.508,-0.338,1.763,107.9,1.8,Video
124.80,Participant_06,Adaptive_Dual,1.508,-0.338,1.763,107.9,1.8,Video
124.90,Participant_06,Adaptive_Dual,1.508,-0.338,1.763,107.9,1.8,Video
125.00,Participant_06,Adaptive_Dual,1.508,-0.338,1.763,107.9,1.8,Video
125.10,Participant_06,Adaptive_Dual,1.508,-0.338,1.763,107.9,1.8,Video
125.20,Participant_06,Adaptive_Dual,1.508,-0.338,1.763,107.9,1.8,Video
125.30,Participant_06,Adaptive_Dual,1.508,-0.338,1.763,107.9,1.8,Video
125.40,Participant_06,Adaptive_Dual,1.508,-0.338,1.763,107.9,1.8,Video
125.51,Participant_06,Adaptive_Dual,1.508,-0.338,1.763,107.9,1.8,Video
125.61,Participant_06,Adaptive_Dual,1.508,-0.338,1.763,107.9,1.8,Video
125.71,Participant_06,Adaptive_Dual,1.508,-0.338,1.763,107.9,1.8,Video
125.81,Participant_06,Adaptive_Dual,1.508,-0.338,1.763,107.9,1.8,Video
125.91,Participant_06,Adaptive_Dual,1.508,-0.338,1.763,107.9,1.8,Video
126.01,Participant_06,Adaptive_Dual,1.508,-0.338,1.763,107.9,1.8,Video
126.11,Participant_06,Adaptive_Dual,1.508,-0.338,1.763,107.9,1.8,Video
126.21,Participant_06,Adaptive_Dual,1.508,-0.338,1.763,107.9,1.8,Video
126.31,Participant_06,Adaptive_Dual,1.508,-0.338,1.763,107.9,1.8,Video
126.42,Participant_06,Adaptive_Dual,1.508,-0.338,1.763,107.9,1.8,Video
126.52,Participant_06,Adaptive_Dual,1.508,-0.338,1.763,107.9,1.8,Video
126.62,Participant_06,Adaptive_Dual,1.508,-0.338,1.763,107.9,1.8,Video
126.72,Participant_06,Adaptive_Dual,1.508,-0.338,1.763,107.9,1.8,Video
126.82,Participant_06,Adaptive_Dual,1.508,-0.338,1.763,107.9,1.8,Video
126.92,Participant_06,Adaptive_Dual,1.508,-0.338,1.763,107.9,1.8,Video
127.02,Participant_06,Adaptive_Dual,1.508,-0.338,1.763,107.9,1.8,Video
127.12,Participant_06,Adaptive_Dual,1.508,-0.338,1.763,107.9,1.8,Video
127.23,Participant_06,Adaptive_Dual,1.508,-0.338,1.763,107.9,1.8,Video
127.33,Participant_06,Adaptive_Dual,1.508,-0.338,1.763,107.9,1.8,Video
127.43,Participant_06,Adaptive_Dual,1.508,-0.338,1.763,107.9,1.8,Video
127.53,Participant_06,Adaptive_Dual,1.508,-0.338,1.763,107.9,1.8,Video
127.64,Participant_06,Adaptive_Dual,1.508,-0.338,1.763,107.9,1.8,Video
127.74,Participant_06,Adaptive_Dual,1.508,-0.338,1.763,107.9,1.8,Video
127.84,Participant_06,Adaptive_Dual,1.508,-0.338,1.763,107.9,1.8,Video
127.94,Participant_06,Adaptive_Dual,1.508,-0.338,1.763,107.9,1.8,Video
128.05,Participant_06,Adaptive_Dual,1.508,-0.338,1.763,107.9,1.8,Video
128.15,Participant_06,Adaptive_Dual,1.508,-0.338,1.763,107.9,1.8,Video
128.25,Participant_06,Adaptive_Dual,1.508,-0.338,1.763,107.9,1.8,Video
128.35,Participant_06,Adaptive_Dual,1.508,-0.338,1.763,107.9,1.8,Video
128.45,Participant_06,Adaptive_Dual,1.508,-0.338,1.763,107.9,1.8,Video
128.56,Participant_06,Adaptive_Dual,1.508,-0.338,1.763,107.9,1.8,Video
128.66,Participant_06,Adaptive_Dual,1.508,-0.338,1.763,107.9,1.8,Video
128.76,Participant_06,Adaptive_Dual,1.508,-0.338,1.763,107.9,1.8,Video
128.86,Participant_06,Adaptive_Dual,1.508,-0.338,1.763,107.9,1.8,Video
128.96,Participant_06,Adaptive_Dual,1.508,-0.338,1.763,107.9,1.8,Video
129.06,Participant_06,Adaptive_Dual,1.508,-0.338,1.763,107.9,1.8,Video
129.16,Participant_06,Adaptive_Dual,1.508,-0.338,1.763,107.9,1.8,Video
129.26,Participant_06,Adaptive_Dual,1.508,-0.338,1.763,107.9,1.8,Video
129.37,Participant_06,Adaptive_Dual,1.508,-0.338,1.763,107.9,1.8,Video
129.47,Participant_06,Adaptive_Dual,1.508,-0.338,1.763,107.9,1.8,Video
129.57,Participant_06,Adaptive_Dual,1.508,-0.338,1.763,107.9,1.8,Video
129.67,Participant_06,Adaptive_Dual,1.508,-0.338,1.763,107.9,1.8,Video
129.77,Participant_06,Adaptive_Dual,1.508,-0.338,1.763,107.9,1.8,Video
129.87,Participant_06,Adaptive_Dual,1.508,-0.338,1.763,107.9,1.8,Video
129.97,Participant_06,Adaptive_Dual,1.508,-0.338,1.763,107.9,1.8,Video
130.07,Participant_06,Adaptive_Dual,1.508,-0.338,1.763,107.9,1.8,Video
130.17,Participant_06,Adaptive_Dual,1.508,-0.338,1.763,107.9,1.8,Video
130.28,Participant_06,Adaptive_Dual,1.508,-0.338,1.763,107.9,1.8,Video
130.38,Participant_06,Adaptive_Dual,1.508,-0.338,1.763,107.9,1.8,Video
130.48,Participant_06,Adaptive_Dual,1.508,-0.338,1.763,107.9,1.8,Video
130.58,Participant_06,Adaptive_Dual,1.508,-0.338,1.763,107.9,1.8,Video
130.68,Participant_06,Adaptive_Dual,1.508,-0.338,1.763,107.9,1.8,Video
130.78,Participant_06,Adaptive_Dual,1.508,-0.338,1.763,107.9,1.8,Video
130.88,Participant_06,Adaptive_Dual,1.508,-0.338,1.763,107.9,1.8,Video
130.99,Participant_06,Adaptive_Dual,1.508,-0.338,1.763,107.9,1.8,Video
131.09,Participant_06,Adaptive_Dual,1.508,-0.338,1.763,107.9,1.8,Video
131.19,Participant_06,Adaptive_Dual,1.508,-0.338,1.763,107.9,1.8,Video
131.29,Participant_06,Adaptive_Dual,1.508,-0.338,1.763,107.9,1.8,Video
131.39,Participant_06,Adaptive_Dual,1.508,-0.338,1.763,107.9,1.8,Video
131.50,Participant_06,Adaptive_Dual,1.508,-0.338,1.763,107.9,1.8,Video
131.60,Participant_06,Adaptive_Dual,1.508,-0.338,1.763,107.9,1.8,Video
131.70,Participant_06,Adaptive_Dual,1.508,-0.338,1.763,107.9,1.8,Video
131.80,Participant_06,Adaptive_Dual,1.508,-0.338,1.763,107.9,1.8,Video
131.90,Participant_06,Adaptive_Dual,1.508,-0.338,1.763,107.9,1.8,Video
132.00,Participant_06,Adaptive_Dual,1.508,-0.338,1.763,107.9,1.8,Video
132.10,Participant_06,Adaptive_Dual,1.508,-0.338,1.763,107.9,1.8,Video
132.20,Participant_06,Adaptive_Dual,1.508,-0.338,1.763,107.9,1.8,Video
132.31,Participant_06,Adaptive_Dual,1.508,-0.338,1.763,107.9,1.8,Video
132.41,Participant_06,Adaptive_Dual,1.508,-0.338,1.763,107.9,1.8,Video
132.51,Participant_06,Adaptive_Dual,1.508,-0.338,1.763,107.9,1.8,Video
132.61,Participant_06,Adaptive_Dual,1.508,-0.338,1.763,107.9,1.8,Video
132.71,Participant_06,Adaptive_Dual,1.508,-0.338,1.763,107.9,1.8,Video
132.81,Participant_06,Adaptive_Dual,1.508,-0.338,1.763,107.9,1.8,Video
132.92,Participant_06,Adaptive_Dual,1.508,-0.338,1.763,107.9,1.8,Video
133.02,Participant_06,Adaptive_Dual,1.508,-0.338,1.763,107.9,1.8,Video
133.12,Participant_06,Adaptive_Dual,1.508,-0.338,1.763,107.9,1.8,Video
133.22,Participant_06,Adaptive_Dual,1.508,-0.338,1.763,107.9,1.8,Video
133.32,Participant_06,Adaptive_Dual,1.508,-0.338,1.763,107.9,1.8,Video
133.42,Participant_06,Adaptive_Dual,1.508,-0.338,1.763,107.9,1.8,Video
133.52,Participant_06,Adaptive_Dual,1.508,-0.338,1.763,107.9,1.8,Video
133.62,Participant_06,Adaptive_Dual,1.508,-0.338,1.763,107.9,1.8,Video
133.73,Participant_06,Adaptive_Dual,1.508,-0.338,1.763,107.9,1.8,Video
133.83,Participant_06,Adaptive_Dual,1.508,-0.338,1.763,107.9,1.8,Video
133.93,Participant_06,Adaptive_Dual,1.508,-0.338,1.763,107.9,1.8,Video
134.03,Participant_06,Adaptive_Dual,1.508,-0.338,1.763,107.9,1.8,Video
134.13,Participant_06,Adaptive_Dual,1.508,-0.338,1.763,107.9,1.8,Video
134.23,Participant_06,Adaptive_Dual,1.508,-0.338,1.763,107.9,1.8,Video
134.33,Participant_06,Adaptive_Dual,1.508,-0.338,1.763,107.9,1.8,Video
134.43,Participant_06,Adaptive_Dual,1.508,-0.338,1.763,107.9,1.8,Video
134.53,Participant_06,Adaptive_Dual,1.508,-0.338,1.763,107.9,1.8,Video
134.63,Participant_06,Adaptive_Dual,1.508,-0.338,1.763,107.9,1.8,Video
134.73,Participant_06,Adaptive_Dual,1.508,-0.338,1.763,107.9,1.8,Video
134.83,Participant_06,Adaptive_Dual,1.508,-0.338,1.763,107.9,1.8,Video
134.94,Participant_06,Adaptive_Dual,1.508,-0.338,1.763,107.9,1.8,Video
135.04,Participant_06,Adaptive_Dual,1.508,-0.338,1.763,107.9,1.8,Video
135.14,Participant_06,Adaptive_Dual,1.508,-0.338,1.763,107.9,1.8,Video
135.24,Participant_06,Adaptive_Dual,1.508,-0.338,1.763,107.9,1.8,Video
135.34,Participant_06,Adaptive_Dual,1.508,-0.338,1.763,107.9,1.8,Video
135.45,Participant_06,Adaptive_Dual,1.508,-0.338,1.763,107.9,1.8,Video
135.55,Participant_06,Adaptive_Dual,1.508,-0.338,1.763,107.9,1.8,Video
135.65,Participant_06,Adaptive_Dual,1.508,-0.338,1.763,107.9,1.8,Video
135.75,Participant_06,Adaptive_Dual,1.508,-0.338,1.763,107.9,1.8,Video
135.85,Participant_06,Adaptive_Dual,1.508,-0.338,1.763,107.9,1.8,Video
135.95,Participant_06,Adaptive_Dual,1.508,-0.338,1.763,107.9,1.8,Video
136.05,Participant_06,Adaptive_Dual,1.508,-0.338,1.763,107.9,1.8,Video
136.16,Participant_06,Adaptive_Dual,1.508,-0.338,1.763,107.9,1.8,Video
136.26,Participant_06,Adaptive_Dual,1.508,-0.338,1.763,107.9,1.8,Video
136.36,Participant_06,Adaptive_Dual,1.508,-0.338,1.763,107.9,1.8,Video
136.46,Participant_06,Adaptive_Dual,1.508,-0.338,1.763,107.9,1.8,Video
136.56,Participant_06,Adaptive_Dual,1.508,-0.338,1.763,107.9,1.8,Video
136.66,Participant_06,Adaptive_Dual,1.508,-0.338,1.763,107.9,1.8,Video
136.77,Participant_06,Adaptive_Dual,1.508,-0.338,1.763,107.9,1.8,Video
136.87,Participant_06,Adaptive_Dual,1.508,-0.338,1.763,107.9,1.8,Video
136.97,Participant_06,Adaptive_Dual,1.508,-0.338,1.763,107.9,1.8,Video
137.07,Participant_06,Adaptive_Dual,1.508,-0.338,1.763,107.9,1.8,Video
137.17,Participant_06,Adaptive_Dual,1.508,-0.338,1.763,107.9,1.8,Video
137.27,Participant_06,Adaptive_Dual,1.508,-0.338,1.763,107.9,1.8,Video
137.37,Participant_06,Adaptive_Dual,1.508,-0.338,1.763,107.9,1.8,Video
137.48,Participant_06,Adaptive_Dual,1.508,-0.338,1.763,107.9,1.8,Video
137.58,Participant_06,Adaptive_Dual,1.508,-0.338,1.763,107.9,1.8,Video
137.70,Participant_06,Adaptive_Dual,1.508,-0.338,1.763,107.9,1.8,Video
137.81,Participant_06,Adaptive_Dual,1.508,-0.338,1.763,107.9,1.8,Video
137.91,Participant_06,Adaptive_Dual,1.508,-0.338,1.763,107.9,1.8,Video
138.01,Participant_06,Adaptive_Dual,1.508,-0.338,1.763,107.9,1.8,Video
138.11,Participant_06,Adaptive_Dual,1.508,-0.338,1.763,107.9,1.8,Video
138.21,Participant_06,Adaptive_Dual,1.508,-0.338,1.763,107.9,1.8,Video
138.31,Participant_06,Adaptive_Dual,1.508,-0.338,1.763,107.9,1.8,Video
138.41,Participant_06,Adaptive_Dual,1.508,-0.338,1.763,107.9,1.8,Video
138.51,Participant_06,Adaptive_Dual,1.508,-0.338,1.763,107.9,1.8,Video
138.61,Participant_06,Adaptive_Dual,1.508,-0.338,1.763,107.9,1.8,Video
138.72,Participant_06,Adaptive_Dual,1.508,-0.338,1.763,107.9,1.8,Video
138.82,Participant_06,Adaptive_Dual,1.508,-0.338,1.763,107.9,1.8,Video
138.92,Participant_06,Adaptive_Dual,1.508,-0.338,1.763,107.9,1.8,Video
139.02,Participant_06,Adaptive_Dual,1.508,-0.338,1.763,107.9,1.8,Video
139.12,Participant_06,Adaptive_Dual,1.508,-0.338,1.763,107.9,1.8,Video
139.22,Participant_06,Adaptive_Dual,1.508,-0.338,1.763,107.9,1.8,Video
139.32,Participant_06,Adaptive_Dual,1.508,-0.338,1.763,107.9,1.8,Video
139.42,Participant_06,Adaptive_Dual,1.508,-0.338,1.763,107.9,1.8,Video
139.52,Participant_06,Adaptive_Dual,1.508,-0.338,1.763,107.9,1.8,Video
139.62,Participant_06,Adaptive_Dual,1.508,-0.338,1.763,107.9,1.8,Video
139.72,Participant_06,Adaptive_Dual,1.508,-0.338,1.763,107.9,1.8,Video
139.82,Participant_06,Adaptive_Dual,1.508,-0.338,1.763,107.9,1.8,Video
139.92,Participant_06,Adaptive_Dual,1.508,-0.338,1.763,107.9,1.8,Video
140.03,Participant_06,Adaptive_Dual,1.508,-0.338,1.763,107.9,1.8,Video
140.13,Participant_06,Adaptive_Dual,1.508,-0.338,1.763,107.9,1.8,Video
140.23,Participant_06,Adaptive_Dual,1.508,-0.338,1.763,107.9,1.8,Video
140.33,Participant_06,Adaptive_Dual,1.508,-0.338,1.763,107.9,1.8,Video
140.43,Participant_06,Adaptive_Dual,1.508,-0.338,1.763,107.9,1.8,Video
140.53,Participant_06,Adaptive_Dual,1.508,-0.338,1.763,107.9,1.8,Video
140.64,Participant_06,Adaptive_Dual,1.508,-0.338,1.763,107.9,1.8,Video
140.75,Participant_06,Adaptive_Dual,1.508,-0.338,1.763,107.9,1.8,Video
140.85,Participant_06,Adaptive_Dual,1.508,-0.338,1.763,107.9,1.8,Video
140.95,Participant_06,Adaptive_Dual,1.508,-0.338,1.763,107.9,1.8,Video
141.05,Participant_06,Adaptive_Dual,1.508,-0.338,1.763,107.9,1.8,Video
141.16,Participant_06,Adaptive_Dual,1.508,-0.338,1.763,107.9,1.8,Video
141.28,Participant_06,Adaptive_Dual,1.508,-0.338,1.763,107.9,1.8,Video
141.38,Participant_06,Adaptive_Dual,1.508,-0.338,1.763,107.9,1.8,Video
141.49,Participant_06,Adaptive_Dual,1.508,-0.338,1.763,107.9,1.8,Video
141.59,Participant_06,Adaptive_Dual,1.508,-0.338,1.763,107.9,1.8,Video
141.69,Participant_06,Adaptive_Dual,1.508,-0.338,1.763,107.9,1.8,Video
141.79,Participant_06,Adaptive_Dual,1.508,-0.338,1.763,107.9,1.8,Video
141.89,Participant_06,Adaptive_Dual,1.508,-0.338,1.763,107.9,1.8,Video
141.99,Participant_06,Adaptive_Dual,1.508,-0.338,1.763,107.9,1.8,Video
142.09,Participant_06,Adaptive_Dual,1.508,-0.338,1.763,107.9,1.8,Video
142.19,Participant_06,Adaptive_Dual,1.508,-0.338,1.763,107.9,1.8,Video
142.29,Participant_06,Adaptive_Dual,1.508,-0.338,1.763,107.9,1.8,Video
142.40,Participant_06,Adaptive_Dual,1.508,-0.338,1.763,107.9,1.8,Video
142.50,Participant_06,Adaptive_Dual,1.508,-0.338,1.763,107.9,1.8,Video
142.60,Participant_06,Adaptive_Dual,1.508,-0.338,1.763,107.9,1.8,Video
142.70,Participant_06,Adaptive_Dual,1.508,-0.338,1.763,107.9,1.8,Video
142.80,Participant_06,Adaptive_Dual,1.508,-0.338,1.763,107.9,1.8,Video
142.90,Participant_06,Adaptive_Dual,1.508,-0.338,1.763,107.9,1.8,Video
143.00,Participant_06,Adaptive_Dual,1.508,-0.338,1.763,107.9,1.8,Video
143.10,Participant_06,Adaptive_Dual,1.508,-0.338,1.763,107.9,1.8,Video
143.20,Participant_06,Adaptive_Dual,1.508,-0.338,1.763,107.9,1.8,Video
143.30,Participant_06,Adaptive_Dual,1.508,-0.338,1.763,107.9,1.8,Video
143.41,Participant_06,Adaptive_Dual,1.508,-0.338,1.763,107.9,1.8,Video
143.51,Participant_06,Adaptive_Dual,1.508,-0.338,1.763,107.9,1.8,Video
143.61,Participant_06,Adaptive_Dual,1.508,-0.338,1.763,107.9,1.8,Video
143.71,Participant_06,Adaptive_Dual,1.508,-0.338,1.763,107.9,1.8,Video
143.81,Participant_06,Adaptive_Dual,1.508,-0.338,1.763,107.9,1.8,Video
143.91,Participant_06,Adaptive_Dual,1.508,-0.338,1.763,107.9,1.8,Video
144.01,Participant_06,Adaptive_Dual,1.508,-0.338,1.763,107.9,1.8,Video
144.11,Participant_06,Adaptive_Dual,1.508,-0.338,1.763,107.9,1.8,Video
144.21,Participant_06,Adaptive_Dual,1.508,-0.338,1.763,107.9,1.8,Video
144.31,Participant_06,Adaptive_Dual,1.508,-0.338,1.763,107.9,1.8,Video
144.41,Participant_06,Adaptive_Dual,1.508,-0.338,1.763,107.9,1.8,Video
144.51,Participant_06,Adaptive_Dual,1.508,-0.338,1.763,107.9,1.8,Video
144.62,Participant_06,Adaptive_Dual,1.508,-0.338,1.763,107.9,1.8,Video
144.72,Participant_06,Adaptive_Dual,1.508,-0.338,1.763,107.9,1.8,Video
144.82,Participant_06,Adaptive_Dual,1.508,-0.338,1.763,107.9,1.8,Video
144.92,Participant_06,Adaptive_Dual,1.508,-0.338,1.763,107.9,1.8,Video
145.02,Participant_06,Adaptive_Dual,1.508,-0.338,1.763,107.9,1.8,Video
145.12,Participant_06,Adaptive_Dual,1.508,-0.338,1.763,107.9,1.8,Video
145.22,Participant_06,Adaptive_Dual,1.508,-0.338,1.763,107.9,1.8,Video
145.32,Participant_06,Adaptive_Dual,1.508,-0.338,1.763,107.9,1.8,Video
145.42,Participant_06,Adaptive_Dual,1.508,-0.338,1.763,107.9,1.8,Video
145.53,Participant_06,Adaptive_Dual,1.508,-0.338,1.763,107.9,1.8,Video
145.63,Participant_06,Adaptive_Dual,1.508,-0.338,1.763,107.9,1.8,Video
145.73,Participant_06,Adaptive_Dual,1.508,-0.338,1.763,107.9,1.8,Video
145.83,Participant_06,Adaptive_Dual,1.508,-0.338,1.763,107.9,1.8,Video
145.93,Participant_06,Adaptive_Dual,1.508,-0.338,1.763,107.9,1.8,Video
146.03,Participant_06,Adaptive_Dual,1.508,-0.338,1.763,107.9,1.8,Video
146.13,Participant_06,Adaptive_Dual,1.508,-0.338,1.763,107.9,1.8,Video
146.23,Participant_06,Adaptive_Dual,1.508,-0.338,1.763,107.9,1.8,Video
146.33,Participant_06,Adaptive_Dual,1.508,-0.338,1.763,107.9,1.8,Video
146.43,Participant_06,Adaptive_Dual,1.508,-0.338,1.763,107.9,1.8,Video
146.54,Participant_06,Adaptive_Dual,1.508,-0.338,1.763,107.9,1.8,Video
146.64,Participant_06,Adaptive_Dual,1.508,-0.338,1.763,107.9,1.8,Video
146.75,Participant_06,Adaptive_Dual,1.508,-0.338,1.763,107.9,1.8,Video
146.85,Participant_06,Adaptive_Dual,1.508,-0.338,1.763,107.9,1.8,Video
146.95,Participant_06,Adaptive_Dual,1.508,-0.338,1.763,107.9,1.8,Video
147.05,Participant_06,Adaptive_Dual,1.508,-0.338,1.763,107.9,1.8,Video
147.15,Participant_06,Adaptive_Dual,1.508,-0.338,1.763,107.9,1.8,Video
147.25,Participant_06,Adaptive_Dual,1.508,-0.338,1.763,107.9,1.8,Video
147.35,Participant_06,Adaptive_Dual,1.508,-0.338,1.763,107.9,1.8,Video
147.45,Participant_06,Adaptive_Dual,1.508,-0.338,1.763,107.9,1.8,Video
147.55,Participant_06,Adaptive_Dual,1.508,-0.338,1.763,107.9,1.8,Video
147.66,Participant_06,Adaptive_Dual,1.508,-0.338,1.763,107.9,1.8,Video
147.76,Participant_06,Adaptive_Dual,1.508,-0.338,1.763,107.9,1.8,Video
147.86,Participant_06,Adaptive_Dual,1.508,-0.338,1.763,107.9,1.8,Video
147.96,Participant_06,Adaptive_Dual,1.508,-0.338,1.763,107.9,1.8,Video
148.06,Participant_06,Adaptive_Dual,1.508,-0.338,1.763,107.9,1.8,Video
148.16,Participant_06,Adaptive_Dual,1.508,-0.338,1.763,107.9,1.8,Video
148.26,Participant_06,Adaptive_Dual,1.508,-0.338,1.763,107.9,1.8,Video
148.36,Participant_06,Adaptive_Dual,1.508,-0.338,1.763,107.9,1.8,Video
148.46,Participant_06,Adaptive_Dual,1.508,-0.338,1.763,107.9,1.8,Video
148.57,Participant_06,Adaptive_Dual,1.508,-0.338,1.763,107.9,1.8,Video
148.67,Participant_06,Adaptive_Dual,1.508,-0.338,1.763,107.9,1.8,Video
148.77,Participant_06,Adaptive_Dual,1.508,-0.338,1.763,107.9,1.8,Video
148.87,Participant_06,Adaptive_Dual,1.508,-0.338,1.763,107.9,1.8,Video
148.97,Participant_06,Adaptive_Dual,1.508,-0.338,1.763,107.9,1.8,Video
149.07,Participant_06,Adaptive_Dual,1.508,-0.338,1.763,107.9,1.8,Video
149.17,Participant_06,Adaptive_Dual,1.508,-0.338,1.763,107.9,1.8,Video
149.27,Participant_06,Adaptive_Dual,1.508,-0.338,1.763,107.9,1.8,Video
149.37,Participant_06,Adaptive_Dual,1.508,-0.338,1.763,107.9,1.8,Video
149.47,Participant_06,Adaptive_Dual,1.508,-0.338,1.763,107.9,1.8,Video
149.58,Participant_06,Adaptive_Dual,1.508,-0.338,1.763,107.9,1.8,Video
149.68,Participant_06,Adaptive_Dual,1.508,-0.338,1.763,107.9,1.8,Video
149.78,Participant_06,Adaptive_Dual,1.508,-0.338,1.763,107.9,1.8,Video
149.88,Participant_06,Adaptive_Dual,1.508,-0.338,1.763,107.9,1.8,Video
149.98,Participant_06,Adaptive_Dual,1.508,-0.338,1.763,107.9,1.8,Video
150.09,Participant_06,Adaptive_Dual,1.508,-0.338,1.763,107.9,1.8,Video
150.19,Participant_06,Adaptive_Dual,1.508,-0.338,1.763,107.9,1.8,Video
150.29,Participant_06,Adaptive_Dual,1.508,-0.338,1.763,107.9,1.8,Video
150.39,Participant_06,Adaptive_Dual,1.508,-0.338,1.763,107.9,1.8,Video
150.49,Participant_06,Adaptive_Dual,1.508,-0.338,1.763,107.9,1.8,Video
150.59,Participant_06,Adaptive_Dual,1.508,-0.338,1.763,107.9,1.8,Video
150.69,Participant_06,Adaptive_Dual,1.508,-0.338,1.763,107.9,1.8,Video
150.79,Participant_06,Adaptive_Dual,1.508,-0.338,1.763,107.9,1.8,Video
150.89,Participant_06,Adaptive_Dual,1.508,-0.338,1.763,107.9,1.8,Video
150.99,Participant_06,Adaptive_Dual,1.508,-0.338,1.763,107.9,1.8,Video
151.10,Participant_06,Adaptive_Dual,1.508,-0.338,1.763,107.9,1.8,Video
151.20,Participant_06,Adaptive_Dual,1.508,-0.338,1.763,107.9,1.8,Video
151.30,Participant_06,Adaptive_Dual,1.508,-0.338,1.763,107.9,1.8,Video
151.40,Participant_06,Adaptive_Dual,1.508,-0.338,1.763,107.9,1.8,Video
151.50,Participant_06,Adaptive_Dual,1.508,-0.338,1.763,107.9,1.8,Video
151.60,Participant_06,Adaptive_Dual,1.508,-0.338,1.763,107.9,1.8,Video
151.70,Participant_06,Adaptive_Dual,1.508,-0.338,1.763,107.9,1.8,Video
151.80,Participant_06,Adaptive_Dual,1.508,-0.338,1.763,107.9,1.8,Video
151.91,Participant_06,Adaptive_Dual,1.508,-0.338,1.763,107.9,1.8,Video
152.01,Participant_06,Adaptive_Dual,1.508,-0.338,1.763,107.9,1.8,Video
152.11,Participant_06,Adaptive_Dual,1.508,-0.338,1.763,107.9,1.8,Video
152.21,Participant_06,Adaptive_Dual,1.508,-0.338,1.763,107.9,1.8,Video
152.31,Participant_06,Adaptive_Dual,1.508,-0.338,1.763,107.9,1.8,Video
152.41,Participant_06,Adaptive_Dual,1.508,-0.338,1.763,107.9,1.8,Video
152.51,Participant_06,Adaptive_Dual,1.508,-0.338,1.763,107.9,1.8,Video
152.61,Participant_06,Adaptive_Dual,1.508,-0.338,1.763,107.9,1.8,Video
152.72,Participant_06,Adaptive_Dual,1.508,-0.338,1.763,107.9,1.8,Video
152.82,Participant_06,Adaptive_Dual,1.508,-0.338,1.763,107.9,1.8,Video
152.92,Participant_06,Adaptive_Dual,1.508,-0.338,1.763,107.9,1.8,Video
153.02,Participant_06,Adaptive_Dual,1.508,-0.338,1.763,107.9,1.8,Video
153.12,Participant_06,Adaptive_Dual,1.508,-0.338,1.763,107.9,1.8,Video
153.22,Participant_06,Adaptive_Dual,1.508,-0.338,1.763,107.9,1.8,Video
153.32,Participant_06,Adaptive_Dual,1.508,-0.338,1.763,107.9,1.8,Video
153.42,Participant_06,Adaptive_Dual,1.508,-0.338,1.763,107.9,1.8,Video
153.52,Participant_06,Adaptive_Dual,1.508,-0.338,1.763,107.9,1.8,Video
153.62,Participant_06,Adaptive_Dual,1.508,-0.338,1.763,107.9,1.8,Video
153.72,Participant_06,Adaptive_Dual,1.508,-0.338,1.763,107.9,1.8,Video
153.82,Participant_06,Adaptive_Dual,1.508,-0.338,1.763,107.9,1.8,Video
153.93,Participant_06,Adaptive_Dual,1.508,-0.338,1.763,107.9,1.8,Video
154.03,Participant_06,Adaptive_Dual,1.508,-0.338,1.763,107.9,1.8,Video
154.13,Participant_06,Adaptive_Dual,1.508,-0.338,1.763,107.9,1.8,Video
154.23,Participant_06,Adaptive_Dual,1.508,-0.338,1.763,107.9,1.8,Video
154.33,Participant_06,Adaptive_Dual,1.508,-0.338,1.763,107.9,1.8,Video
154.43,Participant_06,Adaptive_Dual,1.508,-0.338,1.763,107.9,1.8,Video
154.53,Participant_06,Adaptive_Dual,1.508,-0.338,1.763,107.9,1.8,Video
154.63,Participant_06,Adaptive_Dual,1.508,-0.338,1.763,107.9,1.8,Video
154.73,Participant_06,Adaptive_Dual,1.508,-0.338,1.763,107.9,1.8,Video
154.83,Participant_06,Adaptive_Dual,1.508,-0.338,1.763,107.9,1.8,Video
154.94,Participant_06,Adaptive_Dual,1.508,-0.338,1.763,107.9,1.8,Video
155.04,Participant_06,Adaptive_Dual,1.508,-0.338,1.763,107.9,1.8,Video
155.14,Participant_06,Adaptive_Dual,1.508,-0.338,1.763,107.9,1.8,Video
155.24,Participant_06,Adaptive_Dual,1.508,-0.338,1.763,107.9,1.8,Video
155.34,Participant_06,Adaptive_Dual,1.508,-0.338,1.763,107.9,1.8,Video
155.44,Participant_06,Adaptive_Dual,1.508,-0.338,1.763,107.9,1.8,Video
155.54,Participant_06,Adaptive_Dual,1.508,-0.338,1.763,107.9,1.8,Video
155.64,Participant_06,Adaptive_Dual,1.508,-0.338,1.763,107.9,1.8,Video
155.74,Participant_06,Adaptive_Dual,1.508,-0.338,1.763,107.9,1.8,Video
155.84,Participant_06,Adaptive_Dual,1.508,-0.338,1.763,107.9,1.8,Video
155.94,Participant_06,Adaptive_Dual,1.508,-0.338,1.763,107.9,1.8,Video
156.04,Participant_06,Adaptive_Dual,1.508,-0.338,1.763,107.9,1.8,Video
156.15,Participant_06,Adaptive_Dual,1.508,-0.338,1.763,107.9,1.8,Video
156.25,Participant_06,Adaptive_Dual,1.508,-0.338,1.763,107.9,1.8,Video
156.35,Participant_06,Adaptive_Dual,1.508,-0.338,1.763,107.9,1.8,Video
156.45,Participant_06,Adaptive_Dual,1.508,-0.338,1.763,107.9,1.8,Video
156.55,Participant_06,Adaptive_Dual,1.508,-0.338,1.763,107.9,1.8,Video
156.65,Participant_06,Adaptive_Dual,1.508,-0.338,1.763,107.9,1.8,Video
156.75,Participant_06,Adaptive_Dual,1.508,-0.338,1.763,107.9,1.8,Video
156.85,Participant_06,Adaptive_Dual,1.508,-0.338,1.763,107.9,1.8,Video
156.95,Participant_06,Adaptive_Dual,1.508,-0.338,1.763,107.9,1.8,Video
157.05,Participant_06,Adaptive_Dual,1.508,-0.338,1.763,107.9,1.8,Video
157.16,Participant_06,Adaptive_Dual,1.508,-0.338,1.763,107.9,1.8,Video
157.26,Participant_06,Adaptive_Dual,1.508,-0.338,1.763,107.9,1.8,Video
157.36,Participant_06,Adaptive_Dual,1.508,-0.338,1.763,107.9,1.8,Video
157.46,Participant_06,Adaptive_Dual,1.508,-0.338,1.763,107.9,1.8,Video
157.56,Participant_06,Adaptive_Dual,1.508,-0.338,1.763,107.9,1.8,Video
157.66,Participant_06,Adaptive_Dual,1.508,-0.338,1.763,107.9,1.8,Video
157.76,Participant_06,Adaptive_Dual,1.508,-0.338,1.763,107.9,1.8,Video
157.86,Participant_06,Adaptive_Dual,1.508,-0.338,1.763,107.9,1.8,Video
157.96,Participant_06,Adaptive_Dual,1.508,-0.338,1.763,107.9,1.8,Video
158.06,Participant_06,Adaptive_Dual,1.508,-0.338,1.763,107.9,1.8,Video
158.17,Participant_06,Adaptive_Dual,1.508,-0.338,1.763,107.9,1.8,Video
158.27,Participant_06,Adaptive_Dual,1.508,-0.338,1.763,107.9,1.8,Video
158.37,Participant_06,Adaptive_Dual,1.508,-0.338,1.763,107.9,1.8,Video
158.47,Participant_06,Adaptive_Dual,1.508,-0.338,1.763,107.9,1.8,Video
158.57,Participant_06,Adaptive_Dual,1.508,-0.338,1.763,107.9,1.8,Video
158.67,Participant_06,Adaptive_Dual,1.508,-0.338,1.763,107.9,1.8,Video
158.77,Participant_06,Adaptive_Dual,1.508,-0.338,1.763,107.9,1.8,Video
158.87,Participant_06,Adaptive_Dual,1.508,-0.338,1.763,107.9,1.8,Video
158.97,Participant_06,Adaptive_Dual,1.508,-0.338,1.763,107.9,1.8,Video
159.08,Participant_06,Adaptive_Dual,1.508,-0.338,1.763,107.9,1.8,Video
159.18,Participant_06,Adaptive_Dual,1.508,-0.338,1.763,107.9,1.8,Video
159.28,Participant_06,Adaptive_Dual,1.508,-0.338,1.763,107.9,1.8,Video
159.38,Participant_06,Adaptive_Dual,1.508,-0.338,1.763,107.9,1.8,Video
159.49,Participant_06,Adaptive_Dual,1.508,-0.338,1.763,107.9,1.8,Video
159.59,Participant_06,Adaptive_Dual,1.508,-0.338,1.763,107.9,1.8,Video
159.69,Participant_06,Adaptive_Dual,1.508,-0.338,1.763,107.9,1.8,Video
159.80,Participant_06,Adaptive_Dual,1.508,-0.338,1.763,107.9,1.8,Video
159.91,Participant_06,Adaptive_Dual,1.508,-0.338,1.763,107.9,1.8,Video
160.01,Participant_06,Adaptive_Dual,1.508,-0.338,1.763,107.9,1.8,Video
160.12,Participant_06,Adaptive_Dual,1.508,-0.338,1.763,107.9,1.8,Video
160.22,Participant_06,Adaptive_Dual,1.508,-0.338,1.763,107.9,1.8,Video
160.32,Participant_06,Adaptive_Dual,1.508,-0.338,1.763,107.9,1.8,Video
160.42,Participant_06,Adaptive_Dual,1.508,-0.338,1.763,107.9,1.8,Video
160.52,Participant_06,Adaptive_Dual,1.508,-0.338,1.763,107.9,1.8,Video
160.62,Participant_06,Adaptive_Dual,1.508,-0.338,1.763,107.9,1.8,Video
160.72,Participant_06,Adaptive_Dual,1.508,-0.338,1.763,107.9,1.8,Video
160.82,Participant_06,Adaptive_Dual,1.508,-0.338,1.763,107.9,1.8,Video
160.92,Participant_06,Adaptive_Dual,1.508,-0.338,1.763,107.9,1.8,Video
161.02,Participant_06,Adaptive_Dual,1.508,-0.338,1.763,107.9,1.8,Video
161.12,Participant_06,Adaptive_Dual,1.508,-0.338,1.763,107.9,1.8,Video
161.23,Participant_06,Adaptive_Dual,1.508,-0.338,1.763,107.9,1.8,Video
161.33,Participant_06,Adaptive_Dual,1.508,-0.338,1.763,107.9,1.8,Video
161.43,Participant_06,Adaptive_Dual,1.508,-0.338,1.763,107.9,1.8,Video
161.53,Participant_06,Adaptive_Dual,1.508,-0.338,1.763,107.9,1.8,Video
161.63,Participant_06,Adaptive_Dual,1.508,-0.338,1.763,107.9,1.8,Video
161.73,Participant_06,Adaptive_Dual,1.508,-0.338,1.763,107.9,1.8,Video
161.83,Participant_06,Adaptive_Dual,1.508,-0.338,1.763,107.9,1.8,Video
161.93,Participant_06,Adaptive_Dual,1.508,-0.338,1.763,107.9,1.8,Video
162.03,Participant_06,Adaptive_Dual,1.508,-0.338,1.763,107.9,1.8,Video
162.13,Participant_06,Adaptive_Dual,1.508,-0.338,1.763,107.9,1.8,Video
162.23,Participant_06,Adaptive_Dual,1.508,-0.338,1.763,107.9,1.8,Video
162.34,Participant_06,Adaptive_Dual,1.508,-0.338,1.763,107.9,1.8,Video
162.44,Participant_06,Adaptive_Dual,1.508,-0.338,1.763,107.9,1.8,Video
162.54,Participant_06,Adaptive_Dual,1.508,-0.338,1.763,107.9,1.8,Video
162.64,Participant_06,Adaptive_Dual,1.508,-0.338,1.763,107.9,1.8,Video
162.74,Participant_06,Adaptive_Dual,1.508,-0.338,1.763,107.9,1.8,Video
162.84,Participant_06,Adaptive_Dual,1.508,-0.338,1.763,107.9,1.8,Video
162.95,Participant_06,Adaptive_Dual,1.508,-0.338,1.763,107.9,1.8,Video
163.05,Participant_06,Adaptive_Dual,1.508,-0.338,1.763,107.9,1.8,Video
163.15,Participant_06,Adaptive_Dual,1.508,-0.338,1.763,107.9,1.8,Video
163.25,Participant_06,Adaptive_Dual,1.508,-0.338,1.763,107.9,1.8,Video
163.35,Participant_06,Adaptive_Dual,1.508,-0.338,1.763,107.9,1.8,Video
163.45,Participant_06,Adaptive_Dual,1.508,-0.338,1.763,107.9,1.8,Video
163.55,Participant_06,Adaptive_Dual,1.508,-0.338,1.763,107.9,1.8,Video
163.66,Participant_06,Adaptive_Dual,1.508,-0.338,1.763,107.9,1.8,Video
163.76,Participant_06,Adaptive_Dual,1.508,-0.338,1.763,107.9,1.8,Video
163.86,Participant_06,Adaptive_Dual,1.508,-0.338,1.763,107.9,1.8,Video
163.96,Participant_06,Adaptive_Dual,1.508,-0.338,1.763,107.9,1.8,Video
164.06,Participant_06,Adaptive_Dual,1.508,-0.338,1.763,107.9,1.8,Video
164.16,Participant_06,Adaptive_Dual,1.508,-0.338,1.763,107.9,1.8,Video
164.26,Participant_06,Adaptive_Dual,1.508,-0.338,1.763,107.9,1.8,Video
164.37,Participant_06,Adaptive_Dual,1.508,-0.338,1.763,107.9,1.8,Video
164.47,Participant_06,Adaptive_Dual,1.508,-0.338,1.763,107.9,1.8,Video
164.57,Participant_06,Adaptive_Dual,1.508,-0.338,1.763,107.9,1.8,Video
164.67,Participant_06,Adaptive_Dual,1.508,-0.338,1.763,107.9,1.8,Video
164.77,Participant_06,Adaptive_Dual,1.508,-0.338,1.763,107.9,1.8,Video
164.87,Participant_06,Adaptive_Dual,1.508,-0.338,1.763,107.9,1.8,Video
164.97,Participant_06,Adaptive_Dual,1.508,-0.338,1.763,107.9,1.8,Video
165.08,Participant_06,Adaptive_Dual,1.508,-0.338,1.763,107.9,1.8,Video
165.18,Participant_06,Adaptive_Dual,1.508,-0.338,1.763,107.9,1.8,Video
165.28,Participant_06,Adaptive_Dual,1.508,-0.338,1.763,107.9,1.8,Video
165.38,Participant_06,Adaptive_Dual,1.508,-0.338,1.763,107.9,1.8,Video
165.48,Participant_06,Adaptive_Dual,1.508,-0.338,1.763,107.9,1.8,Video
165.58,Participant_06,Adaptive_Dual,1.508,-0.338,1.763,107.9,1.8,Video
165.68,Participant_06,Adaptive_Dual,1.508,-0.338,1.763,107.9,1.8,Video
165.79,Participant_06,Adaptive_Dual,1.508,-0.338,1.763,107.9,1.8,Video
165.89,Participant_06,Adaptive_Dual,1.508,-0.338,1.763,107.9,1.8,Video
165.99,Participant_06,Adaptive_Dual,1.508,-0.338,1.763,107.9,1.8,Video
166.09,Participant_06,Adaptive_Dual,1.508,-0.338,1.763,107.9,1.8,Video
166.19,Participant_06,Adaptive_Dual,1.508,-0.338,1.763,107.9,1.8,Video
166.29,Participant_06,Adaptive_Dual,1.508,-0.338,1.763,107.9,1.8,Video
166.39,Participant_06,Adaptive_Dual,1.508,-0.338,1.763,107.9,1.8,Video
166.49,Participant_06,Adaptive_Dual,1.508,-0.338,1.763,107.9,1.8,Video
166.59,Participant_06,Adaptive_Dual,1.508,-0.338,1.763,107.9,1.8,Video
166.69,Participant_06,Adaptive_Dual,1.508,-0.338,1.763,107.9,1.8,Video
166.79,Participant_06,Adaptive_Dual,1.508,-0.338,1.763,107.9,1.8,Video
166.89,Participant_06,Adaptive_Dual,1.508,-0.338,1.763,107.9,1.8,Video
167.00,Participant_06,Adaptive_Dual,1.508,-0.338,1.763,107.9,1.8,Video
167.10,Participant_06,Adaptive_Dual,1.508,-0.338,1.763,107.9,1.8,Video
167.20,Participant_06,Adaptive_Dual,1.508,-0.338,1.763,107.9,1.8,Video
167.30,Participant_06,Adaptive_Dual,1.508,-0.338,1.763,107.9,1.8,Video
167.40,Participant_06,Adaptive_Dual,1.508,-0.338,1.763,107.9,1.8,Video
167.50,Participant_06,Adaptive_Dual,1.508,-0.338,1.763,107.9,1.8,Video
167.60,Participant_06,Adaptive_Dual,1.508,-0.338,1.763,107.9,1.8,Video
167.70,Participant_06,Adaptive_Dual,1.508,-0.338,1.763,107.9,1.8,Video
167.80,Participant_06,Adaptive_Dual,1.508,-0.338,1.763,107.9,1.8,Video
167.90,Participant_06,Adaptive_Dual,1.508,-0.338,1.763,107.9,1.8,Video
168.00,Participant_06,Adaptive_Dual,1.508,-0.338,1.763,107.9,1.8,Video
168.10,Participant_06,Adaptive_Dual,1.508,-0.338,1.763,107.9,1.8,Video
168.21,Participant_06,Adaptive_Dual,1.508,-0.338,1.763,107.9,1.8,Video
168.31,Participant_06,Adaptive_Dual,1.508,-0.338,1.763,107.9,1.8,Video
168.41,Participant_06,Adaptive_Dual,1.508,-0.338,1.763,107.9,1.8,Video
168.51,Participant_06,Adaptive_Dual,1.508,-0.338,1.763,107.9,1.8,Video
168.61,Participant_06,Adaptive_Dual,1.508,-0.338,1.763,107.9,1.8,Video
168.71,Participant_06,Adaptive_Dual,1.508,-0.338,1.763,107.9,1.8,Video
168.81,Participant_06,Adaptive_Dual,1.508,-0.338,1.763,107.9,1.8,Video
168.91,Participant_06,Adaptive_Dual,1.508,-0.338,1.763,107.9,1.8,Video
169.01,Participant_06,Adaptive_Dual,1.508,-0.338,1.763,107.9,1.8,Video
169.11,Participant_06,Adaptive_Dual,1.508,-0.338,1.763,107.9,1.8,Video
169.21,Participant_06,Adaptive_Dual,1.508,-0.338,1.763,107.9,1.8,Video
169.31,Participant_06,Adaptive_Dual,1.508,-0.338,1.763,107.9,1.8,Video
169.42,Participant_06,Adaptive_Dual,1.508,-0.338,1.763,107.9,1.8,Video
169.52,Participant_06,Adaptive_Dual,1.508,-0.338,1.763,107.9,1.8,Video
169.62,Participant_06,Adaptive_Dual,1.508,-0.338,1.763,107.9,1.8,Video
169.72,Participant_06,Adaptive_Dual,1.508,-0.338,1.763,107.9,1.8,Video
169.82,Participant_06,Adaptive_Dual,1.508,-0.338,1.763,107.9,1.8,Video
169.92,Participant_06,Adaptive_Dual,1.508,-0.338,1.763,107.9,1.8,Video
170.02,Participant_06,Adaptive_Dual,1.508,-0.338,1.763,107.9,1.8,Video
170.12,Participant_06,Adaptive_Dual,1.508,-0.338,1.763,107.9,1.8,Video
170.22,Participant_06,Adaptive_Dual,1.508,-0.338,1.763,107.9,1.8,Video
170.32,Participant_06,Adaptive_Dual,1.508,-0.338,1.763,107.9,1.8,Video
170.42,Participant_06,Adaptive_Dual,1.508,-0.338,1.763,107.9,1.8,Video
170.53,Participant_06,Adaptive_Dual,1.508,-0.338,1.763,107.9,1.8,Video
170.63,Participant_06,Adaptive_Dual,1.508,-0.338,1.763,107.9,1.8,Video
170.73,Participant_06,Adaptive_Dual,1.508,-0.338,1.763,107.9,1.8,Video
170.83,Participant_06,Adaptive_Dual,1.508,-0.338,1.763,107.9,1.8,Video
170.93,Participant_06,Adaptive_Dual,1.508,-0.338,1.763,107.9,1.8,Video
171.03,Participant_06,Adaptive_Dual,1.508,-0.338,1.763,107.9,1.8,Video
171.13,Participant_06,Adaptive_Dual,1.508,-0.338,1.763,107.9,1.8,Video
171.23,Participant_06,Adaptive_Dual,1.508,-0.338,1.763,107.9,1.8,Video
171.33,Participant_06,Adaptive_Dual,1.508,-0.338,1.763,107.9,1.8,Video
171.43,Participant_06,Adaptive_Dual,1.508,-0.338,1.763,107.9,1.8,Video
171.53,Participant_06,Adaptive_Dual,1.508,-0.338,1.763,107.9,1.8,Video
171.63,Participant_06,Adaptive_Dual,1.508,-0.338,1.763,107.9,1.8,Video
171.74,Participant_06,Adaptive_Dual,1.508,-0.338,1.763,107.9,1.8,Video
171.84,Participant_06,Adaptive_Dual,1.508,-0.338,1.763,107.9,1.8,Video
171.94,Participant_06,Adaptive_Dual,1.508,-0.338,1.763,107.9,1.8,Video
172.05,Participant_06,Adaptive_Dual,1.508,-0.338,1.763,107.9,1.8,Video
172.15,Participant_06,Adaptive_Dual,1.508,-0.338,1.763,107.9,1.8,Video
172.25,Participant_06,Adaptive_Dual,1.508,-0.338,1.763,107.9,1.8,Video
172.35,Participant_06,Adaptive_Dual,1.508,-0.338,1.763,107.9,1.8,Video
172.45,Participant_06,Adaptive_Dual,1.508,-0.338,1.763,107.9,1.8,Video
172.55,Participant_06,Adaptive_Dual,1.508,-0.338,1.763,107.9,1.8,Video
172.65,Participant_06,Adaptive_Dual,1.508,-0.338,1.763,107.9,1.8,Video
172.75,Participant_06,Adaptive_Dual,1.508,-0.338,1.763,107.9,1.8,Video
172.85,Participant_06,Adaptive_Dual,1.508,-0.338,1.763,107.9,1.8,Video
172.95,Participant_06,Adaptive_Dual,1.508,-0.338,1.763,107.9,1.8,Video
173.05,Participant_06,Adaptive_Dual,1.508,-0.338,1.763,107.9,1.8,Video
173.15,Participant_06,Adaptive_Dual,1.508,-0.338,1.763,107.9,1.8,Video
173.25,Participant_06,Adaptive_Dual,1.508,-0.338,1.763,107.9,1.8,Video
173.36,Participant_06,Adaptive_Dual,1.508,-0.338,1.763,107.9,1.8,Video
173.46,Participant_06,Adaptive_Dual,1.508,-0.338,1.763,107.9,1.8,Video
173.56,Participant_06,Adaptive_Dual,1.508,-0.338,1.763,107.9,1.8,Video
173.66,Participant_06,Adaptive_Dual,1.508,-0.338,1.763,107.9,1.8,Video
173.76,Participant_06,Adaptive_Dual,1.508,-0.338,1.763,107.9,1.8,Video
173.86,Participant_06,Adaptive_Dual,1.508,-0.338,1.763,107.9,1.8,Video
173.96,Participant_06,Adaptive_Dual,1.508,-0.338,1.763,107.9,1.8,Video
174.06,Participant_06,Adaptive_Dual,1.508,-0.338,1.763,107.9,1.8,Video
174.16,Participant_06,Adaptive_Dual,1.508,-0.338,1.763,107.9,1.8,Video
174.26,Participant_06,Adaptive_Dual,1.508,-0.338,1.763,107.9,1.8,Video
174.36,Participant_06,Adaptive_Dual,1.508,-0.338,1.763,107.9,1.8,Video
174.46,Participant_06,Adaptive_Dual,1.508,-0.338,1.763,107.9,1.8,Video
174.56,Participant_06,Adaptive_Dual,1.508,-0.338,1.763,107.9,1.8,Video
174.67,Participant_06,Adaptive_Dual,1.508,-0.338,1.763,107.9,1.8,Video
174.77,Participant_06,Adaptive_Dual,1.508,-0.338,1.763,107.9,1.8,Video
174.87,Participant_06,Adaptive_Dual,1.508,-0.338,1.763,107.9,1.8,Video
174.97,Participant_06,Adaptive_Dual,1.508,-0.338,1.763,107.9,1.8,Video
175.07,Participant_06,Adaptive_Dual,1.508,-0.338,1.763,107.9,1.8,Video
175.17,Participant_06,Adaptive_Dual,1.508,-0.338,1.763,107.9,1.8,Video
175.27,Participant_06,Adaptive_Dual,1.508,-0.338,1.763,107.9,1.8,Video
175.37,Participant_06,Adaptive_Dual,1.508,-0.338,1.763,107.9,1.8,Video
175.47,Participant_06,Adaptive_Dual,1.508,-0.338,1.763,107.9,1.8,Video
175.57,Participant_06,Adaptive_Dual,1.508,-0.338,1.763,107.9,1.8,Video
175.67,Participant_06,Adaptive_Dual,1.508,-0.338,1.763,107.9,1.8,Video
175.77,Participant_06,Adaptive_Dual,1.508,-0.338,1.763,107.9,1.8,Video
175.88,Participant_06,Adaptive_Dual,1.508,-0.338,1.763,107.9,1.8,Video
175.98,Participant_06,Adaptive_Dual,1.508,-0.338,1.763,107.9,1.8,Video
176.08,Participant_06,Adaptive_Dual,1.508,-0.338,1.763,107.9,1.8,Video
176.18,Participant_06,Adaptive_Dual,1.508,-0.338,1.763,107.9,1.8,Video
176.29,Participant_06,Adaptive_Dual,1.508,-0.338,1.763,107.9,1.8,Video
176.39,Participant_06,Adaptive_Dual,1.508,-0.338,1.763,107.9,1.8,Video
176.49,Participant_06,Adaptive_Dual,1.508,-0.338,1.763,107.9,1.8,Video
176.59,Participant_06,Adaptive_Dual,1.508,-0.338,1.763,107.9,1.8,Video
176.69,Participant_06,Adaptive_Dual,1.508,-0.338,1.763,107.9,1.8,Video
176.79,Participant_06,Adaptive_Dual,1.508,-0.338,1.763,107.9,1.8,Video
176.89,Participant_06,Adaptive_Dual,1.508,-0.338,1.763,107.9,1.8,Video
177.00,Participant_06,Adaptive_Dual,1.508,-0.338,1.763,107.9,1.8,Video
177.10,Participant_06,Adaptive_Dual,1.508,-0.338,1.763,107.9,1.8,Video
177.20,Participant_06,Adaptive_Dual,1.508,-0.338,1.763,107.9,1.8,Video
177.30,Participant_06,Adaptive_Dual,1.508,-0.338,1.763,107.9,1.8,Video
177.40,Participant_06,Adaptive_Dual,1.508,-0.338,1.763,107.9,1.8,Video
177.50,Participant_06,Adaptive_Dual,1.508,-0.338,1.763,107.9,1.8,Video
177.60,Participant_06,Adaptive_Dual,1.508,-0.338,1.763,107.9,1.8,Video
177.71,Participant_06,Adaptive_Dual,1.508,-0.338,1.763,107.9,1.8,Video
177.81,Participant_06,Adaptive_Dual,1.508,-0.338,1.763,107.9,1.8,Video
177.91,Participant_06,Adaptive_Dual,1.508,-0.338,1.763,107.9,1.8,Video
178.01,Participant_06,Adaptive_Dual,1.508,-0.338,1.763,107.9,1.8,Video
178.12,Participant_06,Adaptive_Dual,1.508,-0.338,1.763,107.9,1.8,Video
178.22,Participant_06,Adaptive_Dual,1.508,-0.338,1.763,107.9,1.8,Video
178.32,Participant_06,Adaptive_Dual,1.508,-0.338,1.763,107.9,1.8,Video
178.42,Participant_06,Adaptive_Dual,1.508,-0.338,1.763,107.9,1.8,Video
178.53,Participant_06,Adaptive_Dual,1.508,-0.338,1.763,107.9,1.8,Video
178.63,Participant_06,Adaptive_Dual,1.508,-0.338,1.763,107.9,1.8,Video
178.73,Participant_06,Adaptive_Dual,1.508,-0.338,1.763,107.9,1.8,Video
178.83,Participant_06,Adaptive_Dual,1.508,-0.338,1.763,107.9,1.8,Video
178.93,Participant_06,Adaptive_Dual,1.508,-0.338,1.763,107.9,1.8,Video
179.03,Participant_06,Adaptive_Dual,1.508,-0.338,1.763,107.9,1.8,Video
179.13,Participant_06,Adaptive_Dual,1.508,-0.338,1.763,107.9,1.8,Video
179.23,Participant_06,Adaptive_Dual,1.508,-0.338,1.763,107.9,1.8,Video
179.33,Participant_06,Adaptive_Dual,1.508,-0.338,1.763,107.9,1.8,Video
179.43,Participant_06,Adaptive_Dual,1.508,-0.338,1.763,107.9,1.8,Video
179.54,Participant_06,Adaptive_Dual,1.508,-0.338,1.763,107.9,1.8,Video
179.64,Participant_06,Adaptive_Dual,1.508,-0.338,1.763,107.9,1.8,Video
179.74,Participant_06,Adaptive_Dual,1.508,-0.338,1.763,107.9,1.8,Video
179.84,Participant_06,Adaptive_Dual,1.508,-0.338,1.763,107.9,1.8,Video
179.94,Participant_06,Adaptive_Dual,1.508,-0.338,1.763,107.9,1.8,Video
180.04,Participant_06,Adaptive_Dual,1.508,-0.338,1.763,107.9,1.8,Video
180.14,Participant_06,Adaptive_Dual,1.508,-0.338,1.763,107.9,1.8,Video
180.25,Participant_06,Adaptive_Dual,1.508,-0.338,1.763,107.9,1.8,Video
180.35,Participant_06,Adaptive_Dual,1.508,-0.338,1.763,107.9,1.8,Video
180.45,Participant_06,Adaptive_Dual,1.508,-0.338,1.763,107.9,1.8,Video
180.56,Participant_06,Adaptive_Dual,1.508,-0.338,1.763,107.9,1.8,Video
180.66,Participant_06,Adaptive_Dual,1.508,-0.338,1.763,107.9,1.8,Video
180.76,Participant_06,Adaptive_Dual,1.508,-0.338,1.763,107.9,1.8,Video
180.86,Participant_06,Adaptive_Dual,1.508,-0.338,1.763,107.9,1.8,Video
180.96,Participant_06,Adaptive_Dual,1.508,-0.338,1.763,107.9,1.8,Video
181.06,Participant_06,Adaptive_Dual,1.508,-0.338,1.763,107.9,1.8,Video
181.16,Participant_06,Adaptive_Dual,1.508,-0.338,1.763,107.9,1.8,Video
181.27,Participant_06,Adaptive_Dual,1.508,-0.338,1.763,107.9,1.8,Video
181.37,Participant_06,Adaptive_Dual,1.508,-0.338,1.763,107.9,1.8,Video
181.47,Participant_06,Adaptive_Dual,1.508,-0.338,1.763,107.9,1.8,Video
181.57,Participant_06,Adaptive_Dual,1.508,-0.338,1.763,107.9,1.8,Video
181.67,Participant_06,Adaptive_Dual,1.508,-0.338,1.763,107.9,1.8,Video
181.77,Participant_06,Adaptive_Dual,1.508,-0.338,1.763,107.9,1.8,Video
181.87,Participant_06,Adaptive_Dual,1.508,-0.338,1.763,107.9,1.8,Video
181.97,Participant_06,Adaptive_Dual,1.508,-0.338,1.763,107.9,1.8,Video
182.08,Participant_06,Adaptive_Dual,1.508,-0.338,1.763,107.9,1.8,Video
182.18,Participant_06,Adaptive_Dual,1.508,-0.338,1.763,107.9,1.8,Video
182.28,Participant_06,Adaptive_Dual,1.508,-0.338,1.763,107.9,1.8,Video
182.38,Participant_06,Adaptive_Dual,1.508,-0.338,1.763,107.9,1.8,Video
182.48,Participant_06,Adaptive_Dual,1.508,-0.338,1.763,107.9,1.8,Video
182.58,Participant_06,Adaptive_Dual,1.508,-0.338,1.763,107.9,1.8,Video
182.68,Participant_06,Adaptive_Dual,1.508,-0.338,1.763,107.9,1.8,Video
182.78,Participant_06,Adaptive_Dual,1.508,-0.338,1.763,107.9,1.8,Video
182.88,Participant_06,Adaptive_Dual,1.508,-0.338,1.763,107.9,1.8,Video
182.98,Participant_06,Adaptive_Dual,1.508,-0.338,1.763,107.9,1.8,Video
183.09,Participant_06,Adaptive_Dual,1.508,-0.338,1.763,107.9,1.8,Video
183.19,Participant_06,Adaptive_Dual,1.508,-0.338,1.763,107.9,1.8,Video
183.29,Participant_06,Adaptive_Dual,1.508,-0.338,1.763,107.9,1.8,Video
183.39,Participant_06,Adaptive_Dual,1.508,-0.338,1.763,107.9,1.8,Video
183.49,Participant_06,Adaptive_Dual,1.508,-0.338,1.763,107.9,1.8,Video
183.59,Participant_06,Adaptive_Dual,1.508,-0.338,1.763,107.9,1.8,Video
183.69,Participant_06,Adaptive_Dual,1.508,-0.338,1.763,107.9,1.8,Video
183.80,Participant_06,Adaptive_Dual,1.508,-0.338,1.763,107.9,1.8,Video
183.90,Participant_06,Adaptive_Dual,1.508,-0.338,1.763,107.9,1.8,Video
184.00,Participant_06,Adaptive_Dual,1.508,-0.338,1.763,107.9,1.8,Video
184.10,Participant_06,Adaptive_Dual,1.508,-0.338,1.763,107.9,1.8,Video
184.20,Participant_06,Adaptive_Dual,1.508,-0.338,1.763,107.9,1.8,Video
184.30,Participant_06,Adaptive_Dual,1.508,-0.338,1.763,107.9,1.8,Video
184.41,Participant_06,Adaptive_Dual,1.508,-0.338,1.763,107.9,1.8,Video
184.51,Participant_06,Adaptive_Dual,1.508,-0.338,1.763,107.9,1.8,Video
184.61,Participant_06,Adaptive_Dual,1.508,-0.338,1.763,107.9,1.8,Video
184.71,Participant_06,Adaptive_Dual,1.508,-0.338,1.763,107.9,1.8,Video
184.81,Participant_06,Adaptive_Dual,1.508,-0.338,1.763,107.9,1.8,Video
184.91,Participant_06,Adaptive_Dual,1.508,-0.338,1.763,107.9,1.8,Video
185.01,Participant_06,Adaptive_Dual,1.508,-0.338,1.763,107.9,1.8,Video
185.11,Participant_06,Adaptive_Dual,1.508,-0.338,1.763,107.9,1.8,Video
185.21,Participant_06,Adaptive_Dual,1.508,-0.338,1.763,107.9,1.8,Video
185.31,Participant_06,Adaptive_Dual,1.508,-0.338,1.763,107.9,1.8,Video
185.41,Participant_06,Adaptive_Dual,1.508,-0.338,1.763,107.9,1.8,Video
185.51,Participant_06,Adaptive_Dual,1.508,-0.338,1.763,107.9,1.8,Video
185.62,Participant_06,Adaptive_Dual,1.508,-0.338,1.763,107.9,1.8,Video
185.72,Participant_06,Adaptive_Dual,1.508,-0.338,1.763,107.9,1.8,Video
185.82,Participant_06,Adaptive_Dual,1.508,-0.338,1.763,107.9,1.8,Video
185.92,Participant_06,Adaptive_Dual,1.508,-0.338,1.763,107.9,1.8,Video
186.02,Participant_06,Adaptive_Dual,1.508,-0.338,1.763,107.9,1.8,Video
186.12,Participant_06,Adaptive_Dual,1.508,-0.338,1.763,107.9,1.8,Video
186.22,Participant_06,Adaptive_Dual,1.508,-0.338,1.763,107.9,1.8,Video
186.32,Participant_06,Adaptive_Dual,1.508,-0.338,1.763,107.9,1.8,Video
186.43,Participant_06,Adaptive_Dual,1.508,-0.338,1.763,107.9,1.8,Video
186.53,Participant_06,Adaptive_Dual,1.508,-0.338,1.763,107.9,1.8,Video
186.63,Participant_06,Adaptive_Dual,1.508,-0.338,1.763,107.9,1.8,Video
186.73,Participant_06,Adaptive_Dual,1.508,-0.338,1.763,107.9,1.8,Video
186.83,Participant_06,Adaptive_Dual,1.508,-0.338,1.763,107.9,1.8,Video
186.93,Participant_06,Adaptive_Dual,1.508,-0.338,1.763,107.9,1.8,Video
187.04,Participant_06,Adaptive_Dual,1.508,-0.338,1.763,107.9,1.8,Video
187.14,Participant_06,Adaptive_Dual,1.508,-0.338,1.763,107.9,1.8,Video
187.24,Participant_06,Adaptive_Dual,1.508,-0.338,1.763,107.9,1.8,Video
187.34,Participant_06,Adaptive_Dual,1.508,-0.338,1.763,107.9,1.8,Video
187.44,Participant_06,Adaptive_Dual,1.508,-0.338,1.763,107.9,1.8,Video
187.54,Participant_06,Adaptive_Dual,1.508,-0.338,1.763,107.9,1.8,Video
187.64,Participant_06,Adaptive_Dual,1.508,-0.338,1.763,107.9,1.8,Video
187.74,Participant_06,Adaptive_Dual,1.508,-0.338,1.763,107.9,1.8,Video
187.84,Participant_06,Adaptive_Dual,1.508,-0.338,1.763,107.9,1.8,Video
187.94,Participant_06,Adaptive_Dual,1.508,-0.338,1.763,107.9,1.8,Video
188.04,Participant_06,Adaptive_Dual,1.508,-0.338,1.763,107.9,1.8,Video
188.14,Participant_06,Adaptive_Dual,1.508,-0.338,1.763,107.9,1.8,Video
188.25,Participant_06,Adaptive_Dual,1.508,-0.338,1.763,107.9,1.8,Video
188.35,Participant_06,Adaptive_Dual,1.508,-0.338,1.763,107.9,1.8,Video
188.45,Participant_06,Adaptive_Dual,1.508,-0.338,1.763,107.9,1.8,Video
188.55,Participant_06,Adaptive_Dual,1.508,-0.338,1.763,107.9,1.8,Video
188.65,Participant_06,Adaptive_Dual,1.508,-0.338,1.763,107.9,1.8,Video
188.75,Participant_06,Adaptive_Dual,1.508,-0.338,1.763,107.9,1.8,Video
188.86,Participant_06,Adaptive_Dual,1.508,-0.338,1.763,107.9,1.8,Video
188.96,Participant_06,Adaptive_Dual,1.508,-0.338,1.763,107.9,1.8,Video
189.07,Participant_06,Adaptive_Dual,1.508,-0.338,1.763,107.9,1.8,Video
189.17,Participant_06,Adaptive_Dual,1.508,-0.338,1.763,107.9,1.8,Video
189.27,Participant_06,Adaptive_Dual,1.508,-0.338,1.763,107.9,1.8,Video
189.37,Participant_06,Adaptive_Dual,1.508,-0.338,1.763,107.9,1.8,Video
189.47,Participant_06,Adaptive_Dual,1.508,-0.338,1.763,107.9,1.8,Video
189.57,Participant_06,Adaptive_Dual,1.508,-0.338,1.763,107.9,1.8,Video
189.67,Participant_06,Adaptive_Dual,1.508,-0.338,1.763,107.9,1.8,Video
189.77,Participant_06,Adaptive_Dual,1.508,-0.338,1.763,107.9,1.8,Video
189.87,Participant_06,Adaptive_Dual,1.508,-0.338,1.763,107.9,1.8,Video
189.98,Participant_06,Adaptive_Dual,1.508,-0.338,1.763,107.9,1.8,Video
190.08,Participant_06,Adaptive_Dual,1.508,-0.338,1.763,107.9,1.8,Video
190.18,Participant_06,Adaptive_Dual,1.508,-0.338,1.763,107.9,1.8,Video
190.28,Participant_06,Adaptive_Dual,1.508,-0.338,1.763,107.9,1.8,Video
190.38,Participant_06,Adaptive_Dual,1.508,-0.338,1.763,107.9,1.8,Video
190.48,Participant_06,Adaptive_Dual,1.508,-0.338,1.763,107.9,1.8,Video
190.59,Participant_06,Adaptive_Dual,1.508,-0.338,1.763,107.9,1.8,Video
190.69,Participant_06,Adaptive_Dual,1.508,-0.338,1.763,107.9,1.8,Video
190.79,Participant_06,Adaptive_Dual,1.508,-0.338,1.763,107.9,1.8,Video
190.89,Participant_06,Adaptive_Dual,1.508,-0.338,1.763,107.9,1.8,Video
190.99,Participant_06,Adaptive_Dual,1.508,-0.338,1.763,107.9,1.8,Video
191.09,Participant_06,Adaptive_Dual,1.508,-0.338,1.763,107.9,1.8,Video
191.19,Participant_06,Adaptive_Dual,1.508,-0.338,1.763,107.9,1.8,Video
191.30,Participant_06,Adaptive_Dual,1.508,-0.338,1.763,107.9,1.8,Video
191.40,Participant_06,Adaptive_Dual,1.508,-0.338,1.763,107.9,1.8,Video
191.50,Participant_06,Adaptive_Dual,1.508,-0.338,1.763,107.9,1.8,Video
191.60,Participant_06,Adaptive_Dual,1.508,-0.338,1.763,107.9,1.8,Video
191.70,Participant_06,Adaptive_Dual,1.508,-0.338,1.763,107.9,1.8,Video
191.80,Participant_06,Adaptive_Dual,1.508,-0.338,1.763,107.9,1.8,Video
191.90,Participant_06,Adaptive_Dual,1.508,-0.338,1.763,107.9,1.8,Video
192.00,Participant_06,Adaptive_Dual,1.508,-0.338,1.763,107.9,1.8,Video
192.10,Participant_06,Adaptive_Dual,1.508,-0.338,1.763,107.9,1.8,Video
192.20,Participant_06,Adaptive_Dual,1.508,-0.338,1.763,107.9,1.8,Video
192.30,Participant_06,Adaptive_Dual,1.508,-0.338,1.763,107.9,1.8,Video
192.40,Participant_06,Adaptive_Dual,1.508,-0.338,1.763,107.9,1.8,Video
192.51,Participant_06,Adaptive_Dual,1.508,-0.338,1.763,107.9,1.8,Video
192.61,Participant_06,Adaptive_Dual,1.508,-0.338,1.763,107.9,1.8,Video
192.71,Participant_06,Adaptive_Dual,1.508,-0.338,1.763,107.9,1.8,Video
192.81,Participant_06,Adaptive_Dual,1.508,-0.338,1.763,107.9,1.8,Video
192.91,Participant_06,Adaptive_Dual,1.508,-0.338,1.763,107.9,1.8,Video
193.01,Participant_06,Adaptive_Dual,1.508,-0.338,1.763,107.9,1.8,Video
193.11,Participant_06,Adaptive_Dual,1.508,-0.338,1.763,107.9,1.8,Video
193.22,Participant_06,Adaptive_Dual,1.508,-0.338,1.763,107.9,1.8,Video
193.32,Participant_06,Adaptive_Dual,1.508,-0.338,1.763,107.9,1.8,Video
193.42,Participant_06,Adaptive_Dual,1.508,-0.338,1.763,107.9,1.8,Video
193.52,Participant_06,Adaptive_Dual,1.508,-0.338,1.763,107.9,1.8,Video
193.62,Participant_06,Adaptive_Dual,1.508,-0.338,1.763,107.9,1.8,Video
193.72,Participant_06,Adaptive_Dual,1.508,-0.338,1.763,107.9,1.8,Video
193.82,Participant_06,Adaptive_Dual,1.508,-0.338,1.763,107.9,1.8,Video
193.92,Participant_06,Adaptive_Dual,1.508,-0.338,1.763,107.9,1.8,Video
194.03,Participant_06,Adaptive_Dual,1.508,-0.338,1.763,107.9,1.8,Video
194.13,Participant_06,Adaptive_Dual,1.508,-0.338,1.763,107.9,1.8,Video
194.23,Participant_06,Adaptive_Dual,1.508,-0.338,1.763,107.9,1.8,Video
194.33,Participant_06,Adaptive_Dual,1.508,-0.338,1.763,107.9,1.8,Video
194.43,Participant_06,Adaptive_Dual,1.508,-0.338,1.763,107.9,1.8,Video
194.53,Participant_06,Adaptive_Dual,1.508,-0.338,1.763,107.9,1.8,Video
194.63,Participant_06,Adaptive_Dual,1.508,-0.338,1.763,107.9,1.8,Video
194.73,Participant_06,Adaptive_Dual,1.508,-0.338,1.763,107.9,1.8,Video
194.83,Participant_06,Adaptive_Dual,1.508,-0.338,1.763,107.9,1.8,Video
194.93,Participant_06,Adaptive_Dual,1.508,-0.338,1.763,107.9,1.8,Video
195.04,Participant_06,Adaptive_Dual,1.508,-0.338,1.763,107.9,1.8,Video
195.14,Participant_06,Adaptive_Dual,1.508,-0.338,1.763,107.9,1.8,Video
195.24,Participant_06,Adaptive_Dual,1.508,-0.338,1.763,107.9,1.8,Video
195.34,Participant_06,Adaptive_Dual,1.508,-0.338,1.763,107.9,1.8,Video
195.44,Participant_06,Adaptive_Dual,1.508,-0.338,1.763,107.9,1.8,Video
195.54,Participant_06,Adaptive_Dual,1.508,-0.338,1.763,107.9,1.8,Video
195.64,Participant_06,Adaptive_Dual,1.508,-0.338,1.763,107.9,1.8,Video
195.74,Participant_06,Adaptive_Dual,1.508,-0.338,1.763,107.9,1.8,Video
195.84,Participant_06,Adaptive_Dual,1.508,-0.338,1.763,107.9,1.8,Video
195.94,Participant_06,Adaptive_Dual,1.508,-0.338,1.763,107.9,1.8,Video
196.04,Participant_06,Adaptive_Dual,1.508,-0.338,1.763,107.9,1.8,Video
196.14,Participant_06,Adaptive_Dual,1.508,-0.338,1.763,107.9,1.8,Video
196.25,Participant_06,Adaptive_Dual,1.508,-0.338,1.763,107.9,1.8,Video
196.35,Participant_06,Adaptive_Dual,1.508,-0.338,1.763,107.9,1.8,Video
196.45,Participant_06,Adaptive_Dual,1.508,-0.338,1.763,107.9,1.8,Video
196.55,Participant_06,Adaptive_Dual,1.508,-0.338,1.763,107.9,1.8,Video
196.65,Participant_06,Adaptive_Dual,1.508,-0.338,1.763,107.9,1.8,Video
196.75,Participant_06,Adaptive_Dual,1.508,-0.338,1.763,107.9,1.8,Video
196.85,Participant_06,Adaptive_Dual,1.508,-0.338,1.763,107.9,1.8,Video
196.95,Participant_06,Adaptive_Dual,1.508,-0.338,1.763,107.9,1.8,Video
197.05,Participant_06,Adaptive_Dual,1.508,-0.338,1.763,107.9,1.8,Video
197.15,Participant_06,Adaptive_Dual,1.508,-0.338,1.763,107.9,1.8,Video
197.26,Participant_06,Adaptive_Dual,1.508,-0.338,1.763,107.9,1.8,Video
197.36,Participant_06,Adaptive_Dual,1.508,-0.338,1.763,107.9,1.8,Video
197.46,Participant_06,Adaptive_Dual,1.508,-0.338,1.763,107.9,1.8,Video
197.56,Participant_06,Adaptive_Dual,1.508,-0.338,1.763,107.9,1.8,Video
197.66,Participant_06,Adaptive_Dual,1.508,-0.338,1.763,107.9,1.8,Video
197.76,Participant_06,Adaptive_Dual,1.508,-0.338,1.763,107.9,1.8,Video
197.86,Participant_06,Adaptive_Dual,1.508,-0.338,1.763,107.9,1.8,Video
197.96,Participant_06,Adaptive_Dual,1.508,-0.338,1.763,107.9,1.8,Video
198.06,Participant_06,Adaptive_Dual,1.508,-0.338,1.763,107.9,1.8,Video
198.16,Participant_06,Adaptive_Dual,1.508,-0.338,1.763,107.9,1.8,Video
198.26,Participant_06,Adaptive_Dual,1.508,-0.338,1.763,107.9,1.8,Video
198.37,Participant_06,Adaptive_Dual,1.508,-0.338,1.763,107.9,1.8,Video
198.48,Participant_06,Adaptive_Dual,1.508,-0.338,1.763,107.9,1.8,Video
198.58,Participant_06,Adaptive_Dual,1.508,-0.338,1.763,107.9,1.8,Video
198.69,Participant_06,Adaptive_Dual,1.508,-0.338,1.763,107.9,1.8,Video
198.79,Participant_06,Adaptive_Dual,1.508,-0.338,1.763,107.9,1.8,Video
198.89,Participant_06,Adaptive_Dual,1.508,-0.338,1.763,107.9,1.8,Video
198.99,Participant_06,Adaptive_Dual,1.508,-0.338,1.763,107.9,1.8,Video
199.09,Participant_06,Adaptive_Dual,1.508,-0.338,1.763,107.9,1.8,Video
199.20,Participant_06,Adaptive_Dual,1.508,-0.338,1.763,107.9,1.8,Video
199.30,Participant_06,Adaptive_Dual,1.508,-0.338,1.763,107.9,1.8,Video
199.40,Participant_06,Adaptive_Dual,1.508,-0.338,1.763,107.9,1.8,Video
199.50,Participant_06,Adaptive_Dual,1.508,-0.338,1.763,107.9,1.8,Video
199.60,Participant_06,Adaptive_Dual,1.508,-0.338,1.763,107.9,1.8,Video
199.70,Participant_06,Adaptive_Dual,1.508,-0.338,1.763,107.9,1.8,Video
199.81,Participant_06,Adaptive_Dual,1.508,-0.338,1.763,107.9,1.8,Video
199.91,Participant_06,Adaptive_Dual,1.508,-0.338,1.763,107.9,1.8,Video
200.01,Participant_06,Adaptive_Dual,1.508,-0.338,1.763,107.9,1.8,Video
200.11,Participant_06,Adaptive_Dual,1.508,-0.338,1.763,107.9,1.8,Video
200.21,Participant_06,Adaptive_Dual,1.508,-0.338,1.763,107.9,1.8,Video
200.31,Participant_06,Adaptive_Dual,1.508,-0.338,1.763,107.9,1.8,Video
200.41,Participant_06,Adaptive_Dual,1.508,-0.338,1.763,107.9,1.8,Video
200.52,Participant_06,Adaptive_Dual,1.508,-0.338,1.763,107.9,1.8,Video
200.64,Participant_06,Adaptive_Dual,1.508,-0.338,1.763,107.9,1.8,Video
200.74,Participant_06,Adaptive_Dual,1.508,-0.338,1.763,107.9,1.8,Video
200.84,Participant_06,Adaptive_Dual,1.508,-0.338,1.763,107.9,1.8,Video
200.94,Participant_06,Adaptive_Dual,1.508,-0.338,1.763,107.9,1.8,Video
201.04,Participant_06,Adaptive_Dual,1.508,-0.338,1.763,107.9,1.8,Video
201.14,Participant_06,Adaptive_Dual,1.508,-0.338,1.763,107.9,1.8,Video
201.24,Participant_06,Adaptive_Dual,1.508,-0.338,1.763,107.9,1.8,Video
201.34,Participant_06,Adaptive_Dual,1.508,-0.338,1.763,107.9,1.8,Video
201.44,Participant_06,Adaptive_Dual,1.508,-0.338,1.763,107.9,1.8,Video
201.55,Participant_06,Adaptive_Dual,1.508,-0.338,1.763,107.9,1.8,Video
201.65,Participant_06,Adaptive_Dual,1.508,-0.338,1.763,107.9,1.8,Video
201.75,Participant_06,Adaptive_Dual,1.508,-0.338,1.763,107.9,1.8,Video
201.85,Participant_06,Adaptive_Dual,1.508,-0.338,1.763,107.9,1.8,Video
201.95,Participant_06,Adaptive_Dual,1.508,-0.338,1.763,107.9,1.8,Video
202.05,Participant_06,Adaptive_Dual,1.508,-0.338,1.763,107.9,1.8,Video
202.15,Participant_06,Adaptive_Dual,1.508,-0.338,1.763,107.9,1.8,Video
202.25,Participant_06,Adaptive_Dual,1.508,-0.338,1.763,107.9,1.8,Video
202.36,Participant_06,Adaptive_Dual,1.508,-0.338,1.763,107.9,1.8,Video
202.46,Participant_06,Adaptive_Dual,1.508,-0.338,1.763,107.9,1.8,Video
202.57,Participant_06,Adaptive_Dual,1.508,-0.338,1.763,107.9,1.8,Video
202.67,Participant_06,Adaptive_Dual,1.508,-0.338,1.763,107.9,1.8,Video
202.77,Participant_06,Adaptive_Dual,1.508,-0.338,1.763,107.9,1.8,Video
202.87,Participant_06,Adaptive_Dual,1.508,-0.338,1.763,107.9,1.8,Video
202.97,Participant_06,Adaptive_Dual,1.508,-0.338,1.763,107.9,1.8,Video
203.07,Participant_06,Adaptive_Dual,1.508,-0.338,1.763,107.9,1.8,Video
203.17,Participant_06,Adaptive_Dual,1.508,-0.338,1.763,107.9,1.8,Video
203.27,Participant_06,Adaptive_Dual,1.508,-0.338,1.763,107.9,1.8,Video
203.37,Participant_06,Adaptive_Dual,1.508,-0.338,1.763,107.9,1.8,Video
203.47,Participant_06,Adaptive_Dual,1.508,-0.338,1.763,107.9,1.8,Video
203.57,Participant_06,Adaptive_Dual,1.508,-0.338,1.763,107.9,1.8,Video
203.68,Participant_06,Adaptive_Dual,1.508,-0.338,1.763,107.9,1.8,Video
203.78,Participant_06,Adaptive_Dual,1.508,-0.338,1.763,107.9,1.8,Video
203.88,Participant_06,Adaptive_Dual,1.508,-0.338,1.763,107.9,1.8,Video
203.98,Participant_06,Adaptive_Dual,1.508,-0.338,1.763,107.9,1.8,Video
204.08,Participant_06,Adaptive_Dual,1.508,-0.338,1.763,107.9,1.8,Video
204.18,Participant_06,Adaptive_Dual,1.508,-0.338,1.763,107.9,1.8,Video
204.28,Participant_06,Adaptive_Dual,1.508,-0.338,1.763,107.9,1.8,Video
204.39,Participant_06,Adaptive_Dual,1.508,-0.338,1.763,107.9,1.8,Video
204.49,Participant_06,Adaptive_Dual,1.508,-0.338,1.763,107.9,1.8,Video
204.59,Participant_06,Adaptive_Dual,1.508,-0.338,1.763,107.9,1.8,Video
204.69,Participant_06,Adaptive_Dual,1.508,-0.338,1.763,107.9,1.8,Video
204.79,Participant_06,Adaptive_Dual,1.508,-0.338,1.763,107.9,1.8,Video
204.89,Participant_06,Adaptive_Dual,1.508,-0.338,1.763,107.9,1.8,Video
204.99,Participant_06,Adaptive_Dual,1.508,-0.338,1.763,107.9,1.8,Video
205.09,Participant_06,Adaptive_Dual,1.508,-0.338,1.763,107.9,1.8,Video
205.19,Participant_06,Adaptive_Dual,1.508,-0.338,1.763,107.9,1.8,Video
205.29,Participant_06,Adaptive_Dual,1.508,-0.338,1.763,107.9,1.8,Video
205.39,Participant_06,Adaptive_Dual,1.508,-0.338,1.763,107.9,1.8,Video
205.50,Participant_06,Adaptive_Dual,1.508,-0.338,1.763,107.9,1.8,Video
205.60,Participant_06,Adaptive_Dual,1.508,-0.338,1.763,107.9,1.8,Video
205.70,Participant_06,Adaptive_Dual,1.508,-0.338,1.763,107.9,1.8,Video
205.80,Participant_06,Adaptive_Dual,1.508,-0.338,1.763,107.9,1.8,Video
205.90,Participant_06,Adaptive_Dual,1.508,-0.338,1.763,107.9,1.8,Video
206.00,Participant_06,Adaptive_Dual,1.508,-0.338,1.763,107.9,1.8,Video
206.10,Participant_06,Adaptive_Dual,1.508,-0.338,1.763,107.9,1.8,Video
206.20,Participant_06,Adaptive_Dual,1.508,-0.338,1.763,107.9,1.8,Video
206.30,Participant_06,Adaptive_Dual,1.508,-0.338,1.763,107.9,1.8,Video
206.41,Participant_06,Adaptive_Dual,1.508,-0.338,1.763,107.9,1.8,Video
206.51,Participant_06,Adaptive_Dual,1.508,-0.338,1.763,107.9,1.8,Video
206.61,Participant_06,Adaptive_Dual,1.508,-0.338,1.763,107.9,1.8,Video
206.71,Participant_06,Adaptive_Dual,1.508,-0.338,1.763,107.9,1.8,Video
206.81,Participant_06,Adaptive_Dual,1.508,-0.338,1.763,107.9,1.8,Video
206.91,Participant_06,Adaptive_Dual,1.508,-0.338,1.763,107.9,1.8,Video
207.01,Participant_06,Adaptive_Dual,1.508,-0.338,1.763,107.9,1.8,Video
207.11,Participant_06,Adaptive_Dual,1.508,-0.338,1.763,107.9,1.8,Video
207.22,Participant_06,Adaptive_Dual,1.508,-0.338,1.763,107.9,1.8,Video
207.32,Participant_06,Adaptive_Dual,1.508,-0.338,1.763,107.9,1.8,Video
207.42,Participant_06,Adaptive_Dual,1.508,-0.338,1.763,107.9,1.8,Video
207.52,Participant_06,Adaptive_Dual,1.508,-0.338,1.763,107.9,1.8,Video
207.62,Participant_06,Adaptive_Dual,1.508,-0.338,1.763,107.9,1.8,Video
207.72,Participant_06,Adaptive_Dual,1.508,-0.338,1.763,107.9,1.8,Video
207.82,Participant_06,Adaptive_Dual,1.508,-0.338,1.763,107.9,1.8,Video
207.92,Participant_06,Adaptive_Dual,1.508,-0.338,1.763,107.9,1.8,Video
208.02,Participant_06,Adaptive_Dual,1.508,-0.338,1.763,107.9,1.8,Video
208.12,Participant_06,Adaptive_Dual,1.508,-0.338,1.763,107.9,1.8,Video
208.23,Participant_06,Adaptive_Dual,1.508,-0.338,1.763,107.9,1.8,Video
208.33,Participant_06,Adaptive_Dual,1.508,-0.338,1.763,107.9,1.8,Video
208.43,Participant_06,Adaptive_Dual,1.508,-0.338,1.763,107.9,1.8,Video
208.53,Participant_06,Adaptive_Dual,1.508,-0.338,1.763,107.9,1.8,Video
208.63,Participant_06,Adaptive_Dual,1.508,-0.338,1.763,107.9,1.8,Video
208.73,Participant_06,Adaptive_Dual,1.508,-0.338,1.763,107.9,1.8,Video
208.83,Participant_06,Adaptive_Dual,1.508,-0.338,1.763,107.9,1.8,Video
208.93,Participant_06,Adaptive_Dual,1.508,-0.338,1.763,107.9,1.8,Video
209.03,Participant_06,Adaptive_Dual,1.508,-0.338,1.763,107.9,1.8,Video
209.13,Participant_06,Adaptive_Dual,1.508,-0.338,1.763,107.9,1.8,Video
209.24,Participant_06,Adaptive_Dual,1.508,-0.338,1.763,107.9,1.8,Video
209.34,Participant_06,Adaptive_Dual,1.508,-0.338,1.763,107.9,1.8,Video
209.44,Participant_06,Adaptive_Dual,1.508,-0.338,1.763,107.9,1.8,Video
209.54,Participant_06,Adaptive_Dual,1.508,-0.338,1.763,107.9,1.8,Video
209.64,Participant_06,Adaptive_Dual,1.508,-0.338,1.763,107.9,1.8,Video
209.74,Participant_06,Adaptive_Dual,1.508,-0.338,1.763,107.9,1.8,Video
209.85,Participant_06,Adaptive_Dual,1.508,-0.338,1.763,107.9,1.8,Video
209.96,Participant_06,Adaptive_Dual,1.508,-0.338,1.763,107.9,1.8,Video
210.07,Participant_06,Adaptive_Dual,1.508,-0.338,1.763,107.9,1.8,Video
210.17,Participant_06,Adaptive_Dual,1.508,-0.338,1.763,107.9,1.8,Video
210.27,Participant_06,Adaptive_Dual,1.508,-0.338,1.763,107.9,1.8,Video
210.37,Participant_06,Adaptive_Dual,1.508,-0.338,1.763,107.9,1.8,Video
210.47,Participant_06,Adaptive_Dual,1.508,-0.338,1.763,107.9,1.8,Video
210.57,Participant_06,Adaptive_Dual,1.508,-0.338,1.763,107.9,1.8,Video
210.67,Participant_06,Adaptive_Dual,1.508,-0.338,1.763,107.9,1.8,Video
210.77,Participant_06,Adaptive_Dual,1.508,-0.338,1.763,107.9,1.8,Video
210.87,Participant_06,Adaptive_Dual,1.508,-0.338,1.763,107.9,1.8,Video
210.98,Participant_06,Adaptive_Dual,1.508,-0.338,1.763,107.9,1.8,Video
211.08,Participant_06,Adaptive_Dual,1.508,-0.338,1.763,107.9,1.8,Video
211.18,Participant_06,Adaptive_Dual,1.508,-0.338,1.763,107.9,1.8,Video
211.28,Participant_06,Adaptive_Dual,1.508,-0.338,1.763,107.9,1.8,Video
211.38,Participant_06,Adaptive_Dual,1.508,-0.338,1.763,107.9,1.8,Video
211.48,Participant_06,Adaptive_Dual,1.508,-0.338,1.763,107.9,1.8,Video
211.58,Participant_06,Adaptive_Dual,1.508,-0.338,1.763,107.9,1.8,Video
211.69,Participant_06,Adaptive_Dual,1.508,-0.338,1.763,107.9,1.8,Video
211.79,Participant_06,Adaptive_Dual,1.508,-0.338,1.763,107.9,1.8,Video
211.89,Participant_06,Adaptive_Dual,1.508,-0.338,1.763,107.9,1.8,Video
211.99,Participant_06,Adaptive_Dual,1.508,-0.338,1.763,107.9,1.8,Video
212.09,Participant_06,Adaptive_Dual,1.508,-0.338,1.763,107.9,1.8,Video
212.19,Participant_06,Adaptive_Dual,1.508,-0.338,1.763,107.9,1.8,Video
212.29,Participant_06,Adaptive_Dual,1.508,-0.338,1.763,107.9,1.8,Video
212.39,Participant_06,Adaptive_Dual,1.508,-0.338,1.763,107.9,1.8,Video
212.49,Participant_06,Adaptive_Dual,1.508,-0.338,1.763,107.9,1.8,Video
212.59,Participant_06,Adaptive_Dual,1.508,-0.338,1.763,107.9,1.8,Video
212.69,Participant_06,Adaptive_Dual,1.508,-0.338,1.763,107.9,1.8,Video
212.80,Participant_06,Adaptive_Dual,1.508,-0.338,1.763,107.9,1.8,Video
212.90,Participant_06,Adaptive_Dual,1.508,-0.338,1.763,107.9,1.8,Video
213.00,Participant_06,Adaptive_Dual,1.508,-0.338,1.763,107.9,1.8,Video
213.10,Participant_06,Adaptive_Dual,1.508,-0.338,1.763,107.9,1.8,Video
213.20,Participant_06,Adaptive_Dual,1.508,-0.338,1.763,107.9,1.8,Video
213.30,Participant_06,Adaptive_Dual,1.508,-0.338,1.763,107.9,1.8,Video
213.40,Participant_06,Adaptive_Dual,1.508,-0.338,1.763,107.9,1.8,Video
213.50,Participant_06,Adaptive_Dual,1.508,-0.338,1.763,107.9,1.8,Video
213.60,Participant_06,Adaptive_Dual,1.508,-0.338,1.763,107.9,1.8,Video
213.70,Participant_06,Adaptive_Dual,1.508,-0.338,1.763,107.9,1.8,Video
213.81,Participant_06,Adaptive_Dual,1.508,-0.338,1.763,107.9,1.8,Video
213.91,Participant_06,Adaptive_Dual,1.508,-0.338,1.763,107.9,1.8,Video
214.01,Participant_06,Adaptive_Dual,1.508,-0.338,1.763,107.9,1.8,Video
214.11,Participant_06,Adaptive_Dual,1.508,-0.338,1.763,107.9,1.8,Video
214.21,Participant_06,Adaptive_Dual,1.508,-0.338,1.763,107.9,1.8,Video
214.31,Participant_06,Adaptive_Dual,1.508,-0.338,1.763,107.9,1.8,Video
214.41,Participant_06,Adaptive_Dual,1.508,-0.338,1.763,107.9,1.8,Video
214.51,Participant_06,Adaptive_Dual,1.508,-0.338,1.763,107.9,1.8,Video
214.61,Participant_06,Adaptive_Dual,1.508,-0.338,1.763,107.9,1.8,Video
214.72,Participant_06,Adaptive_Dual,1.508,-0.338,1.763,107.9,1.8,Video
214.82,Participant_06,Adaptive_Dual,1.508,-0.338,1.763,107.9,1.8,Video
214.92,Participant_06,Adaptive_Dual,1.508,-0.338,1.763,107.9,1.8,Video
215.02,Participant_06,Adaptive_Dual,1.508,-0.338,1.763,107.9,1.8,Video
215.12,Participant_06,Adaptive_Dual,1.508,-0.338,1.763,107.9,1.8,Video
215.22,Participant_06,Adaptive_Dual,1.508,-0.338,1.763,107.9,1.8,Video
215.33,Participant_06,Adaptive_Dual,1.508,-0.338,1.763,107.9,1.8,Video
215.43,Participant_06,Adaptive_Dual,1.508,-0.338,1.763,107.9,1.8,Video
215.53,Participant_06,Adaptive_Dual,1.508,-0.338,1.763,107.9,1.8,Video
215.63,Participant_06,Adaptive_Dual,1.508,-0.338,1.763,107.9,1.8,Video
215.73,Participant_06,Adaptive_Dual,1.508,-0.338,1.763,107.9,1.8,Video
215.83,Participant_06,Adaptive_Dual,1.508,-0.338,1.763,107.9,1.8,Video
215.93,Participant_06,Adaptive_Dual,1.508,-0.338,1.763,107.9,1.8,Video
216.03,Participant_06,Adaptive_Dual,1.508,-0.338,1.763,107.9,1.8,Video
216.13,Participant_06,Adaptive_Dual,1.508,-0.338,1.763,107.9,1.8,Video
216.24,Participant_06,Adaptive_Dual,1.508,-0.338,1.763,107.9,1.8,Video
216.34,Participant_06,Adaptive_Dual,1.508,-0.338,1.763,107.9,1.8,Video
216.44,Participant_06,Adaptive_Dual,1.508,-0.338,1.763,107.9,1.8,Video
216.54,Participant_06,Adaptive_Dual,1.508,-0.338,1.763,107.9,1.8,Video
216.64,Participant_06,Adaptive_Dual,1.508,-0.338,1.763,107.9,1.8,Video
216.74,Participant_06,Adaptive_Dual,1.508,-0.338,1.763,107.9,1.8,Video
216.84,Participant_06,Adaptive_Dual,1.508,-0.338,1.763,107.9,1.8,Video
216.94,Participant_06,Adaptive_Dual,1.508,-0.338,1.763,107.9,1.8,Video
217.04,Participant_06,Adaptive_Dual,1.508,-0.338,1.763,107.9,1.8,Video
217.15,Participant_06,Adaptive_Dual,1.508,-0.338,1.763,107.9,1.8,Video
217.25,Participant_06,Adaptive_Dual,1.508,-0.338,1.763,107.9,1.8,Video
217.35,Participant_06,Adaptive_Dual,1.508,-0.338,1.763,107.9,1.8,Video
217.45,Participant_06,Adaptive_Dual,1.508,-0.338,1.763,107.9,1.8,Video
217.55,Participant_06,Adaptive_Dual,1.508,-0.338,1.763,107.9,1.8,Video
217.65,Participant_06,Adaptive_Dual,1.508,-0.338,1.763,107.9,1.8,Video
217.75,Participant_06,Adaptive_Dual,1.508,-0.338,1.763,107.9,1.8,Video
217.86,Participant_06,Adaptive_Dual,1.508,-0.338,1.763,107.9,1.8,Video
217.96,Participant_06,Adaptive_Dual,1.508,-0.338,1.763,107.9,1.8,Video
218.06,Participant_06,Adaptive_Dual,1.508,-0.338,1.763,107.9,1.8,Video
218.16,Participant_06,Adaptive_Dual,1.508,-0.338,1.763,107.9,1.8,Video
218.26,Participant_06,Adaptive_Dual,1.508,-0.338,1.763,107.9,1.8,Video
218.36,Participant_06,Adaptive_Dual,1.508,-0.338,1.763,107.9,1.8,Video
218.46,Participant_06,Adaptive_Dual,1.508,-0.338,1.763,107.9,1.8,Video
218.56,Participant_06,Adaptive_Dual,1.508,-0.338,1.763,107.9,1.8,Video
218.66,Participant_06,Adaptive_Dual,1.508,-0.338,1.763,107.9,1.8,Video
218.77,Participant_06,Adaptive_Dual,1.508,-0.338,1.763,107.9,1.8,Video
218.87,Participant_06,Adaptive_Dual,1.508,-0.338,1.763,107.9,1.8,Video
218.97,Participant_06,Adaptive_Dual,1.508,-0.338,1.763,107.9,1.8,Video
219.07,Participant_06,Adaptive_Dual,1.508,-0.338,1.763,107.9,1.8,Video
219.17,Participant_06,Adaptive_Dual,1.508,-0.338,1.763,107.9,1.8,Video
219.27,Participant_06,Adaptive_Dual,1.508,-0.338,1.763,107.9,1.8,Video
219.37,Participant_06,Adaptive_Dual,1.508,-0.338,1.763,107.9,1.8,Video
219.48,Participant_06,Adaptive_Dual,1.508,-0.338,1.763,107.9,1.8,Video
219.58,Participant_06,Adaptive_Dual,1.508,-0.338,1.763,107.9,1.8,Video
219.68,Participant_06,Adaptive_Dual,1.508,-0.338,1.763,107.9,1.8,Video
219.78,Participant_06,Adaptive_Dual,1.508,-0.338,1.763,107.9,1.8,Video
219.88,Participant_06,Adaptive_Dual,1.508,-0.338,1.763,107.9,1.8,Video
219.98,Participant_06,Adaptive_Dual,1.508,-0.338,1.763,107.9,1.8,Video
220.08,Participant_06,Adaptive_Dual,1.508,-0.338,1.763,107.9,1.8,Video
220.18,Participant_06,Adaptive_Dual,1.508,-0.338,1.763,107.9,1.8,Video
220.31,Participant_06,Adaptive_Dual,1.508,-0.338,1.763,107.9,1.8,Video
220.42,Participant_06,Adaptive_Dual,1.508,-0.338,1.763,107.9,1.8,Video
220.52,Participant_06,Adaptive_Dual,1.508,-0.338,1.763,107.9,1.8,Video
220.62,Participant_06,Adaptive_Dual,1.508,-0.338,1.763,107.9,1.8,Video
220.72,Participant_06,Adaptive_Dual,1.508,-0.338,1.763,107.9,1.8,Video
220.82,Participant_06,Adaptive_Dual,1.508,-0.338,1.763,107.9,1.8,Video
220.92,Participant_06,Adaptive_Dual,1.508,-0.338,1.763,107.9,1.8,Video
221.02,Participant_06,Adaptive_Dual,1.508,-0.338,1.763,107.9,1.8,Video
221.12,Participant_06,Adaptive_Dual,1.508,-0.338,1.763,107.9,1.8,Video
221.23,Participant_06,Adaptive_Dual,1.508,-0.338,1.763,107.9,1.8,Video
221.34,Participant_06,Adaptive_Dual,1.508,-0.338,1.763,107.9,1.8,Video
221.44,Participant_06,Adaptive_Dual,1.508,-0.338,1.763,107.9,1.8,Video
221.54,Participant_06,Adaptive_Dual,1.508,-0.338,1.763,107.9,1.8,Video
221.64,Participant_06,Adaptive_Dual,1.508,-0.338,1.763,107.9,1.8,Video
221.74,Participant_06,Adaptive_Dual,1.508,-0.338,1.763,107.9,1.8,Video
221.84,Participant_06,Adaptive_Dual,1.508,-0.338,1.763,107.9,1.8,Video
221.95,Participant_06,Adaptive_Dual,1.508,-0.338,1.763,107.9,1.8,Video
222.05,Participant_06,Adaptive_Dual,1.508,-0.338,1.763,107.9,1.8,Video
222.15,Participant_06,Adaptive_Dual,1.508,-0.338,1.763,107.9,1.8,Video
222.25,Participant_06,Adaptive_Dual,1.508,-0.338,1.763,107.9,1.8,Video
222.36,Participant_06,Adaptive_Dual,1.508,-0.338,1.763,107.9,1.8,Video
222.46,Participant_06,Adaptive_Dual,1.508,-0.338,1.763,107.9,1.8,Video
222.56,Participant_06,Adaptive_Dual,1.508,-0.338,1.763,107.9,1.8,Video
222.66,Participant_06,Adaptive_Dual,1.508,-0.338,1.763,107.9,1.8,Video
222.76,Participant_06,Adaptive_Dual,1.508,-0.338,1.763,107.9,1.8,Video
222.86,Participant_06,Adaptive_Dual,1.508,-0.338,1.763,107.9,1.8,Video
222.96,Participant_06,Adaptive_Dual,1.508,-0.338,1.763,107.9,1.8,Video
223.06,Participant_06,Adaptive_Dual,1.508,-0.338,1.763,107.9,1.8,Video
223.16,Participant_06,Adaptive_Dual,1.508,-0.338,1.763,107.9,1.8,Video
223.26,Participant_06,Adaptive_Dual,1.508,-0.338,1.763,107.9,1.8,Video
223.36,Participant_06,Adaptive_Dual,1.508,-0.338,1.763,107.9,1.8,Video
223.47,Participant_06,Adaptive_Dual,1.508,-0.338,1.763,107.9,1.8,Video
223.57,Participant_06,Adaptive_Dual,1.508,-0.338,1.763,107.9,1.8,Video
223.67,Participant_06,Adaptive_Dual,1.508,-0.338,1.763,107.9,1.8,Video
223.77,Participant_06,Adaptive_Dual,1.508,-0.338,1.763,107.9,1.8,Video
223.87,Participant_06,Adaptive_Dual,1.508,-0.338,1.763,107.9,1.8,Video
223.97,Participant_06,Adaptive_Dual,1.508,-0.338,1.763,107.9,1.8,Video
224.07,Participant_06,Adaptive_Dual,1.508,-0.338,1.763,107.9,1.8,Video
224.17,Participant_06,Adaptive_Dual,1.508,-0.338,1.763,107.9,1.8,Video
224.27,Participant_06,Adaptive_Dual,1.508,-0.338,1.763,107.9,1.8,Video
224.37,Participant_06,Adaptive_Dual,1.508,-0.338,1.763,107.9,1.8,Video
224.48,Participant_06,Adaptive_Dual,1.508,-0.338,1.763,107.9,1.8,Video
224.58,Participant_06,Adaptive_Dual,1.508,-0.338,1.763,107.9,1.8,Video
224.68,Participant_06,Adaptive_Dual,1.508,-0.338,1.763,107.9,1.8,Video
224.78,Participant_06,Adaptive_Dual,1.508,-0.338,1.763,107.9,1.8,Video
224.88,Participant_06,Adaptive_Dual,1.508,-0.338,1.763,107.9,1.8,Video
224.98,Participant_06,Adaptive_Dual,1.508,-0.338,1.763,107.9,1.8,Video
225.08,Participant_06,Adaptive_Dual,1.508,-0.338,1.763,107.9,1.8,Video
225.18,Participant_06,Adaptive_Dual,1.508,-0.338,1.763,107.9,1.8,Video
225.28,Participant_06,Adaptive_Dual,1.508,-0.338,1.763,107.9,1.8,Video
225.39,Participant_06,Adaptive_Dual,1.508,-0.338,1.763,107.9,1.8,Video
225.49,Participant_06,Adaptive_Dual,1.508,-0.338,1.763,107.9,1.8,Video
225.59,Participant_06,Adaptive_Dual,1.508,-0.338,1.763,107.9,1.8,Video
225.69,Participant_06,Adaptive_Dual,1.508,-0.338,1.763,107.9,1.8,Video
225.79,Participant_06,Adaptive_Dual,1.508,-0.338,1.763,107.9,1.8,Video
225.89,Participant_06,Adaptive_Dual,1.508,-0.338,1.763,107.9,1.8,Video
225.99,Participant_06,Adaptive_Dual,1.508,-0.338,1.763,107.9,1.8,Video
226.09,Participant_06,Adaptive_Dual,1.508,-0.338,1.763,107.9,1.8,Video
226.20,Participant_06,Adaptive_Dual,1.508,-0.338,1.763,107.9,1.8,Video
226.30,Participant_06,Adaptive_Dual,1.508,-0.338,1.763,107.9,1.8,Video
226.40,Participant_06,Adaptive_Dual,1.508,-0.338,1.763,107.9,1.8,Video
226.50,Participant_06,Adaptive_Dual,1.508,-0.338,1.763,107.9,1.8,Video
226.60,Participant_06,Adaptive_Dual,1.508,-0.338,1.763,107.9,1.8,Video
226.70,Participant_06,Adaptive_Dual,1.508,-0.338,1.763,107.9,1.8,Video
226.81,Participant_06,Adaptive_Dual,1.508,-0.338,1.763,107.9,1.8,Video
226.91,Participant_06,Adaptive_Dual,1.508,-0.338,1.763,107.9,1.8,Video
227.01,Participant_06,Adaptive_Dual,1.508,-0.338,1.763,107.9,1.8,Video
227.11,Participant_06,Adaptive_Dual,1.508,-0.338,1.763,107.9,1.8,Video
227.21,Participant_06,Adaptive_Dual,1.508,-0.338,1.763,107.9,1.8,Video
227.31,Participant_06,Adaptive_Dual,1.508,-0.338,1.763,107.9,1.8,Video
227.42,Participant_06,Adaptive_Dual,1.508,-0.338,1.763,107.9,1.8,Video
227.52,Participant_06,Adaptive_Dual,1.508,-0.338,1.763,107.9,1.8,Video
227.62,Participant_06,Adaptive_Dual,1.508,-0.338,1.763,107.9,1.8,Video
227.72,Participant_06,Adaptive_Dual,1.508,-0.338,1.763,107.9,1.8,Video
227.82,Participant_06,Adaptive_Dual,1.508,-0.338,1.763,107.9,1.8,Video
227.92,Participant_06,Adaptive_Dual,1.508,-0.338,1.763,107.9,1.8,Video
228.02,Participant_06,Adaptive_Dual,1.508,-0.338,1.763,107.9,1.8,Video
228.13,Participant_06,Adaptive_Dual,1.508,-0.338,1.763,107.9,1.8,Video
228.23,Participant_06,Adaptive_Dual,1.508,-0.338,1.763,107.9,1.8,Video
228.33,Participant_06,Adaptive_Dual,1.508,-0.338,1.763,107.9,1.8,Video
228.43,Participant_06,Adaptive_Dual,1.508,-0.338,1.763,107.9,1.8,Video
228.53,Participant_06,Adaptive_Dual,1.508,-0.338,1.763,107.9,1.8,Video
228.63,Participant_06,Adaptive_Dual,1.508,-0.338,1.763,107.9,1.8,Video
228.74,Participant_06,Adaptive_Dual,1.508,-0.338,1.763,107.9,1.8,Video
228.84,Participant_06,Adaptive_Dual,1.508,-0.338,1.763,107.9,1.8,Video
228.94,Participant_06,Adaptive_Dual,1.508,-0.338,1.763,107.9,1.8,Video
229.04,Participant_06,Adaptive_Dual,1.508,-0.338,1.763,107.9,1.8,Video
229.14,Participant_06,Adaptive_Dual,1.508,-0.338,1.763,107.9,1.8,Video
229.24,Participant_06,Adaptive_Dual,1.508,-0.338,1.763,107.9,1.8,Video
229.35,Participant_06,Adaptive_Dual,1.508,-0.338,1.763,107.9,1.8,Video
229.45,Participant_06,Adaptive_Dual,1.508,-0.338,1.763,107.9,1.8,Video
229.55,Participant_06,Adaptive_Dual,1.508,-0.338,1.763,107.9,1.8,Video
229.65,Participant_06,Adaptive_Dual,1.508,-0.338,1.763,107.9,1.8,Video
229.75,Participant_06,Adaptive_Dual,1.508,-0.338,1.763,107.9,1.8,Video
229.85,Participant_06,Adaptive_Dual,1.508,-0.338,1.763,107.9,1.8,Video
229.95,Participant_06,Adaptive_Dual,1.508,-0.338,1.763,107.9,1.8,Video
230.06,Participant_06,Adaptive_Dual,1.508,-0.338,1.763,107.9,1.8,Video
230.16,Participant_06,Adaptive_Dual,1.508,-0.338,1.763,107.9,1.8,Video
230.26,Participant_06,Adaptive_Dual,1.508,-0.338,1.763,107.9,1.8,Video
230.36,Participant_06,Adaptive_Dual,1.508,-0.338,1.763,107.9,1.8,Video
230.46,Participant_06,Adaptive_Dual,1.508,-0.338,1.763,107.9,1.8,Video
230.57,Participant_06,Adaptive_Dual,1.508,-0.338,1.763,107.9,1.8,Video
230.67,Participant_06,Adaptive_Dual,1.508,-0.338,1.763,107.9,1.8,Video
230.77,Participant_06,Adaptive_Dual,1.508,-0.338,1.763,107.9,1.8,Video
230.87,Participant_06,Adaptive_Dual,1.508,-0.338,1.763,107.9,1.8,Video
230.97,Participant_06,Adaptive_Dual,1.508,-0.338,1.763,107.9,1.8,Video
231.07,Participant_06,Adaptive_Dual,1.508,-0.338,1.763,107.9,1.8,Video
231.17,Participant_06,Adaptive_Dual,1.508,-0.338,1.763,107.9,1.8,Video
231.27,Participant_06,Adaptive_Dual,1.508,-0.338,1.763,107.9,1.8,Video
231.38,Participant_06,Adaptive_Dual,1.508,-0.338,1.763,107.9,1.8,Video
231.48,Participant_06,Adaptive_Dual,1.508,-0.338,1.763,107.9,1.8,Video
231.58,Participant_06,Adaptive_Dual,1.508,-0.338,1.763,107.9,1.8,Video
231.68,Participant_06,Adaptive_Dual,1.508,-0.338,1.763,107.9,1.8,Video
231.78,Participant_06,Adaptive_Dual,1.508,-0.338,1.763,107.9,1.8,Video
231.88,Participant_06,Adaptive_Dual,1.508,-0.338,1.763,107.9,1.8,Video
231.98,Participant_06,Adaptive_Dual,1.508,-0.338,1.763,107.9,1.8,Video
232.08,Participant_06,Adaptive_Dual,1.508,-0.338,1.763,107.9,1.8,Video
232.19,Participant_06,Adaptive_Dual,1.508,-0.338,1.763,107.9,1.8,Video
232.29,Participant_06,Adaptive_Dual,1.508,-0.338,1.763,107.9,1.8,Video
232.41,Participant_06,Adaptive_Dual,1.508,-0.338,1.763,107.9,1.8,Video
232.51,Participant_06,Adaptive_Dual,1.508,-0.338,1.763,107.9,1.8,Video
232.61,Participant_06,Adaptive_Dual,1.508,-0.338,1.763,107.9,1.8,Video
232.71,Participant_06,Adaptive_Dual,1.508,-0.338,1.763,107.9,1.8,Video
232.81,Participant_06,Adaptive_Dual,1.508,-0.338,1.763,107.9,1.8,Video
232.91,Participant_06,Adaptive_Dual,1.508,-0.338,1.763,107.9,1.8,Video
233.01,Participant_06,Adaptive_Dual,1.508,-0.338,1.763,107.9,1.8,Video
233.11,Participant_06,Adaptive_Dual,1.508,-0.338,1.763,107.9,1.8,Video
233.22,Participant_06,Adaptive_Dual,1.508,-0.338,1.763,107.9,1.8,Video
233.32,Participant_06,Adaptive_Dual,1.508,-0.338,1.763,107.9,1.8,Video
233.42,Participant_06,Adaptive_Dual,1.508,-0.338,1.763,107.9,1.8,Video
233.52,Participant_06,Adaptive_Dual,1.508,-0.338,1.763,107.9,1.8,Video
233.62,Participant_06,Adaptive_Dual,1.508,-0.338,1.763,107.9,1.8,Video
233.72,Participant_06,Adaptive_Dual,1.508,-0.338,1.763,107.9,1.8,Video
233.82,Participant_06,Adaptive_Dual,1.508,-0.338,1.763,107.9,1.8,Video
233.92,Participant_06,Adaptive_Dual,1.508,-0.338,1.763,107.9,1.8,Video
234.02,Participant_06,Adaptive_Dual,1.508,-0.338,1.763,107.9,1.8,Video
234.12,Participant_06,Adaptive_Dual,1.508,-0.338,1.763,107.9,1.8,Video
234.23,Participant_06,Adaptive_Dual,1.508,-0.338,1.763,107.9,1.8,Video
234.33,Participant_06,Adaptive_Dual,1.508,-0.338,1.763,107.9,1.8,Video
234.43,Participant_06,Adaptive_Dual,1.508,-0.338,1.763,107.9,1.8,Video
234.53,Participant_06,Adaptive_Dual,1.508,-0.338,1.763,107.9,1.8,Video
234.63,Participant_06,Adaptive_Dual,1.508,-0.338,1.763,107.9,1.8,Video
234.73,Participant_06,Adaptive_Dual,1.508,-0.338,1.763,107.9,1.8,Video
234.83,Participant_06,Adaptive_Dual,1.508,-0.338,1.763,107.9,1.8,Video
234.93,Participant_06,Adaptive_Dual,1.508,-0.338,1.763,107.9,1.8,Video
235.03,Participant_06,Adaptive_Dual,1.508,-0.338,1.763,107.9,1.8,Video
235.13,Participant_06,Adaptive_Dual,1.508,-0.338,1.763,107.9,1.8,Video
235.24,Participant_06,Adaptive_Dual,1.508,-0.338,1.763,107.9,1.8,Video
235.34,Participant_06,Adaptive_Dual,1.508,-0.338,1.763,107.9,1.8,Video
235.44,Participant_06,Adaptive_Dual,1.508,-0.338,1.763,107.9,1.8,Video
235.54,Participant_06,Adaptive_Dual,1.508,-0.338,1.763,107.9,1.8,Video
235.64,Participant_06,Adaptive_Dual,1.508,-0.338,1.763,107.9,1.8,Video
235.74,Participant_06,Adaptive_Dual,1.508,-0.338,1.763,107.9,1.8,Video
235.84,Participant_06,Adaptive_Dual,1.508,-0.338,1.763,107.9,1.8,Video
235.94,Participant_06,Adaptive_Dual,1.508,-0.338,1.763,107.9,1.8,Video
236.04,Participant_06,Adaptive_Dual,1.508,-0.338,1.763,107.9,1.8,Video
236.15,Participant_06,Adaptive_Dual,1.508,-0.338,1.763,107.9,1.8,Video
236.25,Participant_06,Adaptive_Dual,1.508,-0.338,1.763,107.9,1.8,Video
236.35,Participant_06,Adaptive_Dual,1.508,-0.338,1.763,107.9,1.8,Video
236.45,Participant_06,Adaptive_Dual,1.508,-0.338,1.763,107.9,1.8,Video
236.55,Participant_06,Adaptive_Dual,1.508,-0.338,1.763,107.9,1.8,Video
236.65,Participant_06,Adaptive_Dual,1.508,-0.338,1.763,107.9,1.8,Video
236.75,Participant_06,Adaptive_Dual,1.508,-0.338,1.763,107.9,1.8,Video
236.85,Participant_06,Adaptive_Dual,1.508,-0.338,1.763,107.9,1.8,Video
236.95,Participant_06,Adaptive_Dual,1.508,-0.338,1.763,107.9,1.8,Video
237.05,Participant_06,Adaptive_Dual,1.508,-0.338,1.763,107.9,1.8,Video
237.15,Participant_06,Adaptive_Dual,1.508,-0.338,1.763,107.9,1.8,Video
237.26,Participant_06,Adaptive_Dual,1.508,-0.338,1.763,107.9,1.8,Video
237.36,Participant_06,Adaptive_Dual,1.508,-0.338,1.763,107.9,1.8,Video
237.46,Participant_06,Adaptive_Dual,1.508,-0.338,1.763,107.9,1.8,Video
237.56,Participant_06,Adaptive_Dual,1.508,-0.338,1.763,107.9,1.8,Video
237.66,Participant_06,Adaptive_Dual,1.508,-0.338,1.763,107.9,1.8,Video
237.76,Participant_06,Adaptive_Dual,1.508,-0.338,1.763,107.9,1.8,Video
237.86,Participant_06,Adaptive_Dual,1.508,-0.338,1.763,107.9,1.8,Video
237.96,Participant_06,Adaptive_Dual,1.508,-0.338,1.763,107.9,1.8,Video
238.06,Participant_06,Adaptive_Dual,1.508,-0.338,1.763,107.9,1.8,Video
238.17,Participant_06,Adaptive_Dual,1.508,-0.338,1.763,107.9,1.8,Video
238.28,Participant_06,Adaptive_Dual,1.508,-0.338,1.763,107.9,1.8,Video
238.38,Participant_06,Adaptive_Dual,1.508,-0.338,1.763,107.9,1.8,Video
238.49,Participant_06,Adaptive_Dual,1.508,-0.338,1.763,107.9,1.8,Video
238.59,Participant_06,Adaptive_Dual,1.508,-0.338,1.763,107.9,1.8,Video
238.69,Participant_06,Adaptive_Dual,1.508,-0.338,1.763,107.9,1.8,Video
238.79,Participant_06,Adaptive_Dual,1.508,-0.338,1.763,107.9,1.8,Video
238.89,Participant_06,Adaptive_Dual,1.508,-0.338,1.763,107.9,1.8,Video
238.99,Participant_06,Adaptive_Dual,1.508,-0.338,1.763,107.9,1.8,Video
239.09,Participant_06,Adaptive_Dual,1.508,-0.338,1.763,107.9,1.8,Video
239.19,Participant_06,Adaptive_Dual,1.508,-0.338,1.763,107.9,1.8,Video
239.29,Participant_06,Adaptive_Dual,1.508,-0.338,1.763,107.9,1.8,Video
239.40,Participant_06,Adaptive_Dual,1.508,-0.338,1.763,107.9,1.8,Video
239.50,Participant_06,Adaptive_Dual,1.508,-0.338,1.763,107.9,1.8,Video
239.60,Participant_06,Adaptive_Dual,1.508,-0.338,1.763,107.9,1.8,Video
239.70,Participant_06,Adaptive_Dual,1.508,-0.338,1.763,107.9,1.8,Video
239.80,Participant_06,Adaptive_Dual,1.508,-0.338,1.763,107.9,1.8,Video
239.90,Participant_06,Adaptive_Dual,1.508,-0.338,1.763,107.9,1.8,Video
240.00,Participant_06,Adaptive_Dual,1.508,-0.338,1.763,107.9,1.8,Video
240.10,Participant_06,Adaptive_Dual,1.508,-0.338,1.763,107.9,1.8,Video
240.20,Participant_06,Adaptive_Dual,1.508,-0.338,1.763,107.9,1.8,Video
240.31,Participant_06,Adaptive_Dual,1.508,-0.338,1.763,107.9,1.8,Video
240.41,Participant_06,Adaptive_Dual,1.508,-0.338,1.763,107.9,1.8,Video
240.51,Participant_06,Adaptive_Dual,1.508,-0.338,1.763,107.9,1.8,Video
240.61,Participant_06,Adaptive_Dual,1.508,-0.338,1.763,107.9,1.8,Video
240.71,Participant_06,Adaptive_Dual,1.508,-0.338,1.763,107.9,1.8,Video
240.81,Participant_06,Adaptive_Dual,1.508,-0.338,1.763,107.9,1.8,Video
240.92,Participant_06,Adaptive_Dual,1.508,-0.338,1.763,107.9,1.8,Video
241.02,Participant_06,Adaptive_Dual,1.508,-0.338,1.763,107.9,1.8,Video
241.12,Participant_06,Adaptive_Dual,1.508,-0.338,1.763,107.9,1.8,Video
241.22,Participant_06,Adaptive_Dual,1.508,-0.338,1.763,107.9,1.8,Video
241.32,Participant_06,Adaptive_Dual,1.508,-0.338,1.763,107.9,1.8,Video
241.42,Participant_06,Adaptive_Dual,1.508,-0.338,1.763,107.9,1.8,Video
241.52,Participant_06,Adaptive_Dual,1.508,-0.338,1.763,107.9,1.8,Video
241.62,Participant_06,Adaptive_Dual,1.508,-0.338,1.763,107.9,1.8,Video
241.73,Participant_06,Adaptive_Dual,1.508,-0.338,1.763,107.9,1.8,Video
241.83,Participant_06,Adaptive_Dual,1.508,-0.338,1.763,107.9,1.8,Video
241.93,Participant_06,Adaptive_Dual,1.508,-0.338,1.763,107.9,1.8,Video
242.03,Participant_06,Adaptive_Dual,1.508,-0.338,1.763,107.9,1.8,Video
242.13,Participant_06,Adaptive_Dual,1.508,-0.338,1.763,107.9,1.8,Video
242.23,Participant_06,Adaptive_Dual,1.508,-0.338,1.763,107.9,1.8,Video
242.33,Participant_06,Adaptive_Dual,1.508,-0.338,1.763,107.9,1.8,Video
242.43,Participant_06,Adaptive_Dual,1.508,-0.338,1.763,107.9,1.8,Video
242.54,Participant_06,Adaptive_Dual,1.508,-0.338,1.763,107.9,1.8,Video
242.64,Participant_06,Adaptive_Dual,1.508,-0.338,1.763,107.9,1.8,Video
242.74,Participant_06,Adaptive_Dual,1.508,-0.338,1.763,107.9,1.8,Video
242.84,Participant_06,Adaptive_Dual,1.508,-0.338,1.763,107.9,1.8,Video
242.94,Participant_06,Adaptive_Dual,1.508,-0.338,1.763,107.9,1.8,Video
243.04,Participant_06,Adaptive_Dual,1.508,-0.338,1.763,107.9,1.8,Video
243.14,Participant_06,Adaptive_Dual,1.508,-0.338,1.763,107.9,1.8,Video
243.24,Participant_06,Adaptive_Dual,1.508,-0.338,1.763,107.9,1.8,Video
243.34,Participant_06,Adaptive_Dual,1.508,-0.338,1.763,107.9,1.8,Video
243.45,Participant_06,Adaptive_Dual,1.508,-0.338,1.763,107.9,1.8,Video
243.55,Participant_06,Adaptive_Dual,1.508,-0.338,1.763,107.9,1.8,Video
243.65,Participant_06,Adaptive_Dual,1.508,-0.338,1.763,107.9,1.8,Video
243.75,Participant_06,Adaptive_Dual,1.508,-0.338,1.763,107.9,1.8,Video
243.85,Participant_06,Adaptive_Dual,1.508,-0.338,1.763,107.9,1.8,Video
243.95,Participant_06,Adaptive_Dual,1.508,-0.338,1.763,107.9,1.8,Video
244.05,Participant_06,Adaptive_Dual,1.508,-0.338,1.763,107.9,1.8,Video
244.15,Participant_06,Adaptive_Dual,1.508,-0.338,1.763,107.9,1.8,Video
244.26,Participant_06,Adaptive_Dual,1.508,-0.338,1.763,107.9,1.8,Video
244.36,Participant_06,Adaptive_Dual,1.508,-0.338,1.763,107.9,1.8,Video
244.46,Participant_06,Adaptive_Dual,1.508,-0.338,1.763,107.9,1.8,Video
244.56,Participant_06,Adaptive_Dual,1.508,-0.338,1.763,107.9,1.8,Video
244.66,Participant_06,Adaptive_Dual,1.508,-0.338,1.763,107.9,1.8,Video
244.76,Participant_06,Adaptive_Dual,1.508,-0.338,1.763,107.9,1.8,Video
244.87,Participant_06,Adaptive_Dual,1.508,-0.338,1.763,107.9,1.8,Video
244.97,Participant_06,Adaptive_Dual,1.508,-0.338,1.763,107.9,1.8,Video
245.07,Participant_06,Adaptive_Dual,1.508,-0.338,1.763,107.9,1.8,Video
245.17,Participant_06,Adaptive_Dual,1.508,-0.338,1.763,107.9,1.8,Video
245.27,Participant_06,Adaptive_Dual,1.508,-0.338,1.763,107.9,1.8,Video
245.37,Participant_06,Adaptive_Dual,1.508,-0.338,1.763,107.9,1.8,Video
245.47,Participant_06,Adaptive_Dual,1.508,-0.338,1.763,107.9,1.8,Video
245.57,Participant_06,Adaptive_Dual,1.508,-0.338,1.763,107.9,1.8,Video
245.67,Participant_06,Adaptive_Dual,1.508,-0.338,1.763,107.9,1.8,Video
245.77,Participant_06,Adaptive_Dual,1.508,-0.338,1.763,107.9,1.8,Video
245.87,Participant_06,Adaptive_Dual,1.508,-0.338,1.763,107.9,1.8,Video
245.98,Participant_06,Adaptive_Dual,1.508,-0.338,1.763,107.9,1.8,Video
246.08,Participant_06,Adaptive_Dual,1.508,-0.338,1.763,107.9,1.8,Video
246.18,Participant_06,Adaptive_Dual,1.508,-0.338,1.763,107.9,1.8,Video
246.28,Participant_06,Adaptive_Dual,1.508,-0.338,1.763,107.9,1.8,Video
246.38,Participant_06,Adaptive_Dual,1.508,-0.338,1.763,107.9,1.8,Video
246.48,Participant_06,Adaptive_Dual,1.508,-0.338,1.763,107.9,1.8,Video
246.58,Participant_06,Adaptive_Dual,1.508,-0.338,1.763,107.9,1.8,Video
246.68,Participant_06,Adaptive_Dual,1.508,-0.338,1.763,107.9,1.8,Video
246.78,Participant_06,Adaptive_Dual,1.508,-0.338,1.763,107.9,1.8,Video
246.88,Participant_06,Adaptive_Dual,1.508,-0.338,1.763,107.9,1.8,Video
246.99,Participant_06,Adaptive_Dual,1.508,-0.338,1.763,107.9,1.8,Video
247.09,Participant_06,Adaptive_Dual,1.508,-0.338,1.763,107.9,1.8,Video
247.19,Participant_06,Adaptive_Dual,1.508,-0.338,1.763,107.9,1.8,Video
247.29,Participant_06,Adaptive_Dual,1.508,-0.338,1.763,107.9,1.8,Video
247.40,Participant_06,Adaptive_Dual,1.508,-0.338,1.763,107.9,1.8,Video
247.51,Participant_06,Adaptive_Dual,1.508,-0.338,1.763,107.9,1.8,Video
247.61,Participant_06,Adaptive_Dual,1.508,-0.338,1.763,107.9,1.8,Video
247.71,Participant_06,Adaptive_Dual,1.508,-0.338,1.763,107.9,1.8,Video
247.81,Participant_06,Adaptive_Dual,1.508,-0.338,1.763,107.9,1.8,Video
247.91,Participant_06,Adaptive_Dual,1.508,-0.338,1.763,107.9,1.8,Video
248.01,Participant_06,Adaptive_Dual,1.508,-0.338,1.763,107.9,1.8,Video
248.11,Participant_06,Adaptive_Dual,1.508,-0.338,1.763,107.9,1.8,Video
248.21,Participant_06,Adaptive_Dual,1.508,-0.338,1.763,107.9,1.8,Video
248.32,Participant_06,Adaptive_Dual,1.508,-0.338,1.763,107.9,1.8,Video
248.42,Participant_06,Adaptive_Dual,1.508,-0.338,1.763,107.9,1.8,Video
248.52,Participant_06,Adaptive_Dual,1.508,-0.338,1.763,107.9,1.8,Video
248.62,Participant_06,Adaptive_Dual,1.508,-0.338,1.763,107.9,1.8,Video
248.72,Participant_06,Adaptive_Dual,1.508,-0.338,1.763,107.9,1.8,Video
248.82,Participant_06,Adaptive_Dual,1.508,-0.338,1.763,107.9,1.8,Video
248.92,Participant_06,Adaptive_Dual,1.508,-0.338,1.763,107.9,1.8,Video
249.03,Participant_06,Adaptive_Dual,1.508,-0.338,1.763,107.9,1.8,Video
249.13,Participant_06,Adaptive_Dual,1.508,-0.338,1.763,107.9,1.8,Video
249.23,Participant_06,Adaptive_Dual,1.508,-0.338,1.763,107.9,1.8,Video
249.33,Participant_06,Adaptive_Dual,1.508,-0.338,1.763,107.9,1.8,Video
249.43,Participant_06,Adaptive_Dual,1.508,-0.338,1.763,107.9,1.8,Video
249.53,Participant_06,Adaptive_Dual,1.508,-0.338,1.763,107.9,1.8,Video
249.63,Participant_06,Adaptive_Dual,1.508,-0.338,1.763,107.9,1.8,Video
249.73,Participant_06,Adaptive_Dual,1.508,-0.338,1.763,107.9,1.8,Video
249.83,Participant_06,Adaptive_Dual,1.508,-0.338,1.763,107.9,1.8,Video
249.93,Participant_06,Adaptive_Dual,1.508,-0.338,1.763,107.9,1.8,Video
250.03,Participant_06,Adaptive_Dual,1.508,-0.338,1.763,107.9,1.8,Video
250.13,Participant_06,Adaptive_Dual,1.508,-0.338,1.763,107.9,1.8,Video
250.23,Participant_06,Adaptive_Dual,1.508,-0.338,1.763,107.9,1.8,Video
250.33,Participant_06,Adaptive_Dual,1.508,-0.338,1.763,107.9,1.8,Video
250.43,Participant_06,Adaptive_Dual,1.508,-0.338,1.763,107.9,1.8,Video
250.53,Participant_06,Adaptive_Dual,1.508,-0.338,1.763,107.9,1.8,Video
250.63,Participant_06,Adaptive_Dual,1.508,-0.338,1.763,107.9,1.8,Video
250.74,Participant_06,Adaptive_Dual,1.508,-0.338,1.763,107.9,1.8,Video
250.85,Participant_06,Adaptive_Dual,1.508,-0.338,1.763,107.9,1.8,Video
250.95,Participant_06,Adaptive_Dual,1.508,-0.338,1.763,107.9,1.8,Video
251.05,Participant_06,Adaptive_Dual,1.508,-0.338,1.763,107.9,1.8,Video
251.15,Participant_06,Adaptive_Dual,1.508,-0.338,1.763,107.9,1.8,Video
251.25,Participant_06,Adaptive_Dual,1.508,-0.338,1.763,107.9,1.8,Video
251.35,Participant_06,Adaptive_Dual,1.508,-0.338,1.763,107.9,1.8,Video
251.45,Participant_06,Adaptive_Dual,1.508,-0.338,1.763,107.9,1.8,Video
251.56,Participant_06,Adaptive_Dual,1.508,-0.338,1.763,107.9,1.8,Video
251.66,Participant_06,Adaptive_Dual,1.508,-0.338,1.763,107.9,1.8,Video
251.76,Participant_06,Adaptive_Dual,1.508,-0.338,1.763,107.9,1.8,Video
251.86,Participant_06,Adaptive_Dual,1.508,-0.338,1.763,107.9,1.8,Video
251.96,Participant_06,Adaptive_Dual,1.508,-0.338,1.763,107.9,1.8,Video
252.06,Participant_06,Adaptive_Dual,1.508,-0.338,1.763,107.9,1.8,Video
252.16,Participant_06,Adaptive_Dual,1.508,-0.338,1.763,107.9,1.8,Video
252.26,Participant_06,Adaptive_Dual,1.508,-0.338,1.763,107.9,1.8,Video
252.36,Participant_06,Adaptive_Dual,1.508,-0.338,1.763,107.9,1.8,Video
252.47,Participant_06,Adaptive_Dual,1.508,-0.338,1.763,107.9,1.8,Video
252.57,Participant_06,Adaptive_Dual,1.508,-0.338,1.763,107.9,1.8,Video
252.67,Participant_06,Adaptive_Dual,1.508,-0.338,1.763,107.9,1.8,Video
252.77,Participant_06,Adaptive_Dual,1.508,-0.338,1.763,107.9,1.8,Video
252.87,Participant_06,Adaptive_Dual,1.508,-0.338,1.763,107.9,1.8,Video
252.97,Participant_06,Adaptive_Dual,1.508,-0.338,1.763,107.9,1.8,Video
253.07,Participant_06,Adaptive_Dual,1.508,-0.338,1.763,107.9,1.8,Video
253.17,Participant_06,Adaptive_Dual,1.508,-0.338,1.763,107.9,1.8,Video
253.28,Participant_06,Adaptive_Dual,1.508,-0.338,1.763,107.9,1.8,Video
253.38,Participant_06,Adaptive_Dual,1.508,-0.338,1.763,107.9,1.8,Video
253.48,Participant_06,Adaptive_Dual,1.508,-0.338,1.763,107.9,1.8,Video
253.58,Participant_06,Adaptive_Dual,1.508,-0.338,1.763,107.9,1.8,Video
253.68,Participant_06,Adaptive_Dual,1.508,-0.338,1.763,107.9,1.8,Video
253.78,Participant_06,Adaptive_Dual,1.508,-0.338,1.763,107.9,1.8,Video
253.88,Participant_06,Adaptive_Dual,1.508,-0.338,1.763,107.9,1.8,Video
253.98,Participant_06,Adaptive_Dual,1.508,-0.338,1.763,107.9,1.8,Video
254.09,Participant_06,Adaptive_Dual,1.508,-0.338,1.763,107.9,1.8,Video
254.19,Participant_06,Adaptive_Dual,1.508,-0.338,1.763,107.9,1.8,Video
254.29,Participant_06,Adaptive_Dual,1.508,-0.338,1.763,107.9,1.8,Video
254.39,Participant_06,Adaptive_Dual,1.508,-0.338,1.763,107.9,1.8,Video
254.49,Participant_06,Adaptive_Dual,1.508,-0.338,1.763,107.9,1.8,Video
254.59,Participant_06,Adaptive_Dual,1.508,-0.338,1.763,107.9,1.8,Video
254.69,Participant_06,Adaptive_Dual,1.508,-0.338,1.763,107.9,1.8,Video
254.79,Participant_06,Adaptive_Dual,1.508,-0.338,1.763,107.9,1.8,Video
254.89,Participant_06,Adaptive_Dual,1.508,-0.338,1.763,107.9,1.8,Video
254.99,Participant_06,Adaptive_Dual,1.508,-0.338,1.763,107.9,1.8,Video
255.10,Participant_06,Adaptive_Dual,1.508,-0.338,1.763,107.9,1.8,Video
255.20,Participant_06,Adaptive_Dual,1.508,-0.338,1.763,107.9,1.8,Video
255.30,Participant_06,Adaptive_Dual,1.508,-0.338,1.763,107.9,1.8,Video
255.40,Participant_06,Adaptive_Dual,1.508,-0.338,1.763,107.9,1.8,Video
255.50,Participant_06,Adaptive_Dual,1.508,-0.338,1.763,107.9,1.8,Video
255.60,Participant_06,Adaptive_Dual,1.508,-0.338,1.763,107.9,1.8,Video
255.70,Participant_06,Adaptive_Dual,1.508,-0.338,1.763,107.9,1.8,Video
255.80,Participant_06,Adaptive_Dual,1.508,-0.338,1.763,107.9,1.8,Video
255.90,Participant_06,Adaptive_Dual,1.508,-0.338,1.763,107.9,1.8,Video
256.00,Participant_06,Adaptive_Dual,1.508,-0.338,1.763,107.9,1.8,Video
256.10,Participant_06,Adaptive_Dual,1.508,-0.338,1.763,107.9,1.8,Video
256.21,Participant_06,Adaptive_Dual,1.508,-0.338,1.763,107.9,1.8,Video
256.31,Participant_06,Adaptive_Dual,1.508,-0.338,1.763,107.9,1.8,Video
256.42,Participant_06,Adaptive_Dual,1.508,-0.338,1.763,107.9,1.8,Video
256.52,Participant_06,Adaptive_Dual,1.508,-0.338,1.763,107.9,1.8,Video
256.62,Participant_06,Adaptive_Dual,1.508,-0.338,1.763,107.9,1.8,Video
256.72,Participant_06,Adaptive_Dual,1.508,-0.338,1.763,107.9,1.8,Video
256.82,Participant_06,Adaptive_Dual,1.508,-0.338,1.763,107.9,1.8,Video
256.92,Participant_06,Adaptive_Dual,1.508,-0.338,1.763,107.9,1.8,Video
257.03,Participant_06,Adaptive_Dual,1.508,-0.338,1.763,107.9,1.8,Video
257.13,Participant_06,Adaptive_Dual,1.508,-0.338,1.763,107.9,1.8,Video
257.23,Participant_06,Adaptive_Dual,1.508,-0.338,1.763,107.9,1.8,Video
257.33,Participant_06,Adaptive_Dual,1.508,-0.338,1.763,107.9,1.8,Video
257.43,Participant_06,Adaptive_Dual,1.508,-0.338,1.763,107.9,1.8,Video
257.53,Participant_06,Adaptive_Dual,1.508,-0.338,1.763,107.9,1.8,Video
257.63,Participant_06,Adaptive_Dual,1.508,-0.338,1.763,107.9,1.8,Video
257.74,Participant_06,Adaptive_Dual,1.508,-0.338,1.763,107.9,1.8,Video
257.85,Participant_06,Adaptive_Dual,1.508,-0.338,1.763,107.9,1.8,Video
257.95,Participant_06,Adaptive_Dual,1.508,-0.338,1.763,107.9,1.8,Video
258.05,Participant_06,Adaptive_Dual,1.508,-0.338,1.763,107.9,1.8,Video
258.15,Participant_06,Adaptive_Dual,1.508,-0.338,1.763,107.9,1.8,Video
258.25,Participant_06,Adaptive_Dual,1.508,-0.338,1.763,107.9,1.8,Video
258.35,Participant_06,Adaptive_Dual,1.508,-0.338,1.763,107.9,1.8,Video
258.45,Participant_06,Adaptive_Dual,1.508,-0.338,1.763,107.9,1.8,Video
258.55,Participant_06,Adaptive_Dual,1.508,-0.338,1.763,107.9,1.8,Video
258.65,Participant_06,Adaptive_Dual,1.508,-0.338,1.763,107.9,1.8,Video
258.76,Participant_06,Adaptive_Dual,1.508,-0.338,1.763,107.9,1.8,Video
258.86,Participant_06,Adaptive_Dual,1.508,-0.338,1.763,107.9,1.8,Video
258.96,Participant_06,Adaptive_Dual,1.508,-0.338,1.763,107.9,1.8,Video
259.06,Participant_06,Adaptive_Dual,1.508,-0.338,1.763,107.9,1.8,Video
259.16,Participant_06,Adaptive_Dual,1.508,-0.338,1.763,107.9,1.8,Video
259.26,Participant_06,Adaptive_Dual,1.508,-0.338,1.763,107.9,1.8,Video
259.36,Participant_06,Adaptive_Dual,1.508,-0.338,1.763,107.9,1.8,Video
259.46,Participant_06,Adaptive_Dual,1.508,-0.338,1.763,107.9,1.8,Video
259.56,Participant_06,Adaptive_Dual,1.508,-0.338,1.763,107.9,1.8,Video
259.66,Participant_06,Adaptive_Dual,1.508,-0.338,1.763,107.9,1.8,Video
259.77,Participant_06,Adaptive_Dual,1.508,-0.338,1.763,107.9,1.8,Video
259.87,Participant_06,Adaptive_Dual,1.508,-0.338,1.763,107.9,1.8,Video
259.97,Participant_06,Adaptive_Dual,1.508,-0.338,1.763,107.9,1.8,Video
260.07,Participant_06,Adaptive_Dual,1.508,-0.338,1.763,107.9,1.8,Video
260.17,Participant_06,Adaptive_Dual,1.508,-0.338,1.763,107.9,1.8,Video
260.27,Participant_06,Adaptive_Dual,1.508,-0.338,1.763,107.9,1.8,Video
260.37,Participant_06,Adaptive_Dual,1.508,-0.338,1.763,107.9,1.8,Video
260.47,Participant_06,Adaptive_Dual,1.508,-0.338,1.763,107.9,1.8,Video
260.57,Participant_06,Adaptive_Dual,1.508,-0.338,1.763,107.9,1.8,Video
260.67,Participant_06,Adaptive_Dual,1.508,-0.338,1.763,107.9,1.8,Video
260.77,Participant_06,Adaptive_Dual,1.508,-0.338,1.763,107.9,1.8,Video
260.88,Participant_06,Adaptive_Dual,1.508,-0.338,1.763,107.9,1.8,Video
260.98,Participant_06,Adaptive_Dual,1.508,-0.338,1.763,107.9,1.8,Video
261.08,Participant_06,Adaptive_Dual,1.508,-0.338,1.763,107.9,1.8,Video
261.18,Participant_06,Adaptive_Dual,1.508,-0.338,1.763,107.9,1.8,Video
261.28,Participant_06,Adaptive_Dual,1.508,-0.338,1.763,107.9,1.8,Video
261.38,Participant_06,Adaptive_Dual,1.508,-0.338,1.763,107.9,1.8,Video
261.48,Participant_06,Adaptive_Dual,1.508,-0.338,1.763,107.9,1.8,Video
261.58,Participant_06,Adaptive_Dual,1.508,-0.338,1.763,107.9,1.8,Video
261.68,Participant_06,Adaptive_Dual,1.508,-0.338,1.763,107.9,1.8,Video
261.78,Participant_06,Adaptive_Dual,1.508,-0.338,1.763,107.9,1.8,Video
261.88,Participant_06,Adaptive_Dual,1.508,-0.338,1.763,107.9,1.8,Video
261.98,Participant_06,Adaptive_Dual,1.508,-0.338,1.763,107.9,1.8,Video
262.09,Participant_06,Adaptive_Dual,1.508,-0.338,1.763,107.9,1.8,Video
262.19,Participant_06,Adaptive_Dual,1.508,-0.338,1.763,107.9,1.8,Video
262.29,Participant_06,Adaptive_Dual,1.508,-0.338,1.763,107.9,1.8,Video
262.39,Participant_06,Adaptive_Dual,1.508,-0.338,1.763,107.9,1.8,Video
262.49,Participant_06,Adaptive_Dual,1.508,-0.338,1.763,107.9,1.8,Video
262.59,Participant_06,Adaptive_Dual,1.508,-0.338,1.763,107.9,1.8,Video
262.69,Participant_06,Adaptive_Dual,1.508,-0.338,1.763,107.9,1.8,Video
262.80,Participant_06,Adaptive_Dual,1.508,-0.338,1.763,107.9,1.8,Video
262.90,Participant_06,Adaptive_Dual,1.508,-0.338,1.763,107.9,1.8,Video
263.00,Participant_06,Adaptive_Dual,1.508,-0.338,1.763,107.9,1.8,Video
263.10,Participant_06,Adaptive_Dual,1.508,-0.338,1.763,107.9,1.8,Video
263.20,Participant_06,Adaptive_Dual,1.508,-0.338,1.763,107.9,1.8,Video
263.31,Participant_06,Adaptive_Dual,1.508,-0.338,1.763,107.9,1.8,Video
263.41,Participant_06,Adaptive_Dual,1.508,-0.338,1.763,107.9,1.8,Video
263.51,Participant_06,Adaptive_Dual,1.508,-0.338,1.763,107.9,1.8,Video
263.61,Participant_06,Adaptive_Dual,1.508,-0.338,1.763,107.9,1.8,Video
263.71,Participant_06,Adaptive_Dual,1.508,-0.338,1.763,107.9,1.8,Video
263.81,Participant_06,Adaptive_Dual,1.508,-0.338,1.763,107.9,1.8,Video
263.91,Participant_06,Adaptive_Dual,1.508,-0.338,1.763,107.9,1.8,Video
264.01,Participant_06,Adaptive_Dual,1.508,-0.338,1.763,107.9,1.8,Video
264.11,Participant_06,Adaptive_Dual,1.508,-0.338,1.763,107.9,1.8,Video
264.21,Participant_06,Adaptive_Dual,1.508,-0.338,1.763,107.9,1.8,Video
264.32,Participant_06,Adaptive_Dual,1.508,-0.338,1.763,107.9,1.8,Video
264.42,Participant_06,Adaptive_Dual,1.508,-0.338,1.763,107.9,1.8,Video
264.52,Participant_06,Adaptive_Dual,1.508,-0.338,1.763,107.9,1.8,Video
264.62,Participant_06,Adaptive_Dual,1.508,-0.338,1.763,107.9,1.8,Video
264.72,Participant_06,Adaptive_Dual,1.508,-0.338,1.763,107.9,1.8,Video
264.82,Participant_06,Adaptive_Dual,1.508,-0.338,1.763,107.9,1.8,Video
264.92,Participant_06,Adaptive_Dual,1.508,-0.338,1.763,107.9,1.8,Video
265.02,Participant_06,Adaptive_Dual,1.508,-0.338,1.763,107.9,1.8,Video
265.13,Participant_06,Adaptive_Dual,1.508,-0.338,1.763,107.9,1.8,Video
265.23,Participant_06,Adaptive_Dual,1.508,-0.338,1.763,107.9,1.8,Video
265.33,Participant_06,Adaptive_Dual,1.508,-0.338,1.763,107.9,1.8,Video
265.43,Participant_06,Adaptive_Dual,1.508,-0.338,1.763,107.9,1.8,Video
265.53,Participant_06,Adaptive_Dual,1.508,-0.338,1.763,107.9,1.8,Video
265.63,Participant_06,Adaptive_Dual,1.508,-0.338,1.763,107.9,1.8,Video
265.73,Participant_06,Adaptive_Dual,1.508,-0.338,1.763,107.9,1.8,Video
265.84,Participant_06,Adaptive_Dual,1.508,-0.338,1.763,107.9,1.8,Video
265.94,Participant_06,Adaptive_Dual,1.508,-0.338,1.763,107.9,1.8,Video
266.04,Participant_06,Adaptive_Dual,1.508,-0.338,1.763,107.9,1.8,Video
266.14,Participant_06,Adaptive_Dual,1.508,-0.338,1.763,107.9,1.8,Video
266.24,Participant_06,Adaptive_Dual,1.508,-0.338,1.763,107.9,1.8,Video
266.34,Participant_06,Adaptive_Dual,1.508,-0.338,1.763,107.9,1.8,Video
266.44,Participant_06,Adaptive_Dual,1.508,-0.338,1.763,107.9,1.8,Video
266.54,Participant_06,Adaptive_Dual,1.508,-0.338,1.763,107.9,1.8,Video
266.64,Participant_06,Adaptive_Dual,1.508,-0.338,1.763,107.9,1.8,Video
266.75,Participant_06,Adaptive_Dual,1.508,-0.338,1.763,107.9,1.8,Video
266.85,Participant_06,Adaptive_Dual,1.508,-0.338,1.763,107.9,1.8,Video
266.95,Participant_06,Adaptive_Dual,1.508,-0.338,1.763,107.9,1.8,Video
267.05,Participant_06,Adaptive_Dual,1.508,-0.338,1.763,107.9,1.8,Video
267.15,Participant_06,Adaptive_Dual,1.508,-0.338,1.763,107.9,1.8,Video
267.25,Participant_06,Adaptive_Dual,1.508,-0.338,1.763,107.9,1.8,Video
267.36,Participant_06,Adaptive_Dual,1.508,-0.338,1.763,107.9,1.8,Video
267.46,Participant_06,Adaptive_Dual,1.508,-0.338,1.763,107.9,1.8,Video
267.56,Participant_06,Adaptive_Dual,1.508,-0.338,1.763,107.9,1.8,Video
267.66,Participant_06,Adaptive_Dual,1.508,-0.338,1.763,107.9,1.8,Video
267.76,Participant_06,Adaptive_Dual,1.508,-0.338,1.763,107.9,1.8,Video
267.86,Participant_06,Adaptive_Dual,1.508,-0.338,1.763,107.9,1.8,Video
267.97,Participant_06,Adaptive_Dual,1.508,-0.338,1.763,107.9,1.8,Video
268.07,Participant_06,Adaptive_Dual,1.508,-0.338,1.763,107.9,1.8,Video
268.17,Participant_06,Adaptive_Dual,1.508,-0.338,1.763,107.9,1.8,Video
268.27,Participant_06,Adaptive_Dual,1.508,-0.338,1.763,107.9,1.8,Video
268.37,Participant_06,Adaptive_Dual,1.508,-0.338,1.763,107.9,1.8,Video
268.48,Participant_06,Adaptive_Dual,1.508,-0.338,1.763,107.9,1.8,Video
268.58,Participant_06,Adaptive_Dual,1.508,-0.338,1.763,107.9,1.8,Video
268.68,Participant_06,Adaptive_Dual,1.508,-0.338,1.763,107.9,1.8,Video
268.78,Participant_06,Adaptive_Dual,1.508,-0.338,1.763,107.9,1.8,Video
268.88,Participant_06,Adaptive_Dual,1.508,-0.338,1.763,107.9,1.8,Video
268.98,Participant_06,Adaptive_Dual,1.508,-0.338,1.763,107.9,1.8,Video
269.08,Participant_06,Adaptive_Dual,1.508,-0.338,1.763,107.9,1.8,Video
269.19,Participant_06,Adaptive_Dual,1.508,-0.338,1.763,107.9,1.8,Video
269.29,Participant_06,Adaptive_Dual,1.508,-0.338,1.763,107.9,1.8,Video
269.40,Participant_06,Adaptive_Dual,1.508,-0.338,1.763,107.9,1.8,Video
269.50,Participant_06,Adaptive_Dual,1.508,-0.338,1.763,107.9,1.8,Video
269.60,Participant_06,Adaptive_Dual,1.508,-0.338,1.763,107.9,1.8,Video
269.70,Participant_06,Adaptive_Dual,1.508,-0.338,1.763,107.9,1.8,Video
269.80,Participant_06,Adaptive_Dual,1.508,-0.338,1.763,107.9,1.8,Video
269.90,Participant_06,Adaptive_Dual,1.508,-0.338,1.763,107.9,1.8,Video
270.00,Participant_06,Adaptive_Dual,1.508,-0.338,1.763,107.9,1.8,Video
270.11,Participant_06,Adaptive_Dual,1.508,-0.338,1.763,107.9,1.8,Video
270.21,Participant_06,Adaptive_Dual,1.508,-0.338,1.763,107.9,1.8,Video
270.31,Participant_06,Adaptive_Dual,1.508,-0.338,1.763,107.9,1.8,Video
270.42,Participant_06,Adaptive_Dual,1.508,-0.338,1.763,107.9,1.8,Video
270.52,Participant_06,Adaptive_Dual,1.508,-0.338,1.763,107.9,1.8,Video
270.63,Participant_06,Adaptive_Dual,1.508,-0.338,1.763,107.9,1.8,Video
270.73,Participant_06,Adaptive_Dual,1.508,-0.338,1.763,107.9,1.8,Video
270.83,Participant_06,Adaptive_Dual,1.508,-0.338,1.763,107.9,1.8,Video
270.93,Participant_06,Adaptive_Dual,1.508,-0.338,1.763,107.9,1.8,Video
271.03,Participant_06,Adaptive_Dual,1.508,-0.338,1.763,107.9,1.8,Video
271.13,Participant_06,Adaptive_Dual,1.508,-0.338,1.763,107.9,1.8,Video
271.24,Participant_06,Adaptive_Dual,1.508,-0.338,1.763,107.9,1.8,Video
271.34,Participant_06,Adaptive_Dual,1.508,-0.338,1.763,107.9,1.8,Video
271.44,Participant_06,Adaptive_Dual,1.508,-0.338,1.763,107.9,1.8,Video
271.54,Participant_06,Adaptive_Dual,1.508,-0.338,1.763,107.9,1.8,Video
271.64,Participant_06,Adaptive_Dual,1.508,-0.338,1.763,107.9,1.8,Video
271.74,Participant_06,Adaptive_Dual,1.508,-0.338,1.763,107.9,1.8,Video
271.84,Participant_06,Adaptive_Dual,1.508,-0.338,1.763,107.9,1.8,Video
271.94,Participant_06,Adaptive_Dual,1.508,-0.338,1.763,107.9,1.8,Video
272.05,Participant_06,Adaptive_Dual,1.508,-0.338,1.763,107.9,1.8,Video
272.15,Participant_06,Adaptive_Dual,1.508,-0.338,1.763,107.9,1.8,Video
272.26,Participant_06,Adaptive_Dual,1.508,-0.338,1.763,107.9,1.8,Video
272.36,Participant_06,Adaptive_Dual,1.508,-0.338,1.763,107.9,1.8,Video
272.46,Participant_06,Adaptive_Dual,1.508,-0.338,1.763,107.9,1.8,Video
272.56,Participant_06,Adaptive_Dual,1.508,-0.338,1.763,107.9,1.8,Video
272.66,Participant_06,Adaptive_Dual,1.508,-0.338,1.763,107.9,1.8,Video
272.76,Participant_06,Adaptive_Dual,1.508,-0.338,1.763,107.9,1.8,Video
272.86,Participant_06,Adaptive_Dual,1.508,-0.338,1.763,107.9,1.8,Video
272.97,Participant_06,Adaptive_Dual,1.508,-0.338,1.763,107.9,1.8,Video
273.07,Participant_06,Adaptive_Dual,1.508,-0.338,1.763,107.9,1.8,Video
273.17,Participant_06,Adaptive_Dual,1.508,-0.338,1.763,107.9,1.8,Video
273.27,Participant_06,Adaptive_Dual,1.508,-0.338,1.763,107.9,1.8,Video
273.37,Participant_06,Adaptive_Dual,1.508,-0.338,1.763,107.9,1.8,Video
273.47,Participant_06,Adaptive_Dual,1.508,-0.338,1.763,107.9,1.8,Video
273.57,Participant_06,Adaptive_Dual,1.508,-0.338,1.763,107.9,1.8,Video
273.68,Participant_06,Adaptive_Dual,1.508,-0.338,1.763,107.9,1.8,Video
273.78,Participant_06,Adaptive_Dual,1.508,-0.338,1.763,107.9,1.8,Video
273.88,Participant_06,Adaptive_Dual,1.508,-0.338,1.763,107.9,1.8,Video
273.98,Participant_06,Adaptive_Dual,1.508,-0.338,1.763,107.9,1.8,Video
274.08,Participant_06,Adaptive_Dual,1.508,-0.338,1.763,107.9,1.8,Video
274.18,Participant_06,Adaptive_Dual,1.508,-0.338,1.763,107.9,1.8,Video
274.28,Participant_06,Adaptive_Dual,1.508,-0.338,1.763,107.9,1.8,Video
274.42,Participant_06,Adaptive_Dual,1.000,0.000,1.000,0.0,0.0,None
