Time,ParticipantID,Scenario,Sequence,HeadX,HeadY,HeadZ,HeadYaw,HeadPitch,VideoX,VideoY,VideoZ,InstX,InstY,InstZ,GazeTarget,HitObjectName,AngleToVideo,AngleToInst,VideoDist,InstDist,VideoOcc,InstOcc,VideoOccHitName,InstOccHitName,VideoInCone,InstInCone,VideoVisible,InstVisible,VideoSpeed,InstSpeed,PanelSeparation,ScreenOverlapPct,BothVisible
0.00,Saifuddin,AUIT_Multi,ACB,1.000,0.000,0.000,0.0,0.0,-2.197,1.378,13.812,-26.067,0.000,792.755,World,Wall4m,14.1,2.0,14.244,793.217,1,1,CabinetD01,Wall4m,1,1,0,0,0.0000,0.0000,779.309,0.000,0
0.15,Saifuddin,AUIT_Multi,ACB,1.000,0.000,0.000,0.0,0.0,-1.484,1.055,10.442,-18.765,0.000,583.102,World,Wall4m,14.5,1.9,10.786,583.437,1,1,CabinetD01,CabinetDCorner01,1,1,0,0,23.3941,1418.6400,572.922,0.022,0
0.21,Saifuddin,AUIT_Multi,ACB,1.000,0.000,0.000,0.0,0.0,0.381,0.063,1.617,-4.150,0.000,154.925,World,Wall4m,21.0,1.9,1.733,155.011,1,1,CabinetD02,Wall4m,1,1,0,0,144.0437,6800.3290,153.375,0.000,0
0.31,Saifuddin,AUIT_Multi,ACB,1.000,0.000,0.000,0.0,0.0,0.487,0.008,1.155,1.483,0.120,1.098,World,Wall4m,24.0,24.4,1.264,1.206,0,0,None,None,1,1,1,1,4.9202,1586.3960,1.005,0.000,1
0.40,Saifuddin,AUIT_Multi,ACB,1.000,0.000,0.000,0.0,0.0,0.508,0.001,1.102,1.487,0.120,1.097,World,Wall4m,24.0,24.6,1.207,1.206,0,0,None,None,1,1,1,1,0.5860,0.0412,0.986,0.000,1
0.50,Saifuddin,AUIT_Multi,ACB,1.000,0.000,0.000,0.0,0.0,0.511,0.000,1.097,1.489,0.120,1.096,World,Wall4m,24.0,24.7,1.201,1.206,0,0,None,None,1,1,1,1,0.0664,0.0163,0.985,0.000,1
0.61,Saifuddin,AUIT_Multi,ACB,1.000,0.000,0.000,0.0,0.0,0.516,0.002,1.092,1.462,0.114,1.062,World,Wall4m,23.9,24.1,1.194,1.163,0,0,None,None,1,1,1,1,0.0696,0.3949,0.953,0.000,1
0.71,Saifuddin,AUIT_Multi,ACB,1.000,0.000,0.000,0.0,0.0,0.552,0.013,1.065,1.292,0.074,0.845,World,Wall4m,22.8,19.6,1.155,0.897,0,0,None,None,1,1,1,1,0.4851,2.9214,0.774,0.000,1
0.81,Saifuddin,AUIT_Multi,ACB,1.000,0.000,0.000,0.0,0.0,0.589,0.024,1.038,1.121,0.034,0.628,World,Wall4m,21.7,11.3,1.116,0.641,0,0,None,None,1,1,1,0,0.4686,2.8171,0.672,0.000,0
0.91,Saifuddin,AUIT_Multi,ACB,-0.941,1.684,0.394,22.4,7.2,0.624,0.033,1.017,1.286,0.082,0.904,World,CabinetD07,54.5,57.2,2.358,2.790,1,1,Refrigerator03_Door01,Refrigerator03_Door01,0,0,0,0,0.4101,3.1703,0.673,0.000,0
1.01,Saifuddin,AUIT_Multi,ACB,-0.938,1.684,0.395,22.3,7.3,0.394,0.326,1.063,0.365,1.210,1.152,World,CabinetD07,50.3,38.0,2.016,1.580,1,1,Refrigerator03_Door01,Refrigerator03_Door01,0,0,0,0,3.9047,15.3549,0.888,0.000,0
1.11,Saifuddin,AUIT_Multi,ACB,-0.936,1.685,0.395,23.1,7.2,0.434,0.333,1.033,-0.246,1.715,0.968,World,CabinetD07,50.7,28.7,2.028,0.897,1,0,Refrigerator03_Door01,None,0,0,0,0,0.5036,8.1559,1.542,0.000,0
1.20,Saifuddin,AUIT_Multi,ACB,-0.934,1.685,0.397,23.7,7.2,0.579,0.336,0.958,-0.460,1.685,1.036,World,CabinetD07,52.5,14.7,2.102,0.795,1,0,Refrigerator03_Door01,None,0,1,0,0,1.6678,2.3238,1.704,0.000,0
1.30,Saifuddin,AUIT_Multi,ACB,-0.931,1.683,0.398,24.1,7.6,0.661,0.344,0.908,-0.669,1.681,1.036,World,CabinetD07,53.2,7.6,2.143,0.690,0,0,None,None,0,1,0,0,0.9997,2.1680,1.891,0.000,0
1.41,Saifuddin,AUIT_Multi,ACB,-0.929,1.683,0.398,24.5,7.9,0.696,0.363,0.877,-0.889,1.684,1.414,World,CabinetD07,53.3,23.6,2.147,1.017,0,0,None,None,0,1,0,1,0.4565,3.9276,2.132,0.000,0
1.51,Saifuddin,AUIT_Multi,ACB,-0.926,1.683,0.397,25.2,8.0,0.726,0.380,0.849,-0.929,1.683,1.572,World,CabinetD07,53.4,26.5,2.152,1.175,0,0,None,None,0,0,0,0,0.4596,1.6727,2.227,0.000,0
1.61,Saifuddin,AUIT_Multi,ACB,-0.922,1.684,0.395,27.2,7.9,0.636,0.602,0.874,-0.913,1.683,1.594,World,CabinetD07,49.3,27.8,1.956,1.199,0,0,None,None,0,0,0,0,2.4513,0.2738,2.021,0.000,0
1.70,Saifuddin,AUIT_Multi,ACB,-0.915,1.684,0.390,30.7,7.7,0.532,0.689,0.851,-0.843,1.684,1.361,World,Wall4m,46.1,27.5,1.816,0.974,0,0,None,None,0,0,0,0,1.4179,2.5128,1.773,0.000,0
1.80,Saifuddin,AUIT_Multi,ACB,-0.907,1.684,0.384,35.2,7.6,0.424,0.789,0.827,-0.769,1.685,1.130,World,Refrigerator03_Door01,42.0,25.7,1.664,0.759,0,0,None,None,0,0,0,0,1.5281,2.4763,1.522,0.000,0
1.91,Saifuddin,AUIT_Multi,ACB,-0.899,1.684,0.377,39.2,7.8,0.291,0.923,0.805,-0.676,1.685,1.322,World,Refrigerator03_Door01,37.2,27.0,1.476,0.970,0,0,None,None,0,0,0,0,1.7207,1.9299,1.335,0.000,0
2.01,Saifuddin,AUIT_Multi,ACB,-0.894,1.683,0.373,41.4,8.2,0.175,1.029,0.787,-0.604,1.684,1.504,World,Refrigerator03_Door01,33.5,28.1,1.320,1.167,0,0,None,None,0,0,0,0,1.6213,2.0138,1.245,0.000,0
2.11,Saifuddin,AUIT_Multi,ACB,-0.888,1.682,0.370,43.1,8.6,0.056,1.131,0.772,-0.553,1.683,1.519,World,Refrigerator03_Door01,29.8,28.1,1.165,1.197,0,0,None,None,0,0,0,0,1.6259,0.5449,1.111,0.000,0
2.20,Saifuddin,AUIT_Multi,ACB,-0.882,1.681,0.366,44.8,8.9,-0.061,1.246,0.758,-0.512,1.682,1.508,World,Refrigerator03_Door01,25.0,28.2,1.009,1.201,0,0,None,None,1,0,1,0,1.6793,0.4331,0.978,0.000,0
2.30,Saifuddin,AUIT_Multi,ACB,-0.874,1.681,0.358,47.0,9.3,-0.181,1.354,0.742,-0.499,1.682,1.416,World,Refrigerator03_Door01,18.8,28.9,0.857,1.123,0,0,None,None,1,0,1,0,1.6803,0.9667,0.814,0.000,0
2.41,Saifuddin,AUIT_Multi,ACB,-0.860,1.680,0.344,51.1,9.4,-0.311,1.481,0.719,-0.562,1.681,1.092,World,Refrigerator03_Door01,8.5,30.8,0.694,0.806,0,0,None,None,1,0,0,0,1.6474,2.9657,0.492,0.000,0
2.51,Saifuddin,AUIT_Multi,ACB,-0.850,1.679,0.331,55.5,9.6,-0.428,1.590,0.694,-0.591,1.777,0.883,World,Quad,6.1,35.5,0.564,0.618,0,0,None,None,1,0,0,0,1.6662,2.3886,0.312,0.000,0
2.61,Saifuddin,AUIT_Multi,ACB,-0.843,1.679,0.322,58.4,9.9,-0.547,1.699,0.672,-0.603,1.894,0.749,World,Wall4m,21.9,44.0,0.460,0.535,0,0,None,None,1,0,0,0,1.6719,1.8326,0.217,0.000,0
2.70,Saifuddin,AUIT_Multi,ACB,-0.840,1.679,0.317,58.9,9.7,0.182,1.685,0.503,-0.539,1.849,0.704,World,Wall4m,22.9,35.5,1.039,0.519,0,0,None,None,1,0,1,0,7.6356,0.9210,0.766,0.000,0
2.80,Saifuddin,AUIT_Multi,ACB,-0.839,1.681,0.315,58.6,9.2,0.322,1.680,0.512,-0.456,1.777,0.673,World,Wall4m,23.5,22.8,1.178,0.534,0,0,None,None,1,1,1,0,1.4376,1.1672,0.800,0.000,0
2.91,Saifuddin,AUIT_Multi,ACB,-0.839,1.682,0.313,58.9,8.4,0.342,1.681,0.515,-0.480,1.818,0.657,World,Wall4m,22.9,26.9,1.198,0.516,0,0,None,None,1,0,1,0,0.1821,0.4513,0.845,0.000,0
3.01,Saifuddin,AUIT_Multi,ACB,-0.840,1.683,0.312,59.7,8.0,0.343,1.682,0.516,-0.549,1.906,0.664,World,Wall4m,21.9,39.3,1.200,0.508,0,0,None,None,1,0,1,0,0.0197,1.1554,0.932,0.000,0
3.11,Saifuddin,AUIT_Multi,ACB,-0.841,1.684,0.311,60.3,7.6,0.344,1.683,0.507,-0.552,1.921,0.666,World,Wall4m,21.6,40.6,1.201,0.515,0,0,None,None,1,0,1,0,0.0911,0.1576,0.940,0.000,0
3.20,Saifuddin,AUIT_Multi,ACB,-0.841,1.685,0.310,60.6,7.3,0.346,1.684,0.489,-0.552,1.924,0.666,World,Wall4m,22.0,40.5,1.201,0.517,0,0,None,None,1,0,1,0,0.1896,0.0252,0.946,0.000,0
3.32,Saifuddin,AUIT_Multi,ACB,-0.842,1.685,0.309,60.7,7.1,0.347,1.684,0.479,-0.552,1.924,0.666,World,Wall4m,22.2,40.5,1.201,0.518,0,0,None,None,1,0,1,0,0.0882,0.0063,0.949,0.000,0
3.40,Saifuddin,AUIT_Multi,ACB,-0.842,1.685,0.307,61.0,6.9,0.348,1.685,0.468,-0.552,1.925,0.665,World,Wall4m,22.3,40.5,1.200,0.519,0,0,None,None,1,0,1,0,0.1263,0.0060,0.952,0.000,0
3.51,Saifuddin,AUIT_Multi,ACB,-0.840,1.686,0.301,62.7,6.0,0.352,1.685,0.423,-0.553,1.925,0.665,World,CabinetDCorner02,22.2,40.8,1.199,0.522,0,0,None,None,1,0,1,0,0.4155,0.0092,0.967,0.000,0
3.61,Saifuddin,AUIT_Multi,ACB,-0.838,1.687,0.294,65.1,5.7,0.358,1.686,0.354,-0.549,1.926,0.664,World,CabinetDCorner02,22.7,41.9,1.198,0.527,0,0,None,None,1,0,1,0,0.7197,0.0430,0.988,0.000,0
3.71,Saifuddin,AUIT_Multi,ACB,-0.834,1.687,0.285,69.8,5.8,0.362,1.687,0.273,-0.511,1.927,0.666,World,Wall4m,21.5,42.5,1.196,0.554,0,0,None,None,1,0,1,0,0.8306,0.3880,0.987,0.000,0
3.80,Saifuddin,AUIT_Multi,ACB,-0.830,1.689,0.274,75.4,5.4,0.359,1.687,0.168,-0.416,1.861,0.688,World,Wall4m,20.4,37.1,1.194,0.610,0,0,None,None,1,0,1,0,1.0845,1.2118,0.949,0.000,0
3.91,Saifuddin,AUIT_Multi,ACB,-0.824,1.690,0.260,82.1,4.5,0.344,1.689,0.026,0.029,1.715,0.932,World,Wall4m,19.7,30.8,1.191,1.086,0,0,None,None,1,0,1,0,1.2860,4.7583,0.959,0.000,0
4.00,Saifuddin,AUIT_Multi,ACB,-0.819,1.691,0.251,87.4,4.7,0.320,1.690,-0.094,0.169,1.694,0.896,World,Wall4m,20.0,30.9,1.190,1.180,0,0,None,None,1,0,1,0,1.3716,1.6370,1.001,0.000,0
4.11,Saifuddin,AUIT_Multi,ACB,-0.812,1.688,0.239,93.9,5.3,0.280,1.690,-0.232,0.255,1.690,0.779,World,Wall4m,20.1,31.2,1.189,1.196,0,0,None,None,1,0,1,0,1.3533,1.3644,1.011,0.000,0
4.21,Saifuddin,AUIT_Multi,ACB,-0.808,1.686,0.228,98.8,6.2,0.229,1.687,-0.357,0.152,1.689,0.592,World,Wall4m,21.6,30.1,1.190,1.026,0,0,None,None,1,0,1,0,1.4052,2.2191,0.952,0.000,0
4.30,Saifuddin,AUIT_Multi,ACB,-0.804,1.688,0.218,100.6,5.6,0.191,1.687,-0.437,-0.027,1.689,0.399,World,Wall4m,23.4,24.4,1.191,0.798,0,0,None,None,1,1,1,0,0.8987,2.6785,0.864,0.000,0
4.41,Saifuddin,AUIT_Multi,ACB,-0.798,1.690,0.212,95.2,5.0,0.197,1.688,-0.446,-0.122,1.689,0.272,World,Wall4m,28.7,11.4,1.193,0.679,0,0,None,None,0,1,0,0,0.1018,1.4344,0.786,0.000,0
4.51,Saifuddin,AUIT_Multi,ACB,-0.792,1.693,0.209,85.6,4.1,0.257,1.690,-0.355,0.232,1.691,0.604,World,Wall4m,32.9,17.1,1.191,1.097,0,0,None,None,0,1,0,1,1.1370,5.0414,0.959,0.000,0
4.61,Saifuddin,AUIT_Multi,ACB,-0.783,1.694,0.197,79.4,4.6,0.333,1.693,-0.203,0.235,1.693,0.797,World,Wall4m,30.6,20.4,1.185,1.181,0,0,None,None,0,1,0,1,1.7402,1.9845,1.005,0.000,0
4.70,Saifuddin,AUIT_Multi,ACB,-0.770,1.695,0.174,78.8,6.7,0.376,1.694,-0.120,0.202,1.694,0.877,World,Wall4m,26.4,25.6,1.183,1.200,0,0,None,None,0,0,0,0,0.9594,0.8904,1.013,0.000,0
4.80,Saifuddin,AUIT_Multi,ACB,-0.758,1.691,0.145,79.8,9.0,0.394,1.694,-0.125,0.204,1.694,0.871,World,Wall4m,24.9,28.3,1.183,1.205,0,0,None,None,1,0,1,0,0.1930,0.0635,1.014,0.000,0
4.91,Saifuddin,AUIT_Multi,ACB,-0.747,1.683,0.110,83.8,13.2,0.399,1.689,-0.190,0.237,1.689,0.811,World,Wall4m,24.6,32.1,1.184,1.209,0,0,None,None,1,0,1,0,0.5916,0.6212,1.014,0.000,0
5.01,Saifuddin,AUIT_Multi,ACB,-0.741,1.677,0.079,88.5,15.2,0.383,1.682,-0.297,0.288,1.682,0.712,World,Wall4m,25.1,33.6,1.185,1.208,0,0,None,None,0,0,0,0,1.1080,1.1390,1.013,0.000,0
5.11,Saifuddin,AUIT_Multi,ACB,-0.737,1.670,0.058,88.9,17.0,0.362,1.676,-0.393,0.329,1.676,0.620,World,Wall4m,28.8,31.5,1.188,1.205,0,0,None,None,0,0,0,0,1.0198,1.0440,1.014,0.000,0
5.20,Saifuddin,AUIT_Multi,ACB,-0.737,1.655,0.043,86.4,18.3,0.335,1.667,-0.390,0.234,1.663,0.528,World,Wall4m,31.4,29.4,1.156,1.085,0,0,None,None,0,0,0,0,0.2976,1.3693,0.924,0.000,0
5.31,Saifuddin,AUIT_Multi,ACB,0.256,1.658,0.031,87.1,18.8,0.410,1.656,-0.345,0.148,1.645,0.362,World,Wall4m,71.6,103.6,0.406,0.348,0,0,None,None,0,0,0,0,0.8512,1.8186,0.753,0.000,0
5.41,Saifuddin,AUIT_Multi,ACB,0.244,1.677,0.029,86.3,12.1,0.372,1.649,-0.299,0.205,1.638,0.268,World,Wall4m,71.8,93.6,0.353,0.246,0,0,None,None,0,0,0,0,0.5731,1.0420,0.591,0.000,0
5.51,Saifuddin,AUIT_Multi,ACB,0.233,1.688,0.039,79.8,8.6,0.310,1.641,-0.237,1.084,1.673,0.574,World,Wall4m,83.4,23.2,0.290,1.006,0,0,None,None,0,1,0,1,0.9091,9.5949,1.122,0.954,0
5.61,Saifuddin,AUIT_Multi,ACB,0.225,1.691,0.052,72.4,5.7,0.232,1.631,-0.166,1.173,1.687,0.740,World,Wall4m,103.5,19.2,0.226,1.171,0,0,None,None,0,1,0,1,1.0749,1.9315,1.307,0.811,0
5.70,Saifuddin,AUIT_Multi,ACB,0.219,1.690,0.064,66.9,6.6,0.193,1.623,-0.099,1.062,1.690,0.770,World,Wall4m,116.5,18.1,0.178,1.100,0,0,None,None,0,1,0,1,0.8080,1.1827,1.230,0.000,0
5.80,Saifuddin,AUIT_Multi,ACB,0.214,1.696,0.070,64.4,4.1,0.083,1.614,0.062,0.906,1.692,0.456,World,Wall4m,138.1,5.2,0.154,0.793,0,0,None,None,0,1,0,0,2.0102,3.6132,0.916,0.000,0
5.91,Saifuddin,AUIT_Multi,ACB,0.212,1.697,0.076,62.3,1.7,-0.018,1.603,0.157,0.705,1.695,0.177,World,Wall4m,128.7,16.3,0.261,0.503,0,0,None,None,0,1,0,0,1.2573,3.1082,0.729,0.000,0
6.01,Saifuddin,AUIT_Multi,ACB,0.212,1.694,0.081,61.2,2.6,-0.086,1.593,0.202,1.231,1.696,0.138,World,Wall4m,125.9,25.8,0.337,1.020,0,0,None,None,0,0,0,0,0.8396,5.4132,1.322,0.000,0
6.11,Saifuddin,AUIT_Multi,ACB,0.213,1.692,0.085,59.3,3.4,-0.136,1.585,0.262,1.384,1.694,0.166,World,Wall4m,120.1,26.9,0.406,1.174,0,0,None,None,0,0,0,0,0.8031,1.5914,1.528,0.000,0
6.20,Saifuddin,AUIT_Multi,ACB,0.214,1.690,0.089,57.3,3.8,0.313,1.632,0.649,1.355,1.691,0.204,World,Wall4m,47.2,27.1,0.572,1.147,0,0,None,None,0,0,0,0,6.1555,0.4947,1.135,0.000,0
6.30,Saifuddin,AUIT_Multi,ACB,0.219,1.689,0.089,57.7,4.2,0.328,1.636,0.626,1.061,1.684,0.212,World,Wall4m,46.0,24.3,0.550,0.851,0,0,None,None,0,1,0,1,0.2941,3.0433,0.843,0.000,0
6.41,Saifuddin,AUIT_Multi,ACB,0.225,1.686,0.084,60.4,5.1,0.372,1.642,0.607,0.736,1.676,0.209,World,Wall4m,44.5,16.3,0.545,0.526,0,0,None,None,0,1,0,0,0.4357,2.9249,0.540,0.000,0
6.51,Saifuddin,AUIT_Multi,ACB,0.229,1.686,0.077,62.4,5.3,0.399,1.646,0.578,1.236,1.683,0.172,World,Wall4m,43.6,22.7,0.531,1.011,0,0,None,None,0,1,0,1,0.4038,5.1511,0.932,0.000,0
6.61,Saifuddin,AUIT_Multi,ACB,0.229,1.688,0.071,62.6,4.7,0.426,1.651,0.558,1.401,1.686,0.134,World,Wall4m,40.4,24.8,0.527,1.174,0,0,None,None,0,1,0,1,0.3504,1.7237,1.064,0.000,0
6.70,Saifuddin,AUIT_Multi,ACB,0.225,1.689,0.069,61.7,4.0,0.450,1.657,0.541,1.423,1.688,0.127,World,Wall4m,36.2,25.8,0.524,1.199,0,0,None,None,0,0,0,0,0.3113,0.2471,1.058,0.000,0
6.80,Saifuddin,AUIT_Multi,ACB,0.220,1.690,0.072,58.9,4.3,0.470,1.662,0.527,1.422,1.689,0.149,World,Wall4m,30.0,27.7,0.521,1.204,0,0,None,None,0,0,0,0,0.2593,0.2271,1.024,0.000,0
6.91,Saifuddin,AUIT_Multi,ACB,0.213,1.691,0.080,53.7,3.7,0.490,1.669,0.520,1.408,1.691,0.226,World,Wall4m,21.5,29.5,0.520,1.204,0,0,None,None,1,0,0,0,0.1978,0.7077,0.964,0.000,0
7.01,Saifuddin,AUIT_Multi,ACB,0.207,1.688,0.091,48.9,4.5,0.504,1.674,0.517,1.385,1.690,0.328,World,Quad,14.3,30.1,0.520,1.202,0,0,None,None,1,0,0,0,0.1556,1.0568,0.902,0.000,0
7.11,Saifuddin,AUIT_Multi,ACB,0.200,1.684,0.103,44.3,5.9,0.517,1.678,0.510,1.355,1.687,0.435,World,Quad,8.2,30.2,0.515,1.201,0,0,None,None,1,0,0,0,0.1589,1.1466,0.842,0.000,0
7.20,Saifuddin,AUIT_Multi,ACB,0.190,1.682,0.113,39.2,7.0,0.526,1.683,0.640,1.315,1.684,0.540,World,Quad,9.7,30.8,0.625,1.203,0,0,None,None,1,0,0,0,1.3601,1.1639,0.795,0.000,0
7.30,Saifuddin,AUIT_Multi,ACB,0.180,1.684,0.120,34.8,7.1,0.453,1.683,1.101,1.265,1.683,0.642,World,CabinetD05Door,20.4,30.3,1.018,1.204,0,0,None,None,1,0,1,0,4.7388,1.1644,0.933,0.000,0
7.41,Saifuddin,AUIT_Multi,ACB,0.172,1.687,0.123,31.5,6.2,0.324,1.685,1.000,1.207,1.685,0.736,World,CabinetD05Door,22.5,28.5,0.890,1.203,0,0,None,None,1,0,1,0,1.4880,1.0008,0.922,0.000,0
7.51,Saifuddin,AUIT_Multi,ACB,0.167,1.689,0.126,30.3,5.3,0.272,1.687,0.978,1.173,1.687,0.784,World,CabinetD05Door,23.9,27.0,0.859,1.202,0,0,None,None,1,0,1,0,0.5760,0.5973,0.923,0.000,0
7.61,Saifuddin,AUIT_Multi,ACB,0.160,1.700,0.130,27.8,1.6,0.242,1.691,0.970,1.150,1.691,0.814,World,CabinetD05,22.3,27.6,0.844,1.203,0,0,None,None,1,0,1,0,0.3255,0.3915,0.922,0.000,0
7.70,Saifuddin,AUIT_Multi,ACB,0.153,1.706,0.137,21.9,359.5,0.185,1.700,0.956,1.101,1.700,0.874,World,CabinetD05,19.7,30.3,0.819,1.201,0,0,None,None,1,0,1,0,0.6108,0.8079,0.920,0.000,0
7.80,Saifuddin,AUIT_Multi,ACB,0.146,1.701,0.147,14.1,0.3,0.093,1.704,0.952,0.821,1.701,0.803,World,Quad,18.0,31.6,0.807,0.941,0,0,None,None,1,0,1,0,0.9543,2.9930,0.743,0.000,0
7.91,Saifuddin,AUIT_Multi,ACB,0.124,1.692,0.156,359.2,3.6,-0.001,1.698,0.772,0.492,1.702,0.735,World,Quad,11.4,33.5,0.628,0.686,0,0,None,None,1,0,0,0,1.8334,3.0192,0.495,0.000,0
8.01,Saifuddin,AUIT_Multi,ACB,0.102,1.693,0.158,347.0,3.5,-0.101,1.693,0.600,0.421,1.696,1.060,World,Quad,12.2,32.7,0.487,0.957,0,0,None,None,1,0,0,0,2.0380,3.4205,0.695,0.000,0
8.11,Saifuddin,AUIT_Multi,ACB,0.090,1.695,0.156,343.2,2.4,-0.191,1.694,0.542,0.339,1.694,1.293,World,CabinetD07,19.4,29.2,0.477,1.164,0,0,None,None,1,0,0,0,1.0890,2.5124,0.919,0.000,0
8.20,Saifuddin,AUIT_Multi,ACB,0.085,1.697,0.155,342.8,1.6,-0.224,1.696,0.516,0.271,1.696,1.337,World,CabinetD07,23.4,26.2,0.475,1.197,0,0,None,None,1,0,0,0,0.4405,0.8420,0.959,0.000,0
8.30,Saifuddin,AUIT_Multi,ACB,0.081,1.699,0.153,342.7,1.3,-0.207,1.696,0.512,0.198,1.693,1.124,World,CabinetD07,21.5,24.2,0.460,0.978,0,0,None,None,1,1,0,1,0.1805,2.3159,0.734,0.000,0
8.41,Saifuddin,AUIT_Multi,ACB,0.079,1.699,0.151,343.4,1.7,-0.180,1.695,0.516,0.096,1.690,0.836,World,CabinetD07,18.9,17.9,0.448,0.685,0,0,None,None,1,1,0,0,0.2444,2.7496,0.423,0.000,0
8.51,Saifuddin,AUIT_Multi,ACB,0.087,1.698,0.151,347.1,2.6,-0.155,1.695,0.514,0.120,1.694,1.069,World,CabinetD07,20.9,15.1,0.436,0.918,0,0,None,None,1,1,0,1,0.2639,2.4046,0.619,0.000,0
8.61,Saifuddin,AUIT_Multi,ACB,0.097,1.697,0.152,351.8,3.5,-0.131,1.694,0.514,0.267,1.697,1.291,World,CabinetD07,24.2,17.0,0.427,1.152,0,0,None,None,1,1,0,1,0.2429,2.7173,0.873,0.000,0
8.70,Saifuddin,AUIT_Multi,ACB,0.105,1.696,0.152,355.7,4.0,-0.107,1.694,0.514,0.422,1.696,1.298,World,CabinetD07,26.3,20.1,0.419,1.190,0,0,None,None,0,1,0,1,0.2503,1.6093,0.946,0.000,0
8.80,Saifuddin,AUIT_Multi,ACB,0.112,1.695,0.151,359.1,4.1,-0.082,1.693,0.517,0.530,1.696,1.272,World,CabinetD06Door,27.3,21.7,0.415,1.196,0,0,None,None,0,1,0,1,0.2552,1.1427,0.972,0.000,0
8.91,Saifuddin,AUIT_Multi,ACB,0.123,1.696,0.149,5.5,3.9,-0.057,1.693,0.539,0.633,1.696,1.231,World,CabinetD06,30.5,20.1,0.429,1.196,0,0,None,None,0,1,0,1,0.2979,0.9911,0.978,0.000,0
9.01,Saifuddin,AUIT_Multi,ACB,0.133,1.697,0.147,10.8,3.9,-0.035,1.693,0.581,0.742,1.696,1.176,World,CabinetD06,32.0,20.2,0.465,1.196,0,0,None,None,0,1,0,1,0.4980,1.2688,0.978,0.000,0
9.11,Saifuddin,AUIT_Multi,ACB,0.140,1.696,0.144,15.0,4.2,0.000,1.692,0.583,0.841,1.696,1.114,World,CabinetD05,32.9,21.3,0.461,1.197,0,0,None,None,0,1,0,1,0.3546,1.1916,0.995,0.000,0
9.21,Saifuddin,AUIT_Multi,ACB,0.142,1.697,0.141,16.9,4.0,0.031,1.692,0.575,0.911,1.696,1.062,World,CabinetD05,31.5,23.3,0.448,1.199,0,0,None,None,0,1,0,1,0.3304,0.8944,1.006,0.000,0
9.30,Saifuddin,AUIT_Multi,ACB,0.142,1.697,0.140,17.0,4.1,0.020,1.696,0.945,0.939,1.697,1.038,World,CabinetD05,25.9,24.9,0.814,1.201,0,0,None,None,0,1,0,1,3.7764,0.3878,0.924,0.000,0
9.41,Saifuddin,AUIT_Multi,ACB,0.140,1.696,0.139,17.1,4.6,0.025,1.696,0.957,0.943,1.697,1.032,World,CabinetD05,25.5,25.3,0.825,1.201,0,0,None,None,0,0,0,0,0.1178,0.0575,0.921,0.000,0
9.51,Saifuddin,AUIT_Multi,ACB,0.139,1.695,0.139,17.7,4.8,0.028,1.696,0.954,0.946,1.696,1.028,World,CabinetD05,25.9,25.0,0.822,1.201,0,0,None,None,0,1,0,1,0.0480,0.0528,0.921,0.000,0
9.61,Saifuddin,AUIT_Multi,ACB,0.140,1.694,0.138,18.3,5.0,0.037,1.695,0.953,0.955,1.695,1.019,World,CabinetD05,26.0,24.9,0.821,1.200,0,0,None,None,0,1,0,1,0.0884,0.1311,0.921,0.000,0
9.71,Saifuddin,AUIT_Multi,ACB,0.141,1.694,0.137,19.1,5.1,0.047,1.694,0.952,0.965,1.694,1.009,World,CabinetD05,26.2,24.8,0.820,1.200,0,0,None,None,0,1,0,1,0.1003,0.1463,0.920,0.000,0
9.80,Saifuddin,AUIT_Multi,ACB,0.144,1.694,0.136,20.3,5.3,0.060,1.694,0.951,0.980,1.694,0.996,World,CabinetD05,26.7,24.4,0.820,1.199,0,0,None,None,0,1,0,1,0.1418,0.2053,0.920,0.000,0
9.91,Saifuddin,AUIT_Multi,ACB,0.147,1.693,0.134,22.2,5.6,0.084,1.694,0.951,1.004,1.694,0.972,World,CabinetD05,27.1,24.1,0.819,1.199,0,0,None,None,0,1,0,1,0.2154,0.3072,0.920,0.000,0
10.01,Saifuddin,AUIT_Multi,ACB,0.149,1.693,0.132,23.6,5.9,0.108,1.693,0.950,1.029,1.693,0.947,World,CabinetD05,27.0,24.2,0.820,1.200,0,0,None,None,0,1,0,1,0.2481,0.3566,0.920,0.000,0
10.11,Saifuddin,AUIT_Multi,ACB,0.150,1.694,0.130,24.6,5.7,0.130,1.694,0.950,1.050,1.694,0.924,World,CabinetD05,26.6,24.6,0.821,1.200,0,0,None,None,0,1,0,1,0.2189,0.3215,0.920,0.000,0
10.21,Saifuddin,AUIT_Multi,ACB,0.151,1.695,0.128,25.2,5.4,0.144,1.694,0.951,1.064,1.694,0.907,World,CabinetD05,26.1,24.9,0.823,1.200,0,0,None,None,0,1,0,1,0.1517,0.2266,0.921,0.000,0
10.30,Saifuddin,AUIT_Multi,ACB,0.151,1.695,0.128,25.8,5.4,0.154,1.695,0.952,1.073,1.695,0.896,World,CabinetD05,26.2,24.9,0.824,1.200,0,0,None,None,0,1,0,1,0.0993,0.1483,0.921,0.000,0
10.41,Saifuddin,AUIT_Multi,ACB,0.152,1.694,0.128,27.1,5.8,0.168,1.694,0.954,1.086,1.694,0.881,World,CabinetD05,26.6,24.7,0.826,1.200,0,0,None,None,0,1,0,1,0.1257,0.1774,0.921,0.000,0
10.51,Saifuddin,AUIT_Multi,ACB,0.150,1.694,0.127,27.7,5.9,0.182,1.694,0.957,1.098,1.694,0.865,World,CabinetD05,26.1,25.1,0.830,1.201,0,0,None,None,0,0,0,0,0.1478,0.2131,0.921,0.000,0
10.61,Saifuddin,AUIT_Multi,ACB,0.146,1.694,0.127,26.8,5.8,0.184,1.694,0.956,1.100,1.694,0.859,World,CabinetD05,24.8,26.3,0.831,1.203,0,0,None,None,1,0,1,0,0.0234,0.0560,0.921,0.000,0
10.71,Saifuddin,AUIT_Multi,ACB,0.141,1.694,0.126,24.9,5.8,0.165,1.694,0.952,1.083,1.694,0.876,World,CabinetD05,23.9,27.1,0.826,1.204,0,0,None,None,1,0,1,0,0.1998,0.2439,0.921,0.000,0
10.80,Saifuddin,AUIT_Multi,ACB,0.136,1.695,0.125,23.8,5.7,0.138,1.694,0.949,1.057,1.694,0.900,World,CabinetD05,24.2,26.8,0.824,1.204,0,0,None,None,1,0,1,0,0.2808,0.3609,0.921,0.000,0
10.90,Saifuddin,AUIT_Multi,ACB,0.132,1.696,0.123,23.1,5.6,0.118,1.695,0.948,1.038,1.695,0.916,World,CabinetD05,24.6,26.3,0.825,1.204,0,0,None,None,1,0,1,0,0.2072,0.2555,0.921,0.000,0
11.01,Saifuddin,AUIT_Multi,ACB,0.127,1.695,0.122,22.1,6.2,0.100,1.695,0.947,1.021,1.695,0.927,World,CabinetD05,24.7,26.6,0.826,1.204,0,0,None,None,1,0,1,0,0.1603,0.1893,0.921,0.000,0
11.11,Saifuddin,AUIT_Multi,ACB,0.124,1.692,0.121,21.2,7.9,0.083,1.694,0.947,1.004,1.694,0.940,World,CabinetD05,25.3,27.0,0.827,1.202,0,0,None,None,0,0,0,0,0.1781,0.2192,0.921,0.000,0
11.21,Saifuddin,AUIT_Multi,ACB,0.124,1.690,0.118,21.4,8.7,0.071,1.691,0.947,0.992,1.691,0.949,World,Wall4m,26.5,26.3,0.830,1.201,0,0,None,None,0,0,0,0,0.1276,0.1574,0.921,0.000,0
11.30,Saifuddin,AUIT_Multi,ACB,0.126,1.692,0.115,22.7,8.2,0.076,1.691,0.946,0.997,1.691,0.941,World,Wall4m,27.2,25.1,0.832,1.201,0,0,None,None,0,0,0,0,0.0572,0.1009,0.921,0.000,0
11.40,Saifuddin,AUIT_Multi,ACB,0.128,1.694,0.113,24.9,7.1,0.097,1.692,0.945,1.018,1.692,0.917,World,CabinetD05,27.8,24.0,0.833,1.200,0,0,None,None,0,1,0,1,0.2159,0.3246,0.921,0.000,0
11.51,Saifuddin,AUIT_Multi,ACB,0.132,1.694,0.112,27.5,6.7,0.136,1.694,0.947,1.055,1.694,0.875,World,CabinetD05,27.9,23.8,0.835,1.198,0,0,None,None,0,1,0,1,0.3536,0.5055,0.921,0.000,0
11.61,Saifuddin,AUIT_Multi,ACB,0.135,1.693,0.111,29.2,6.9,0.170,1.694,0.951,1.085,1.694,0.841,World,CabinetD05,27.6,24.3,0.841,1.198,0,0,None,None,0,1,0,1,0.3476,0.4713,0.922,0.000,0
11.71,Saifuddin,AUIT_Multi,ACB,0.137,1.692,0.111,30.1,7.3,0.197,1.693,0.957,1.108,1.693,0.814,World,CabinetD05Door,27.0,25.0,0.848,1.198,0,0,None,None,0,0,0,0,0.2795,0.3622,0.922,0.000,0
11.80,Saifuddin,AUIT_Multi,ACB,0.139,1.692,0.111,30.7,7.3,0.213,1.693,0.961,1.121,1.693,0.797,World,CabinetD05Door,26.6,25.4,0.853,1.199,0,0,None,None,0,0,0,0,0.1736,0.2176,0.923,0.000,0
11.90,Saifuddin,AUIT_Multi,ACB,0.140,1.692,0.110,31.0,7.4,0.223,1.692,0.963,1.129,1.692,0.787,World,CabinetD05Door,26.4,25.6,0.857,1.199,0,0,None,None,0,0,0,0,0.1086,0.1339,0.923,0.000,0
12.01,Saifuddin,AUIT_Multi,ACB,0.140,1.692,0.110,31.3,7.4,0.231,1.692,0.965,1.135,1.692,0.779,World,CabinetD05Door,26.2,25.8,0.861,1.200,0,0,None,None,0,0,0,0,0.0709,0.0899,0.924,0.000,0
12.11,Saifuddin,AUIT_Multi,ACB,0.140,1.692,0.109,31.5,7.5,0.234,1.692,0.966,1.138,1.692,0.775,World,CabinetD05Door,26.2,25.8,0.862,1.200,0,0,None,None,0,0,0,0,0.0371,0.0490,0.924,0.000,0
12.21,Saifuddin,AUIT_Multi,ACB,0.140,1.692,0.109,32.0,7.4,0.239,1.692,0.968,1.141,1.692,0.770,World,CabinetD05Door,26.5,25.6,0.865,1.200,0,0,None,None,0,0,0,0,0.0495,0.0618,0.924,0.000,0
12.30,Saifuddin,AUIT_Multi,ACB,0.141,1.692,0.109,33.0,7.4,0.249,1.692,0.973,1.149,1.692,0.759,World,CabinetD05Door,26.8,25.2,0.870,1.199,0,0,None,None,0,0,0,0,0.1186,0.1368,0.925,0.000,0
12.40,Saifuddin,AUIT_Multi,ACB,0.143,1.692,0.110,33.8,7.3,0.265,1.692,0.980,1.160,1.692,0.744,World,CabinetD05Door,26.8,25.2,0.879,1.199,0,0,None,None,0,0,0,0,0.1759,0.1913,0.926,0.000,0
12.51,Saifuddin,AUIT_Multi,ACB,0.144,1.691,0.111,34.5,7.4,0.282,1.692,0.989,1.171,1.692,0.728,World,CabinetD05Door,26.6,25.5,0.889,1.199,0,0,None,None,0,0,0,0,0.1726,0.1781,0.927,0.000,0
12.61,Saifuddin,AUIT_Multi,ACB,0.145,1.690,0.113,34.6,7.7,0.291,1.691,0.993,1.178,1.691,0.721,World,CabinetD05Door,26.3,26.0,0.892,1.198,0,0,None,None,0,0,0,0,0.1083,0.1037,0.927,0.000,0
12.71,Saifuddin,AUIT_Multi,ACB,0.146,1.689,0.116,34.6,8.1,0.294,1.690,0.994,1.180,1.690,0.721,World,CabinetD05Door,26.2,26.3,0.891,1.198,0,0,None,None,0,0,0,0,0.0309,0.0248,0.927,0.000,0
12.80,Saifuddin,AUIT_Multi,ACB,0.146,1.688,0.118,33.8,8.6,0.292,1.689,0.993,1.179,1.689,0.725,World,CabinetD05Door,25.8,27.0,0.888,1.199,0,0,None,None,0,0,0,0,0.0243,0.0514,0.927,0.000,0
12.90,Saifuddin,AUIT_Multi,ACB,0.145,1.688,0.121,31.8,8.3,0.276,1.688,0.984,0.962,1.686,0.659,World,Wall4m,24.5,26.1,0.873,0.978,0,0,None,None,1,0,1,0,0.1936,2.3360,0.759,0.000,0
13.01,Saifuddin,AUIT_Multi,ACB,0.143,1.689,0.123,29.6,7.7,0.264,1.689,0.981,0.681,1.682,0.580,World,Wall4m,22.7,21.3,0.866,0.706,0,0,None,None,1,1,1,0,0.1101,2.6288,0.579,0.000,0
13.11,Saifuddin,AUIT_Multi,ACB,0.141,1.691,0.124,29.1,6.7,0.264,1.690,0.982,0.861,1.686,0.746,World,CabinetD05,21.9,21.0,0.867,0.951,0,0,None,None,1,1,1,1,0.0178,2.5111,0.642,0.000,1
13.21,Saifuddin,AUIT_Multi,ACB,0.137,1.695,0.124,27.7,5.3,0.257,1.692,0.978,1.029,1.691,0.873,World,CabinetD05,20.3,22.8,0.863,1.165,0,0,None,None,1,1,1,1,0.0824,2.1498,0.779,0.000,1
13.30,Saifuddin,AUIT_Multi,ACB,0.132,1.697,0.125,25.2,3.9,0.202,1.695,0.958,1.052,1.695,0.892,World,CabinetD05,20.7,25.2,0.836,1.198,0,0,None,None,1,0,1,0,0.6149,0.3128,0.852,0.000,0
13.40,Saifuddin,AUIT_Multi,ACB,0.130,1.699,0.124,24.0,2.7,0.141,1.697,0.948,1.046,1.697,0.901,World,CabinetD05,23.4,25.8,0.825,1.202,0,0,None,None,1,0,1,0,0.6363,0.1078,0.907,0.000,0
13.51,Saifuddin,AUIT_Multi,ACB,0.130,1.701,0.121,24.3,1.5,0.120,1.700,0.947,1.038,1.700,0.908,World,CabinetD05,25.1,24.8,0.827,1.202,0,0,None,None,0,1,0,1,0.1930,0.1014,0.919,0.000,0
13.61,Saifuddin,AUIT_Multi,ACB,0.131,1.703,0.117,24.4,0.9,0.120,1.701,0.947,1.039,1.701,0.904,World,CabinetD05,25.2,24.7,0.829,1.201,0,0,None,None,0,1,0,1,0.0177,0.0504,0.921,0.000,0
13.71,Saifuddin,AUIT_Multi,ACB,0.133,1.704,0.114,24.5,0.5,0.122,1.703,0.946,1.042,1.703,0.899,World,CabinetD05,25.3,24.7,0.832,1.201,0,0,None,None,0,1,0,1,0.0284,0.0589,0.921,0.000,0
13.80,Saifuddin,AUIT_Multi,ACB,0.140,1.703,0.110,26.1,0.4,0.131,1.704,0.946,1.050,1.704,0.888,World,CabinetD05,26.8,23.3,0.836,1.198,0,0,None,None,0,1,0,1,0.0899,0.1347,0.921,0.000,0
13.90,Saifuddin,AUIT_Multi,ACB,0.153,1.702,0.104,31.7,0.8,0.175,1.703,0.953,1.090,1.703,0.844,World,CabinetD05Door,30.2,20.0,0.850,1.194,0,0,None,None,0,1,0,1,0.4660,0.6205,0.921,0.000,0
14.01,Saifuddin,AUIT_Multi,ACB,0.173,1.698,0.091,41.3,1.8,0.315,1.701,1.051,1.184,1.701,0.718,World,CabinetDCorner02,33.0,17.0,0.970,1.189,0,0,None,None,0,1,0,1,1.5144,1.3959,0.931,0.000,0
14.11,Saifuddin,AUIT_Multi,ACB,0.190,1.692,0.078,50.1,3.3,0.524,1.697,1.185,1.278,1.697,0.551,World,CabinetDCorner02,33.5,16.8,1.156,1.186,0,0,None,None,0,1,0,1,2.5967,2.0036,0.985,0.000,0
14.21,Saifuddin,AUIT_Multi,ACB,0.203,1.688,0.065,57.3,4.7,0.673,1.692,1.076,1.351,1.692,0.370,World,Wall4m,32.7,18.5,1.115,1.187,0,0,None,None,0,1,0,1,1.8909,2.0057,0.979,0.000,0
14.30,Saifuddin,AUIT_Multi,ACB,0.211,1.687,0.053,62.5,4.7,0.798,1.688,0.990,1.391,1.688,0.216,World,Wall4m,30.8,20.2,1.106,1.191,0,0,None,None,0,1,0,1,1.5546,1.6262,0.975,0.000,0
14.40,Saifuddin,AUIT_Multi,ACB,0.215,1.689,0.042,65.8,4.0,0.852,1.688,0.952,1.236,1.683,0.193,World,Wall4m,31.1,16.2,1.110,1.032,0,0,None,None,0,1,0,1,0.6766,1.6039,0.851,0.000,0
14.51,Saifuddin,AUIT_Multi,ACB,0.219,1.690,0.034,68.9,3.7,0.836,1.688,0.880,0.928,1.675,0.247,World,Wall4m,33.0,5.1,1.048,0.740,0,0,None,None,0,1,0,0,0.6641,2.8361,0.640,0.000,0
14.61,Saifuddin,AUIT_Multi,ACB,0.221,1.689,0.031,70.2,3.9,0.819,1.688,0.820,0.951,1.676,0.169,World,Wall4m,33.2,9.6,0.990,0.743,0,0,None,None,0,1,0,0,0.6477,0.8417,0.665,0.000,0
14.71,Saifuddin,AUIT_Multi,ACB,0.220,1.690,0.032,69.1,3.7,0.795,1.688,0.764,1.338,1.687,-0.033,World,Wall4m,31.2,24.4,0.930,1.120,0,0,None,None,0,1,0,1,0.6250,4.4682,0.965,0.000,0
14.80,Saifuddin,AUIT_Multi,ACB,0.216,1.691,0.038,65.8,3.1,0.770,1.688,0.716,1.407,1.690,-0.035,World,Wall4m,26.8,27.8,0.876,1.193,0,0,None,None,0,0,0,0,0.5470,0.7026,0.984,0.000,0
14.90,Saifuddin,AUIT_Multi,ACB,0.212,1.692,0.044,62.6,2.3,0.741,1.688,0.671,1.414,1.691,0.031,World,Wall4m,22.5,28.2,0.820,1.202,0,0,None,None,1,0,1,0,0.5555,0.6752,0.929,0.000,0
15.01,Saifuddin,AUIT_Multi,ACB,0.207,1.693,0.050,60.7,1.8,0.710,1.688,0.614,1.409,1.692,0.103,World,Wall4m,19.0,26.8,0.756,1.203,0,0,None,None,1,0,0,0,0.5911,0.6633,0.866,0.000,0
15.11,Saifuddin,AUIT_Multi,ACB,0.205,1.694,0.052,60.6,1.4,0.688,1.688,0.561,1.404,1.693,0.136,World,Quad,17.1,25.4,0.701,1.202,0,0,None,None,1,0,0,0,0.5943,0.3418,0.833,0.000,0
15.21,Saifuddin,AUIT_Multi,ACB,0.205,1.694,0.053,61.4,1.4,0.671,1.688,0.508,1.402,1.694,0.142,World,Quad,15.7,24.4,0.651,1.200,0,0,None,None,1,1,0,1,0.5676,0.0616,0.818,0.000,0
15.30,Saifuddin,AUIT_Multi,ACB,0.206,1.694,0.052,62.7,1.7,0.655,1.688,0.444,1.402,1.694,0.142,World,Quad,13.8,23.1,0.596,1.199,0,0,None,None,1,1,0,1,0.6793,0.0023,0.806,0.000,0
15.40,Saifuddin,AUIT_Multi,ACB,0.207,1.695,0.050,64.2,1.2,0.884,1.692,0.790,1.403,1.694,0.142,World,Wall4m,21.8,21.5,1.003,1.199,0,0,None,None,1,1,1,1,4.2705,0.0086,0.831,0.000,1
15.51,Saifuddin,AUIT_Multi,ACB,0.209,1.695,0.046,66.2,1.1,0.997,1.695,0.924,1.406,1.695,0.101,World,Wall4m,24.3,21.1,1.180,1.199,0,0,None,None,1,1,1,1,1.5807,0.3662,0.919,0.000,1
15.61,Saifuddin,AUIT_Multi,ACB,0.208,1.695,0.044,67.6,1.2,1.010,1.695,0.936,1.408,1.695,0.032,World,Wall4m,25.7,23.0,1.199,1.200,0,0,None,None,0,1,0,1,0.1767,0.7117,0.987,0.000,0
15.71,Saifuddin,AUIT_Multi,ACB,0.207,1.695,0.042,68.2,1.1,1.021,1.695,0.926,1.407,1.695,-0.008,World,Wall4m,25.6,24.2,1.202,1.201,0,0,None,None,0,1,0,1,0.1512,0.4083,1.010,0.000,0
15.80,Saifuddin,AUIT_Multi,ACB,0.205,1.696,0.041,68.4,1.3,1.027,1.695,0.917,1.405,1.695,-0.024,World,Wall4m,25.2,24.7,1.202,1.202,0,0,None,None,0,1,0,1,0.1126,0.1694,1.014,0.000,0
15.90,Saifuddin,AUIT_Multi,ACB,0.203,1.696,0.040,68.6,1.2,1.029,1.696,0.913,1.402,1.696,-0.030,World,Wall4m,25.2,24.8,1.201,1.201,0,0,None,None,0,1,0,1,0.0454,0.0661,1.014,0.000,0
16.01,Saifuddin,AUIT_Multi,ACB,0.203,1.696,0.042,68.2,1.3,1.029,1.696,0.911,1.401,1.696,-0.033,World,Wall4m,24.7,25.3,1.199,1.200,0,0,None,None,1,0,1,0,0.0167,0.0261,1.014,0.000,0
16.11,Saifuddin,AUIT_Multi,ACB,0.204,1.695,0.045,67.0,1.5,1.021,1.696,0.921,1.402,1.696,-0.019,World,Wall4m,24.0,26.1,1.198,1.199,0,0,None,None,1,0,1,0,0.1335,0.1407,1.014,0.000,0
16.21,Saifuddin,AUIT_Multi,ACB,0.206,1.694,0.046,66.2,1.9,1.006,1.695,0.938,1.404,1.695,0.006,World,Wall4m,24.4,25.8,1.198,1.199,0,0,None,None,1,0,1,0,0.2382,0.2531,1.014,0.000,0
16.30,Saifuddin,AUIT_Multi,ACB,0.208,1.693,0.045,67.0,2.5,1.001,1.694,0.945,1.406,1.694,0.015,World,Wall4m,25.8,24.5,1.200,1.198,0,0,None,None,0,1,0,1,0.0852,0.1013,1.014,0.000,0
16.40,Saifuddin,AUIT_Multi,ACB,0.209,1.693,0.043,67.5,3.0,1.012,1.693,0.935,1.407,1.693,0.001,World,Wall4m,25.6,24.7,1.201,1.199,0,0,None,None,0,1,0,1,0.1579,0.1492,1.014,0.000,0
16.51,Saifuddin,AUIT_Multi,ACB,0.209,1.691,0.042,67.1,4.1,1.016,1.692,0.930,1.408,1.692,-0.006,World,Wall4m,25.1,25.5,1.201,1.200,0,0,None,None,0,0,0,0,0.0590,0.0596,1.014,0.000,0
16.61,Saifuddin,AUIT_Multi,ACB,0.206,1.690,0.042,67.1,4.4,1.013,1.691,0.932,1.407,1.691,-0.003,World,Wall4m,25.3,25.4,1.201,1.202,0,0,None,None,0,0,0,0,0.0430,0.0339,1.014,0.000,0
16.71,Saifuddin,AUIT_Multi,ACB,0.201,1.690,0.045,66.4,4.6,1.009,1.690,0.934,1.405,1.690,0.000,World,Wall4m,24.6,26.1,1.201,1.204,0,0,None,None,1,0,1,0,0.0457,0.0379,1.014,0.000,0
16.80,Saifuddin,AUIT_Multi,ACB,0.193,1.690,0.051,64.1,4.9,0.986,1.690,0.952,1.400,1.690,0.026,World,Wall4m,23.3,27.4,1.201,1.207,0,0,None,None,1,0,1,0,0.3022,0.2771,1.014,0.000,0
16.90,Saifuddin,AUIT_Multi,ACB,0.186,1.692,0.058,61.3,4.4,0.943,1.691,0.988,1.392,1.691,0.078,World,Wall4m,22.5,28.1,1.199,1.206,0,0,None,None,1,0,1,0,0.5706,0.5403,1.014,0.000,0
17.01,Saifuddin,AUIT_Multi,ACB,0.180,1.693,0.064,58.7,4.2,0.869,1.692,1.009,1.381,1.692,0.149,World,Wall4m,23.0,27.6,1.169,1.204,0,0,None,None,1,0,1,0,0.6960,0.6380,1.002,0.000,0
17.11,Saifuddin,AUIT_Multi,ACB,0.178,1.692,0.066,57.2,4.7,0.822,1.693,1.029,1.373,1.693,0.197,World,Wall4m,23.9,26.9,1.159,1.202,0,0,None,None,1,0,1,0,0.5242,0.5125,0.997,0.000,0
17.21,Saifuddin,AUIT_Multi,ACB,0.177,1.692,0.063,56.6,5.0,0.791,1.692,1.037,1.367,1.692,0.227,World,Wall4m,24.9,26.0,1.151,1.201,0,0,None,None,1,0,1,0,0.3300,0.3157,0.994,0.000,0
17.30,Saifuddin,AUIT_Multi,ACB,0.178,1.693,0.056,57.1,5.1,0.784,1.692,1.041,1.365,1.692,0.234,World,Wall4m,25.9,24.9,1.157,1.200,0,0,None,None,0,1,0,1,0.0827,0.0672,0.995,0.000,0
17.40,Saifuddin,AUIT_Multi,ACB,0.181,1.693,0.046,58.4,4.9,0.800,1.693,1.035,1.368,1.693,0.214,World,Wall4m,26.8,24.0,1.167,1.199,0,0,None,None,0,1,0,1,0.1738,0.2012,0.998,0.000,0
17.51,Saifuddin,AUIT_Multi,ACB,0.184,1.692,0.034,60.1,5.4,0.840,1.692,1.028,1.375,1.692,0.174,World,Wall4m,27.1,23.8,1.192,1.199,0,0,None,None,0,1,0,1,0.3674,0.3695,1.008,0.000,0
17.61,Saifuddin,AUIT_Multi,ACB,0.182,1.693,0.030,60.1,4.9,0.869,1.692,1.016,1.378,1.692,0.141,World,Wall4m,25.7,25.1,1.202,1.202,0,0,None,None,0,0,0,0,0.3168,0.3429,1.013,0.000,0
17.71,Saifuddin,AUIT_Multi,ACB,0.177,1.694,0.032,58.4,4.3,0.863,1.693,1.018,1.376,1.693,0.143,World,Wall4m,23.9,26.7,1.201,1.204,0,0,None,None,1,0,1,0,0.0572,0.0361,1.014,0.000,0
17.80,Saifuddin,AUIT_Multi,ACB,0.172,1.694,0.038,55.5,4.2,0.828,1.694,1.041,1.367,1.694,0.182,World,Wall4m,22.7,27.9,1.198,1.204,0,0,None,None,1,0,1,0,0.4331,0.4107,1.014,0.000,0
17.90,Saifuddin,AUIT_Multi,ACB,0.168,1.694,0.044,52.6,4.7,0.775,1.694,1.076,1.353,1.694,0.243,World,CabinetDCorner02,22.6,28.2,1.197,1.202,0,0,None,None,1,0,1,0,0.6574,0.6475,1.014,0.000,0
18.01,Saifuddin,AUIT_Multi,ACB,0.165,1.694,0.047,50.4,4.9,0.715,1.694,1.112,1.337,1.694,0.311,World,CabinetDCorner02,23.6,27.3,1.198,1.201,0,0,None,None,1,0,1,0,0.6274,0.6273,1.014,0.000,0
18.11,Saifuddin,AUIT_Multi,ACB,0.166,1.694,0.047,50.4,5.0,0.685,1.694,1.129,1.328,1.694,0.345,World,CabinetDCorner02,25.2,25.7,1.200,1.200,0,0,None,None,0,0,0,0,0.3573,0.3589,1.014,0.000,0
18.21,Saifuddin,AUIT_Multi,ACB,0.167,1.694,0.045,51.5,5.1,0.686,1.694,1.128,1.329,1.694,0.344,World,CabinetDCorner02,26.4,24.6,1.201,1.199,0,0,None,None,0,1,0,1,0.0213,0.0135,1.014,0.000,0
18.30,Saifuddin,AUIT_Multi,ACB,0.169,1.694,0.042,52.7,4.9,0.707,1.694,1.116,1.335,1.694,0.320,World,CabinetDCorner02,26.5,24.3,1.201,1.199,0,0,None,None,0,1,0,1,0.2422,0.2507,1.014,0.000,0
18.40,Saifuddin,AUIT_Multi,ACB,0.170,1.695,0.041,53.1,4.7,0.727,1.694,1.105,1.341,1.694,0.298,World,Wall4m,25.9,24.9,1.201,1.199,0,0,None,None,0,1,0,1,0.2333,0.2346,1.014,0.000,0
18.51,Saifuddin,AUIT_Multi,ACB,0.172,1.694,0.041,53.0,4.9,0.734,1.695,1.101,1.344,1.695,0.290,World,Wall4m,25.5,25.4,1.199,1.199,0,0,None,None,0,0,0,0,0.0801,0.0766,1.014,0.000,0
18.61,Saifuddin,AUIT_Multi,ACB,0.174,1.693,0.041,53.4,5.2,0.738,1.694,1.100,1.346,1.694,0.288,World,Wall4m,25.8,25.3,1.199,1.198,0,0,None,None,0,0,0,0,0.0376,0.0305,1.014,0.000,0
18.71,Saifuddin,AUIT_Multi,ACB,0.178,1.693,0.042,54.1,5.6,0.747,1.693,1.096,1.351,1.693,0.281,World,Wall4m,26.2,25.0,1.198,1.197,0,0,None,None,0,0,0,0,0.1045,0.0889,1.014,0.000,0
18.80,Saifuddin,AUIT_Multi,ACB,0.180,1.693,0.044,55.6,5.5,0.753,1.693,1.069,1.357,1.693,0.266,World,Wall4m,26.9,24.3,1.174,1.197,0,0,None,None,0,1,0,1,0.2880,0.1694,1.005,0.000,0
18.90,Saifuddin,AUIT_Multi,ACB,0.183,1.694,0.048,57.1,4.9,0.777,1.694,1.041,1.365,1.694,0.235,World,Wall4m,26.7,24.3,1.157,1.197,0,0,None,None,0,1,0,1,0.3685,0.3232,0.998,0.000,0
19.01,Saifuddin,AUIT_Multi,ACB,0.188,1.693,0.054,57.9,5.3,0.796,1.694,1.020,1.373,1.694,0.211,World,Wall4m,26.2,25.1,1.142,1.196,0,0,None,None,0,0,0,0,0.2653,0.2269,0.993,0.000,0
19.11,Saifuddin,AUIT_Multi,ACB,0.191,1.692,0.056,58.6,5.9,0.811,1.693,1.014,1.379,1.693,0.200,World,Wall4m,26.3,25.1,1.141,1.197,0,0,None,None,0,0,0,0,0.1612,0.1272,0.992,0.000,0
19.21,Saifuddin,AUIT_Multi,ACB,0.195,1.691,0.054,59.7,6.0,0.827,1.692,1.006,1.384,1.692,0.185,World,Wall4m,26.8,24.7,1.143,1.197,0,0,None,None,0,1,0,1,0.1858,0.1640,0.992,0.000,0
19.30,Saifuddin,AUIT_Multi,ACB,0.198,1.691,0.050,61.8,6.0,0.868,1.691,1.010,1.390,1.691,0.156,World,Wall4m,27.6,23.8,1.170,1.197,0,0,None,None,0,1,0,1,0.4199,0.3081,1.001,0.000,0
19.40,Saifuddin,AUIT_Multi,ACB,0.202,1.690,0.047,64.2,6.2,0.921,1.691,1.001,1.397,1.691,0.109,World,Wall4m,27.8,23.6,1.195,1.197,0,0,None,None,0,1,0,1,0.5565,0.4937,1.012,0.000,0
19.51,Saifuddin,AUIT_Multi,ACB,0.205,1.688,0.045,66.1,7.1,0.966,1.690,0.970,1.402,1.690,0.055,World,Wall4m,27.5,24.4,1.199,1.198,0,0,None,None,0,1,0,1,0.4950,0.4837,1.014,0.000,0
19.61,Saifuddin,AUIT_Multi,ACB,0.205,1.687,0.045,66.4,7.3,0.991,1.688,0.951,1.404,1.688,0.024,World,Wall4m,26.5,25.5,1.199,1.199,0,0,None,None,0,0,0,0,0.3276,0.3179,1.014,0.000,0
19.71,Saifuddin,AUIT_Multi,ACB,0.205,1.686,0.046,66.1,7.3,0.997,1.687,0.946,1.405,1.687,0.017,World,Wall4m,25.7,26.3,1.200,1.201,0,0,None,None,0,0,0,0,0.0756,0.0706,1.014,0.000,0
19.80,Saifuddin,AUIT_Multi,ACB,0.203,1.686,0.048,65.5,7.6,0.991,1.686,0.952,1.404,1.686,0.026,World,Wall4m,25.5,26.6,1.200,1.201,0,0,None,None,0,0,0,0,0.0876,0.0875,1.014,0.000,0
19.90,Saifuddin,AUIT_Multi,ACB,0.201,1.685,0.048,64.9,7.9,0.980,1.686,0.961,1.403,1.686,0.039,World,Wall4m,25.6,26.6,1.201,1.202,0,0,None,None,0,0,0,0,0.1466,0.1393,1.014,0.000,0
20.01,Saifuddin,AUIT_Multi,ACB,0.198,1.684,0.049,64.6,8.0,0.969,1.685,0.969,1.400,1.685,0.051,World,Wall4m,25.8,26.4,1.201,1.202,0,0,None,None,0,0,0,0,0.1234,0.1103,1.014,0.000,0
20.11,Saifuddin,AUIT_Multi,ACB,0.195,1.683,0.048,64.6,8.2,0.963,1.684,0.973,1.398,1.684,0.056,World,Wall4m,26.2,26.2,1.202,1.202,0,0,None,None,0,0,0,0,0.0714,0.0560,1.014,0.000,0
20.21,Saifuddin,AUIT_Multi,ACB,0.193,1.682,0.048,64.7,8.5,0.961,1.683,0.972,1.395,1.683,0.056,World,Wall4m,26.3,26.3,1.201,1.202,0,0,None,None,0,0,0,0,0.0233,0.0266,1.013,0.000,0
20.30,Saifuddin,AUIT_Multi,ACB,0.191,1.681,0.047,64.3,9.1,0.958,1.682,0.973,1.393,1.682,0.057,World,Wall4m,26.2,26.8,1.201,1.202,0,0,None,None,0,0,0,0,0.0406,0.0282,1.014,0.000,0
20.40,Saifuddin,AUIT_Multi,ACB,0.190,1.680,0.047,64.1,9.2,0.951,1.681,0.976,1.391,1.681,0.063,World,Wall4m,26.4,26.7,1.201,1.201,0,0,None,None,0,0,0,0,0.0848,0.0662,1.014,0.000,0
20.51,Saifuddin,AUIT_Multi,ACB,0.189,1.677,0.047,64.4,10.2,0.948,1.679,0.977,1.390,1.679,0.064,World,Wall4m,27.1,26.7,1.201,1.201,0,0,None,None,0,0,0,0,0.0246,0.0192,1.014,0.000,0
20.61,Saifuddin,AUIT_Multi,ACB,0.189,1.676,0.046,64.9,10.8,0.953,1.677,0.972,1.389,1.677,0.057,World,Wall4m,27.5,26.8,1.201,1.200,0,0,None,None,0,0,0,0,0.0643,0.0697,1.014,0.000,0
20.71,Saifuddin,AUIT_Multi,ACB,0.190,1.675,0.045,65.4,11.2,0.960,1.676,0.965,1.389,1.676,0.046,World,Wall4m,27.7,26.9,1.200,1.199,0,0,None,None,0,0,0,0,0.1081,0.1104,1.014,0.000,0
20.80,Saifuddin,AUIT_Multi,ACB,0.191,1.673,0.046,65.4,12.0,0.967,1.675,0.960,1.390,1.675,0.038,World,Wall4m,27.7,27.5,1.199,1.199,0,0,None,None,0,0,0,0,0.0897,0.0842,1.014,0.000,0
20.90,Saifuddin,AUIT_Multi,ACB,0.192,1.672,0.046,65.4,12.5,0.969,1.673,0.959,1.391,1.673,0.037,World,Wall4m,27.8,27.8,1.199,1.199,0,0,None,None,0,0,0,0,0.0282,0.0225,1.014,0.000,0
21.01,Saifuddin,AUIT_Multi,ACB,0.192,1.672,0.048,65.1,12.9,0.968,1.672,0.962,1.392,1.672,0.040,World,Wall4m,27.7,28.2,1.199,1.200,0,0,None,None,0,0,0,0,0.0244,0.0300,1.014,0.000,0
21.11,Saifuddin,AUIT_Multi,ACB,0.193,1.672,0.050,64.6,12.9,0.963,1.672,0.968,1.392,1.672,0.049,World,Wall4m,27.6,28.3,1.198,1.199,0,0,None,None,0,0,0,0,0.0829,0.0913,1.014,0.000,0
21.21,Saifuddin,AUIT_Multi,ACB,0.195,1.674,0.051,65.5,11.7,0.960,1.672,0.973,1.393,1.672,0.056,World,Wall4m,28.1,26.7,1.198,1.198,0,0,None,None,0,0,0,0,0.0612,0.0722,1.014,0.000,0
21.30,Saifuddin,AUIT_Multi,ACB,0.200,1.684,0.046,72.2,7.1,0.999,1.676,0.941,1.395,1.676,0.008,World,Wall4m,31.1,20.7,1.200,1.196,0,0,None,None,0,1,0,1,0.5201,0.4988,1.014,0.000,0
21.40,Saifuddin,AUIT_Multi,ACB,0.201,1.688,0.043,76.6,4.2,1.086,1.684,0.852,1.387,1.684,-0.115,World,Wall4m,29.2,21.4,1.199,1.196,0,0,None,None,0,1,0,1,1.2772,1.2644,1.013,0.000,0
21.51,Saifuddin,AUIT_Multi,ACB,0.202,1.689,0.043,76.7,3.9,1.136,1.688,0.795,1.378,1.688,-0.190,World,Wall4m,25.8,24.8,1.199,1.198,0,0,None,None,0,1,0,1,0.6856,0.6768,1.014,0.000,0
21.61,Saifuddin,AUIT_Multi,ACB,0.204,1.689,0.041,77.5,4.1,1.145,1.689,0.785,1.377,1.689,-0.203,World,Wall4m,26.1,24.5,1.200,1.198,0,0,None,None,0,1,0,1,0.1418,0.1352,1.014,0.000,0
21.71,Saifuddin,AUIT_Multi,ACB,0.206,1.686,0.038,78.8,5.2,1.159,1.688,0.767,1.374,1.688,-0.224,World,Wall4m,26.7,24.4,1.200,1.198,0,0,None,None,0,1,0,1,0.2301,0.2219,1.014,0.000,0
21.80,Saifuddin,AUIT_Multi,ACB,0.207,1.680,0.039,78.1,8.3,1.171,1.685,0.751,1.372,1.685,-0.244,World,Wall4m,25.9,26.8,1.199,1.199,0,0,None,None,0,0,0,0,0.2129,0.2046,1.014,0.000,0
21.90,Saifuddin,AUIT_Multi,ACB,0.208,1.677,0.043,75.8,9.6,1.159,1.680,0.769,1.378,1.680,-0.221,World,Wall4m,25.0,28.5,1.197,1.200,0,0,None,None,0,0,0,0,0.2332,0.2461,1.014,0.000,0
22.01,Saifuddin,AUIT_Multi,ACB,0.207,1.676,0.046,74.2,9.9,1.132,1.677,0.808,1.387,1.677,-0.174,World,Wall4m,25.6,28.0,1.199,1.201,0,0,None,None,0,0,0,0,0.4218,0.4328,1.014,0.000,0
22.11,Saifuddin,AUIT_Multi,ACB,0.207,1.675,0.048,73.8,10.3,1.117,1.676,0.828,1.391,1.676,-0.148,World,Wall4m,26.4,27.5,1.199,1.200,0,0,None,None,0,0,0,0,0.2674,0.2686,1.014,0.000,0
22.21,Saifuddin,AUIT_Multi,ACB,0.207,1.674,0.049,73.2,10.9,1.109,1.675,0.839,1.393,1.675,-0.135,World,Wall4m,26.6,27.7,1.199,1.201,0,0,None,None,0,0,0,0,0.1357,0.1403,1.014,0.000,0
22.30,Saifuddin,AUIT_Multi,ACB,0.206,1.674,0.051,72.5,11.0,1.100,1.674,0.851,1.395,1.674,-0.120,World,Wall4m,26.6,27.8,1.199,1.201,0,0,None,None,0,0,0,0,0.1545,0.1550,1.014,0.000,0
22.40,Saifuddin,AUIT_Multi,ACB,0.205,1.674,0.052,72.3,10.9,1.091,1.674,0.862,1.396,1.674,-0.106,World,Wall4m,26.9,27.3,1.200,1.201,0,0,None,None,0,0,0,0,0.1448,0.1425,1.014,0.000,0
22.51,Saifuddin,AUIT_Multi,ACB,0.205,1.675,0.051,73.3,10.3,1.091,1.674,0.860,1.394,1.674,-0.108,World,Wall4m,27.5,26.3,1.200,1.200,0,0,None,None,0,0,0,0,0.0131,0.0207,1.014,0.000,0
22.61,Saifuddin,AUIT_Multi,ACB,0.205,1.678,0.049,75.5,8.7,1.106,1.675,0.844,1.391,1.675,-0.130,World,Wall4m,28.2,24.5,1.201,1.199,0,0,None,None,0,1,0,1,0.2252,0.2276,1.014,0.000,0
22.71,Saifuddin,AUIT_Multi,ACB,0.205,1.681,0.044,78.5,7.0,1.139,1.679,0.801,1.382,1.679,-0.183,World,Wall4m,28.3,23.4,1.202,1.199,0,0,None,None,0,1,0,1,0.5541,0.5576,1.014,0.000,0
22.80,Saifuddin,AUIT_Multi,ACB,0.206,1.681,0.042,79.0,6.9,1.168,1.681,0.761,1.373,1.681,-0.232,World,Wall4m,26.6,25.1,1.201,1.199,0,0,None,None,0,0,0,0,0.5083,0.5133,1.014,0.000,0
22.90,Saifuddin,AUIT_Multi,ACB,0.207,1.681,0.042,79.0,7.3,1.175,1.681,0.751,1.371,1.681,-0.244,World,Wall4m,26.2,25.8,1.200,1.199,0,0,None,None,0,0,0,0,0.1288,0.1284,1.014,0.000,0
23.01,Saifuddin,AUIT_Multi,ACB,0.208,1.680,0.039,79.7,7.4,1.180,1.681,0.743,1.370,1.681,-0.253,World,Wall4m,26.6,25.4,1.200,1.198,0,0,None,None,0,0,0,0,0.0847,0.0793,1.014,0.000,0
23.11,Saifuddin,AUIT_Multi,ACB,0.210,1.680,0.038,80.2,7.6,1.189,1.680,0.732,1.369,1.680,-0.267,World,Wall4m,26.6,25.6,1.200,1.198,0,0,None,None,0,0,0,0,0.1474,0.1387,1.014,0.000,0
23.21,Saifuddin,AUIT_Multi,ACB,0.213,1.679,0.036,80.7,7.7,1.197,1.680,0.721,1.368,1.680,-0.278,World,Wall4m,26.7,25.6,1.199,1.198,0,0,None,None,0,0,0,0,0.1333,0.1201,1.014,0.000,0
23.30,Saifuddin,AUIT_Multi,ACB,0.215,1.679,0.035,81.3,7.9,1.205,1.679,0.711,1.367,1.679,-0.291,World,Wall4m,26.7,25.7,1.199,1.198,0,0,None,None,0,0,0,0,0.1433,0.1283,1.014,0.000,0
23.40,Saifuddin,AUIT_Multi,ACB,0.216,1.679,0.034,81.5,7.9,1.213,1.679,0.701,1.367,1.679,-0.301,World,Wall4m,26.5,25.9,1.199,1.198,0,0,None,None,0,0,0,0,0.1221,0.1079,1.014,0.000,0
23.51,Saifuddin,AUIT_Multi,ACB,0.218,1.679,0.034,81.8,7.9,1.218,1.679,0.695,1.367,1.679,-0.308,World,Wall4m,26.4,25.9,1.199,1.199,0,0,None,None,0,0,0,0,0.0730,0.0622,1.014,0.000,0
23.61,Saifuddin,AUIT_Multi,ACB,0.219,1.679,0.034,81.8,7.8,1.222,1.679,0.691,1.367,1.679,-0.313,World,Wall4m,26.1,26.2,1.199,1.199,0,0,None,None,0,0,0,0,0.0560,0.0475,1.014,0.000,0
23.71,Saifuddin,AUIT_Multi,ACB,0.217,1.679,0.038,80.5,7.8,1.220,1.679,0.695,1.368,1.679,-0.308,World,Wall4m,24.9,27.3,1.199,1.202,0,0,None,None,1,0,1,0,0.0447,0.0497,1.014,0.000,0
23.80,Saifuddin,AUIT_Multi,ACB,0.214,1.681,0.047,75.9,6.9,1.193,1.679,0.736,1.378,1.679,-0.261,World,Wall4m,22.1,29.6,1.198,1.204,0,0,None,None,1,0,1,0,0.5058,0.4985,1.014,0.000,0
23.90,Saifuddin,AUIT_Multi,ACB,0.209,1.684,0.055,72.8,5.5,1.139,1.681,0.810,1.392,1.681,-0.172,World,Wall4m,22.4,28.6,1.198,1.205,0,0,None,None,1,0,1,0,0.9418,0.9278,1.014,0.000,0
24.01,Saifuddin,AUIT_Multi,ACB,0.201,1.691,0.056,73.7,3.2,1.101,1.686,0.855,1.395,1.686,-0.115,World,Wall4m,25.5,24.6,1.204,1.206,0,0,None,None,0,1,0,1,0.5326,0.5085,1.014,0.000,0
24.11,Saifuddin,AUIT_Multi,ACB,0.195,1.700,0.055,75.0,358.9,1.108,1.693,0.841,1.385,1.693,-0.135,World,Wall4m,25.8,24.1,1.204,1.205,0,0,None,None,0,1,0,1,0.1780,0.2284,1.014,0.000,0
24.21,Saifuddin,AUIT_Multi,ACB,0.191,1.702,0.058,74.6,357.4,1.112,1.700,0.830,1.378,1.700,-0.148,World,Wall4m,24.8,25.4,1.201,1.204,0,0,None,None,1,0,1,0,0.1338,0.1782,1.014,0.000,0
24.30,Saifuddin,AUIT_Multi,ACB,0.192,1.700,0.060,74.5,357.9,1.105,1.702,0.836,1.375,1.702,-0.142,World,Wall4m,24.9,25.3,1.199,1.201,0,0,None,None,1,0,1,0,0.0899,0.0773,1.014,0.000,0
24.40,Saifuddin,AUIT_Multi,ACB,0.193,1.699,0.062,74.7,358.7,1.105,1.700,0.839,1.375,1.700,-0.139,World,Wall4m,25.1,25.0,1.198,1.199,0,0,None,None,0,1,0,1,0.0333,0.0339,1.014,0.000,0
24.51,Saifuddin,AUIT_Multi,ACB,0.193,1.698,0.063,74.8,358.9,1.108,1.699,0.839,1.376,1.699,-0.140,World,Wall4m,25.1,25.0,1.199,1.200,0,0,None,None,0,1,0,1,0.0272,0.0150,1.014,0.000,0
24.61,Saifuddin,AUIT_Multi,ACB,0.193,1.697,0.063,75.1,359.3,1.110,1.698,0.837,1.375,1.698,-0.142,World,Wall4m,25.3,24.8,1.200,1.200,0,0,None,None,0,1,0,1,0.0273,0.0243,1.014,0.000,0
24.71,Saifuddin,AUIT_Multi,ACB,0.193,1.696,0.064,75.3,359.8,1.113,1.697,0.833,1.375,1.697,-0.147,World,Wall4m,25.2,24.8,1.200,1.200,0,0,None,None,0,1,0,1,0.0533,0.0504,1.014,0.000,0
24.80,Saifuddin,AUIT_Multi,ACB,0.193,1.695,0.065,75.3,0.3,1.115,1.696,0.832,1.374,1.696,-0.149,World,Wall4m,25.1,24.9,1.200,1.201,0,0,None,None,0,1,0,1,0.0264,0.0261,1.014,0.000,0
24.90,Saifuddin,AUIT_Multi,ACB,0.193,1.694,0.065,76.0,0.8,1.118,1.695,0.829,1.373,1.695,-0.153,World,Wall4m,25.6,24.5,1.200,1.200,0,0,None,None,0,1,0,1,0.0409,0.0425,1.014,0.000,0
25.01,Saifuddin,AUIT_Multi,ACB,0.195,1.692,0.063,77.3,1.6,1.130,1.693,0.815,1.371,1.693,-0.170,World,Wall4m,26.2,24.0,1.200,1.198,0,0,None,None,0,1,0,1,0.1663,0.1606,1.014,0.000,0
25.11,Saifuddin,AUIT_Multi,ACB,0.197,1.691,0.059,79.1,2.5,1.148,1.692,0.792,1.367,1.692,-0.198,World,Wall4m,26.8,23.5,1.200,1.198,0,0,None,None,0,1,0,1,0.3013,0.2900,1.014,0.000,0
25.21,Saifuddin,AUIT_Multi,ACB,0.200,1.690,0.056,80.8,2.8,1.172,1.691,0.760,1.361,1.691,-0.237,World,Wall4m,26.8,23.6,1.200,1.197,0,0,None,None,0,1,0,1,0.4140,0.4019,1.014,0.000,0
25.31,Saifuddin,AUIT_Multi,ACB,0.203,1.689,0.053,81.8,3.4,1.193,1.690,0.730,1.355,1.690,-0.271,World,Wall4m,26.4,24.2,1.199,1.197,0,0,None,None,0,1,0,1,0.3742,0.3598,1.014,0.000,0
25.40,Saifuddin,AUIT_Multi,ACB,0.205,1.688,0.051,82.5,3.8,1.207,1.689,0.710,1.351,1.689,-0.294,World,Wall4m,26.1,24.6,1.199,1.197,0,0,None,None,0,1,0,1,0.2578,0.2421,1.014,0.000,0
25.51,Saifuddin,AUIT_Multi,ACB,0.207,1.687,0.048,83.2,4.2,1.219,1.688,0.692,1.349,1.688,-0.314,World,Wall4m,26.0,24.7,1.200,1.198,0,0,None,None,0,1,0,1,0.1931,0.1784,1.014,0.000,0
25.61,Saifuddin,AUIT_Multi,ACB,0.208,1.687,0.047,83.3,4.3,1.227,1.687,0.681,1.347,1.687,-0.326,World,Wall4m,25.6,25.2,1.200,1.199,0,0,None,None,0,0,0,0,0.1350,0.1237,1.014,0.000,0
25.71,Saifuddin,AUIT_Multi,ACB,0.209,1.686,0.047,83.0,4.5,1.228,1.686,0.680,1.348,1.686,-0.328,World,Wall4m,25.2,25.5,1.200,1.199,0,0,None,None,0,0,0,0,0.0214,0.0198,1.014,0.000,0
25.80,Saifuddin,AUIT_Multi,ACB,0.209,1.686,0.048,82.8,4.8,1.227,1.686,0.683,1.350,1.686,-0.324,World,Wall4m,25.2,25.7,1.199,1.200,0,0,None,None,0,0,0,0,0.0405,0.0470,1.014,0.000,0
25.90,Saifuddin,AUIT_Multi,ACB,0.210,1.685,0.049,82.4,4.9,1.224,1.685,0.689,1.353,1.685,-0.317,World,Wall4m,25.1,25.8,1.199,1.200,0,0,None,None,0,0,0,0,0.0689,0.0748,1.014,0.000,0
26.01,Saifuddin,AUIT_Multi,ACB,0.211,1.685,0.050,82.1,5.1,1.220,1.685,0.697,1.356,1.685,-0.308,World,Wall4m,25.3,25.7,1.199,1.199,0,0,None,None,0,0,0,0,0.0793,0.0855,1.014,0.000,0
26.11,Saifuddin,AUIT_Multi,ACB,0.212,1.684,0.051,82.1,5.1,1.219,1.685,0.701,1.358,1.685,-0.303,World,Wall4m,25.4,25.6,1.199,1.199,0,0,None,None,0,0,0,0,0.0431,0.0509,1.014,0.000,0
26.21,Saifuddin,AUIT_Multi,ACB,0.214,1.684,0.052,81.8,5.3,1.219,1.684,0.704,1.360,1.684,-0.300,World,Wall4m,25.3,25.8,1.198,1.199,0,0,None,None,0,0,0,0,0.0288,0.0381,1.014,0.000,0
26.30,Saifuddin,AUIT_Multi,ACB,0.216,1.684,0.053,81.2,5.5,1.218,1.684,0.710,1.364,1.684,-0.293,World,Wall4m,25.1,26.1,1.198,1.199,0,0,None,None,0,0,0,0,0.0662,0.0813,1.014,0.000,0
26.40,Saifuddin,AUIT_Multi,ACB,0.217,1.684,0.058,79.5,5.9,1.210,1.684,0.726,1.370,1.684,-0.275,World,Wall4m,24.1,27.2,1.197,1.200,0,0,None,None,1,0,1,0,0.1802,0.1946,1.014,0.000,0
26.51,Saifuddin,AUIT_Multi,ACB,0.212,1.689,0.079,69.1,5.5,1.165,1.686,0.794,1.387,1.686,-0.194,World,Quad,16.9,34.3,1.192,1.206,0,0,None,None,1,0,1,0,0.7348,0.7462,1.013,0.000,0
26.61,Saifuddin,AUIT_Multi,ACB,0.199,1.691,0.110,51.9,5.3,0.977,1.689,0.951,1.400,1.689,0.055,World,Quad,10.5,41.0,1.145,1.203,0,0,None,None,1,0,1,0,2.5147,2.5673,0.990,0.000,0
26.71,Saifuddin,AUIT_Multi,ACB,0.178,1.690,0.141,34.0,6.7,0.667,1.690,1.140,1.333,1.690,0.433,World,Quad,10.4,42.2,1.113,1.192,0,0,None,None,1,0,1,0,3.7056,3.9198,0.971,0.000,0
26.81,Saifuddin,AUIT_Multi,ACB,0.158,1.689,0.163,22.0,7.0,0.324,1.690,0.990,1.187,1.690,0.761,World,Quad,12.7,38.4,0.844,1.191,0,0,None,None,1,0,1,0,3.8113,3.6471,0.894,0.000,0
26.90,Saifuddin,AUIT_Multi,ACB,0.144,1.689,0.179,14.3,7.1,0.117,1.689,0.959,1.025,1.689,0.980,World,Quad,17.7,34.1,0.780,1.191,0,0,None,None,1,0,0,0,2.1681,2.8210,0.909,0.000,0
27.00,Saifuddin,AUIT_Multi,ACB,0.137,1.690,0.196,9.6,7.1,0.011,1.690,0.903,0.901,1.690,1.107,World,CabinetD06,21.0,31.1,0.719,1.189,0,0,None,None,1,0,0,0,1.2371,1.8355,0.914,0.000,0
27.11,Saifuddin,AUIT_Multi,ACB,0.132,1.688,0.217,5.6,7.4,-0.041,1.689,0.820,0.805,1.689,1.195,World,CabinetD06,22.8,29.8,0.628,1.188,0,0,None,None,1,0,0,0,0.8799,1.1783,0.925,0.000,0
27.20,Saifuddin,AUIT_Multi,ACB,0.124,1.688,0.233,2.2,7.8,-0.066,1.688,0.777,0.602,1.689,1.066,World,CabinetD06,22.7,28.7,0.576,0.960,0,0,None,None,1,0,0,0,0.5570,2.6980,0.728,0.000,0
27.31,Saifuddin,AUIT_Multi,ACB,0.103,1.692,0.260,354.3,7.7,-0.089,1.690,0.709,0.318,1.690,0.851,World,Quad,19.0,26.6,0.488,0.629,0,0,None,None,1,0,0,0,0.6901,3.3872,0.431,0.000,0
27.40,Saifuddin,AUIT_Multi,ACB,0.086,1.692,0.281,346.7,8.3,-0.116,1.692,0.679,0.215,1.692,1.108,World,Quad,15.8,23.6,0.446,0.836,0,0,None,None,1,1,0,1,0.4101,2.8436,0.541,0.000,0
27.51,Saifuddin,AUIT_Multi,ACB,0.070,1.697,0.300,341.7,7.0,-0.165,1.694,0.612,0.258,1.694,1.429,World,CabinetD07,19.8,28.4,0.391,1.145,0,0,None,None,1,0,0,0,0.7531,2.9298,0.920,0.000,0
27.61,Saifuddin,AUIT_Multi,ACB,0.061,1.702,0.314,338.0,5.6,-0.207,1.698,0.596,0.188,1.698,1.372,World,Wall4m,22.3,29.2,0.389,1.066,0,0,None,None,1,0,0,0,0.4706,0.9323,0.871,0.000,0
27.71,Saifuddin,AUIT_Multi,ACB,0.055,1.698,0.325,333.1,5.6,-0.221,1.699,0.618,0.108,1.694,1.146,World,Quad,17.4,31.0,0.402,0.823,0,0,None,None,1,0,0,0,0.2637,2.4642,0.622,0.000,0
27.80,Saifuddin,AUIT_Multi,ACB,0.053,1.700,0.324,323.4,7.1,-0.221,1.700,0.638,0.015,1.687,0.959,World,Quad,8.3,33.6,0.417,0.636,0,0,None,None,1,0,0,0,0.2095,2.1479,0.399,0.000,0
27.90,Saifuddin,AUIT_Multi,ACB,0.059,1.703,0.316,312.5,5.0,-0.221,1.701,0.677,-0.125,1.688,0.934,World,Quad,10.7,31.1,0.457,0.645,0,0,None,None,1,0,0,0,0.3956,1.4533,0.275,0.000,0
28.01,Saifuddin,AUIT_Multi,ACB,0.078,1.698,0.307,301.5,7.5,-0.221,1.701,0.685,-0.240,1.699,0.979,World,Refrigerator03,21.4,33.8,0.482,0.744,0,0,None,None,1,0,0,0,0.0711,1.1270,0.295,1.000,0
28.11,Saifuddin,AUIT_Multi,ACB,0.104,1.694,0.306,293.8,11.8,-0.222,1.701,0.709,-0.243,1.698,0.799,World,Refrigerator03,29.8,33.1,0.519,0.603,0,0,None,None,0,0,0,0,0.2510,1.8614,0.092,1.000,0
28.21,Saifuddin,AUIT_Multi,ACB,0.129,1.685,0.314,292.6,14.1,-0.223,1.700,0.740,-0.242,1.693,0.718,World,Refrigerator03,31.8,28.9,0.553,0.549,0,0,None,None,0,0,0,0,0.3161,0.8289,0.029,1.000,0
28.30,Saifuddin,AUIT_Multi,ACB,0.146,1.665,0.319,295.2,19.9,-0.223,1.698,0.795,-0.245,1.681,0.717,World,Refrigerator03,35.2,29.3,0.603,0.558,0,0,None,None,0,0,0,0,0.5747,0.1323,0.083,1.000,0
28.40,Saifuddin,AUIT_Multi,ACB,0.155,1.653,0.315,295.9,24.1,-0.211,1.695,0.852,-0.304,1.664,0.424,World,Refrigerator03,40.3,28.3,0.651,0.472,0,0,None,None,0,0,0,0,0.6005,3.0857,0.440,0.000,0
28.51,Saifuddin,AUIT_Multi,ACB,0.161,1.649,0.302,293.5,25.4,-0.213,1.695,0.885,-0.322,1.652,0.323,World,Refrigerator03,43.9,32.8,0.694,0.484,0,0,None,None,0,0,0,0,0.2945,0.9254,0.574,0.000,0
28.61,Saifuddin,AUIT_Multi,ACB,0.168,1.650,0.290,292.3,24.6,-0.216,1.696,0.916,-0.324,1.650,0.288,World,Refrigerator03,45.0,32.7,0.736,0.492,0,0,None,None,0,0,0,0,0.3210,0.3597,0.638,0.000,0
28.71,Saifuddin,AUIT_Multi,ACB,0.175,1.655,0.281,291.8,22.3,-0.172,1.668,0.758,-0.292,1.632,0.301,World,Refrigerator03,39.2,27.0,0.590,0.468,0,0,None,None,0,0,0,0,1.7080,0.3985,0.474,0.000,0
28.81,Saifuddin,AUIT_Multi,ACB,0.184,1.665,0.278,293.1,18.5,-0.191,1.650,0.739,-0.222,1.595,0.358,World,Refrigerator03,32.2,14.6,0.594,0.419,0,0,None,None,0,1,0,0,0.3343,0.9984,0.386,0.000,0
28.90,Saifuddin,AUIT_Multi,ACB,0.191,1.676,0.274,293.0,13.8,-0.210,1.633,0.721,-0.152,1.557,0.417,World,Refrigerator03,26.6,3.9,0.602,0.390,0,0,None,None,0,1,0,0,0.3178,1.0216,0.319,0.000,0
29.01,Saifuddin,AUIT_Multi,ACB,0.192,1.680,0.261,283.6,12.9,-0.239,1.613,0.691,-0.301,1.661,0.250,World,Refrigerator03,31.5,18.1,0.613,0.493,0,0,None,None,0,1,0,0,0.4198,2.2258,0.448,0.000,0
29.11,Saifuddin,AUIT_Multi,ACB,0.190,1.677,0.249,275.0,14.1,-0.263,1.594,0.659,-0.323,1.677,0.147,World,Refrigerator03,36.9,21.4,0.617,0.523,0,0,None,None,0,1,0,0,0.4562,1.0889,0.522,0.000,0
29.21,Saifuddin,AUIT_Multi,ACB,0.186,1.674,0.242,268.1,15.6,-0.281,1.575,0.625,-0.328,1.676,0.053,World,Refrigerator03,40.7,24.0,0.612,0.548,0,0,None,None,0,1,0,0,0.4423,0.9745,0.582,0.000,0
29.31,Saifuddin,AUIT_Multi,ACB,0.183,1.669,0.238,262.4,16.7,-0.299,1.555,0.597,-0.324,1.673,-0.023,World,Refrigerator03,43.4,25.8,0.612,0.570,0,0,None,None,0,0,0,0,0.3928,0.7744,0.631,0.000,0
29.40,Saifuddin,AUIT_Multi,ACB,0.184,1.669,0.235,257.9,17.4,-0.317,1.536,0.571,-0.268,1.669,-0.054,World,Refrigerator03,44.6,26.7,0.617,0.536,0,0,None,None,0,0,0,0,0.3843,0.6659,0.640,0.000,0
29.51,Saifuddin,AUIT_Multi,ACB,0.191,1.673,0.232,256.0,16.2,-0.337,1.516,0.544,-0.238,1.670,-0.089,World,Refrigerator03,42.9,27.7,0.633,0.536,0,0,None,None,0,0,0,0,0.3537,0.4187,0.660,0.000,0
29.61,Saifuddin,AUIT_Multi,ACB,0.197,1.675,0.229,257.1,16.7,-0.355,1.497,0.524,-0.234,1.673,-0.106,World,Refrigerator03,39.3,29.7,0.651,0.546,0,0,None,None,0,0,0,0,0.3331,0.1807,0.665,0.000,0
29.71,Saifuddin,AUIT_Multi,ACB,0.199,1.676,0.224,259.2,16.5,-0.258,1.575,0.414,-0.232,1.675,-0.102,World,Refrigerator03,32.8,30.6,0.505,0.541,0,0,None,None,0,0,0,0,1.6965,0.0467,0.527,0.000,0
29.80,Saifuddin,AUIT_Multi,ACB,0.190,1.677,0.211,262.6,16.0,-0.196,1.660,0.338,-0.234,1.676,-0.082,World,Refrigerator03,28.8,31.2,0.406,0.515,0,0,None,None,0,0,0,0,1.3455,0.2071,0.423,0.000,0
29.90,Saifuddin,AUIT_Multi,ACB,0.174,1.676,0.186,264.6,16.7,-0.203,1.675,0.333,-0.244,1.677,-0.066,World,Refrigerator03,31.1,30.4,0.404,0.488,0,0,None,None,0,0,0,0,0.1692,0.1963,0.401,0.000,0
30.01,Saifuddin,AUIT_Multi,ACB,0.151,1.676,0.148,264.6,18.0,-0.209,1.675,0.309,-0.243,1.675,-0.068,World,Refrigerator03,34.1,29.1,0.394,0.449,0,0,None,None,0,0,0,0,0.2226,0.0187,0.378,0.000,0
30.11,Saifuddin,AUIT_Multi,ACB,0.127,1.680,0.114,264.4,18.2,-0.214,1.677,0.272,-0.235,1.677,-0.082,World,Refrigerator03,34.8,28.7,0.376,0.411,0,0,None,None,0,0,0,0,0.3830,0.1677,0.354,0.000,0
30.21,Saifuddin,AUIT_Multi,ACB,0.101,1.678,0.085,265.8,18.9,-0.221,1.679,0.235,-0.236,1.675,-0.084,World,Refrigerator03,34.4,28.7,0.356,0.377,0,0,None,None,0,0,0,0,0.3888,0.0324,0.320,0.000,0
30.30,Saifuddin,AUIT_Multi,ACB,0.077,1.677,0.060,267.5,19.6,-0.228,1.678,0.208,-0.258,1.655,-0.018,World,Refrigerator03,34.2,18.9,0.340,0.345,0,0,None,None,0,1,0,0,0.2875,0.7455,0.229,0.000,0
30.40,Saifuddin,AUIT_Multi,ACB,0.056,1.675,0.040,270.2,19.6,-0.236,1.677,0.190,-0.280,1.634,0.049,World,Refrigerator03,33.2,12.7,0.328,0.338,0,0,None,None,0,1,0,0,0.2011,0.7612,0.154,0.000,0
30.51,Saifuddin,AUIT_Multi,ACB,0.037,1.670,0.025,273.2,20.5,-0.243,1.673,0.178,-0.251,1.657,-0.037,World,Refrigerator03,32.7,23.2,0.319,0.295,0,0,None,None,0,1,0,0,0.1275,0.8384,0.216,0.000,0
30.61,Saifuddin,AUIT_Multi,ACB,0.025,1.667,0.020,276.6,20.7,-0.248,1.670,0.179,-0.247,1.668,-0.077,World,Refrigerator03,31.4,33.0,0.316,0.288,0,0,None,None,0,0,0,0,0.0661,0.4272,0.256,0.000,0
30.71,Saifuddin,AUIT_Multi,ACB,0.019,1.664,0.021,281.4,21.5,-0.254,1.667,0.197,-0.297,1.666,-0.079,World,Refrigerator03,30.3,35.8,0.324,0.331,0,0,None,None,0,0,0,0,0.1950,0.5125,0.280,0.000,0
30.80,Saifuddin,AUIT_Multi,ACB,0.017,1.665,0.024,285.6,21.2,-0.258,1.665,0.230,-0.326,1.665,-0.059,World,Refrigerator03,29.7,35.4,0.344,0.353,0,0,None,None,0,0,0,0,0.3402,0.3666,0.296,0.000,0
30.90,Saifuddin,AUIT_Multi,ACB,0.017,1.666,0.024,288.0,20.7,-0.260,1.665,0.263,-0.329,1.665,-0.034,World,Refrigerator03,30.2,33.8,0.366,0.351,0,0,None,None,0,0,0,0,0.3427,0.2606,0.304,0.000,0
31.01,Saifuddin,AUIT_Multi,ACB,0.016,1.668,0.021,289.3,20.1,-0.262,1.666,0.285,-0.330,1.666,-0.019,World,Refrigerator03,30.9,32.1,0.383,0.348,0,0,None,None,0,0,0,0,0.1981,0.1339,0.311,0.000,0
31.11,Saifuddin,AUIT_Multi,ACB,0.014,1.668,0.021,290.1,19.7,-0.263,1.668,0.293,-0.330,1.668,-0.014,World,Refrigerator03,30.9,32.1,0.388,0.345,0,0,None,None,0,0,0,0,0.0849,0.0556,0.314,0.000,0
31.21,Saifuddin,AUIT_Multi,ACB,0.010,1.666,0.026,292.1,20.4,-0.264,1.668,0.304,-0.330,1.668,-0.005,World,Refrigerator03,30.7,33.7,0.391,0.341,0,0,None,None,0,0,0,0,0.1199,0.0868,0.316,0.000,0
31.30,Saifuddin,AUIT_Multi,ACB,0.008,1.664,0.032,294.3,21.5,-0.264,1.666,0.324,-0.330,1.666,0.011,World,Refrigerator03,31.1,34.9,0.399,0.338,0,0,None,None,0,0,0,0,0.2065,0.1638,0.320,0.000,0
31.40,Saifuddin,AUIT_Multi,ACB,0.006,1.664,0.045,297.4,21.2,-0.262,1.664,0.352,-0.330,1.664,0.032,World,Refrigerator03,29.8,35.9,0.407,0.336,0,0,None,None,0,0,0,0,0.2793,0.2167,0.327,0.000,0
31.51,Saifuddin,AUIT_Multi,ACB,0.014,1.670,0.083,311.0,19.4,-0.258,1.666,0.445,-0.330,1.666,0.086,World,Refrigerator03,22.3,43.7,0.453,0.344,0,0,None,None,1,0,0,0,0.8448,0.4907,0.366,0.000,0
31.61,Saifuddin,AUIT_Multi,ACB,0.035,1.670,0.127,327.4,18.2,-0.185,1.670,0.645,-0.334,1.670,0.211,World,Refrigerator03_Door01,20.5,47.4,0.563,0.379,0,0,None,None,1,0,0,0,2.1969,1.2893,0.459,0.000,0
31.71,Saifuddin,AUIT_Multi,ACB,0.068,1.661,0.167,341.4,21.3,-0.039,1.667,0.943,-0.342,1.667,0.394,World,CabinetD04,24.1,46.8,0.784,0.468,0,0,None,None,1,0,0,0,3.3994,1.8802,0.626,0.000,0
31.80,Saifuddin,AUIT_Multi,ACB,0.109,1.663,0.199,354.4,20.3,0.205,1.662,1.048,-0.268,1.618,0.565,World,EggBowl,23.5,42.0,0.854,0.527,0,0,None,None,1,0,1,0,2.7408,1.9799,0.677,0.000,0
31.90,Saifuddin,AUIT_Multi,ACB,0.153,1.672,0.226,1.5,17.8,0.449,1.665,1.136,-0.199,1.565,0.754,World,Wall4m,23.8,35.1,0.957,0.644,0,0,None,None,1,0,1,0,2.6396,2.1234,0.759,0.000,0
32.01,Saifuddin,AUIT_Multi,ACB,0.205,1.677,0.256,7.4,15.1,0.599,1.673,1.073,-0.187,1.596,1.123,World,Wall4m,23.4,32.9,0.907,0.955,0,0,None,None,1,0,1,0,1.4763,3.3662,0.791,0.000,0
32.11,Saifuddin,AUIT_Multi,ACB,0.249,1.677,0.281,13.8,14.2,0.717,1.676,1.036,-0.118,1.664,1.360,World,Wall4m,22.7,35.0,0.888,1.140,0,0,None,None,1,0,1,0,1.2807,2.6357,0.896,0.000,0
32.21,Saifuddin,AUIT_Multi,ACB,0.287,1.678,0.307,20.9,13.0,0.868,1.677,1.022,0.068,1.675,1.281,World,Wall4m,22.2,35.6,0.922,0.999,0,0,None,None,1,0,1,0,1.5569,2.0892,0.841,0.000,0
32.30,Saifuddin,AUIT_Multi,ACB,0.314,1.680,0.337,24.8,11.6,1.103,1.678,1.088,0.219,1.665,1.246,World,Wall4m,24.4,32.3,1.090,0.915,0,0,None,None,1,0,1,0,2.5130,1.5958,0.898,0.000,0
32.40,Saifuddin,AUIT_Multi,ACB,0.333,1.684,0.374,24.3,11.1,1.149,1.681,1.062,0.356,1.650,1.130,World,Wall4m,27.6,24.0,1.068,0.757,0,0,None,None,0,1,0,0,0.5360,1.8518,0.796,0.000,0
32.51,Saifuddin,AUIT_Multi,ACB,0.345,1.684,0.423,23.4,10.5,1.057,1.684,1.011,0.419,1.653,1.224,World,Wall4m,28.8,19.8,0.923,0.804,0,0,None,None,0,1,0,1,0.9486,1.0157,0.673,0.000,0
32.61,Saifuddin,AUIT_Multi,ACB,0.338,1.680,0.471,18.7,11.5,0.988,1.683,1.020,0.308,1.678,1.568,World,Wall4m,33.0,23.2,0.850,1.097,0,0,None,None,0,1,0,1,0.7169,3.7400,0.874,0.000,0
32.71,Saifuddin,AUIT_Multi,ACB,0.318,1.685,0.507,18.3,11.2,0.896,1.681,1.056,0.208,1.680,1.658,World,Wall4m,30.0,26.0,0.797,1.157,0,0,None,None,0,0,0,0,1.0232,1.3819,0.914,0.000,0
32.80,Saifuddin,AUIT_Multi,ACB,0.301,1.700,0.539,23.2,6.8,0.857,1.679,1.060,0.260,1.673,1.520,World,CabinetD05,24.2,26.0,0.763,0.982,0,0,None,None,1,0,0,0,0.3977,1.5195,0.754,0.000,0
32.90,Saifuddin,AUIT_Multi,ACB,0.290,1.707,0.575,26.1,3.4,0.810,1.673,1.049,0.376,1.658,1.279,World,CabinetD05,21.5,19.2,0.704,0.711,0,0,None,None,1,1,0,0,0.4987,2.7510,0.492,0.000,0
33.01,Saifuddin,AUIT_Multi,ACB,0.290,1.703,0.622,28.2,2.9,0.756,1.663,1.034,0.451,1.663,1.264,World,CabinetD05,20.3,14.0,0.624,0.663,0,0,None,None,1,1,0,0,0.5120,0.6992,0.382,0.000,0
33.11,Saifuddin,AUIT_Multi,ACB,0.301,1.703,0.667,30.1,5.2,0.715,1.656,1.024,0.450,1.697,1.578,World,CabinetD05,19.0,21.4,0.549,0.923,0,0,None,None,1,1,0,1,0.4492,3.2425,0.615,0.000,0
33.21,Saifuddin,AUIT_Multi,ACB,0.323,1.696,0.711,32.2,6.8,0.680,1.648,1.007,0.457,1.701,1.628,World,Quad,18.0,24.8,0.467,0.927,0,0,None,None,1,1,0,1,0.4059,0.5183,0.661,0.000,0
33.30,Saifuddin,AUIT_Multi,ACB,0.356,1.687,0.756,33.9,9.3,0.647,1.638,0.994,0.464,1.695,1.634,World,Quad,16.8,28.5,0.380,0.885,0,0,None,None,1,0,0,0,0.3755,0.1137,0.668,0.000,0
33.40,Saifuddin,AUIT_Multi,ACB,0.398,1.679,0.806,34.1,10.1,0.627,1.630,0.994,0.500,1.687,1.637,World,Quad,16.3,29.0,0.300,0.837,0,0,None,None,1,0,0,0,0.2186,0.3846,0.658,0.000,0
33.51,Saifuddin,AUIT_Multi,ACB,0.459,1.674,0.867,32.9,12.6,0.550,1.619,0.969,0.539,1.677,1.657,World,Quad,12.6,29.9,0.148,0.794,0,0,None,None,1,0,0,0,0.7349,0.3989,0.690,0.000,0
33.61,Saifuddin,AUIT_Multi,ACB,0.512,1.675,0.916,32.7,14.2,0.515,1.613,0.963,0.582,1.675,1.711,World,Wall4m,45.7,30.8,0.078,0.797,0,0,None,None,0,0,0,0,0.3777,0.7103,0.754,0.000,0
33.71,Saifuddin,AUIT_Multi,ACB,0.556,1.674,0.959,33.0,15.4,0.461,1.604,0.944,0.617,1.675,1.659,World,Wall4m,111.4,31.7,0.119,0.703,0,0,None,None,0,0,0,0,0.5931,0.6413,0.736,0.000,0
33.80,Saifuddin,AUIT_Multi,ACB,0.586,1.674,0.995,32.7,17.1,0.827,1.651,1.149,0.661,1.669,1.594,World,Wall4m,27.2,30.2,0.287,0.603,0,0,None,None,0,0,0,0,4.3583,0.8119,0.475,0.000,0
33.90,Saifuddin,AUIT_Multi,ACB,0.608,1.674,1.026,31.3,17.4,0.913,1.671,1.209,0.709,1.656,1.473,World,Wall4m,32.1,23.6,0.356,0.459,0,0,None,None,0,1,0,0,1.0898,1.3417,0.334,0.000,0
34.00,Saifuddin,AUIT_Multi,ACB,0.624,1.672,1.053,30.0,18.0,0.903,1.673,1.226,0.757,1.642,1.347,World,Wall4m,33.2,13.8,0.328,0.324,0,0,None,None,0,1,0,0,0.2065,1.3775,0.193,0.000,0
34.11,Saifuddin,AUIT_Multi,ACB,0.639,1.667,1.081,29.8,18.9,0.899,1.671,1.249,0.691,1.666,1.608,World,Wall4m,33.2,30.3,0.309,0.529,0,0,None,None,0,0,0,0,0.2170,2.4500,0.414,0.000,0
34.21,Saifuddin,AUIT_Multi,ACB,0.647,1.661,1.101,29.8,20.4,0.898,1.666,1.265,0.689,1.666,1.643,World,Wall4m,34.0,32.5,0.300,0.544,0,0,None,None,0,0,0,0,0.1724,0.3628,0.432,0.000,0
34.31,Saifuddin,AUIT_Multi,ACB,0.651,1.656,1.112,29.8,21.7,0.901,1.658,1.285,0.704,1.654,1.620,World,Wall4m,33.3,31.6,0.304,0.511,0,0,None,None,0,0,0,0,0.2158,0.3075,0.389,0.000,0
34.40,Saifuddin,AUIT_Multi,ACB,0.652,1.653,1.116,29.7,21.9,0.909,1.644,1.318,0.747,1.629,1.534,World,Wall4m,29.6,24.7,0.327,0.429,0,0,None,None,0,1,0,0,0.3831,1.0231,0.270,0.000,0
34.51,Saifuddin,AUIT_Multi,ACB,0.651,1.652,1.116,30.2,21.9,0.918,1.629,1.358,0.799,1.600,1.438,World,Wall4m,25.2,14.7,0.361,0.358,0,0,None,None,0,1,0,0,0.3892,1.0149,0.147,0.000,0
34.61,Saifuddin,AUIT_Multi,ACB,0.648,1.652,1.115,30.4,21.8,0.926,1.616,1.392,0.788,1.642,1.613,World,Wall4m,21.8,25.1,0.395,0.518,0,0,None,None,1,0,0,0,0.3813,1.8338,0.262,0.000,0
34.71,Saifuddin,AUIT_Multi,ACB,0.645,1.652,1.113,30.2,21.4,0.933,1.604,1.422,0.793,1.651,1.646,World,Wall4m,19.3,25.7,0.425,0.553,0,0,None,None,1,0,0,0,0.3463,0.3619,0.269,0.000,0
34.81,Saifuddin,AUIT_Multi,ACB,0.643,1.651,1.111,30.1,21.9,0.939,1.591,1.451,0.790,1.652,1.650,World,Wall4m,17.7,26.3,0.455,0.558,0,0,None,None,1,0,0,0,0.3341,0.0476,0.256,0.000,0
34.90,Saifuddin,AUIT_Multi,ACB,0.642,1.651,1.110,30.5,21.8,0.944,1.579,1.476,0.789,1.651,1.650,World,Wall4m,15.8,26.4,0.480,0.560,0,0,None,None,1,0,0,0,0.2869,0.0095,0.244,0.000,0
35.01,Saifuddin,AUIT_Multi,ACB,0.640,1.653,1.108,30.3,21.3,0.953,1.562,1.513,0.789,1.651,1.650,World,Wall4m,13.4,25.7,0.521,0.562,0,0,None,None,1,0,0,0,0.3735,0.0016,0.232,0.000,0
35.11,Saifuddin,AUIT_Multi,ACB,0.637,1.658,1.105,30.8,19.2,0.959,1.551,1.539,0.789,1.654,1.650,World,Quad,9.7,24.0,0.551,0.566,0,0,None,None,1,1,0,0,0.2985,0.0261,0.227,0.000,0
35.21,Saifuddin,AUIT_Multi,ACB,0.632,1.664,1.100,30.6,16.9,0.965,1.539,1.568,0.788,1.659,1.650,World,Quad,6.6,21.9,0.588,0.572,0,0,None,None,1,1,0,0,0.3204,0.0532,0.228,0.000,0
35.31,Saifuddin,AUIT_Multi,ACB,0.625,1.667,1.093,29.4,15.4,0.900,1.597,1.446,0.781,1.665,1.649,World,Quad,10.6,20.3,0.453,0.578,0,0,None,None,1,1,0,0,1.5595,0.0983,0.245,0.000,0
35.40,Saifuddin,AUIT_Multi,ACB,0.620,1.670,1.084,28.9,14.9,0.882,1.657,1.368,0.767,1.668,1.649,World,CabinetD05,18.7,20.3,0.388,0.584,0,0,None,None,1,1,0,0,1.0217,0.1426,0.304,0.000,0
35.50,Saifuddin,AUIT_Multi,ACB,0.615,1.679,1.074,28.6,12.5,0.893,1.671,1.367,0.761,1.672,1.649,World,CabinetD05,18.5,18.6,0.404,0.593,0,0,None,None,1,1,0,0,0.1736,0.0812,0.311,0.000,0
35.61,Saifuddin,AUIT_Multi,ACB,0.606,1.690,1.065,25.1,8.0,0.892,1.682,1.365,0.729,1.682,1.647,World,CabinetD05,19.7,15.0,0.415,0.596,0,0,None,None,1,1,0,0,0.1007,0.2989,0.326,0.000,0
35.71,Saifuddin,AUIT_Multi,ACB,0.597,1.695,1.058,22.0,6.3,0.890,1.690,1.363,0.663,1.690,1.651,World,CabinetD05,22.4,16.8,0.423,0.597,0,0,None,None,1,1,0,0,0.0894,0.6902,0.367,0.000,0
35.81,Saifuddin,AUIT_Multi,ACB,0.584,1.696,1.045,18.6,5.6,0.888,1.694,1.361,0.588,1.694,1.781,World,CabinetD05,25.9,19.0,0.438,0.736,0,0,None,None,0,1,0,0,0.0581,1.5345,0.516,0.000,0
35.90,Saifuddin,AUIT_Multi,ACB,0.564,1.701,1.025,15.0,4.6,0.885,1.697,1.373,0.514,1.697,1.670,World,CabinetD05,27.9,19.9,0.473,0.647,0,0,None,None,0,1,0,0,0.1302,1.3737,0.475,0.000,0
36.00,Saifuddin,AUIT_Multi,ACB,0.540,1.704,0.999,11.2,3.7,0.875,1.701,1.403,0.446,1.701,1.649,World,CabinetD05,28.6,19.7,0.525,0.656,0,0,None,None,0,1,0,0,0.3334,0.7321,0.494,0.000,0
36.11,Saifuddin,AUIT_Multi,ACB,0.510,1.702,0.968,8.6,4.8,0.856,1.703,1.443,0.366,1.703,1.646,World,CabinetD05,27.9,21.2,0.587,0.693,0,0,None,None,0,1,0,0,0.3973,0.7227,0.530,0.000,0
36.21,Saifuddin,AUIT_Multi,ACB,0.485,1.703,0.942,8.4,6.1,0.837,1.702,1.459,0.310,1.702,1.645,World,CabinetD05,26.6,23.1,0.626,0.725,0,0,None,None,0,1,0,0,0.2492,0.5766,0.560,0.000,0
36.31,Saifuddin,AUIT_Multi,ACB,0.459,1.701,0.919,7.5,5.3,0.824,1.703,1.460,0.271,1.703,1.644,World,Wall4m,27.1,22.6,0.652,0.749,0,0,None,None,0,1,0,0,0.1405,0.3985,0.583,0.000,0
36.40,Saifuddin,AUIT_Multi,ACB,0.434,1.692,0.900,4.9,7.3,0.801,1.699,1.472,0.219,1.699,1.643,World,CabinetD06,28.8,22.4,0.680,0.773,0,0,None,None,0,1,0,0,0.2669,0.5377,0.607,0.000,0
36.50,Saifuddin,AUIT_Multi,ACB,0.411,1.685,0.883,3.0,8.3,0.758,1.691,1.468,0.188,1.691,1.564,World,CabinetD06,28.9,22.9,0.680,0.716,0,0,None,None,0,1,0,0,0.4578,0.8842,0.578,0.000,0
36.61,Saifuddin,AUIT_Multi,ACB,0.388,1.683,0.870,359.6,8.8,0.708,1.685,1.462,0.181,1.685,1.425,World,CabinetD06,30.0,21.9,0.673,0.592,0,0,None,None,0,1,0,0,0.4578,1.2484,0.528,0.000,0
36.71,Saifuddin,AUIT_Multi,ACB,0.371,1.685,0.859,354.8,9.0,0.647,1.684,1.458,0.176,1.684,1.304,World,CabinetD06,31.2,20.4,0.659,0.485,0,0,None,None,0,1,0,0,0.6220,1.2517,0.496,0.000,0
36.81,Saifuddin,AUIT_Multi,ACB,0.355,1.689,0.849,350.2,7.2,0.578,1.686,1.456,0.133,1.686,1.254,World,CabinetD06,30.7,20.0,0.646,0.461,0,0,None,None,0,1,0,0,0.7199,0.6715,0.488,0.000,0
36.90,Saifuddin,AUIT_Multi,ACB,0.340,1.691,0.837,345.7,6.3,0.512,1.689,1.450,0.045,1.687,1.368,World,CabinetD06Door,30.5,15.9,0.636,0.607,0,1,None,CabinetD06Door,0,1,0,0,0.6798,1.4784,0.474,0.000,0
37.00,Saifuddin,AUIT_Multi,ACB,0.326,1.698,0.824,340.6,4.6,0.447,1.693,1.445,0.109,1.687,1.312,World,CabinetD06Door,30.6,5.7,0.633,0.535,0,0,None,None,0,1,0,0,0.6658,0.8737,0.363,0.000,0
37.11,Saifuddin,AUIT_Multi,ACB,0.313,1.702,0.810,335.6,2.6,0.367,1.699,1.340,-0.083,1.692,1.382,World,CabinetD06Door,30.2,10.5,0.533,0.695,0,0,None,None,0,1,0,0,1.1968,1.8522,0.452,0.000,0
37.21,Saifuddin,AUIT_Multi,ACB,0.309,1.703,0.802,334.6,2.5,0.322,1.702,1.287,-0.316,1.701,1.380,World,CabinetD07,27.0,22.0,0.485,0.851,0,0,None,None,0,1,0,1,0.7082,2.3719,0.645,0.000,0
37.31,Saifuddin,AUIT_Multi,ACB,0.309,1.704,0.797,336.1,1.8,0.311,1.703,1.335,-0.284,1.703,1.309,World,CabinetD06Door,24.2,25.3,0.538,0.784,0,0,None,None,1,0,0,0,0.5140,0.8110,0.596,0.000,0
37.40,Saifuddin,AUIT_Multi,ACB,0.310,1.705,0.793,337.2,1.5,0.312,1.704,1.324,-0.319,1.703,1.397,World,CabinetD06Door,23.1,23.4,0.530,0.872,0,0,None,None,1,1,0,1,0.1229,0.9791,0.635,0.000,0
37.50,Saifuddin,AUIT_Multi,ACB,0.310,1.705,0.790,337.4,1.1,0.302,1.705,1.304,-0.114,1.703,1.334,World,CabinetD06Door,21.8,15.4,0.515,0.689,0,0,None,None,1,1,0,0,0.2209,2.2069,0.417,0.000,0
37.61,Saifuddin,AUIT_Multi,ACB,0.309,1.704,0.790,338.5,1.5,0.293,1.706,1.288,-0.021,1.702,1.345,World,CabinetD06Door,19.7,9.3,0.498,0.646,0,0,None,None,1,1,0,0,0.1739,0.8438,0.318,0.000,0
37.71,Saifuddin,AUIT_Multi,ACB,0.311,1.703,0.790,341.0,1.9,0.286,1.706,1.293,-0.376,1.703,1.648,World,Quad,16.3,19.8,0.504,1.099,0,0,None,None,1,1,0,1,0.0912,4.8078,0.751,0.000,0
37.81,Saifuddin,AUIT_Multi,ACB,0.313,1.702,0.791,344.1,2.1,0.290,1.707,1.311,-0.432,1.703,1.716,World,Quad,13.7,23.0,0.520,1.187,0,0,None,None,1,1,0,1,0.1837,0.9000,0.828,0.000,0
37.90,Saifuddin,AUIT_Multi,ACB,0.312,1.702,0.791,346.0,2.3,0.293,1.708,1.299,-0.439,1.702,1.724,World,Quad,12.2,24.9,0.509,1.198,0,0,None,None,1,1,0,1,0.1194,0.1165,0.846,0.000,0
38.01,Saifuddin,AUIT_Multi,ACB,0.306,1.701,0.791,345.5,2.7,0.283,1.709,1.284,-0.441,1.701,1.727,World,Quad,12.3,24.3,0.494,1.198,0,0,None,None,1,1,0,1,0.1635,0.0275,0.849,0.000,0
38.11,Saifuddin,AUIT_Multi,ACB,0.300,1.701,0.789,343.6,2.9,0.269,1.710,1.274,-0.442,1.701,1.729,World,Quad,13.4,22.1,0.487,1.198,0,0,None,None,1,1,0,1,0.1701,0.0281,0.845,0.000,0
38.21,Saifuddin,AUIT_Multi,ACB,0.295,1.699,0.786,341.1,3.6,0.252,1.710,1.262,-0.444,1.700,1.730,World,Quad,14.5,19.5,0.479,1.200,0,0,None,None,1,1,0,1,0.2230,0.0231,0.838,0.000,0
38.31,Saifuddin,AUIT_Multi,ACB,0.296,1.697,0.783,338.3,4.4,0.236,1.711,1.202,-0.444,1.699,1.730,World,Quad,14.9,16.9,0.424,1.202,0,0,None,None,1,1,0,1,0.6381,0.0139,0.861,0.000,0
38.40,Saifuddin,AUIT_Multi,ACB,0.306,1.693,0.782,337.5,5.7,0.242,1.703,1.184,-0.442,1.696,1.728,World,Quad,15.2,16.8,0.407,1.206,0,0,None,None,1,1,0,1,0.2153,0.0458,0.874,0.000,0
38.50,Saifuddin,AUIT_Multi,ACB,0.321,1.691,0.782,338.4,6.4,0.262,1.694,1.200,-0.437,1.693,1.722,World,Quad,15.2,18.4,0.422,1.208,0,0,None,None,1,1,0,1,0.2837,0.0810,0.873,0.000,0
38.61,Saifuddin,AUIT_Multi,ACB,0.333,1.690,0.784,338.6,6.7,0.288,1.691,1.266,-0.431,1.691,1.715,World,Quad,17.5,19.1,0.485,1.205,0,0,None,None,1,1,0,1,0.6449,0.0846,0.848,0.000,0
38.71,Saifuddin,AUIT_Multi,ACB,0.337,1.691,0.786,337.2,6.4,0.300,1.690,1.247,-0.430,1.690,1.710,World,Quad,19.3,18.0,0.463,1.201,0,0,None,None,1,1,0,1,0.2298,0.0508,0.864,0.000,0
38.81,Saifuddin,AUIT_Multi,ACB,0.339,1.690,0.788,336.5,6.8,0.300,1.690,1.250,-0.456,1.690,1.686,World,CabinetD06Door,19.9,19.2,0.464,1.200,0,0,None,None,1,1,0,1,0.0331,0.3686,0.873,0.000,0
38.90,Saifuddin,AUIT_Multi,ACB,0.336,1.692,0.788,336.2,6.2,0.300,1.691,1.251,-0.470,1.691,1.675,World,CabinetD06Door,20.3,19.4,0.465,1.198,0,0,None,None,1,1,0,1,0.0078,0.1873,0.879,0.000,0
39.00,Saifuddin,AUIT_Multi,ACB,0.329,1.693,0.786,335.6,6.4,0.300,1.692,1.251,-0.498,1.692,1.651,World,CabinetD06Door,21.7,20.3,0.467,1.197,0,0,None,None,1,1,0,1,0.0111,0.3720,0.892,0.000,0
39.11,Saifuddin,AUIT_Multi,ACB,0.321,1.693,0.781,335.6,6.7,0.300,1.692,1.252,-0.527,1.692,1.626,World,CabinetD06Door,22.6,21.7,0.472,1.198,0,0,None,None,1,1,0,1,0.0069,0.3472,0.908,0.000,0
39.21,Saifuddin,AUIT_Multi,ACB,0.318,1.694,0.774,335.7,6.1,0.300,1.693,1.249,-0.538,1.693,1.618,World,CabinetD06Door,22.9,21.9,0.475,1.201,0,0,None,None,1,1,0,1,0.0252,0.1393,0.915,0.000,0
39.31,Saifuddin,AUIT_Multi,ACB,0.320,1.696,0.769,335.6,5.5,0.300,1.695,1.245,-0.552,1.695,1.599,World,CabinetD06Door,22.6,22.6,0.476,1.204,0,0,None,None,1,1,0,1,0.0453,0.2409,0.923,0.000,0
39.40,Saifuddin,AUIT_Multi,ACB,0.328,1.696,0.768,337.3,5.2,0.310,1.696,1.343,-0.551,1.696,1.594,World,CabinetD06Door,21.5,24.6,0.575,1.206,0,0,None,None,1,1,0,1,1.0105,0.0647,0.896,0.000,0
39.50,Saifuddin,AUIT_Multi,ACB,0.338,1.695,0.768,338.7,5.2,0.349,1.696,1.412,-0.545,1.696,1.590,World,CabinetD06Door,22.8,26.3,0.644,1.206,0,0,None,None,1,0,0,0,0.8126,0.0702,0.912,0.000,0
39.61,Saifuddin,AUIT_Multi,ACB,0.349,1.693,0.769,340.3,5.6,0.387,1.695,1.427,-0.519,1.695,1.606,World,CabinetD06Door,23.7,26.9,0.660,1.206,0,0,None,None,1,0,0,0,0.3720,0.2706,0.924,0.000,0
39.71,Saifuddin,AUIT_Multi,ACB,0.354,1.691,0.768,340.5,6.3,0.409,1.693,1.427,-0.496,1.693,1.621,World,CabinetD06Door,25.0,26.2,0.661,1.204,0,0,None,None,0,0,0,0,0.2255,0.2834,0.926,0.000,0
39.81,Saifuddin,AUIT_Multi,ACB,0.355,1.690,0.767,339.7,6.8,0.415,1.691,1.426,-0.490,1.691,1.621,World,CabinetD06Door,26.3,25.3,0.662,1.202,0,0,None,None,0,0,0,0,0.0595,0.0615,0.925,0.000,0
39.90,Saifuddin,AUIT_Multi,ACB,0.352,1.690,0.765,338.6,7.1,0.407,1.690,1.426,-0.500,1.690,1.609,World,CabinetD06Door,27.0,24.9,0.664,1.199,0,0,None,None,0,1,0,1,0.0795,0.1620,0.926,0.000,0
40.00,Saifuddin,AUIT_Multi,ACB,0.345,1.691,0.760,336.6,7.0,0.389,1.690,1.416,-0.507,1.690,1.573,World,CabinetD06Door,28.0,23.9,0.657,1.177,0,0,None,None,0,1,0,1,0.2170,0.3712,0.909,0.000,0
40.11,Saifuddin,AUIT_Multi,ACB,0.334,1.692,0.754,333.2,6.7,0.351,1.691,1.303,-0.275,1.691,1.296,World,CabinetD07,29.3,22.4,0.549,0.815,0,0,None,None,0,1,0,1,1.0675,3.2383,0.626,0.000,0
40.21,Saifuddin,AUIT_Multi,ACB,0.329,1.692,0.750,330.9,6.7,0.318,1.692,1.229,-0.230,1.692,1.196,World,CabinetD07,28.5,23.3,0.480,0.715,0,0,None,None,0,1,0,0,0.8251,1.1160,0.549,0.000,0
40.31,Saifuddin,AUIT_Multi,ACB,0.332,1.691,0.751,331.0,6.9,0.299,1.692,1.215,-0.226,1.692,1.157,World,CabinetD07,25.9,25.8,0.465,0.689,0,0,None,None,0,0,0,0,0.2492,0.4132,0.528,0.000,0
40.40,Saifuddin,AUIT_Multi,ACB,0.340,1.689,0.755,333.6,7.4,0.303,1.691,1.297,-0.226,1.691,1.169,World,CabinetD07,23.6,28.4,0.544,0.702,0,0,None,None,1,0,0,0,0.8540,0.1281,0.544,0.000,0
40.50,Saifuddin,AUIT_Multi,ACB,0.348,1.686,0.760,335.8,8.0,0.330,1.689,1.381,-0.228,1.689,1.216,World,CabinetD06Door,23.9,28.6,0.621,0.734,0,0,None,None,1,0,0,0,0.9067,0.4825,0.582,0.000,0
40.61,Saifuddin,AUIT_Multi,ACB,0.354,1.683,0.764,337.5,9.2,0.363,1.686,1.424,-0.449,1.686,1.463,World,CabinetD06Door,25.0,28.0,0.660,1.065,0,0,None,None,1,0,0,0,0.4808,2.9915,0.813,0.000,0
40.71,Saifuddin,AUIT_Multi,ACB,0.355,1.682,0.765,338.1,9.6,0.382,1.683,1.426,-0.516,1.683,1.561,World,CabinetD06Door,26.0,27.3,0.661,1.180,0,0,None,None,0,0,0,0,0.2027,1.2030,0.908,0.000,0
40.81,Saifuddin,AUIT_Multi,ACB,0.353,1.681,0.765,337.7,9.9,0.389,1.682,1.426,-0.522,1.682,1.581,World,CabinetD06Door,27.2,26.5,0.662,1.196,0,0,None,None,0,0,0,0,0.0661,0.2155,0.924,0.000,0
40.90,Saifuddin,AUIT_Multi,ACB,0.345,1.682,0.764,336.7,9.9,0.380,1.681,1.416,-0.516,1.681,1.561,World,CabinetD06Door,28.1,25.7,0.653,1.174,0,0,None,None,0,0,0,0,0.1329,0.2077,0.908,0.000,0
41.00,Saifuddin,AUIT_Multi,ACB,0.330,1.687,0.760,334.2,9.1,0.356,1.683,1.316,-0.292,1.683,1.323,World,CabinetD07,29.6,23.7,0.557,0.840,0,0,None,None,0,1,0,1,1.0412,3.3146,0.648,0.000,0
41.11,Saifuddin,AUIT_Multi,ACB,0.310,1.691,0.755,329.8,7.6,0.311,1.688,1.218,-0.231,1.688,1.198,World,CabinetD07,31.1,21.8,0.462,0.699,0,0,None,None,0,1,0,0,0.9806,1.2694,0.543,0.000,0
41.21,Saifuddin,AUIT_Multi,ACB,0.295,1.692,0.753,325.3,6.8,0.268,1.691,1.169,-0.225,1.691,1.121,World,CabinetD07,31.6,21.1,0.417,0.637,0,0,None,None,0,1,0,0,0.6676,0.7934,0.496,0.000,0
41.31,Saifuddin,AUIT_Multi,ACB,0.283,1.692,0.753,319.9,6.0,0.224,1.692,1.139,-0.223,1.692,1.049,World,Wall4m,31.9,20.4,0.391,0.586,0,0,None,None,0,1,0,0,0.5547,0.7400,0.456,0.000,0
41.40,Saifuddin,AUIT_Multi,ACB,0.271,1.694,0.753,315.3,4.5,0.178,1.693,1.123,-0.222,1.693,0.982,World,Wall4m,30.9,20.7,0.382,0.544,0,0,None,None,0,1,0,0,0.4965,0.6862,0.424,0.000,0
41.50,Saifuddin,AUIT_Multi,ACB,0.264,1.694,0.754,312.2,3.8,0.137,1.694,1.120,-0.221,1.694,0.932,World,Wall4m,28.9,22.2,0.388,0.516,0,0,None,None,0,1,0,0,0.4280,0.5138,0.404,0.000,0
41.61,Saifuddin,AUIT_Multi,ACB,0.261,1.692,0.757,311.6,4.0,0.110,1.693,1.121,-0.220,1.693,0.905,World,Refrigerator03_Door01,26.1,24.8,0.395,0.504,0,0,None,None,0,1,0,0,0.2438,0.2463,0.395,0.000,0
41.71,Saifuddin,AUIT_Multi,ACB,0.261,1.692,0.761,311.7,4.1,0.104,1.692,1.122,-0.221,1.692,0.902,World,Wall4m,25.2,25.7,0.394,0.502,0,0,None,None,0,0,0,0,0.0564,0.0286,0.392,0.000,0
41.81,Saifuddin,AUIT_Multi,ACB,0.261,1.691,0.765,312.0,4.3,0.106,1.692,1.123,-0.221,1.692,0.907,World,Wall4m,24.9,26.0,0.390,0.502,0,0,None,None,1,0,0,0,0.0194,0.0461,0.392,0.000,0
41.90,Saifuddin,AUIT_Multi,ACB,0.260,1.690,0.768,312.1,4.7,0.109,1.691,1.124,-0.221,1.691,0.913,World,Wall4m,25.3,25.8,0.387,0.502,0,0,None,None,0,0,0,0,0.0347,0.0628,0.392,0.000,0
42.00,Saifuddin,AUIT_Multi,ACB,0.260,1.689,0.770,312.2,4.9,0.109,1.690,1.125,-0.197,1.692,0.937,World,Wall4m,25.2,22.8,0.386,0.487,0,0,None,None,0,1,0,0,0.0139,0.3475,0.360,0.000,0
42.11,Saifuddin,AUIT_Multi,ACB,0.261,1.690,0.769,312.8,4.6,0.109,1.689,1.125,-0.138,1.697,0.994,World,Wall4m,24.5,14.5,0.387,0.458,0,0,None,None,1,1,0,0,0.0048,0.7396,0.280,0.000,0
42.21,Saifuddin,AUIT_Multi,ACB,0.263,1.690,0.771,314.9,4.5,0.109,1.690,1.125,-0.086,1.701,1.046,World,Wall4m,22.2,8.9,0.386,0.444,0,0,None,None,1,1,0,0,0.0103,0.7556,0.212,0.000,0
42.31,Saifuddin,AUIT_Multi,ACB,0.269,1.689,0.775,320.3,5.3,0.114,1.690,1.126,-0.199,1.692,1.018,World,Quad,16.6,23.6,0.383,0.528,0,0,None,None,1,1,0,0,0.0465,1.1979,0.331,0.000,0
42.40,Saifuddin,AUIT_Multi,ACB,0.278,1.689,0.780,327.8,5.5,0.173,1.689,1.139,-0.222,1.689,1.043,World,Quad,16.7,30.5,0.374,0.565,0,0,None,None,1,0,0,0,0.6283,0.3461,0.407,0.000,0
42.50,Saifuddin,AUIT_Multi,ACB,0.286,1.688,0.781,334.7,5.6,0.233,1.689,1.196,-0.228,1.689,1.121,World,Quad,18.9,31.6,0.419,0.616,0,0,None,None,1,0,0,0,0.8511,0.8093,0.467,0.000,0
42.61,Saifuddin,AUIT_Multi,ACB,0.290,1.688,0.773,339.3,7.0,0.295,1.688,1.340,-0.330,1.688,1.318,World,CabinetD06Door,22.3,28.8,0.566,0.826,0,0,None,None,1,0,0,0,1.4098,1.9989,0.626,0.000,0
42.71,Saifuddin,AUIT_Multi,ACB,0.293,1.691,0.759,340.9,5.9,0.335,1.689,1.380,-0.515,1.689,1.560,World,CabinetD06Door,23.6,26.8,0.622,1.137,0,0,None,None,1,0,0,0,0.5821,3.1187,0.869,0.000,0
42.81,Saifuddin,AUIT_Multi,ACB,0.299,1.694,0.739,342.8,5.4,0.359,1.691,1.384,-0.534,1.691,1.612,World,CabinetD06Door,23.1,26.9,0.647,1.206,0,0,None,None,1,0,0,0,0.2493,0.5734,0.921,0.000,0
42.90,Saifuddin,AUIT_Multi,ACB,0.313,1.696,0.716,347.6,4.4,0.406,1.694,1.417,-0.489,1.694,1.636,World,CabinetD06Door,20.4,29.0,0.707,1.221,0,0,None,None,1,0,0,0,0.5952,0.5191,0.922,0.000,0
43.00,Saifuddin,AUIT_Multi,ACB,0.330,1.696,0.691,351.7,4.5,0.479,1.696,1.413,-0.405,1.696,1.670,World,CabinetD06,20.4,28.9,0.738,1.225,0,0,None,None,1,0,0,0,0.7462,0.9364,0.920,0.000,0
43.11,Saifuddin,AUIT_Multi,ACB,0.348,1.703,0.662,354.2,4.9,0.557,1.698,1.409,-0.318,1.698,1.691,World,CabinetD06,21.8,27.5,0.776,1.226,0,0,None,None,1,0,0,0,0.7048,0.8044,0.919,0.000,0
43.21,Saifuddin,AUIT_Multi,ACB,0.362,1.703,0.638,356.4,4.0,0.610,1.703,1.400,-0.262,1.703,1.692,World,CabinetD06,21.9,27.3,0.801,1.225,0,0,None,None,1,0,1,0,0.5589,0.5833,0.919,0.000,0
43.31,Saifuddin,AUIT_Multi,ACB,0.377,1.699,0.619,359.8,4.9,0.669,1.702,1.395,-0.052,1.702,1.404,World,CabinetD06,21.4,28.9,0.830,0.895,0,0,None,None,1,0,1,0,0.6105,3.6665,0.721,0.000,0
43.40,Saifuddin,AUIT_Multi,ACB,0.391,1.694,0.605,3.9,5.9,0.722,1.698,1.344,0.084,1.698,1.255,World,CabinetD06,21.1,29.9,0.810,0.718,0,0,None,None,1,0,1,0,0.7558,2.0780,0.645,0.000,0
43.50,Saifuddin,AUIT_Multi,ACB,0.404,1.684,0.593,7.3,8.8,0.754,1.692,1.255,0.148,1.692,1.246,World,Wall4m,22.6,30.1,0.749,0.701,0,0,None,None,1,0,0,0,0.9747,0.6712,0.606,0.000,0
43.61,Saifuddin,AUIT_Multi,ACB,0.408,1.686,0.569,13.0,10.1,0.795,1.684,1.185,0.293,1.692,1.229,World,CabinetD05,21.5,25.1,0.728,0.670,0,0,None,None,1,0,0,0,0.7316,1.3107,0.504,0.000,0
43.71,Saifuddin,AUIT_Multi,ACB,0.399,1.692,0.546,16.8,7.9,0.807,1.687,1.179,0.446,1.694,1.178,World,Quad,17.6,14.9,0.752,0.633,0,0,None,None,1,1,0,0,0.1358,1.6600,0.361,0.000,0
43.81,Saifuddin,AUIT_Multi,ACB,0.384,1.695,0.529,17.8,5.9,0.804,1.692,1.175,0.453,1.694,1.485,World,Quad,16.3,14.8,0.771,0.959,0,0,None,None,1,1,0,1,0.0682,3.1711,0.468,0.000,0
43.90,Saifuddin,AUIT_Multi,ACB,0.368,1.697,0.518,16.4,4.9,0.801,1.695,1.171,0.415,1.695,1.610,World,Quad,17.8,14.7,0.784,1.093,0,0,None,None,1,1,0,1,0.0633,1.3442,0.585,0.000,0
44.00,Saifuddin,AUIT_Multi,ACB,0.356,1.703,0.508,16.0,4.6,0.799,1.698,1.168,0.351,1.698,1.625,World,Quad,18.4,16.8,0.795,1.117,0,0,None,None,1,1,0,1,0.0498,0.6772,0.641,0.000,0
44.11,Saifuddin,AUIT_Multi,ACB,0.346,1.708,0.502,16.8,3.6,0.798,1.704,1.165,0.324,1.704,1.681,World,Quad,17.8,18.2,0.802,1.180,0,0,None,None,1,1,1,1,0.0635,0.5589,0.701,0.000,1
44.21,Saifuddin,AUIT_Multi,ACB,0.336,1.708,0.499,15.5,3.8,0.798,1.707,1.161,0.317,1.707,1.697,World,CabinetD05,19.7,16.9,0.808,1.199,0,0,None,None,1,1,1,1,0.0447,0.1832,0.721,0.000,1
44.31,Saifuddin,AUIT_Multi,ACB,0.324,1.708,0.500,10.6,3.5,0.798,1.707,1.161,0.230,1.707,1.565,World,CabinetD05,25.3,16.0,0.813,1.070,0,0,None,None,0,1,0,1,0.0084,1.6360,0.697,0.000,0
44.40,Saifuddin,AUIT_Multi,ACB,0.314,1.706,0.502,6.9,4.0,0.788,1.707,1.185,0.138,1.707,1.287,World,CabinetD06,28.1,20.0,0.831,0.805,0,0,None,None,0,1,0,1,0.2701,3.0194,0.658,0.000,0
44.50,Saifuddin,AUIT_Multi,ACB,0.310,1.705,0.506,5.6,4.4,0.767,1.706,1.228,0.081,1.706,1.235,World,CabinetD06,27.0,23.4,0.855,0.764,0,0,None,None,0,1,0,0,0.4950,0.7881,0.685,0.000,0
44.61,Saifuddin,AUIT_Multi,ACB,0.307,1.703,0.510,5.0,5.4,0.750,1.705,1.256,0.017,1.705,1.332,World,CabinetD06,26.3,25.0,0.867,0.872,0,0,None,None,0,0,0,0,0.2877,1.0554,0.738,0.000,0
44.71,Saifuddin,AUIT_Multi,ACB,0.307,1.702,0.514,6.3,5.9,0.744,1.703,1.258,0.033,1.703,1.276,World,CabinetD06,24.7,26.7,0.863,0.810,0,0,None,None,1,0,1,0,0.0719,0.6045,0.711,0.000,0
44.81,Saifuddin,AUIT_Multi,ACB,0.311,1.703,0.515,9.9,6.1,0.751,1.702,1.223,0.074,1.702,1.234,World,Wall4m,22.8,28.7,0.833,0.756,0,0,None,None,1,0,1,0,0.3649,0.5991,0.677,0.000,0
44.90,Saifuddin,AUIT_Multi,ACB,0.316,1.702,0.517,13.6,6.7,0.778,1.702,1.174,0.125,1.702,1.230,World,CabinetD05,22.5,29.4,0.803,0.738,0,0,None,None,1,0,1,0,0.5820,0.5332,0.656,0.000,0
45.00,Saifuddin,AUIT_Multi,ACB,0.323,1.700,0.518,17.7,7.2,0.818,1.702,1.135,0.157,1.702,1.367,World,CabinetD05,22.3,29.6,0.791,0.865,0,0,None,None,1,0,0,0,0.5721,1.4389,0.700,0.000,0
45.11,Saifuddin,AUIT_Multi,ACB,0.333,1.700,0.515,23.5,7.0,0.885,1.700,1.095,0.215,1.700,1.612,World,CabinetD05,21.3,30.4,0.801,1.103,0,0,None,None,1,0,1,0,0.7001,2.2728,0.847,0.000,0
45.21,Saifuddin,AUIT_Multi,ACB,0.340,1.699,0.513,27.3,7.2,0.968,1.700,1.071,0.309,1.700,1.626,World,CabinetD05,22.2,29.7,0.839,1.114,0,0,None,None,1,0,1,0,0.8913,0.9836,0.862,0.000,0
45.31,Saifuddin,AUIT_Multi,ACB,0.346,1.700,0.514,29.6,7.3,1.034,1.700,1.048,0.386,1.700,1.627,World,CabinetD05,23.7,28.4,0.871,1.113,0,0,None,None,1,0,1,0,0.7137,0.7884,0.869,0.000,0
45.40,Saifuddin,AUIT_Multi,ACB,0.349,1.697,0.516,30.7,7.8,1.070,1.699,1.031,0.433,1.699,1.627,World,CabinetD05Door,25.0,27.4,0.886,1.115,0,0,None,None,0,0,0,0,0.4133,0.4868,0.872,0.000,0
45.50,Saifuddin,AUIT_Multi,ACB,0.351,1.696,0.516,31.6,8.3,1.092,1.697,1.022,0.460,1.697,1.627,World,CabinetD05Door,25.3,27.3,0.897,1.116,0,0,None,None,0,0,0,0,0.2445,0.2760,0.875,0.000,0
45.61,Saifuddin,AUIT_Multi,ACB,0.354,1.695,0.515,33.3,8.5,1.133,1.696,1.022,0.494,1.696,1.667,World,CabinetD05Door,25.0,27.6,0.930,1.161,0,0,None,None,0,0,0,0,0.3721,0.4785,0.908,0.000,0
45.71,Saifuddin,AUIT_Multi,ACB,0.356,1.695,0.514,34.9,8.7,1.208,1.695,1.038,0.531,1.695,1.695,World,CabinetD05Door,25.0,27.8,1.000,1.194,0,0,None,None,1,0,1,0,0.7858,0.4713,0.944,0.000,0
45.81,Saifuddin,AUIT_Multi,ACB,0.357,1.694,0.513,36.4,8.9,1.294,1.695,1.053,0.566,1.695,1.694,World,CabinetD05Door,25.2,27.7,1.081,1.200,0,0,None,None,0,0,0,0,0.8961,0.3604,0.970,0.000,0
45.90,Saifuddin,AUIT_Multi,ACB,0.357,1.694,0.513,37.3,9.0,1.327,1.694,1.042,0.595,1.694,1.689,World,CabinetD05Door,25.6,27.3,1.105,1.200,0,0,None,None,0,0,0,0,0.3612,0.2975,0.978,0.000,0
46.00,Saifuddin,AUIT_Multi,ACB,0.357,1.694,0.513,37.4,8.8,1.342,1.694,1.032,0.612,1.694,1.686,World,CabinetD05Door,26.3,26.5,1.113,1.200,0,0,None,None,0,0,0,0,0.1882,0.1797,0.981,0.000,0
46.11,Saifuddin,AUIT_Multi,ACB,0.354,1.695,0.516,35.4,8.4,1.261,1.695,0.998,0.603,1.695,1.689,World,CabinetD05Door,27.8,24.8,1.027,1.198,0,0,None,None,0,1,0,1,0.7901,0.0858,0.954,0.000,0
46.21,Saifuddin,AUIT_Multi,ACB,0.350,1.696,0.521,31.0,8.2,1.153,1.695,0.982,0.553,1.695,1.675,World,CabinetD05Door,30.2,22.5,0.927,1.172,0,0,None,None,0,1,0,1,1.1223,0.5306,0.917,0.000,0
46.31,Saifuddin,AUIT_Multi,ACB,0.339,1.697,0.528,22.8,7.8,1.026,1.696,1.000,0.439,1.696,1.635,World,CabinetD05,33.5,19.2,0.833,1.112,0,0,None,None,0,1,0,1,1.2822,1.2008,0.864,0.000,0
46.40,Saifuddin,AUIT_Multi,ACB,0.327,1.697,0.533,14.8,7.7,0.922,1.697,1.053,0.299,1.697,1.623,World,CabinetD05,34.8,18.0,0.790,1.090,0,0,None,None,0,1,0,1,1.2319,1.4900,0.844,0.000,0
46.50,Saifuddin,AUIT_Multi,ACB,0.311,1.696,0.537,5.0,8.4,0.835,1.697,1.182,0.171,1.697,1.346,World,CabinetD06,35.0,17.0,0.831,0.820,0,0,None,None,0,1,0,1,1.6216,3.1873,0.684,0.000,0
46.61,Saifuddin,AUIT_Multi,ACB,0.304,1.694,0.539,1.2,9.5,0.768,1.696,1.332,-0.031,1.696,1.460,World,CabinetD06,30.5,23.1,0.919,0.980,0,0,None,None,0,1,0,1,1.4835,2.0932,0.809,0.000,0
46.71,Saifuddin,AUIT_Multi,ACB,0.301,1.694,0.544,359.4,10.1,0.715,1.695,1.371,-0.166,1.695,1.605,World,CabinetD06,28.9,25.1,0.924,1.158,0,0,None,None,0,0,0,0,0.6727,2.0343,0.911,0.000,0
46.80,Saifuddin,AUIT_Multi,ACB,0.300,1.690,0.554,357.2,11.9,0.673,1.693,1.372,-0.219,1.693,1.622,World,Wall4m,29.7,25.9,0.899,1.188,0,0,None,None,0,0,0,0,0.4402,0.5833,0.926,0.000,0
46.90,Saifuddin,AUIT_Multi,ACB,0.302,1.678,0.565,354.3,17.0,0.628,1.688,1.374,-0.267,1.688,1.612,World,Wall4m,32.5,28.5,0.872,1.191,0,0,None,None,0,0,0,0,0.4649,0.4987,0.926,0.000,0
47.00,Saifuddin,AUIT_Multi,ACB,0.307,1.662,0.581,352.5,22.0,0.586,1.675,1.379,-0.311,1.675,1.598,World,Wall4m,34.8,32.4,0.845,1.189,0,0,None,None,0,0,0,0,0.4501,0.4940,0.923,0.000,0
47.11,Saifuddin,AUIT_Multi,ACB,0.310,1.650,0.602,351.6,24.6,0.558,1.660,1.384,-0.339,1.660,1.597,World,EggBowl,35.7,34.7,0.820,1.188,0,0,None,None,0,0,0,0,0.2959,0.2873,0.922,0.000,0
47.21,Saifuddin,AUIT_Multi,ACB,0.307,1.647,0.624,351.2,25.9,0.542,1.650,1.387,-0.351,1.650,1.607,World,EggBowl,36.2,35.5,0.799,1.183,0,0,None,None,0,0,0,0,0.1882,0.1892,0.920,0.000,0
47.31,Saifuddin,AUIT_Multi,ACB,0.296,1.647,0.648,350.7,24.8,0.526,1.648,1.392,-0.364,1.648,1.623,World,Wall4m,35.7,34.5,0.779,1.177,0,0,None,None,0,0,0,0,0.1761,0.2132,0.920,0.000,0
47.40,Saifuddin,AUIT_Multi,ACB,0.276,1.647,0.668,350.8,23.7,0.502,1.647,1.397,-0.384,1.647,1.641,World,Wall4m,34.9,33.8,0.764,1.176,0,0,None,None,0,0,0,0,0.2545,0.2805,0.919,0.000,0
47.50,Saifuddin,AUIT_Multi,ACB,0.246,1.662,0.682,353.1,20.4,0.488,1.651,1.403,-0.392,1.651,1.668,World,Wall4m,31.6,32.3,0.761,1.175,0,0,None,None,0,0,0,0,0.1603,0.2888,0.919,0.000,0
47.61,Saifuddin,AUIT_Multi,ACB,0.201,1.677,0.689,351.9,15.2,0.468,1.665,1.407,-0.371,1.662,1.668,World,CabinetD06Door,31.6,26.2,0.766,1.134,0,0,None,None,0,0,0,0,0.2244,0.2196,0.879,0.000,0
47.71,Saifuddin,AUIT_Multi,ACB,0.160,1.684,0.697,347.2,13.7,0.354,1.677,1.231,-0.189,1.656,1.465,World,Wall4m,35.0,16.4,0.568,0.844,0,0,None,None,0,1,0,1,2.1521,2.7970,0.592,0.000,0
47.81,Saifuddin,AUIT_Multi,ACB,0.125,1.683,0.714,344.0,13.3,0.252,1.683,1.144,0.023,1.649,1.230,World,Wall4m,34.8,10.7,0.448,0.528,0,0,None,None,0,1,0,0,1.3801,3.2539,0.247,0.000,0
47.90,Saifuddin,AUIT_Multi,ACB,0.100,1.673,0.737,344.6,17.0,0.193,1.680,1.125,-0.140,1.668,1.147,World,Wall4m,33.7,22.0,0.400,0.475,0,0,None,None,0,1,0,0,0.6361,1.8945,0.334,0.000,0
48.00,Saifuddin,AUIT_Multi,ACB,0.084,1.666,0.760,346.2,20.1,0.168,1.672,1.126,-0.231,1.670,1.151,World,Wall4m,33.5,32.0,0.376,0.502,0,0,None,None,0,0,0,0,0.2751,0.9397,0.399,0.000,0
48.11,Saifuddin,AUIT_Multi,ACB,0.073,1.663,0.789,347.1,20.1,0.156,1.666,1.132,-0.246,1.666,1.178,World,Wall4m,33.1,33.0,0.353,0.503,0,0,None,None,0,0,0,0,0.1339,0.2865,0.404,0.000,0
48.21,Saifuddin,AUIT_Multi,ACB,0.066,1.660,0.819,347.3,21.2,0.146,1.663,1.137,-0.248,1.663,1.204,World,Wall4m,33.9,33.7,0.328,0.497,0,0,None,None,0,0,0,0,0.1142,0.2679,0.400,0.000,0
48.31,Saifuddin,AUIT_Multi,ACB,0.064,1.657,0.855,347.0,21.6,0.136,1.660,1.143,-0.314,1.660,1.314,World,Wall4m,34.5,33.9,0.296,0.595,0,0,None,None,0,0,0,0,0.1280,1.3279,0.481,0.000,0
48.40,Saifuddin,AUIT_Multi,ACB,0.066,1.654,0.894,346.0,23.3,0.125,1.657,1.151,-0.602,1.657,1.705,World,Wall4m,35.6,34.1,0.263,1.050,0,0,None,None,0,0,0,0,0.1356,4.9848,0.914,0.000,0
48.50,Saifuddin,AUIT_Multi,ACB,0.071,1.655,0.934,345.2,24.1,0.117,1.654,1.160,-0.679,1.654,1.816,World,Wall4m,34.9,34.5,0.231,1.159,0,0,None,None,0,0,0,0,0.1263,1.3930,1.032,0.000,0
48.61,Saifuddin,AUIT_Multi,ACB,0.081,1.659,0.972,345.0,24.2,0.115,1.656,1.171,-0.694,1.656,1.862,World,Wall4m,33.5,34.9,0.202,1.181,0,0,None,None,0,0,0,0,0.1065,0.4313,1.064,0.000,0
48.71,Saifuddin,AUIT_Multi,ACB,0.090,1.659,0.998,345.0,24.4,0.117,1.658,1.180,-0.446,1.595,1.731,World,Wall4m,33.3,28.9,0.184,0.910,0,0,None,None,0,0,0,0,0.0966,2.9425,0.791,0.000,0
48.81,Saifuddin,AUIT_Multi,ACB,0.098,1.658,1.021,344.2,24.9,0.118,1.659,1.187,-0.211,1.536,1.601,World,Wall4m,33.5,18.5,0.167,0.668,0,0,None,None,0,1,0,0,0.0680,2.8321,0.543,0.000,0
48.90,Saifuddin,AUIT_Multi,ACB,0.103,1.655,1.040,343.4,25.1,0.119,1.657,1.192,-0.427,1.596,1.790,World,Wall4m,34.0,27.9,0.153,0.920,0,0,None,None,0,0,0,0,0.0605,3.0216,0.811,0.000,0
49.00,Saifuddin,AUIT_Multi,ACB,0.105,1.651,1.057,342.7,25.1,0.119,1.654,1.197,-0.622,1.645,1.945,World,Wall4m,34.6,32.7,0.141,1.149,0,0,None,None,0,0,0,0,0.0595,2.6141,1.053,0.000,0
49.11,Saifuddin,AUIT_Multi,ACB,0.104,1.648,1.068,341.6,26.4,0.120,1.650,1.202,-0.680,1.649,1.961,World,Wall4m,36.4,34.4,0.135,1.189,0,0,None,None,0,0,0,0,0.0589,0.5389,1.103,0.000,0
49.21,Saifuddin,AUIT_Multi,ACB,0.102,1.651,1.072,341.1,25.8,0.119,1.649,1.204,-0.715,1.649,1.944,World,Wall4m,35.5,34.8,0.133,1.195,0,0,None,None,0,0,0,0,0.0264,0.4091,1.115,0.000,0
49.31,Saifuddin,AUIT_Multi,ACB,0.098,1.652,1.075,341.3,25.7,0.116,1.651,1.204,-0.729,1.651,1.938,World,Wall4m,35.8,35.3,0.131,1.196,0,0,None,None,0,0,0,0,0.0404,0.1520,1.119,0.000,0
49.40,Saifuddin,AUIT_Multi,ACB,0.095,1.650,1.073,342.4,25.9,0.113,1.652,1.205,-0.728,1.652,1.945,World,Wall4m,35.9,36.0,0.132,1.199,0,0,None,None,0,0,0,0,0.0288,0.0731,1.120,0.000,0
49.50,Saifuddin,AUIT_Multi,ACB,0.095,1.650,1.064,344.5,26.7,0.114,1.650,1.205,-0.712,1.650,1.959,World,Wall4m,34.8,36.9,0.142,1.205,0,0,None,None,0,0,0,0,0.0194,0.2216,1.118,0.000,0
49.61,Saifuddin,AUIT_Multi,ACB,0.098,1.658,1.048,349.1,24.4,0.124,1.652,1.207,-0.557,1.652,1.848,World,Wall4m,29.6,36.5,0.161,1.034,0,0,None,None,0,0,0,0,0.0963,1.7051,0.935,0.000,0
49.71,Saifuddin,AUIT_Multi,ACB,0.101,1.665,1.032,354.2,22.0,0.159,1.659,1.268,-0.407,1.659,1.754,World,CabinetD06Door,28.1,35.8,0.243,0.882,0,0,None,None,0,0,0,0,0.7286,1.8363,0.746,0.000,0
49.81,Saifuddin,AUIT_Multi,ACB,0.105,1.667,1.017,1.5,20.3,0.227,1.665,1.362,-0.307,1.665,1.738,World,Wall4m,26.6,36.7,0.366,0.830,0,0,None,None,0,0,0,0,1.1879,1.0406,0.652,0.000,0
49.90,Saifuddin,AUIT_Multi,ACB,0.115,1.665,1.001,13.0,18.4,0.363,1.666,1.476,-0.162,1.666,1.656,World,Wall4m,23.5,39.8,0.536,0.710,0,0,None,None,1,0,0,0,1.8312,1.7133,0.555,0.000,0
50.00,Saifuddin,AUIT_Multi,ACB,0.132,1.668,0.980,23.9,17.6,0.545,1.666,1.505,0.039,1.666,1.320,World,Wall4m,22.4,42.3,0.669,0.352,0,0,None,None,1,0,0,0,1.9017,4.0362,0.539,0.000,0
50.11,Saifuddin,AUIT_Multi,ACB,0.156,1.674,0.959,30.0,15.3,0.741,1.670,1.476,0.147,1.670,1.503,World,Wall4m,23.6,34.0,0.781,0.544,0,0,None,None,1,0,0,0,1.7694,1.9028,0.595,0.000,0
50.21,Saifuddin,AUIT_Multi,ACB,0.186,1.675,0.951,33.3,14.5,0.769,1.674,1.385,0.223,1.674,1.624,World,Wall4m,24.4,33.1,0.727,0.674,0,0,None,None,1,0,0,0,0.9879,1.4808,0.596,0.000,0
50.31,Saifuddin,AUIT_Multi,ACB,0.226,1.673,0.954,35.2,14.8,0.775,1.674,1.314,0.293,1.674,1.641,World,Wall4m,26.1,32.8,0.656,0.691,0,0,None,None,0,0,0,0,0.7306,0.7345,0.583,0.000,0
50.40,Saifuddin,AUIT_Multi,ACB,0.277,1.670,0.970,35.6,15.1,0.788,1.672,1.278,0.354,1.672,1.643,World,Wall4m,27.7,32.6,0.596,0.678,0,0,None,None,0,0,0,0,0.3952,0.6377,0.567,0.000,0
50.50,Saifuddin,AUIT_Multi,ACB,0.341,1.661,0.997,35.6,15.6,0.803,1.668,1.267,0.410,1.668,1.644,World,Wall4m,28.9,33.4,0.535,0.651,0,0,None,None,0,0,0,0,0.1947,0.5646,0.545,0.000,0
50.61,Saifuddin,AUIT_Multi,ACB,0.430,1.653,1.038,34.9,18.1,0.823,1.658,1.270,0.477,1.658,1.645,World,Wall4m,30.5,35.2,0.457,0.610,0,0,None,None,0,0,0,0,0.2057,0.6173,0.511,0.000,0
50.71,Saifuddin,AUIT_Multi,ACB,0.513,1.648,1.074,36.5,18.9,0.845,1.654,1.273,0.547,1.643,1.610,World,Wall4m,29.7,37.1,0.387,0.537,0,0,None,None,0,0,0,0,0.2288,0.8260,0.450,0.000,0
50.81,Saifuddin,AUIT_Multi,ACB,0.582,1.642,1.103,38.1,22.5,0.869,1.647,1.265,0.612,1.620,1.513,World,Wall4m,32.0,38.1,0.330,0.411,0,0,None,None,0,0,0,0,0.2733,1.2225,0.358,0.000,0
50.90,Saifuddin,AUIT_Multi,ACB,0.630,1.644,1.129,37.8,23.2,0.888,1.643,1.261,0.680,1.608,1.474,World,Wall4m,33.4,33.3,0.289,0.350,0,0,None,None,0,0,0,0,0.1991,0.8142,0.299,0.000,0
51.00,Saifuddin,AUIT_Multi,ACB,0.665,1.645,1.150,35.8,23.9,0.897,1.644,1.269,0.743,1.638,1.622,World,Wall4m,35.4,34.5,0.261,0.479,0,0,None,None,0,0,0,0,0.1293,1.6838,0.386,0.000,0
51.11,Saifuddin,AUIT_Multi,ACB,0.693,1.645,1.167,32.1,24.8,0.904,1.645,1.290,0.756,1.644,1.648,World,Wall4m,36.4,34.4,0.244,0.485,0,0,None,None,0,0,0,0,0.1933,0.2655,0.388,0.000,0
51.21,Saifuddin,AUIT_Multi,ACB,0.715,1.646,1.176,30.5,24.6,0.911,1.645,1.307,0.791,1.622,1.629,World,Wall4m,35.0,29.7,0.235,0.460,0,0,None,None,0,0,0,0,0.1877,0.4685,0.345,0.000,0
51.31,Saifuddin,AUIT_Multi,ACB,0.734,1.645,1.182,29.9,25.1,0.917,1.645,1.314,0.869,1.573,1.585,World,Wall4m,34.5,18.8,0.226,0.432,0,0,None,None,0,1,0,0,0.1007,1.0577,0.285,0.000,0
51.40,Saifuddin,AUIT_Multi,ACB,0.752,1.645,1.185,29.9,25.1,0.923,1.645,1.318,0.951,1.523,1.541,World,Wall4m,33.0,8.5,0.218,0.426,0,0,None,None,0,1,0,0,0.0782,1.0813,0.255,0.000,0
51.50,Saifuddin,AUIT_Multi,ACB,0.766,1.643,1.186,29.8,25.5,0.929,1.645,1.323,0.850,1.621,1.631,World,Wall4m,32.5,29.3,0.213,0.453,0,0,None,None,0,0,0,0,0.0768,1.7192,0.319,0.000,0
51.61,Saifuddin,AUIT_Multi,ACB,0.776,1.640,1.187,29.8,26.2,0.934,1.642,1.322,0.844,1.640,1.650,World,Wall4m,32.7,33.3,0.207,0.467,0,0,None,None,0,0,0,0,0.0469,0.2423,0.339,0.000,0
51.71,Saifuddin,AUIT_Multi,ACB,0.782,1.639,1.189,29.8,26.3,0.937,1.638,1.325,0.861,1.625,1.637,World,Wall4m,31.8,31.0,0.206,0.455,0,0,None,None,0,0,0,0,0.0587,0.2592,0.322,0.000,0
51.81,Saifuddin,AUIT_Multi,ACB,0.783,1.638,1.190,30.0,26.6,0.944,1.631,1.353,0.916,1.577,1.593,World,Wall4m,28.5,21.5,0.229,0.429,0,0,None,None,0,1,0,0,0.3059,0.8797,0.247,0.000,0
51.90,Saifuddin,AUIT_Multi,ACB,0.783,1.637,1.191,30.0,26.9,0.950,1.624,1.376,0.964,1.529,1.549,World,Wall4m,26.5,12.2,0.250,0.415,0,0,None,None,0,1,0,0,0.2513,0.8305,0.198,1.000,0
52.00,Saifuddin,AUIT_Multi,ACB,0.779,1.637,1.191,29.6,27.0,0.955,1.616,1.399,0.921,1.608,1.626,World,Wall4m,24.9,25.9,0.273,0.459,0,0,None,None,1,0,0,0,0.2525,1.2192,0.230,0.000,0
52.11,Saifuddin,AUIT_Multi,ACB,0.772,1.638,1.191,28.7,26.8,0.961,1.608,1.425,0.898,1.634,1.650,World,Wall4m,23.3,29.3,0.302,0.476,0,0,None,None,1,0,0,0,0.2550,0.3797,0.235,0.000,0
52.21,Saifuddin,AUIT_Multi,ACB,0.761,1.641,1.193,26.3,26.5,0.966,1.602,1.451,0.879,1.638,1.652,World,Wall4m,22.9,28.5,0.332,0.474,0,0,None,None,1,0,0,0,0.2792,0.1933,0.222,0.000,0
52.31,Saifuddin,AUIT_Multi,ACB,0.740,1.646,1.198,20.2,25.5,0.973,1.594,1.481,0.838,1.642,1.652,World,Wall4m,25.3,26.2,0.370,0.464,0,0,None,None,0,0,0,0,0.3299,0.4287,0.222,0.000,0
52.41,Saifuddin,AUIT_Multi,ACB,0.715,1.650,1.203,11.8,24.2,0.978,1.588,1.508,0.724,1.646,1.663,World,Wall4m,31.7,25.9,0.408,0.460,0,0,None,None,0,0,0,0,0.2883,1.1821,0.303,0.000,0
52.50,Saifuddin,AUIT_Multi,ACB,0.684,1.652,1.206,0.4,23.8,0.980,1.582,1.551,0.590,1.650,1.682,World,Wall4m,41.3,26.0,0.460,0.486,0,0,None,None,0,0,0,0,0.4430,1.3854,0.417,0.000,0
52.61,Saifuddin,AUIT_Multi,ACB,0.640,1.655,1.201,346.3,21.9,0.967,1.574,1.577,0.429,1.653,1.664,World,Wall4m,53.9,24.1,0.504,0.509,0,0,None,None,0,1,0,0,0.2720,1.4630,0.551,0.000,0
52.71,Saifuddin,AUIT_Multi,ACB,0.601,1.656,1.185,337.6,22.4,0.814,1.611,1.559,0.296,1.649,1.647,World,Wall4m,52.8,24.1,0.433,0.553,0,0,None,None,0,1,0,0,1.6184,1.3674,0.526,0.000,0
52.81,Saifuddin,AUIT_Multi,ACB,0.564,1.661,1.163,335.2,21.2,0.634,1.650,1.542,0.375,1.613,1.605,World,Wall4m,39.6,15.6,0.386,0.483,0,0,None,None,0,1,0,0,1.8931,0.9866,0.269,0.000,0
52.91,Saifuddin,AUIT_Multi,ACB,0.523,1.668,1.139,335.9,20.1,0.567,1.661,1.533,0.451,1.578,1.572,World,Wall4m,35.4,16.5,0.397,0.449,0,0,None,None,0,1,0,0,0.7083,0.9266,0.148,0.879,0
53.00,Saifuddin,AUIT_Multi,ACB,0.474,1.675,1.115,336.5,19.4,0.526,1.669,1.524,0.288,1.638,1.448,World,Wall4m,35.3,14.9,0.413,0.384,0,0,None,None,0,1,0,0,0.4454,2.1969,0.252,0.000,0
53.10,Saifuddin,AUIT_Multi,ACB,0.422,1.677,1.093,334.8,19.6,0.475,1.674,1.518,0.211,1.670,1.352,World,Wall4m,37.1,22.9,0.429,0.335,0,0,None,None,0,1,0,0,0.5209,1.2957,0.312,0.000,0
53.21,Saifuddin,AUIT_Multi,ACB,0.368,1.677,1.070,332.9,20.2,0.405,1.677,1.511,0.172,1.676,1.284,World,CabinetD06Door,37.1,25.0,0.443,0.291,0,0,None,None,0,0,0,0,0.6427,0.7165,0.325,0.000,0
53.31,Saifuddin,AUIT_Multi,ACB,0.329,1.673,1.054,333.0,20.1,0.386,1.660,1.516,0.091,1.621,1.448,World,CabinetD06Door,38.0,14.1,0.466,0.463,0,1,None,CabinetD06Door,0,1,0,0,0.2636,1.9582,0.305,0.000,0
53.41,Saifuddin,AUIT_Multi,ACB,0.296,1.665,1.042,333.9,21.1,0.367,1.643,1.497,0.106,1.567,1.534,World,CabinetD06Door,38.6,11.6,0.461,0.537,0,0,None,None,0,1,0,0,0.3233,1.0536,0.274,0.000,0
53.50,Saifuddin,AUIT_Multi,ACB,0.273,1.661,1.032,335.5,23.0,0.350,1.626,1.479,-0.333,1.613,1.710,World,CabinetD06Door,38.0,26.1,0.455,0.911,0,0,None,None,0,0,0,0,0.3083,4.9117,0.721,0.000,0
53.60,Saifuddin,AUIT_Multi,ACB,0.257,1.662,1.029,338.5,23.4,0.335,1.610,1.482,-0.587,1.654,1.806,World,CabinetD06Door,34.6,34.0,0.463,1.148,0,0,None,None,0,0,0,0,0.2274,2.8366,0.978,0.000,0
53.71,Saifuddin,AUIT_Multi,ACB,0.241,1.659,1.033,341.5,24.4,0.317,1.593,1.483,-0.558,1.661,1.822,World,CabinetD06Door,31.3,35.7,0.461,1.123,0,0,None,None,0,0,0,0,0.2263,0.3060,0.941,0.000,0
53.81,Saifuddin,AUIT_Multi,ACB,0.230,1.655,1.045,341.4,25.9,0.302,1.576,1.490,-0.453,1.659,1.757,World,CabinetD06Door,30.6,35.7,0.458,0.987,0,0,None,None,0,0,0,0,0.2467,1.2787,0.805,0.000,0
53.91,Saifuddin,AUIT_Multi,ACB,0.224,1.650,1.063,338.6,27.5,0.285,1.560,1.491,-0.515,1.655,1.812,World,CabinetD06Door,31.8,35.6,0.441,1.052,0,0,None,None,0,0,0,0,0.2360,0.8492,0.867,0.000,0
54.00,Saifuddin,AUIT_Multi,ACB,0.223,1.646,1.086,335.2,29.3,0.271,1.543,1.497,-0.635,1.650,1.868,World,CabinetD06Door,32.7,36.7,0.426,1.161,0,0,None,None,0,0,0,0,0.2404,1.3695,0.984,0.000,0
54.10,Saifuddin,AUIT_Multi,ACB,0.225,1.644,1.110,333.5,30.5,0.257,1.525,1.508,-0.689,1.646,1.862,World,CabinetD06Door,31.5,38.2,0.416,1.184,0,0,None,None,0,0,0,0,0.2525,0.5626,1.018,0.000,0
54.21,Saifuddin,AUIT_Multi,ACB,0.231,1.646,1.135,332.8,30.6,0.240,1.536,1.451,-0.713,1.645,1.861,World,CabinetD06Door,28.4,38.8,0.335,1.191,0,0,None,None,0,0,0,0,0.5385,0.2138,1.043,0.000,0
54.31,Saifuddin,AUIT_Multi,ACB,0.236,1.646,1.156,332.2,30.3,0.224,1.627,1.431,-0.356,1.646,1.593,World,CabinetD06Door,35.5,38.9,0.276,0.736,0,0,None,None,0,0,0,0,0.9782,4.6017,0.602,0.000,0
54.41,Saifuddin,AUIT_Multi,ACB,0.240,1.643,1.173,331.8,30.8,0.223,1.643,1.441,-0.102,1.645,1.415,World,CabinetD06Door,38.4,40.1,0.268,0.419,0,0,None,None,0,0,0,0,0.1923,3.1875,0.326,0.000,0
54.50,Saifuddin,AUIT_Multi,ACB,0.244,1.642,1.185,332.5,31.1,0.226,1.643,1.467,0.075,1.643,1.299,World,CabinetD06Door,38.6,41.4,0.283,0.204,0,0,None,None,0,0,0,0,0.2744,2.1731,0.226,0.000,0
54.60,Saifuddin,AUIT_Multi,ACB,0.248,1.643,1.191,333.6,30.9,0.232,1.643,1.499,0.125,1.643,1.277,World,CabinetD06Door,38.0,40.8,0.308,0.150,0,0,None,None,0,0,0,0,0.3236,0.5606,0.246,0.000,0
54.71,Saifuddin,AUIT_Multi,ACB,0.251,1.646,1.192,335.6,30.2,0.242,1.644,1.535,0.145,1.644,1.274,World,CabinetD06Door,36.9,39.5,0.343,0.134,0,0,None,None,0,0,0,0,0.3419,0.1834,0.278,0.000,0
54.81,Saifuddin,AUIT_Multi,ACB,0.256,1.649,1.189,341.5,28.7,0.262,1.646,1.540,0.161,1.646,1.272,World,Wall4m,33.9,40.2,0.351,0.127,0,0,None,None,0,0,0,0,0.2159,0.1656,0.287,0.000,0
54.91,Saifuddin,AUIT_Multi,ACB,0.263,1.658,1.180,350.9,24.7,0.307,1.650,1.540,0.174,1.650,1.279,World,Wall4m,28.0,37.7,0.362,0.133,0,0,None,None,0,0,0,0,0.4572,0.1628,0.292,0.000,0
55.00,Saifuddin,AUIT_Multi,ACB,0.273,1.677,1.160,2.2,15.2,0.380,1.662,1.539,0.171,1.662,1.329,World,CabinetD06,18.6,34.3,0.395,0.198,0,0,None,None,1,0,0,0,0.7623,0.5281,0.296,0.000,0
55.10,Saifuddin,AUIT_Multi,ACB,0.287,1.685,1.131,13.7,10.2,0.490,1.677,1.541,0.162,1.677,1.477,World,Quad,15.6,34.5,0.457,0.368,0,0,None,None,1,0,0,0,1.1492,1.5353,0.334,0.000,0
55.21,Saifuddin,AUIT_Multi,ACB,0.304,1.686,1.108,22.3,10.3,0.651,1.685,1.538,0.215,1.685,1.626,World,CabinetD05,19.3,33.5,0.552,0.527,0,0,None,None,1,0,0,0,1.4451,1.4264,0.445,0.000,0
55.31,Saifuddin,AUIT_Multi,ACB,0.322,1.686,1.097,23.5,11.1,0.767,1.686,1.536,0.278,1.686,1.645,World,CabinetD05,24.4,30.0,0.625,0.551,0,0,None,None,1,0,0,0,1.1986,0.6786,0.501,0.000,0
55.41,Saifuddin,AUIT_Multi,ACB,0.347,1.682,1.093,21.0,13.9,0.795,1.685,1.528,0.301,1.685,1.647,World,CabinetD05,28.4,29.2,0.624,0.556,0,0,None,None,0,0,0,0,0.2966,0.2317,0.508,0.000,0
55.50,Saifuddin,AUIT_Multi,ACB,0.384,1.677,1.097,22.8,15.2,0.811,1.681,1.528,0.320,1.681,1.647,World,CabinetD05,26.7,33.0,0.607,0.554,0,0,None,None,0,0,0,0,0.1709,0.2009,0.506,0.000,0
55.60,Saifuddin,AUIT_Multi,ACB,0.429,1.674,1.112,24.1,15.4,0.834,1.677,1.501,0.370,1.677,1.648,World,CabinetD05,26.8,33.8,0.562,0.539,0,0,None,None,0,0,0,0,0.3672,0.5203,0.486,0.000,0
55.71,Saifuddin,AUIT_Multi,ACB,0.491,1.674,1.140,25.9,16.1,0.848,1.675,1.467,0.437,1.675,1.648,World,CabinetD05,26.8,35.4,0.484,0.511,0,0,None,None,0,0,0,0,0.3345,0.6004,0.449,0.000,0
55.81,Saifuddin,AUIT_Multi,ACB,0.550,1.663,1.170,28.8,18.5,0.861,1.671,1.436,0.519,1.666,1.701,World,Wall4m,28.3,36.7,0.409,0.532,0,0,None,None,0,0,0,0,0.3477,1.0103,0.433,0.000,0
55.91,Saifuddin,AUIT_Multi,ACB,0.607,1.651,1.198,31.5,21.3,0.875,1.661,1.405,0.606,1.649,1.583,World,Wall4m,30.8,37.3,0.339,0.385,0,0,None,None,0,0,0,0,0.3646,1.5176,0.323,0.000,0
56.00,Saifuddin,AUIT_Multi,ACB,0.651,1.642,1.219,32.8,24.5,0.889,1.650,1.385,0.693,1.632,1.534,World,Wall4m,33.8,33.3,0.290,0.319,0,0,None,None,0,0,0,0,0.2742,1.0400,0.247,0.000,0
56.10,Saifuddin,AUIT_Multi,ACB,0.683,1.638,1.232,32.5,25.7,0.900,1.642,1.376,0.717,1.639,1.632,World,Wall4m,35.1,37.0,0.261,0.402,0,0,None,None,0,0,0,0,0.1595,1.0303,0.314,0.000,0
56.21,Saifuddin,AUIT_Multi,ACB,0.707,1.636,1.237,32.0,26.4,0.909,1.638,1.374,0.742,1.638,1.651,World,Wall4m,35.4,37.4,0.244,0.416,0,0,None,None,0,0,0,0,0.0934,0.2855,0.323,0.000,0
56.31,Saifuddin,AUIT_Multi,ACB,0.720,1.635,1.237,32.0,26.6,0.911,1.631,1.376,0.767,1.625,1.639,World,Wall4m,33.4,35.0,0.236,0.404,0,0,None,None,0,0,0,0,0.0750,0.3182,0.300,0.000,0
56.41,Saifuddin,AUIT_Multi,ACB,0.726,1.635,1.237,31.4,26.1,0.907,1.616,1.396,0.814,1.589,1.595,World,Wall4m,27.3,25.4,0.242,0.372,0,0,None,None,0,0,0,0,0.2609,0.7492,0.221,0.000,0
56.50,Saifuddin,AUIT_Multi,ACB,0.728,1.634,1.237,30.7,26.3,0.902,1.601,1.416,0.858,1.554,1.553,World,Wall4m,22.7,15.3,0.252,0.351,0,0,None,None,1,1,0,0,0.2646,0.7280,0.151,1.000,0
56.60,Saifuddin,AUIT_Multi,ACB,0.730,1.633,1.239,30.2,26.6,0.896,1.585,1.430,0.851,1.612,1.629,World,Wall4m,19.0,26.8,0.258,0.409,0,0,None,None,1,0,0,0,0.2249,0.9871,0.205,0.000,0
56.71,Saifuddin,AUIT_Multi,ACB,0.730,1.630,1.241,29.1,27.1,0.888,1.567,1.447,0.841,1.630,1.652,World,Wall4m,15.6,30.1,0.267,0.426,0,0,None,None,1,0,0,0,0.2329,0.2809,0.220,0.000,0
56.81,Saifuddin,AUIT_Multi,ACB,0.728,1.630,1.243,28.6,27.3,0.882,1.552,1.462,0.833,1.630,1.654,World,Wall4m,12.5,30.6,0.278,0.424,0,0,None,None,1,0,0,0,0.2294,0.0845,0.213,0.000,0
56.91,Saifuddin,AUIT_Multi,ACB,0.727,1.630,1.244,28.5,27.0,0.875,1.537,1.476,0.828,1.630,1.654,World,Quad,9.1,30.5,0.291,0.423,0,0,None,None,1,0,0,0,0.2226,0.0498,0.207,0.000,0
57.00,Saifuddin,AUIT_Multi,ACB,0.726,1.630,1.245,28.4,27.0,0.868,1.522,1.490,0.825,1.630,1.654,World,Quad,6.2,30.5,0.303,0.421,0,0,None,None,1,0,0,0,0.2226,0.0297,0.202,0.000,0
57.10,Saifuddin,AUIT_Multi,ACB,0.727,1.629,1.249,28.3,27.2,0.862,1.506,1.504,0.823,1.630,1.654,World,Quad,4.1,30.9,0.313,0.417,0,0,None,None,1,0,0,0,0.2256,0.0195,0.199,0.000,0
57.20,Saifuddin,AUIT_Multi,ACB,0.735,1.624,1.259,27.9,27.8,0.855,1.490,1.518,0.823,1.628,1.654,World,Quad,3.8,31.9,0.316,0.405,0,0,None,None,1,0,0,0,0.2248,0.0186,0.197,0.000,0
57.31,Saifuddin,AUIT_Multi,ACB,0.753,1.613,1.277,27.1,29.5,0.873,1.545,1.481,0.823,1.622,1.655,World,Wall4m,13.8,34.6,0.247,0.384,0,0,None,None,1,0,0,0,0.6183,0.0601,0.196,0.000,0
57.41,Saifuddin,AUIT_Multi,ACB,0.770,1.600,1.293,26.4,31.5,0.919,1.599,1.461,0.823,1.611,1.655,World,CabinetDCorner01,34.4,37.4,0.224,0.366,0,0,None,None,0,0,0,0,0.7572,0.1073,0.216,0.000,0
57.51,Saifuddin,AUIT_Multi,ACB,0.785,1.589,1.306,27.0,32.9,0.935,1.597,1.458,0.823,1.599,1.655,World,CabinetDCorner01,38.9,39.6,0.214,0.351,0,0,None,None,0,0,0,0,0.1712,0.1260,0.227,0.000,0
57.60,Saifuddin,AUIT_Multi,ACB,0.794,1.583,1.315,27.8,33.2,0.939,1.589,1.446,0.823,1.589,1.655,World,CabinetDCorner01,39.9,40.5,0.195,0.341,0,0,None,None,0,0,0,0,0.1605,0.1010,0.240,0.000,0
57.70,Saifuddin,AUIT_Multi,ACB,0.800,1.578,1.324,28.6,33.0,0.940,1.583,1.435,0.823,1.583,1.655,World,CabinetDCorner01,40.7,40.9,0.179,0.333,0,0,None,None,0,0,0,0,0.1287,0.0651,0.250,0.000,0
57.81,Saifuddin,AUIT_Multi,ACB,0.803,1.572,1.332,28.8,33.5,0.940,1.577,1.430,0.824,1.577,1.656,World,CabinetDCorner01,42.5,41.6,0.169,0.325,0,0,None,None,0,0,0,0,0.0673,0.0521,0.254,0.000,0
57.91,Saifuddin,AUIT_Multi,ACB,0.803,1.568,1.337,28.6,34.4,0.941,1.572,1.433,0.825,1.572,1.656,World,CabinetDCorner01,43.6,42.1,0.168,0.319,0,0,None,None,0,0,0,0,0.0615,0.0506,0.251,0.000,0
58.01,Saifuddin,AUIT_Multi,ACB,0.802,1.565,1.342,27.7,35.2,0.941,1.568,1.440,0.822,1.568,1.656,World,MixingBowl,44.0,42.2,0.170,0.315,0,0,None,None,0,0,0,0,0.0837,0.0526,0.246,0.000,0
58.10,Saifuddin,AUIT_Multi,ACB,0.802,1.564,1.345,27.7,35.2,0.941,1.565,1.447,0.818,1.565,1.656,World,MixingBowl,42.9,42.3,0.173,0.312,0,0,None,None,0,0,0,0,0.0789,0.0524,0.243,0.000,0
58.21,Saifuddin,AUIT_Multi,ACB,0.803,1.563,1.347,27.9,35.4,0.941,1.564,1.450,0.818,1.564,1.656,World,MixingBowl,42.8,42.7,0.172,0.309,0,0,None,None,0,0,0,0,0.0300,0.0120,0.240,0.000,0
58.31,Saifuddin,AUIT_Multi,ACB,0.805,1.562,1.349,28.3,35.5,0.941,1.563,1.451,0.820,1.563,1.656,World,CabinetDCorner01,42.7,42.9,0.170,0.307,0,0,None,None,0,0,0,0,0.0133,0.0238,0.238,0.000,0
58.41,Saifuddin,AUIT_Multi,ACB,0.806,1.560,1.352,28.2,35.7,0.942,1.562,1.451,0.822,1.562,1.656,World,CabinetDCorner01,43.2,42.8,0.169,0.305,0,0,None,None,0,0,0,0,0.0117,0.0291,0.237,0.000,0
58.50,Saifuddin,AUIT_Multi,ACB,0.806,1.558,1.354,27.8,36.0,0.942,1.560,1.454,0.822,1.560,1.656,World,CabinetDCorner01,43.8,43.0,0.168,0.303,0,0,None,None,0,0,0,0,0.0305,0.0164,0.235,0.000,0
58.60,Saifuddin,AUIT_Multi,ACB,0.807,1.555,1.356,27.4,36.6,0.942,1.558,1.458,0.821,1.558,1.656,World,MixingBowl,44.3,43.6,0.170,0.301,0,0,None,None,0,0,0,0,0.0450,0.0297,0.233,0.000,0
58.71,Saifuddin,AUIT_Multi,ACB,0.805,1.555,1.356,27.7,36.8,0.942,1.555,1.460,0.820,1.555,1.657,World,MixingBowl,43.7,43.5,0.172,0.300,0,0,None,None,0,0,0,0,0.0284,0.0222,0.232,0.000,0
58.81,Saifuddin,AUIT_Multi,ACB,0.804,1.557,1.353,28.3,36.8,0.942,1.555,1.459,0.820,1.555,1.657,World,MixingBowl,42.6,43.5,0.173,0.304,0,0,None,None,0,0,0,0,0.0075,0.0004,0.232,0.000,0
58.91,Saifuddin,AUIT_Multi,ACB,0.805,1.558,1.348,29.2,36.5,0.941,1.557,1.453,0.823,1.557,1.657,World,MixingBowl,41.8,43.4,0.172,0.309,0,0,None,None,0,0,0,0,0.0629,0.0377,0.235,0.000,0
59.00,Saifuddin,AUIT_Multi,ACB,0.807,1.559,1.345,29.7,36.4,0.941,1.558,1.445,0.829,1.558,1.657,World,MixingBowl,42.3,43.4,0.167,0.312,0,0,None,None,0,0,0,0,0.0848,0.0600,0.239,0.000,0
59.10,Saifuddin,AUIT_Multi,ACB,0.809,1.557,1.344,29.6,36.6,0.941,1.558,1.440,0.832,1.558,1.657,World,MixingBowl,43.3,43.6,0.164,0.314,0,0,None,None,0,0,0,0,0.0505,0.0367,0.242,0.000,0
59.21,Saifuddin,AUIT_Multi,ACB,0.809,1.556,1.343,29.5,36.9,0.942,1.557,1.438,0.834,1.557,1.657,World,MixingBowl,43.7,43.6,0.164,0.314,0,0,None,None,0,0,0,0,0.0244,0.0176,0.244,0.000,0
59.31,Saifuddin,AUIT_Multi,ACB,0.806,1.557,1.342,29.0,36.7,0.942,1.556,1.439,0.832,1.556,1.656,World,MixingBowl,43.4,43.0,0.166,0.315,0,0,None,None,0,0,0,0,0.0064,0.0161,0.244,0.000,0
59.41,Saifuddin,AUIT_Multi,ACB,0.801,1.559,1.341,28.3,36.5,0.941,1.557,1.441,0.827,1.557,1.656,World,MixingBowl,43.3,42.3,0.173,0.317,0,0,None,None,0,0,0,0,0.0261,0.0558,0.244,0.000,0
59.50,Saifuddin,AUIT_Multi,ACB,0.792,1.567,1.339,27.2,35.3,0.940,1.561,1.446,0.817,1.561,1.656,World,CabinetDCorner01,41.7,40.2,0.183,0.318,0,0,None,None,0,0,0,0,0.0600,0.1080,0.244,0.000,0
59.60,Saifuddin,AUIT_Multi,ACB,0.779,1.576,1.335,25.2,33.6,0.938,1.568,1.455,0.800,1.568,1.656,World,CabinetDCorner01,40.7,37.9,0.199,0.322,0,0,None,None,0,0,0,0,0.1194,0.1860,0.244,0.000,0
59.71,Saifuddin,AUIT_Multi,ACB,0.758,1.585,1.334,21.4,31.5,0.936,1.578,1.473,0.772,1.578,1.656,World,CabinetDCorner01,41.4,35.1,0.225,0.322,0,0,None,None,0,0,0,0,0.1883,0.2701,0.246,0.000,0
59.81,Saifuddin,AUIT_Multi,ACB,0.727,1.588,1.335,12.6,30.8,0.934,1.585,1.518,0.725,1.585,1.656,World,Wall4m,45.6,32.7,0.276,0.321,0,0,None,None,0,0,0,0,0.4714,0.4931,0.251,0.000,0
59.91,Saifuddin,AUIT_Multi,ACB,0.675,1.590,1.334,356.5,29.1,0.888,1.588,1.580,0.618,1.588,1.702,World,Wall4m,51.2,29.2,0.326,0.372,0,0,None,None,0,0,0,0,0.7920,1.1934,0.297,0.000,0
60.00,Saifuddin,AUIT_Multi,ACB,0.610,1.598,1.320,343.3,26.5,0.760,1.592,1.581,0.466,1.592,1.675,World,Wall4m,51.4,26.1,0.302,0.384,0,0,None,None,0,0,0,0,1.3229,1.5958,0.309,0.000,0
60.10,Saifuddin,AUIT_Multi,ACB,0.535,1.607,1.290,333.9,26.5,0.636,1.599,1.578,0.281,1.599,1.660,World,Wall4m,50.3,26.7,0.304,0.448,0,0,None,None,0,0,0,0,1.2766,1.9005,0.364,0.000,0
60.21,Saifuddin,AUIT_Multi,ACB,0.446,1.616,1.247,326.4,26.1,0.502,1.609,1.564,0.214,1.609,1.517,World,Wall4m,48.8,25.9,0.322,0.356,0,0,None,None,0,0,0,0,1.2186,1.4258,0.292,0.000,0
60.31,Saifuddin,AUIT_Multi,ACB,0.373,1.627,1.205,322.0,26.9,0.387,1.617,1.553,0.206,1.617,1.385,World,Wall4m,46.3,25.0,0.349,0.245,0,0,None,None,0,0,0,0,1.1737,1.3501,0.247,0.000,0
60.41,Saifuddin,AUIT_Multi,ACB,0.313,1.639,1.169,320.0,25.3,0.301,1.629,1.497,0.077,1.605,1.410,World,CabinetD06Door,43.5,20.0,0.328,0.338,0,1,None,CabinetD06Door,0,1,0,0,1.0656,1.3591,0.241,0.000,0
60.50,Saifuddin,AUIT_Multi,ACB,0.271,1.642,1.147,319.8,25.0,0.258,1.638,1.371,-0.016,1.565,1.499,World,CabinetD06Door,42.9,15.3,0.224,0.461,0,1,None,CabinetD06Door,0,1,0,0,1.3903,1.4080,0.312,0.000,0
60.60,Saifuddin,AUIT_Multi,ACB,0.252,1.644,1.135,321.1,26.6,0.227,1.642,1.316,-0.041,1.521,1.570,World,CabinetD06Door,39.7,14.2,0.182,0.538,0,1,None,CabinetD06Door,0,1,0,0,0.6438,0.8894,0.389,0.000,0
60.71,Saifuddin,AUIT_Multi,ACB,0.246,1.644,1.135,324.6,26.8,0.210,1.644,1.320,-0.678,1.620,1.671,World,CabinetD06Door,35.5,34.7,0.188,1.068,0,0,None,None,0,0,0,0,0.1642,5.9054,0.955,0.000,0
60.81,Saifuddin,AUIT_Multi,ACB,0.247,1.644,1.141,326.3,27.0,0.209,1.644,1.348,-0.776,1.641,1.729,World,CabinetD06Door,35.0,37.0,0.210,1.180,0,0,None,None,0,0,0,0,0.2905,1.1999,1.056,0.000,0
60.91,Saifuddin,AUIT_Multi,ACB,0.250,1.645,1.150,326.6,26.9,0.209,1.639,1.366,-0.690,1.627,1.736,World,CabinetD06Door,33.4,35.2,0.220,1.107,0,0,None,None,0,0,0,0,0.1924,0.8962,0.972,0.000,0
61.00,Saifuddin,AUIT_Multi,ACB,0.252,1.645,1.163,327.0,26.8,0.201,1.621,1.380,-0.411,1.574,1.675,World,CabinetD06Door,27.8,28.7,0.224,0.841,0,0,None,None,0,0,0,0,0.2485,2.9979,0.681,0.000,0
61.10,Saifuddin,AUIT_Multi,ACB,0.256,1.639,1.177,329.9,27.8,0.192,1.602,1.401,0.002,1.520,1.529,World,CabinetD06Door,23.1,13.6,0.236,0.449,0,1,None,CabinetD06Door,1,1,0,0,0.3035,4.5428,0.243,1.000,0
61.21,Saifuddin,AUIT_Multi,ACB,0.258,1.631,1.187,332.9,30.1,0.183,1.581,1.415,0.142,1.612,1.312,World,Wall4m,20.1,27.9,0.246,0.172,0,0,None,None,1,0,0,0,0.2455,2.4653,0.114,0.000,0
61.31,Saifuddin,AUIT_Multi,ACB,0.258,1.627,1.187,333.8,31.1,0.174,1.562,1.431,0.168,1.627,1.276,World,Wall4m,18.1,35.9,0.266,0.126,0,0,None,None,1,0,0,0,0.2648,0.4838,0.168,0.000,0
61.41,Saifuddin,AUIT_Multi,ACB,0.256,1.628,1.185,333.7,30.6,0.165,1.543,1.445,0.170,1.628,1.271,World,Wall4m,14.8,35.2,0.288,0.122,0,0,None,None,1,0,0,0,0.2626,0.0482,0.193,0.000,0
61.50,Saifuddin,AUIT_Multi,ACB,0.256,1.629,1.184,333.6,30.4,0.159,1.527,1.456,0.163,1.628,1.271,World,Wall4m,12.6,35.9,0.307,0.128,0,0,None,None,1,0,0,0,0.2084,0.0707,0.211,0.000,0
61.60,Saifuddin,AUIT_Multi,ACB,0.258,1.628,1.185,334.5,30.5,0.151,1.509,1.479,0.155,1.629,1.272,World,Wall4m,10.9,38.3,0.335,0.135,0,0,None,None,1,0,0,0,0.3098,0.0841,0.239,0.000,0
61.71,Saifuddin,AUIT_Multi,ACB,0.259,1.627,1.187,336.6,30.6,0.144,1.488,1.499,0.156,1.628,1.272,World,Quad,8.4,39.9,0.360,0.134,0,0,None,None,1,0,0,0,0.2689,0.0164,0.266,0.000,0
61.81,Saifuddin,AUIT_Multi,ACB,0.259,1.629,1.186,338.6,30.3,0.139,1.472,1.511,0.164,1.627,1.271,World,Quad,6.1,39.0,0.380,0.128,0,0,None,None,1,0,0,0,0.2134,0.0803,0.287,0.000,0
61.91,Saifuddin,AUIT_Multi,ACB,0.260,1.636,1.182,343.3,27.9,0.210,1.542,1.526,0.171,1.630,1.271,World,Wall4m,15.0,36.9,0.360,0.126,0,0,None,None,1,0,0,0,1.0448,0.0721,0.272,0.000,0
62.00,Saifuddin,AUIT_Multi,ACB,0.264,1.647,1.180,351.9,23.8,0.310,1.624,1.537,0.176,1.638,1.282,World,Wall4m,25.1,37.3,0.360,0.135,0,0,None,None,0,0,0,0,1.3317,0.1511,0.288,0.000,0
62.10,Saifuddin,AUIT_Multi,ACB,0.280,1.652,1.178,4.6,21.2,0.389,1.645,1.541,0.170,1.647,1.348,World,Wall4m,23.3,41.4,0.379,0.202,0,0,None,None,1,0,0,0,0.8484,0.6824,0.292,0.000,0
62.21,Saifuddin,AUIT_Multi,ACB,0.307,1.653,1.170,19.3,20.8,0.536,1.652,1.549,0.181,1.652,1.570,World,Wall4m,23.6,41.5,0.443,0.419,0,0,None,None,1,0,0,0,1.3149,1.9881,0.356,0.000,0
62.31,Saifuddin,AUIT_Multi,ACB,0.328,1.656,1.163,27.2,20.1,0.695,1.653,1.553,0.268,1.653,1.639,World,Wall4m,25.4,39.0,0.535,0.480,0,0,None,None,0,0,0,0,1.6475,1.1528,0.436,0.000,0
62.41,Saifuddin,AUIT_Multi,ACB,0.350,1.660,1.157,33.2,19.2,0.806,1.656,1.527,0.354,1.652,1.647,World,Wall4m,25.7,36.9,0.588,0.490,0,0,None,None,0,0,0,0,1.1701,0.8802,0.468,0.000,0
62.50,Saifuddin,AUIT_Multi,ACB,0.369,1.662,1.151,38.5,19.2,0.818,1.660,1.440,0.455,1.629,1.635,World,Wall4m,26.4,31.7,0.534,0.492,0,0,None,None,0,0,0,0,0.8969,1.0787,0.412,0.000,0
62.60,Saifuddin,AUIT_Multi,ACB,0.386,1.663,1.149,41.7,19.5,0.820,1.662,1.383,0.559,1.607,1.639,World,Wall4m,27.5,25.4,0.493,0.523,0,0,None,None,0,0,0,0,0.5912,1.0965,0.369,0.000,0
62.71,Saifuddin,AUIT_Multi,ACB,0.408,1.666,1.143,46.4,19.6,0.825,1.664,1.359,0.612,1.642,1.646,World,Wall4m,25.1,29.3,0.470,0.543,0,0,None,None,0,0,0,0,0.2273,0.5697,0.359,0.000,0
62.81,Saifuddin,AUIT_Multi,ACB,0.427,1.669,1.136,50.7,19.0,0.834,1.666,1.290,0.630,1.663,1.653,World,Wall4m,26.1,34.1,0.435,0.555,0,0,None,None,0,0,0,0,0.7084,0.2940,0.417,0.000,0
62.91,Saifuddin,AUIT_Multi,ACB,0.447,1.673,1.127,55.9,17.4,0.857,1.669,1.241,0.688,1.669,1.655,World,Wall4m,24.8,35.2,0.425,0.581,0,0,None,None,1,0,0,0,0.5554,0.6070,0.447,0.000,0
63.00,Saifuddin,AUIT_Multi,ACB,0.470,1.681,1.109,65.2,14.4,0.957,1.664,1.242,0.743,1.626,1.585,World,CabinetD05Door,15.6,35.9,0.505,0.552,0,0,None,None,1,0,0,0,1.0314,1.0147,0.406,0.000,0
63.10,Saifuddin,AUIT_Multi,ACB,0.492,1.686,1.082,76.6,12.1,0.951,1.659,1.210,0.788,1.584,1.495,World,Quad,9.2,40.1,0.477,0.518,0,0,None,None,1,0,0,0,0.3401,1.1213,0.337,0.000,0
63.21,Saifuddin,AUIT_Multi,ACB,0.511,1.686,1.058,84.3,11.5,0.928,1.652,1.183,0.918,1.647,1.407,World,Quad,12.9,35.2,0.437,0.537,0,0,None,None,1,0,0,0,0.3271,1.5268,0.224,0.000,0
63.31,Saifuddin,AUIT_Multi,ACB,0.523,1.681,1.046,87.5,10.7,0.910,1.646,1.176,0.961,1.679,1.330,World,Quad,16.9,32.1,0.410,0.523,0,0,None,None,1,0,0,0,0.2052,0.9606,0.166,1.000,0
63.41,Saifuddin,AUIT_Multi,ACB,0.526,1.683,1.036,89.0,11.8,0.901,1.640,1.166,0.989,1.682,1.287,World,Quad,18.7,29.7,0.400,0.528,0,0,None,None,1,0,0,0,0.1489,0.5235,0.156,1.000,0
63.51,Saifuddin,AUIT_Multi,ACB,0.523,1.684,1.027,91.7,11.0,0.879,1.634,1.168,1.005,1.669,1.242,World,Wall4m,23.4,27.2,0.386,0.529,0,0,None,None,1,0,0,0,0.2409,0.5110,0.151,1.000,0
63.60,Saifuddin,AUIT_Multi,ACB,0.517,1.682,1.019,94.6,12.5,0.826,1.628,1.203,1.007,1.654,1.134,World,Wall4m,35.0,20.0,0.364,0.504,0,0,None,None,0,1,0,0,0.6585,1.1244,0.196,1.000,0
63.71,Saifuddin,AUIT_Multi,ACB,0.511,1.675,1.013,97.0,14.4,0.786,1.620,1.307,1.251,1.659,0.702,World,Wall4m,53.2,20.4,0.407,0.803,0,0,None,None,0,1,0,1,1.0018,4.4670,0.764,0.000,0
63.81,Saifuddin,AUIT_Multi,ACB,0.507,1.673,1.010,97.5,15.2,0.791,1.613,1.318,1.482,1.672,0.422,World,Wall4m,53.9,27.8,0.423,1.139,0,0,None,None,0,0,0,0,0.1382,3.7261,1.132,0.000,0
63.91,Saifuddin,AUIT_Multi,ACB,0.505,1.674,1.010,96.7,14.6,0.813,1.619,1.298,1.517,1.673,0.377,World,Wall4m,49.4,29.0,0.425,1.193,0,0,None,None,0,0,0,0,0.3054,0.5868,1.161,0.000,0
64.01,Saifuddin,AUIT_Multi,ACB,0.505,1.671,1.009,95.9,15.4,0.953,1.664,1.191,1.527,1.673,0.381,World,Wall4m,31.3,29.7,0.484,1.199,0,0,None,None,0,0,0,0,1.8721,0.1150,0.992,0.000,0
64.10,Saifuddin,AUIT_Multi,ACB,0.504,1.669,1.007,95.4,16.2,0.934,1.670,1.162,1.534,1.671,0.393,World,Wall4m,29.7,29.9,0.457,1.199,0,0,None,None,0,0,0,0,0.3703,0.1409,0.976,0.000,0
64.21,Saifuddin,AUIT_Multi,ACB,0.505,1.670,1.005,94.9,16.0,0.931,1.670,1.159,1.540,1.670,0.401,World,Wall4m,29.1,29.7,0.454,1.199,0,0,None,None,0,0,0,0,0.0314,0.0925,0.973,0.000,0
64.31,Saifuddin,AUIT_Multi,ACB,0.504,1.670,1.006,94.5,15.7,0.929,1.670,1.161,1.545,1.670,0.408,World,Wall4m,28.8,29.5,0.452,1.201,0,0,None,None,0,0,0,0,0.0317,0.0897,0.973,0.000,0
64.41,Saifuddin,AUIT_Multi,ACB,0.502,1.672,1.007,93.4,15.0,0.923,1.671,1.164,1.550,1.671,0.418,World,Wall4m,27.9,29.7,0.449,1.201,0,0,None,None,0,0,0,0,0.0686,0.1149,0.974,0.000,0
64.50,Saifuddin,AUIT_Multi,ACB,0.503,1.675,1.009,92.0,13.7,0.913,1.673,1.171,1.560,1.673,0.440,World,Wall4m,26.9,29.3,0.441,1.200,0,0,None,None,0,0,0,0,0.1285,0.2499,0.977,0.000,0
64.60,Saifuddin,AUIT_Multi,ACB,0.503,1.675,1.008,92.0,13.4,0.906,1.675,1.178,1.571,1.675,0.461,World,Wall4m,28.1,28.2,0.438,1.200,0,0,None,None,0,0,0,0,0.1058,0.2473,0.978,0.000,0
64.71,Saifuddin,AUIT_Multi,ACB,0.503,1.676,1.006,93.0,13.1,0.911,1.675,1.177,1.568,1.675,0.455,World,Wall4m,28.8,27.4,0.442,1.199,0,0,None,None,0,0,0,0,0.0445,0.0655,0.976,0.000,0
64.81,Saifuddin,AUIT_Multi,ACB,0.503,1.676,1.003,93.7,12.8,0.918,1.676,1.172,1.561,1.676,0.439,World,Wall4m,28.6,27.3,0.448,1.199,0,0,None,None,0,0,0,0,0.0990,0.1789,0.975,0.000,0
64.91,Saifuddin,AUIT_Multi,ACB,0.503,1.675,1.004,92.4,13.0,0.920,1.676,1.168,1.559,1.676,0.433,World,Wall4m,27.1,28.9,0.449,1.201,0,0,None,None,0,0,0,0,0.0367,0.0593,0.974,0.000,0
65.00,Saifuddin,AUIT_Multi,ACB,0.500,1.674,1.010,89.8,13.4,0.906,1.675,1.176,1.571,1.675,0.460,World,Wall4m,25.7,30.3,0.438,1.204,0,0,None,None,0,0,0,0,0.1650,0.2978,0.977,0.000,0
65.10,Saifuddin,AUIT_Multi,ACB,0.500,1.672,1.017,86.3,14.2,0.887,1.674,1.197,1.594,1.674,0.517,World,Wall4m,25.6,31.4,0.426,1.202,0,0,None,None,0,0,0,0,0.2905,0.6363,0.981,0.000,0
65.20,Saifuddin,AUIT_Multi,ACB,0.498,1.671,1.020,84.2,14.7,0.873,1.672,1.221,1.617,1.672,0.582,World,Wall4m,26.6,30.7,0.425,1.202,0,0,None,None,0,0,0,0,0.2879,0.7023,0.982,0.000,0
65.31,Saifuddin,AUIT_Multi,ACB,0.495,1.671,1.029,80.9,14.6,0.864,1.671,1.247,1.635,1.671,0.642,World,Wall4m,25.8,31.1,0.428,1.204,0,0,None,None,0,0,0,0,0.2500,0.5723,0.980,0.000,0
65.41,Saifuddin,AUIT_Multi,ACB,0.493,1.671,1.042,76.6,14.9,0.858,1.671,1.283,1.651,1.671,0.714,World,Wall4m,24.7,32.5,0.438,1.204,0,0,None,None,1,0,0,0,0.3736,0.7584,0.976,0.000,0
65.50,Saifuddin,AUIT_Multi,ACB,0.488,1.668,1.058,70.3,16.0,0.860,1.670,1.347,1.670,1.670,0.822,World,Wall4m,24.1,34.6,0.471,1.205,0,0,None,None,1,0,0,0,0.6524,1.1204,0.965,0.000,0
65.60,Saifuddin,AUIT_Multi,ACB,0.479,1.665,1.079,62.5,17.4,0.863,1.668,1.452,1.681,1.668,0.973,World,CabinetD05Door,24.0,36.6,0.534,1.206,0,0,None,None,1,0,0,0,1.0815,1.5587,0.948,0.000,0
65.71,Saifuddin,AUIT_Multi,ACB,0.466,1.665,1.104,54.4,17.8,0.790,1.665,1.521,1.669,1.665,1.177,World,Wall4m,24.2,36.3,0.529,1.205,0,0,None,None,1,0,0,0,0.9087,1.8412,0.944,0.000,0
65.81,Saifuddin,AUIT_Multi,ACB,0.456,1.667,1.121,49.8,17.8,0.701,1.666,1.524,1.538,1.666,1.305,World,Wall4m,25.4,34.9,0.471,1.097,0,0,None,None,0,0,0,0,0.9151,1.8832,0.866,0.000,0
65.91,Saifuddin,AUIT_Multi,ACB,0.453,1.663,1.136,46.7,18.4,0.644,1.666,1.527,1.099,1.666,1.289,World,Wall4m,27.6,34.9,0.435,0.664,0,0,None,None,0,0,0,0,0.5839,4.5056,0.514,0.000,0
66.00,Saifuddin,AUIT_Multi,ACB,0.458,1.659,1.147,42.2,20.3,0.607,1.662,1.531,0.973,1.650,1.335,World,Wall4m,29.2,33.3,0.412,0.549,0,0,None,None,0,0,0,0,0.3871,1.3943,0.415,0.000,0
66.10,Saifuddin,AUIT_Multi,ACB,0.476,1.659,1.156,38.1,19.9,0.588,1.659,1.536,0.894,1.610,1.442,World,Wall4m,29.1,22.3,0.396,0.509,0,0,None,None,0,1,0,0,0.2005,1.4266,0.324,0.000,0
66.20,Saifuddin,AUIT_Multi,ACB,0.509,1.656,1.169,36.1,19.9,0.588,1.658,1.538,0.813,1.569,1.536,World,Wall4m,30.9,10.1,0.377,0.485,0,0,None,None,0,1,0,0,0.0228,1.3328,0.242,0.000,0
66.31,Saifuddin,AUIT_Multi,ACB,0.563,1.655,1.187,35.4,21.1,0.598,1.656,1.540,0.936,1.637,1.450,World,Wall4m,36.0,26.8,0.354,0.457,0,0,None,None,0,0,0,0,0.0890,1.4956,0.351,0.000,0
66.41,Saifuddin,AUIT_Multi,ACB,0.619,1.648,1.209,36.3,22.6,0.636,1.653,1.541,0.965,1.651,1.420,World,Wall4m,40.2,31.8,0.332,0.405,0,0,None,None,0,0,0,0,0.3945,0.4539,0.351,0.000,0
66.50,Saifuddin,AUIT_Multi,ACB,0.675,1.634,1.236,37.7,25.0,0.694,1.645,1.547,0.970,1.645,1.401,World,Wall4m,42.9,35.0,0.312,0.339,0,0,None,None,0,0,0,0,0.6023,0.2078,0.313,0.000,0
66.60,Saifuddin,AUIT_Multi,ACB,0.719,1.625,1.265,39.2,25.6,0.750,1.633,1.555,0.972,1.633,1.391,World,Wall4m,41.9,36.0,0.292,0.283,0,0,None,None,0,0,0,0,0.5975,0.1649,0.276,0.000,0
66.71,Saifuddin,AUIT_Multi,ACB,0.754,1.628,1.292,42.3,22.5,0.806,1.628,1.564,0.973,1.628,1.385,World,Wall4m,38.0,32.8,0.277,0.238,0,0,None,None,0,0,0,0,0.5148,0.0686,0.245,0.000,0
66.81,Saifuddin,AUIT_Multi,ACB,0.775,1.621,1.312,41.7,23.8,0.839,1.627,1.571,0.973,1.627,1.387,World,Wall4m,36.7,36.8,0.266,0.212,0,0,None,None,0,0,0,0,0.3492,0.0236,0.228,0.000,0
66.91,Saifuddin,AUIT_Multi,ACB,0.790,1.612,1.328,40.0,26.1,0.853,1.620,1.575,0.975,1.620,1.401,World,Wall4m,37.4,39.6,0.255,0.199,0,0,None,None,0,0,0,0,0.1614,0.1569,0.213,0.000,0
67.00,Saifuddin,AUIT_Multi,ACB,0.801,1.605,1.340,39.1,27.2,0.858,1.611,1.579,0.976,1.611,1.415,World,Wall4m,37.9,39.6,0.246,0.190,0,0,None,None,0,0,0,0,0.1083,0.1735,0.202,0.000,0
67.10,Saifuddin,AUIT_Multi,ACB,0.808,1.601,1.351,37.4,28.1,0.860,1.605,1.582,1.008,1.570,1.498,World,CabinetDCorner01,37.5,26.2,0.237,0.250,0,0,None,None,0,0,0,0,0.0772,1.0055,0.173,0.000,0
67.20,Saifuddin,AUIT_Multi,ACB,0.814,1.596,1.358,36.2,28.6,0.861,1.600,1.584,1.038,1.531,1.578,World,CabinetDCorner01,37.9,19.0,0.231,0.320,0,0,None,None,0,1,0,0,0.0561,0.9685,0.191,0.000,0
67.31,Saifuddin,AUIT_Multi,ACB,0.822,1.590,1.366,36.1,29.4,0.862,1.595,1.586,1.008,1.557,1.521,World,CabinetDCorner01,39.2,25.3,0.224,0.244,0,0,None,None,0,0,0,0,0.0539,0.6294,0.164,0.000,0
67.41,Saifuddin,AUIT_Multi,ACB,0.828,1.585,1.372,36.0,30.2,0.867,1.589,1.588,0.982,1.584,1.462,World,CabinetDCorner01,40.0,37.4,0.220,0.179,0,0,None,None,0,0,0,0,0.0721,0.7160,0.171,0.000,0
67.50,Saifuddin,AUIT_Multi,ACB,0.831,1.579,1.377,35.5,30.8,0.870,1.584,1.590,0.980,1.583,1.458,World,CabinetDCorner01,40.2,40.6,0.216,0.169,0,0,None,None,0,0,0,0,0.0676,0.0517,0.172,0.000,0
67.60,Saifuddin,AUIT_Multi,ACB,0.834,1.573,1.380,35.0,31.5,0.888,1.569,1.605,1.001,1.534,1.524,World,CabinetDCorner01,36.6,25.2,0.232,0.224,0,0,None,None,0,0,0,0,0.2918,0.8632,0.144,0.000,0
67.71,Saifuddin,AUIT_Multi,ACB,0.836,1.568,1.381,34.6,32.3,0.906,1.552,1.622,1.024,1.481,1.593,World,CabinetDCorner01,33.4,16.5,0.252,0.297,0,0,None,None,0,1,0,0,0.2691,0.8205,0.141,0.000,0
67.81,Saifuddin,AUIT_Multi,ACB,0.834,1.567,1.380,34.3,33.0,0.921,1.538,1.637,1.000,1.522,1.530,World,CabinetDCorner01,30.5,24.9,0.273,0.228,0,0,None,None,0,1,0,0,0.2647,0.8172,0.134,0.000,0
67.91,Saifuddin,AUIT_Multi,ACB,0.832,1.569,1.378,34.0,32.6,0.938,1.523,1.653,0.982,1.560,1.476,World,CabinetDCorner01,26.6,36.9,0.298,0.179,0,0,None,None,0,0,0,0,0.2838,0.7078,0.187,0.000,0
68.00,Saifuddin,AUIT_Multi,ACB,0.828,1.574,1.376,34.0,31.5,0.953,1.510,1.666,0.981,1.569,1.468,World,CabinetDCorner01,22.3,37.9,0.323,0.178,0,0,None,None,1,0,0,0,0.2419,0.1174,0.209,0.000,0
68.10,Saifuddin,AUIT_Multi,ACB,0.822,1.579,1.373,32.3,29.5,0.969,1.497,1.682,0.981,1.575,1.470,World,CabinetDCorner01,17.2,37.8,0.352,0.186,0,0,None,None,1,0,0,0,0.2709,0.0640,0.227,0.000,0
68.21,Saifuddin,AUIT_Multi,ACB,0.807,1.581,1.360,28.8,29.2,0.983,1.482,1.697,0.982,1.579,1.480,World,Wall4m,14.7,38.5,0.393,0.212,0,0,None,None,1,0,0,0,0.2282,0.0990,0.238,0.000,0
68.31,Saifuddin,AUIT_Multi,ACB,0.790,1.591,1.333,27.7,27.0,0.997,1.469,1.711,0.983,1.583,1.487,World,Wall4m,11.2,33.9,0.448,0.247,0,0,None,None,1,0,0,0,0.2402,0.0817,0.252,0.000,0
68.41,Saifuddin,AUIT_Multi,ACB,0.769,1.600,1.287,29.6,24.1,1.011,1.456,1.724,0.982,1.592,1.472,World,Quad,8.1,29.3,0.520,0.283,0,0,None,None,1,0,0,0,0.2333,0.1834,0.288,0.000,0
68.50,Saifuddin,AUIT_Multi,ACB,0.734,1.613,1.223,33.4,21.3,1.024,1.445,1.734,0.980,1.602,1.427,World,Quad,6.4,25.4,0.611,0.320,0,0,None,None,1,0,0,0,0.2104,0.4666,0.348,0.000,0
68.60,Saifuddin,AUIT_Multi,ACB,0.679,1.629,1.154,36.6,16.9,0.835,1.586,1.549,0.977,1.615,1.385,World,Wall4m,18.5,21.3,0.426,0.377,0,0,None,None,1,1,0,0,3.0939,0.4560,0.219,0.000,0
68.70,Saifuddin,AUIT_Multi,ACB,0.613,1.649,1.094,35.8,12.3,0.812,1.628,1.528,0.978,1.632,1.383,World,Quad,14.8,18.7,0.478,0.466,0,0,None,None,1,1,0,0,0.5284,0.1686,0.220,0.000,0
68.81,Saifuddin,AUIT_Multi,ACB,0.537,1.667,1.040,31.8,5.6,0.730,1.653,1.512,0.975,1.653,1.381,World,Quad,10.3,20.7,0.510,0.556,0,0,None,None,1,1,0,0,0.7835,0.1948,0.277,0.000,0
68.91,Saifuddin,AUIT_Multi,ACB,0.480,1.682,0.999,27.8,1.3,0.617,1.668,1.500,0.972,1.668,1.379,World,Quad,12.5,24.5,0.519,0.622,0,0,None,None,1,1,0,0,1.1907,0.1636,0.375,0.000,0
69.01,Saifuddin,AUIT_Multi,ACB,0.437,1.702,0.962,22.8,359.5,0.503,1.685,1.487,0.970,1.685,1.393,World,Quad,15.8,28.3,0.529,0.686,0,0,None,None,1,0,0,0,1.1893,0.2241,0.476,0.000,0
69.10,Saifuddin,AUIT_Multi,ACB,0.405,1.718,0.926,18.9,356.1,0.412,1.703,1.476,0.971,1.703,1.456,World,Quad,18.9,28.4,0.550,0.776,0,0,None,None,1,0,0,0,0.9522,0.6719,0.559,0.000,0
69.21,Saifuddin,AUIT_Multi,ACB,0.381,1.723,0.895,16.0,354.3,0.348,1.718,1.390,0.972,1.718,1.525,World,CabinetD05,20.8,27.7,0.496,0.864,0,0,None,None,1,0,0,0,0.9869,0.6373,0.638,0.000,0
69.31,Saifuddin,AUIT_Multi,ACB,0.372,1.723,0.877,14.2,355.6,0.316,1.722,1.306,0.972,1.722,1.579,World,CabinetD05,22.1,26.7,0.432,0.923,0,0,None,None,1,0,0,0,0.9211,0.5527,0.710,0.000,0
69.41,Saifuddin,AUIT_Multi,ACB,0.372,1.719,0.864,15.8,355.9,0.298,1.722,1.297,0.971,1.722,1.599,World,CabinetD05,25.7,23.7,0.440,0.948,0,0,None,None,0,1,0,1,0.2084,0.2057,0.738,0.000,0
69.50,Saifuddin,AUIT_Multi,ACB,0.375,1.715,0.855,18.7,357.2,0.300,1.719,1.354,0.969,1.719,1.540,World,CabinetD05,27.3,22.4,0.505,0.907,0,0,None,None,0,1,0,1,0.5840,0.6020,0.694,0.000,0
69.60,Saifuddin,AUIT_Multi,ACB,0.375,1.713,0.848,17.8,358.2,0.316,1.715,1.352,0.911,1.716,1.462,World,CabinetD05,24.5,23.4,0.508,0.816,0,0,None,None,1,1,0,1,0.1681,0.9997,0.605,0.000,0
69.70,Saifuddin,AUIT_Multi,ACB,0.373,1.711,0.843,14.8,358.5,0.317,1.713,1.346,0.792,1.714,1.397,World,CabinetD05,21.2,22.3,0.506,0.694,0,0,None,None,1,1,0,0,0.0669,1.3882,0.477,0.000,0
69.81,Saifuddin,AUIT_Multi,ACB,0.372,1.709,0.841,13.0,359.0,0.316,1.711,1.342,0.639,1.713,1.300,World,CabinetD05,19.4,17.2,0.504,0.531,0,0,None,None,1,1,0,0,0.0416,1.6440,0.326,0.000,0
69.91,Saifuddin,AUIT_Multi,ACB,0.374,1.708,0.841,13.6,0.3,0.316,1.709,1.339,0.846,1.709,1.587,World,CabinetD05,20.2,18.7,0.502,0.883,0,0,None,None,1,1,0,1,0.0425,3.6314,0.585,0.000,0
70.00,Saifuddin,AUIT_Multi,ACB,0.376,1.706,0.839,14.7,0.8,0.317,1.707,1.338,0.918,1.707,1.640,World,CabinetD05,21.5,19.4,0.502,0.968,0,0,None,None,1,1,0,1,0.0198,0.9282,0.674,0.000,0
70.10,Saifuddin,AUIT_Multi,ACB,0.373,1.706,0.836,14.7,2.1,0.317,1.705,1.336,0.957,1.705,1.646,World,CabinetD05,21.2,21.2,0.503,0.999,0,0,None,None,1,1,0,1,0.0259,0.4029,0.712,0.000,0
70.20,Saifuddin,AUIT_Multi,ACB,0.369,1.706,0.833,14.5,1.6,0.316,1.706,1.307,0.958,1.706,1.646,World,CabinetD05,21.0,21.5,0.477,1.004,0,0,None,None,1,1,0,1,0.3012,0.0104,0.726,0.000,0
70.31,Saifuddin,AUIT_Multi,ACB,0.368,1.703,0.831,17.3,1.7,0.312,1.706,1.319,0.965,1.706,1.620,World,CabinetD05,24.0,19.8,0.492,0.989,0,0,None,None,1,1,0,1,0.1171,0.2427,0.719,0.000,0
70.41,Saifuddin,AUIT_Multi,ACB,0.370,1.699,0.829,19.4,3.2,0.312,1.703,1.331,0.966,1.703,1.507,World,CabinetD05,26.2,22.1,0.506,0.903,0,0,None,None,0,1,0,1,0.1271,1.1578,0.677,0.000,0
70.50,Saifuddin,AUIT_Multi,ACB,0.374,1.692,0.827,20.5,6.1,0.320,1.698,1.371,0.967,1.698,1.440,World,CabinetD05,27.1,24.3,0.546,0.852,0,0,None,None,0,1,0,1,0.4185,0.6913,0.651,0.000,0
70.60,Saifuddin,AUIT_Multi,ACB,0.381,1.684,0.824,21.8,9.9,0.331,1.690,1.415,0.967,1.690,1.406,World,CabinetD05,28.5,25.5,0.593,0.826,0,0,None,None,0,0,0,0,0.4715,0.3628,0.636,0.000,0
70.71,Saifuddin,AUIT_Multi,ACB,0.387,1.683,0.821,22.8,9.8,0.351,1.684,1.441,0.967,1.684,1.368,World,CabinetD05,27.8,25.7,0.622,0.798,0,0,None,None,0,0,0,0,0.3007,0.3439,0.621,0.000,0
70.81,Saifuddin,AUIT_Multi,ACB,0.390,1.684,0.818,22.9,9.5,0.362,1.683,1.441,0.967,1.683,1.349,World,CabinetD05,27.0,26.2,0.623,0.785,0,0,None,None,0,0,0,0,0.1139,0.1949,0.612,0.000,0
70.91,Saifuddin,AUIT_Multi,ACB,0.391,1.684,0.817,23.1,9.6,0.366,1.684,1.440,0.968,1.684,1.341,World,CabinetD05,27.0,26.4,0.623,0.779,0,0,None,None,0,0,0,0,0.0492,0.0811,0.609,0.000,0
71.00,Saifuddin,AUIT_Multi,ACB,0.392,1.683,0.818,23.5,9.7,0.371,1.684,1.440,0.968,1.684,1.334,World,CabinetD05,27.2,26.3,0.622,0.773,0,0,None,None,0,0,0,0,0.0469,0.0740,0.606,0.000,0
71.10,Saifuddin,AUIT_Multi,ACB,0.393,1.682,0.817,24.4,9.7,0.378,1.683,1.440,0.967,1.683,1.324,World,CabinetD05,27.5,25.9,0.623,0.766,0,0,None,None,0,0,0,0,0.0687,0.1066,0.601,0.000,0
71.20,Saifuddin,AUIT_Multi,ACB,0.398,1.690,0.814,28.8,6.5,0.396,1.684,1.439,0.970,1.684,1.296,World,CabinetD05,29.5,21.8,0.626,0.748,0,0,None,None,0,1,0,0,0.1934,0.2827,0.591,0.000,0
71.31,Saifuddin,AUIT_Multi,ACB,0.403,1.694,0.806,35.2,4.1,0.461,1.690,1.438,1.140,1.690,1.312,World,CabinetD05Door,30.1,20.7,0.635,0.894,0,0,None,None,0,1,0,1,0.5816,1.5424,0.691,0.000,0
71.41,Saifuddin,AUIT_Multi,ACB,0.402,1.696,0.804,37.4,3.0,0.514,1.694,1.438,1.367,1.694,1.357,World,CabinetD05Door,27.6,22.9,0.643,1.112,0,0,None,None,0,1,0,1,0.5422,2.3589,0.857,0.000,0
71.50,Saifuddin,AUIT_Multi,ACB,0.402,1.696,0.807,39.3,2.3,0.543,1.696,1.440,1.455,1.696,1.352,World,CabinetD05Door,26.8,23.5,0.648,1.185,0,0,None,None,0,1,0,1,0.3013,0.9098,0.916,0.000,0
71.60,Saifuddin,AUIT_Multi,ACB,0.406,1.694,0.808,42.4,2.4,0.570,1.696,1.443,1.487,1.696,1.318,World,CabinetD05Door,28.0,22.4,0.656,1.195,0,0,None,None,0,1,0,1,0.2860,0.4801,0.925,0.000,0
71.71,Saifuddin,AUIT_Multi,ACB,0.412,1.692,0.804,44.6,3.2,0.612,1.694,1.440,1.519,1.694,1.259,World,CabinetD05Door,27.3,23.3,0.667,1.196,0,0,None,None,0,1,0,1,0.3750,0.6075,0.925,0.000,0
71.81,Saifuddin,AUIT_Multi,ACB,0.418,1.692,0.797,45.4,3.0,0.639,1.692,1.439,1.537,1.692,1.223,World,CabinetD05Door,26.6,24.0,0.679,1.197,0,0,None,None,0,1,0,1,0.2761,0.4195,0.924,0.000,0
71.91,Saifuddin,AUIT_Multi,ACB,0.425,1.692,0.788,45.6,3.2,0.656,1.692,1.437,1.549,1.692,1.200,World,CabinetD05Door,26.1,24.5,0.689,1.197,0,0,None,None,0,1,0,1,0.1849,0.2622,0.923,0.000,0
72.00,Saifuddin,AUIT_Multi,ACB,0.432,1.693,0.776,46.2,3.1,0.671,1.692,1.435,1.558,1.692,1.183,World,CabinetD05Door,26.5,24.1,0.701,1.197,0,0,None,None,0,1,0,1,0.1467,0.1960,0.923,0.000,0
72.10,Saifuddin,AUIT_Multi,ACB,0.441,1.693,0.761,47.7,3.1,0.692,1.693,1.432,1.571,1.693,1.155,World,CabinetD05Door,27.3,23.3,0.716,1.197,0,0,None,None,0,1,0,1,0.2264,0.3203,0.921,0.000,0
72.20,Saifuddin,AUIT_Multi,ACB,0.453,1.695,0.745,49.8,3.2,0.727,1.694,1.428,1.590,1.694,1.110,World,CabinetDCorner02,28.1,22.6,0.736,1.195,0,0,None,None,0,1,0,1,0.3592,0.5044,0.920,0.000,0
72.31,Saifuddin,AUIT_Multi,ACB,0.466,1.691,0.727,51.3,5.4,0.763,1.694,1.394,1.616,1.694,1.047,World,CabinetDCorner02,27.8,23.8,0.730,1.193,0,0,None,None,0,1,0,1,0.4477,0.6084,0.921,0.000,0
72.41,Saifuddin,AUIT_Multi,ACB,0.467,1.690,0.723,42.8,7.1,0.769,1.692,1.396,1.621,1.692,1.048,World,CabinetD05Door,19.9,32.2,0.737,1.199,0,0,None,None,1,0,0,0,0.0672,0.0613,0.920,0.000,0
72.50,Saifuddin,AUIT_Multi,ACB,0.458,1.684,0.725,29.9,6.8,0.660,1.688,1.417,1.548,1.688,1.215,World,Quad,15.4,36.4,0.721,1.196,0,0,None,None,1,0,0,0,1.1465,1.8702,0.911,0.000,0
72.60,Saifuddin,AUIT_Multi,ACB,0.447,1.682,0.724,21.5,8.0,0.508,1.684,1.415,1.246,1.684,1.275,World,Quad,18.3,34.8,0.694,0.971,0,0,None,None,1,0,0,0,1.5580,3.1716,0.751,0.000,0
72.71,Saifuddin,AUIT_Multi,ACB,0.439,1.690,0.718,17.0,5.7,0.405,1.684,1.336,1.017,1.684,1.269,World,CabinetD05,20.8,29.8,0.619,0.798,0,0,None,None,1,0,0,0,1.1772,2.0688,0.616,0.000,0
72.81,Saifuddin,AUIT_Multi,ACB,0.431,1.697,0.714,14.0,3.5,0.362,1.691,1.265,0.980,1.691,1.321,World,CabinetD05,21.4,28.3,0.555,0.818,0,0,None,None,1,0,0,0,0.8505,0.6587,0.620,0.000,0
72.91,Saifuddin,AUIT_Multi,ACB,0.421,1.703,0.716,11.4,1.6,0.330,1.698,1.212,0.976,1.698,1.401,World,CabinetD05,21.8,27.6,0.505,0.882,0,0,None,None,1,0,0,0,0.6427,0.8343,0.673,0.000,0
73.00,Saifuddin,AUIT_Multi,ACB,0.413,1.708,0.725,10.2,359.1,0.307,1.703,1.188,0.976,1.703,1.472,World,CabinetD05,23.1,26.9,0.475,0.936,0,0,None,None,1,0,0,0,0.3487,0.7339,0.727,0.000,0
73.10,Saifuddin,AUIT_Multi,ACB,0.407,1.710,0.748,9.9,358.3,0.293,1.708,1.184,0.975,1.708,1.525,World,CabinetD05,24.6,26.4,0.451,0.963,0,0,None,None,1,0,0,0,0.1565,0.5405,0.763,0.000,0
73.21,Saifuddin,AUIT_Multi,ACB,0.403,1.707,0.785,11.9,358.2,0.289,1.708,1.200,0.974,1.708,1.564,World,CabinetD05,27.3,24.5,0.430,0.966,0,0,None,None,0,1,0,1,0.1503,0.3494,0.776,0.000,0
73.31,Saifuddin,AUIT_Multi,ACB,0.401,1.713,0.819,14.7,355.1,0.296,1.708,1.266,0.972,1.708,1.538,World,CabinetD05,28.4,24.3,0.460,0.919,0,0,None,None,0,1,0,1,0.6893,0.2636,0.729,0.000,0
73.41,Saifuddin,AUIT_Multi,ACB,0.401,1.717,0.853,17.7,354.3,0.308,1.713,1.365,0.971,1.713,1.500,World,CabinetD05,28.7,24.4,0.521,0.861,0,0,None,None,0,1,0,1,1.0247,0.3975,0.677,0.000,0
73.51,Saifuddin,AUIT_Multi,ACB,0.408,1.718,0.884,20.0,354.2,0.330,1.717,1.444,0.970,1.717,1.468,World,CabinetD05,28.5,24.6,0.565,0.810,0,0,None,None,0,1,0,1,0.8333,0.3293,0.640,0.000,0
73.60,Saifuddin,AUIT_Multi,ACB,0.419,1.721,0.913,20.9,355.6,0.358,1.719,1.460,0.970,1.719,1.450,World,CabinetD05,27.6,25.3,0.550,0.769,0,0,None,None,0,0,0,0,0.3350,0.1816,0.612,0.000,0
73.70,Saifuddin,AUIT_Multi,ACB,0.433,1.723,0.941,21.4,357.1,0.380,1.721,1.467,0.970,1.721,1.450,World,CabinetD05,27.3,25.3,0.529,0.740,0,0,None,None,0,0,0,0,0.2403,0.0288,0.590,0.000,0
73.81,Saifuddin,AUIT_Multi,ACB,0.452,1.721,0.972,22.6,358.7,0.408,1.722,1.475,0.971,1.722,1.449,World,CabinetD05,27.7,24.8,0.505,0.705,0,0,None,None,0,1,0,0,0.2597,0.0156,0.564,0.000,0
73.91,Saifuddin,AUIT_Multi,ACB,0.472,1.719,1.001,23.0,0.4,0.433,1.720,1.483,0.971,1.720,1.446,World,CabinetD05,27.6,25.2,0.483,0.669,0,0,None,None,0,0,0,0,0.2711,0.0291,0.539,0.000,0
74.00,Saifuddin,AUIT_Multi,ACB,0.499,1.716,1.032,22.8,1.1,0.457,1.719,1.490,0.972,1.719,1.455,World,CabinetD05,28.1,25.5,0.460,0.634,0,0,None,None,0,0,0,0,0.2571,0.0884,0.517,0.000,0
74.10,Saifuddin,AUIT_Multi,ACB,0.534,1.714,1.067,24.2,3.4,0.488,1.716,1.499,0.973,1.716,1.459,World,_Jar,30.5,24.3,0.435,0.588,0,0,None,None,0,1,0,0,0.3339,0.0505,0.487,0.000,0
74.20,Saifuddin,AUIT_Multi,ACB,0.576,1.704,1.101,27.0,7.7,0.536,1.712,1.510,0.974,1.712,1.441,World,CabinetD05,33.6,24.0,0.411,0.523,0,0,None,None,0,1,0,0,0.5127,0.1901,0.443,0.000,0
74.31,Saifuddin,AUIT_Multi,ACB,0.631,1.687,1.137,32.6,14.1,0.613,1.699,1.521,0.973,1.699,1.397,World,CabinetD05,38.5,25.4,0.384,0.430,0,0,None,None,0,0,0,0,0.7045,0.4110,0.381,0.000,0
74.41,Saifuddin,AUIT_Multi,ACB,0.675,1.677,1.161,35.3,17.2,0.687,1.687,1.527,0.973,1.687,1.355,World,CabinetD05Door,37.8,28.3,0.367,0.356,0,0,None,None,0,0,0,0,0.7701,0.4481,0.334,0.000,0
74.50,Saifuddin,AUIT_Multi,ACB,0.711,1.673,1.178,37.7,18.5,0.746,1.678,1.534,0.973,1.678,1.330,World,CabinetD05Door,36.9,29.2,0.358,0.304,0,0,None,None,0,0,0,0,0.6265,0.2715,0.305,0.000,0
74.60,Saifuddin,AUIT_Multi,ACB,0.737,1.668,1.194,38.6,19.6,0.793,1.672,1.539,0.974,1.672,1.315,World,CabinetD05Door,35.3,31.4,0.349,0.266,0,0,None,None,0,0,0,0,0.4857,0.1667,0.288,0.000,0
74.71,Saifuddin,AUIT_Multi,ACB,0.752,1.661,1.211,37.6,21.5,0.821,1.666,1.544,0.991,1.655,1.353,World,CabinetD05Door,33.8,29.3,0.339,0.278,0,0,None,None,0,0,0,0,0.2601,0.4027,0.255,0.000,0
74.81,Saifuddin,AUIT_Multi,ACB,0.755,1.657,1.222,36.5,22.4,0.825,1.661,1.547,1.042,1.614,1.478,World,Wall4m,33.1,19.7,0.332,0.387,0,0,None,None,0,1,0,0,0.0839,1.4475,0.232,0.000,0
74.91,Saifuddin,AUIT_Multi,ACB,0.750,1.656,1.230,35.9,22.1,0.826,1.657,1.550,1.093,1.574,1.602,World,Wall4m,31.2,14.3,0.329,0.512,0,1,None,CabinetD05Door,0,1,0,0,0.0488,1.4385,0.284,0.000,0
75.00,Saifuddin,AUIT_Multi,ACB,0.744,1.658,1.235,33.9,21.1,0.827,1.657,1.552,1.015,1.626,1.466,World,Wall4m,28.2,22.1,0.328,0.358,0,0,None,None,0,1,0,0,0.0242,1.7077,0.210,0.000,0
75.10,Saifuddin,AUIT_Multi,ACB,0.740,1.659,1.237,33.3,20.7,0.825,1.658,1.554,0.984,1.653,1.422,World,Wall4m,27.3,27.4,0.328,0.306,0,0,None,None,0,0,0,0,0.0258,0.6189,0.207,0.000,0
75.21,Saifuddin,AUIT_Multi,ACB,0.740,1.658,1.238,34.6,20.6,0.821,1.659,1.554,0.981,1.658,1.417,World,Wall4m,28.7,27.7,0.326,0.300,0,0,None,None,0,0,0,0,0.0349,0.0689,0.210,0.000,0
75.31,Saifuddin,AUIT_Multi,ACB,0.740,1.656,1.238,35.4,21.1,0.821,1.657,1.554,0.979,1.657,1.405,World,Wall4m,29.5,28.7,0.327,0.292,0,0,None,None,0,0,0,0,0.0126,0.1231,0.217,0.000,0
75.41,Saifuddin,AUIT_Multi,ACB,0.739,1.656,1.240,35.8,21.1,0.821,1.657,1.554,0.978,1.657,1.397,World,Wall4m,29.6,29.4,0.325,0.287,0,0,None,None,0,0,0,0,0.0078,0.0853,0.223,0.000,0
75.50,Saifuddin,AUIT_Multi,ACB,0.737,1.653,1.244,34.8,21.6,0.817,1.655,1.555,0.978,1.655,1.396,World,Wall4m,29.6,31.5,0.321,0.285,0,0,None,None,0,0,0,0,0.0426,0.0185,0.226,0.000,0
75.60,Saifuddin,AUIT_Multi,ACB,0.730,1.655,1.248,32.0,21.1,0.795,1.654,1.555,0.977,1.654,1.396,World,Wall4m,28.6,33.6,0.314,0.288,0,0,None,None,0,0,0,0,0.2269,0.0194,0.242,0.000,0
75.71,Saifuddin,AUIT_Multi,ACB,0.715,1.667,1.249,24.0,16.0,0.755,1.659,1.555,0.980,1.659,1.428,World,CabinetD05,21.9,34.7,0.309,0.319,0,0,None,None,1,0,0,0,0.3671,0.2893,0.259,0.000,0
75.81,Saifuddin,AUIT_Multi,ACB,0.700,1.677,1.244,18.2,12.9,0.704,1.668,1.555,0.984,1.668,1.492,World,CabinetD05,20.6,32.5,0.312,0.377,0,0,None,None,1,0,0,0,0.5253,0.6662,0.287,0.000,0
75.91,Saifuddin,AUIT_Multi,ACB,0.685,1.684,1.235,15.8,10.6,0.662,1.677,1.555,0.987,1.677,1.550,World,CabinetD05,22.0,29.4,0.321,0.437,0,0,None,None,1,0,0,0,0.4468,0.6036,0.325,0.000,0
76.00,Saifuddin,AUIT_Multi,ACB,0.664,1.690,1.221,14.3,8.6,0.630,1.684,1.557,0.987,1.684,1.586,World,CabinetD05,21.3,28.3,0.338,0.487,0,0,None,None,1,0,0,0,0.3331,0.3739,0.358,0.000,0
76.10,Saifuddin,AUIT_Multi,ACB,0.637,1.699,1.198,11.2,6.5,0.593,1.691,1.553,0.987,1.691,1.626,World,CabinetD05,19.0,28.6,0.357,0.553,0,0,None,None,1,0,0,0,0.3889,0.4256,0.401,0.000,0
76.21,Saifuddin,AUIT_Multi,ACB,0.604,1.706,1.164,7.8,3.0,0.538,1.700,1.541,0.960,1.700,1.656,World,Quad,17.9,28.2,0.383,0.607,0,0,None,None,1,0,0,0,0.5145,0.3695,0.438,0.000,0
76.31,Saifuddin,AUIT_Multi,ACB,0.564,1.714,1.133,4.3,359.9,0.481,1.707,1.534,0.916,1.707,1.657,World,Quad,16.0,29.6,0.409,0.631,0,0,None,None,1,0,0,0,0.5892,0.4624,0.451,0.000,0
76.41,Saifuddin,AUIT_Multi,ACB,0.508,1.726,1.103,356.0,355.9,0.394,1.716,1.526,0.833,1.716,1.654,World,Quad,12.3,34.9,0.438,0.639,0,0,None,None,1,0,0,0,0.9075,0.8550,0.457,0.000,0
76.50,Saifuddin,AUIT_Multi,ACB,0.453,1.729,1.077,346.9,355.1,0.328,1.725,1.408,0.699,1.725,1.651,World,Quad,9.3,36.7,0.354,0.625,0,0,None,None,1,0,0,0,1.3972,1.3870,0.444,0.000,0
76.60,Saifuddin,AUIT_Multi,ACB,0.411,1.724,1.058,344.2,356.6,0.287,1.727,1.291,0.579,1.727,1.678,World,Quad,12.5,31.1,0.264,0.643,0,0,None,None,1,0,0,0,1.2770,1.2630,0.485,0.000,0
76.70,Saifuddin,AUIT_Multi,ACB,0.381,1.719,1.043,346.7,358.5,0.251,1.723,1.248,0.517,1.723,1.652,World,CabinetD06,19.1,25.9,0.242,0.624,0,0,None,None,1,0,0,0,0.5763,0.6969,0.484,0.000,0
76.81,Saifuddin,AUIT_Multi,ACB,0.359,1.712,1.032,349.6,359.8,0.232,1.717,1.235,0.470,1.720,1.591,World,CabinetD06,21.6,21.7,0.239,0.570,0,0,None,None,1,1,0,0,0.2146,0.6903,0.429,0.000,0
76.91,Saifuddin,AUIT_Multi,ACB,0.350,1.710,1.026,352.6,1.3,0.230,1.712,1.236,0.422,1.720,1.514,World,CabinetD06,22.3,15.9,0.242,0.494,0,0,None,None,1,1,0,0,0.0565,0.9294,0.338,0.000,0
77.00,Saifuddin,AUIT_Multi,ACB,0.350,1.709,1.020,357.1,2.0,0.231,1.711,1.236,0.429,1.718,1.500,World,CabinetD06,26.1,12.7,0.247,0.487,0,0,None,None,0,1,0,0,0.0190,0.1663,0.331,0.000,0
77.10,Saifuddin,AUIT_Multi,ACB,0.355,1.701,1.012,2.4,5.5,0.235,1.707,1.249,0.596,1.708,1.630,World,CabinetD06,30.0,19.8,0.266,0.663,0,0,None,None,0,1,0,0,0.1477,2.1751,0.525,0.000,0
77.21,Saifuddin,AUIT_Multi,ACB,0.364,1.695,1.001,7.6,8.4,0.245,1.700,1.300,0.707,1.700,1.651,World,CabinetD06,30.6,22.0,0.322,0.735,0,0,None,None,0,1,0,0,0.4700,1.0140,0.580,0.000,0
77.31,Saifuddin,AUIT_Multi,ACB,0.370,1.695,0.990,9.9,8.8,0.259,1.696,1.335,0.781,1.696,1.653,World,CabinetD06,28.9,23.6,0.362,0.780,0,0,None,None,0,1,0,0,0.3977,0.7683,0.611,0.000,0
77.41,Saifuddin,AUIT_Multi,ACB,0.375,1.700,0.979,14.1,6.9,0.272,1.697,1.376,0.846,1.697,1.654,World,CabinetD05,29.2,21.9,0.410,0.823,0,0,None,None,0,1,0,1,0.4345,0.6700,0.638,0.000,0
77.50,Saifuddin,AUIT_Multi,ACB,0.374,1.702,0.970,17.2,6.0,0.289,1.700,1.438,0.929,1.700,1.653,World,CabinetD05,28.0,22.7,0.475,0.880,0,0,None,None,0,1,0,1,0.6585,0.8522,0.676,0.000,0
77.60,Saifuddin,AUIT_Multi,ACB,0.370,1.701,0.966,17.9,5.9,0.305,1.701,1.450,0.963,1.701,1.626,World,CabinetD05,26.1,24.7,0.488,0.887,0,0,None,None,0,1,0,1,0.2124,0.4477,0.680,0.000,0
77.71,Saifuddin,AUIT_Multi,ACB,0.364,1.699,0.965,17.2,6.6,0.309,1.700,1.425,0.968,1.700,1.619,World,CabinetD05,24.8,26.4,0.463,0.891,0,0,None,None,1,0,0,0,0.2247,0.0779,0.688,0.000,0
77.81,Saifuddin,AUIT_Multi,ACB,0.359,1.698,0.965,16.0,7.1,0.303,1.699,1.395,0.969,1.699,1.639,World,CabinetD05,24.5,27.0,0.434,0.909,0,0,None,None,1,0,0,0,0.3201,0.2057,0.710,0.000,0
77.91,Saifuddin,AUIT_Multi,ACB,0.355,1.697,0.965,14.8,7.6,0.294,1.697,1.368,0.952,1.697,1.651,World,CabinetD05,24.6,27.3,0.407,0.909,0,0,None,None,1,0,0,0,0.2884,0.2135,0.716,0.000,0
78.00,Saifuddin,AUIT_Multi,ACB,0.352,1.698,0.967,13.8,7.3,0.286,1.697,1.347,0.925,1.697,1.653,World,CabinetD05,24.6,27.0,0.386,0.894,0,0,None,None,1,0,0,0,0.2362,0.2722,0.709,0.000,0
78.10,Saifuddin,AUIT_Multi,ACB,0.346,1.703,0.968,12.0,4.8,0.279,1.699,1.323,0.898,1.699,1.652,World,CabinetD06,23.0,27.2,0.361,0.879,0,0,None,None,1,0,0,0,0.2484,0.2841,0.701,0.000,0
78.20,Saifuddin,AUIT_Multi,ACB,0.335,1.708,0.969,8.9,2.2,0.271,1.703,1.281,0.852,1.703,1.651,World,CabinetD06,20.6,28.3,0.318,0.856,0,0,None,None,1,0,0,0,0.4480,0.4705,0.690,0.000,0
78.31,Saifuddin,AUIT_Multi,ACB,0.314,1.711,0.974,2.4,0.3,0.248,1.709,1.230,0.759,1.709,1.649,World,Quad,17.0,31.0,0.264,0.808,0,0,None,None,1,0,0,0,0.5115,0.8511,0.661,0.000,0
78.41,Saifuddin,AUIT_Multi,ACB,0.300,1.710,0.978,358.8,0.5,0.218,1.711,1.202,0.661,1.711,1.647,World,CabinetD06,19.0,29.5,0.239,0.760,0,0,None,None,1,0,0,0,0.4149,1.0075,0.628,0.000,0
78.51,Saifuddin,AUIT_Multi,ACB,0.295,1.708,0.983,358.6,0.8,0.196,1.710,1.193,0.603,1.710,1.656,World,CabinetD06,23.8,26.0,0.232,0.740,0,0,None,None,1,0,0,0,0.2402,0.5916,0.616,0.000,0
78.60,Saifuddin,AUIT_Multi,ACB,0.301,1.706,0.988,1.8,1.2,0.195,1.708,1.197,0.601,1.708,1.654,World,CabinetD06,28.9,22.5,0.234,0.730,0,0,None,None,0,1,0,0,0.0453,0.0371,0.611,0.000,0
78.71,Saifuddin,AUIT_Multi,ACB,0.323,1.702,0.992,10.8,2.1,0.215,1.705,1.229,0.673,1.705,1.652,World,CabinetD06,35.4,17.3,0.262,0.747,0,0,None,None,0,1,0,0,0.3449,0.6571,0.623,0.000,0
78.81,Saifuddin,AUIT_Multi,ACB,0.363,1.701,0.985,26.4,2.3,0.251,1.702,1.419,0.846,1.702,1.642,World,CabinetD05,40.9,10.2,0.448,0.816,0,0,None,None,0,1,0,1,1.9901,1.7834,0.635,0.000,0
78.91,Saifuddin,AUIT_Multi,ACB,0.413,1.703,0.960,49.1,1.3,0.421,1.702,1.487,1.020,1.702,1.429,World,CabinetD05Door,48.2,3.5,0.527,0.767,0,0,None,None,0,1,0,0,1.8449,2.7629,0.601,0.000,0
79.00,Saifuddin,AUIT_Multi,ACB,0.450,1.699,0.922,69.9,2.5,0.675,1.702,1.461,1.476,1.702,1.179,World,CabinetDCorner02,47.3,6.6,0.584,1.058,0,0,None,None,0,1,0,1,2.6761,5.4680,0.850,0.000,0
79.10,Saifuddin,AUIT_Multi,ACB,0.468,1.694,0.888,84.5,5.3,0.812,1.698,1.278,1.610,1.698,0.791,World,Wall4m,43.4,11.7,0.520,1.146,0,0,None,None,0,1,0,1,2.3521,4.2178,0.934,0.000,0
79.20,Saifuddin,AUIT_Multi,ACB,0.477,1.692,0.865,93.4,6.3,0.977,1.694,1.178,1.586,1.694,0.486,World,Wall4m,36.0,16.7,0.589,1.171,0,0,None,None,0,1,0,1,1.9559,3.1102,0.921,0.000,0
79.31,Saifuddin,AUIT_Multi,ACB,0.484,1.692,0.849,99.4,6.8,1.247,1.693,1.144,1.496,1.692,0.325,World,Wall4m,31.3,19.1,0.817,1.139,0,0,None,None,0,1,0,1,2.4508,1.6599,0.856,0.000,0
79.41,Saifuddin,AUIT_Multi,ACB,0.489,1.689,0.841,103.3,8.2,1.436,1.691,1.106,1.277,1.687,0.500,World,Wall4m,30.0,12.9,0.984,0.859,0,0,None,None,0,1,0,1,2.0080,2.9120,0.627,0.000,0
79.50,Saifuddin,AUIT_Multi,ACB,0.494,1.687,0.836,106.0,9.2,1.525,1.689,1.050,1.066,1.682,0.663,World,Wall4m,29.1,8.8,1.053,0.597,0,0,None,None,0,1,0,0,1.0782,2.7468,0.600,0.000,0
79.60,Saifuddin,AUIT_Multi,ACB,0.499,1.684,0.837,106.7,10.4,1.579,1.686,1.011,1.217,1.683,0.332,World,Wall4m,27.8,21.0,1.094,0.878,0,0,None,None,0,1,0,1,0.6806,3.7134,0.770,0.000,0
79.71,Saifuddin,AUIT_Multi,ACB,0.501,1.685,0.845,104.5,9.3,1.526,1.684,0.996,1.383,1.684,0.082,World,Wall4m,24.6,27.9,1.036,1.166,0,0,None,None,1,0,1,0,0.4949,2.7054,0.926,0.000,0
79.81,Saifuddin,AUIT_Multi,ACB,0.500,1.689,0.862,99.1,7.9,1.299,1.686,1.005,1.437,1.686,0.105,World,Wall4m,20.7,30.8,0.811,1.204,0,0,None,None,1,0,1,0,2.3621,0.6151,0.911,0.000,0
79.91,Saifuddin,AUIT_Multi,ACB,0.498,1.693,0.879,93.6,6.6,1.242,1.684,0.996,1.269,1.685,0.383,World,Quad,13.9,29.7,0.754,0.917,0,0,None,None,1,0,0,0,0.5908,3.3390,0.613,0.000,0
80.01,Saifuddin,AUIT_Multi,ACB,0.495,1.694,0.893,90.4,6.2,1.195,1.682,0.988,1.118,1.683,0.655,World,Quad,9.7,21.1,0.706,0.666,0,0,None,None,1,1,0,0,0.4925,3.2002,0.341,0.000,0
80.10,Saifuddin,AUIT_Multi,ACB,0.494,1.692,0.905,88.5,6.5,1.176,1.679,0.976,1.402,1.689,0.678,World,Quad,6.9,16.7,0.686,0.936,0,0,None,None,1,1,0,1,0.2350,2.9328,0.374,0.462,0
80.20,Saifuddin,AUIT_Multi,ACB,0.492,1.690,0.916,86.0,7.2,1.122,1.677,0.968,1.618,1.691,0.622,World,Quad,6.0,19.9,0.632,1.164,0,0,None,None,1,1,0,1,0.5589,2.2992,0.605,0.474,0
80.31,Saifuddin,AUIT_Multi,ACB,0.489,1.691,0.924,83.0,7.3,1.075,1.674,0.959,1.648,1.691,0.614,World,Quad,6.6,23.1,0.587,1.200,0,0,None,None,1,1,0,1,0.4308,0.2804,0.670,0.539,0
80.41,Saifuddin,AUIT_Multi,ACB,0.489,1.692,0.925,81.1,6.9,1.035,1.671,0.951,1.648,1.691,0.614,World,Quad,7.7,24.8,0.547,1.200,0,0,None,None,1,1,0,1,0.4145,0.0064,0.700,0.622,0
80.51,Saifuddin,AUIT_Multi,ACB,0.494,1.688,0.921,82.7,8.5,1.000,1.669,0.941,1.650,1.691,0.614,World,Quad,8.1,23.8,0.507,1.196,0,0,None,None,1,1,0,1,0.3740,0.0134,0.727,0.595,0
80.60,Saifuddin,AUIT_Multi,ACB,0.498,1.682,0.911,88.0,11.3,0.988,1.665,0.923,1.655,1.687,0.612,World,Quad,9.3,20.0,0.491,1.195,0,0,None,None,1,1,0,1,0.2269,0.0680,0.736,0.507,0
80.70,Saifuddin,AUIT_Multi,ACB,0.499,1.680,0.902,92.0,11.8,1.059,1.662,0.925,1.656,1.682,0.597,World,Quad,10.9,17.4,0.560,1.196,0,0,None,None,1,1,0,1,0.7398,0.1670,0.681,0.477,0
80.81,Saifuddin,AUIT_Multi,ACB,0.501,1.681,0.899,92.4,11.4,1.136,1.663,0.950,1.647,1.680,0.551,World,Quad,12.1,18.3,0.637,1.198,0,0,None,None,1,1,0,1,0.7212,0.4234,0.649,0.000,0
80.91,Saifuddin,AUIT_Multi,ACB,0.502,1.680,0.898,91.6,11.3,1.209,1.677,1.044,1.647,1.680,0.543,World,Wall4m,17.3,19.2,0.722,1.199,0,0,None,None,1,1,0,1,1.2398,0.0762,0.665,0.000,0
81.01,Saifuddin,AUIT_Multi,ACB,0.501,1.680,0.897,90.7,11.6,1.191,1.680,1.068,1.648,1.680,0.543,World,Wall4m,18.6,20.1,0.711,1.201,0,0,None,None,1,1,0,1,0.3140,0.0088,0.696,0.000,0
81.10,Saifuddin,AUIT_Multi,ACB,0.497,1.683,0.900,88.3,10.5,1.078,1.681,1.069,1.646,1.681,0.544,World,Quad,17.7,21.5,0.605,1.203,0,0,None,None,1,1,0,1,1.1459,0.0181,0.774,0.000,0
81.20,Saifuddin,AUIT_Multi,ACB,0.494,1.687,0.912,81.9,9.0,0.974,1.684,1.100,1.642,1.684,0.545,World,Quad,15.8,27.1,0.515,1.206,0,0,None,None,1,0,0,0,1.1294,0.0536,0.869,0.000,0
81.31,Saifuddin,AUIT_Multi,ACB,0.483,1.689,0.937,66.2,8.7,0.878,1.687,1.199,1.660,1.687,0.662,World,Quad,12.9,37.8,0.474,1.209,0,0,None,None,1,0,0,0,1.2459,1.0705,0.949,0.000,0
81.41,Saifuddin,AUIT_Multi,ACB,0.464,1.691,0.965,49.4,8.2,0.848,1.690,1.411,1.668,1.690,0.964,World,Quad,11.8,41.3,0.589,1.204,0,0,None,None,1,0,0,0,2.1947,3.0933,0.933,0.000,0
81.51,Saifuddin,AUIT_Multi,ACB,0.434,1.688,0.986,33.6,9.6,0.679,1.690,1.486,1.403,1.690,1.233,World,Quad,12.4,43.0,0.558,1.001,0,0,None,None,1,0,0,0,1.9053,3.8846,0.767,0.000,0
81.60,Saifuddin,AUIT_Multi,ACB,0.407,1.689,0.993,24.5,9.6,0.508,1.689,1.486,1.044,1.689,1.343,World,Quad,16.0,37.7,0.504,0.727,0,0,None,None,1,0,0,0,1.7643,3.8750,0.554,0.000,0
81.70,Saifuddin,AUIT_Multi,ACB,0.386,1.690,0.991,19.3,9.1,0.403,1.689,1.487,0.979,1.689,1.481,World,Quad,19.6,32.3,0.496,0.769,0,0,None,None,1,0,0,0,1.0847,1.5614,0.576,0.000,0
81.81,Saifuddin,AUIT_Multi,ACB,0.366,1.689,0.985,13.0,9.1,0.333,1.689,1.419,0.961,1.689,1.611,World,Quad,19.5,31.7,0.435,0.863,0,0,None,None,1,0,0,0,0.8692,1.1728,0.656,0.000,0
81.91,Saifuddin,AUIT_Multi,ACB,0.348,1.690,0.978,6.7,8.5,0.296,1.689,1.303,0.848,1.687,1.600,World,Quad,18.0,33.0,0.329,0.798,0,0,None,None,1,0,0,0,1.2600,1.1734,0.627,0.000,0
82.01,Saifuddin,AUIT_Multi,ACB,0.334,1.693,0.974,0.7,7.3,0.260,1.691,1.238,0.692,1.682,1.524,World,Quad,17.6,33.0,0.274,0.656,0,0,None,None,1,0,0,0,0.7631,1.7836,0.518,0.000,0
82.10,Saifuddin,AUIT_Multi,ACB,0.325,1.690,0.971,355.5,7.7,0.226,1.692,1.205,0.543,1.676,1.448,World,Quad,19.9,29.7,0.254,0.525,0,0,None,None,1,0,0,0,0.4825,1.7261,0.399,0.000,0
82.20,Saifuddin,AUIT_Multi,ACB,0.320,1.694,0.973,353.8,6.5,0.201,1.691,1.192,0.568,1.687,1.641,World,CabinetD06,23.0,27.2,0.250,0.712,0,0,None,None,1,0,0,0,0.2909,1.9940,0.579,0.000,0
82.31,Saifuddin,AUIT_Multi,ACB,0.315,1.697,0.983,353.1,4.6,0.188,1.694,1.191,0.568,1.694,1.716,World,CabinetD06,24.7,26.3,0.243,0.776,0,0,None,None,1,0,0,0,0.1201,0.6847,0.649,0.000,0
82.41,Saifuddin,AUIT_Multi,ACB,0.312,1.700,0.998,353.7,2.2,0.190,1.697,1.199,0.526,1.694,1.654,World,CabinetD06,24.9,24.4,0.235,0.690,0,0,None,None,1,1,0,0,0.0951,0.7742,0.565,0.000,0
82.51,Saifuddin,AUIT_Multi,ACB,0.314,1.700,1.013,353.7,2.4,0.207,1.697,1.222,0.457,1.684,1.571,World,CabinetD06,20.8,20.6,0.235,0.576,0,0,None,None,1,1,0,0,0.2916,1.1161,0.429,0.000,0
82.60,Saifuddin,AUIT_Multi,ACB,0.324,1.706,1.025,352.4,2.1,0.223,1.698,1.246,0.385,1.675,1.490,World,Quad,16.9,15.2,0.243,0.470,0,0,None,None,1,1,0,0,0.2973,1.1109,0.294,0.000,0
82.70,Saifuddin,AUIT_Multi,ACB,0.337,1.714,1.038,352.2,359.8,0.239,1.700,1.271,0.403,1.701,1.606,World,Quad,15.5,14.4,0.254,0.573,0,0,None,None,1,1,0,0,0.3036,1.2319,0.373,0.000,0
82.81,Saifuddin,AUIT_Multi,ACB,0.351,1.717,1.052,352.7,358.9,0.255,1.701,1.301,0.420,1.714,1.643,World,Quad,14.4,14.0,0.268,0.595,0,0,None,None,1,1,0,0,0.3099,0.3832,0.379,0.000,0
82.91,Saifuddin,AUIT_Multi,ACB,0.357,1.718,1.062,351.5,358.0,0.270,1.701,1.323,0.428,1.717,1.646,World,Quad,11.5,15.6,0.276,0.588,0,0,None,None,1,1,0,0,0.2689,0.0996,0.360,0.000,0
83.01,Saifuddin,AUIT_Multi,ACB,0.360,1.717,1.073,349.6,357.5,0.284,1.702,1.339,0.429,1.718,1.647,World,Quad,8.0,17.4,0.278,0.578,0,0,None,None,1,1,0,0,0.2225,0.0175,0.340,0.000,0
83.10,Saifuddin,AUIT_Multi,ACB,0.362,1.713,1.079,348.8,358.9,0.298,1.701,1.357,0.429,1.716,1.647,World,Quad,3.9,18.0,0.285,0.572,0,0,None,None,1,1,0,0,0.2328,0.0205,0.318,0.431,0
83.20,Saifuddin,AUIT_Multi,ACB,0.364,1.712,1.083,349.5,359.9,0.312,1.701,1.378,0.427,1.713,1.634,World,Quad,2.1,17.1,0.299,0.554,0,0,None,None,1,1,0,0,0.2599,0.1400,0.281,0.434,0
83.31,Saifuddin,AUIT_Multi,ACB,0.366,1.707,1.089,351.3,2.6,0.328,1.701,1.406,0.422,1.711,1.590,World,Quad,2.5,15.4,0.319,0.505,0,0,None,None,1,1,0,0,0.2925,0.3942,0.207,0.428,0
83.41,Saifuddin,AUIT_Multi,ACB,0.366,1.701,1.091,354.1,5.7,0.306,1.703,1.373,0.432,1.706,1.620,World,Quad,8.4,14.5,0.288,0.534,0,0,None,None,1,1,0,0,0.4139,0.3305,0.278,0.405,0
83.51,Saifuddin,AUIT_Multi,ACB,0.364,1.697,1.087,356.8,7.9,0.264,1.700,1.387,0.459,1.701,1.644,World,Quad,17.5,15.2,0.316,0.565,0,0,None,None,1,1,0,0,0.4555,0.3695,0.323,0.000,0
83.60,Saifuddin,AUIT_Multi,ACB,0.361,1.695,1.079,358.5,8.6,0.261,1.697,1.392,0.488,1.697,1.648,World,Quad,18.4,16.6,0.329,0.583,0,0,None,None,1,1,0,0,0.0708,0.3035,0.342,0.000,0
83.70,Saifuddin,AUIT_Multi,ACB,0.357,1.694,1.068,359.8,8.7,0.263,1.695,1.388,0.510,1.695,1.650,World,Quad,18.3,17.3,0.333,0.602,0,0,None,None,1,1,0,0,0.0530,0.2323,0.361,0.000,0
83.81,Saifuddin,AUIT_Multi,ACB,0.351,1.694,1.056,0.9,8.2,0.264,1.694,1.384,0.525,1.694,1.655,World,Quad,17.7,17.3,0.339,0.625,0,0,None,None,1,1,0,0,0.0366,0.1407,0.377,0.000,0
83.91,Saifuddin,AUIT_Multi,ACB,0.345,1.694,1.048,1.2,8.2,0.265,1.694,1.378,0.528,1.694,1.656,World,Quad,17.0,17.5,0.340,0.635,0,0,None,None,1,1,0,0,0.0588,0.0293,0.383,0.000,0
84.01,Saifuddin,AUIT_Multi,ACB,0.340,1.694,1.042,1.0,8.3,0.264,1.694,1.360,0.528,1.694,1.656,World,Quad,16.6,18.0,0.326,0.642,0,0,None,None,1,1,0,0,0.1921,0.0034,0.397,0.000,0
84.10,Saifuddin,AUIT_Multi,ACB,0.336,1.693,1.038,0.5,8.5,0.260,1.694,1.334,0.528,1.694,1.656,World,Quad,17.1,18.7,0.305,0.647,0,0,None,None,1,1,0,0,0.2675,0.0051,0.419,0.000,0
84.20,Saifuddin,AUIT_Multi,ACB,0.334,1.693,1.035,0.6,8.6,0.255,1.693,1.319,0.528,1.693,1.656,World,Quad,18.3,18.8,0.295,0.650,0,0,None,None,1,1,0,0,0.1642,0.0039,0.434,0.000,0
84.31,Saifuddin,AUIT_Multi,ACB,0.335,1.691,1.033,2.3,9.2,0.252,1.692,1.322,0.556,1.692,1.712,World,Quad,20.6,18.2,0.301,0.714,0,0,None,None,1,1,0,0,0.0414,0.5698,0.494,0.000,0
84.41,Saifuddin,AUIT_Multi,ACB,0.340,1.689,1.032,5.3,9.8,0.253,1.691,1.320,0.593,1.691,1.677,World,_Jar,24.2,18.9,0.301,0.693,0,0,None,None,1,1,0,0,0.0332,0.5182,0.493,0.000,0
84.51,Saifuddin,AUIT_Multi,ACB,0.347,1.686,1.032,9.5,10.7,0.253,1.688,1.322,0.684,1.688,1.657,World,_Jar,29.4,21.6,0.305,0.710,0,0,None,None,0,1,0,0,0.0307,0.9592,0.546,0.000,0
84.60,Saifuddin,AUIT_Multi,ACB,0.355,1.681,1.032,14.1,11.8,0.256,1.685,1.390,0.783,1.685,1.656,World,_Jar,31.8,23.5,0.371,0.757,0,0,None,None,0,1,0,0,0.7013,1.0248,0.590,0.000,0
84.70,Saifuddin,AUIT_Multi,ACB,0.364,1.679,1.030,18.0,12.5,0.285,1.681,1.418,0.873,1.681,1.658,World,_Jar,32.0,24.4,0.395,0.808,0,0,None,None,0,1,0,1,0.4101,0.9272,0.636,0.000,0
84.81,Saifuddin,AUIT_Multi,ACB,0.373,1.679,1.029,20.5,12.4,0.323,1.679,1.401,0.951,1.679,1.647,World,CabinetD05,30.6,25.6,0.375,0.847,0,0,None,None,0,0,0,0,0.3744,0.7067,0.675,0.000,0
84.91,Saifuddin,AUIT_Multi,ACB,0.379,1.678,1.027,21.3,12.1,0.342,1.679,1.413,0.965,1.679,1.612,World,_Jar,29.2,26.5,0.388,0.829,0,0,None,None,0,0,0,0,0.2388,0.3846,0.654,0.000,0
85.01,Saifuddin,AUIT_Multi,ACB,0.383,1.679,1.026,21.7,11.8,0.354,1.678,1.419,0.967,1.678,1.590,World,CabinetD05,28.3,26.9,0.394,0.812,0,0,None,None,0,0,0,0,0.1305,0.2386,0.637,0.000,0
85.10,Saifuddin,AUIT_Multi,ACB,0.385,1.682,1.025,22.1,10.5,0.363,1.680,1.380,0.968,1.680,1.577,World,CabinetD05,27.6,26.4,0.355,0.802,0,0,None,None,0,0,0,0,0.4103,0.1318,0.636,0.000,0
85.20,Saifuddin,AUIT_Multi,ACB,0.386,1.685,1.024,22.9,9.3,0.367,1.683,1.410,0.968,1.683,1.564,World,CabinetD05,27.2,25.8,0.386,0.793,0,0,None,None,0,0,0,0,0.3087,0.1364,0.620,0.000,0
85.31,Saifuddin,AUIT_Multi,ACB,0.389,1.684,1.022,25.3,10.0,0.375,1.685,1.485,0.967,1.685,1.537,World,_Jar,28.7,25.0,0.463,0.774,0,0,None,None,0,0,0,0,0.6802,0.2423,0.594,0.000,0
85.41,Saifuddin,AUIT_Multi,ACB,0.395,1.675,1.019,29.6,13.6,0.398,1.682,1.491,0.965,1.682,1.490,World,CabinetD05,32.4,25.1,0.472,0.740,0,0,None,None,0,0,0,0,0.2425,0.4910,0.568,0.000,0
85.51,Saifuddin,AUIT_Multi,ACB,0.403,1.670,1.018,36.0,14.6,0.443,1.675,1.494,0.963,1.675,1.410,World,Wall4m,34.4,24.0,0.478,0.683,0,0,None,None,0,1,0,0,0.4693,0.8227,0.527,0.000,0
85.60,Saifuddin,AUIT_Multi,ACB,0.409,1.669,1.022,40.9,14.4,0.501,1.671,1.496,0.964,1.671,1.325,World,Wall4m,33.0,24.9,0.483,0.633,0,0,None,None,0,1,0,0,0.5997,0.8716,0.494,0.000,0
85.70,Saifuddin,AUIT_Multi,ACB,0.416,1.670,1.030,41.2,14.0,0.541,1.669,1.501,0.982,1.669,1.286,World,Wall4m,29.5,28.0,0.488,0.621,0,0,None,None,0,0,0,0,0.4236,0.4479,0.491,0.000,0
85.81,Saifuddin,AUIT_Multi,ACB,0.430,1.671,1.047,37.8,13.2,0.546,1.670,1.503,0.973,1.670,1.291,World,CabinetD05,26.9,30.6,0.471,0.595,0,0,None,None,0,0,0,0,0.0417,0.1005,0.477,0.000,0
85.91,Saifuddin,AUIT_Multi,ACB,0.453,1.672,1.064,35.3,13.3,0.535,1.671,1.504,0.965,1.671,1.325,World,CabinetD05,27.8,30.4,0.448,0.575,0,0,None,None,0,0,0,0,0.1104,0.3595,0.466,0.000,0
86.01,Saifuddin,AUIT_Multi,ACB,0.486,1.676,1.082,35.5,12.8,0.541,1.673,1.510,0.908,1.665,1.364,World,CabinetD05,30.5,23.5,0.431,0.509,0,0,None,None,0,1,0,0,0.0846,0.7114,0.395,0.000,0
86.10,Saifuddin,AUIT_Multi,ACB,0.525,1.675,1.104,37.4,13.5,0.575,1.676,1.518,0.816,1.654,1.403,World,CabinetD05,33.1,12.6,0.416,0.418,0,0,None,None,0,1,0,0,0.3563,1.0343,0.267,0.000,0
86.20,Saifuddin,AUIT_Multi,ACB,0.564,1.669,1.129,39.2,15.7,0.621,1.673,1.520,0.722,1.641,1.443,World,CabinetD05Door,34.6,16.7,0.395,0.352,0,0,None,None,0,1,0,0,0.4799,1.0576,0.130,1.000,0
86.31,Saifuddin,AUIT_Multi,ACB,0.605,1.665,1.157,39.2,17.2,0.672,1.668,1.527,0.934,1.663,1.344,World,Wall4m,33.5,27.0,0.376,0.378,0,0,None,None,0,0,0,0,0.4645,2.1279,0.320,0.000,0
86.41,Saifuddin,AUIT_Multi,ACB,0.634,1.661,1.180,38.2,18.1,0.700,1.665,1.534,0.965,1.664,1.339,World,Wall4m,32.9,31.7,0.360,0.367,0,0,None,None,0,0,0,0,0.2998,0.3253,0.329,0.000,0
86.51,Saifuddin,AUIT_Multi,ACB,0.659,1.654,1.198,37.3,19.9,0.718,1.660,1.533,0.947,1.652,1.357,World,Wall4m,33.9,30.3,0.341,0.329,0,0,None,None,0,0,0,0,0.1908,0.2996,0.289,0.000,0
86.60,Saifuddin,AUIT_Multi,ACB,0.680,1.649,1.208,37.7,21.6,0.733,1.653,1.526,0.897,1.630,1.382,World,Wall4m,35.3,22.2,0.323,0.279,0,0,None,None,0,1,0,0,0.1875,0.6161,0.219,0.000,0
86.70,Saifuddin,AUIT_Multi,ACB,0.695,1.650,1.211,38.5,21.7,0.749,1.647,1.519,0.847,1.609,1.406,World,Wall4m,35.0,12.4,0.313,0.250,0,0,None,None,0,1,0,0,0.1879,0.6066,0.154,0.000,0
86.81,Saifuddin,AUIT_Multi,ACB,0.707,1.652,1.209,39.4,21.1,0.766,1.642,1.510,0.948,1.642,1.357,World,Wall4m,33.5,26.6,0.306,0.283,0,0,None,None,0,0,0,0,0.1819,1.0514,0.237,0.000,0
86.91,Saifuddin,AUIT_Multi,ACB,0.714,1.653,1.207,40.1,20.9,0.780,1.636,1.501,0.970,1.651,1.337,World,CabinetD05Door,32.0,30.3,0.302,0.287,0,0,None,None,0,0,0,0,0.1789,0.3123,0.251,0.000,0
87.01,Saifuddin,AUIT_Multi,ACB,0.715,1.655,1.205,40.4,20.2,0.794,1.631,1.494,0.972,1.653,1.327,World,CabinetD05Door,29.0,30.9,0.301,0.285,0,0,None,None,0,0,0,0,0.1687,0.1101,0.245,0.000,0
87.10,Saifuddin,AUIT_Multi,ACB,0.711,1.657,1.206,39.9,19.2,0.806,1.626,1.486,0.973,1.655,1.326,World,CabinetD05Door,24.6,31.3,0.297,0.288,0,0,None,None,1,0,0,0,0.1564,0.0257,0.233,0.000,0
87.20,Saifuddin,AUIT_Multi,ACB,0.706,1.656,1.205,38.9,19.2,0.816,1.621,1.477,0.973,1.656,1.330,World,CabinetD05Door,20.5,32.0,0.296,0.294,0,0,None,None,1,0,0,0,0.1494,0.0420,0.218,0.000,0
87.31,Saifuddin,AUIT_Multi,ACB,0.699,1.655,1.201,38.7,19.8,0.829,1.614,1.468,0.973,1.655,1.336,World,CabinetD05Door,17.3,31.7,0.299,0.305,0,0,None,None,1,0,0,0,0.1468,0.0604,0.200,0.000,0
87.41,Saifuddin,AUIT_Multi,ACB,0.690,1.654,1.190,39.7,19.8,0.842,1.609,1.460,0.973,1.655,1.337,World,CabinetD05Door,15.2,29.9,0.313,0.318,0,0,None,None,1,0,0,0,0.1732,0.0098,0.185,0.000,0
87.51,Saifuddin,AUIT_Multi,ACB,0.677,1.653,1.169,42.2,20.0,0.833,1.634,1.520,0.973,1.654,1.337,World,CabinetD05Door,24.7,26.9,0.385,0.340,0,0,None,None,1,0,0,0,0.6826,0.0063,0.232,0.000,0
87.60,Saifuddin,AUIT_Multi,ACB,0.658,1.657,1.139,47.7,19.1,0.834,1.651,1.538,0.994,1.654,1.318,World,CabinetD05Door,29.8,23.2,0.436,0.380,0,0,None,None,0,1,0,0,0.2510,0.2889,0.272,0.000,0
87.70,Saifuddin,AUIT_Multi,ACB,0.632,1.666,1.107,53.3,16.3,0.837,1.658,1.530,1.456,1.659,1.365,World,CabinetD05Door,31.1,24.7,0.470,0.863,0,0,None,None,0,1,0,1,0.1207,4.7629,0.641,0.000,0
87.81,Saifuddin,AUIT_Multi,ACB,0.595,1.673,1.076,56.1,11.9,0.854,1.668,1.514,1.753,1.668,1.317,World,CabinetD05Door,27.7,24.8,0.509,1.183,0,0,None,None,0,1,0,1,0.2273,2.7102,0.920,0.000,0
87.91,Saifuddin,AUIT_Multi,ACB,0.560,1.674,1.055,55.1,9.0,0.853,1.673,1.508,1.767,1.673,1.278,World,CabinetD05Door,23.8,25.9,0.540,1.227,0,0,None,None,1,0,0,0,0.0735,0.4338,0.943,0.000,0
88.01,Saifuddin,AUIT_Multi,ACB,0.531,1.681,1.039,52.8,5.0,0.818,1.675,1.509,1.736,1.675,1.277,World,CabinetD05Door,21.8,26.4,0.551,1.228,0,0,None,None,1,0,0,0,0.3575,0.3228,0.946,0.000,0
88.10,Saifuddin,AUIT_Multi,ACB,0.509,1.685,1.024,51.1,4.0,0.776,1.681,1.505,1.702,1.681,1.294,World,CabinetD05Door,22.3,26.4,0.550,1.224,0,0,None,None,1,0,0,0,0.4422,0.3869,0.950,0.000,0
88.20,Saifuddin,AUIT_Multi,ACB,0.486,1.686,1.004,48.9,4.8,0.738,1.685,1.500,1.670,1.685,1.316,World,CabinetD05Door,22.4,26.7,0.556,1.224,0,0,None,None,1,0,0,0,0.3982,0.4055,0.950,0.000,0
88.31,Saifuddin,AUIT_Multi,ACB,0.459,1.693,0.968,46.0,3.8,0.694,1.687,1.491,1.629,1.687,1.340,World,CabinetD05Door,22.1,26.6,0.574,1.228,0,0,None,None,1,0,0,0,0.4048,0.4249,0.948,0.000,0
88.41,Saifuddin,AUIT_Multi,ACB,0.438,1.709,0.926,40.7,357.7,0.648,1.696,1.481,1.557,1.696,1.356,World,CabinetD05Door,20.4,28.4,0.593,1.198,0,0,None,None,1,0,0,0,0.4856,0.7664,0.917,0.000,0
88.51,Saifuddin,AUIT_Multi,ACB,0.419,1.724,0.876,33.4,351.7,0.577,1.711,1.470,1.321,1.711,1.333,World,CabinetD05,20.7,31.0,0.615,1.011,0,0,None,None,1,0,0,0,0.7573,2.4520,0.756,0.000,0
88.60,Saifuddin,AUIT_Multi,ACB,0.411,1.729,0.822,27.2,350.4,0.497,1.723,1.453,1.067,1.723,1.271,World,CabinetD05,21.8,30.0,0.637,0.795,0,0,None,None,1,0,0,0,0.8534,2.6803,0.599,0.000,0
88.70,Saifuddin,AUIT_Multi,ACB,0.419,1.729,0.769,25.8,350.4,0.441,1.728,1.438,0.997,1.728,1.261,World,CabinetD05,25.6,25.5,0.669,0.760,0,0,None,None,0,0,0,0,0.5942,0.7298,0.583,0.000,0
88.81,Saifuddin,AUIT_Multi,ACB,0.438,1.718,0.710,29.0,351.9,0.449,1.725,1.422,1.108,1.725,1.292,World,CabinetD05,29.1,21.4,0.712,0.887,0,0,None,None,0,1,0,1,0.1620,1.0425,0.672,0.000,0
88.91,Saifuddin,AUIT_Multi,ACB,0.457,1.709,0.662,31.0,352.9,0.494,1.717,1.408,1.336,1.717,1.347,World,CabinetD05Door,28.9,22.1,0.747,1.114,0,0,None,None,0,1,0,1,0.4884,2.4102,0.845,0.000,0
89.01,Saifuddin,AUIT_Multi,ACB,0.475,1.706,0.626,31.4,354.9,0.534,1.709,1.397,1.440,1.709,1.325,World,CabinetD05Door,27.4,23.2,0.774,1.192,0,0,None,None,0,1,0,1,0.4432,1.0932,0.908,0.000,0
89.10,Saifuddin,AUIT_Multi,ACB,0.487,1.707,0.594,31.3,356.8,0.561,1.707,1.390,1.473,1.707,1.287,World,CabinetD05Door,26.2,23.8,0.799,1.205,0,0,None,None,0,1,0,1,0.2806,0.5134,0.918,0.000,0
89.20,Saifuddin,AUIT_Multi,ACB,0.496,1.708,0.564,30.5,357.4,0.572,1.707,1.382,1.483,1.707,1.261,World,CabinetD05Door,25.3,24.4,0.821,1.208,0,0,None,None,0,1,0,1,0.1396,0.2946,0.919,0.000,0
89.31,Saifuddin,AUIT_Multi,ACB,0.503,1.706,0.539,29.5,358.2,0.573,1.707,1.373,1.482,1.707,1.244,World,CabinetD05Door,24.8,24.8,0.837,1.207,0,0,None,None,1,1,1,1,0.0821,0.1513,0.919,0.000,1
89.41,Saifuddin,AUIT_Multi,ACB,0.506,1.701,0.524,29.0,359.7,0.572,1.704,1.367,1.478,1.704,1.237,World,CabinetD05Door,24.6,24.7,0.846,1.206,0,0,None,None,1,1,1,1,0.0665,0.0868,0.915,0.000,1
89.51,Saifuddin,AUIT_Multi,ACB,0.503,1.699,0.514,26.6,1.3,0.561,1.701,1.362,1.470,1.701,1.237,World,CabinetD05Door,22.8,26.7,0.850,1.207,0,0,None,None,1,0,1,0,0.1370,0.0894,0.918,0.000,0
89.60,Saifuddin,AUIT_Multi,ACB,0.493,1.699,0.508,21.6,1.1,0.512,1.699,1.358,1.430,1.699,1.273,World,CabinetD05,20.3,29.2,0.850,1.210,0,0,None,None,1,0,1,0,0.4991,0.5625,0.921,0.000,0
89.70,Saifuddin,AUIT_Multi,ACB,0.476,1.699,0.504,16.4,1.1,0.442,1.699,1.244,1.342,1.699,1.331,World,CabinetD05,19.1,29.9,0.741,1.197,0,0,None,None,1,0,0,0,1.3769,1.0805,0.904,0.000,0
89.81,Saifuddin,AUIT_Multi,ACB,0.456,1.696,0.505,12.4,2.3,0.366,1.698,1.145,1.121,1.698,1.258,World,CabinetD05,20.5,29.1,0.647,1.005,0,0,None,None,1,0,0,0,1.1254,2.0957,0.763,0.000,0
89.91,Saifuddin,AUIT_Multi,ACB,0.438,1.694,0.505,10.7,4.4,0.319,1.696,1.111,1.020,1.696,1.242,World,CabinetD05,22.3,27.9,0.618,0.939,0,0,None,None,1,0,0,0,0.5965,1.0558,0.713,0.000,0
90.01,Saifuddin,AUIT_Multi,ACB,0.425,1.695,0.508,10.8,5.1,0.289,1.694,1.095,0.985,1.694,1.262,World,CabinetD05,24.3,26.3,0.603,0.939,0,0,None,None,1,0,0,0,0.3484,0.4108,0.715,0.000,0
90.10,Saifuddin,AUIT_Multi,ACB,0.415,1.695,0.515,11.6,4.7,0.278,1.695,1.094,0.977,1.695,1.270,World,CabinetD05,25.2,25.5,0.595,0.942,0,0,None,None,0,0,0,0,0.1104,0.1183,0.721,0.000,0
90.20,Saifuddin,AUIT_Multi,ACB,0.404,1.696,0.520,10.1,4.9,0.273,1.694,1.094,0.975,1.694,1.279,World,CabinetD05,23.4,27.3,0.588,0.949,0,0,None,None,1,0,0,0,0.0526,0.0888,0.726,0.000,0
90.31,Saifuddin,AUIT_Multi,ACB,0.397,1.697,0.524,8.4,4.2,0.246,1.697,1.079,0.975,1.697,1.361,World,CabinetD05,24.0,26.5,0.575,1.017,0,0,None,None,1,0,0,0,0.2779,0.7393,0.782,0.000,0
90.41,Saifuddin,AUIT_Multi,ACB,0.401,1.692,0.527,12.5,6.7,0.244,1.696,1.083,0.973,1.696,1.360,World,CabinetD05,29.1,23.0,0.577,1.011,0,0,None,None,0,1,0,1,0.0450,0.0240,0.780,0.000,0
90.51,Saifuddin,AUIT_Multi,ACB,0.408,1.687,0.528,17.8,8.9,0.282,1.691,1.117,0.992,1.691,1.273,World,CabinetD05,31.2,22.2,0.602,0.947,0,0,None,None,0,1,0,1,0.5251,0.9172,0.727,0.000,0
90.60,Saifuddin,AUIT_Multi,ACB,0.413,1.681,0.529,21.2,11.1,0.332,1.686,1.183,1.153,1.686,1.315,World,Wall4m,30.3,24.7,0.659,1.080,0,0,None,None,0,1,0,1,0.8606,1.7188,0.832,0.000,0
90.70,Saifuddin,AUIT_Multi,ACB,0.407,1.677,0.531,19.4,13.0,0.357,1.681,1.195,1.249,1.681,1.355,World,Wall4m,27.0,29.1,0.666,1.178,0,0,None,None,0,0,0,0,0.2847,1.0558,0.906,0.000,0
90.81,Saifuddin,AUIT_Multi,ACB,0.397,1.673,0.532,15.7,14.6,0.335,1.676,1.144,1.097,1.676,1.260,World,Wall4m,26.0,31.5,0.615,1.010,0,0,None,None,0,0,0,0,0.5129,1.6360,0.771,0.000,0
90.91,Saifuddin,AUIT_Multi,ACB,0.389,1.669,0.529,12.7,16.2,0.298,1.673,1.110,1.009,1.673,1.250,World,Wall4m,27.0,32.1,0.588,0.950,0,0,None,None,0,0,0,0,0.5079,0.9157,0.724,0.000,0
91.01,Saifuddin,AUIT_Multi,ACB,0.389,1.668,0.525,12.6,16.5,0.272,1.670,1.095,0.978,1.670,1.276,World,Wall4m,29.1,30.1,0.582,0.954,0,0,None,None,0,0,0,0,0.3166,0.4121,0.729,0.000,0
91.10,Saifuddin,AUIT_Multi,ACB,0.388,1.667,0.522,12.9,17.1,0.267,1.668,1.094,0.973,1.668,1.277,World,Wall4m,30.0,29.9,0.585,0.956,0,0,None,None,0,0,0,0,0.0573,0.0518,0.730,0.000,0
91.20,Saifuddin,AUIT_Multi,ACB,0.385,1.668,0.519,11.7,17.5,0.264,1.667,1.091,0.973,1.667,1.278,World,Wall4m,29.0,31.0,0.584,0.960,0,0,None,None,0,0,0,0,0.0383,0.0166,0.733,0.000,0
91.31,Saifuddin,AUIT_Multi,ACB,0.378,1.671,0.519,8.4,16.4,0.243,1.669,1.078,0.973,1.669,1.335,World,Wall4m,27.0,31.8,0.575,1.011,0,0,None,None,0,0,0,0,0.2260,0.5177,0.774,0.000,0
91.41,Saifuddin,AUIT_Multi,ACB,0.370,1.674,0.518,4.6,15.5,0.208,1.672,1.065,0.986,1.672,1.468,World,Wall4m,25.9,32.0,0.571,1.132,0,0,None,None,0,0,0,0,0.3869,1.3717,0.877,0.000,0
91.51,Saifuddin,AUIT_Multi,ACB,0.364,1.675,0.516,0.7,15.1,0.163,1.674,1.058,0.947,1.674,1.556,World,Wall4m,25.6,32.0,0.579,1.192,0,0,None,None,0,0,0,0,0.4670,0.9928,0.928,0.000,0
91.60,Saifuddin,AUIT_Multi,ACB,0.359,1.677,0.513,357.1,14.4,0.113,1.675,1.058,0.853,1.673,1.564,World,Wall4m,25.5,31.2,0.598,1.162,0,0,None,None,0,0,0,0,0.5136,0.9695,0.896,0.000,0
91.70,Saifuddin,AUIT_Multi,ACB,0.354,1.677,0.510,353.5,14.0,0.062,1.677,1.063,0.639,1.659,1.384,World,Wall4m,25.3,27.4,0.625,0.920,0,0,None,None,0,0,0,0,0.5272,2.8812,0.660,0.000,0
91.81,Saifuddin,AUIT_Multi,ACB,0.353,1.677,0.506,350.8,13.7,0.051,1.677,1.061,0.384,1.643,1.184,World,Wall4m,23.6,16.0,0.632,0.680,0,0,None,None,1,1,0,0,0.1022,2.9092,0.357,0.000,0
91.91,Saifuddin,AUIT_Multi,ACB,0.356,1.677,0.504,351.5,13.7,0.052,1.677,1.060,0.487,1.665,1.510,World,Wall4m,24.2,20.4,0.634,1.014,0,0,None,None,1,1,0,1,0.0149,3.5128,0.626,0.000,0
92.01,Saifuddin,AUIT_Multi,ACB,0.362,1.677,0.501,353.8,13.5,0.052,1.677,1.059,0.606,1.675,1.648,World,Wall4m,26.3,22.5,0.638,1.172,0,0,None,None,0,1,0,1,0.0056,1.8791,0.808,0.000,0
92.10,Saifuddin,AUIT_Multi,ACB,0.370,1.678,0.500,356.9,13.1,0.053,1.677,1.059,0.721,1.677,1.642,World,Wall4m,29.3,23.9,0.643,1.194,0,0,None,None,0,1,0,1,0.0144,1.1810,0.886,0.000,0
92.20,Saifuddin,AUIT_Multi,ACB,0.380,1.679,0.499,1.1,13.0,0.086,1.678,1.055,0.825,1.678,1.609,World,Wall4m,31.5,24.3,0.629,1.196,0,0,None,None,0,1,0,1,0.3428,1.1188,0.923,0.000,0
92.31,Saifuddin,AUIT_Multi,ACB,0.389,1.679,0.499,4.4,13.2,0.144,1.679,1.054,0.921,1.679,1.570,World,Wall4m,31.0,25.5,0.606,1.196,0,0,None,None,0,0,0,0,0.5225,0.9459,0.933,0.000,0
92.41,Saifuddin,AUIT_Multi,ACB,0.393,1.678,0.501,6.2,13.5,0.180,1.679,1.057,0.980,1.679,1.544,World,Wall4m,30.1,26.6,0.596,1.196,0,0,None,None,0,0,0,0,0.3722,0.6515,0.936,0.000,0
92.51,Saifuddin,AUIT_Multi,ACB,0.394,1.678,0.504,6.6,13.8,0.201,1.678,1.061,0.978,1.678,1.473,World,Wall4m,29.1,27.8,0.590,1.131,0,0,None,None,0,0,0,0,0.2117,0.7248,0.879,0.000,0
92.60,Saifuddin,AUIT_Multi,ACB,0.395,1.676,0.507,6.6,14.5,0.207,1.677,1.063,0.973,1.677,1.449,World,Wall4m,28.9,28.7,0.586,1.105,0,0,None,None,0,0,0,0,0.0747,0.2454,0.858,0.000,0
92.70,Saifuddin,AUIT_Multi,ACB,0.395,1.674,0.510,6.7,15.0,0.210,1.676,1.064,0.973,1.676,1.448,World,Wall4m,29.2,28.9,0.584,1.102,0,0,None,None,0,0,0,0,0.0296,0.0189,0.855,0.000,0
92.81,Saifuddin,AUIT_Multi,ACB,0.395,1.673,0.512,7.0,15.3,0.212,1.674,1.066,0.973,1.674,1.445,World,Wall4m,29.4,28.9,0.584,1.098,0,0,None,None,0,0,0,0,0.0260,0.0308,0.851,0.000,0
92.91,Saifuddin,AUIT_Multi,ACB,0.396,1.673,0.512,7.8,15.1,0.216,1.673,1.068,0.973,1.673,1.431,World,Wall4m,29.6,28.4,0.584,1.085,0,0,None,None,0,0,0,0,0.0500,0.1441,0.840,0.000,0
93.01,Saifuddin,AUIT_Multi,ACB,0.400,1.676,0.510,9.2,14.0,0.226,1.674,1.071,0.973,1.674,1.398,World,Wall4m,29.7,27.2,0.588,1.057,0,0,None,None,0,0,0,0,0.1065,0.3366,0.815,0.000,0
93.10,Saifuddin,AUIT_Multi,ACB,0.409,1.681,0.507,12.4,12.1,0.246,1.677,1.081,0.972,1.677,1.332,World,Wall4m,30.4,24.8,0.597,0.999,0,0,None,None,0,1,0,1,0.2377,0.6837,0.768,0.000,0
93.20,Saifuddin,AUIT_Multi,ACB,0.422,1.685,0.503,16.8,9.6,0.284,1.681,1.109,1.000,1.681,1.260,World,CabinetD05,30.9,22.4,0.622,0.952,0,0,None,None,0,1,0,1,0.4806,0.8009,0.731,0.000,0
93.31,Saifuddin,AUIT_Multi,ACB,0.436,1.689,0.498,22.7,7.2,0.344,1.686,1.220,1.200,1.686,1.320,World,CabinetD05,30.7,21.4,0.728,1.122,0,0,None,None,0,1,0,1,1.1402,1.8903,0.862,0.000,0
93.41,Saifuddin,AUIT_Multi,ACB,0.444,1.688,0.496,26.3,7.0,0.410,1.688,1.349,1.321,1.688,1.292,World,CabinetD05,29.4,22.5,0.854,1.184,0,0,None,None,0,1,0,1,1.4846,1.2717,0.913,0.000,0
93.51,Saifuddin,AUIT_Multi,ACB,0.447,1.687,0.496,27.8,7.0,0.462,1.688,1.355,1.377,1.688,1.247,World,CabinetD05Door,27.7,24.2,0.858,1.195,0,0,None,None,0,1,0,1,0.5383,0.7416,0.922,0.000,0
93.60,Saifuddin,AUIT_Multi,ACB,0.449,1.687,0.498,28.9,7.0,0.490,1.687,1.354,1.403,1.687,1.222,World,CabinetD05Door,27.1,24.8,0.856,1.197,0,0,None,None,0,1,0,1,0.2851,0.3709,0.923,0.000,0
93.70,Saifuddin,AUIT_Multi,ACB,0.449,1.688,0.502,29.9,6.7,0.508,1.687,1.354,1.419,1.687,1.205,World,CabinetD05Door,26.7,25.0,0.855,1.198,0,0,None,None,0,0,0,0,0.1895,0.2388,0.923,0.000,0
93.81,Saifuddin,AUIT_Multi,ACB,0.450,1.687,0.504,30.8,7.3,0.525,1.687,1.355,1.433,1.687,1.190,World,CabinetD05Door,26.8,25.3,0.854,1.198,0,0,None,None,0,0,0,0,0.1532,0.1865,0.923,0.000,0
93.91,Saifuddin,AUIT_Multi,ACB,0.452,1.686,0.505,31.9,7.7,0.540,1.687,1.357,1.445,1.687,1.176,World,CabinetD05Door,27.0,25.2,0.857,1.199,0,0,None,None,0,0,0,0,0.1513,0.1865,0.923,0.000,0
94.01,Saifuddin,AUIT_Multi,ACB,0.452,1.686,0.504,33.3,7.5,0.558,1.686,1.359,1.459,1.686,1.156,World,CabinetD05Door,27.2,24.8,0.861,1.199,0,0,None,None,0,1,0,1,0.1882,0.2455,0.924,0.000,0
94.10,Saifuddin,AUIT_Multi,ACB,0.453,1.686,0.505,34.9,7.4,0.580,1.686,1.359,1.475,1.686,1.131,World,CabinetD05Door,27.4,24.7,0.864,1.199,0,0,None,None,0,1,0,1,0.2278,0.3077,0.924,0.000,0
94.20,Saifuddin,AUIT_Multi,ACB,0.452,1.685,0.507,36.1,7.7,0.603,1.686,1.358,1.314,1.685,1.070,World,CabinetD05Door,27.1,22.1,0.864,1.030,0,0,None,None,0,1,0,1,0.2368,1.7929,0.768,0.000,0
94.31,Saifuddin,AUIT_Multi,ACB,0.450,1.684,0.509,36.8,7.9,0.620,1.685,1.358,1.061,1.683,0.990,World,CabinetD05Door,26.7,16.8,0.865,0.777,0,0,None,None,0,1,0,0,0.1532,2.3773,0.575,0.000,0
94.41,Saifuddin,AUIT_Multi,ACB,0.449,1.684,0.511,37.1,7.8,0.628,1.684,1.358,1.204,1.683,1.007,World,CabinetD05Door,26.3,21.0,0.866,0.903,0,0,None,None,0,1,0,1,0.0821,1.4832,0.675,0.000,0
94.51,Saifuddin,AUIT_Multi,ACB,0.449,1.684,0.512,37.1,7.8,0.631,1.684,1.359,1.461,1.684,1.062,World,CabinetD05Door,26.0,25.6,0.866,1.152,0,0,None,None,0,0,0,0,0.0310,2.6972,0.882,0.000,0
94.60,Saifuddin,AUIT_Multi,ACB,0.447,1.684,0.513,36.8,8.0,0.629,1.684,1.359,1.501,1.684,1.075,World,CabinetD05Door,25.8,26.3,0.865,1.194,0,0,None,None,0,0,0,0,0.0155,0.4374,0.917,0.000,0
94.70,Saifuddin,AUIT_Multi,ACB,0.448,1.684,0.515,36.8,7.9,0.624,1.684,1.359,1.504,1.684,1.081,World,CabinetD05Door,26.2,26.1,0.863,1.198,0,0,None,None,0,0,0,0,0.0542,0.0674,0.923,0.000,0
94.81,Saifuddin,AUIT_Multi,ACB,0.450,1.683,0.516,37.8,8.1,0.630,1.684,1.360,1.509,1.684,1.077,World,CabinetD05Door,27.0,25.6,0.863,1.198,0,0,None,None,0,0,0,0,0.0531,0.0627,0.924,0.000,0
94.91,Saifuddin,AUIT_Multi,ACB,0.451,1.683,0.516,38.1,8.4,0.642,1.683,1.360,1.517,1.683,1.065,World,CabinetD05Door,26.6,26.0,0.865,1.199,0,0,None,None,0,0,0,0,0.1246,0.1488,0.924,0.000,0
95.01,Saifuddin,AUIT_Multi,ACB,0.451,1.683,0.516,37.9,8.3,0.646,1.683,1.360,1.520,1.683,1.061,World,CabinetD05Door,26.2,26.3,0.866,1.200,0,0,None,None,0,0,0,0,0.0388,0.0450,0.924,0.000,0
95.10,Saifuddin,AUIT_Multi,ACB,0.451,1.683,0.516,38.1,8.3,0.645,1.683,1.360,1.520,1.683,1.062,World,CabinetD05Door,26.4,26.1,0.866,1.200,0,0,None,None,0,0,0,0,0.0031,0.0029,0.924,0.000,0
95.20,Saifuddin,AUIT_Multi,ACB,0.450,1.683,0.515,38.2,8.2,0.647,1.683,1.360,1.521,1.683,1.058,World,CabinetD05Door,26.3,26.1,0.868,1.201,0,0,None,None,0,0,0,0,0.0201,0.0353,0.924,0.000,0
95.31,Saifuddin,AUIT_Multi,ACB,0.449,1.683,0.515,38.2,8.1,0.647,1.683,1.360,1.520,1.683,1.057,World,CabinetD05Door,26.2,26.2,0.868,1.201,0,0,None,None,0,0,0,0,0.0018,0.0136,0.924,0.000,0
95.41,Saifuddin,AUIT_Multi,ACB,0.449,1.682,0.515,38.2,8.3,0.647,1.683,1.360,1.520,1.683,1.057,World,CabinetD05Door,26.3,26.2,0.868,1.200,0,0,None,None,0,0,0,0,0.0043,0.0059,0.924,0.000,0
95.51,Saifuddin,AUIT_Multi,ACB,0.450,1.683,0.513,38.4,8.3,0.649,1.682,1.360,1.521,1.682,1.054,World,CabinetD05Door,26.5,26.0,0.869,1.200,0,0,None,None,0,0,0,0,0.0206,0.0278,0.924,0.000,0
95.60,Saifuddin,AUIT_Multi,ACB,0.451,1.683,0.512,38.9,8.2,0.654,1.683,1.360,1.525,1.683,1.048,World,CabinetDCorner02,26.6,25.8,0.871,1.200,0,0,None,None,0,0,0,0,0.0531,0.0695,0.925,0.000,0
95.70,Saifuddin,AUIT_Multi,ACB,0.452,1.683,0.510,39.3,8.1,0.661,1.683,1.359,1.529,1.683,1.039,World,CabinetDCorner02,26.6,25.8,0.874,1.200,0,0,None,None,0,0,0,0,0.0764,0.1054,0.925,0.000,0
95.81,Saifuddin,AUIT_Multi,ACB,0.452,1.683,0.508,39.5,8.1,0.668,1.683,1.359,1.533,1.683,1.030,World,CabinetDCorner02,26.4,26.0,0.878,1.200,0,0,None,None,0,0,0,0,0.0641,0.0921,0.925,0.000,0
95.91,Saifuddin,AUIT_Multi,ACB,0.452,1.683,0.507,39.6,8.1,0.672,1.683,1.358,1.535,1.683,1.025,World,CabinetDCorner02,26.3,26.1,0.879,1.200,0,0,None,None,0,0,0,0,0.0344,0.0527,0.925,0.000,0
96.01,Saifuddin,AUIT_Multi,ACB,0.453,1.683,0.506,39.7,8.0,0.674,1.683,1.358,1.537,1.683,1.022,World,CabinetDCorner02,26.4,26.0,0.881,1.200,0,0,None,None,0,0,0,0,0.0266,0.0386,0.926,0.000,0
96.10,Saifuddin,AUIT_Multi,ACB,0.455,1.683,0.505,40.0,7.9,0.678,1.683,1.358,1.539,1.683,1.017,World,CabinetDCorner02,26.4,25.9,0.882,1.199,0,0,None,None,0,0,0,0,0.0403,0.0520,0.926,0.000,0
96.20,Saifuddin,AUIT_Multi,ACB,0.457,1.683,0.505,40.2,8.1,0.683,1.683,1.358,1.542,1.683,1.013,World,CabinetDCorner02,26.5,25.9,0.882,1.198,0,0,None,None,0,0,0,0,0.0494,0.0553,0.926,0.000,0
96.31,Saifuddin,AUIT_Multi,ACB,0.460,1.682,0.505,40.7,8.3,0.691,1.683,1.358,1.548,1.683,1.006,World,CabinetDCorner02,26.8,25.8,0.884,1.198,0,0,None,None,0,0,0,0,0.0717,0.0767,0.926,0.000,0
96.41,Saifuddin,AUIT_Multi,ACB,0.462,1.682,0.504,41.4,8.4,0.702,1.682,1.358,1.555,1.682,0.997,World,CabinetDCorner02,27.0,25.7,0.887,1.198,0,0,None,None,0,0,0,0,0.1082,0.1230,0.926,0.000,0
96.51,Saifuddin,AUIT_Multi,ACB,0.464,1.681,0.504,41.8,8.6,0.713,1.682,1.357,1.562,1.682,0.985,World,CabinetDCorner02,26.9,25.9,0.889,1.199,0,0,None,None,0,0,0,0,0.1217,0.1431,0.927,0.000,0
96.60,Saifuddin,AUIT_Multi,ACB,0.465,1.680,0.503,42.3,8.8,0.719,1.681,1.345,1.568,1.681,0.975,World,CabinetDCorner02,26.9,26.0,0.879,1.199,0,0,None,None,0,0,0,0,0.1395,0.1184,0.926,0.000,0
96.70,Saifuddin,AUIT_Multi,ACB,0.466,1.680,0.504,42.5,8.8,0.724,1.680,1.335,1.572,1.680,0.967,World,CabinetDCorner02,26.6,26.2,0.870,1.199,0,0,None,None,0,0,0,0,0.1160,0.0925,0.925,0.000,0
96.81,Saifuddin,AUIT_Multi,ACB,0.466,1.680,0.504,42.5,9.0,0.727,1.680,1.333,1.574,1.680,0.964,World,CabinetDCorner02,26.5,26.5,0.868,1.199,0,0,None,None,0,0,0,0,0.0334,0.0367,0.924,0.000,0
96.91,Saifuddin,AUIT_Multi,ACB,0.466,1.679,0.507,41.7,9.0,0.727,1.679,1.347,1.573,1.679,0.969,World,CabinetDCorner02,25.9,27.1,0.880,1.199,0,0,None,None,0,0,0,0,0.1422,0.0599,0.926,0.000,0
97.01,Saifuddin,AUIT_Multi,ACB,0.467,1.679,0.509,41.4,9.2,0.722,1.679,1.359,1.568,1.679,0.982,World,CabinetDCorner02,26.3,26.8,0.887,1.199,0,0,None,None,0,0,0,0,0.1361,0.1407,0.927,0.000,0
97.10,Saifuddin,AUIT_Multi,ACB,0.468,1.679,0.510,41.3,9.3,0.718,1.679,1.359,1.567,1.679,0.988,World,CabinetDCorner02,26.5,26.7,0.886,1.199,0,0,None,None,0,0,0,0,0.0353,0.0614,0.926,0.000,0
97.20,Saifuddin,AUIT_Multi,ACB,0.468,1.679,0.511,41.2,9.4,0.716,1.679,1.359,1.566,1.679,0.992,World,CabinetDCorner02,26.5,26.8,0.884,1.199,0,0,None,None,0,0,0,0,0.0222,0.0433,0.926,0.000,0
97.30,Saifuddin,AUIT_Multi,ACB,0.469,1.678,0.512,41.1,9.6,0.714,1.678,1.360,1.566,1.678,0.996,World,CabinetDCorner02,26.6,26.8,0.882,1.199,0,0,None,None,0,0,0,0,0.0191,0.0389,0.926,0.000,0
97.41,Saifuddin,AUIT_Multi,ACB,0.472,1.679,0.515,40.8,9.5,0.713,1.679,1.360,1.566,1.679,1.001,World,CabinetDCorner02,26.5,26.8,0.879,1.198,0,0,None,None,0,0,0,0,0.0158,0.0456,0.926,0.000,0
97.51,Saifuddin,AUIT_Multi,ACB,0.474,1.678,0.517,41.0,9.8,0.712,1.678,1.361,1.567,1.678,1.006,World,CabinetDCorner02,27.0,26.7,0.876,1.197,0,0,None,None,0,0,0,0,0.0068,0.0491,0.926,0.000,0
97.60,Saifuddin,AUIT_Multi,ACB,0.477,1.679,0.522,41.7,9.3,0.719,1.678,1.361,1.572,1.678,1.003,World,CabinetDCorner02,27.2,26.1,0.874,1.196,0,0,None,None,0,0,0,0,0.0643,0.0554,0.925,0.000,0
97.70,Saifuddin,AUIT_Multi,ACB,0.479,1.678,0.526,42.9,9.4,0.725,1.679,1.338,1.581,1.679,0.992,World,CabinetDCorner02,27.6,25.8,0.849,1.197,0,0,None,None,0,0,0,0,0.2473,0.1479,0.923,0.000,0
97.81,Saifuddin,AUIT_Multi,ACB,0.479,1.676,0.526,46.2,10.3,0.737,1.677,1.278,1.599,1.677,0.956,World,CabinetDCorner02,29.0,25.0,0.794,1.199,0,0,None,None,0,1,0,1,0.5552,0.3693,0.920,0.000,0
97.91,Saifuddin,AUIT_Multi,ACB,0.477,1.676,0.528,45.9,10.0,0.754,1.677,1.249,1.612,1.677,0.920,World,CabinetDCorner02,26.7,26.9,0.773,1.201,0,0,None,None,0,0,0,0,0.3376,0.3912,0.919,0.000,0
98.01,Saifuddin,AUIT_Multi,ACB,0.474,1.675,0.528,44.9,10.1,0.759,1.676,1.282,1.608,1.676,0.927,World,CabinetDCorner02,26.1,27.5,0.807,1.202,0,0,None,None,0,0,0,0,0.3453,0.0922,0.920,0.000,0
98.10,Saifuddin,AUIT_Multi,ACB,0.474,1.673,0.525,45.6,10.2,0.752,1.675,1.283,1.603,1.675,0.934,World,CabinetDCorner02,27.3,26.4,0.807,1.201,0,0,None,None,0,0,0,0,0.0748,0.0876,0.920,0.000,0
98.20,Saifuddin,AUIT_Multi,ACB,0.475,1.672,0.524,46.2,10.3,0.752,1.673,1.262,1.607,1.673,0.922,World,CabinetDCorner02,27.5,26.4,0.789,1.200,0,0,None,None,0,0,0,0,0.2094,0.1274,0.919,0.000,0
98.31,Saifuddin,AUIT_Multi,ACB,0.477,1.672,0.522,46.6,10.2,0.758,1.672,1.249,1.612,1.672,0.908,World,CabinetDCorner02,27.3,26.5,0.780,1.199,0,0,None,None,0,0,0,0,0.1344,0.1342,0.919,0.000,0
98.41,Saifuddin,AUIT_Multi,ACB,0.479,1.672,0.520,46.8,10.1,0.762,1.672,1.241,1.616,1.672,0.900,World,CabinetDCorner02,27.2,26.6,0.775,1.199,0,0,None,None,0,0,0,0,0.0915,0.0953,0.919,0.000,0
98.51,Saifuddin,AUIT_Multi,ACB,0.481,1.671,0.519,47.1,10.2,0.765,1.672,1.233,1.619,1.672,0.894,World,CabinetDCorner02,27.3,26.6,0.769,1.198,0,0,None,None,0,0,0,0,0.0844,0.0761,0.919,0.000,0
98.60,Saifuddin,AUIT_Multi,ACB,0.485,1.671,0.518,47.4,10.4,0.769,1.671,1.224,1.624,1.671,0.887,World,CabinetDCorner02,27.4,26.7,0.761,1.197,0,0,None,None,0,0,0,0,0.0989,0.0834,0.919,0.000,0
98.70,Saifuddin,AUIT_Multi,ACB,0.488,1.670,0.520,47.3,10.7,0.773,1.671,1.218,1.629,1.671,0.882,World,Wall4m,27.2,27.1,0.754,1.197,0,0,None,None,0,0,0,0,0.0756,0.0668,0.919,0.000,0
98.81,Saifuddin,AUIT_Multi,ACB,0.490,1.669,0.526,45.0,11.0,0.773,1.670,1.233,1.628,1.670,0.896,World,CabinetDCorner02,25.6,29.0,0.762,1.197,0,0,None,None,0,0,0,0,0.1381,0.1271,0.919,0.000,0
98.91,Saifuddin,AUIT_Multi,ACB,0.490,1.667,0.539,40.3,11.5,0.764,1.669,1.318,1.611,1.669,0.954,World,CabinetDCorner02,23.9,31.4,0.826,1.195,0,0,None,None,1,0,1,0,0.8693,0.6071,0.923,0.000,0
99.01,Saifuddin,AUIT_Multi,ACB,0.488,1.663,0.555,35.2,13.0,0.706,1.666,1.367,1.573,1.666,1.054,World,Wall4m,24.0,32.6,0.841,1.195,0,0,None,None,1,0,1,0,0.7895,1.1164,0.922,0.000,0
99.10,Saifuddin,AUIT_Multi,ACB,0.484,1.663,0.574,32.2,12.7,0.633,1.664,1.372,1.526,1.664,1.155,World,Wall4m,24.9,31.2,0.812,1.193,0,0,None,None,1,0,1,0,0.7522,1.1466,0.920,0.000,0
99.20,Saifuddin,AUIT_Multi,ACB,0.480,1.662,0.597,29.8,12.8,0.583,1.663,1.379,1.490,1.663,1.230,World,Wall4m,25.7,30.7,0.788,1.191,0,0,None,None,0,0,0,0,0.5174,0.8522,0.919,0.000,0
99.31,Saifuddin,AUIT_Multi,ACB,0.480,1.657,0.630,29.3,13.7,0.544,1.660,1.384,1.459,1.660,1.299,World,Wall4m,28.0,29.6,0.756,1.185,0,0,None,None,0,0,0,0,0.3548,0.6848,0.919,0.000,0
99.41,Saifuddin,AUIT_Multi,ACB,0.483,1.649,0.664,31.4,15.7,0.545,1.655,1.392,1.462,1.655,1.326,World,Wall4m,30.8,29.0,0.731,1.182,0,0,None,None,0,0,0,0,0.1054,0.2789,0.919,0.000,0
99.51,Saifuddin,AUIT_Multi,ACB,0.486,1.649,0.700,34.3,16.5,0.572,1.650,1.404,1.488,1.650,1.323,World,Wall4m,31.6,28.7,0.710,1.180,0,0,None,None,0,0,0,0,0.3132,0.2818,0.920,0.000,0
99.60,Saifuddin,AUIT_Multi,ACB,0.490,1.657,0.739,36.5,17.8,0.604,1.651,1.412,1.520,1.651,1.314,World,Wall4m,31.6,29.6,0.683,1.179,0,0,None,None,0,0,0,0,0.3395,0.3376,0.921,0.000,0
99.70,Saifuddin,AUIT_Multi,ACB,0.498,1.660,0.780,37.0,17.7,0.628,1.657,1.422,1.545,1.657,1.317,World,Wall4m,30.5,30.9,0.655,1.177,0,0,None,None,0,0,0,0,0.2749,0.2680,0.923,0.000,0
99.81,Saifuddin,AUIT_Multi,ACB,0.517,1.665,0.826,35.4,19.6,0.633,1.661,1.434,1.531,1.661,1.348,World,Wall4m,30.8,33.1,0.619,1.140,0,0,None,None,0,0,0,0,0.1264,0.3113,0.901,0.000,0
99.91,Saifuddin,AUIT_Multi,ACB,0.547,1.666,0.867,34.3,18.5,0.634,1.665,1.445,1.426,1.665,1.346,World,Wall4m,31.2,32.4,0.585,1.001,0,0,None,None,0,0,0,0,0.1172,1.0630,0.799,0.000,0
100.01,Saifuddin,AUIT_Multi,ACB,0.588,1.656,0.910,32.3,18.9,0.646,1.664,1.456,1.347,1.664,1.347,World,Wall4m,32.5,33.5,0.549,0.876,0,0,None,None,0,0,0,0,0.1691,0.8228,0.710,0.000,0
100.10,Saifuddin,AUIT_Multi,ACB,0.643,1.646,0.951,28.9,22.7,0.660,1.653,1.467,1.240,1.653,1.334,World,Wall4m,35.3,36.1,0.516,0.710,0,0,None,None,0,0,0,0,0.2120,1.1129,0.595,0.000,0
100.20,Saifuddin,AUIT_Multi,ACB,0.707,1.648,0.990,27.9,22.4,0.689,1.648,1.478,1.099,1.648,1.275,World,Wall4m,36.8,33.8,0.488,0.485,0,0,None,None,0,0,0,0,0.3255,1.5786,0.457,0.000,0
100.31,Saifuddin,AUIT_Multi,ACB,0.778,1.650,1.029,29.9,23.5,0.754,1.649,1.489,1.089,1.632,1.293,World,Wall4m,39.5,28.5,0.461,0.409,0,0,None,None,0,0,0,0,0.5950,0.2299,0.389,0.000,0
100.41,Saifuddin,AUIT_Multi,ACB,0.825,1.647,1.057,31.6,24.3,0.823,1.649,1.498,1.026,1.598,1.288,World,Wall4m,39.5,17.6,0.441,0.309,0,0,None,None,0,1,0,0,0.7109,0.7483,0.297,0.000,0
100.51,Saifuddin,AUIT_Multi,ACB,0.856,1.646,1.081,32.3,25.4,0.873,1.647,1.471,0.959,1.564,1.283,World,CabinetD05Door,38.5,7.4,0.390,0.242,0,0,None,None,0,1,0,0,0.5909,0.7649,0.222,0.000,0
100.60,Saifuddin,AUIT_Multi,ACB,0.876,1.649,1.097,32.8,25.1,0.902,1.647,1.443,1.238,1.630,1.353,World,CabinetD05Door,37.0,31.1,0.347,0.444,0,0,None,None,0,0,0,0,0.4071,3.0301,0.348,0.000,0
100.70,Saifuddin,AUIT_Multi,ACB,0.890,1.651,1.103,36.3,24.3,0.919,1.649,1.389,1.307,1.647,1.364,World,CabinetD05Door,37.9,31.7,0.288,0.493,0,0,None,None,0,0,0,0,0.5833,0.7480,0.389,0.000,0
100.81,Saifuddin,AUIT_Multi,ACB,0.897,1.652,1.096,41.9,23.9,0.939,1.651,1.321,1.375,1.637,1.386,World,CabinetD05Door,38.5,27.7,0.229,0.559,0,0,None,None,0,0,0,0,0.6383,0.6405,0.441,0.000,0
100.91,Saifuddin,AUIT_Multi,ACB,0.895,1.657,1.084,47.9,22.7,0.952,1.653,1.273,1.387,1.594,1.449,World,CabinetDCorner02,37.0,17.7,0.197,0.616,0,1,None,CabinetDCorner02,0,1,0,0,0.5141,0.7830,0.473,0.000,0
101.01,Saifuddin,AUIT_Multi,ACB,0.885,1.660,1.069,52.8,21.5,0.963,1.657,1.245,1.410,1.552,1.506,World,CabinetDCorner02,35.1,12.8,0.192,0.691,0,1,None,CabinetDCorner02,0,1,0,0,0.3107,0.7743,0.529,0.000,0
101.10,Saifuddin,AUIT_Multi,ACB,0.870,1.665,1.052,57.4,21.5,0.971,1.661,1.230,1.852,1.622,1.353,World,KitchenOven07,33.8,24.4,0.204,1.028,0,0,None,None,0,1,0,1,0.1826,4.8624,0.891,0.000,0
101.20,Saifuddin,AUIT_Multi,ACB,0.851,1.674,1.036,62.2,19.8,0.977,1.667,1.219,2.027,1.661,1.204,World,KitchenOven07,32.4,27.2,0.222,1.188,0,0,None,None,0,0,0,0,0.1428,2.4005,1.050,0.000,0
101.31,Saifuddin,AUIT_Multi,ACB,0.832,1.673,1.023,67.8,19.2,0.987,1.674,1.210,2.042,1.673,1.070,World,Wall4m,33.6,27.4,0.243,1.211,0,0,None,None,0,0,0,0,0.1343,1.2236,1.065,0.000,0
101.41,Saifuddin,AUIT_Multi,ACB,0.819,1.667,1.015,73.6,20.6,1.007,1.672,1.206,2.027,1.672,0.949,World,Wall4m,35.7,28.3,0.268,1.210,0,0,None,None,0,0,0,0,0.2046,1.2472,1.052,0.000,0
101.51,Saifuddin,AUIT_Multi,ACB,0.806,1.669,1.006,77.8,21.1,1.038,1.668,1.204,2.001,1.668,0.828,World,Wall4m,34.7,29.2,0.304,1.208,0,0,None,None,0,0,0,0,0.3234,1.2748,1.035,0.000,0
101.60,Saifuddin,AUIT_Multi,ACB,0.796,1.672,0.999,79.6,19.0,1.055,1.670,1.196,1.975,1.670,0.742,World,Wall4m,32.1,29.2,0.326,1.207,0,0,None,None,0,0,0,0,0.2053,0.9264,1.025,0.000,0
101.70,Saifuddin,AUIT_Multi,ACB,0.792,1.670,0.996,79.5,19.7,1.060,1.671,1.189,1.959,1.671,0.702,World,Wall4m,31.7,31.2,0.330,1.203,0,0,None,None,0,0,0,0,0.0879,0.4429,1.022,0.000,0
101.81,Saifuddin,AUIT_Multi,ACB,0.789,1.669,0.992,77.0,20.1,1.050,1.670,1.185,1.957,1.670,0.711,World,Wall4m,30.6,32.9,0.324,1.201,0,0,None,None,0,0,0,0,0.0953,0.0764,1.024,0.000,0
101.91,Saifuddin,AUIT_Multi,ACB,0.791,1.667,0.987,75.3,20.6,1.058,1.659,1.180,1.773,1.594,0.908,World,Wall4m,28.1,25.0,0.329,0.989,0,0,None,None,0,1,0,1,0.1450,2.8567,0.768,0.000,0
102.01,Saifuddin,AUIT_Multi,ACB,0.793,1.664,0.982,74.4,21.8,1.064,1.648,1.174,1.594,1.521,1.091,World,Wall4m,27.2,14.0,0.333,0.821,0,0,None,None,0,1,0,1,0.1382,2.7400,0.551,0.000,0
102.10,Saifuddin,AUIT_Multi,ACB,0.797,1.659,0.976,73.4,23.0,1.070,1.637,1.170,1.794,1.590,1.021,World,Wall4m,26.4,23.3,0.336,1.001,0,0,None,None,0,1,0,1,0.1410,2.3212,0.741,0.000,0
102.20,Saifuddin,AUIT_Multi,ACB,0.805,1.655,0.969,72.2,24.4,1.077,1.626,1.165,1.969,1.648,0.956,World,Wall4m,26.0,29.9,0.337,1.164,0,0,None,None,0,0,0,0,0.1433,2.0099,0.916,0.000,0
102.31,Saifuddin,AUIT_Multi,ACB,0.821,1.648,0.962,71.4,26.0,1.096,1.614,1.169,2.006,1.652,0.955,World,Wall4m,26.9,31.9,0.346,1.185,0,0,None,None,0,0,0,0,0.2050,0.3376,0.936,0.000,0
102.41,Saifuddin,AUIT_Multi,ACB,0.843,1.643,0.955,69.8,27.6,1.097,1.602,1.162,2.024,1.648,0.955,World,Wall4m,27.1,33.9,0.330,1.181,0,0,None,None,0,0,0,0,0.1424,0.1891,0.951,0.000,0
102.51,Saifuddin,AUIT_Multi,ACB,0.874,1.640,0.950,67.4,27.8,1.099,1.591,1.158,2.047,1.643,0.955,World,KitchenOven07,26.7,35.2,0.310,1.173,0,0,None,None,0,0,0,0,0.1195,0.2487,0.971,0.000,0
102.60,Saifuddin,AUIT_Multi,ACB,0.916,1.638,0.945,65.4,28.7,1.108,1.581,1.158,2.080,1.640,0.955,World,KitchenOven07,28.0,36.9,0.292,1.164,0,0,None,None,0,0,0,0,0.1395,0.3354,0.995,0.000,0
102.70,Saifuddin,AUIT_Multi,ACB,0.965,1.636,0.937,65.0,28.8,1.116,1.570,1.153,2.122,1.638,0.949,World,MixingBowl,31.4,37.2,0.271,1.157,0,0,None,None,0,0,0,0,0.1474,0.4436,1.029,0.000,0
102.81,Saifuddin,AUIT_Multi,ACB,1.017,1.629,0.926,65.7,31.0,1.160,1.572,1.171,2.177,1.634,0.933,World,MixingBowl,38.2,38.6,0.290,1.160,0,0,None,None,0,0,0,0,0.4295,0.5114,1.046,0.000,0
102.91,Saifuddin,AUIT_Multi,ACB,1.055,1.628,0.916,67.5,31.1,1.297,1.619,1.245,2.220,1.630,0.903,World,Wall4m,42.0,38.1,0.409,1.166,0,0,None,None,0,0,0,0,1.6720,0.5430,0.985,0.000,0
103.01,Saifuddin,AUIT_Multi,ACB,1.081,1.627,0.913,68.1,31.3,1.358,1.627,1.246,2.255,1.628,0.863,World,Wall4m,41.2,38.9,0.433,1.175,0,0,None,None,0,0,0,0,0.6320,0.5422,0.975,0.000,0
103.10,Saifuddin,AUIT_Multi,ACB,1.099,1.627,0.915,66.2,31.2,1.385,1.627,1.244,2.281,1.627,0.861,World,Wall4m,39.3,40.0,0.436,1.183,0,0,None,None,0,0,0,0,0.2746,0.2682,0.974,0.000,0
103.20,Saifuddin,AUIT_Multi,ACB,1.110,1.627,0.920,63.8,31.1,1.382,1.627,1.243,2.299,1.627,0.899,World,KitchenOven07,38.4,40.4,0.423,1.189,0,0,None,None,0,0,0,0,0.0248,0.4311,0.979,0.000,0
103.31,Saifuddin,AUIT_Multi,ACB,1.120,1.624,0.927,61.4,30.9,1.366,1.626,1.243,2.311,1.626,0.956,World,KitchenOven07,38.4,40.3,0.401,1.191,0,0,None,None,0,0,0,0,0.1433,0.5291,0.987,0.000,0
103.41,Saifuddin,AUIT_Multi,ACB,1.132,1.615,0.936,60.0,31.8,1.354,1.622,1.244,2.319,1.622,1.005,World,KitchenOven07,40.1,40.9,0.380,1.189,0,0,None,None,0,0,0,0,0.1336,0.5050,0.994,0.000,0
103.51,Saifuddin,AUIT_Multi,ACB,1.146,1.600,0.949,59.2,33.3,1.349,1.612,1.246,2.329,1.612,1.043,World,KitchenOven07,42.3,42.0,0.360,1.187,0,0,None,None,0,0,0,0,0.1131,0.4204,1.000,0.000,0
103.60,Saifuddin,AUIT_Multi,ACB,1.161,1.582,0.964,58.9,34.6,1.351,1.598,1.249,2.342,1.598,1.071,World,KitchenOven07,44.0,42.9,0.343,1.186,0,0,None,None,0,0,0,0,0.1535,0.3530,1.007,0.000,0
103.70,Saifuddin,AUIT_Multi,ACB,1.173,1.561,0.981,58.0,35.4,1.354,1.579,1.253,2.355,1.579,1.096,World,KitchenOven07,44.9,43.8,0.328,1.188,0,0,None,None,0,0,0,0,0.1966,0.3478,1.013,0.000,0
103.81,Saifuddin,AUIT_Multi,ACB,1.182,1.534,1.000,56.0,36.0,1.348,1.555,1.257,2.364,1.555,1.141,World,KitchenOven07,45.3,44.8,0.307,1.190,0,0,None,None,0,0,0,0,0.2309,0.4633,1.023,0.000,0
103.91,Saifuddin,AUIT_Multi,ACB,1.191,1.513,1.018,54.5,36.4,1.347,1.533,1.260,2.222,1.512,1.177,World,KitchenOven07,45.1,43.9,0.289,1.043,0,0,None,None,0,0,0,0,0.2229,1.5590,0.879,0.000,0
104.01,Saifuddin,AUIT_Multi,ACB,1.202,1.486,1.038,53.1,35.2,1.356,1.511,1.261,1.907,1.444,1.199,World,KitchenOven07,44.0,38.9,0.272,0.724,0,0,None,None,0,0,0,0,0.2496,3.3803,0.558,0.000,0
104.10,Saifuddin,AUIT_Multi,ACB,1.214,1.450,1.059,52.6,35.4,1.375,1.488,1.263,1.585,1.375,1.244,World,KitchenOven07,45.8,27.0,0.263,0.421,0,0,None,None,0,0,0,0,0.3076,3.4165,0.239,0.000,0
104.20,Saifuddin,AUIT_Multi,ACB,1.229,1.414,1.078,51.5,36.5,1.385,1.463,1.264,2.016,1.425,1.403,World,KitchenOven07,49.2,40.1,0.248,0.851,0,0,None,None,0,0,0,0,0.2726,4.7632,0.647,0.000,0
104.31,Saifuddin,AUIT_Multi,ACB,1.248,1.384,1.095,49.7,37.3,1.394,1.439,1.265,1.966,1.406,1.381,World,KitchenOven07,51.7,42.5,0.231,0.774,0,0,None,None,0,0,0,0,0.2360,0.5163,0.584,0.000,0
104.41,Saifuddin,AUIT_Multi,ACB,1.261,1.365,1.107,49.1,38.0,1.405,1.417,1.267,2.268,1.383,1.501,World,KitchenOven07,52.2,42.9,0.222,1.082,0,0,None,None,0,0,0,0,0.2459,3.3501,0.895,0.000,0
104.51,Saifuddin,AUIT_Multi,ACB,1.270,1.350,1.117,48.0,38.2,1.416,1.397,1.269,2.365,1.364,1.539,World,KitchenOven07,51.0,43.4,0.216,1.174,0,0,None,None,0,0,0,0,0.2370,1.0846,0.988,0.000,0
104.60,Saifuddin,AUIT_Multi,ACB,1.277,1.338,1.125,47.4,38.7,1.427,1.377,1.274,2.388,1.349,1.548,World,KitchenOven07,49.2,44.0,0.215,1.190,0,0,None,None,0,0,0,0,0.2387,0.2988,1.001,0.000,0
104.70,Saifuddin,AUIT_Multi,ACB,1.282,1.332,1.132,47.4,39.1,1.462,1.358,1.326,2.398,1.338,1.552,World,KitchenOven07,44.9,44.3,0.266,1.193,0,0,None,None,0,0,0,0,0.6819,0.1592,0.964,0.000,0
104.81,Saifuddin,AUIT_Multi,ACB,1.285,1.329,1.136,48.0,40.1,1.476,1.337,1.329,2.406,1.331,1.555,World,KitchenOven07,41.9,44.7,0.272,1.196,0,0,None,None,0,0,0,0,0.2284,0.0951,0.957,0.000,0
104.91,Saifuddin,AUIT_Multi,ACB,1.287,1.329,1.135,48.7,39.9,1.475,1.329,1.429,2.357,1.320,1.542,World,KitchenOven07,42.4,43.6,0.349,1.145,0,0,None,None,0,0,0,0,1.0302,0.5302,0.889,0.000,0
105.01,Saifuddin,AUIT_Multi,ACB,1.288,1.326,1.131,49.5,40.3,1.403,1.328,1.336,2.046,1.264,1.461,World,KitchenOven07,44.8,39.1,0.236,0.829,0,0,None,None,0,0,0,0,1.2005,3.3400,0.658,0.000,0
105.10,Saifuddin,AUIT_Multi,ACB,1.288,1.325,1.125,50.8,41.2,1.403,1.326,1.336,1.740,1.208,1.365,World,KitchenOven07,46.2,29.9,0.240,0.524,0,0,None,None,0,0,0,0,0.0247,3.3602,0.358,0.000,0
105.20,Saifuddin,AUIT_Multi,ACB,1.288,1.327,1.121,52.1,41.7,1.402,1.325,1.334,2.189,1.282,1.410,World,KitchenOven07,46.6,43.0,0.242,0.947,0,0,None,None,0,0,0,0,0.0270,4.7140,0.792,0.000,0
105.31,Saifuddin,AUIT_Multi,ACB,1.286,1.338,1.117,53.3,41.3,1.397,1.330,1.324,2.428,1.325,1.389,World,KitchenOven07,45.6,45.8,0.236,1.174,0,0,None,None,0,0,0,0,0.1046,2.1941,1.033,0.000,0
105.41,Saifuddin,AUIT_Multi,ACB,1.282,1.343,1.112,55.5,41.9,1.396,1.338,1.316,2.458,1.337,1.352,World,MixingBowl,47.1,46.5,0.234,1.201,0,0,None,None,0,0,0,0,0.1167,0.5047,1.063,0.000,0
105.51,Saifuddin,AUIT_Multi,ACB,1.276,1.346,1.101,59.2,44.0,1.403,1.343,1.313,2.466,1.343,1.296,World,KitchenOven07,50.0,47.9,0.247,1.205,0,0,None,None,0,0,0,0,0.1023,0.5849,1.062,0.000,0
105.60,Saifuddin,AUIT_Multi,ACB,1.270,1.351,1.089,62.5,43.7,1.420,1.347,1.308,2.469,1.347,1.212,World,KitchenOven07,49.5,47.6,0.266,1.206,0,0,None,None,0,0,0,0,0.1787,0.8611,1.054,0.000,0
105.70,Saifuddin,AUIT_Multi,ACB,1.264,1.355,1.077,64.1,43.5,1.434,1.351,1.303,2.468,1.351,1.142,World,KitchenOven07,49.2,47.9,0.283,1.205,0,0,None,None,0,0,0,0,0.1645,0.7212,1.046,0.000,0
105.81,Saifuddin,AUIT_Multi,ACB,1.259,1.356,1.062,66.4,43.7,1.449,1.355,1.298,2.463,1.355,1.082,World,KitchenOven07,49.9,48.1,0.304,1.204,0,0,None,None,0,0,0,0,0.1458,0.5443,1.036,0.000,0
105.91,Saifuddin,AUIT_Multi,ACB,1.256,1.355,1.053,67.2,43.8,1.465,1.356,1.295,2.458,1.356,1.033,World,Floor,49.8,48.6,0.321,1.202,0,0,None,None,0,0,0,0,0.1665,0.5092,1.027,0.000,0
106.01,Saifuddin,AUIT_Multi,ACB,1.253,1.354,1.046,66.6,44.3,1.472,1.355,1.293,2.455,1.355,1.012,World,KitchenOven07,49.7,49.6,0.331,1.203,0,0,None,None,0,0,0,0,0.0768,0.2189,1.022,0.000,0
106.10,Saifuddin,AUIT_Multi,ACB,1.250,1.357,1.040,66.8,44.4,1.472,1.355,1.291,2.452,1.355,1.008,World,Floor,49.5,49.5,0.335,1.202,0,0,None,None,0,0,0,0,0.0245,0.0449,1.020,0.000,0
106.20,Saifuddin,AUIT_Multi,ACB,1.247,1.364,1.036,66.4,44.2,1.471,1.358,1.288,2.449,1.358,1.004,World,Floor,48.5,49.3,0.336,1.202,0,0,None,None,0,0,0,0,0.0494,0.0629,1.019,0.000,0
106.31,Saifuddin,AUIT_Multi,ACB,1.242,1.376,1.034,65.5,43.9,1.462,1.366,1.283,2.446,1.366,1.012,World,KitchenOven07,47.3,49.0,0.333,1.204,0,0,None,None,0,0,0,0,0.1119,0.1042,1.020,0.000,0
106.41,Saifuddin,AUIT_Multi,ACB,1.236,1.391,1.028,65.8,43.6,1.452,1.378,1.278,2.441,1.378,1.020,World,KitchenOven07,46.9,48.2,0.331,1.206,0,0,None,None,0,0,0,0,0.1650,0.1519,1.022,0.000,0
106.51,Saifuddin,AUIT_Multi,ACB,1.231,1.399,1.020,67.7,43.0,1.453,1.392,1.275,2.435,1.392,1.001,World,Floor,48.1,47.5,0.338,1.204,0,0,None,None,0,0,0,0,0.1435,0.2492,1.019,0.000,0
106.60,Saifuddin,AUIT_Multi,ACB,1.233,1.392,1.013,68.8,43.8,1.467,1.396,1.274,2.431,1.396,0.963,World,Floor,50.5,48.8,0.350,1.199,0,0,None,None,0,0,0,0,0.1455,0.3901,1.013,0.000,0
106.70,Saifuddin,AUIT_Multi,ACB,1.241,1.378,1.007,70.7,45.2,1.488,1.389,1.274,2.431,1.389,0.927,World,Floor,53.1,50.1,0.364,1.192,0,0,None,None,0,0,0,0,0.2327,0.3836,1.005,0.000,0
106.81,Saifuddin,AUIT_Multi,ACB,1.260,1.359,0.999,72.5,46.8,1.529,1.374,1.278,2.439,1.374,0.879,World,Floor,55.0,51.7,0.387,1.185,0,0,None,None,0,0,0,0,0.3892,0.4554,0.994,0.000,0
106.91,Saifuddin,AUIT_Multi,ACB,1.280,1.343,0.995,74.4,48.2,1.576,1.357,1.282,2.451,1.357,0.836,World,Floor,56.0,52.9,0.413,1.182,0,0,None,None,0,0,0,0,0.5130,0.4903,0.983,0.000,0
107.01,Saifuddin,AUIT_Multi,ACB,1.300,1.329,0.996,75.0,48.9,1.597,1.336,1.274,2.273,1.300,0.867,World,Floor,55.5,51.0,0.407,0.981,0,0,None,None,0,0,0,0,0.3187,1.9696,0.790,0.000,0
107.10,Saifuddin,AUIT_Multi,ACB,1.316,1.318,1.001,74.9,49.5,1.599,1.312,1.260,1.968,1.216,0.952,World,Floor,54.0,43.8,0.384,0.662,0,0,None,None,0,0,0,0,0.2862,3.3693,0.491,0.000,0
107.20,Saifuddin,AUIT_Multi,ACB,1.327,1.310,1.008,74.2,50.2,1.599,1.288,1.246,1.843,1.172,0.988,World,Floor,51.5,38.1,0.362,0.534,0,0,None,None,0,0,0,0,0.2836,1.4158,0.374,0.000,0
107.31,Saifuddin,AUIT_Multi,ACB,1.333,1.308,1.012,74.9,50.7,1.601,1.262,1.230,2.423,1.290,0.839,World,Floor,47.6,53.8,0.348,1.103,0,0,None,None,0,0,0,0,0.2765,5.5100,0.911,0.000,0
107.41,Saifuddin,AUIT_Multi,ACB,1.331,1.314,1.013,73.9,50.5,1.593,1.241,1.212,2.505,1.307,0.824,World,Floor,41.7,54.6,0.337,1.189,0,0,None,None,0,0,0,0,0.2978,0.8791,0.993,0.000,0
107.51,Saifuddin,AUIT_Multi,ACB,1.325,1.323,1.011,74.6,49.6,1.588,1.220,1.194,2.514,1.315,0.826,World,Floor,35.4,53.4,0.336,1.203,0,0,None,None,0,0,0,0,0.2903,0.1240,1.001,0.000,0
107.60,Saifuddin,AUIT_Multi,ACB,1.316,1.332,1.010,74.9,48.4,1.585,1.199,1.175,2.510,1.324,0.827,World,Floor,28.7,52.2,0.342,1.207,0,0,None,None,0,0,0,0,0.2954,0.1023,0.996,0.000,0
107.70,Saifuddin,AUIT_Multi,ACB,1.303,1.338,1.008,74.6,48.2,1.577,1.179,1.157,2.501,1.332,0.828,World,Floor,23.5,52.2,0.350,1.211,0,0,None,None,1,0,0,0,0.2876,0.1299,0.992,0.000,0
107.81,Saifuddin,AUIT_Multi,ACB,1.288,1.343,1.006,74.6,47.4,1.570,1.154,1.135,2.487,1.340,0.830,World,Floor,17.4,51.5,0.363,1.211,0,0,None,None,1,0,0,0,0.3053,0.1422,0.984,0.000,0
107.91,Saifuddin,AUIT_Multi,ACB,1.276,1.341,1.005,73.7,47.8,1.560,1.131,1.116,2.475,1.343,0.832,World,Floor,13.7,52.3,0.371,1.211,0,0,None,None,1,0,0,0,0.3205,0.1290,0.981,0.000,0
108.01,Saifuddin,AUIT_Multi,ACB,1.263,1.341,1.003,72.5,48.6,1.562,1.252,1.204,2.463,1.341,0.835,World,Floor,37.3,53.4,0.371,1.211,0,0,None,None,0,0,0,0,1.5585,0.1277,0.977,0.000,0
108.10,Saifuddin,AUIT_Multi,ACB,1.247,1.354,1.001,71.1,48.7,1.555,1.330,1.266,2.452,1.343,0.851,World,Floor,49.0,53.1,0.408,1.214,0,0,None,None,0,0,0,0,1.0067,0.2004,0.988,0.000,0
108.20,Saifuddin,AUIT_Multi,ACB,1.223,1.386,0.997,70.4,46.6,1.523,1.357,1.268,2.437,1.359,0.873,World,Floor,46.8,50.5,0.406,1.220,0,0,None,None,0,0,0,0,0.4403,0.3194,0.995,0.000,0
108.31,Saifuddin,AUIT_Multi,ACB,1.183,1.441,0.990,70.2,43.1,1.485,1.399,1.262,2.408,1.399,0.882,World,Floor,42.0,46.8,0.408,1.231,0,0,None,None,0,0,0,0,0.5125,0.4486,0.999,0.000,0
108.41,Saifuddin,AUIT_Multi,ACB,1.136,1.497,0.983,68.6,39.7,1.444,1.448,1.259,2.373,1.448,0.889,World,Floor,37.6,44.1,0.417,1.241,0,0,None,None,0,0,0,0,0.6562,0.6278,0.999,0.000,0
108.51,Saifuddin,AUIT_Multi,ACB,1.086,1.550,0.973,68.1,34.3,1.393,1.503,1.256,2.327,1.503,0.904,World,Wall4m,33.8,39.8,0.420,1.244,0,0,None,None,0,0,0,0,0.7683,0.7391,0.999,0.000,0
108.60,Saifuddin,AUIT_Multi,ACB,1.036,1.588,0.964,66.9,30.1,1.344,1.553,1.255,2.278,1.553,0.910,World,KitchenOven07,31.8,37.4,0.425,1.244,0,0,None,None,0,0,0,0,0.7215,0.7256,0.996,0.000,0
108.70,Saifuddin,AUIT_Multi,ACB,0.990,1.612,0.958,65.0,28.6,1.291,1.589,1.255,2.232,1.589,0.929,World,KitchenOven07,31.6,37.3,0.423,1.242,0,0,None,None,0,0,0,0,0.6566,0.6375,0.995,0.000,0
108.81,Saifuddin,AUIT_Multi,ACB,0.937,1.630,0.954,61.4,30.1,1.187,1.615,1.212,2.178,1.615,0.978,World,KitchenOven07,32.2,39.3,0.361,1.242,0,0,None,None,0,0,0,0,1.0385,0.6920,1.018,0.000,0
108.91,Saifuddin,AUIT_Multi,ACB,0.898,1.645,0.950,58.8,27.8,1.102,1.632,1.181,2.131,1.632,1.033,World,KitchenOven07,30.4,37.7,0.309,1.236,0,0,None,None,0,0,0,0,0.9540,0.7684,1.040,0.000,0
109.01,Saifuddin,AUIT_Multi,ACB,0.867,1.651,0.947,57.5,27.9,1.049,1.645,1.178,2.088,1.645,1.079,World,KitchenOven07,32.3,37.4,0.295,1.229,0,0,None,None,0,0,0,0,0.5515,0.6509,1.044,0.000,0
109.10,Saifuddin,AUIT_Multi,ACB,0.845,1.658,0.939,59.5,26.0,1.020,1.652,1.179,2.057,1.652,1.089,World,KitchenOven07,33.4,34.3,0.297,1.221,0,0,None,None,0,0,0,0,0.3100,0.3555,1.040,0.000,0
109.20,Saifuddin,AUIT_Multi,ACB,0.827,1.665,0.933,60.5,23.4,1.017,1.659,1.178,2.037,1.659,1.056,World,KitchenOven07,31.4,32.6,0.310,1.217,0,0,None,None,0,0,0,0,0.0826,0.4064,1.028,0.000,0
109.31,Saifuddin,AUIT_Multi,ACB,0.810,1.670,0.934,55.4,20.7,0.994,1.666,1.182,2.015,1.666,1.065,World,KitchenOven07,27.0,34.5,0.309,1.213,0,0,None,None,0,0,0,0,0.2154,0.2247,1.028,0.000,0
109.41,Saifuddin,AUIT_Multi,ACB,0.796,1.673,0.933,51.1,19.5,0.961,1.670,1.201,1.987,1.670,1.149,World,KitchenOven07,26.9,34.1,0.315,1.211,0,0,None,None,0,0,0,0,0.3976,0.9076,1.028,0.000,0
109.51,Saifuddin,AUIT_Multi,ACB,0.787,1.675,0.930,49.3,18.9,0.937,1.673,1.221,1.960,1.673,1.218,World,KitchenOven07,28.5,32.4,0.327,1.208,0,0,None,None,0,0,0,0,0.3157,0.7579,1.023,0.000,0
109.60,Saifuddin,AUIT_Multi,ACB,0.779,1.675,0.928,48.1,18.5,0.924,1.675,1.233,1.728,1.656,1.240,World,CabinetDCorner02,28.9,29.1,0.338,0.999,0,0,None,None,0,0,0,0,0.1840,2.3804,0.804,0.000,0
109.70,Saifuddin,AUIT_Multi,ACB,0.774,1.674,0.926,47.7,19.0,0.920,1.675,1.229,1.466,1.635,1.261,World,KitchenOven07,28.8,22.8,0.336,0.769,0,0,None,None,0,1,0,0,0.0561,2.7537,0.548,0.000,0
109.81,Saifuddin,AUIT_Multi,ACB,0.771,1.674,0.925,48.2,19.5,0.920,1.674,1.228,1.569,1.645,1.297,World,KitchenOven07,29.0,24.1,0.337,0.881,0,0,None,None,0,1,0,1,0.0168,0.9914,0.654,0.000,0
109.91,Saifuddin,AUIT_Multi,ACB,0.773,1.673,0.928,47.2,20.1,0.920,1.674,1.228,1.844,1.670,1.335,World,KitchenOven07,29.0,29.3,0.334,1.147,0,0,None,None,0,0,0,0,0.0013,2.8714,0.931,0.000,0
110.01,Saifuddin,AUIT_Multi,ACB,0.781,1.667,0.930,44.8,23.3,0.917,1.672,1.244,1.890,1.671,1.351,World,KitchenOven07,31.8,33.3,0.342,1.187,0,0,None,None,0,0,0,0,0.1761,0.5009,0.979,0.000,0
110.10,Saifuddin,AUIT_Multi,ACB,0.794,1.659,0.934,43.2,26.7,0.911,1.666,1.279,1.902,1.666,1.362,World,KitchenOven07,36.5,36.6,0.364,1.187,0,0,None,None,0,0,0,0,0.3607,0.1717,0.994,0.000,0
110.20,Saifuddin,AUIT_Multi,ACB,0.811,1.647,0.938,44.8,30.0,0.908,1.657,1.261,1.914,1.657,1.372,World,KitchenOven07,41.5,38.0,0.338,1.185,0,0,None,None,0,0,0,0,0.2056,0.1844,1.012,0.000,0
110.31,Saifuddin,AUIT_Multi,ACB,0.824,1.635,0.942,45.3,33.0,0.920,1.644,1.234,1.940,1.644,1.352,World,KitchenOven07,43.1,40.6,0.308,1.189,0,0,None,None,0,0,0,0,0.2911,0.3142,1.027,0.000,0
110.41,Saifuddin,AUIT_Multi,ACB,0.831,1.630,0.944,46.7,34.5,0.930,1.635,1.225,1.956,1.635,1.341,World,KitchenOven07,43.6,41.3,0.298,1.193,0,0,None,None,0,0,0,0,0.1687,0.2172,1.032,0.000,0
110.51,Saifuddin,AUIT_Multi,ACB,0.832,1.630,0.946,48.4,34.6,0.939,1.631,1.215,1.971,1.631,1.315,World,KitchenOven07,42.9,41.1,0.289,1.197,0,0,None,None,0,0,0,0,0.1433,0.3127,1.037,0.000,0
110.60,Saifuddin,AUIT_Multi,ACB,0.831,1.630,0.948,49.4,34.7,0.946,1.630,1.210,1.981,1.630,1.289,World,KitchenOven07,42.3,41.4,0.286,1.200,0,0,None,None,0,0,0,0,0.0819,0.2888,1.039,0.000,0
110.70,Saifuddin,AUIT_Multi,ACB,0.830,1.629,0.948,51.0,35.1,0.950,1.630,1.207,1.988,1.630,1.267,World,KitchenOven07,42.9,41.4,0.286,1.201,0,0,None,None,0,0,0,0,0.0522,0.2415,1.040,0.000,0
110.81,Saifuddin,AUIT_Multi,ACB,0.828,1.631,0.947,52.1,34.4,0.955,1.630,1.201,1.995,1.630,1.232,World,KitchenOven07,41.6,41.1,0.284,1.202,0,0,None,None,0,0,0,0,0.0708,0.3193,1.041,0.000,0
110.91,Saifuddin,AUIT_Multi,ACB,0.824,1.633,0.949,51.8,33.8,0.956,1.631,1.201,1.996,1.631,1.221,World,KitchenOven07,40.4,41.1,0.285,1.203,0,0,None,None,0,0,0,0,0.0215,0.1179,1.040,0.000,0
111.01,Saifuddin,AUIT_Multi,ACB,0.820,1.635,0.951,51.4,33.7,0.953,1.633,1.206,1.992,1.633,1.225,World,KitchenOven07,40.2,41.2,0.287,1.203,0,0,None,None,0,0,0,0,0.0574,0.0628,1.039,0.000,0
111.10,Saifuddin,AUIT_Multi,ACB,0.816,1.633,0.953,51.7,34.6,0.949,1.634,1.211,1.986,1.634,1.233,World,KitchenOven07,41.7,41.7,0.289,1.203,0,0,None,None,0,0,0,0,0.0685,0.0995,1.038,0.000,0
111.20,Saifuddin,AUIT_Multi,ACB,0.815,1.629,0.954,53.6,35.8,0.948,1.632,1.210,1.985,1.632,1.223,World,KitchenOven07,43.8,42.0,0.288,1.201,0,0,None,None,0,0,0,0,0.0217,0.0977,1.038,0.000,0
111.31,Saifuddin,AUIT_Multi,ACB,0.814,1.623,0.951,58.8,36.8,0.957,1.628,1.200,1.996,1.628,1.164,World,KitchenOven07,46.2,41.8,0.287,1.201,0,0,None,None,0,0,0,0,0.1269,0.5494,1.039,0.000,0
111.41,Saifuddin,AUIT_Multi,ACB,0.813,1.618,0.946,64.6,37.7,0.978,1.623,1.188,2.007,1.623,1.064,World,KitchenOven07,47.7,42.1,0.293,1.200,0,0,None,None,0,0,0,0,0.2554,1.0351,1.036,0.000,0
111.51,Saifuddin,AUIT_Multi,ACB,0.814,1.613,0.939,70.6,38.8,1.017,1.617,1.183,2.011,1.617,0.938,World,Floor,48.7,42.9,0.317,1.198,0,0,None,None,0,0,0,0,0.4062,1.2939,1.024,0.000,0
111.60,Saifuddin,AUIT_Multi,ACB,0.814,1.612,0.928,75.5,39.7,1.081,1.613,1.193,2.005,1.613,0.812,World,Floor,48.6,43.8,0.376,1.197,0,0,None,None,0,0,0,0,0.6735,1.3024,0.999,0.000,0
111.70,Saifuddin,AUIT_Multi,ACB,0.813,1.608,0.914,79.0,40.9,1.204,1.611,1.242,1.991,1.611,0.704,World,Floor,48.9,45.3,0.511,1.197,0,0,None,None,0,0,0,0,1.3624,1.1204,0.954,0.000,0
111.81,Saifuddin,AUIT_Multi,ACB,0.816,1.603,0.894,79.2,41.7,1.256,1.607,1.229,1.978,1.607,0.619,World,Floor,48.5,47.2,0.553,1.194,0,0,None,None,0,0,0,0,0.4788,0.7676,0.946,0.000,0
111.91,Saifuddin,AUIT_Multi,ACB,0.822,1.596,0.872,74.8,43.3,1.219,1.602,1.193,1.987,1.602,0.622,World,Floor,48.8,50.0,0.510,1.191,0,0,None,None,0,0,0,0,0.5337,0.1018,0.956,0.000,0
112.01,Saifuddin,AUIT_Multi,ACB,0.826,1.585,0.847,69.7,46.3,1.183,1.595,1.179,2.007,1.595,0.679,World,Floor,51.5,53.0,0.487,1.192,0,0,None,None,0,0,0,0,0.4068,0.6198,0.964,0.000,0
112.10,Saifuddin,AUIT_Multi,ACB,0.818,1.571,0.816,66.8,48.7,1.139,1.584,1.162,1.862,1.565,0.747,World,Floor,54.3,53.6,0.472,1.046,0,0,None,None,0,0,0,0,0.4959,1.6860,0.834,0.000,0
112.20,Saifuddin,AUIT_Multi,ACB,0.796,1.567,0.780,66.5,51.7,1.125,1.572,1.152,1.521,1.510,0.804,World,Floor,56.3,50.5,0.497,0.728,0,0,None,None,0,0,0,0,0.2181,3.6013,0.531,0.000,0
112.31,Saifuddin,AUIT_Multi,ACB,0.761,1.575,0.740,65.5,50.4,1.113,1.570,1.138,1.124,1.450,0.873,World,Floor,53.9,32.7,0.531,0.406,0,0,None,None,0,0,0,0,0.1663,3.6743,0.291,0.000,0
112.41,Saifuddin,AUIT_Multi,ACB,0.720,1.581,0.705,65.6,49.1,1.103,1.575,1.128,1.786,1.552,0.766,World,Floor,52.5,50.8,0.570,1.068,0,0,None,None,0,0,0,0,0.1595,6.9773,0.773,0.000,0
112.51,Saifuddin,AUIT_Multi,ACB,0.668,1.580,0.675,65.9,47.9,1.095,1.580,1.118,1.890,1.577,0.731,World,Floor,51.6,51.3,0.615,1.224,0,0,None,None,0,0,0,0,0.1402,1.1506,0.885,0.000,0
112.60,Saifuddin,AUIT_Multi,ACB,0.608,1.572,0.657,67.3,49.4,1.088,1.578,1.111,1.857,1.577,0.716,World,Floor,53.0,52.5,0.661,1.250,0,0,None,None,0,0,0,0,0.1002,0.3806,0.865,0.000,0
112.70,Saifuddin,AUIT_Multi,ACB,0.551,1.560,0.652,65.9,51.4,1.063,1.570,1.099,1.801,1.570,0.706,World,Floor,54.3,55.0,0.680,1.251,0,0,None,None,0,0,0,0,0.2949,0.5870,0.836,0.000,0
112.81,Saifuddin,AUIT_Multi,ACB,0.496,1.551,0.653,61.9,55.7,0.957,1.557,1.112,1.738,1.557,0.704,World,Floor,57.9,59.8,0.650,1.243,0,0,None,None,0,0,0,0,0.9681,0.5767,0.881,0.000,0
112.91,Saifuddin,AUIT_Multi,ACB,0.454,1.551,0.652,53.4,56.8,0.876,1.552,1.184,1.687,1.552,0.756,World,Floor,58.1,62.3,0.679,1.237,0,0,None,None,0,0,0,0,1.1135,0.7517,0.917,0.000,0
113.01,Saifuddin,AUIT_Multi,ACB,0.415,1.553,0.650,41.5,56.9,0.796,1.551,1.359,1.611,1.551,0.933,World,Floor,57.8,63.5,0.806,1.230,0,0,None,None,0,0,0,0,1.9890,1.9806,0.921,0.000,0
113.10,Saifuddin,AUIT_Multi,ACB,0.378,1.559,0.638,30.9,56.7,0.621,1.554,1.398,1.459,1.540,1.099,World,Floor,57.3,62.8,0.798,1.175,0,0,None,None,0,0,0,0,1.8328,2.3193,0.890,0.000,0
113.20,Saifuddin,AUIT_Multi,ACB,0.346,1.563,0.618,18.4,55.9,0.437,1.559,1.265,1.060,1.459,1.005,World,CabinetD01,56.2,59.3,0.654,0.818,0,0,None,None,0,0,0,0,2.3432,4.3090,0.682,0.000,0
113.31,Saifuddin,AUIT_Multi,ACB,0.322,1.563,0.586,3.2,55.1,0.260,1.563,1.101,0.653,1.364,0.943,World,CabinetD02,55.7,44.1,0.518,0.526,0,0,None,None,0,0,0,0,2.1642,3.7835,0.467,0.000,0
113.41,Saifuddin,AUIT_Multi,ACB,0.310,1.556,0.557,351.1,54.8,0.104,1.562,1.083,0.744,1.510,1.493,World,CabinetD03,56.3,59.0,0.565,1.033,0,0,None,None,0,0,0,0,1.6308,5.9719,0.762,0.000,0
113.51,Saifuddin,AUIT_Multi,ACB,0.304,1.549,0.521,343.4,54.7,-0.033,1.554,1.053,0.614,1.547,1.655,World,Floor,56.7,60.5,0.630,1.175,0,0,None,None,0,0,0,0,1.4318,2.1569,0.883,0.000,0
113.60,Saifuddin,AUIT_Multi,ACB,0.293,1.558,0.485,338.1,53.1,-0.071,1.551,0.940,0.471,1.550,1.669,World,Floor,54.3,58.5,0.583,1.198,0,0,None,None,0,0,0,0,1.2344,1.4779,0.909,0.000,0
113.70,Saifuddin,AUIT_Multi,ACB,0.277,1.574,0.450,331.6,48.9,-0.060,1.539,0.885,0.359,1.492,1.422,World,CabinetD04,45.9,52.3,0.551,0.979,0,0,None,None,0,0,0,0,0.5732,2.7570,0.683,0.000,0
113.81,Saifuddin,AUIT_Multi,ACB,0.264,1.588,0.415,328.5,46.4,-0.033,1.515,0.860,0.261,1.398,1.027,World,CabinetD04,38.8,38.9,0.540,0.641,0,0,None,None,0,0,0,0,0.4060,3.8807,0.358,0.000,0
113.91,Saifuddin,AUIT_Multi,ACB,0.253,1.592,0.395,327.2,45.7,-0.015,1.500,0.826,0.169,1.430,0.935,World,CabinetD04,35.4,35.4,0.516,0.570,0,0,None,None,0,0,0,0,0.4243,1.3667,0.224,0.000,0
114.01,Saifuddin,AUIT_Multi,ACB,0.246,1.594,0.382,326.1,46.1,0.005,1.480,0.803,0.130,1.565,1.179,World,Refrigerator03_Door01,33.0,49.4,0.498,0.806,0,0,None,None,0,0,0,0,0.3774,2.9281,0.405,0.000,0
114.10,Saifuddin,AUIT_Multi,ACB,0.241,1.595,0.373,324.5,45.7,0.027,1.458,0.784,0.109,1.590,1.215,World,Refrigerator03_Door01,30.1,51.2,0.483,0.853,0,0,None,None,0,0,0,0,0.3673,0.4993,0.459,0.000,0
114.20,Saifuddin,AUIT_Multi,ACB,0.238,1.597,0.368,322.9,44.4,0.044,1.439,0.761,0.079,1.595,1.219,World,Refrigerator03_Door01,26.1,50.0,0.466,0.866,0,0,None,None,0,0,0,0,0.3563,0.3275,0.485,0.000,0
114.31,Saifuddin,AUIT_Multi,ACB,0.244,1.603,0.364,325.0,42.6,0.070,1.418,0.740,0.062,1.599,1.220,World,Refrigerator03_Door01,20.2,47.1,0.454,0.875,0,0,None,None,1,0,0,0,0.3561,0.1516,0.514,0.000,0
114.41,Saifuddin,AUIT_Multi,ACB,0.257,1.612,0.362,329.6,40.7,0.101,1.397,0.732,0.062,1.605,1.220,World,CabinetD04,14.1,43.3,0.455,0.880,0,0,None,None,1,0,0,0,0.3851,0.0618,0.532,0.000,0
114.51,Saifuddin,AUIT_Multi,ACB,0.272,1.618,0.362,334.3,39.2,0.123,1.379,0.732,0.068,1.612,1.220,World,CabinetD04,8.9,40.5,0.465,0.882,0,0,None,None,1,0,0,0,0.2997,0.0979,0.543,0.000,0
114.60,Saifuddin,AUIT_Multi,ACB,0.284,1.621,0.365,337.2,38.4,0.147,1.359,0.726,0.118,1.618,1.223,World,Quad,4.5,39.7,0.467,0.874,0,0,None,None,1,0,0,0,0.3229,0.5150,0.561,0.000,0
114.70,Saifuddin,AUIT_Multi,ACB,0.293,1.623,0.368,338.1,37.8,-0.023,1.535,0.832,0.157,1.621,1.289,World,CabinetD04,31.0,39.7,0.568,0.932,0,0,None,None,0,0,0,0,2.7443,0.7922,0.499,0.000,0
114.81,Saifuddin,AUIT_Multi,ACB,0.302,1.625,0.370,338.6,37.0,-0.082,1.615,0.877,0.168,1.624,1.441,World,CabinetD04,38.8,39.2,0.636,1.079,0,0,None,None,0,0,0,0,0.9842,1.3718,0.617,0.000,0
114.91,Saifuddin,AUIT_Multi,ACB,0.308,1.626,0.372,338.4,36.6,-0.082,1.624,0.877,0.184,1.625,1.543,World,CabinetD04,39.4,39.3,0.638,1.178,0,0,None,None,0,0,0,0,0.0973,1.0519,0.717,0.000,0
115.01,Saifuddin,AUIT_Multi,ACB,0.313,1.625,0.372,338.0,36.4,-0.082,1.625,0.876,0.190,1.625,1.563,World,CabinetD04,39.3,39.4,0.640,1.197,0,0,None,None,0,0,0,0,0.0149,0.2202,0.739,0.000,0
115.10,Saifuddin,AUIT_Multi,ACB,0.319,1.628,0.371,337.9,35.0,-0.082,1.626,0.875,0.193,1.626,1.565,World,CabinetD04,37.9,37.9,0.644,1.201,0,0,None,None,0,0,0,0,0.0064,0.0357,0.742,0.000,0
115.20,Saifuddin,AUIT_Multi,ACB,0.326,1.636,0.367,337.5,31.5,-0.081,1.630,0.874,0.196,1.630,1.564,World,CabinetD04,34.5,34.8,0.650,1.204,0,0,None,None,0,0,0,0,0.0484,0.0576,0.743,0.000,0
115.31,Saifuddin,AUIT_Multi,ACB,0.335,1.644,0.360,336.4,29.0,-0.080,1.638,0.865,0.196,1.638,1.558,World,EggBowl,32.2,33.0,0.653,1.206,0,0,None,None,0,0,0,0,0.1091,0.0872,0.746,0.000,0
115.41,Saifuddin,AUIT_Multi,ACB,0.344,1.649,0.354,335.3,26.9,-0.080,1.644,0.841,0.197,1.644,1.552,World,EggBowl,30.8,31.7,0.646,1.207,0,0,None,None,0,0,0,0,0.2598,0.0959,0.763,0.000,0
115.51,Saifuddin,AUIT_Multi,ACB,0.354,1.654,0.347,333.9,24.6,-0.084,1.650,0.819,0.198,1.650,1.544,World,EggBowl,29.1,30.3,0.644,1.207,0,0,None,None,0,0,0,0,0.2331,0.0962,0.778,0.000,0
115.60,Saifuddin,AUIT_Multi,ACB,0.362,1.660,0.341,331.9,22.1,-0.088,1.655,0.781,0.199,1.655,1.536,World,CabinetD04,27.7,29.5,0.630,1.206,0,0,None,None,0,0,0,0,0.3929,0.1005,0.807,0.000,0
115.70,Saifuddin,AUIT_Multi,ACB,0.366,1.664,0.337,330.7,20.8,-0.089,1.660,0.742,0.200,1.660,1.530,World,Wall4m,27.6,29.4,0.610,1.204,0,0,None,None,0,0,0,0,0.4035,0.0830,0.839,0.000,0
115.81,Saifuddin,AUIT_Multi,ACB,0.359,1.668,0.332,327.6,19.5,-0.091,1.665,0.689,0.201,1.665,1.525,World,Wall4m,26.9,31.1,0.574,1.203,0,0,None,None,0,0,0,0,0.4842,0.0627,0.885,0.000,0
115.91,Saifuddin,AUIT_Multi,ACB,0.352,1.668,0.329,325.1,19.0,-0.107,1.668,0.634,0.190,1.668,1.484,World,Wall4m,28.4,32.5,0.551,1.166,0,0,None,None,0,0,0,0,0.5925,0.4328,0.901,0.000,0
116.01,Saifuddin,AUIT_Multi,ACB,0.348,1.668,0.328,324.7,19.3,-0.120,1.668,0.606,0.181,1.668,1.325,World,Wall4m,30.4,31.8,0.544,1.011,0,0,None,None,0,0,0,0,0.3121,1.6350,0.780,0.000,0
116.10,Saifuddin,AUIT_Multi,ACB,0.342,1.667,0.328,325.0,19.6,-0.123,1.667,0.599,0.176,1.667,1.291,World,Wall4m,31.3,31.6,0.538,0.978,0,0,None,None,0,0,0,0,0.0818,0.3547,0.754,0.000,0
116.20,Saifuddin,AUIT_Multi,ACB,0.337,1.665,0.328,325.7,20.3,-0.124,1.666,0.598,0.174,1.666,1.287,World,Wall4m,32.2,31.6,0.534,0.973,0,0,None,None,0,0,0,0,0.0199,0.0469,0.751,0.000,0
116.31,Saifuddin,AUIT_Multi,ACB,0.332,1.663,0.330,327.6,21.4,-0.121,1.665,0.605,0.172,1.665,1.383,World,Wall4m,33.6,31.7,0.529,1.065,0,0,None,None,0,0,0,0,0.0707,0.8719,0.832,0.000,0
116.41,Saifuddin,AUIT_Multi,ACB,0.326,1.662,0.332,330.2,21.9,-0.114,1.663,0.620,0.189,1.663,1.496,World,Wall4m,34.3,31.5,0.526,1.172,0,0,None,None,0,0,0,0,0.1694,1.1648,0.928,0.000,0
116.51,Saifuddin,AUIT_Multi,ACB,0.327,1.659,0.337,333.1,23.0,-0.107,1.661,0.642,0.232,1.661,1.526,World,CabinetD04,35.8,31.8,0.530,1.192,0,0,None,None,0,0,0,0,0.2435,0.5364,0.946,0.000,0
116.60,Saifuddin,AUIT_Multi,ACB,0.335,1.656,0.345,338.5,24.8,-0.100,1.658,0.685,0.306,1.658,1.537,World,EggBowl,38.7,31.6,0.552,1.192,0,0,None,None,0,0,0,0,0.4521,0.7656,0.944,0.000,0
116.70,Saifuddin,AUIT_Multi,ACB,0.343,1.655,0.352,344.1,25.3,-0.100,1.656,0.773,0.425,1.656,1.541,World,EggBowl,39.0,31.8,0.611,1.192,0,0,None,None,0,0,0,0,0.9019,1.2234,0.930,0.000,0
116.81,Saifuddin,AUIT_Multi,ACB,0.348,1.651,0.357,348.1,26.3,-0.094,1.654,0.876,0.551,1.654,1.534,World,EggBowl,38.3,33.7,0.681,1.194,0,0,None,None,0,0,0,0,0.9194,1.1238,0.921,0.000,0
116.91,Saifuddin,AUIT_Multi,ACB,0.346,1.642,0.360,349.7,28.2,-0.076,1.649,0.922,0.619,1.649,1.525,World,EggBowl,38.5,36.4,0.703,1.197,0,0,None,None,0,0,0,0,0.5177,0.7190,0.921,0.000,0
117.01,Saifuddin,AUIT_Multi,ACB,0.342,1.635,0.361,349.5,30.6,-0.064,1.641,0.931,0.642,1.641,1.523,World,CabinetD03,39.1,39.0,0.700,1.199,0,0,None,None,0,0,0,0,0.1762,0.2576,0.922,0.000,0
117.10,Saifuddin,AUIT_Multi,ACB,0.338,1.635,0.362,349.2,30.5,-0.062,1.636,0.926,0.642,1.636,1.524,World,CabinetD03,38.4,39.0,0.691,1.200,0,0,None,None,0,0,0,0,0.0739,0.0526,0.922,0.000,0
117.20,Saifuddin,AUIT_Multi,ACB,0.334,1.634,0.363,348.4,30.7,-0.063,1.635,0.915,0.629,1.635,1.527,World,CabinetD03,38.3,39.3,0.680,1.201,0,0,None,None,0,0,0,0,0.1192,0.1325,0.924,0.000,0
117.30,Saifuddin,AUIT_Multi,ACB,0.330,1.632,0.361,346.8,31.2,-0.066,1.634,0.895,0.605,1.634,1.531,World,CabinetD03,38.4,40.1,0.665,1.202,0,0,None,None,0,0,0,0,0.2099,0.2482,0.925,0.000,0
117.41,Saifuddin,AUIT_Multi,ACB,0.328,1.631,0.358,345.5,31.2,-0.073,1.632,0.866,0.569,1.632,1.536,World,CabinetD03,38.6,39.8,0.648,1.203,0,0,None,None,0,0,0,0,0.2622,0.3341,0.927,0.000,0
117.51,Saifuddin,AUIT_Multi,ACB,0.329,1.632,0.355,345.4,30.8,-0.079,1.631,0.854,0.550,1.631,1.537,World,CabinetD03,38.6,38.9,0.644,1.203,0,0,None,None,0,0,0,0,0.1428,0.1935,0.928,0.000,0
117.60,Saifuddin,AUIT_Multi,ACB,0.330,1.633,0.351,346.2,30.3,-0.081,1.632,0.855,0.550,1.632,1.534,World,CabinetD03,38.8,38.1,0.650,1.202,0,0,None,None,0,0,0,0,0.0313,0.0358,0.927,0.000,0
117.70,Saifuddin,AUIT_Multi,ACB,0.331,1.634,0.348,347.8,30.1,-0.080,1.633,0.867,0.569,1.633,1.527,World,CabinetD03,39.1,37.6,0.662,1.203,0,0,None,None,0,0,0,0,0.1234,0.2005,0.926,0.000,0
117.81,Saifuddin,AUIT_Multi,ACB,0.333,1.637,0.344,351.0,29.2,-0.075,1.634,0.898,0.613,1.634,1.513,World,EggBowl,39.0,36.1,0.689,1.202,0,0,None,None,0,0,0,0,0.2891,0.4189,0.923,0.000,0
117.91,Saifuddin,AUIT_Multi,ACB,0.336,1.646,0.341,354.9,25.7,-0.065,1.639,0.948,0.675,1.639,1.493,World,CabinetD02,37.1,32.8,0.728,1.201,0,0,None,None,0,0,0,0,0.5183,0.6597,0.919,0.000,0
118.01,Saifuddin,AUIT_Multi,ACB,0.342,1.660,0.340,0.3,19.1,-0.041,1.648,1.016,0.760,1.648,1.464,World,Wall4m,34.4,27.1,0.777,1.199,0,0,None,None,0,0,0,0,0.7543,0.9362,0.917,0.000,0
118.10,Saifuddin,AUIT_Multi,ACB,0.345,1.666,0.338,4.6,15.9,0.035,1.660,1.014,0.860,1.660,1.421,World,Wall4m,32.7,25.8,0.743,1.199,0,0,None,None,0,0,0,0,0.7998,1.1311,0.920,0.000,0
118.20,Saifuddin,AUIT_Multi,ACB,0.344,1.670,0.336,7.8,15.1,0.097,1.666,1.008,0.940,1.666,1.378,World,Wall4m,31.4,26.3,0.716,1.200,0,0,None,None,0,0,0,0,0.6369,0.9298,0.921,0.000,0
118.30,Saifuddin,AUIT_Multi,ACB,0.342,1.674,0.334,10.4,13.2,0.138,1.671,1.007,0.983,1.671,1.322,World,Wall4m,29.9,25.9,0.704,1.178,0,0,None,None,0,0,0,0,0.4257,0.7305,0.902,0.000,0
118.41,Saifuddin,AUIT_Multi,ACB,0.340,1.678,0.332,14.0,12.1,0.174,1.675,1.010,1.017,1.675,1.260,World,Wall4m,29.9,25.0,0.698,1.148,0,0,None,None,0,0,0,0,0.3275,0.6403,0.879,0.000,0
118.51,Saifuddin,AUIT_Multi,ACB,0.338,1.681,0.334,18.5,10.4,0.213,1.678,1.020,1.097,1.678,1.249,World,Wall4m,30.4,23.4,0.698,1.189,0,0,None,None,0,1,0,1,0.4136,0.8279,0.913,0.000,0
118.60,Saifuddin,AUIT_Multi,ACB,0.333,1.681,0.337,23.8,10.2,0.266,1.680,1.048,1.173,1.680,1.192,World,Wall4m,30.8,23.0,0.714,1.198,0,0,None,None,0,1,0,1,0.6178,0.9820,0.918,0.000,0
118.70,Saifuddin,AUIT_Multi,ACB,0.323,1.687,0.340,28.2,9.0,0.321,1.682,1.092,1.238,1.682,1.121,World,Wall4m,29.5,22.9,0.751,1.203,0,0,None,None,0,1,0,1,0.7289,0.9898,0.917,0.000,0
118.80,Saifuddin,AUIT_Multi,ACB,0.307,1.698,0.347,30.7,5.8,0.366,1.689,1.140,1.036,1.680,1.023,World,CabinetD05Door,26.9,17.0,0.795,0.993,0,0,None,None,0,1,0,1,0.6786,2.3067,0.680,0.000,0
118.91,Saifuddin,AUIT_Multi,ACB,0.282,1.708,0.360,33.0,4.7,0.391,1.700,1.172,0.769,1.676,0.910,World,CabinetD05Door,25.7,8.8,0.820,0.736,0,0,None,None,0,1,0,0,0.3808,2.6065,0.461,0.000,0
119.01,Saifuddin,AUIT_Multi,ACB,0.262,1.707,0.376,35.1,6.1,0.404,1.709,1.202,1.033,1.695,0.935,World,CabinetD05Door,26.0,19.7,0.837,0.953,0,0,None,None,0,1,0,1,0.3429,2.7406,0.683,0.000,0
119.10,Saifuddin,AUIT_Multi,ACB,0.253,1.694,0.391,39.9,10.5,0.438,1.704,1.296,1.268,1.702,0.955,World,CabinetD05Door,30.3,23.7,0.924,1.161,0,0,None,None,0,1,0,1,1.0404,2.4303,0.897,0.000,0
119.20,Saifuddin,AUIT_Multi,ACB,0.261,1.680,0.395,51.4,14.0,0.542,1.693,1.329,1.351,1.692,0.859,World,KitchenOven07,37.4,21.2,0.975,1.185,0,0,None,None,0,1,0,1,1.1259,1.3040,0.935,0.000,0
119.30,Saifuddin,AUIT_Multi,ACB,0.275,1.665,0.391,65.5,17.6,0.594,1.678,1.242,1.191,1.667,0.755,World,Wall4m,47.9,17.9,0.909,0.986,0,0,None,None,0,1,0,1,1.0412,1.9753,0.771,0.000,0
119.41,Saifuddin,AUIT_Multi,ACB,0.280,1.651,0.388,75.0,22.9,0.620,1.661,1.164,0.905,1.634,0.678,World,Wall4m,55.2,23.6,0.848,0.689,0,0,None,None,0,1,0,0,0.7618,2.6955,0.564,0.000,0
119.51,Saifuddin,AUIT_Multi,ACB,0.281,1.652,0.385,76.9,23.6,0.632,1.648,1.110,0.966,1.625,0.477,World,Wall4m,54.7,22.1,0.806,0.692,0,0,None,None,0,1,0,0,0.5771,2.1483,0.716,0.000,0
119.60,Saifuddin,AUIT_Multi,ACB,0.285,1.654,0.380,79.1,22.7,0.652,1.636,1.064,1.373,1.648,0.182,World,Wall4m,53.9,30.4,0.777,1.106,0,0,None,None,0,0,0,0,0.5328,5.2219,1.140,0.000,0
119.70,Saifuddin,AUIT_Multi,ACB,0.291,1.651,0.370,82.9,24.1,0.664,1.624,1.000,1.435,1.653,0.079,World,Wall4m,55.0,31.9,0.733,1.180,0,0,None,None,0,0,0,0,0.6817,1.2459,1.202,0.000,0
119.81,Saifuddin,AUIT_Multi,ACB,0.301,1.649,0.356,87.5,25.1,0.667,1.609,0.920,1.269,1.599,0.130,World,Wall4m,56.7,26.9,0.674,0.996,0,0,None,None,0,0,0,0,0.7316,1.6348,0.993,0.000,0
119.91,Saifuddin,AUIT_Multi,ACB,0.311,1.648,0.344,90.9,25.1,0.671,1.596,0.850,1.046,1.529,0.245,World,Wall4m,56.9,17.2,0.624,0.751,0,0,None,None,0,1,0,0,0.7355,2.6881,0.715,0.000,0
120.01,Saifuddin,AUIT_Multi,ACB,0.320,1.646,0.334,91.5,26.1,0.680,1.584,0.787,1.055,1.535,0.153,World,Wall4m,54.3,21.3,0.582,0.765,0,0,None,None,0,1,0,0,0.6666,0.9514,0.738,0.000,0
120.10,Saifuddin,AUIT_Multi,ACB,0.329,1.646,0.327,89.6,26.7,0.665,1.571,0.733,1.343,1.627,-0.134,World,Wall4m,50.8,35.1,0.533,1.114,0,0,None,None,0,0,0,0,0.5862,4.2546,1.102,0.000,0
120.20,Saifuddin,AUIT_Multi,ACB,0.340,1.649,0.321,87.1,26.5,0.660,1.559,0.683,1.418,1.644,-0.156,World,Wall4m,45.8,36.9,0.492,1.179,0,0,None,None,0,0,0,0,0.5346,0.8283,1.134,0.000,0
120.30,Saifuddin,AUIT_Multi,ACB,0.350,1.651,0.317,84.9,25.4,1.162,1.620,0.823,1.453,1.649,-0.126,World,Wall4m,35.0,36.3,0.957,1.188,0,0,None,None,0,0,0,0,5.3227,0.4766,0.993,0.000,0
120.41,Saifuddin,AUIT_Multi,ACB,0.360,1.656,0.310,82.5,21.8,1.358,1.649,0.923,1.485,1.652,-0.079,World,Wall4m,31.8,33.7,1.171,1.190,0,0,None,None,0,0,0,0,2.0099,0.5098,1.010,0.000,0
120.51,Saifuddin,AUIT_Multi,ACB,0.368,1.663,0.303,81.3,15.7,1.370,1.656,0.952,1.504,1.657,-0.052,World,Wall4m,28.5,30.0,1.194,1.191,0,0,None,None,0,0,0,0,0.3384,0.3468,1.014,0.000,0
120.60,Saifuddin,AUIT_Multi,ACB,0.380,1.678,0.298,81.1,6.4,1.369,1.666,0.966,1.521,1.666,-0.037,World,Wall4m,25.8,25.8,1.194,1.189,0,0,None,None,0,0,0,0,0.1710,0.2512,1.014,0.000,0
120.70,Saifuddin,AUIT_Multi,ACB,0.387,1.684,0.298,80.3,2.1,1.374,1.678,0.970,1.533,1.678,-0.032,World,Wall4m,24.6,25.8,1.194,1.193,0,0,None,None,1,0,1,0,0.1400,0.1831,1.014,0.000,0
120.81,Saifuddin,AUIT_Multi,ACB,0.396,1.685,0.300,78.1,1.5,1.369,1.683,0.990,1.548,1.683,-0.009,World,Wall4m,23.5,26.9,1.193,1.193,0,0,None,None,1,0,1,0,0.1907,0.2563,1.014,0.000,0
120.91,Saifuddin,AUIT_Multi,ACB,0.407,1.698,0.304,76.7,355.5,1.355,1.688,1.023,1.567,1.688,0.031,World,Wall4m,24.4,26.9,1.190,1.191,0,0,None,None,1,0,1,0,0.3796,0.4562,1.014,0.000,0
121.01,Saifuddin,AUIT_Multi,ACB,0.416,1.710,0.308,75.4,350.0,1.323,1.700,1.029,1.583,1.700,0.063,World,Wall4m,26.0,28.3,1.159,1.192,0,0,None,None,0,0,0,0,0.3542,0.3842,1.001,0.000,0
121.10,Saifuddin,AUIT_Multi,ACB,0.426,1.714,0.306,73.7,348.7,1.268,1.709,1.016,1.598,1.709,0.095,World,Wall4m,26.4,28.7,1.102,1.191,0,0,None,None,0,0,0,0,0.5892,0.3743,0.978,0.000,0
121.20,Saifuddin,AUIT_Multi,ACB,0.435,1.712,0.299,72.6,349.6,1.237,1.713,1.017,1.613,1.713,0.124,World,Wall4m,26.5,27.7,1.076,1.191,0,0,None,None,0,0,0,0,0.3269,0.3407,0.969,0.000,0
121.30,Saifuddin,AUIT_Multi,ACB,0.447,1.708,0.291,71.0,351.5,1.229,1.711,1.025,1.591,1.711,0.157,World,Wall4m,25.5,26.9,1.073,1.152,0,0,None,None,0,0,0,0,0.1167,0.4056,0.940,0.000,0
121.41,Saifuddin,AUIT_Multi,ACB,0.458,1.705,0.286,68.8,352.1,1.233,1.707,1.038,1.354,1.708,0.296,World,Wall4m,24.1,21.9,1.080,0.896,0,0,None,None,1,1,1,1,0.1323,2.4781,0.752,0.000,1
121.51,Saifuddin,AUIT_Multi,ACB,0.463,1.702,0.277,67.8,352.9,1.235,1.705,1.039,1.148,1.705,0.412,World,Wall4m,23.4,13.0,1.084,0.698,0,0,None,None,1,1,1,0,0.0339,2.4396,0.633,0.000,0
121.60,Saifuddin,AUIT_Multi,ACB,0.467,1.699,0.269,65.9,353.8,1.236,1.701,1.041,1.530,1.701,0.323,World,Wall4m,21.9,22.0,1.089,1.064,0,0,None,None,1,1,1,1,0.0429,4.0303,0.776,0.000,1
121.70,Saifuddin,AUIT_Multi,ACB,0.467,1.699,0.265,61.9,353.3,1.161,1.699,1.012,1.646,1.699,0.319,World,Wall4m,20.2,26.3,1.019,1.180,0,0,None,None,1,0,1,0,0.8360,1.2091,0.847,0.000,0
121.81,Saifuddin,AUIT_Multi,ACB,0.462,1.705,0.271,52.9,352.0,0.990,1.701,1.006,1.657,1.701,0.387,World,Quad,19.1,32.5,0.905,1.200,0,0,None,None,1,0,1,0,1.5346,0.6169,0.910,0.000,0
121.91,Saifuddin,AUIT_Multi,ACB,0.454,1.710,0.277,43.4,351.0,0.859,1.705,1.066,1.623,1.705,0.550,World,Quad,18.6,34.6,0.887,1.201,0,0,None,None,1,0,1,0,1.4848,1.7197,0.922,0.000,0
122.01,Saifuddin,AUIT_Multi,ACB,0.444,1.714,0.281,36.5,350.5,0.752,1.710,1.233,1.559,1.710,0.731,World,CabinetDCorner02,20.9,32.9,1.000,1.202,0,0,None,None,1,0,1,0,2.0370,1.9681,0.951,0.000,0
122.10,Saifuddin,AUIT_Multi,ACB,0.425,1.718,0.265,33.5,352.2,0.652,1.715,1.297,1.497,1.715,0.845,World,CabinetDCorner02,22.5,29.1,1.057,1.218,0,0,None,None,1,0,1,0,1.2134,1.3275,0.958,0.000,0
122.20,Saifuddin,AUIT_Multi,ACB,0.407,1.729,0.242,29.7,349.1,0.567,1.721,1.287,1.439,1.721,0.897,World,CabinetD05Door,23.7,30.0,1.057,1.223,0,0,None,None,1,0,1,0,0.8935,0.8059,0.956,0.000,0
122.31,Saifuddin,AUIT_Multi,ACB,0.396,1.725,0.206,29.7,350.0,0.486,1.727,1.194,1.385,1.727,0.926,World,CabinetD05Door,26.3,26.1,0.992,1.223,0,0,None,None,0,0,0,0,1.1079,0.5543,0.938,0.000,0
122.41,Saifuddin,AUIT_Multi,ACB,0.391,1.725,0.176,32.6,348.9,0.498,1.725,1.263,1.383,1.725,0.888,World,CabinetDCorner02,29.0,24.2,1.093,1.221,0,0,None,None,0,1,0,1,0.7495,0.4028,0.962,0.000,0
122.51,Saifuddin,AUIT_Multi,ACB,0.384,1.725,0.148,35.9,348.3,0.560,1.726,1.298,1.412,1.726,0.797,World,Wall4m,29.4,24.6,1.163,1.216,0,0,None,None,0,1,0,1,0.7035,0.9508,0.989,0.000,0
122.67,Saifuddin,AUIT_Multi,ACB,2.000,0.000,0.000,0.0,0.0,0.602,1.722,1.317,1.428,1.722,0.737,World,KitchenOven07,59.3,67.9,2.579,1.958,0,0,None,None,0,0,0,0,0.2873,0.3772,1.009,0.000,0
