Time,ParticipantID,Scenario,Sequence,HeadX,HeadY,HeadZ,HeadYaw,HeadPitch,VideoX,VideoY,VideoZ,InstX,InstY,InstZ,GazeTarget,HitObjectName,AngleToVideo,AngleToInst,VideoDist,InstDist,VideoOcc,InstOcc,VideoOccHitName,InstOccHitName,VideoInCone,InstInCone,VideoVisible,InstVisible,VideoSpeed,InstSpeed,PanelSeparation,ScreenOverlapPct,BothVisible
0.00,Sindhu,AUIT_Multi,CAB,1.000,0.000,0.000,0.0,0.0,-2.197,1.378,13.812,-26.067,0.000,792.755,World,Wall4m,14.1,2.0,14.244,793.217,1,1,CabinetD01,Wall4m,1,1,0,0,0.0000,0.0000,779.309,0.000,0
0.19,Sindhu,AUIT_Multi,CAB,1.000,0.000,0.000,0.0,0.0,-1.484,1.055,10.442,-18.765,0.000,583.102,World,Wall4m,14.5,1.9,10.786,583.437,1,1,CabinetD01,CabinetDCorner01,1,1,0,0,18.4927,1121.4140,572.922,0.022,0
0.23,Sindhu,AUIT_Multi,CAB,1.000,0.000,0.000,0.0,0.0,0.294,0.111,2.029,1.425,0.002,1.733,World,Wall4m,19.4,13.8,2.152,1.784,1,1,CabinetD02,CabinetDCorner01,1,1,0,0,217.6850,14638.7400,1.174,0.000,0
0.31,Sindhu,AUIT_Multi,CAB,1.000,0.000,0.000,0.0,0.0,0.483,0.011,1.180,1.471,0.221,1.104,World,Wall4m,23.7,25.2,1.288,1.220,0,0,None,None,1,0,1,0,10.5333,8.0242,1.013,0.000,0
0.41,Sindhu,AUIT_Multi,CAB,1.000,0.000,0.000,0.0,0.0,0.512,0.001,1.107,1.480,0.142,1.100,World,Wall4m,23.8,24.5,1.210,1.208,0,0,None,None,1,1,1,1,0.7942,0.8078,0.978,0.000,1
0.50,Sindhu,AUIT_Multi,CAB,1.000,0.000,0.000,0.0,0.0,0.516,0.000,1.099,1.483,0.123,1.098,World,Wall4m,23.8,24.4,1.201,1.206,0,0,None,None,1,1,1,1,0.0932,0.1988,0.975,0.000,1
0.64,Sindhu,AUIT_Multi,CAB,1.000,0.000,0.000,0.0,0.0,0.516,0.000,1.098,1.484,0.121,1.098,World,Wall4m,23.8,24.4,1.200,1.206,0,0,None,None,1,1,1,1,0.0071,0.0202,0.975,0.000,1
0.72,Sindhu,AUIT_Multi,CAB,1.000,0.000,0.000,0.0,0.0,0.540,0.000,1.080,1.408,0.106,1.053,World,Wall4m,23.1,21.8,1.174,1.134,0,0,None,None,1,1,1,1,0.3654,1.0878,0.876,0.000,1
0.81,Sindhu,AUIT_Multi,CAB,1.000,0.000,0.000,0.0,0.0,0.618,0.000,0.986,1.099,0.043,0.840,World,Wall4m,21.2,7.3,1.058,0.847,0,0,None,None,1,1,1,1,1.3665,4.2629,0.505,0.000,1
0.91,Sindhu,AUIT_Multi,CAB,1.000,0.000,0.000,0.0,0.0,0.663,0.000,0.938,1.332,0.099,1.048,World,Wall4m,19.8,18.3,0.997,1.104,0,0,None,None,1,1,1,1,0.6783,3.2553,0.686,0.000,1
1.01,Sindhu,AUIT_Multi,CAB,0.796,1.509,-0.088,346.6,22.0,0.674,0.186,0.805,1.242,0.689,1.103,World,CabinetD02,33.9,31.8,1.600,1.513,0,0,None,None,0,0,0,0,2.2942,6.0020,0.815,0.000,0
1.11,Sindhu,AUIT_Multi,CAB,0.796,1.509,-0.089,347.3,21.8,0.731,0.250,0.699,1.072,1.316,1.046,World,CabinetD02,36.6,28.2,1.487,1.184,0,0,None,None,0,0,0,0,1.3441,6.4361,1.172,0.000,0
1.21,Sindhu,AUIT_Multi,CAB,0.796,1.510,-0.089,347.9,21.6,0.784,0.248,0.639,0.952,1.362,0.769,World,CabinetD02,39.2,24.7,1.456,0.885,0,0,None,None,0,1,0,1,0.8229,3.1294,1.134,0.000,0
1.30,Sindhu,AUIT_Multi,CAB,0.795,1.510,-0.089,348.0,21.5,0.842,0.241,0.626,0.787,1.414,0.502,World,CabinetD02,40.6,16.3,1.457,0.599,0,0,None,None,0,1,0,0,0.6243,3.3228,1.180,0.000,0
1.41,Sindhu,AUIT_Multi,CAB,0.793,1.511,-0.088,348.0,21.4,0.932,0.241,0.625,0.291,1.492,0.787,World,CabinetD02,42.1,26.8,1.463,1.009,0,0,None,None,0,0,0,0,0.8089,5.2093,1.415,0.000,0
1.50,Sindhu,AUIT_Multi,CAB,0.791,1.511,-0.086,347.7,21.5,0.977,0.261,0.582,0.141,1.508,0.831,World,CabinetD02,44.0,31.0,1.430,1.125,0,0,None,None,0,0,0,0,0.7284,1.7490,1.522,0.000,0
1.61,Sindhu,AUIT_Multi,CAB,0.789,1.510,-0.085,346.9,21.7,0.999,0.677,0.617,0.071,1.510,0.860,World,CabinetD02,35.9,32.0,1.109,1.187,0,0,None,None,0,0,0,0,3.7761,0.6828,1.271,0.000,0
1.71,Sindhu,AUIT_Multi,CAB,0.787,1.510,-0.083,346.4,21.9,0.980,0.678,0.607,0.299,1.480,0.661,World,CabinetD02,35.8,27.6,1.098,0.891,0,0,None,None,0,0,0,0,0.2193,3.0828,1.053,0.000,0
1.80,Sindhu,AUIT_Multi,CAB,0.785,1.509,-0.081,345.8,22.2,0.958,0.778,0.612,0.522,1.449,0.464,World,CabinetD02,32.8,20.0,1.022,0.608,0,0,None,None,0,1,0,0,1.1142,3.2399,0.814,0.000,0
1.90,Sindhu,AUIT_Multi,CAB,0.782,1.509,-0.079,344.5,22.5,0.935,0.850,0.609,0.269,1.479,0.649,World,CabinetD02,31.0,28.0,0.965,0.891,0,0,None,None,0,0,0,0,0.7861,3.2789,0.916,0.000,0
2.02,Sindhu,AUIT_Multi,CAB,0.776,1.511,-0.077,340.5,22.9,0.903,0.943,0.613,0.015,1.506,0.798,World,CabinetD02,30.1,30.8,0.903,1.160,0,0,None,None,0,0,0,0,0.8354,2.5264,1.068,0.000,0
2.11,Sindhu,AUIT_Multi,CAB,0.769,1.512,-0.077,334.7,22.8,0.867,1.007,0.616,-0.073,1.510,0.764,World,CabinetD03,31.7,29.8,0.862,1.190,0,0,None,None,0,0,0,0,0.8165,1.0494,1.077,0.000,0
2.20,Sindhu,AUIT_Multi,CAB,0.763,1.512,-0.077,327.7,23.3,0.824,1.078,0.627,-0.164,1.512,0.675,World,CabinetD04,33.9,29.6,0.829,1.193,0,0,None,None,0,0,0,0,0.8583,1.3061,1.080,0.000,0
2.30,Sindhu,AUIT_Multi,CAB,0.759,1.513,-0.076,320.7,23.9,0.775,1.157,0.626,-0.254,1.512,0.555,World,Refrigerator03_Door01,36.7,30.0,0.788,1.194,0,0,None,None,0,0,0,0,0.9580,1.5426,1.091,0.000,0
2.41,Sindhu,AUIT_Multi,CAB,0.758,1.513,-0.077,314.1,24.8,0.738,1.220,0.606,-0.326,1.513,0.430,World,Refrigerator03_Door01,40.3,30.9,0.743,1.196,0,0,None,None,0,0,0,0,0.7000,1.3227,1.117,0.000,0
2.51,Sindhu,AUIT_Multi,CAB,0.763,1.513,-0.079,307.3,25.6,0.693,1.303,0.592,-0.322,1.513,0.274,World,Refrigerator03_Door01,44.0,31.6,0.707,1.141,0,0,None,None,0,0,0,0,0.9604,1.5696,1.083,0.000,0
2.61,Sindhu,AUIT_Multi,CAB,0.771,1.518,-0.080,300.8,25.8,0.566,1.393,0.643,-0.305,1.514,0.141,World,Refrigerator03,44.2,31.6,0.762,1.099,0,0,None,None,0,0,0,0,1.6811,1.3692,1.013,0.000,0
2.71,Sindhu,AUIT_Multi,CAB,0.779,1.521,-0.081,293.1,26.1,0.158,1.498,0.830,-0.063,1.482,0.097,World,Refrigerator03,40.0,25.9,1.103,0.861,0,0,None,None,0,0,0,0,4.6830,2.5267,0.765,0.000,0
2.80,Sindhu,AUIT_Multi,CAB,0.787,1.520,-0.082,286.3,27.0,0.068,1.517,0.701,0.212,1.446,0.064,World,Refrigerator03,40.2,20.0,1.063,0.598,0,0,None,None,0,1,0,0,1.6432,2.9028,0.657,0.000,0
2.91,Sindhu,AUIT_Multi,CAB,0.798,1.516,-0.082,280.5,28.6,0.002,1.518,0.586,0.033,1.478,-0.151,World,Refrigerator03,40.3,29.7,1.039,0.769,0,0,None,None,0,0,0,0,1.1840,2.5191,0.739,0.000,0
3.01,Sindhu,AUIT_Multi,CAB,0.807,1.515,-0.083,275.5,29.1,-0.036,1.516,0.502,-0.164,1.510,-0.336,World,Refrigerator03,40.4,34.7,1.026,1.003,0,0,None,None,0,0,0,0,0.9531,2.8177,0.848,0.000,0
3.11,Sindhu,AUIT_Multi,CAB,0.815,1.515,-0.082,272.2,29.2,-0.041,1.515,0.414,-0.190,1.514,-0.441,World,Refrigerator03,39.5,35.9,0.989,1.067,0,0,None,None,0,0,0,0,0.9104,1.1102,0.867,0.000,0
3.21,Sindhu,AUIT_Multi,CAB,0.821,1.515,-0.079,271.6,29.3,-0.009,1.503,0.370,-0.027,1.475,-0.358,World,Refrigerator03,38.4,32.7,0.944,0.894,0,0,None,None,0,0,0,0,0.5720,1.9190,0.729,0.000,0
3.30,Sindhu,AUIT_Multi,CAB,0.827,1.515,-0.076,272.8,29.1,0.032,1.486,0.340,0.189,1.422,-0.219,World,Refrigerator03,36.0,25.5,0.897,0.660,0,0,None,None,0,0,0,0,0.5537,2.7051,0.584,0.000,0
3.41,Sindhu,AUIT_Multi,CAB,0.833,1.518,-0.071,275.7,28.2,0.080,1.467,0.301,0.095,1.445,-0.245,World,Refrigerator03,31.6,29.0,0.841,0.762,0,0,None,None,0,0,0,0,0.5751,0.8993,0.546,0.000,0
3.51,Sindhu,AUIT_Multi,CAB,0.836,1.520,-0.068,278.1,27.2,0.121,1.450,0.279,-0.157,1.507,-0.334,World,Refrigerator03,27.9,34.6,0.798,1.029,0,0,None,None,0,0,0,0,0.5067,2.8098,0.675,0.000,0
3.61,Sindhu,AUIT_Multi,CAB,0.838,1.522,-0.068,279.6,26.4,0.166,1.434,0.256,-0.193,1.519,-0.344,World,Refrigerator03,25.0,35.3,0.751,1.067,0,0,None,None,1,0,0,0,0.5479,0.4022,0.704,0.000,0
3.71,Sindhu,AUIT_Multi,CAB,0.837,1.523,-0.070,280.1,25.8,0.209,1.418,0.229,-0.197,1.522,-0.345,World,Refrigerator03,22.6,35.3,0.704,1.070,0,0,None,None,1,0,0,0,0.5497,0.0504,0.710,0.000,0
3.80,Sindhu,AUIT_Multi,CAB,0.836,1.524,-0.074,279.9,25.2,0.248,1.400,0.196,-0.197,1.523,-0.345,World,Refrigerator03,20.1,34.6,0.658,1.068,0,0,None,None,1,0,0,0,0.5546,0.0129,0.711,0.000,0
3.90,Sindhu,AUIT_Multi,CAB,0.833,1.524,-0.079,278.9,24.6,0.280,1.384,0.161,-0.198,1.524,-0.345,World,Refrigerator03,17.9,33.4,0.619,1.065,0,0,None,None,1,0,0,0,0.5141,0.0096,0.710,0.000,0
4.01,Sindhu,AUIT_Multi,CAB,0.829,1.525,-0.085,277.1,23.9,0.322,1.365,0.111,-0.198,1.525,-0.345,World,Quad,15.1,31.5,0.567,1.059,0,0,None,None,1,0,0,0,0.6173,0.0085,0.710,0.000,0
4.11,Sindhu,AUIT_Multi,CAB,0.825,1.526,-0.090,275.3,23.4,0.370,1.349,0.060,-0.198,1.525,-0.345,World,Quad,12.3,30.0,0.510,1.054,0,0,None,None,1,0,0,0,0.7424,0.0101,0.720,0.000,0
4.21,Sindhu,AUIT_Multi,CAB,0.820,1.526,-0.093,274.1,23.4,-0.001,1.482,0.258,-0.199,1.526,-0.346,World,Refrigerator03,27.6,29.2,0.894,1.050,0,0,None,None,0,0,0,0,4.5387,0.0112,0.637,0.000,0
4.30,Sindhu,AUIT_Multi,CAB,0.815,1.526,-0.096,273.4,23.6,-0.040,1.520,0.276,-0.199,1.526,-0.372,World,Refrigerator03,30.3,29.7,0.932,1.051,0,0,None,None,0,0,0,0,0.5804,0.2673,0.667,0.000,0
4.40,Sindhu,AUIT_Multi,CAB,0.810,1.526,-0.098,273.5,23.8,-0.037,1.525,0.274,-0.200,1.526,-0.398,World,Refrigerator03,30.8,30.7,0.926,1.054,0,0,None,None,0,0,0,0,0.0654,0.2717,0.692,0.000,0
4.51,Sindhu,AUIT_Multi,CAB,0.804,1.528,-0.100,273.9,24.0,-0.038,1.526,0.279,-0.200,1.527,-0.401,World,Refrigerator03,31.0,31.1,0.924,1.048,0,0,None,None,0,0,0,0,0.0445,0.0220,0.698,0.000,0
4.61,Sindhu,AUIT_Multi,CAB,0.796,1.527,-0.103,274.2,23.6,-0.040,1.527,0.283,-0.200,1.527,-0.401,World,Refrigerator03,31.0,31.1,0.921,1.040,0,0,None,None,0,0,0,0,0.0469,0.0099,0.702,0.000,0
4.71,Sindhu,AUIT_Multi,CAB,0.786,1.524,-0.109,274.9,23.8,-0.043,1.526,0.291,-0.201,1.526,-0.401,World,Refrigerator03,31.3,31.6,0.920,1.029,0,0,None,None,0,0,0,0,0.0911,0.0141,0.710,0.000,0
4.80,Sindhu,AUIT_Multi,CAB,0.772,1.523,-0.117,274.5,23.5,-0.046,1.524,0.297,-0.201,1.524,-0.405,World,Refrigerator03,32.0,31.2,0.917,1.015,0,0,None,None,0,0,0,0,0.0721,0.0502,0.719,0.000,0
4.90,Sindhu,AUIT_Multi,CAB,0.755,1.522,-0.127,274.0,23.2,-0.050,1.523,0.299,-0.202,1.523,-0.438,World,Refrigerator03,32.9,31.7,0.912,1.007,0,0,None,None,0,0,0,0,0.0504,0.3460,0.753,0.000,0
5.01,Sindhu,AUIT_Multi,CAB,0.729,1.519,-0.140,273.8,23.7,-0.057,1.521,0.302,-0.204,1.521,-0.478,World,Refrigerator03,34.4,33.1,0.901,0.992,0,0,None,None,0,0,0,0,0.0637,0.3564,0.794,0.000,0
5.11,Sindhu,AUIT_Multi,CAB,0.700,1.516,-0.149,273.1,24.9,-0.063,1.518,0.286,-0.205,1.518,-0.502,World,Refrigerator03,35.9,34.5,0.878,0.971,0,0,None,None,0,0,0,0,0.1823,0.2506,0.801,0.000,0
5.21,Sindhu,AUIT_Multi,CAB,0.668,1.515,-0.150,274.1,26.0,-0.071,1.516,0.266,-0.206,1.516,-0.505,World,Refrigerator03,35.7,36.3,0.848,0.943,0,0,None,None,0,0,0,0,0.2225,0.0347,0.783,0.000,0
5.30,Sindhu,AUIT_Multi,CAB,0.633,1.515,-0.145,275.0,26.4,-0.081,1.515,0.267,-0.206,1.515,-0.479,World,Refrigerator03,35.8,36.9,0.824,0.904,0,0,None,None,0,0,0,0,0.0960,0.2632,0.757,0.000,0
5.40,Sindhu,AUIT_Multi,CAB,0.596,1.513,-0.134,275.3,26.5,-0.090,1.514,0.271,-0.208,1.514,-0.448,World,Refrigerator03,36.0,36.9,0.797,0.863,0,0,None,None,0,0,0,0,0.1085,0.3155,0.729,0.000,0
5.51,Sindhu,AUIT_Multi,CAB,0.557,1.514,-0.118,276.0,26.9,-0.102,1.512,0.274,-0.209,1.512,-0.414,World,Refrigerator03,35.8,37.4,0.766,0.821,0,0,None,None,0,0,0,0,0.1058,0.3070,0.696,0.000,0
5.61,Sindhu,AUIT_Multi,CAB,0.521,1.522,-0.103,276.6,25.3,-0.111,1.516,0.285,-0.210,1.516,-0.376,World,Refrigerator03,34.6,36.1,0.742,0.781,0,0,None,None,0,0,0,0,0.1625,0.3948,0.669,0.000,0
5.71,Sindhu,AUIT_Multi,CAB,0.490,1.528,-0.090,276.1,24.2,-0.121,1.522,0.289,-0.211,1.522,-0.347,World,Refrigerator03,34.4,34.8,0.718,0.747,0,0,None,None,0,0,0,0,0.1219,0.3107,0.642,0.000,0
5.80,Sindhu,AUIT_Multi,CAB,0.462,1.530,-0.078,276.0,24.7,-0.129,1.527,0.283,-0.072,1.491,-0.239,World,Refrigerator03,34.7,30.0,0.692,0.559,0,0,None,None,0,0,0,0,0.1148,1.8387,0.526,0.000,0
5.90,Sindhu,AUIT_Multi,CAB,0.440,1.532,-0.071,275.6,24.7,-0.136,1.530,0.280,0.061,1.461,-0.134,World,Refrigerator03,35.1,20.1,0.674,0.391,0,0,None,None,0,1,0,0,0.0846,1.7495,0.464,0.000,0
6.01,Sindhu,AUIT_Multi,CAB,0.422,1.530,-0.069,274.4,25.0,-0.141,1.530,0.264,-0.076,1.494,-0.214,World,Refrigerator03,35.6,28.8,0.655,0.520,0,0,None,None,0,0,0,0,0.1516,1.4657,0.484,0.000,0
6.11,Sindhu,AUIT_Multi,CAB,0.411,1.531,-0.072,274.4,24.6,-0.145,1.530,0.252,-0.199,1.525,-0.295,World,Refrigerator03,35.0,33.8,0.643,0.649,0,0,None,None,0,0,0,0,0.1328,1.5475,0.549,0.000,0
6.21,Sindhu,AUIT_Multi,CAB,0.402,1.531,-0.076,274.6,24.4,-0.148,1.531,0.242,-0.215,1.530,-0.306,World,Refrigerator03,34.7,34.3,0.636,0.658,0,0,None,None,0,0,0,0,0.0997,0.2117,0.553,0.000,0
6.31,Sindhu,AUIT_Multi,CAB,0.393,1.533,-0.081,274.9,24.1,-0.153,1.520,0.224,-0.153,1.493,-0.213,World,Refrigerator03,32.8,26.9,0.625,0.563,0,0,None,None,0,0,0,0,0.2249,1.2086,0.438,0.000,0
6.40,Sindhu,AUIT_Multi,CAB,0.386,1.532,-0.085,275.0,24.6,-0.158,1.507,0.202,-0.082,1.450,-0.108,World,Refrigerator03,31.3,16.4,0.615,0.475,0,0,None,None,0,1,0,0,0.2659,1.3883,0.324,0.000,0
6.51,Sindhu,AUIT_Multi,CAB,0.380,1.532,-0.087,275.1,24.7,-0.163,1.493,0.177,-0.119,1.472,-0.138,World,Refrigerator03,29.0,20.6,0.606,0.506,0,0,None,None,0,1,0,0,0.2640,0.4736,0.319,0.000,0
6.61,Sindhu,AUIT_Multi,CAB,0.378,1.532,-0.087,275.9,24.6,-0.168,1.480,0.156,-0.203,1.523,-0.224,World,Refrigerator03,26.2,30.1,0.600,0.596,0,0,None,None,0,0,0,0,0.2574,1.3278,0.384,0.000,0
6.71,Sindhu,AUIT_Multi,CAB,0.376,1.532,-0.086,276.5,24.5,-0.173,1.469,0.141,-0.214,1.531,-0.228,World,Refrigerator03,23.9,31.2,0.597,0.607,0,0,None,None,1,0,0,0,0.1995,0.1554,0.377,0.000,0
6.80,Sindhu,AUIT_Multi,CAB,0.374,1.534,-0.086,276.4,23.8,-0.178,1.455,0.123,-0.216,1.533,-0.229,World,Refrigerator03,21.2,30.6,0.596,0.607,0,0,None,None,1,0,0,0,0.2337,0.0195,0.362,0.000,0
6.92,Sindhu,AUIT_Multi,CAB,0.373,1.536,-0.085,276.2,22.0,-0.182,1.443,0.104,-0.216,1.534,-0.229,World,Refrigerator03,17.8,29.2,0.593,0.606,0,0,None,None,1,0,0,0,0.2069,0.0145,0.347,0.000,0
7.01,Sindhu,AUIT_Multi,CAB,0.370,1.540,-0.085,275.7,19.4,-0.188,1.428,0.082,-0.216,1.537,-0.229,World,Quad,13.6,27.0,0.593,0.603,0,0,None,None,1,0,0,0,0.2885,0.0337,0.330,0.000,0
7.11,Sindhu,AUIT_Multi,CAB,0.367,1.542,-0.086,274.9,17.8,-0.192,1.417,0.061,-0.216,1.541,-0.229,World,Quad,11.0,25.5,0.592,0.601,0,0,None,None,1,0,0,0,0.2403,0.0319,0.316,0.000,0
7.21,Sindhu,AUIT_Multi,CAB,0.365,1.541,-0.086,274.2,18.2,-0.197,1.404,0.039,-0.216,1.542,-0.229,World,Quad,9.4,25.4,0.592,0.598,0,0,None,None,1,0,0,0,0.2526,0.0139,0.302,0.000,0
7.30,Sindhu,AUIT_Multi,CAB,0.364,1.541,-0.086,274.6,18.7,-0.157,1.512,0.106,-0.216,1.541,-0.229,World,Refrigerator03,21.9,26.0,0.556,0.597,0,0,None,None,1,0,0,0,1.4840,0.0061,0.342,0.000,0
7.40,Sindhu,AUIT_Multi,CAB,0.363,1.541,-0.086,275.4,18.7,-0.157,1.537,0.137,-0.216,1.541,-0.229,World,Milk,25.3,26.6,0.566,0.597,0,0,None,None,0,0,0,0,0.4011,0.0087,0.371,0.000,0
7.51,Sindhu,AUIT_Multi,CAB,0.362,1.541,-0.086,276.5,18.4,-0.159,1.541,0.161,-0.216,1.541,-0.229,World,Milk,26.1,27.2,0.576,0.595,0,0,None,None,0,0,0,0,0.2126,0.0028,0.394,0.000,0
7.61,Sindhu,AUIT_Multi,CAB,0.359,1.541,-0.087,277.2,18.6,-0.160,1.541,0.178,-0.216,1.541,-0.229,World,Milk,27.0,27.7,0.583,0.592,0,0,None,None,0,0,0,0,0.1817,0.0033,0.411,0.000,0
7.71,Sindhu,AUIT_Multi,CAB,0.355,1.541,-0.087,278.3,19.2,-0.161,1.541,0.193,-0.216,1.541,-0.229,World,Milk,27.6,29.0,0.588,0.589,0,0,None,None,0,0,0,0,0.1537,0.0012,0.426,0.000,0
7.80,Sindhu,AUIT_Multi,CAB,0.352,1.540,-0.087,281.3,20.4,-0.164,1.541,0.231,-0.216,1.541,-0.229,World,Milk,28.5,32.2,0.607,0.586,0,0,None,None,0,0,0,0,0.3885,0.0035,0.463,0.000,0
7.90,Sindhu,AUIT_Multi,CAB,0.349,1.539,-0.087,287.2,21.7,-0.168,1.540,0.304,-0.216,1.540,-0.210,World,Milk,29.1,36.1,0.648,0.578,0,0,None,None,0,0,0,0,0.7532,0.1922,0.516,0.000,0
8.01,Sindhu,AUIT_Multi,CAB,0.348,1.539,-0.089,295.9,22.7,-0.174,1.539,0.425,-0.223,1.539,-0.145,World,Refrigerator03,29.1,38.1,0.733,0.574,0,0,None,None,0,0,0,0,1.0802,0.5874,0.572,0.000,0
8.11,Sindhu,AUIT_Multi,CAB,0.350,1.537,-0.092,305.9,23.6,-0.032,1.539,0.389,-0.296,1.539,-0.061,World,Refrigerator03,28.2,40.1,0.614,0.647,0,0,None,None,0,0,0,0,1.5247,1.1513,0.522,0.000,0
8.21,Sindhu,AUIT_Multi,CAB,0.357,1.532,-0.092,317.4,24.9,0.078,1.536,0.429,-0.317,1.536,0.057,World,Refrigerator03_Door01,28.9,42.1,0.592,0.691,0,0,None,None,0,0,0,0,1.2008,1.2387,0.543,0.000,0
8.30,Sindhu,AUIT_Multi,CAB,0.368,1.530,-0.091,328.6,25.7,0.205,1.532,0.412,-0.323,1.532,0.213,World,Refrigerator03_Door01,29.0,42.4,0.528,0.755,0,0,None,None,0,0,0,0,1.3262,1.6036,0.565,0.000,0
8.40,Sindhu,AUIT_Multi,CAB,0.386,1.528,-0.090,337.6,25.4,0.318,1.530,0.395,-0.328,1.530,0.395,World,CabinetD04,29.2,41.1,0.490,0.863,0,0,None,None,0,0,0,0,1.1591,1.8601,0.646,0.000,0
8.51,Sindhu,AUIT_Multi,CAB,0.412,1.529,-0.092,345.2,24.9,0.427,1.529,0.413,-0.308,1.529,0.593,World,CabinetD03,29.5,39.4,0.505,0.994,0,0,None,None,0,0,0,0,1.0049,1.8031,0.757,0.000,0
8.61,Sindhu,AUIT_Multi,CAB,0.441,1.530,-0.093,350.1,24.2,0.508,1.529,0.400,-0.254,1.529,0.727,World,CabinetD03,29.5,38.0,0.497,1.074,0,0,None,None,0,0,0,0,0.8343,1.4784,0.828,0.000,0
8.71,Sindhu,AUIT_Multi,CAB,0.473,1.530,-0.089,354.5,23.9,0.563,1.530,0.345,-0.217,1.530,0.874,World,CabinetD02,29.1,37.8,0.444,1.185,0,0,None,None,0,0,0,0,0.7994,1.5608,0.942,0.000,0
8.81,Sindhu,AUIT_Multi,CAB,0.507,1.531,-0.082,357.9,25.0,0.644,1.530,0.377,-0.083,1.501,0.860,World,CabinetD02,30.8,37.2,0.479,1.111,0,0,None,None,0,0,0,0,0.8930,1.4021,0.873,0.000,0
8.90,Sindhu,AUIT_Multi,CAB,0.542,1.528,-0.072,1.1,26.3,0.675,1.531,0.306,0.100,1.438,0.730,World,CabinetD02,31.9,35.2,0.401,0.921,0,0,None,None,0,0,0,0,0.7952,2.3838,0.721,0.000,0
9.00,Sindhu,AUIT_Multi,CAB,0.576,1.526,-0.062,4.6,27.4,0.729,1.528,0.299,0.285,1.374,0.601,World,CabinetD01,32.8,30.7,0.392,0.741,0,0,None,None,0,0,0,0,0.5592,2.4101,0.559,0.000,0
9.11,Sindhu,AUIT_Multi,CAB,0.610,1.525,-0.051,7.8,27.4,0.792,1.526,0.298,0.211,1.503,1.006,World,CabinetD01,33.4,38.0,0.393,1.130,0,0,None,None,0,0,0,0,0.5755,3.9218,0.917,0.000,0
9.21,Sindhu,AUIT_Multi,CAB,0.633,1.524,-0.040,9.5,28.1,0.831,1.525,0.289,0.264,1.522,1.089,World,CabinetD01,35.0,38.5,0.384,1.188,0,0,None,None,0,0,0,0,0.4080,1.0284,0.981,0.000,0
9.31,Sindhu,AUIT_Multi,CAB,0.649,1.524,-0.029,10.2,28.7,0.843,1.518,0.285,0.335,1.497,1.050,World,CabinetD01,34.7,37.2,0.369,1.124,0,0,None,None,0,0,0,0,0.1448,0.8636,0.919,0.000,0
9.40,Sindhu,AUIT_Multi,CAB,0.661,1.519,-0.018,9.4,31.3,0.825,1.499,0.291,0.445,1.410,0.855,World,CabinetD01,33.0,32.7,0.351,0.907,0,0,None,None,0,0,0,0,0.2833,2.4872,0.686,0.000,0
9.51,Sindhu,AUIT_Multi,CAB,0.673,1.510,-0.006,8.5,37.2,0.802,1.477,0.309,0.586,1.312,0.642,World,CabinetD01,34.2,24.9,0.342,0.683,0,0,None,None,0,1,0,0,0.3249,2.4718,0.430,0.000,0
9.61,Sindhu,AUIT_Multi,CAB,0.681,1.500,0.000,6.1,41.8,0.786,1.457,0.329,0.541,1.454,1.043,World,CabinetD01,36.2,41.2,0.348,1.054,0,0,None,None,0,0,0,0,0.3428,4.4109,0.755,0.000,0
9.71,Sindhu,AUIT_Multi,CAB,0.684,1.495,0.006,2.3,43.8,0.794,1.437,0.426,0.484,1.492,1.163,World,Floor,37.8,44.9,0.438,1.174,0,0,None,None,0,0,0,0,1.0134,1.4134,0.802,0.000,0
9.80,Sindhu,AUIT_Multi,CAB,0.684,1.496,0.010,358.5,43.2,0.771,1.419,0.452,0.412,1.495,1.172,World,CabinetD01,35.3,44.5,0.456,1.193,0,0,None,None,0,0,0,0,0.4087,0.7482,0.808,0.000,0
9.90,Sindhu,AUIT_Multi,CAB,0.685,1.497,0.015,356.6,42.9,0.742,1.399,0.451,0.345,1.496,1.161,World,CabinetD02,31.8,44.5,0.450,1.195,0,0,None,None,0,0,0,0,0.3549,0.6984,0.820,0.000,0
10.01,Sindhu,AUIT_Multi,CAB,0.685,1.498,0.024,355.5,42.5,0.709,1.378,0.408,0.305,1.497,1.155,World,CabinetD02,26.1,44.2,0.403,1.194,0,0,None,None,0,0,0,0,0.5237,0.3618,0.858,0.000,0
10.11,Sindhu,AUIT_Multi,CAB,0.682,1.505,0.030,354.6,39.8,0.692,1.364,0.426,0.282,1.500,1.155,World,CabinetD02,21.1,41.6,0.420,1.194,0,0,None,None,1,0,0,0,0.2964,0.2416,0.847,0.000,0
10.21,Sindhu,AUIT_Multi,CAB,0.676,1.512,0.033,353.8,36.1,0.666,1.344,0.398,0.262,1.506,1.155,World,CabinetD02,12.0,38.1,0.402,1.195,0,0,None,None,1,0,0,0,0.4394,0.2091,0.872,0.000,0
10.30,Sindhu,AUIT_Multi,CAB,0.667,1.520,0.037,353.7,31.7,0.700,1.419,0.477,0.243,1.513,1.153,World,CabinetD02,21.2,34.3,0.453,1.194,0,0,None,None,1,0,0,0,1.1649,0.2122,0.821,0.000,0
10.40,Sindhu,AUIT_Multi,CAB,0.654,1.526,0.044,353.6,27.8,0.732,1.506,0.523,0.228,1.521,1.156,World,CabinetD02,29.5,30.9,0.486,1.190,0,0,None,None,0,0,0,0,1.0733,0.1767,0.809,0.000,0
10.50,Sindhu,AUIT_Multi,CAB,0.637,1.529,0.056,353.9,24.8,0.734,1.524,0.529,0.194,1.526,1.155,World,CabinetD02,29.7,29.1,0.482,1.185,0,0,None,None,0,0,0,0,0.1898,0.3549,0.827,0.000,0
10.61,Sindhu,AUIT_Multi,CAB,0.614,1.533,0.078,355.2,22.1,0.739,1.529,0.552,0.149,1.530,1.160,World,CabinetD02,28.8,28.4,0.490,1.177,0,0,None,None,0,0,0,0,0.2181,0.4059,0.847,0.000,0
10.71,Sindhu,AUIT_Multi,CAB,0.588,1.535,0.100,354.1,19.9,0.753,1.533,0.600,0.093,1.533,1.163,World,CabinetD02,30.7,27.3,0.526,1.173,0,0,None,None,0,0,0,0,0.5118,0.5693,0.867,0.000,0
10.81,Sindhu,AUIT_Multi,CAB,0.562,1.536,0.119,351.3,19.6,0.773,1.535,0.699,-0.019,1.535,1.137,World,Milk,34.2,28.4,0.617,1.173,0,0,None,None,0,0,0,0,1.0553,1.2052,0.906,0.000,0
10.90,Sindhu,AUIT_Multi,CAB,0.540,1.536,0.137,348.8,19.1,0.743,1.536,0.775,-0.109,1.536,1.116,World,Milk,34.2,29.1,0.669,1.174,0,0,None,None,0,0,0,0,0.8410,0.9524,0.918,0.000,0
11.01,Sindhu,AUIT_Multi,CAB,0.523,1.532,0.158,348.5,19.8,0.713,1.535,0.857,-0.170,1.535,1.111,World,Milk,33.0,31.2,0.724,1.178,0,0,None,None,0,0,0,0,0.7790,0.5430,0.919,0.000,0
11.11,Sindhu,AUIT_Multi,CAB,0.514,1.530,0.178,349.3,20.8,0.732,1.532,1.023,-0.188,1.532,1.127,World,CabinetD02,32.3,32.7,0.873,1.181,0,0,None,None,0,0,0,0,1.7392,0.2525,0.927,0.000,0
11.21,Sindhu,AUIT_Multi,CAB,0.511,1.530,0.199,351.4,21.1,0.748,1.530,1.072,-0.180,1.530,1.159,World,CabinetD02,31.4,33.9,0.904,1.182,0,0,None,None,0,0,0,0,0.5213,0.3435,0.932,0.000,0
11.31,Sindhu,AUIT_Multi,CAB,0.513,1.531,0.224,354.4,21.1,0.773,1.531,1.069,-0.145,1.531,1.206,World,CabinetD02,30.6,34.7,0.885,1.182,0,0,None,None,0,0,0,0,0.2636,0.5965,0.929,0.000,0
11.40,Sindhu,AUIT_Multi,CAB,0.520,1.530,0.253,356.9,21.9,0.807,1.531,1.050,-0.093,1.531,1.262,World,CabinetD02,31.3,35.1,0.847,1.180,0,0,None,None,0,0,0,0,0.3993,0.7900,0.924,0.000,0
11.50,Sindhu,AUIT_Multi,CAB,0.530,1.528,0.288,359.2,22.4,0.838,1.530,1.041,-0.031,1.530,1.297,World,CabinetD02,31.8,35.5,0.814,1.155,0,0,None,None,0,0,0,0,0.3353,0.7320,0.906,0.000,0
11.61,Sindhu,AUIT_Multi,CAB,0.548,1.535,0.326,2.8,25.2,0.878,1.529,1.032,0.096,1.529,1.233,World,CabinetD01,32.8,37.7,0.779,1.013,0,0,None,None,0,0,0,0,0.3664,1.2754,0.807,0.000,0
11.71,Sindhu,AUIT_Multi,CAB,0.562,1.536,0.357,4.1,24.6,0.917,1.534,1.028,0.168,1.534,1.262,World,CabinetD01,33.6,36.3,0.759,0.986,0,0,None,None,0,0,0,0,0.4050,0.8009,0.784,0.000,0
11.81,Sindhu,AUIT_Multi,CAB,0.573,1.533,0.386,6.0,26.2,0.937,1.535,1.026,0.183,1.535,1.369,World,CabinetD01,34.8,37.4,0.736,1.058,0,0,None,None,0,0,0,0,0.2049,1.1179,0.828,0.000,0
11.90,Sindhu,AUIT_Multi,CAB,0.584,1.532,0.411,8.6,27.0,0.907,1.533,0.935,0.302,1.504,1.249,World,CabinetD01,35.0,36.3,0.615,0.885,0,0,None,None,0,0,0,0,0.9732,1.7480,0.682,0.000,0
12.00,Sindhu,AUIT_Multi,CAB,0.596,1.533,0.434,10.5,25.7,0.912,1.533,0.910,0.465,1.465,1.038,World,CabinetD01,34.0,29.2,0.571,0.622,0,0,None,None,0,0,0,0,0.2598,2.7871,0.470,0.000,0
12.11,Sindhu,AUIT_Multi,CAB,0.609,1.528,0.455,11.5,26.3,0.913,1.532,0.911,0.528,1.464,1.108,World,CabinetDCorner01,34.2,27.3,0.547,0.661,0,0,None,None,0,0,0,0,0.0107,0.8449,0.438,0.000,0
12.21,Sindhu,AUIT_Multi,CAB,0.620,1.525,0.469,12.5,26.9,0.922,1.528,0.919,0.419,1.517,1.553,World,CabinetDCorner01,34.1,34.5,0.542,1.102,0,0,None,None,0,0,0,0,0.1375,4.7378,0.809,0.000,0
12.31,Sindhu,AUIT_Multi,CAB,0.630,1.526,0.481,13.4,26.3,0.950,1.526,0.923,0.403,1.525,1.639,World,CabinetD01,34.1,35.3,0.546,1.180,0,0,None,None,0,0,0,0,0.2915,0.9000,0.901,0.000,0
12.40,Sindhu,AUIT_Multi,CAB,0.637,1.530,0.489,13.7,24.4,0.949,1.521,0.925,0.470,1.498,1.537,World,CabinetDCorner01,31.5,31.6,0.537,1.062,0,0,None,None,0,0,0,0,0.0648,1.2836,0.777,0.000,0
12.50,Sindhu,AUIT_Multi,CAB,0.645,1.536,0.496,13.0,22.0,0.924,1.512,0.928,0.588,1.454,1.350,World,CabinetDCorner01,27.3,23.2,0.516,0.861,0,0,None,None,0,1,0,1,0.2702,2.2951,0.542,0.000,0
12.61,Sindhu,AUIT_Multi,CAB,0.651,1.538,0.501,11.2,21.2,0.898,1.501,0.932,0.627,1.456,1.357,World,CabinetDCorner01,24.7,20.1,0.498,0.860,0,0,None,None,1,1,0,1,0.2568,0.3544,0.506,0.000,0
12.71,Sindhu,AUIT_Multi,CAB,0.657,1.538,0.500,10.6,21.6,0.875,1.492,0.935,0.538,1.525,1.638,World,CabinetDCorner01,22.3,26.5,0.489,1.144,0,0,None,None,1,0,0,0,0.2592,3.0840,0.780,0.000,0
12.81,Sindhu,AUIT_Multi,CAB,0.662,1.533,0.498,10.7,23.7,0.856,1.482,0.935,0.531,1.535,1.685,World,CabinetDCorner01,21.6,29.0,0.481,1.195,0,0,None,None,1,0,0,0,0.2199,0.5051,0.819,0.000,0
12.90,Sindhu,AUIT_Multi,CAB,0.669,1.524,0.498,11.0,28.4,0.837,1.471,0.933,0.531,1.532,1.690,World,CabinetDCorner01,23.8,33.3,0.469,1.200,0,0,None,None,1,0,0,0,0.2291,0.0603,0.818,0.000,0
13.00,Sindhu,AUIT_Multi,CAB,0.676,1.516,0.503,11.0,32.4,0.816,1.459,0.932,0.531,1.523,1.691,World,CabinetD01,26.1,36.9,0.454,1.197,0,0,None,None,0,0,0,0,0.2364,0.0869,0.814,0.000,0
13.11,Sindhu,AUIT_Multi,CAB,0.681,1.514,0.509,11.1,33.1,0.793,1.447,0.930,0.530,1.516,1.695,World,CabinetD01,24.6,37.4,0.440,1.196,0,0,None,None,1,0,0,0,0.2387,0.0750,0.812,0.000,0
13.21,Sindhu,AUIT_Multi,CAB,0.685,1.514,0.514,9.7,32.4,0.775,1.439,0.934,0.529,1.515,1.700,World,CabinetD01,22.7,36.3,0.436,1.196,0,0,None,None,1,0,0,0,0.2049,0.0496,0.808,0.592,0
13.31,Sindhu,AUIT_Multi,CAB,0.685,1.515,0.520,8.1,32.1,0.748,1.429,0.936,0.536,1.514,1.649,World,CabinetD01,20.5,35.3,0.430,1.139,0,0,None,None,1,0,0,0,0.3050,0.5309,0.748,0.000,0
13.40,Sindhu,AUIT_Multi,CAB,0.681,1.519,0.529,7.3,30.1,0.857,1.487,1.022,0.538,1.516,1.630,World,CabinetD01,29.1,33.0,0.525,1.111,0,0,None,None,0,0,0,0,1.5514,0.1914,0.687,0.000,0
13.50,Sindhu,AUIT_Multi,CAB,0.674,1.524,0.543,7.0,27.4,0.890,1.516,1.053,0.529,1.520,1.628,World,CabinetD01,30.6,30.6,0.553,1.094,0,0,None,None,0,0,0,0,0.5399,0.1033,0.679,0.000,0
13.61,Sindhu,AUIT_Multi,CAB,0.660,1.528,0.566,7.4,25.3,0.897,1.525,1.069,0.492,1.525,1.629,World,CabinetDCorner01,30.3,29.7,0.556,1.076,0,0,None,None,0,0,0,0,0.1797,0.3395,0.691,0.000,0
13.71,Sindhu,AUIT_Multi,CAB,0.647,1.527,0.590,8.9,23.7,0.903,1.527,1.082,0.471,1.527,1.630,World,CabinetDCorner01,29.8,29.8,0.555,1.054,0,0,None,None,0,0,0,0,0.1532,0.2125,0.697,0.000,0
13.81,Sindhu,AUIT_Multi,CAB,0.628,1.527,0.620,9.4,22.9,0.912,1.527,1.099,0.458,1.527,1.630,World,CabinetDCorner01,30.8,29.4,0.557,1.024,0,0,None,None,0,0,0,0,0.1893,0.1310,0.699,0.000,0
13.90,Sindhu,AUIT_Multi,CAB,0.605,1.527,0.657,8.7,21.9,0.921,1.527,1.114,0.396,1.527,1.632,World,CabinetDCorner01,33.5,29.8,0.556,0.997,0,0,None,None,0,0,0,0,0.1827,0.6536,0.738,0.000,0
14.00,Sindhu,AUIT_Multi,CAB,0.580,1.529,0.697,7.2,21.7,0.910,1.528,1.138,0.325,1.528,1.634,World,Wall4m,36.0,30.8,0.551,0.972,0,0,None,None,0,0,0,0,0.2725,0.7288,0.768,0.000,0
14.11,Sindhu,AUIT_Multi,CAB,0.551,1.527,0.740,2.1,22.5,0.872,1.528,1.207,0.253,1.528,1.636,World,Wall4m,38.9,30.1,0.566,0.944,0,0,None,None,0,0,0,0,0.7133,0.6507,0.753,0.000,0
14.21,Sindhu,AUIT_Multi,CAB,0.530,1.524,0.775,358.9,23.2,0.843,1.526,1.333,0.202,1.526,1.556,World,Wall4m,37.8,31.4,0.641,0.847,0,0,None,None,0,0,0,0,1.3321,0.9741,0.678,0.000,0
14.31,Sindhu,AUIT_Multi,CAB,0.516,1.523,0.804,358.5,24.8,0.815,1.524,1.420,0.192,1.524,1.476,World,CabinetD02,36.4,34.2,0.685,0.746,0,0,None,None,0,0,0,0,0.9200,0.8222,0.626,0.000,0
14.40,Sindhu,AUIT_Multi,CAB,0.512,1.521,0.830,0.6,25.9,0.789,1.523,1.415,0.187,1.523,1.486,World,CabinetD02,35.3,36.7,0.648,0.732,0,0,None,None,0,0,0,0,0.2774,0.1172,0.606,0.000,0
14.50,Sindhu,AUIT_Multi,CAB,0.517,1.520,0.854,3.9,27.1,0.771,1.514,1.399,0.310,1.479,1.441,World,CabinetD02,33.3,32.3,0.602,0.624,0,0,None,None,0,0,0,0,0.2579,1.4037,0.464,0.000,0
14.61,Sindhu,AUIT_Multi,CAB,0.535,1.518,0.881,8.9,28.9,0.745,1.504,1.381,0.471,1.431,1.370,World,CabinetD01,30.6,24.3,0.542,0.500,0,0,None,None,0,1,0,0,0.3012,1.6533,0.284,0.000,0
14.71,Sindhu,AUIT_Multi,CAB,0.557,1.516,0.903,12.8,30.3,0.729,1.496,1.351,0.486,1.485,1.554,World,CabinetD01,28.9,32.9,0.480,0.655,0,0,None,None,0,0,0,0,0.3558,1.9748,0.317,0.000,0
14.81,Sindhu,AUIT_Multi,CAB,0.581,1.518,0.927,15.0,30.3,0.712,1.488,1.310,0.478,1.512,1.631,World,CabinetDCorner01,26.4,37.1,0.406,0.711,0,0,None,None,0,0,0,0,0.4620,0.8435,0.398,0.000,0
14.90,Sindhu,AUIT_Multi,CAB,0.604,1.519,0.948,15.5,30.3,0.690,1.480,1.284,0.477,1.518,1.641,World,CabinetDCorner01,23.8,39.0,0.348,0.704,0,0,None,None,1,0,0,0,0.3702,0.1202,0.418,0.000,0
15.00,Sindhu,AUIT_Multi,CAB,0.627,1.520,0.967,16.4,30.6,0.674,1.473,1.262,0.495,1.519,1.643,World,CabinetDCorner01,22.7,40.2,0.302,0.688,0,0,None,None,1,0,0,0,0.2813,0.1887,0.423,1.000,0
15.11,Sindhu,AUIT_Multi,CAB,0.651,1.519,0.985,17.5,31.3,0.652,1.464,1.237,0.533,1.520,1.644,World,CabinetDCorner01,24.5,40.7,0.259,0.670,0,0,None,None,1,0,0,0,0.3128,0.3448,0.428,0.000,0
15.21,Sindhu,AUIT_Multi,CAB,0.669,1.520,0.996,17.5,31.1,0.632,1.456,1.217,0.562,1.520,1.656,World,CabinetDCorner01,28.7,40.0,0.233,0.669,0,0,None,None,0,0,0,0,0.3053,0.3195,0.450,0.000,0
15.31,Sindhu,AUIT_Multi,CAB,0.684,1.518,1.005,17.3,30.8,0.615,1.448,1.197,0.577,1.519,1.696,World,CabinetDCorner01,35.6,39.7,0.215,0.699,0,0,None,None,0,0,0,0,0.2846,0.4337,0.506,0.000,0
15.40,Sindhu,AUIT_Multi,CAB,0.697,1.516,1.013,17.4,31.8,0.655,1.453,1.196,0.582,1.518,1.773,World,CabinetDCorner01,30.4,40.3,0.197,0.768,0,0,None,None,0,0,0,0,0.4133,0.7951,0.585,0.000,0
15.50,Sindhu,AUIT_Multi,CAB,0.706,1.515,1.021,16.8,32.0,0.756,1.460,1.246,0.635,1.480,1.668,World,CabinetDCorner01,19.2,36.1,0.238,0.653,0,0,None,None,1,0,0,0,1.1474,1.2494,0.439,0.773,0
15.61,Sindhu,AUIT_Multi,CAB,0.714,1.515,1.027,15.9,32.2,0.771,1.439,1.297,0.720,1.422,1.504,World,CabinetDCorner01,17.3,25.4,0.286,0.486,0,0,None,None,1,0,0,0,0.5151,1.7638,0.215,0.625,0
15.71,Sindhu,AUIT_Multi,CAB,0.719,1.515,1.034,15.1,31.8,0.786,1.422,1.332,0.754,1.429,1.487,World,CabinetDCorner01,15.1,23.3,0.319,0.463,0,0,None,None,1,1,0,0,0.4311,0.3977,0.159,0.806,0
15.81,Sindhu,AUIT_Multi,CAB,0.722,1.516,1.041,14.4,32.1,0.797,1.403,1.364,0.725,1.501,1.621,World,CabinetDCorner01,13.4,33.4,0.351,0.581,0,0,None,None,1,0,0,0,0.4008,1.5765,0.284,0.000,0
15.90,Sindhu,AUIT_Multi,CAB,0.724,1.516,1.049,13.2,31.9,0.810,1.385,1.398,0.714,1.514,1.643,World,CabinetDCorner01,11.9,34.4,0.383,0.595,0,0,None,None,1,0,0,0,0.4208,0.2837,0.293,0.000,0
16.00,Sindhu,AUIT_Multi,CAB,0.726,1.516,1.055,12.8,31.9,0.823,1.366,1.432,0.706,1.516,1.646,World,CabinetDCorner01,10.9,34.8,0.417,0.591,0,0,None,None,1,0,0,0,0.4173,0.0926,0.286,0.000,0
16.11,Sindhu,AUIT_Multi,CAB,0.727,1.516,1.059,12.7,31.7,0.839,1.346,1.466,0.703,1.516,1.646,World,CabinetDCorner01,10.1,34.8,0.455,0.587,0,0,None,None,1,0,0,0,0.3832,0.0220,0.282,0.000,0
16.21,Sindhu,AUIT_Multi,CAB,0.729,1.516,1.061,12.2,31.5,0.852,1.328,1.497,0.703,1.516,1.646,World,Quad,9.4,34.4,0.491,0.585,0,0,None,None,1,0,0,0,0.3928,0.0083,0.282,0.000,0
16.31,Sindhu,AUIT_Multi,CAB,0.731,1.517,1.063,11.7,31.1,0.865,1.311,1.527,0.700,1.517,1.646,World,Quad,9.0,34.1,0.525,0.584,0,0,None,None,1,0,0,0,0.3774,0.0252,0.289,0.000,0
16.40,Sindhu,AUIT_Multi,CAB,0.731,1.518,1.062,11.0,30.4,0.878,1.291,1.560,0.696,1.517,1.646,World,Quad,8.3,33.3,0.567,0.585,0,0,None,None,1,0,0,0,0.4251,0.0405,0.303,0.000,0
16.50,Sindhu,AUIT_Multi,CAB,0.731,1.520,1.060,10.5,29.2,0.863,1.462,1.383,0.690,1.519,1.646,World,CabinetDCorner01,22.7,32.2,0.354,0.587,0,0,None,None,1,0,0,0,2.5466,0.0703,0.320,0.000,0
16.61,Sindhu,AUIT_Multi,CAB,0.731,1.521,1.057,11.1,28.7,0.893,1.515,1.400,0.687,1.520,1.646,World,CabinetDCorner01,30.9,32.3,0.379,0.590,0,0,None,None,0,0,0,0,0.5534,0.0322,0.321,0.000,0
16.71,Sindhu,AUIT_Multi,CAB,0.731,1.521,1.055,11.7,28.4,0.895,1.520,1.383,0.687,1.521,1.646,World,CabinetDCorner01,31.7,32.3,0.367,0.593,0,0,None,None,0,0,0,0,0.1855,0.0053,0.336,0.000,0
16.81,Sindhu,AUIT_Multi,CAB,0.731,1.520,1.052,11.8,28.6,0.898,1.521,1.373,0.687,1.521,1.646,World,CabinetDCorner01,32.5,32.6,0.362,0.596,0,0,None,None,0,0,0,0,0.1066,0.0027,0.346,0.000,0
16.91,Sindhu,AUIT_Multi,CAB,0.730,1.519,1.051,12.0,28.7,0.900,1.520,1.372,0.687,1.520,1.646,World,CabinetDCorner01,32.5,32.7,0.363,0.597,0,0,None,None,0,0,0,0,0.0219,0.0090,0.347,0.000,0
17.00,Sindhu,AUIT_Multi,CAB,0.730,1.519,1.050,12.0,28.3,0.901,1.519,1.370,0.687,1.519,1.646,World,CabinetDCorner01,32.2,32.3,0.363,0.598,0,0,None,None,0,0,0,0,0.0211,0.0042,0.349,0.000,0
17.11,Sindhu,AUIT_Multi,CAB,0.729,1.519,1.049,12.2,28.1,0.901,1.519,1.367,0.687,1.519,1.646,World,CabinetDCorner01,32.1,32.2,0.361,0.598,0,0,None,None,0,0,0,0,0.0250,0.0009,0.351,0.000,0
17.21,Sindhu,AUIT_Multi,CAB,0.728,1.517,1.046,12.3,28.7,0.901,1.518,1.364,0.687,1.518,1.646,World,CabinetDCorner01,32.8,32.7,0.362,0.601,0,0,None,None,0,0,0,0,0.0367,0.0107,0.354,0.000,0
17.31,Sindhu,AUIT_Multi,CAB,0.725,1.517,1.043,10.9,28.7,0.901,1.517,1.363,0.678,1.517,1.646,World,CabinetDCorner01,33.5,32.3,0.365,0.604,0,0,None,None,0,0,0,0,0.0112,0.0933,0.360,0.000,0
17.40,Sindhu,AUIT_Multi,CAB,0.721,1.518,1.041,9.5,28.3,0.900,1.517,1.362,0.633,1.517,1.717,World,CabinetDCorner01,34.0,32.6,0.368,0.682,0,0,None,None,0,0,0,0,0.0176,0.8723,0.444,0.000,0
17.50,Sindhu,AUIT_Multi,CAB,0.720,1.518,1.037,9.2,28.3,0.899,1.518,1.361,0.594,1.518,1.771,World,CabinetDCorner01,34.1,33.6,0.370,0.744,0,0,None,None,0,0,0,0,0.0169,0.6823,0.511,0.000,0
17.61,Sindhu,AUIT_Multi,CAB,0.718,1.518,1.034,9.2,28.3,0.898,1.518,1.359,0.588,1.518,1.740,World,CabinetDCorner01,34.1,34.0,0.372,0.718,0,0,None,None,0,0,0,0,0.0129,0.2765,0.492,0.000,0
17.71,Sindhu,AUIT_Multi,CAB,0.717,1.518,1.032,9.6,28.1,0.898,1.518,1.356,0.587,1.518,1.741,World,CabinetDCorner01,33.7,34.0,0.371,0.721,0,0,None,None,0,0,0,0,0.0298,0.0129,0.494,0.000,0
17.81,Sindhu,AUIT_Multi,CAB,0.716,1.519,1.031,10.1,27.4,0.898,1.518,1.349,0.586,1.518,1.742,World,CabinetDCorner01,33.2,33.7,0.367,0.723,0,0,None,None,0,0,0,0,0.0784,0.0144,0.502,0.000,0
17.90,Sindhu,AUIT_Multi,CAB,0.714,1.518,1.029,10.5,26.9,0.899,1.518,1.340,0.586,1.518,1.743,World,CabinetDCorner01,33.2,33.4,0.362,0.725,0,0,None,None,0,0,0,0,0.0878,0.0069,0.509,0.000,0
18.00,Sindhu,AUIT_Multi,CAB,0.713,1.518,1.026,11.3,26.9,0.900,1.518,1.332,0.586,1.518,1.743,World,CabinetDCorner01,33.1,33.8,0.358,0.728,0,0,None,None,0,0,0,0,0.0845,0.0071,0.517,0.000,0
18.11,Sindhu,AUIT_Multi,CAB,0.712,1.518,1.024,11.9,26.9,0.902,1.518,1.318,0.586,1.518,1.744,World,CabinetDCorner01,33.7,34.1,0.350,0.731,0,0,None,None,0,0,0,0,0.1289,0.0049,0.530,0.000,0
18.21,Sindhu,AUIT_Multi,CAB,0.710,1.518,1.022,12.4,26.8,0.903,1.518,1.310,0.586,1.518,1.744,World,CabinetDCorner01,33.8,34.3,0.347,0.733,0,0,None,None,0,0,0,0,0.0877,0.0064,0.538,0.000,0
18.31,Sindhu,AUIT_Multi,CAB,0.708,1.518,1.019,12.1,26.8,0.905,1.518,1.307,0.586,1.518,1.739,World,CabinetDCorner01,34.3,34.0,0.349,0.730,0,0,None,None,0,0,0,0,0.0304,0.0486,0.537,0.000,0
18.40,Sindhu,AUIT_Multi,CAB,0.706,1.517,1.017,11.7,27.0,0.905,1.517,1.307,0.585,1.517,1.696,World,CabinetDCorner01,34.9,34.2,0.352,0.690,0,0,None,None,0,0,0,0,0.0040,0.4416,0.504,0.000,0
18.50,Sindhu,AUIT_Multi,CAB,0.704,1.517,1.015,11.4,27.1,0.904,1.517,1.306,0.577,1.517,1.666,World,CabinetDCorner01,35.1,34.6,0.354,0.664,0,0,None,None,0,0,0,0,0.0126,0.3217,0.487,0.000,0
18.61,Sindhu,AUIT_Multi,CAB,0.701,1.516,1.011,10.7,27.4,0.903,1.517,1.305,0.566,1.517,1.653,World,CabinetDCorner01,35.8,35.0,0.357,0.656,0,0,None,None,0,0,0,0,0.0123,0.1551,0.485,0.000,0
18.71,Sindhu,AUIT_Multi,CAB,0.697,1.517,1.010,8.6,27.5,0.903,1.517,1.304,0.545,1.517,1.648,World,CabinetDCorner01,37.3,34.7,0.359,0.656,0,0,None,None,0,0,0,0,0.0086,0.2246,0.496,0.000,0
18.81,Sindhu,AUIT_Multi,CAB,0.685,1.518,1.010,359.2,27.1,0.903,1.517,1.349,0.488,1.517,1.648,World,Wall4m,42.0,31.3,0.404,0.668,0,0,None,None,0,0,0,0,0.4558,0.5731,0.511,0.000,0
18.90,Sindhu,AUIT_Multi,CAB,0.663,1.521,1.007,340.9,26.2,0.856,1.519,1.475,0.328,1.519,1.642,World,Wall4m,47.7,27.4,0.507,0.718,0,0,None,None,0,0,0,0,1.4041,1.6739,0.553,0.000,0
19.00,Sindhu,AUIT_Multi,CAB,0.638,1.521,0.991,317.3,26.1,0.682,1.521,1.493,0.222,1.504,1.490,World,EggBowl,52.8,24.7,0.504,0.649,0,0,None,None,0,1,0,0,1.7924,1.9100,0.460,0.000,0
19.11,Sindhu,AUIT_Multi,CAB,0.614,1.523,0.959,288.7,24.9,0.436,1.522,1.426,0.233,1.442,1.367,World,Refrigerator03_Door01,54.6,31.7,0.500,0.564,0,0,None,None,0,0,0,0,2.2924,1.2333,0.226,0.000,0
19.21,Sindhu,AUIT_Multi,CAB,0.605,1.522,0.930,267.4,24.9,0.287,1.523,1.245,0.248,1.389,1.240,World,Refrigerator03_Door01,52.2,41.8,0.448,0.491,0,0,None,None,0,0,0,0,2.4081,1.4279,0.139,1.000,0
19.31,Sindhu,AUIT_Multi,CAB,0.603,1.521,0.904,250.6,24.6,0.008,1.522,1.139,-0.197,1.486,0.501,World,Refrigerator03,46.7,23.5,0.639,0.896,0,0,None,None,0,1,0,1,3.0736,8.9372,0.671,0.000,0
19.41,Sindhu,AUIT_Multi,CAB,0.605,1.519,0.886,241.4,25.6,-0.014,1.521,0.963,-0.210,1.516,0.093,World,Refrigerator03,43.0,29.6,0.623,1.137,0,0,None,None,0,0,0,0,1.8118,4.1785,0.892,0.000,0
19.50,Sindhu,AUIT_Multi,CAB,0.606,1.516,0.877,238.9,26.7,-0.011,1.519,0.854,-0.104,1.508,-0.011,World,Refrigerator03,38.8,32.7,0.617,1.137,0,0,None,None,0,0,0,0,1.1319,1.5465,0.870,0.000,0
19.61,Sindhu,AUIT_Multi,CAB,0.607,1.516,0.872,239.5,27.0,-0.010,1.516,0.816,0.027,1.437,0.276,World,Refrigerator03,36.3,26.0,0.620,0.836,0,0,None,None,0,0,0,0,0.3389,2.9038,0.547,0.000,0
19.71,Sindhu,AUIT_Multi,CAB,0.607,1.516,0.871,242.1,26.8,-0.010,1.516,0.814,0.131,1.376,0.528,World,Refrigerator03,34.5,15.2,0.620,0.603,0,0,None,None,0,1,0,0,0.0245,2.8907,0.348,0.000,0
19.81,Sindhu,AUIT_Multi,CAB,0.606,1.515,0.874,246.2,26.9,-0.010,1.516,0.815,-0.110,1.478,0.129,World,Refrigerator03,32.2,32.8,0.619,1.034,0,0,None,None,0,0,0,0,0.0105,4.9055,0.694,0.000,0
19.91,Sindhu,AUIT_Multi,CAB,0.606,1.516,0.886,254.6,27.1,-0.010,1.516,0.886,-0.218,1.510,0.037,World,Refrigerator03,30.9,39.7,0.616,1.183,0,0,None,None,0,0,0,0,0.7272,1.4849,0.874,0.000,0
20.00,Sindhu,AUIT_Multi,CAB,0.604,1.517,0.910,270.9,26.8,0.014,1.516,1.012,-0.297,1.516,0.192,World,Refrigerator03_Door01,28.0,46.3,0.599,1.152,0,0,None,None,0,0,0,0,1.3264,1.8020,0.877,0.000,0
20.11,Sindhu,AUIT_Multi,CAB,0.610,1.518,0.948,296.1,26.9,0.078,1.497,1.021,-0.090,1.438,0.515,World,Wall4m,30.2,58.9,0.538,0.827,0,0,None,None,0,0,0,0,0.6103,3.5393,0.536,0.000,0
20.21,Sindhu,AUIT_Multi,CAB,0.625,1.519,0.977,319.1,26.9,0.113,1.480,1.066,0.067,1.374,0.795,World,EggBowl,43.8,63.6,0.521,0.604,0,0,None,None,0,0,0,0,0.6026,3.3423,0.294,0.000,0
20.31,Sindhu,AUIT_Multi,CAB,0.643,1.519,1.001,341.7,27.6,0.165,1.463,1.060,0.119,1.446,1.170,World,CabinetD02,64.5,54.5,0.484,0.555,0,0,None,None,0,0,0,0,0.5703,3.9524,0.121,1.000,0
20.40,Sindhu,AUIT_Multi,CAB,0.661,1.517,1.017,1.1,29.0,0.224,1.447,1.061,0.208,1.508,1.507,World,CabinetD01,81.6,50.5,0.445,0.668,0,0,None,None,0,0,0,0,0.6292,3.6538,0.451,1.000,0
20.50,Sindhu,AUIT_Multi,CAB,0.677,1.515,1.024,16.8,31.4,0.251,1.430,1.020,0.407,1.515,1.626,World,MixingBowl,98.5,49.8,0.434,0.660,0,0,None,None,0,0,0,0,0.5343,2.4077,0.632,1.000,0
20.61,Sindhu,AUIT_Multi,CAB,0.683,1.517,1.029,26.7,31.4,0.281,1.411,1.005,0.579,1.458,1.532,World,MixingBowl,106.4,43.7,0.417,0.517,0,0,None,None,0,0,0,0,0.3451,1.8393,0.607,1.000,0
20.71,Sindhu,AUIT_Multi,CAB,0.682,1.517,1.033,30.2,31.7,0.315,1.396,1.003,0.713,1.404,1.439,World,MixingBowl,107.4,28.6,0.388,0.422,0,0,None,None,0,0,0,0,0.3832,1.7589,0.590,1.000,0
20.81,Sindhu,AUIT_Multi,CAB,0.678,1.516,1.037,32.6,32.1,0.306,1.378,1.052,0.931,1.459,1.318,World,MixingBowl,102.6,25.2,0.398,0.382,0,0,None,None,0,0,0,0,0.5428,2.6001,0.685,1.000,0
20.90,Sindhu,AUIT_Multi,CAB,0.674,1.515,1.042,34.0,32.5,0.324,1.360,1.044,1.033,1.507,1.281,World,MixingBowl,102.1,37.8,0.383,0.431,0,0,None,None,0,0,0,0,0.2794,1.2248,0.762,1.000,0
21.00,Sindhu,AUIT_Multi,CAB,0.671,1.514,1.044,35.6,32.6,0.350,1.344,1.044,1.103,1.514,1.300,World,MixingBowl,100.4,39.5,0.364,0.503,0,0,None,None,0,0,0,0,0.3127,0.7545,0.814,1.000,0
21.11,Sindhu,AUIT_Multi,CAB,0.669,1.515,1.046,36.8,32.4,0.522,1.396,1.226,1.058,1.463,1.323,World,MixingBowl,64.9,31.1,0.261,0.481,0,0,None,None,0,0,0,0,2.3232,0.6474,0.550,0.000,0
21.20,Sindhu,AUIT_Multi,CAB,0.669,1.515,1.048,37.8,32.2,0.567,1.397,1.250,0.976,1.414,1.327,World,MixingBowl,55.3,20.6,0.255,0.427,0,0,None,None,0,1,0,0,0.5775,1.0784,0.416,0.000,0
21.30,Sindhu,AUIT_Multi,CAB,0.669,1.515,1.047,38.2,32.3,0.607,1.393,1.261,1.033,1.416,1.344,World,MixingBowl,46.5,23.5,0.254,0.480,0,0,None,None,0,1,0,0,0.4048,0.5773,0.434,0.000,0
21.40,Sindhu,AUIT_Multi,CAB,0.671,1.515,1.047,38.1,32.4,0.649,1.390,1.276,1.261,1.499,1.364,World,MixingBowl,37.5,38.3,0.262,0.670,0,0,None,None,0,0,0,0,0.4521,2.4776,0.628,0.000,0
21.50,Sindhu,AUIT_Multi,CAB,0.674,1.514,1.048,38.0,32.9,0.691,1.388,1.293,1.290,1.513,1.364,World,MixingBowl,29.9,40.3,0.277,0.693,0,0,None,None,0,0,0,0,0.4584,0.3237,0.616,0.000,0
21.61,Sindhu,AUIT_Multi,CAB,0.678,1.513,1.048,38.4,33.3,0.739,1.386,1.313,1.298,1.514,1.363,World,MixingBowl,23.4,40.6,0.301,0.696,0,0,None,None,1,0,0,0,0.4744,0.0711,0.575,0.000,0
21.71,Sindhu,AUIT_Multi,CAB,0.680,1.513,1.048,37.8,33.4,0.782,1.385,1.333,1.299,1.513,1.363,World,MixingBowl,19.0,40.9,0.328,0.694,0,0,None,None,1,0,0,0,0.4837,0.0118,0.533,0.000,0
21.81,Sindhu,AUIT_Multi,CAB,0.679,1.516,1.050,35.1,32.3,0.820,1.380,1.343,1.270,1.514,1.358,World,MixingBowl,12.7,41.2,0.353,0.667,0,0,None,None,1,0,0,0,0.4097,0.2957,0.470,0.000,0
21.90,Sindhu,AUIT_Multi,CAB,0.676,1.518,1.051,31.5,31.1,0.856,1.378,1.360,1.089,1.516,1.289,World,MixingBowl,9.8,41.1,0.384,0.477,0,0,None,None,1,0,0,0,0.4040,1.9697,0.280,0.000,0
22.00,Sindhu,AUIT_Multi,CAB,0.674,1.518,1.051,30.1,31.3,0.893,1.378,1.379,1.015,1.518,1.272,World,MixingBowl,12.2,40.3,0.419,0.407,0,0,None,None,1,0,0,0,0.4342,0.7934,0.214,0.000,0
22.11,Sindhu,AUIT_Multi,CAB,0.672,1.520,1.050,27.0,30.5,0.755,1.484,1.491,0.991,1.518,1.277,World,MixingBowl,30.1,40.0,0.451,0.392,0,0,None,None,0,0,0,0,1.8666,0.2211,0.320,0.000,0
22.21,Sindhu,AUIT_Multi,CAB,0.670,1.519,1.048,24.2,30.3,0.692,1.515,1.503,0.982,1.520,1.295,World,MixingBowl,36.1,40.1,0.455,0.397,0,0,None,None,0,0,0,0,0.7345,0.2009,0.357,0.000,0
22.31,Sindhu,AUIT_Multi,CAB,0.669,1.518,1.047,21.6,30.9,0.662,1.518,1.502,0.981,1.519,1.320,World,MixingBowl,37.6,40.3,0.455,0.415,0,0,None,None,0,0,0,0,0.3029,0.2583,0.367,0.000,0
22.40,Sindhu,AUIT_Multi,CAB,0.668,1.518,1.046,18.8,30.7,0.640,1.518,1.502,0.983,1.518,1.347,World,MixingBowl,37.3,40.3,0.458,0.435,0,0,None,None,0,0,0,0,0.2295,0.2750,0.377,0.000,0
22.50,Sindhu,AUIT_Multi,CAB,0.665,1.522,1.044,15.1,28.7,0.614,1.518,1.507,0.985,1.518,1.382,World,CabinetDCorner01,34.9,39.1,0.465,0.465,0,0,None,None,0,0,0,0,0.2746,0.3700,0.391,0.000,0
22.61,Sindhu,AUIT_Multi,CAB,0.659,1.533,1.043,8.2,22.5,0.570,1.525,1.503,0.988,1.525,1.456,World,Wall4m,28.4,36.6,0.469,0.528,0,0,None,None,0,0,0,0,0.3991,0.6659,0.421,0.000,0
22.71,Sindhu,AUIT_Multi,CAB,0.653,1.541,1.039,2.2,17.7,0.513,1.534,1.503,0.992,1.534,1.571,World,Wall4m,25.2,34.4,0.484,0.630,0,0,None,None,0,0,0,0,0.5912,1.1894,0.484,0.000,0
22.81,Sindhu,AUIT_Multi,CAB,0.647,1.546,1.037,356.9,15.3,0.451,1.541,1.504,0.951,1.541,1.638,World,Wall4m,24.5,33.2,0.507,0.673,0,0,None,None,1,0,0,0,0.6424,0.7987,0.518,0.000,0
22.90,Sindhu,AUIT_Multi,CAB,0.642,1.547,1.034,352.1,14.5,0.391,1.545,1.506,0.888,1.545,1.647,World,Wall4m,24.5,32.7,0.535,0.661,0,0,None,None,1,0,0,0,0.6161,0.6652,0.516,0.000,0
23.00,Sindhu,AUIT_Multi,CAB,0.638,1.548,1.030,347.8,14.3,0.351,1.547,1.477,0.827,1.547,1.647,World,Wall4m,24.8,32.2,0.531,0.645,0,0,None,None,1,0,0,0,0.5078,0.6266,0.505,0.000,0
23.11,Sindhu,AUIT_Multi,CAB,0.633,1.549,1.026,342.4,13.8,0.354,1.542,1.437,0.753,1.525,1.592,World,Wall4m,20.9,31.4,0.497,0.579,0,0,None,None,1,0,0,0,0.3626,0.8507,0.428,0.000,0
23.21,Sindhu,AUIT_Multi,CAB,0.629,1.550,1.022,337.1,12.9,0.376,1.534,1.421,0.679,1.487,1.502,World,Wall4m,14.4,28.9,0.473,0.487,0,0,None,None,1,0,0,0,0.2945,1.2572,0.317,0.000,0
23.31,Sindhu,AUIT_Multi,CAB,0.628,1.551,1.019,333.2,12.4,0.398,1.526,1.407,0.611,1.472,1.558,World,Quad,10.0,24.9,0.453,0.545,0,0,None,None,1,1,0,0,0.2725,0.9115,0.267,0.000,0
23.40,Sindhu,AUIT_Multi,CAB,0.630,1.549,1.016,331.2,13.4,0.417,1.517,1.396,0.589,1.536,1.941,World,Quad,9.3,28.9,0.436,0.926,0,0,None,None,1,0,0,0,0.2531,4.0303,0.572,0.000,0
23.50,Sindhu,AUIT_Multi,CAB,0.632,1.547,1.016,329.8,14.8,0.438,1.509,1.387,0.582,1.547,1.742,World,Quad,10.0,29.9,0.420,0.728,0,0,None,None,1,0,0,0,0.2461,2.0547,0.385,0.000,0
23.61,Sindhu,AUIT_Multi,CAB,0.636,1.547,1.015,330.3,14.7,0.462,1.499,1.379,0.574,1.546,1.675,World,Quad,9.0,28.2,0.406,0.662,0,0,None,None,1,0,0,0,0.2440,0.6125,0.320,0.000,0
23.71,Sindhu,AUIT_Multi,CAB,0.643,1.549,1.016,333.9,13.1,0.483,1.491,1.380,0.574,1.547,1.671,World,Quad,5.3,23.7,0.402,0.659,0,0,None,None,1,1,0,0,0.2327,0.0395,0.310,0.394,0
23.81,Sindhu,AUIT_Multi,CAB,0.652,1.553,1.016,338.3,10.7,0.506,1.483,1.395,0.574,1.550,1.669,World,Quad,1.1,18.1,0.412,0.658,0,0,None,None,1,1,0,0,0.2931,0.0319,0.291,0.364,0
23.90,Sindhu,AUIT_Multi,CAB,0.660,1.554,1.014,342.0,9.5,0.527,1.475,1.404,0.582,1.553,1.772,World,Quad,1.7,15.2,0.420,0.762,0,0,None,None,1,1,0,0,0.2536,1.0538,0.380,0.309,0
24.00,Sindhu,AUIT_Multi,CAB,0.668,1.554,1.010,345.4,9.5,0.557,1.466,1.398,0.630,1.554,1.680,World,Quad,3.1,14.8,0.412,0.671,0,0,None,None,1,1,0,0,0.3216,1.0575,0.305,0.000,0
24.11,Sindhu,AUIT_Multi,CAB,0.675,1.551,1.005,349.2,9.9,0.455,1.524,1.481,0.683,1.553,1.648,World,Quad,15.4,15.3,0.525,0.642,0,0,None,None,1,1,0,0,1.2919,0.5635,0.284,0.000,0
24.21,Sindhu,AUIT_Multi,CAB,0.678,1.551,1.001,351.0,9.8,0.438,1.547,1.497,0.730,1.551,1.645,World,Quad,19.2,16.8,0.551,0.646,0,0,None,None,1,1,0,0,0.3415,0.4861,0.328,0.000,0
24.31,Sindhu,AUIT_Multi,CAB,0.678,1.550,0.997,350.4,9.5,0.439,1.550,1.494,0.757,1.550,1.645,World,Quad,18.6,19.0,0.553,0.653,0,0,None,None,1,1,0,0,0.0389,0.2758,0.352,0.000,0
24.41,Sindhu,AUIT_Multi,CAB,0.679,1.548,0.993,350.4,9.7,0.432,1.549,1.494,0.758,1.549,1.644,World,Quad,19.3,19.1,0.558,0.656,0,0,None,None,1,1,0,0,0.0662,0.0123,0.359,0.000,0
24.50,Sindhu,AUIT_Multi,CAB,0.682,1.547,0.990,351.8,10.3,0.432,1.548,1.493,0.769,1.548,1.644,World,Wall4m,20.9,18.8,0.562,0.660,0,0,None,None,1,1,0,0,0.0159,0.1163,0.370,0.000,0
24.61,Sindhu,AUIT_Multi,CAB,0.686,1.547,0.985,353.8,10.7,0.433,1.547,1.492,0.812,1.547,1.645,World,Wall4m,23.0,20.0,0.566,0.672,0,0,None,None,1,1,0,0,0.0145,0.3873,0.409,0.000,0
24.71,Sindhu,AUIT_Multi,CAB,0.689,1.546,0.981,355.5,10.9,0.433,1.546,1.491,0.858,1.546,1.646,World,Wall4m,24.7,21.6,0.570,0.685,0,0,None,None,1,1,0,0,0.0132,0.4743,0.452,0.000,0
24.81,Sindhu,AUIT_Multi,CAB,0.693,1.544,0.979,356.9,11.3,0.433,1.546,1.490,0.906,1.546,1.646,World,Wall4m,26.3,23.7,0.573,0.701,0,0,None,None,0,1,0,0,0.0131,0.4986,0.498,0.000,0
24.91,Sindhu,AUIT_Multi,CAB,0.696,1.542,0.976,358.6,12.1,0.434,1.544,1.489,0.952,1.544,1.647,World,Wall4m,28.2,25.3,0.576,0.718,0,0,None,None,0,0,0,0,0.0190,0.4635,0.541,0.000,0
25.00,Sindhu,AUIT_Multi,CAB,0.698,1.541,0.975,359.7,12.5,0.445,1.542,1.488,0.986,1.542,1.642,World,Wall4m,28.7,26.5,0.573,0.727,0,0,None,None,0,0,0,0,0.1076,0.3526,0.563,0.000,0
25.11,Sindhu,AUIT_Multi,CAB,0.700,1.541,0.972,0.7,12.6,0.458,1.542,1.487,0.994,1.542,1.612,World,Wall4m,28.6,27.0,0.568,0.704,0,0,None,None,0,0,0,0,0.1275,0.2849,0.550,0.000,0
25.21,Sindhu,AUIT_Multi,CAB,0.702,1.540,0.971,1.6,13.2,0.469,1.541,1.486,0.995,1.541,1.583,World,Wall4m,28.9,27.3,0.566,0.679,0,0,None,None,0,0,0,0,0.1111,0.3042,0.535,0.000,0
25.31,Sindhu,AUIT_Multi,CAB,0.704,1.539,0.969,3.1,14.0,0.481,1.540,1.485,0.995,1.540,1.550,World,Wall4m,29.7,27.1,0.562,0.650,0,0,None,None,0,0,0,0,0.1262,0.3325,0.518,0.000,0
25.41,Sindhu,AUIT_Multi,CAB,0.705,1.538,0.967,4.4,14.4,0.499,1.539,1.484,0.994,1.539,1.508,World,Wall4m,29.7,27.6,0.556,0.613,0,0,None,None,0,0,0,0,0.1807,0.4375,0.496,0.000,0
25.50,Sindhu,AUIT_Multi,CAB,0.705,1.537,0.967,4.4,14.7,0.510,1.538,1.483,0.994,1.538,1.484,World,Wall4m,28.9,28.7,0.552,0.592,0,0,None,None,0,0,0,0,0.1094,0.2472,0.485,0.000,0
25.61,Sindhu,AUIT_Multi,CAB,0.703,1.536,0.966,3.6,15.1,0.508,1.537,1.483,0.995,1.537,1.487,World,Wall4m,28.3,29.6,0.552,0.597,0,0,None,None,0,0,0,0,0.0160,0.0291,0.487,0.000,0
25.71,Sindhu,AUIT_Multi,CAB,0.701,1.536,0.967,2.4,15.2,0.497,1.536,1.484,0.996,1.536,1.511,World,Wall4m,28.1,30.0,0.556,0.618,0,0,None,None,0,0,0,0,0.1104,0.2418,0.499,0.000,0
25.81,Sindhu,AUIT_Multi,CAB,0.699,1.536,0.967,1.4,15.3,0.484,1.536,1.484,0.996,1.536,1.540,World,Wall4m,28.2,29.8,0.561,0.646,0,0,None,None,0,0,0,0,0.1373,0.3109,0.515,0.000,0
25.91,Sindhu,AUIT_Multi,CAB,0.699,1.537,0.966,1.0,15.1,0.473,1.537,1.485,0.996,1.537,1.565,World,Wall4m,28.5,29.3,0.566,0.669,0,0,None,None,0,0,0,0,0.1113,0.2522,0.529,0.000,0
26.00,Sindhu,AUIT_Multi,CAB,0.701,1.536,0.965,2.1,14.9,0.472,1.537,1.484,0.996,1.537,1.565,World,Wall4m,29.6,28.1,0.568,0.669,0,0,None,None,0,0,0,0,0.0092,0.0069,0.530,0.000,0
26.11,Sindhu,AUIT_Multi,CAB,0.705,1.536,0.964,5.5,14.9,0.494,1.536,1.483,0.994,1.536,1.512,World,Wall4m,31.1,26.6,0.560,0.619,0,0,None,None,0,0,0,0,0.1950,0.4757,0.501,0.000,0
26.21,Sindhu,AUIT_Multi,CAB,0.708,1.535,0.964,6.2,15.7,0.520,1.536,1.482,0.993,1.536,1.457,World,Wall4m,30.3,28.4,0.551,0.570,0,0,None,None,0,0,0,0,0.2672,0.5598,0.474,0.000,0
26.31,Sindhu,AUIT_Multi,CAB,0.712,1.534,0.963,7.2,16.4,0.534,1.535,1.482,0.993,1.535,1.431,World,Wall4m,30.6,28.7,0.548,0.546,0,0,None,None,0,0,0,0,0.1438,0.2701,0.462,0.000,0
26.41,Sindhu,AUIT_Multi,CAB,0.717,1.533,0.963,8.9,17.0,0.549,1.534,1.481,0.993,1.534,1.404,World,Wall4m,31.5,28.4,0.545,0.521,0,0,None,None,0,0,0,0,0.1538,0.2758,0.451,0.000,0
26.50,Sindhu,AUIT_Multi,CAB,0.721,1.533,0.963,10.8,17.0,0.570,1.533,1.482,0.992,1.533,1.369,World,Wall4m,31.6,28.2,0.541,0.488,0,0,None,None,0,0,0,0,0.2152,0.3678,0.437,0.000,0
26.60,Sindhu,AUIT_Multi,CAB,0.724,1.534,0.964,11.3,17.3,0.588,1.533,1.484,0.991,1.533,1.340,World,Wall4m,30.8,29.4,0.538,0.461,0,0,None,None,0,0,0,0,0.1931,0.2964,0.428,0.000,0
26.71,Sindhu,AUIT_Multi,CAB,0.727,1.534,0.968,10.5,17.8,0.595,1.534,1.486,0.992,1.534,1.333,World,Wall4m,30.1,30.6,0.534,0.451,0,0,None,None,0,0,0,0,0.0616,0.0599,0.425,0.000,0
26.81,Sindhu,AUIT_Multi,CAB,0.728,1.532,0.972,8.6,18.9,0.590,1.534,1.485,0.993,1.534,1.346,World,Wall4m,30.1,32.5,0.531,0.458,0,0,None,None,0,0,0,0,0.0501,0.1345,0.426,0.000,0
26.91,Sindhu,AUIT_Multi,CAB,0.726,1.524,0.976,5.5,23.5,0.573,1.530,1.485,0.995,1.530,1.382,World,CabinetDCorner01,32.5,36.4,0.532,0.487,0,0,None,None,0,0,0,0,0.1819,0.3737,0.434,0.000,0
27.00,Sindhu,AUIT_Multi,CAB,0.722,1.518,0.971,1.4,26.7,0.538,1.523,1.486,0.998,1.523,1.450,World,Wall4m,34.0,38.7,0.546,0.553,0,0,None,None,0,0,0,0,0.3615,0.7001,0.461,0.000,0
27.10,Sindhu,AUIT_Multi,CAB,0.715,1.515,0.960,358.5,27.8,0.493,1.518,1.486,1.000,1.518,1.539,World,CabinetD01,34.8,38.6,0.571,0.646,0,0,None,None,0,0,0,0,0.4728,0.9207,0.510,0.000,0
27.21,Sindhu,AUIT_Multi,CAB,0.702,1.511,0.944,355.5,28.4,0.444,1.514,1.483,0.995,1.514,1.622,World,CabinetD01,35.1,39.2,0.598,0.738,0,0,None,None,0,0,0,0,0.4399,0.7452,0.568,0.000,0
27.31,Sindhu,AUIT_Multi,CAB,0.687,1.506,0.926,351.8,29.2,0.393,1.511,1.474,0.954,1.511,1.641,World,CabinetD02,35.3,40.3,0.621,0.763,0,0,None,None,0,0,0,0,0.5352,0.4601,0.586,0.000,0
27.41,Sindhu,AUIT_Multi,CAB,0.669,1.502,0.905,349.7,32.1,0.368,1.506,1.407,0.901,1.506,1.643,World,CabinetD02,37.8,41.7,0.586,0.774,0,0,None,None,0,0,0,0,0.7340,0.5529,0.582,0.000,0
27.50,Sindhu,AUIT_Multi,CAB,0.649,1.504,0.882,348.3,32.9,0.353,1.503,1.349,0.863,1.503,1.642,World,CabinetD02,38.2,41.8,0.554,0.789,0,0,None,None,0,0,0,0,0.6080,0.3865,0.588,0.000,0
27.60,Sindhu,AUIT_Multi,CAB,0.631,1.504,0.857,347.1,33.2,0.340,1.503,1.291,0.827,1.503,1.641,World,CabinetD02,38.5,41.7,0.522,0.808,0,0,None,None,0,0,0,0,0.6220,0.3762,0.599,0.000,0
27.71,Sindhu,AUIT_Multi,CAB,0.615,1.506,0.828,347.5,32.8,0.324,1.504,1.244,0.800,1.504,1.640,World,CabinetD02,38.9,40.5,0.509,0.833,0,0,None,None,0,0,0,0,0.4472,0.2407,0.619,0.000,0
27.81,Sindhu,AUIT_Multi,CAB,0.606,1.508,0.805,349.3,31.2,0.314,1.506,1.227,0.797,1.506,1.639,World,CabinetD02,38.4,38.3,0.513,0.855,0,0,None,None,0,0,0,0,0.2044,0.0408,0.634,0.000,0
27.91,Sindhu,AUIT_Multi,CAB,0.600,1.510,0.785,351.4,29.5,0.315,1.508,1.224,0.813,1.508,1.639,World,CabinetD02,37.4,36.4,0.524,0.879,0,0,None,None,0,0,0,0,0.0331,0.1682,0.648,0.000,0
28.00,Sindhu,AUIT_Multi,CAB,0.597,1.513,0.768,352.9,27.6,0.317,1.511,1.220,0.845,1.511,1.638,World,CabinetD02,36.1,35.3,0.531,0.905,0,0,None,None,0,0,0,0,0.0583,0.3354,0.674,0.000,0
28.10,Sindhu,AUIT_Multi,CAB,0.594,1.516,0.754,353.5,25.9,0.320,1.513,1.216,0.868,1.513,1.638,World,CabinetD02,34.6,34.4,0.537,0.925,0,0,None,None,0,0,0,0,0.0552,0.2399,0.692,0.000,0
28.20,Sindhu,AUIT_Multi,CAB,0.590,1.519,0.744,352.2,23.8,0.319,1.516,1.207,0.872,1.516,1.637,World,CabinetD02,32.1,34.1,0.536,0.937,0,0,None,None,0,0,0,0,0.0951,0.0466,0.701,0.000,0
28.31,Sindhu,AUIT_Multi,CAB,0.585,1.521,0.737,350.0,22.2,0.304,1.519,1.181,0.857,1.519,1.637,World,Wall4m,30.8,34.2,0.526,0.940,0,0,None,None,0,0,0,0,0.2902,0.1524,0.716,0.000,0
28.41,Sindhu,AUIT_Multi,CAB,0.581,1.524,0.732,347.2,20.9,0.284,1.522,1.161,0.820,1.522,1.636,World,Wall4m,29.7,34.0,0.523,0.935,0,0,None,None,0,0,0,0,0.2921,0.3792,0.716,0.000,0
28.50,Sindhu,AUIT_Multi,CAB,0.578,1.526,0.727,343.9,19.6,0.256,1.524,1.144,0.770,1.524,1.635,World,Wall4m,28.6,33.7,0.526,0.928,0,0,None,None,0,0,0,0,0.3365,0.5139,0.711,0.000,0
28.61,Sindhu,AUIT_Multi,CAB,0.575,1.528,0.725,340.6,18.7,0.217,1.527,1.130,0.708,1.527,1.635,World,Wall4m,28.5,32.9,0.541,0.919,0,0,None,None,0,0,0,0,0.3735,0.5483,0.704,0.000,0
28.71,Sindhu,AUIT_Multi,CAB,0.574,1.529,0.725,337.9,18.2,0.178,1.528,1.127,0.660,1.528,1.635,World,Wall4m,28.5,32.6,0.564,0.914,0,0,None,None,0,0,0,0,0.4042,0.5018,0.701,0.000,0
28.81,Sindhu,AUIT_Multi,CAB,0.573,1.531,0.726,335.6,17.3,0.138,1.529,1.125,0.617,1.529,1.699,World,Wall4m,28.4,31.7,0.590,0.974,0,0,None,None,0,0,0,0,0.4016,0.7926,0.747,0.000,0
28.91,Sindhu,AUIT_Multi,CAB,0.574,1.536,0.728,335.5,15.0,0.120,1.532,1.117,0.587,1.532,1.720,World,Wall4m,28.6,29.0,0.598,0.992,0,0,None,None,0,0,0,0,0.2105,0.3783,0.762,0.000,0
29.00,Sindhu,AUIT_Multi,CAB,0.577,1.541,0.728,338.0,12.0,0.133,1.537,1.112,0.593,1.537,1.748,World,Wall4m,29.3,25.6,0.587,1.020,0,0,None,None,0,0,0,0,0.1513,0.2991,0.785,0.000,0
29.10,Sindhu,AUIT_Multi,CAB,0.582,1.545,0.729,343.1,9.6,0.174,1.542,1.116,0.639,1.542,1.657,World,Wall4m,30.9,22.4,0.563,0.930,0,0,None,None,0,1,0,1,0.4258,1.0535,0.714,0.000,0
29.21,Sindhu,AUIT_Multi,CAB,0.591,1.545,0.728,352.2,9.0,0.237,1.545,1.146,0.750,1.545,1.638,World,Wall4m,33.5,19.8,0.547,0.924,0,0,None,None,0,1,0,1,0.6337,1.0134,0.710,0.000,0
29.31,Sindhu,AUIT_Multi,CAB,0.597,1.545,0.726,0.2,9.0,0.296,1.545,1.206,0.892,1.545,1.636,World,Wall4m,33.4,19.8,0.566,0.956,0,0,None,None,0,1,0,1,0.8612,1.4505,0.734,0.000,0
29.41,Sindhu,AUIT_Multi,CAB,0.601,1.543,0.723,6.5,9.3,0.335,1.545,1.316,0.968,1.545,1.506,World,Wall4m,31.9,20.8,0.649,0.865,0,0,None,None,0,1,0,1,1.2057,1.5648,0.661,0.000,0
29.50,Sindhu,AUIT_Multi,CAB,0.603,1.540,0.720,12.1,10.6,0.380,1.543,1.407,0.982,1.543,1.342,World,Wall4m,31.8,22.0,0.722,0.727,0,0,None,None,0,1,0,0,1.0367,1.6750,0.605,0.000,0
29.61,Sindhu,AUIT_Multi,CAB,0.605,1.537,0.719,17.9,12.1,0.459,1.540,1.415,1.026,1.540,1.257,World,Wall4m,32.0,23.5,0.711,0.683,0,0,None,None,0,1,0,0,0.7158,0.8659,0.589,0.000,0
29.71,Sindhu,AUIT_Multi,CAB,0.606,1.535,0.720,22.0,13.3,0.523,1.537,1.414,1.169,1.537,1.314,World,Wall4m,31.6,25.2,0.699,0.819,0,0,None,None,0,0,0,0,0.6568,1.5764,0.654,0.000,0
29.81,Sindhu,AUIT_Multi,CAB,0.604,1.535,0.721,24.5,13.4,0.570,1.535,1.417,1.270,1.535,1.336,World,Wall4m,30.2,26.3,0.697,0.907,0,0,None,None,0,0,0,0,0.4810,1.0547,0.705,0.000,0
29.91,Sindhu,AUIT_Multi,CAB,0.601,1.535,0.722,25.9,13.3,0.597,1.535,1.417,1.326,1.535,1.339,World,Wall4m,29.3,26.9,0.695,0.952,0,0,None,None,0,0,0,0,0.2769,0.5746,0.734,0.000,0
30.00,Sindhu,AUIT_Multi,CAB,0.600,1.534,0.724,27.4,14.0,0.615,1.535,1.415,1.367,1.535,1.339,World,Wall4m,29.5,27.5,0.692,0.983,0,0,None,None,0,0,0,0,0.1900,0.4203,0.756,0.000,0
30.11,Sindhu,AUIT_Multi,CAB,0.598,1.532,0.727,26.4,15.1,0.625,1.533,1.415,1.389,1.533,1.339,World,Wall4m,28.3,29.8,0.689,1.000,0,0,None,None,0,0,0,0,0.0933,0.2014,0.768,0.000,0
30.21,Sindhu,AUIT_Multi,CAB,0.593,1.530,0.729,23.5,15.9,0.606,1.532,1.419,1.345,1.532,1.337,World,Wall4m,27.3,31.5,0.689,0.967,0,0,None,None,0,0,0,0,0.1990,0.4513,0.743,0.000,0
30.31,Sindhu,AUIT_Multi,CAB,0.588,1.529,0.732,20.4,16.7,0.569,1.530,1.418,1.268,1.530,1.336,World,Wall4m,27.4,32.3,0.686,0.909,0,0,None,None,0,0,0,0,0.3800,0.7891,0.704,0.000,0
30.41,Sindhu,AUIT_Multi,CAB,0.583,1.529,0.735,17.8,17.4,0.530,1.529,1.417,1.149,1.529,1.287,World,Wall4m,28.0,32.5,0.685,0.791,0,0,None,None,0,0,0,0,0.4024,1.3271,0.633,0.000,0
30.50,Sindhu,AUIT_Multi,CAB,0.577,1.528,0.736,15.3,18.1,0.493,1.529,1.418,1.057,1.529,1.250,World,Wall4m,28.5,32.8,0.687,0.703,0,0,None,None,0,0,0,0,0.3782,1.0181,0.589,0.000,0
30.60,Sindhu,AUIT_Multi,CAB,0.571,1.527,0.738,12.3,18.7,0.456,1.528,1.419,1.009,1.528,1.252,World,Wall4m,28.5,33.4,0.691,0.675,0,0,None,None,0,0,0,0,0.3882,0.4998,0.578,0.000,0
30.71,Sindhu,AUIT_Multi,CAB,0.562,1.528,0.740,6.6,18.4,0.409,1.527,1.385,0.988,1.527,1.318,World,Wall4m,26.8,34.6,0.662,0.718,0,0,None,None,0,0,0,0,0.5194,0.6193,0.583,0.000,0
30.81,Sindhu,AUIT_Multi,CAB,0.551,1.530,0.741,358.6,17.9,0.377,1.528,1.268,0.988,1.528,1.478,World,Wall4m,24.4,36.2,0.555,0.856,0,0,None,None,1,0,0,0,1.2497,1.6513,0.646,0.000,0
30.91,Sindhu,AUIT_Multi,CAB,0.537,1.532,0.741,347.7,17.3,0.319,1.530,1.182,0.900,1.530,1.609,World,Wall4m,22.0,38.4,0.492,0.941,0,0,None,None,1,0,0,0,1.0567,1.6161,0.721,0.000,0
31.00,Sindhu,AUIT_Multi,CAB,0.525,1.533,0.738,335.7,17.0,0.218,1.532,1.135,0.717,1.532,1.637,World,Wall4m,21.4,39.6,0.502,0.919,0,0,None,None,1,0,0,0,1.1527,1.9177,0.707,0.000,0
31.11,Sindhu,AUIT_Multi,CAB,0.513,1.534,0.729,321.9,16.6,-0.016,1.533,1.141,0.485,1.533,1.637,World,Wall4m,21.6,39.4,0.671,0.908,0,0,None,None,1,0,0,0,2.1077,2.0806,0.705,0.000,0
31.21,Sindhu,AUIT_Multi,CAB,0.508,1.533,0.720,311.5,16.4,-0.042,1.534,1.002,0.288,1.534,1.624,World,Wall4m,21.6,38.1,0.618,0.930,0,0,None,None,1,0,0,0,1.4437,2.0156,0.704,0.000,0
31.31,Sindhu,AUIT_Multi,CAB,0.504,1.533,0.709,303.0,16.3,-0.038,1.533,0.874,0.257,1.518,1.364,World,Refrigerator03_Door01,22.8,38.8,0.567,0.700,0,0,None,None,1,0,0,0,1.3188,2.6981,0.572,0.000,0
31.41,Sindhu,AUIT_Multi,CAB,0.503,1.534,0.699,297.4,15.7,-0.038,1.533,0.784,0.227,1.501,1.133,World,Refrigerator03_Door01,24.0,32.0,0.547,0.514,0,0,None,None,1,0,0,0,0.9302,2.4168,0.439,0.000,0
31.50,Sindhu,AUIT_Multi,CAB,0.503,1.535,0.691,292.6,15.1,-0.039,1.534,0.742,-0.020,1.504,1.183,World,Refrigerator03_Door01,22.6,24.0,0.544,0.719,0,0,None,None,1,1,0,0,0.4354,2.6109,0.443,0.000,0
31.60,Sindhu,AUIT_Multi,CAB,0.503,1.534,0.682,287.5,15.3,-0.060,1.534,0.682,-0.310,1.529,1.459,World,Refrigerator03_Door01,23.1,29.8,0.563,1.124,0,0,None,None,1,0,0,0,0.6436,4.0810,0.816,0.000,0
31.71,Sindhu,AUIT_Multi,CAB,0.504,1.530,0.675,283.1,17.8,-0.111,1.533,0.593,-0.336,1.533,1.418,World,Refrigerator03_Door01,27.2,33.2,0.620,1.122,0,0,None,None,0,0,0,0,0.9270,0.4328,0.855,0.000,0
31.81,Sindhu,AUIT_Multi,CAB,0.503,1.521,0.670,279.8,23.0,-0.099,1.522,0.587,-0.177,1.504,1.214,World,Refrigerator03_Door01,28.9,35.6,0.607,0.871,0,0,None,None,0,0,0,0,0.1842,2.6955,0.632,0.000,0
31.91,Sindhu,AUIT_Multi,CAB,0.503,1.515,0.667,279.2,25.9,-0.078,1.509,0.603,-0.019,1.467,1.025,World,Refrigerator03_Door01,29.4,32.4,0.585,0.635,0,0,None,None,0,0,0,0,0.2997,2.5560,0.428,0.000,0
32.00,Sindhu,AUIT_Multi,CAB,0.502,1.513,0.665,279.3,27.4,-0.056,1.497,0.637,0.057,1.450,0.877,World,Refrigerator03_Door01,28.3,25.3,0.558,0.497,0,0,None,None,0,0,0,0,0.4380,1.7195,0.269,0.000,0
32.11,Sindhu,AUIT_Multi,CAB,0.498,1.513,0.659,276.5,28.5,-0.034,1.483,0.654,-0.183,1.504,0.993,World,Refrigerator03_Door01,26.1,33.5,0.532,0.758,0,0,None,None,0,0,0,0,0.2801,2.4444,0.370,0.000,0
32.21,Sindhu,AUIT_Multi,CAB,0.492,1.514,0.647,269.5,28.1,-0.017,1.471,0.645,-0.212,1.512,1.006,World,Refrigerator03,23.3,38.4,0.511,0.790,0,0,None,None,1,0,0,0,0.2316,0.3359,0.412,0.000,0
32.31,Sindhu,AUIT_Multi,CAB,0.489,1.512,0.638,264.7,28.7,0.005,1.459,0.650,-0.213,1.514,0.951,World,Refrigerator03,23.3,40.2,0.488,0.769,0,0,None,None,1,0,0,0,0.2595,0.5673,0.375,0.000,0
32.41,Sindhu,AUIT_Multi,CAB,0.487,1.510,0.634,263.6,30.0,0.025,1.446,0.664,-0.212,1.512,0.892,World,Refrigerator03,24.0,39.4,0.467,0.745,0,0,None,None,1,0,0,0,0.2817,0.5982,0.336,1.000,0
32.50,Sindhu,AUIT_Multi,CAB,0.485,1.509,0.637,267.2,30.4,0.044,1.434,0.688,-0.213,1.510,0.878,World,Refrigerator03,22.6,36.9,0.450,0.738,0,0,None,None,1,0,0,0,0.3400,0.1510,0.329,0.915,0
32.61,Sindhu,AUIT_Multi,CAB,0.485,1.508,0.651,279.9,30.9,0.069,1.420,0.749,-0.213,1.509,0.893,World,Refrigerator03_Door01,19.6,32.2,0.437,0.739,0,0,None,None,1,0,0,0,0.6115,0.1346,0.329,0.000,0
32.71,Sindhu,AUIT_Multi,CAB,0.491,1.509,0.670,296.6,30.2,0.107,1.407,0.802,-0.218,1.508,1.039,World,Refrigerator03_Door01,17.7,30.2,0.419,0.799,0,0,None,None,1,0,0,0,0.6757,1.5050,0.415,0.000,0
32.81,Sindhu,AUIT_Multi,CAB,0.501,1.512,0.686,311.2,28.3,-0.020,1.477,0.831,-0.166,1.510,1.322,World,CabinetD04,34.7,28.3,0.542,0.922,0,0,None,None,0,0,0,0,1.5256,2.9712,0.513,0.000,0
32.91,Sindhu,AUIT_Multi,CAB,0.511,1.512,0.697,320.6,27.6,-0.043,1.507,0.878,0.123,1.511,1.491,World,EggBowl,41.2,30.4,0.583,0.885,0,0,None,None,0,0,0,0,0.6088,3.4099,0.635,0.000,0
33.00,Sindhu,AUIT_Multi,CAB,0.520,1.511,0.702,328.2,27.9,-0.042,1.511,0.975,0.284,1.512,1.611,World,EggBowl,41.7,32.5,0.625,0.939,0,0,None,None,0,0,0,0,1.0112,2.0844,0.715,0.000,0
33.11,Sindhu,AUIT_Multi,CAB,0.527,1.510,0.708,335.0,28.0,-0.018,1.510,1.077,0.434,1.511,1.632,World,EggBowl,40.8,33.6,0.658,0.928,0,0,None,None,0,0,0,0,0.9370,1.3558,0.715,0.000,0
33.21,Sindhu,AUIT_Multi,CAB,0.529,1.510,0.712,338.3,28.4,0.071,1.510,1.090,0.529,1.510,1.657,World,EggBowl,39.6,35.2,0.594,0.945,0,0,None,None,0,0,0,0,0.9203,1.0098,0.729,0.000,0
33.31,Sindhu,AUIT_Multi,CAB,0.527,1.509,0.717,339.6,29.0,0.108,1.510,1.107,0.560,1.494,1.628,World,CabinetD03,38.6,35.3,0.573,0.912,0,0,None,None,0,0,0,0,0.4193,0.4674,0.690,0.000,0
33.41,Sindhu,AUIT_Multi,CAB,0.523,1.507,0.728,339.8,30.5,0.118,1.509,1.119,0.520,1.445,1.399,World,CabinetD03,39.2,31.5,0.563,0.675,0,0,None,None,0,0,0,0,0.1595,2.4446,0.494,0.000,0
33.50,Sindhu,AUIT_Multi,CAB,0.517,1.504,0.746,341.0,31.9,0.127,1.506,1.124,0.482,1.396,1.171,World,CabinetD02,41.0,21.9,0.543,0.440,0,0,None,None,0,1,0,0,0.1135,2.4272,0.374,0.000,0
33.60,Sindhu,AUIT_Multi,CAB,0.512,1.501,0.775,342.5,32.7,0.153,1.504,1.130,0.585,1.474,1.527,World,CabinetD02,42.1,37.5,0.505,0.756,0,0,None,None,0,0,0,0,0.2707,3.8582,0.587,0.000,0
33.71,Sindhu,AUIT_Multi,CAB,0.508,1.497,0.819,341.4,32.4,0.180,1.500,1.143,0.617,1.497,1.633,World,CabinetD02,41.4,40.9,0.461,0.822,0,0,None,None,0,0,0,0,0.2746,1.0297,0.657,0.000,0
33.81,Sindhu,AUIT_Multi,CAB,0.508,1.499,0.862,338.0,33.4,0.187,1.497,1.154,0.597,1.497,1.712,World,CabinetD03,41.0,42.4,0.433,0.855,0,0,None,None,0,0,0,0,0.1354,0.8418,0.693,0.000,0
33.91,Sindhu,AUIT_Multi,CAB,0.510,1.504,0.906,335.1,33.0,0.192,1.500,1.160,0.549,1.500,1.662,World,EggBowl,40.8,41.9,0.407,0.757,0,0,None,None,0,0,0,0,0.0916,0.7116,0.615,0.000,0
34.00,Sindhu,AUIT_Multi,CAB,0.513,1.507,0.942,333.6,32.8,0.204,1.504,1.168,0.514,1.504,1.644,World,EggBowl,41.4,41.0,0.382,0.702,0,0,None,None,0,0,0,0,0.1514,0.4058,0.568,0.000,0
34.10,Sindhu,AUIT_Multi,CAB,0.513,1.508,0.969,332.8,32.7,0.219,1.507,1.178,0.497,1.507,1.642,World,EggBowl,41.5,40.7,0.361,0.674,0,0,None,None,0,0,0,0,0.1894,0.1837,0.541,0.000,0
34.21,Sindhu,AUIT_Multi,CAB,0.507,1.507,0.984,330.9,34.0,0.227,1.507,1.189,0.481,1.507,1.643,World,EggBowl,41.2,42.3,0.347,0.660,0,0,None,None,0,0,0,0,0.1182,0.1421,0.520,0.000,0
34.31,Sindhu,AUIT_Multi,CAB,0.499,1.508,0.988,328.6,33.3,0.217,1.507,1.189,0.451,1.495,1.633,World,EggBowl,39.6,41.0,0.346,0.647,0,0,None,None,0,0,0,0,0.0978,0.3459,0.501,0.000,0
34.41,Sindhu,AUIT_Multi,CAB,0.490,1.510,0.989,328.1,33.3,0.206,1.508,1.186,0.400,1.420,1.563,World,EggBowl,39.7,32.4,0.346,0.588,0,0,None,None,0,0,0,0,0.1276,1.1803,0.433,0.000,0
34.50,Sindhu,AUIT_Multi,CAB,0.483,1.512,0.987,328.4,32.8,0.206,1.510,1.185,0.352,1.347,1.495,World,EggBowl,39.1,21.8,0.341,0.549,0,0,None,None,0,1,0,0,0.0222,1.1384,0.379,0.000,0
34.60,Sindhu,AUIT_Multi,CAB,0.477,1.511,0.984,328.7,33.1,0.205,1.511,1.186,0.365,1.451,1.592,World,EggBowl,39.1,33.7,0.339,0.621,0,0,None,None,0,0,0,0,0.0176,1.4676,0.441,0.000,0
34.71,Sindhu,AUIT_Multi,CAB,0.470,1.512,0.980,329.7,33.5,0.203,1.511,1.187,0.370,1.505,1.639,World,EggBowl,39.3,38.7,0.337,0.667,0,0,None,None,0,0,0,0,0.0124,0.6449,0.482,0.000,0
34.81,Sindhu,AUIT_Multi,CAB,0.464,1.512,0.976,330.4,33.8,0.202,1.512,1.188,0.371,1.511,1.643,World,EggBowl,39.3,39.4,0.337,0.674,0,0,None,None,0,0,0,0,0.0142,0.0766,0.486,0.000,0
34.91,Sindhu,AUIT_Multi,CAB,0.459,1.512,0.972,330.8,34.1,0.199,1.512,1.187,0.371,1.512,1.644,World,EggBowl,39.5,39.7,0.338,0.677,0,0,None,None,0,0,0,0,0.0395,0.0100,0.488,0.000,0
35.00,Sindhu,AUIT_Multi,CAB,0.456,1.513,0.968,331.3,33.9,0.194,1.512,1.186,0.371,1.512,1.644,World,EggBowl,39.3,39.4,0.341,0.681,0,0,None,None,0,0,0,0,0.0446,0.0029,0.490,0.000,0
35.10,Sindhu,AUIT_Multi,CAB,0.455,1.517,0.964,332.5,32.0,0.194,1.514,1.186,0.376,1.514,1.643,World,EggBowl,37.9,37.4,0.342,0.683,0,0,None,None,0,0,0,0,0.0178,0.0533,0.492,0.000,0
35.21,Sindhu,AUIT_Multi,CAB,0.456,1.520,0.960,334.3,30.4,0.194,1.517,1.185,0.402,1.517,1.643,World,EggBowl,37.5,36.3,0.345,0.685,0,0,None,None,0,0,0,0,0.0325,0.2341,0.502,0.000,0
35.31,Sindhu,AUIT_Multi,CAB,0.457,1.520,0.958,335.7,30.2,0.195,1.519,1.185,0.435,1.519,1.643,World,EggBowl,38.3,36.9,0.347,0.685,0,0,None,None,0,0,0,0,0.0219,0.3362,0.517,0.000,0
35.41,Sindhu,AUIT_Multi,CAB,0.456,1.519,0.959,336.7,30.4,0.196,1.520,1.185,0.463,1.520,1.643,World,EggBowl,39.0,37.9,0.345,0.684,0,0,None,None,0,0,0,0,0.0186,0.2896,0.529,0.000,0
35.50,Sindhu,AUIT_Multi,CAB,0.455,1.519,0.960,337.2,30.7,0.201,1.519,1.187,0.476,1.519,1.643,World,EggBowl,39.2,38.6,0.341,0.683,0,0,None,None,0,0,0,0,0.0468,0.1377,0.532,0.000,0
35.60,Sindhu,AUIT_Multi,CAB,0.454,1.518,0.962,337.4,30.9,0.203,1.518,1.189,0.481,1.518,1.643,World,EggBowl,39.2,38.9,0.339,0.681,0,0,None,None,0,0,0,0,0.0339,0.0550,0.532,0.000,0
35.71,Sindhu,AUIT_Multi,CAB,0.452,1.517,0.964,337.8,31.1,0.204,1.518,1.191,0.483,1.518,1.643,World,EggBowl,39.4,39.0,0.336,0.679,0,0,None,None,0,0,0,0,0.0189,0.0132,0.531,0.000,0
35.81,Sindhu,AUIT_Multi,CAB,0.452,1.517,0.967,338.1,31.2,0.206,1.517,1.193,0.486,1.517,1.643,World,EggBowl,39.5,39.0,0.333,0.677,0,0,None,None,0,0,0,0,0.0314,0.0316,0.530,0.000,0
35.91,Sindhu,AUIT_Multi,CAB,0.451,1.517,0.970,338.0,31.4,0.209,1.517,1.195,0.488,1.517,1.643,World,EggBowl,39.5,39.4,0.331,0.674,0,0,None,None,0,0,0,0,0.0302,0.0226,0.528,0.000,0
36.00,Sindhu,AUIT_Multi,CAB,0.452,1.516,0.973,337.6,31.9,0.209,1.516,1.196,0.486,1.516,1.643,World,EggBowl,39.8,39.9,0.330,0.671,0,0,None,None,0,0,0,0,0.0119,0.0252,0.526,0.000,0
36.10,Sindhu,AUIT_Multi,CAB,0.452,1.515,0.975,337.3,32.1,0.209,1.516,1.196,0.482,1.516,1.643,World,EggBowl,39.9,40.0,0.329,0.669,0,0,None,None,0,0,0,0,0.0082,0.0368,0.524,0.000,0
36.21,Sindhu,AUIT_Multi,CAB,0.453,1.515,0.978,336.9,32.4,0.209,1.515,1.196,0.478,1.515,1.643,World,EggBowl,40.2,40.2,0.328,0.666,0,0,None,None,0,0,0,0,0.0038,0.0392,0.522,0.000,0
36.31,Sindhu,AUIT_Multi,CAB,0.455,1.514,0.981,336.8,32.8,0.210,1.515,1.197,0.476,1.515,1.643,World,EggBowl,40.6,40.4,0.327,0.663,0,0,None,None,0,0,0,0,0.0165,0.0202,0.520,0.000,0
36.41,Sindhu,AUIT_Multi,CAB,0.457,1.514,0.982,337.0,33.1,0.213,1.514,1.198,0.477,1.514,1.643,World,EggBowl,41.0,40.5,0.326,0.661,0,0,None,None,0,0,0,0,0.0311,0.0144,0.518,0.000,0
36.50,Sindhu,AUIT_Multi,CAB,0.459,1.513,0.984,337.0,33.3,0.216,1.514,1.200,0.481,1.514,1.643,World,EggBowl,41.0,40.7,0.325,0.660,0,0,None,None,0,0,0,0,0.0361,0.0348,0.516,0.000,0
36.60,Sindhu,AUIT_Multi,CAB,0.461,1.513,0.985,336.8,33.4,0.217,1.513,1.201,0.481,1.513,1.643,World,EggBowl,40.9,40.8,0.325,0.659,0,0,None,None,0,0,0,0,0.0173,0.0073,0.515,0.000,0
36.71,Sindhu,AUIT_Multi,CAB,0.462,1.513,0.986,336.5,33.3,0.218,1.513,1.201,0.481,1.513,1.643,World,EggBowl,40.8,40.8,0.325,0.658,0,0,None,None,0,0,0,0,0.0112,0.0015,0.514,0.000,0
36.81,Sindhu,AUIT_Multi,CAB,0.462,1.513,0.986,336.1,33.2,0.218,1.513,1.201,0.479,1.513,1.643,World,EggBowl,40.5,40.9,0.325,0.657,0,0,None,None,0,0,0,0,0.0003,0.0200,0.513,0.000,0
36.91,Sindhu,AUIT_Multi,CAB,0.460,1.515,0.987,335.5,32.6,0.216,1.514,1.200,0.474,1.514,1.643,World,EggBowl,39.7,40.5,0.324,0.657,0,0,None,None,0,0,0,0,0.0259,0.0560,0.513,0.000,0
37.00,Sindhu,AUIT_Multi,CAB,0.457,1.515,0.987,334.4,32.3,0.210,1.515,1.198,0.463,1.515,1.643,World,EggBowl,39.2,40.6,0.324,0.657,0,0,None,None,0,0,0,0,0.0638,0.1123,0.512,0.000,0
37.10,Sindhu,AUIT_Multi,CAB,0.453,1.516,0.987,333.4,32.1,0.202,1.515,1.194,0.448,1.515,1.643,World,EggBowl,39.1,40.5,0.325,0.657,0,0,None,None,0,0,0,0,0.0908,0.1536,0.512,0.000,0
37.21,Sindhu,AUIT_Multi,CAB,0.451,1.516,0.985,332.8,32.3,0.194,1.516,1.191,0.433,1.516,1.643,World,EggBowl,39.6,40.4,0.329,0.658,0,0,None,None,0,0,0,0,0.0861,0.1386,0.512,0.000,0
37.31,Sindhu,AUIT_Multi,CAB,0.449,1.515,0.983,332.6,32.6,0.189,1.515,1.188,0.425,1.515,1.643,World,EggBowl,39.9,40.4,0.331,0.661,0,0,None,None,0,0,0,0,0.0550,0.0734,0.513,0.000,0
37.41,Sindhu,AUIT_Multi,CAB,0.447,1.516,0.978,332.6,32.5,0.184,1.515,1.186,0.421,1.515,1.643,World,EggBowl,39.7,40.2,0.336,0.665,0,0,None,None,0,0,0,0,0.0545,0.0455,0.515,0.000,0
37.51,Sindhu,AUIT_Multi,CAB,0.446,1.516,0.973,332.6,32.4,0.179,1.516,1.184,0.419,1.516,1.643,World,EggBowl,39.6,40.1,0.341,0.671,0,0,None,None,0,0,0,0,0.0574,0.0196,0.518,0.000,0
37.60,Sindhu,AUIT_Multi,CAB,0.443,1.516,0.967,332.7,32.4,0.172,1.516,1.183,0.417,1.516,1.643,World,EggBowl,39.5,40.1,0.346,0.677,0,0,None,None,0,0,0,0,0.0713,0.0201,0.522,0.000,0
37.71,Sindhu,AUIT_Multi,CAB,0.441,1.516,0.960,332.4,32.3,0.163,1.516,1.181,0.414,1.516,1.643,World,EggBowl,39.5,40.1,0.355,0.683,0,0,None,None,0,0,0,0,0.0864,0.0307,0.526,0.000,0
37.81,Sindhu,AUIT_Multi,CAB,0.441,1.518,0.955,333.1,31.4,0.157,1.517,1.178,0.412,1.517,1.643,World,EggBowl,39.1,39.0,0.361,0.688,0,0,None,None,0,0,0,0,0.0603,0.0225,0.530,0.000,0
37.91,Sindhu,AUIT_Multi,CAB,0.443,1.522,0.952,335.8,29.1,0.164,1.519,1.176,0.423,1.519,1.643,World,EggBowl,38.4,36.0,0.358,0.690,0,0,None,None,0,0,0,0,0.0782,0.1236,0.534,0.000,0
38.01,Sindhu,AUIT_Multi,CAB,0.448,1.527,0.951,340.4,26.2,0.188,1.523,1.179,0.463,1.523,1.643,World,EggBowl,37.9,32.7,0.347,0.692,0,0,None,None,0,0,0,0,0.2472,0.4038,0.539,0.000,0
38.10,Sindhu,AUIT_Multi,CAB,0.453,1.531,0.950,344.4,23.9,0.213,1.527,1.193,0.526,1.527,1.686,World,Wall4m,36.5,31.4,0.342,0.740,0,0,None,None,0,0,0,0,0.3015,0.7945,0.584,0.000,0
38.21,Sindhu,AUIT_Multi,CAB,0.458,1.533,0.951,347.2,22.5,0.235,1.531,1.210,0.585,1.531,1.703,World,Wall4m,35.0,31.2,0.342,0.763,0,0,None,None,0,0,0,0,0.2499,0.5516,0.605,0.000,0
38.31,Sindhu,AUIT_Multi,CAB,0.461,1.533,0.952,348.5,22.5,0.248,1.533,1.221,0.610,1.533,1.658,World,Wall4m,34.5,32.0,0.343,0.721,0,0,None,None,0,0,0,0,0.1770,0.5333,0.567,0.000,0
38.41,Sindhu,AUIT_Multi,CAB,0.464,1.533,0.954,349.3,22.2,0.257,1.533,1.229,0.609,1.519,1.635,World,Wall4m,33.7,30.5,0.344,0.696,0,0,None,None,0,0,0,0,0.1299,0.2790,0.536,0.000,0
38.51,Sindhu,AUIT_Multi,CAB,0.466,1.534,0.956,350.0,22.1,0.268,1.529,1.238,0.512,1.436,1.565,World,Wall4m,32.3,19.0,0.344,0.619,0,0,None,None,0,1,0,0,0.1422,1.4770,0.419,0.000,0
38.60,Sindhu,AUIT_Multi,CAB,0.467,1.535,0.953,350.6,22.6,0.279,1.526,1.247,0.413,1.354,1.495,World,Wall4m,30.9,5.5,0.349,0.574,0,0,None,None,0,1,0,0,0.1575,1.5216,0.330,0.000,0
38.71,Sindhu,AUIT_Multi,CAB,0.466,1.534,0.947,351.4,22.9,0.292,1.521,1.260,0.565,1.483,1.605,World,Wall4m,28.9,24.9,0.358,0.668,0,0,None,None,0,1,0,0,0.1622,2.0493,0.442,0.000,0
38.81,Sindhu,AUIT_Multi,CAB,0.460,1.533,0.941,350.5,23.4,0.302,1.518,1.266,0.599,1.527,1.653,World,Wall4m,26.3,30.3,0.362,0.725,0,0,None,None,0,0,0,0,0.1279,0.7447,0.488,0.000,0
38.91,Sindhu,AUIT_Multi,CAB,0.459,1.533,0.932,348.1,23.0,0.311,1.515,1.264,0.601,1.532,1.659,World,Wall4m,23.3,32.0,0.364,0.741,0,0,None,None,1,0,0,0,0.0956,0.0900,0.490,0.000,0
39.00,Sindhu,AUIT_Multi,CAB,0.467,1.533,0.917,345.6,23.2,0.320,1.511,1.268,0.601,1.533,1.659,World,Wall4m,21.5,33.3,0.381,0.754,0,0,None,None,1,0,0,0,0.1134,0.0061,0.482,0.000,0
39.10,Sindhu,AUIT_Multi,CAB,0.484,1.533,0.900,343.6,22.4,0.327,1.508,1.271,0.601,1.533,1.660,World,Wall4m,19.8,33.1,0.404,0.769,0,0,None,None,1,0,0,0,0.0860,0.0104,0.477,0.000,0
39.21,Sindhu,AUIT_Multi,CAB,0.510,1.532,0.884,342.2,21.2,0.340,1.503,1.278,0.601,1.533,1.663,World,Wall4m,18.2,31.9,0.431,0.784,0,0,None,None,1,0,0,0,0.1330,0.0214,0.466,0.000,0
39.31,Sindhu,AUIT_Multi,CAB,0.534,1.537,0.877,342.2,20.4,0.353,1.500,1.287,0.601,1.534,1.665,World,Wall4m,16.8,29.9,0.449,0.791,0,0,None,None,1,0,0,0,0.1633,0.0291,0.454,0.000,0
39.41,Sindhu,AUIT_Multi,CAB,0.557,1.536,0.874,342.5,20.1,0.341,1.511,1.259,0.601,1.536,1.669,World,Wall4m,20.4,28.5,0.442,0.796,0,0,None,None,1,0,0,0,0.3215,0.0444,0.486,0.000,0
39.50,Sindhu,AUIT_Multi,CAB,0.578,1.535,0.872,342.2,20.0,0.302,1.532,1.227,0.601,1.536,1.674,World,Wall4m,27.7,27.6,0.450,0.803,0,0,None,None,0,0,0,0,0.5611,0.0492,0.538,0.000,0
39.60,Sindhu,AUIT_Multi,CAB,0.594,1.532,0.868,340.5,19.0,0.297,1.534,1.232,0.608,1.535,1.664,World,Wall4m,27.3,27.8,0.470,0.796,0,0,None,None,0,0,0,0,0.0778,0.1262,0.532,0.000,0
39.71,Sindhu,AUIT_Multi,CAB,0.607,1.530,0.862,338.5,20.0,0.292,1.532,1.219,0.608,1.532,1.665,World,Wall4m,28.2,29.2,0.476,0.802,0,0,None,None,0,0,0,0,0.1287,0.0304,0.547,0.000,0
39.81,Sindhu,AUIT_Multi,CAB,0.615,1.532,0.857,336.9,19.3,0.283,1.531,1.207,0.608,1.531,1.666,World,Wall4m,27.7,29.3,0.482,0.809,0,0,None,None,0,0,0,0,0.1570,0.0170,0.563,0.000,0
39.91,Sindhu,AUIT_Multi,CAB,0.619,1.533,0.852,333.9,18.7,0.263,1.532,1.188,0.608,1.532,1.667,World,Wall4m,27.5,31.1,0.490,0.816,0,0,None,None,0,0,0,0,0.2805,0.0170,0.591,0.000,0
40.01,Sindhu,AUIT_Multi,CAB,0.622,1.533,0.846,331.1,18.6,0.233,1.533,1.163,0.590,1.533,1.788,World,Wall4m,28.5,32.4,0.502,0.942,0,0,None,None,0,0,0,0,0.3945,1.2398,0.719,0.000,0
40.10,Sindhu,AUIT_Multi,CAB,0.624,1.531,0.841,329.0,19.0,0.210,1.532,1.145,0.564,1.532,1.673,World,Wall4m,29.4,32.5,0.514,0.834,0,0,None,None,0,0,0,0,0.3076,1.2251,0.636,0.000,0
40.21,Sindhu,AUIT_Multi,CAB,0.628,1.532,0.838,328.7,19.0,0.193,1.532,1.133,0.542,1.532,1.642,World,Wall4m,30.7,31.1,0.526,0.809,0,0,None,None,0,0,0,0,0.1865,0.3405,0.617,0.000,0
40.31,Sindhu,AUIT_Multi,CAB,0.632,1.532,0.837,329.6,18.9,0.198,1.532,1.128,0.544,1.532,1.640,World,Wall4m,31.5,30.3,0.523,0.808,0,0,None,None,0,0,0,0,0.0693,0.0336,0.618,0.000,0
40.41,Sindhu,AUIT_Multi,CAB,0.634,1.531,0.837,329.6,19.2,0.206,1.532,1.130,0.554,1.532,1.644,World,Wall4m,31.4,30.9,0.519,0.811,0,0,None,None,0,0,0,0,0.0820,0.1082,0.621,0.000,0
40.51,Sindhu,AUIT_Multi,CAB,0.637,1.530,0.837,330.2,19.6,0.209,1.531,1.131,0.560,1.531,1.646,World,Wall4m,32.0,30.9,0.519,0.813,0,0,None,None,0,0,0,0,0.0401,0.0615,0.623,0.000,0
40.60,Sindhu,AUIT_Multi,CAB,0.640,1.530,0.837,331.0,19.8,0.219,1.530,1.134,0.571,1.530,1.660,World,Wall4m,32.1,30.9,0.515,0.826,0,0,None,None,0,0,0,0,0.1059,0.1866,0.633,0.000,0
40.71,Sindhu,AUIT_Multi,CAB,0.642,1.530,0.838,330.8,19.7,0.226,1.530,1.138,0.580,1.530,1.690,World,Wall4m,31.4,31.5,0.513,0.854,0,0,None,None,0,0,0,0,0.0699,0.2828,0.656,0.000,0
40.81,Sindhu,AUIT_Multi,CAB,0.643,1.530,0.839,330.3,19.7,0.224,1.530,1.139,0.579,1.530,1.674,World,Wall4m,31.3,31.7,0.515,0.837,0,0,None,None,0,0,0,0,0.0212,0.1697,0.642,0.000,0
40.91,Sindhu,AUIT_Multi,CAB,0.643,1.529,0.840,329.7,19.9,0.221,1.530,1.137,0.574,1.530,1.661,World,Wall4m,31.3,31.9,0.516,0.823,0,0,None,None,0,0,0,0,0.0337,0.1417,0.632,0.000,0
41.01,Sindhu,AUIT_Multi,CAB,0.644,1.530,0.841,329.4,19.8,0.218,1.530,1.135,0.568,1.530,1.653,World,Wall4m,31.3,31.7,0.518,0.815,0,0,None,None,0,0,0,0,0.0371,0.1000,0.625,0.000,0
41.10,Sindhu,AUIT_Multi,CAB,0.644,1.530,0.842,329.2,19.5,0.217,1.530,1.134,0.565,1.530,1.650,World,Wall4m,31.2,31.5,0.518,0.811,0,0,None,None,0,0,0,0,0.0171,0.0484,0.622,0.000,0
41.21,Sindhu,AUIT_Multi,CAB,0.645,1.530,0.845,328.5,19.5,0.214,1.530,1.133,0.560,1.530,1.646,World,Wall4m,31.1,31.6,0.519,0.806,0,0,None,None,0,0,0,0,0.0259,0.0577,0.619,0.000,0
41.31,Sindhu,AUIT_Multi,CAB,0.646,1.529,0.847,328.1,19.6,0.212,1.530,1.132,0.554,1.530,1.643,World,Wall4m,31.3,31.6,0.519,0.801,0,0,None,None,0,0,0,0,0.0272,0.0670,0.615,0.000,0
41.41,Sindhu,AUIT_Multi,CAB,0.648,1.529,0.850,328.2,19.6,0.213,1.529,1.131,0.552,1.529,1.642,World,Wall4m,31.6,31.2,0.518,0.798,0,0,None,None,0,0,0,0,0.0176,0.0235,0.613,0.000,0
41.50,Sindhu,AUIT_Multi,CAB,0.650,1.529,0.853,327.8,19.5,0.216,1.529,1.132,0.553,1.529,1.642,World,Wall4m,31.4,31.4,0.516,0.795,0,0,None,None,0,0,0,0,0.0321,0.0074,0.611,0.000,0
41.60,Sindhu,AUIT_Multi,CAB,0.652,1.529,0.856,327.8,19.4,0.218,1.529,1.133,0.552,1.529,1.642,World,Wall4m,31.5,31.2,0.515,0.793,0,0,None,None,0,0,0,0,0.0181,0.0082,0.609,0.000,0
41.71,Sindhu,AUIT_Multi,CAB,0.655,1.529,0.859,328.1,19.4,0.223,1.529,1.135,0.554,1.529,1.643,World,Wall4m,31.7,30.9,0.512,0.790,0,0,None,None,0,0,0,0,0.0448,0.0241,0.607,0.000,0
41.81,Sindhu,AUIT_Multi,CAB,0.656,1.529,0.863,328.5,19.3,0.230,1.529,1.138,0.561,1.529,1.647,World,Wall4m,31.7,30.9,0.508,0.790,0,0,None,None,0,0,0,0,0.0786,0.0740,0.607,0.000,0
41.91,Sindhu,AUIT_Multi,CAB,0.658,1.529,0.866,328.4,19.4,0.235,1.529,1.141,0.566,1.529,1.650,World,Wall4m,31.6,31.2,0.504,0.789,0,0,None,None,0,0,0,0,0.0655,0.0626,0.607,0.000,0
42.00,Sindhu,AUIT_Multi,CAB,0.660,1.529,0.870,328.7,19.6,0.239,1.529,1.144,0.568,1.529,1.653,World,Wall4m,31.9,31.1,0.502,0.788,0,0,None,None,0,0,0,0,0.0527,0.0420,0.606,0.000,0
42.10,Sindhu,AUIT_Multi,CAB,0.661,1.529,0.873,329.0,19.8,0.245,1.529,1.148,0.573,1.529,1.659,World,Wall4m,32.0,31.2,0.499,0.791,0,0,None,None,0,0,0,0,0.0675,0.0793,0.608,0.000,0
42.21,Sindhu,AUIT_Multi,CAB,0.663,1.529,0.876,329.9,19.8,0.251,1.529,1.152,0.580,1.529,1.680,World,Wall4m,32.3,30.9,0.496,0.809,0,0,None,None,0,0,0,0,0.0721,0.1955,0.622,0.000,0
42.31,Sindhu,AUIT_Multi,CAB,0.665,1.528,0.878,332.2,20.0,0.262,1.529,1.161,0.591,1.529,1.777,World,Wall4m,33.3,30.1,0.492,0.902,0,0,None,None,0,0,0,0,0.1435,1.0077,0.699,0.000,0
42.41,Sindhu,AUIT_Multi,CAB,0.667,1.528,0.880,334.3,20.3,0.277,1.528,1.176,0.629,1.528,1.671,World,Wall4m,33.4,30.3,0.490,0.793,0,0,None,None,0,0,0,0,0.2197,1.1650,0.608,0.000,0
42.50,Sindhu,AUIT_Multi,CAB,0.669,1.527,0.881,335.9,20.4,0.288,1.528,1.191,0.659,1.528,1.644,World,Wall4m,33.1,30.7,0.491,0.763,0,0,None,None,0,0,0,0,0.1959,0.4187,0.585,0.000,0
42.60,Sindhu,AUIT_Multi,CAB,0.669,1.527,0.880,337.1,20.5,0.295,1.528,1.205,0.681,1.528,1.640,World,Wall4m,32.8,31.0,0.495,0.760,0,0,None,None,0,0,0,0,0.1568,0.2310,0.582,0.000,0
42.71,Sindhu,AUIT_Multi,CAB,0.668,1.527,0.880,338.4,20.7,0.299,1.527,1.217,0.700,1.527,1.640,World,Wall4m,32.8,31.3,0.500,0.761,0,0,None,None,0,0,0,0,0.1156,0.1675,0.582,0.000,0
42.81,Sindhu,AUIT_Multi,CAB,0.668,1.527,0.879,339.6,20.8,0.302,1.527,1.227,0.715,1.527,1.640,World,Wall4m,32.9,31.4,0.505,0.762,0,0,None,None,0,0,0,0,0.1102,0.1572,0.584,0.000,0
42.91,Sindhu,AUIT_Multi,CAB,0.669,1.526,0.877,340.7,21.2,0.305,1.527,1.238,0.731,1.527,1.640,World,Wall4m,33.1,31.6,0.513,0.765,0,0,None,None,0,0,0,0,0.1179,0.1651,0.585,0.000,0
43.01,Sindhu,AUIT_Multi,CAB,0.669,1.526,0.875,340.9,21.3,0.308,1.526,1.246,0.744,1.526,1.640,World,Wall4m,32.5,32.2,0.518,0.768,0,0,None,None,0,0,0,0,0.0850,0.1299,0.588,0.000,0
43.10,Sindhu,AUIT_Multi,CAB,0.669,1.525,0.872,340.7,21.3,0.309,1.526,1.245,0.746,1.526,1.640,World,Wall4m,32.2,32.5,0.518,0.771,0,0,None,None,0,0,0,0,0.0213,0.0221,0.589,0.000,0
43.21,Sindhu,AUIT_Multi,CAB,0.668,1.524,0.869,340.5,21.4,0.308,1.525,1.241,0.745,1.525,1.640,World,Wall4m,32.2,32.6,0.518,0.775,0,0,None,None,0,0,0,0,0.0357,0.0104,0.592,0.000,0
43.31,Sindhu,AUIT_Multi,CAB,0.668,1.524,0.866,340.0,21.5,0.306,1.524,1.236,0.742,1.524,1.640,World,Wall4m,32.0,32.8,0.518,0.777,0,0,None,None,0,0,0,0,0.0524,0.0359,0.593,0.000,0
43.41,Sindhu,AUIT_Multi,CAB,0.667,1.524,0.862,339.1,21.1,0.303,1.524,1.229,0.734,1.524,1.639,World,Wall4m,31.5,32.8,0.517,0.780,0,0,None,None,0,0,0,0,0.0840,0.0787,0.595,0.000,0
43.51,Sindhu,AUIT_Multi,CAB,0.666,1.526,0.857,337.4,19.9,0.296,1.525,1.217,0.720,1.525,1.639,World,Wall4m,30.1,32.6,0.517,0.784,0,0,None,None,0,0,0,0,0.1353,0.1485,0.597,0.000,0
43.60,Sindhu,AUIT_Multi,CAB,0.665,1.527,0.851,335.1,19.0,0.286,1.526,1.199,0.694,1.526,1.639,World,Wall4m,29.0,32.6,0.515,0.789,0,0,None,None,0,0,0,0,0.2167,0.2600,0.600,0.000,0
43.70,Sindhu,AUIT_Multi,CAB,0.664,1.528,0.844,332.5,18.2,0.270,1.527,1.178,0.661,1.527,1.639,World,Wall4m,28.4,32.4,0.517,0.795,0,0,None,None,0,0,0,0,0.2696,0.3375,0.605,0.000,0
43.81,Sindhu,AUIT_Multi,CAB,0.663,1.529,0.839,330.2,17.4,0.248,1.529,1.156,0.611,1.529,1.780,World,Wall4m,28.4,31.4,0.523,0.943,0,0,None,None,0,0,0,0,0.2866,1.3565,0.723,0.000,0
43.91,Sindhu,AUIT_Multi,CAB,0.665,1.529,0.837,330.5,17.6,0.236,1.529,1.144,0.591,1.529,1.763,World,Wall4m,30.2,30.2,0.527,0.929,0,0,None,None,0,0,0,0,0.1723,0.2749,0.714,0.000,0
44.01,Sindhu,AUIT_Multi,CAB,0.667,1.528,0.838,331.8,18.2,0.243,1.529,1.143,0.600,1.529,1.731,World,Wall4m,31.5,29.7,0.522,0.895,0,0,None,None,0,0,0,0,0.0724,0.3494,0.688,0.000,0
44.10,Sindhu,AUIT_Multi,CAB,0.670,1.527,0.840,333.3,18.7,0.255,1.528,1.150,0.625,1.528,1.659,World,Wall4m,32.1,29.8,0.518,0.821,0,0,None,None,0,0,0,0,0.1456,0.7782,0.630,0.000,0
44.21,Sindhu,AUIT_Multi,CAB,0.672,1.527,0.841,334.8,18.9,0.268,1.527,1.162,0.651,1.527,1.641,World,Wall4m,32.1,30.0,0.516,0.800,0,0,None,None,0,0,0,0,0.1522,0.2832,0.613,0.000,0
44.31,Sindhu,AUIT_Multi,CAB,0.673,1.527,0.842,335.4,18.8,0.276,1.527,1.171,0.669,1.527,1.639,World,Wall4m,31.4,30.4,0.516,0.797,0,0,None,None,0,0,0,0,0.1323,0.1931,0.611,0.000,0
44.41,Sindhu,AUIT_Multi,CAB,0.671,1.527,0.843,334.6,18.6,0.277,1.527,1.175,0.674,1.527,1.638,World,Wall4m,30.4,31.3,0.516,0.796,0,0,None,None,0,0,0,0,0.0402,0.0468,0.610,0.000,0
44.51,Sindhu,AUIT_Multi,CAB,0.669,1.527,0.844,334.1,18.7,0.272,1.527,1.172,0.664,1.527,1.638,World,Wall4m,30.5,31.3,0.515,0.794,0,0,None,None,0,0,0,0,0.0605,0.0989,0.610,0.000,0
44.60,Sindhu,AUIT_Multi,CAB,0.668,1.527,0.846,333.5,18.7,0.269,1.527,1.169,0.656,1.527,1.639,World,Wall4m,30.5,31.4,0.512,0.792,0,0,None,None,0,0,0,0,0.0433,0.0866,0.608,0.000,0
44.71,Sindhu,AUIT_Multi,CAB,0.665,1.527,0.849,332.2,18.9,0.263,1.527,1.164,0.641,1.527,1.642,World,Wall4m,30.3,31.8,0.511,0.793,0,0,None,None,0,0,0,0,0.0689,0.1344,0.609,0.000,0
44.81,Sindhu,AUIT_Multi,CAB,0.663,1.527,0.851,331.2,18.9,0.256,1.527,1.158,0.625,1.527,1.653,World,Wall4m,30.2,31.8,0.509,0.803,0,0,None,None,0,0,0,0,0.0897,0.2071,0.617,0.000,0
44.91,Sindhu,AUIT_Multi,CAB,0.661,1.527,0.854,330.1,18.9,0.249,1.527,1.153,0.595,1.527,1.817,World,Wall4m,30.3,31.8,0.509,0.965,0,0,None,None,0,0,0,0,0.0998,1.7317,0.749,0.000,0
45.01,Sindhu,AUIT_Multi,CAB,0.659,1.527,0.858,329.1,19.4,0.241,1.527,1.148,0.585,1.527,1.709,World,Wall4m,30.7,32.0,0.509,0.854,0,0,None,None,0,0,0,0,0.0897,1.0798,0.658,0.000,0
45.12,Sindhu,AUIT_Multi,CAB,0.658,1.527,0.861,328.5,19.6,0.236,1.527,1.144,0.575,1.527,1.664,World,Wall4m,31.1,31.9,0.508,0.808,0,0,None,None,0,0,0,0,0.0557,0.3978,0.621,0.000,0
45.20,Sindhu,AUIT_Multi,CAB,0.656,1.529,0.864,327.8,18.7,0.233,1.527,1.142,0.567,1.527,1.652,World,Wall4m,30.3,31.4,0.506,0.793,0,0,None,None,0,0,0,0,0.0472,0.1841,0.610,0.000,0
45.31,Sindhu,AUIT_Multi,CAB,0.655,1.529,0.866,326.8,18.7,0.226,1.529,1.139,0.555,1.529,1.644,World,Wall4m,30.3,31.6,0.509,0.785,0,0,None,None,0,0,0,0,0.0682,0.1348,0.603,0.000,0
45.41,Sindhu,AUIT_Multi,CAB,0.654,1.528,0.867,326.6,19.1,0.220,1.529,1.136,0.544,1.529,1.641,World,Wall4m,31.0,31.3,0.511,0.782,0,0,None,None,0,0,0,0,0.0730,0.1189,0.600,0.000,0
45.50,Sindhu,AUIT_Multi,CAB,0.654,1.529,0.867,326.6,18.8,0.220,1.529,1.135,0.541,1.529,1.640,World,Wall4m,30.8,31.0,0.510,0.782,0,0,None,None,0,0,0,0,0.0134,0.0312,0.599,0.000,0
45.60,Sindhu,AUIT_Multi,CAB,0.654,1.528,0.866,326.3,19.0,0.218,1.529,1.134,0.539,1.529,1.640,World,Wall4m,30.8,31.3,0.512,0.783,0,0,None,None,0,0,0,0,0.0194,0.0209,0.599,0.000,0
45.71,Sindhu,AUIT_Multi,CAB,0.653,1.529,0.865,325.5,18.6,0.211,1.529,1.132,0.532,1.529,1.640,World,Wall4m,30.3,31.2,0.516,0.784,0,0,None,None,0,0,0,0,0.0632,0.0656,0.601,0.000,0
45.81,Sindhu,AUIT_Multi,CAB,0.654,1.528,0.865,325.5,19.1,0.206,1.529,1.129,0.525,1.529,1.640,World,Wall4m,31.1,31.2,0.520,0.786,0,0,None,None,0,0,0,0,0.0622,0.0749,0.602,0.000,0
45.91,Sindhu,AUIT_Multi,CAB,0.655,1.529,0.865,325.4,19.0,0.208,1.529,1.128,0.525,1.529,1.640,World,Wall4m,31.0,31.0,0.519,0.786,0,0,None,None,0,0,0,0,0.0211,0.0042,0.602,0.000,0
46.00,Sindhu,AUIT_Multi,CAB,0.657,1.528,0.865,325.4,19.2,0.207,1.528,1.128,0.524,1.528,1.640,World,Wall4m,31.2,31.1,0.521,0.787,0,0,None,None,0,0,0,0,0.0064,0.0057,0.602,0.000,0
46.10,Sindhu,AUIT_Multi,CAB,0.658,1.528,0.864,325.5,19.1,0.209,1.528,1.128,0.526,1.528,1.640,World,Wall4m,31.2,30.9,0.521,0.787,0,0,None,None,0,0,0,0,0.0191,0.0198,0.602,0.000,0
46.21,Sindhu,AUIT_Multi,CAB,0.660,1.528,0.864,325.5,19.4,0.211,1.528,1.128,0.529,1.528,1.640,World,Wall4m,31.3,31.2,0.522,0.787,0,0,None,None,0,0,0,0,0.0163,0.0253,0.603,0.000,0
46.31,Sindhu,AUIT_Multi,CAB,0.661,1.528,0.864,325.6,19.2,0.212,1.528,1.128,0.531,1.528,1.640,World,Wall4m,31.3,31.1,0.521,0.787,0,0,None,None,0,0,0,0,0.0169,0.0198,0.603,0.000,0
46.41,Sindhu,AUIT_Multi,CAB,0.662,1.528,0.865,325.6,19.3,0.214,1.528,1.129,0.532,1.528,1.640,World,Wall4m,31.3,31.1,0.520,0.786,0,0,None,None,0,0,0,0,0.0170,0.0174,0.602,0.000,0
46.50,Sindhu,AUIT_Multi,CAB,0.663,1.527,0.865,325.8,19.5,0.216,1.528,1.129,0.535,1.528,1.640,World,Wall4m,31.5,31.2,0.519,0.785,0,0,None,None,0,0,0,0,0.0278,0.0285,0.602,0.000,0
46.60,Sindhu,AUIT_Multi,CAB,0.663,1.527,0.866,326.3,19.7,0.220,1.527,1.131,0.539,1.527,1.640,World,Wall4m,31.7,31.1,0.516,0.784,0,0,None,None,0,0,0,0,0.0353,0.0376,0.601,0.000,0
46.71,Sindhu,AUIT_Multi,CAB,0.665,1.527,0.867,328.0,19.9,0.228,1.527,1.134,0.549,1.527,1.642,World,Wall4m,32.7,30.5,0.512,0.783,0,0,None,None,0,0,0,0,0.0841,0.0963,0.601,0.000,0
46.81,Sindhu,AUIT_Multi,CAB,0.668,1.526,0.869,330.8,20.2,0.246,1.527,1.143,0.571,1.527,1.692,World,Wall4m,33.9,29.8,0.503,0.828,0,0,None,None,0,0,0,0,0.2083,0.5586,0.637,0.000,0
46.91,Sindhu,AUIT_Multi,CAB,0.674,1.526,0.872,335.0,20.6,0.270,1.526,1.163,0.614,1.526,1.707,World,Wall4m,35.2,29.1,0.497,0.837,0,0,None,None,0,0,0,0,0.3171,0.4734,0.644,0.000,0
47.00,Sindhu,AUIT_Multi,CAB,0.680,1.525,0.874,340.1,20.7,0.296,1.526,1.199,0.684,1.526,1.650,World,Wall4m,35.8,28.6,0.503,0.776,0,0,None,None,0,0,0,0,0.4569,0.9260,0.595,0.000,0
47.10,Sindhu,AUIT_Multi,CAB,0.684,1.525,0.876,342.8,20.8,0.311,1.525,1.245,0.748,1.525,1.641,World,Wall4m,34.5,29.9,0.525,0.768,0,0,None,None,0,0,0,0,0.4972,0.6617,0.589,0.000,0
47.21,Sindhu,AUIT_Multi,CAB,0.687,1.525,0.877,345.5,20.8,0.318,1.525,1.288,0.796,1.525,1.640,World,Wall4m,33.9,30.3,0.552,0.771,0,0,None,None,0,0,0,0,0.3887,0.4359,0.594,0.000,0
47.31,Sindhu,AUIT_Multi,CAB,0.689,1.525,0.878,347.6,20.7,0.327,1.525,1.317,0.831,1.525,1.641,World,Wall4m,33.6,30.5,0.569,0.776,0,0,None,None,0,0,0,0,0.3144,0.3573,0.599,0.000,0
47.41,Sindhu,AUIT_Multi,CAB,0.691,1.526,0.879,349.5,20.4,0.335,1.525,1.344,0.862,1.525,1.641,World,Wall4m,33.3,30.5,0.585,0.781,0,0,None,None,0,0,0,0,0.2889,0.3184,0.605,0.000,0
47.50,Sindhu,AUIT_Multi,CAB,0.694,1.528,0.881,352.7,19.4,0.342,1.526,1.376,0.894,1.526,1.642,World,Wall4m,33.6,29.0,0.606,0.786,0,0,None,None,0,0,0,0,0.3360,0.3270,0.612,0.000,0
47.60,Sindhu,AUIT_Multi,CAB,0.697,1.529,0.884,356.7,18.3,0.352,1.528,1.437,0.945,1.528,1.643,World,Wall4m,33.5,27.8,0.652,0.799,0,0,None,None,0,0,0,0,0.6348,0.5334,0.628,0.000,0
47.71,Sindhu,AUIT_Multi,CAB,0.701,1.527,0.883,359.9,19.0,0.393,1.528,1.464,0.988,1.528,1.592,World,Wall4m,33.3,28.9,0.658,0.764,0,0,None,None,0,0,0,0,0.4417,0.5928,0.608,0.000,0
47.81,Sindhu,AUIT_Multi,CAB,0.704,1.526,0.883,2.1,19.5,0.431,1.527,1.463,0.993,1.527,1.511,World,Wall4m,33.2,29.6,0.640,0.692,0,0,None,None,0,0,0,0,0.3940,0.8327,0.564,0.000,0
47.91,Sindhu,AUIT_Multi,CAB,0.706,1.526,0.883,4.0,19.7,0.461,1.526,1.462,0.994,1.526,1.448,World,Wall4m,32.9,30.0,0.628,0.634,0,0,None,None,0,0,0,0,0.3111,0.6564,0.533,0.000,0
48.00,Sindhu,AUIT_Multi,CAB,0.709,1.526,0.883,5.4,19.7,0.485,1.526,1.461,0.994,1.526,1.401,World,Wall4m,32.7,30.3,0.619,0.591,0,0,None,None,0,0,0,0,0.2452,0.4753,0.512,0.000,0
48.10,Sindhu,AUIT_Multi,CAB,0.712,1.525,0.884,7.3,19.9,0.507,1.526,1.460,0.993,1.526,1.363,World,Wall4m,33.0,30.2,0.612,0.556,0,0,None,None,0,0,0,0,0.2233,0.3915,0.496,0.000,0
48.21,Sindhu,AUIT_Multi,CAB,0.715,1.525,0.885,8.8,20.2,0.533,1.525,1.460,0.992,1.525,1.321,World,Wall4m,32.8,30.8,0.603,0.517,0,0,None,None,0,0,0,0,0.2337,0.3768,0.480,0.000,0
48.31,Sindhu,AUIT_Multi,CAB,0.716,1.524,0.886,8.5,20.3,0.545,1.525,1.460,0.993,1.525,1.304,World,Wall4m,31.8,31.9,0.599,0.501,0,0,None,None,0,0,0,0,0.1274,0.1789,0.474,0.000,0
48.41,Sindhu,AUIT_Multi,CAB,0.716,1.524,0.887,8.4,20.5,0.545,1.524,1.460,0.993,1.524,1.307,World,Wall4m,32.0,32.0,0.599,0.503,0,0,None,None,0,0,0,0,0.0083,0.0318,0.474,0.000,0
48.50,Sindhu,AUIT_Multi,CAB,0.717,1.523,0.887,8.7,21.0,0.546,1.524,1.461,0.993,1.524,1.306,World,Wall4m,32.5,32.0,0.599,0.502,0,0,None,None,0,0,0,0,0.0128,0.0118,0.473,0.000,0
48.60,Sindhu,AUIT_Multi,CAB,0.718,1.522,0.887,8.8,21.3,0.550,1.523,1.460,0.993,1.523,1.300,World,Wall4m,32.5,32.3,0.598,0.496,0,0,None,None,0,0,0,0,0.0432,0.0642,0.471,0.000,0
48.70,Sindhu,AUIT_Multi,CAB,0.718,1.523,0.888,8.4,21.2,0.551,1.523,1.461,0.993,1.523,1.299,World,Wall4m,32.1,32.5,0.597,0.495,0,0,None,None,0,0,0,0,0.0090,0.0069,0.471,0.000,0
48.81,Sindhu,AUIT_Multi,CAB,0.719,1.523,0.888,7.9,21.3,0.546,1.523,1.461,0.994,1.523,1.307,World,Wall4m,32.1,32.7,0.598,0.501,0,0,None,None,0,0,0,0,0.0394,0.0697,0.473,0.000,0
48.91,Sindhu,AUIT_Multi,CAB,0.718,1.523,0.889,7.1,21.3,0.541,1.523,1.461,0.994,1.523,1.317,World,Wall4m,31.9,32.9,0.599,0.509,0,0,None,None,0,0,0,0,0.0577,0.1013,0.476,0.000,0
49.00,Sindhu,AUIT_Multi,CAB,0.718,1.522,0.891,6.2,21.5,0.532,1.523,1.462,0.995,1.523,1.333,World,Wall4m,31.9,33.1,0.601,0.521,0,0,None,None,0,0,0,0,0.0903,0.1651,0.480,0.000,0
49.10,Sindhu,AUIT_Multi,CAB,0.717,1.522,0.892,5.4,21.5,0.522,1.522,1.462,0.995,1.522,1.350,World,Wall4m,32.0,33.2,0.603,0.536,0,0,None,None,0,0,0,0,0.0995,0.1825,0.486,0.000,0
49.20,Sindhu,AUIT_Multi,CAB,0.716,1.523,0.893,4.6,21.4,0.512,1.522,1.463,0.996,1.522,1.369,World,Wall4m,31.9,33.0,0.605,0.552,0,0,None,None,0,0,0,0,0.1009,0.1893,0.492,0.000,0
49.31,Sindhu,AUIT_Multi,CAB,0.715,1.522,0.894,3.8,21.4,0.502,1.523,1.464,0.996,1.523,1.389,World,Wall4m,31.9,33.1,0.608,0.569,0,0,None,None,0,0,0,0,0.0916,0.1809,0.499,0.000,0
49.41,Sindhu,AUIT_Multi,CAB,0.715,1.522,0.895,3.2,21.5,0.493,1.522,1.464,0.996,1.522,1.408,World,Wall4m,32.2,32.9,0.611,0.584,0,0,None,None,0,0,0,0,0.0926,0.1921,0.506,0.000,0
49.50,Sindhu,AUIT_Multi,CAB,0.716,1.522,0.896,3.2,21.6,0.489,1.522,1.465,0.996,1.522,1.417,World,Wall4m,32.5,32.7,0.612,0.592,0,0,None,None,0,0,0,0,0.0455,0.0982,0.510,0.000,0
49.60,Sindhu,AUIT_Multi,CAB,0.716,1.522,0.897,3.0,21.9,0.488,1.522,1.465,0.996,1.522,1.421,World,Wall4m,32.7,32.9,0.612,0.594,0,0,None,None,0,0,0,0,0.0151,0.0415,0.511,0.000,0
49.71,Sindhu,AUIT_Multi,CAB,0.715,1.522,0.897,2.4,22.0,0.484,1.522,1.465,0.997,1.522,1.430,World,Wall4m,32.5,33.2,0.613,0.602,0,0,None,None,0,0,0,0,0.0324,0.0769,0.514,0.000,0
49.81,Sindhu,AUIT_Multi,CAB,0.714,1.522,0.897,2.2,21.9,0.478,1.522,1.466,0.997,1.522,1.442,World,Wall4m,32.6,32.9,0.615,0.613,0,0,None,None,0,0,0,0,0.0588,0.1222,0.519,0.000,0
49.91,Sindhu,AUIT_Multi,CAB,0.714,1.523,0.897,2.2,21.9,0.476,1.522,1.466,0.997,1.522,1.446,World,Wall4m,32.7,32.8,0.617,0.618,0,0,None,None,0,0,0,0,0.0245,0.0428,0.521,0.000,0
50.01,Sindhu,AUIT_Multi,CAB,0.713,1.523,0.896,2.2,21.9,0.475,1.523,1.465,0.997,1.523,1.446,World,Wall4m,32.7,32.7,0.618,0.619,0,0,None,None,0,0,0,0,0.0097,0.0046,0.522,0.000,0
50.10,Sindhu,AUIT_Multi,CAB,0.714,1.523,0.895,2.3,21.7,0.475,1.523,1.465,0.996,1.523,1.446,World,Wall4m,32.6,32.5,0.618,0.619,0,0,None,None,0,0,0,0,0.0040,0.0048,0.522,0.000,0
50.21,Sindhu,AUIT_Multi,CAB,0.713,1.524,0.895,2.1,21.4,0.474,1.523,1.465,0.996,1.523,1.444,World,Wall4m,32.3,32.5,0.618,0.618,0,0,None,None,0,0,0,0,0.0054,0.0118,0.522,0.000,0
50.31,Sindhu,AUIT_Multi,CAB,0.713,1.524,0.895,0.9,21.2,0.471,1.524,1.465,0.997,1.524,1.452,World,Wall4m,31.5,33.1,0.620,0.626,0,0,None,None,0,0,0,0,0.0397,0.0795,0.526,0.000,0
50.41,Sindhu,AUIT_Multi,CAB,0.707,1.526,0.895,355.6,20.5,0.443,1.525,1.466,0.999,1.525,1.518,World,Wall4m,28.6,35.3,0.629,0.688,0,0,None,None,0,0,0,0,0.2844,0.6788,0.558,0.000,0
50.51,Sindhu,AUIT_Multi,CAB,0.699,1.525,0.894,348.4,20.4,0.392,1.525,1.430,0.960,1.525,1.617,World,Wall4m,27.0,36.9,0.618,0.770,0,0,None,None,0,0,0,0,0.6489,1.1046,0.598,0.000,0
50.60,Sindhu,AUIT_Multi,CAB,0.691,1.526,0.892,341.8,19.8,0.365,1.526,1.335,0.866,1.526,1.638,World,Wall4m,26.5,36.5,0.550,0.767,0,0,None,None,0,0,0,0,1.0119,0.9884,0.586,0.000,0
50.71,Sindhu,AUIT_Multi,CAB,0.684,1.527,0.888,336.6,19.3,0.331,1.526,1.260,0.766,1.526,1.640,World,Wall4m,27.5,34.9,0.513,0.756,0,0,None,None,0,0,0,0,0.7293,0.8956,0.577,0.000,0
50.81,Sindhu,AUIT_Multi,CAB,0.678,1.527,0.886,332.8,19.0,0.303,1.527,1.223,0.701,1.527,1.640,World,Wall4m,27.9,34.1,0.504,0.754,0,0,None,None,0,0,0,0,0.4884,0.6762,0.576,0.000,0
50.91,Sindhu,AUIT_Multi,CAB,0.673,1.527,0.884,329.1,19.2,0.280,1.527,1.190,0.639,1.527,1.695,World,Wall4m,28.3,33.9,0.498,0.811,0,0,None,None,0,0,0,0,0.4124,0.8558,0.619,0.000,0
51.00,Sindhu,AUIT_Multi,CAB,0.668,1.526,0.884,326.2,19.8,0.255,1.527,1.164,0.586,1.527,1.693,World,Wall4m,29.3,33.8,0.500,0.814,0,0,None,None,0,0,0,0,0.3713,0.5482,0.624,0.000,0
51.10,Sindhu,AUIT_Multi,CAB,0.666,1.524,0.883,324.9,20.6,0.234,1.525,1.148,0.551,1.525,1.650,World,Wall4m,31.0,33.2,0.506,0.775,0,0,None,None,0,0,0,0,0.2732,0.5680,0.594,0.000,0
51.20,Sindhu,AUIT_Multi,CAB,0.666,1.523,0.884,325.2,21.0,0.226,1.524,1.139,0.535,1.524,1.642,World,EggBowl,32.3,32.3,0.508,0.769,0,0,None,None,0,0,0,0,0.1176,0.1876,0.590,0.000,0
51.31,Sindhu,AUIT_Multi,CAB,0.667,1.523,0.885,326.5,21.4,0.234,1.523,1.139,0.540,1.523,1.641,World,EggBowl,33.3,31.7,0.502,0.766,0,0,None,None,0,0,0,0,0.0686,0.0487,0.588,0.000,0
51.41,Sindhu,AUIT_Multi,CAB,0.669,1.522,0.887,327.4,21.7,0.245,1.523,1.145,0.555,1.523,1.645,World,EggBowl,33.5,32.0,0.496,0.767,0,0,None,None,0,0,0,0,0.1290,0.1573,0.588,0.000,0
51.50,Sindhu,AUIT_Multi,CAB,0.670,1.522,0.888,328.1,22.0,0.253,1.522,1.151,0.567,1.522,1.653,World,EggBowl,33.4,32.3,0.493,0.772,0,0,None,None,0,0,0,0,0.1038,0.1541,0.592,0.000,0
51.60,Sindhu,AUIT_Multi,CAB,0.671,1.521,0.888,328.2,22.1,0.258,1.522,1.156,0.575,1.522,1.662,World,EggBowl,33.1,32.7,0.493,0.780,0,0,None,None,0,0,0,0,0.0670,0.1255,0.598,0.000,0
51.70,Sindhu,AUIT_Multi,CAB,0.671,1.521,0.888,327.9,22.2,0.258,1.521,1.157,0.577,1.521,1.664,World,EggBowl,32.8,33.1,0.494,0.781,0,0,None,None,0,0,0,0,0.0135,0.0203,0.599,0.000,0
51.81,Sindhu,AUIT_Multi,CAB,0.671,1.521,0.887,327.5,22.3,0.255,1.521,1.156,0.574,1.521,1.659,World,EggBowl,32.8,33.2,0.495,0.777,0,0,None,None,0,0,0,0,0.0257,0.0535,0.595,0.000,0
51.91,Sindhu,AUIT_Multi,CAB,0.671,1.521,0.886,327.2,22.4,0.253,1.521,1.154,0.570,1.521,1.654,World,EggBowl,32.8,33.3,0.497,0.774,0,0,None,None,0,0,0,0,0.0354,0.0597,0.593,0.000,0
52.01,Sindhu,AUIT_Multi,CAB,0.671,1.520,0.886,327.1,22.6,0.250,1.521,1.152,0.567,1.521,1.651,World,EggBowl,33.1,33.3,0.498,0.772,0,0,None,None,0,0,0,0,0.0309,0.0484,0.591,0.000,0
52.10,Sindhu,AUIT_Multi,CAB,0.672,1.520,0.887,327.3,22.7,0.250,1.520,1.151,0.566,1.520,1.650,World,EggBowl,33.4,33.2,0.497,0.771,0,0,None,None,0,0,0,0,0.0078,0.0108,0.591,0.000,0
52.20,Sindhu,AUIT_Multi,CAB,0.672,1.520,0.887,327.4,22.8,0.252,1.520,1.152,0.568,1.520,1.652,World,EggBowl,33.5,33.2,0.496,0.772,0,0,None,None,0,0,0,0,0.0204,0.0299,0.592,0.000,0
52.31,Sindhu,AUIT_Multi,CAB,0.672,1.520,0.887,327.5,22.9,0.253,1.520,1.153,0.570,1.520,1.654,World,EggBowl,33.5,33.4,0.496,0.774,0,0,None,None,0,0,0,0,0.0163,0.0249,0.593,0.000,0
52.41,Sindhu,AUIT_Multi,CAB,0.673,1.520,0.887,327.3,22.9,0.254,1.520,1.153,0.570,1.520,1.654,World,EggBowl,33.3,33.4,0.496,0.774,0,0,None,None,0,0,0,0,0.0036,0.0038,0.593,0.000,0
52.50,Sindhu,AUIT_Multi,CAB,0.673,1.520,0.888,327.2,22.8,0.253,1.520,1.153,0.569,1.520,1.653,World,EggBowl,33.2,33.4,0.497,0.773,0,0,None,None,0,0,0,0,0.0067,0.0136,0.592,0.000,0
52.60,Sindhu,AUIT_Multi,CAB,0.674,1.521,0.887,327.5,22.7,0.253,1.520,1.153,0.569,1.520,1.653,World,EggBowl,33.4,33.0,0.498,0.772,0,0,None,None,0,0,0,0,0.0059,0.0101,0.592,0.000,0
52.71,Sindhu,AUIT_Multi,CAB,0.678,1.521,0.888,330.3,22.4,0.261,1.521,1.157,0.577,1.521,1.698,World,EggBowl,34.8,31.4,0.496,0.816,0,0,None,None,0,0,0,0,0.0845,0.4117,0.626,0.000,0
52.81,Sindhu,AUIT_Multi,CAB,0.685,1.523,0.889,335.5,21.6,0.284,1.522,1.178,0.626,1.522,1.676,World,Wall4m,36.0,29.2,0.494,0.789,0,0,None,None,0,0,0,0,0.3211,0.5551,0.604,0.000,0
52.91,Sindhu,AUIT_Multi,CAB,0.690,1.524,0.890,339.4,21.1,0.307,1.523,1.217,0.696,1.523,1.645,World,Wall4m,35.3,29.4,0.504,0.755,0,0,None,None,0,0,0,0,0.4628,0.7757,0.579,0.000,0
53.01,Sindhu,AUIT_Multi,CAB,0.693,1.524,0.891,341.4,21.2,0.316,1.524,1.256,0.747,1.524,1.641,World,Wall4m,34.0,30.7,0.525,0.752,0,0,None,None,0,0,0,0,0.4145,0.5264,0.578,0.000,0
53.10,Sindhu,AUIT_Multi,CAB,0.695,1.524,0.891,342.8,21.2,0.318,1.524,1.286,0.778,1.524,1.641,World,Wall4m,33.5,31.3,0.546,0.754,0,0,None,None,0,0,0,0,0.3046,0.3208,0.581,0.000,0
53.21,Sindhu,AUIT_Multi,CAB,0.694,1.526,0.891,342.8,20.1,0.324,1.524,1.298,0.796,1.524,1.641,World,Wall4m,31.5,31.5,0.550,0.757,0,0,None,None,0,0,0,0,0.1277,0.1645,0.583,0.000,0
53.31,Sindhu,AUIT_Multi,CAB,0.691,1.528,0.890,341.2,18.9,0.327,1.526,1.290,0.792,1.526,1.641,World,Wall4m,29.7,32.0,0.541,0.757,0,0,None,None,0,0,0,0,0.0916,0.0524,0.582,0.000,0
53.41,Sindhu,AUIT_Multi,CAB,0.688,1.527,0.890,338.7,19.0,0.323,1.527,1.268,0.767,1.527,1.640,World,Wall4m,29.3,32.8,0.526,0.754,0,0,None,None,0,0,0,0,0.2331,0.2583,0.579,0.000,0
53.51,Sindhu,AUIT_Multi,CAB,0.686,1.526,0.891,336.8,19.8,0.313,1.527,1.247,0.735,1.527,1.640,World,Wall4m,30.1,33.1,0.516,0.751,0,0,None,None,0,0,0,0,0.2363,0.3226,0.577,0.000,0
53.60,Sindhu,AUIT_Multi,CAB,0.684,1.525,0.891,335.2,20.5,0.306,1.526,1.229,0.707,1.526,1.640,World,Wall4m,30.8,33.1,0.506,0.749,0,0,None,None,0,0,0,0,0.2057,0.2872,0.575,0.000,0
53.71,Sindhu,AUIT_Multi,CAB,0.682,1.524,0.892,333.6,20.8,0.299,1.525,1.212,0.682,1.525,1.640,World,Wall4m,31.1,33.2,0.499,0.748,0,0,None,None,0,0,0,0,0.1571,0.2302,0.574,0.000,0
53.81,Sindhu,AUIT_Multi,CAB,0.682,1.525,0.891,332.4,20.6,0.294,1.524,1.201,0.663,1.524,1.640,World,Wall4m,31.1,32.8,0.497,0.749,0,0,None,None,0,0,0,0,0.1316,0.1956,0.574,0.000,0
53.91,Sindhu,AUIT_Multi,CAB,0.682,1.525,0.891,331.9,20.5,0.289,1.525,1.192,0.648,1.525,1.642,World,Wall4m,31.5,32.3,0.496,0.752,0,0,None,None,0,0,0,0,0.1049,0.1512,0.575,0.000,0
54.01,Sindhu,AUIT_Multi,CAB,0.683,1.524,0.890,332.8,20.7,0.288,1.525,1.189,0.645,1.525,1.642,World,Wall4m,32.5,31.5,0.495,0.753,0,0,None,None,0,0,0,0,0.0280,0.0290,0.576,0.000,0
54.10,Sindhu,AUIT_Multi,CAB,0.684,1.524,0.889,334.5,20.7,0.294,1.524,1.195,0.658,1.524,1.640,World,Wall4m,33.1,30.9,0.496,0.751,0,0,None,None,0,0,0,0,0.0801,0.1321,0.575,0.000,0
54.21,Sindhu,AUIT_Multi,CAB,0.687,1.524,0.889,337.2,20.8,0.303,1.524,1.212,0.687,1.524,1.640,World,Wall4m,33.8,30.5,0.501,0.751,0,0,None,None,0,0,0,0,0.1689,0.2564,0.575,0.000,0
54.31,Sindhu,AUIT_Multi,CAB,0.690,1.524,0.889,340.0,20.7,0.311,1.524,1.235,0.721,1.524,1.640,World,Wall4m,34.0,30.1,0.513,0.752,0,0,None,None,0,0,0,0,0.2497,0.3487,0.576,0.000,0
54.41,Sindhu,AUIT_Multi,CAB,0.694,1.524,0.888,344.2,20.5,0.316,1.524,1.272,0.765,1.524,1.640,World,Wall4m,34.8,29.2,0.539,0.756,0,0,None,None,0,0,0,0,0.3928,0.4538,0.580,0.000,0
54.51,Sindhu,AUIT_Multi,CAB,0.699,1.525,0.887,348.9,20.2,0.322,1.525,1.331,0.825,1.525,1.641,World,Wall4m,35.0,28.5,0.582,0.764,0,0,None,None,0,0,0,0,0.6061,0.6214,0.591,0.000,0
54.60,Sindhu,AUIT_Multi,CAB,0.703,1.525,0.886,353.1,20.2,0.337,1.525,1.396,0.894,1.525,1.642,World,Wall4m,34.7,28.8,0.627,0.780,0,0,None,None,0,0,0,0,0.6868,0.7129,0.609,0.000,0
54.71,Sindhu,AUIT_Multi,CAB,0.707,1.524,0.885,356.1,20.6,0.359,1.525,1.454,0.960,1.525,1.643,World,Wall4m,33.9,30.0,0.668,0.800,0,0,None,None,0,0,0,0,0.5621,0.5956,0.631,0.000,0
54.81,Sindhu,AUIT_Multi,CAB,0.709,1.525,0.883,357.9,20.6,0.388,1.525,1.465,0.990,1.525,1.615,World,Wall4m,33.3,30.6,0.664,0.784,0,0,None,None,0,0,0,0,0.3194,0.4203,0.621,0.000,0
54.91,Sindhu,AUIT_Multi,CAB,0.711,1.525,0.883,358.9,20.3,0.412,1.525,1.464,0.995,1.525,1.563,World,Wall4m,32.7,30.9,0.654,0.737,0,0,None,None,0,0,0,0,0.2471,0.5388,0.592,0.000,0
55.01,Sindhu,AUIT_Multi,CAB,0.713,1.524,0.882,359.8,20.4,0.428,1.525,1.463,0.996,1.525,1.523,World,Wall4m,32.6,31.1,0.647,0.701,0,0,None,None,0,0,0,0,0.1669,0.4034,0.571,0.000,0
55.10,Sindhu,AUIT_Multi,CAB,0.715,1.524,0.881,0.6,20.3,0.442,1.524,1.462,0.996,1.524,1.491,World,Wall4m,32.4,31.2,0.642,0.672,0,0,None,None,0,0,0,0,0.1432,0.3373,0.555,0.000,0
55.21,Sindhu,AUIT_Multi,CAB,0.715,1.524,0.880,0.4,20.1,0.450,1.524,1.462,0.997,1.524,1.472,World,Wall4m,31.6,31.7,0.640,0.656,0,0,None,None,0,0,0,0,0.0712,0.1653,0.547,0.000,0
55.31,Sindhu,AUIT_Multi,CAB,0.715,1.525,0.879,0.0,19.9,0.448,1.524,1.462,0.997,1.524,1.477,World,Wall4m,31.3,31.7,0.641,0.661,0,0,None,None,0,0,0,0,0.0235,0.0431,0.550,0.000,0
55.41,Sindhu,AUIT_Multi,CAB,0.715,1.526,0.879,359.7,19.5,0.444,1.525,1.462,0.998,1.525,1.484,World,Wall4m,31.0,31.5,0.643,0.668,0,0,None,None,0,0,0,0,0.0393,0.0813,0.554,0.000,0
55.51,Sindhu,AUIT_Multi,CAB,0.716,1.525,0.879,359.1,19.5,0.439,1.525,1.462,0.998,1.525,1.496,World,Wall4m,31.0,31.7,0.646,0.679,0,0,None,None,0,0,0,0,0.0531,0.1194,0.560,0.000,0
55.60,Sindhu,AUIT_Multi,CAB,0.717,1.524,0.878,358.7,19.8,0.432,1.525,1.462,0.998,1.525,1.510,World,Wall4m,31.3,31.7,0.649,0.691,0,0,None,None,0,0,0,0,0.0636,0.1445,0.568,0.000,0
55.70,Sindhu,AUIT_Multi,CAB,0.719,1.524,0.878,358.7,19.8,0.430,1.525,1.462,0.998,1.525,1.516,World,Wall4m,31.5,31.4,0.652,0.697,0,0,None,None,0,0,0,0,0.0302,0.0642,0.571,0.000,0
55.81,Sindhu,AUIT_Multi,CAB,0.720,1.524,0.877,358.8,19.8,0.430,1.524,1.462,0.998,1.524,1.513,World,Wall4m,31.6,31.4,0.652,0.694,0,0,None,None,0,0,0,0,0.0082,0.0254,0.570,0.000,0
55.91,Sindhu,AUIT_Multi,CAB,0.721,1.524,0.877,358.8,19.9,0.432,1.524,1.462,0.998,1.524,1.509,World,Wall4m,31.6,31.4,0.652,0.690,0,0,None,None,0,0,0,0,0.0175,0.0490,0.568,0.000,0
56.01,Sindhu,AUIT_Multi,CAB,0.722,1.524,0.875,358.8,19.9,0.433,1.524,1.461,0.998,1.524,1.504,World,Wall4m,31.5,31.5,0.653,0.687,0,0,None,None,0,0,0,0,0.0140,0.0430,0.566,0.000,0
56.10,Sindhu,AUIT_Multi,CAB,0.722,1.524,0.873,358.8,19.6,0.433,1.524,1.461,0.998,1.524,1.505,World,Wall4m,31.3,31.3,0.655,0.690,0,0,None,None,0,0,0,0,0.0058,0.0025,0.567,0.000,0
56.20,Sindhu,AUIT_Multi,CAB,0.722,1.525,0.869,358.9,19.2,0.433,1.524,1.460,0.998,1.524,1.500,World,Wall4m,31.1,30.9,0.658,0.689,0,0,None,None,0,0,0,0,0.0087,0.0472,0.566,0.000,0
56.31,Sindhu,AUIT_Multi,CAB,0.723,1.526,0.863,359.5,18.5,0.435,1.525,1.459,0.998,1.525,1.486,World,Wall4m,30.9,30.2,0.662,0.681,0,0,None,None,0,0,0,0,0.0186,0.1278,0.564,0.000,0
56.41,Sindhu,AUIT_Multi,CAB,0.723,1.526,0.856,0.4,18.1,0.441,1.526,1.457,0.998,1.526,1.461,World,Wall4m,31.0,29.7,0.664,0.664,0,0,None,None,0,0,0,0,0.0682,0.2567,0.557,0.000,0
56.51,Sindhu,AUIT_Multi,CAB,0.723,1.526,0.850,1.1,18.5,0.449,1.526,1.455,0.997,1.526,1.431,World,Wall4m,31.1,30.1,0.664,0.642,0,0,None,None,0,0,0,0,0.0901,0.3044,0.548,0.000,0
56.60,Sindhu,AUIT_Multi,CAB,0.722,1.527,0.847,1.2,18.0,0.456,1.526,1.453,0.997,1.526,1.410,World,Wall4m,30.3,30.3,0.662,0.627,0,0,None,None,0,0,0,0,0.0660,0.2187,0.543,0.000,0
56.70,Sindhu,AUIT_Multi,CAB,0.718,1.530,0.846,359.6,16.5,0.449,1.527,1.453,0.998,1.527,1.421,World,Wall4m,28.3,30.7,0.664,0.640,0,0,None,None,0,0,0,0,0.0735,0.1143,0.550,0.000,0
56.81,Sindhu,AUIT_Multi,CAB,0.713,1.531,0.843,357.1,14.2,0.419,1.530,1.453,0.999,1.530,1.482,World,Wall4m,26.6,30.2,0.677,0.701,0,0,None,None,0,0,0,0,0.2658,0.5567,0.581,0.000,0
56.91,Sindhu,AUIT_Multi,CAB,0.709,1.534,0.842,355.3,12.4,0.394,1.532,1.441,1.000,1.532,1.558,World,Wall4m,25.9,29.3,0.677,0.773,0,0,None,None,0,0,0,0,0.2916,0.7799,0.617,0.000,0
57.01,Sindhu,AUIT_Multi,CAB,0.705,1.537,0.846,352.6,10.7,0.383,1.534,1.406,0.991,1.534,1.622,World,Wall4m,24.7,29.4,0.646,0.827,0,0,None,None,1,0,0,0,0.3696,0.6594,0.645,0.000,0
57.10,Sindhu,AUIT_Multi,CAB,0.703,1.540,0.854,350.6,10.7,0.371,1.537,1.370,0.952,1.537,1.638,World,Wall4m,25.5,28.9,0.613,0.823,0,0,None,None,0,0,0,0,0.4031,0.4334,0.640,0.000,0
57.20,Sindhu,AUIT_Multi,CAB,0.699,1.543,0.870,350.8,9.9,0.359,1.540,1.365,0.926,1.540,1.640,World,Wall4m,27.0,27.2,0.601,0.804,0,0,None,None,0,0,0,0,0.1390,0.2758,0.630,0.000,0
57.31,Sindhu,AUIT_Multi,CAB,0.689,1.545,0.894,352.1,9.3,0.352,1.543,1.389,0.918,1.543,1.641,World,Wall4m,27.8,26.5,0.598,0.782,0,0,None,None,0,0,0,0,0.2243,0.0727,0.620,0.000,0
57.41,Sindhu,AUIT_Multi,CAB,0.676,1.544,0.923,353.7,8.9,0.351,1.544,1.424,0.920,1.544,1.643,World,Wall4m,28.1,26.5,0.597,0.760,0,0,None,None,0,0,0,0,0.3653,0.0254,0.610,0.000,0
57.51,Sindhu,AUIT_Multi,CAB,0.660,1.547,0.955,355.1,8.5,0.351,1.544,1.461,0.919,1.544,1.644,World,Wall4m,27.6,26.7,0.592,0.736,0,0,None,None,0,0,0,0,0.3780,0.0191,0.597,0.000,0
57.60,Sindhu,AUIT_Multi,CAB,0.645,1.552,0.989,355.1,7.1,0.353,1.548,1.486,0.906,1.548,1.646,World,Wall4m,26.4,27.4,0.576,0.706,0,0,None,None,0,0,0,0,0.2593,0.1380,0.576,0.000,0
57.70,Sindhu,AUIT_Multi,CAB,0.633,1.553,1.019,356.2,6.6,0.357,1.552,1.495,0.886,1.552,1.647,World,Wall4m,27.0,26.5,0.550,0.677,0,0,None,None,0,0,0,0,0.1128,0.2104,0.551,0.000,0
57.81,Sindhu,AUIT_Multi,CAB,0.623,1.552,1.046,357.6,6.2,0.371,1.553,1.503,0.877,1.553,1.649,World,Wall4m,27.1,26.0,0.522,0.654,0,0,None,None,0,0,0,0,0.1501,0.0855,0.526,0.000,0
57.91,Sindhu,AUIT_Multi,CAB,0.617,1.553,1.064,358.8,5.5,0.385,1.553,1.508,0.875,1.553,1.650,World,Wall4m,27.0,25.5,0.502,0.640,0,0,None,None,0,0,0,0,0.1457,0.0267,0.510,0.000,0
58.01,Sindhu,AUIT_Multi,CAB,0.614,1.553,1.076,0.8,4.8,0.400,1.553,1.512,0.879,1.553,1.651,World,Wall4m,27.5,24.4,0.486,0.633,0,0,None,None,0,1,0,0,0.1610,0.0504,0.499,0.000,0
58.10,Sindhu,AUIT_Multi,CAB,0.612,1.552,1.083,3.1,4.2,0.420,1.553,1.514,0.897,1.553,1.652,World,CabinetD05,27.4,23.8,0.472,0.636,0,0,None,None,0,1,0,0,0.2141,0.1820,0.496,0.000,0
58.20,Sindhu,AUIT_Multi,CAB,0.609,1.551,1.086,4.7,4.1,0.439,1.552,1.515,0.918,1.552,1.654,World,CabinetD05,26.7,24.2,0.461,0.646,0,0,None,None,0,1,0,0,0.1878,0.2122,0.499,0.000,0
58.31,Sindhu,AUIT_Multi,CAB,0.605,1.550,1.087,6.9,4.0,0.454,1.551,1.515,0.838,1.551,1.627,World,CabinetD05,26.7,16.9,0.455,0.589,0,0,None,None,0,1,0,0,0.1387,0.7525,0.400,0.000,0
58.41,Sindhu,AUIT_Multi,CAB,0.602,1.550,1.086,7.8,3.3,0.465,1.550,1.515,0.740,1.551,1.597,World,CabinetD05,25.7,8.0,0.450,0.529,0,0,None,None,0,1,0,0,0.1160,1.0618,0.287,0.000,0
58.51,Sindhu,AUIT_Multi,CAB,0.599,1.550,1.086,7.8,3.3,0.468,1.550,1.514,0.771,1.550,1.605,World,CabinetD05,25.0,11.1,0.447,0.546,0,0,None,None,1,1,0,0,0.0310,0.3293,0.316,0.000,0
58.60,Sindhu,AUIT_Multi,CAB,0.597,1.550,1.087,7.7,3.5,0.468,1.550,1.514,0.930,1.550,1.650,World,CabinetD05,24.7,23.2,0.446,0.654,0,0,None,None,1,1,0,0,0.0007,1.7008,0.481,0.000,0
58.70,Sindhu,AUIT_Multi,CAB,0.596,1.550,1.089,7.9,3.7,0.468,1.550,1.514,0.952,1.550,1.655,World,CabinetD05,24.8,24.6,0.444,0.669,0,0,None,None,1,1,0,0,0.0025,0.2424,0.504,0.000,0
58.81,Sindhu,AUIT_Multi,CAB,0.595,1.549,1.092,7.2,4.1,0.465,1.550,1.515,0.955,1.550,1.655,World,CabinetD05,24.6,25.6,0.443,0.668,0,0,None,None,1,0,0,0,0.0270,0.0223,0.509,0.000,0
58.91,Sindhu,AUIT_Multi,CAB,0.596,1.550,1.094,6.6,4.1,0.459,1.550,1.516,0.948,1.550,1.655,World,CabinetD05,24.9,25.9,0.444,0.663,0,0,None,None,1,0,0,0,0.0643,0.0648,0.509,0.000,0
59.01,Sindhu,AUIT_Multi,CAB,0.598,1.551,1.096,6.5,4.1,0.456,1.550,1.517,0.942,1.550,1.655,World,CabinetD05,25.4,25.4,0.444,0.657,0,0,None,None,0,0,0,0,0.0320,0.0683,0.505,0.000,0
59.10,Sindhu,AUIT_Multi,CAB,0.600,1.551,1.097,6.4,4.3,0.458,1.551,1.517,0.941,1.551,1.655,World,CabinetD05,25.5,25.4,0.444,0.655,0,0,None,None,0,0,0,0,0.0167,0.0088,0.503,0.000,0
59.20,Sindhu,AUIT_Multi,CAB,0.603,1.550,1.096,6.2,4.9,0.458,1.551,1.518,0.941,1.551,1.655,World,CabinetD05,25.6,25.4,0.445,0.653,0,0,None,None,0,0,0,0,0.0103,0.0059,0.502,0.000,0
59.31,Sindhu,AUIT_Multi,CAB,0.607,1.550,1.094,6.2,5.2,0.460,1.550,1.517,0.942,1.550,1.655,World,CabinetD05,25.8,25.2,0.448,0.654,0,0,None,None,0,0,0,0,0.0148,0.0119,0.501,0.000,0
59.41,Sindhu,AUIT_Multi,CAB,0.610,1.550,1.092,6.6,5.7,0.464,1.550,1.517,0.948,1.550,1.655,World,CabinetD05,26.3,24.9,0.449,0.657,0,0,None,None,0,1,0,0,0.0407,0.0635,0.504,0.000,0
59.51,Sindhu,AUIT_Multi,CAB,0.615,1.549,1.089,7.5,6.7,0.471,1.550,1.516,0.961,1.550,1.656,World,CabinetD05,27.0,24.7,0.451,0.664,0,0,None,None,0,1,0,0,0.0773,0.1261,0.509,0.000,0
59.60,Sindhu,AUIT_Multi,CAB,0.622,1.546,1.085,9.3,9.2,0.484,1.549,1.515,0.979,1.549,1.652,World,Wall4m,28.6,24.7,0.452,0.670,0,0,None,None,0,1,0,0,0.1294,0.1898,0.513,0.000,0
59.70,Sindhu,AUIT_Multi,CAB,0.628,1.543,1.080,11.5,11.7,0.505,1.546,1.513,0.985,1.546,1.610,World,Wall4m,29.8,25.2,0.450,0.638,0,0,None,None,0,0,0,0,0.2156,0.4361,0.490,0.000,0
59.81,Sindhu,AUIT_Multi,CAB,0.635,1.538,1.072,14.0,14.2,0.531,1.542,1.511,0.984,1.542,1.547,World,Wall4m,30.7,26.5,0.451,0.590,0,0,None,None,0,0,0,0,0.2403,0.5623,0.455,0.000,0
59.91,Sindhu,AUIT_Multi,CAB,0.640,1.536,1.064,15.3,16.1,0.550,1.538,1.509,0.984,1.538,1.502,World,Wall4m,31.1,27.8,0.454,0.557,0,0,None,None,0,0,0,0,0.1979,0.4636,0.434,0.000,0
60.01,Sindhu,AUIT_Multi,CAB,0.646,1.532,1.055,16.4,17.8,0.565,1.535,1.508,0.984,1.535,1.467,World,Wall4m,31.8,29.0,0.460,0.533,0,0,None,None,0,0,0,0,0.1579,0.3662,0.421,0.000,0
60.10,Sindhu,AUIT_Multi,CAB,0.652,1.529,1.046,17.7,19.3,0.579,1.532,1.507,0.983,1.532,1.434,World,Wall4m,32.7,29.7,0.468,0.511,0,0,None,None,0,0,0,0,0.1503,0.3406,0.411,0.000,0
60.20,Sindhu,AUIT_Multi,CAB,0.657,1.527,1.038,18.8,20.4,0.594,1.529,1.508,0.983,1.529,1.402,World,Wall4m,33.1,30.5,0.474,0.489,0,0,None,None,0,0,0,0,0.1548,0.3288,0.403,0.000,0
60.30,Sindhu,AUIT_Multi,CAB,0.661,1.527,1.032,19.3,20.9,0.608,1.526,1.503,0.959,1.517,1.395,World,Wall4m,32.7,27.8,0.475,0.470,0,0,None,None,0,0,0,0,0.1509,0.2805,0.368,0.000,0
60.41,Sindhu,AUIT_Multi,CAB,0.663,1.525,1.028,19.1,21.2,0.625,1.519,1.498,0.872,1.477,1.440,World,Wall4m,30.9,17.0,0.472,0.465,0,0,None,None,0,1,0,0,0.1743,0.9612,0.258,0.000,0
60.51,Sindhu,AUIT_Multi,CAB,0.664,1.524,1.027,18.2,21.5,0.641,1.514,1.493,0.797,1.442,1.485,World,Wall4m,28.8,11.9,0.466,0.484,0,0,None,None,0,1,0,0,0.1831,0.9716,0.172,1.000,0
60.60,Sindhu,AUIT_Multi,CAB,0.664,1.524,1.031,16.9,21.8,0.657,1.508,1.488,0.953,1.508,1.459,World,Wall4m,26.3,26.1,0.457,0.517,0,0,None,None,0,0,0,0,0.1837,1.7664,0.297,0.000,0
60.70,Sindhu,AUIT_Multi,CAB,0.664,1.524,1.041,15.5,22.1,0.668,1.503,1.484,0.985,1.522,1.492,World,Wall4m,24.2,29.2,0.444,0.554,0,0,None,None,1,0,0,0,0.1304,0.4905,0.318,0.000,0
60.81,Sindhu,AUIT_Multi,CAB,0.665,1.525,1.057,14.1,23.1,0.678,1.497,1.482,0.989,1.524,1.497,World,Wall4m,22.7,31.6,0.425,0.546,0,0,None,None,1,0,0,0,0.1069,0.0583,0.312,0.000,0
60.91,Sindhu,AUIT_Multi,CAB,0.666,1.524,1.074,12.6,24.0,0.687,1.491,1.478,0.988,1.525,1.497,World,Wall4m,21.5,33.9,0.406,0.532,0,0,None,None,1,0,0,0,0.1119,0.0060,0.304,0.000,0
61.01,Sindhu,AUIT_Multi,CAB,0.667,1.523,1.093,11.4,25.1,0.700,1.485,1.473,0.988,1.524,1.504,World,CabinetDCorner01,20.3,36.0,0.383,0.522,0,0,None,None,1,0,0,0,0.1630,0.0824,0.292,0.000,0
61.10,Sindhu,AUIT_Multi,CAB,0.668,1.521,1.115,10.3,26.7,0.712,1.480,1.470,0.989,1.523,1.536,World,CabinetDCorner01,20.3,37.4,0.360,0.530,0,0,None,None,1,0,0,0,0.1329,0.3213,0.289,0.000,0
61.20,Sindhu,AUIT_Multi,CAB,0.669,1.519,1.135,9.3,28.4,0.725,1.474,1.467,0.990,1.521,1.574,World,CabinetDCorner01,20.7,38.5,0.340,0.545,0,0,None,None,1,0,0,0,0.1491,0.3956,0.290,0.000,0
61.31,Sindhu,AUIT_Multi,CAB,0.668,1.516,1.152,8.5,29.9,0.626,1.498,1.513,0.991,1.518,1.613,World,CabinetDCorner01,30.7,39.3,0.364,0.563,0,0,None,None,0,0,0,0,1.0065,0.3538,0.378,0.000,0
61.41,Sindhu,AUIT_Multi,CAB,0.666,1.513,1.161,8.5,30.7,0.565,1.512,1.533,0.991,1.515,1.639,World,CabinetDCorner01,38.0,39.4,0.386,0.578,0,0,None,None,0,0,0,0,0.6748,0.2614,0.439,0.000,0
61.51,Sindhu,AUIT_Multi,CAB,0.664,1.512,1.165,8.8,30.8,0.556,1.513,1.535,0.990,1.513,1.650,World,CabinetDCorner01,39.0,39.1,0.385,0.585,0,0,None,None,0,0,0,0,0.0886,0.1187,0.449,0.000,0
61.60,Sindhu,AUIT_Multi,CAB,0.663,1.512,1.165,9.7,31.1,0.557,1.512,1.535,0.990,1.512,1.649,World,CabinetDCorner01,39.5,38.7,0.385,0.584,0,0,None,None,0,0,0,0,0.0119,0.0177,0.447,0.000,0
61.70,Sindhu,AUIT_Multi,CAB,0.662,1.512,1.159,10.9,31.2,0.562,1.512,1.535,0.989,1.512,1.630,World,CabinetDCorner01,39.5,38.4,0.389,0.574,0,0,None,None,0,0,0,0,0.0552,0.1889,0.437,0.000,0
61.81,Sindhu,AUIT_Multi,CAB,0.660,1.515,1.149,10.8,29.8,0.567,1.513,1.533,0.988,1.513,1.608,World,CabinetDCorner01,37.4,37.8,0.395,0.564,0,0,None,None,0,0,0,0,0.0449,0.1961,0.428,0.000,0
61.91,Sindhu,AUIT_Multi,CAB,0.657,1.519,1.137,9.2,27.7,0.560,1.516,1.530,0.989,1.516,1.612,World,CabinetDCorner01,35.0,36.8,0.405,0.579,0,0,None,None,0,0,0,0,0.0891,0.0509,0.437,0.000,0
62.01,Sindhu,AUIT_Multi,CAB,0.654,1.523,1.124,7.6,26.1,0.544,1.520,1.527,0.990,1.520,1.630,World,CabinetDCorner01,33.7,35.9,0.418,0.608,0,0,None,None,0,0,0,0,0.1675,0.1875,0.457,0.000,0
62.10,Sindhu,AUIT_Multi,CAB,0.651,1.526,1.109,5.4,24.7,0.525,1.523,1.524,0.986,1.523,1.650,World,Wall4m,32.5,35.4,0.434,0.637,0,0,None,None,0,0,0,0,0.2068,0.2100,0.478,0.000,0
62.20,Sindhu,AUIT_Multi,CAB,0.647,1.528,1.093,2.1,23.1,0.500,1.526,1.521,0.966,1.526,1.654,World,Wall4m,30.7,35.2,0.452,0.645,0,0,None,None,0,0,0,0,0.2631,0.2149,0.485,0.000,0
62.31,Sindhu,AUIT_Multi,CAB,0.641,1.532,1.078,353.8,20.8,0.447,1.529,1.518,0.910,1.529,1.652,World,Wall4m,26.7,36.9,0.481,0.634,0,0,None,None,0,0,0,0,0.4714,0.4962,0.482,0.000,0
62.41,Sindhu,AUIT_Multi,CAB,0.633,1.534,1.066,342.0,19.0,0.369,1.532,1.494,0.816,1.532,1.648,World,Wall4m,23.0,39.5,0.502,0.610,0,0,None,None,1,0,0,0,0.8467,0.9839,0.473,0.000,0
62.51,Sindhu,AUIT_Multi,CAB,0.627,1.536,1.056,330.9,18.3,0.333,1.534,1.377,0.689,1.534,1.680,World,Wall4m,22.4,38.7,0.436,0.627,0,0,None,None,1,0,0,0,1.2552,1.3435,0.467,0.000,0
62.60,Sindhu,AUIT_Multi,CAB,0.626,1.536,1.048,325.2,18.3,0.306,1.536,1.291,0.582,1.536,1.704,World,Wall4m,25.5,35.5,0.401,0.657,0,0,None,None,0,0,0,0,0.9335,1.1258,0.497,0.000,0
62.70,Sindhu,AUIT_Multi,CAB,0.624,1.536,1.042,322.1,18.9,0.292,1.536,1.243,0.523,1.536,1.656,World,Wall4m,27.9,33.8,0.388,0.622,0,0,None,None,0,0,0,0,0.5079,0.7883,0.473,0.000,0
62.81,Sindhu,AUIT_Multi,CAB,0.623,1.534,1.036,320.3,19.2,0.278,1.535,1.215,0.481,1.535,1.648,World,Wall4m,29.6,32.5,0.389,0.628,0,0,None,None,0,0,0,0,0.2819,0.3789,0.478,0.000,0
62.91,Sindhu,AUIT_Multi,CAB,0.622,1.533,1.031,320.6,19.3,0.275,1.534,1.206,0.430,1.513,1.555,World,Wall4m,30.4,25.6,0.389,0.558,0,0,None,None,0,0,0,0,0.0961,1.1150,0.382,0.000,0
63.01,Sindhu,AUIT_Multi,CAB,0.621,1.532,1.027,320.8,19.7,0.276,1.533,1.206,0.380,1.488,1.452,World,Wall4m,30.4,17.3,0.389,0.491,0,0,None,None,0,1,0,0,0.0163,1.1843,0.271,0.000,0
63.10,Sindhu,AUIT_Multi,CAB,0.622,1.532,1.024,320.8,19.8,0.276,1.532,1.206,0.375,1.491,1.471,World,Wall4m,30.1,18.3,0.390,0.512,0,0,None,None,0,1,0,0,0.0098,0.2046,0.286,0.000,0
63.20,Sindhu,AUIT_Multi,CAB,0.623,1.531,1.023,320.9,20.1,0.276,1.532,1.206,0.430,1.525,1.620,World,Wall4m,30.2,28.5,0.392,0.628,0,0,None,None,0,0,0,0,0.0041,1.6745,0.442,0.000,0
63.31,Sindhu,AUIT_Multi,CAB,0.627,1.530,1.021,321.9,20.8,0.277,1.531,1.205,0.449,1.530,1.645,World,Wall4m,31.5,30.1,0.395,0.649,0,0,None,None,0,0,0,0,0.0103,0.2819,0.472,0.000,0
63.41,Sindhu,AUIT_Multi,CAB,0.631,1.529,1.020,323.2,21.4,0.278,1.530,1.205,0.477,1.530,1.646,World,Wall4m,32.8,31.1,0.399,0.645,0,0,None,None,0,0,0,0,0.0146,0.2886,0.484,0.000,0
63.51,Sindhu,AUIT_Multi,CAB,0.634,1.529,1.018,323.7,22.3,0.281,1.529,1.207,0.498,1.529,1.646,World,Wall4m,33.4,32.4,0.400,0.642,0,0,None,None,0,0,0,0,0.0425,0.2213,0.489,0.000,0
63.60,Sindhu,AUIT_Multi,CAB,0.636,1.528,1.017,324.4,24.1,0.285,1.529,1.210,0.510,1.529,1.646,World,EggBowl,34.6,33.7,0.401,0.641,0,0,None,None,0,0,0,0,0.0472,0.1219,0.490,0.000,0
63.70,Sindhu,AUIT_Multi,CAB,0.635,1.524,1.017,323.9,26.6,0.286,1.527,1.212,0.515,1.527,1.646,World,EggBowl,36.0,36.3,0.400,0.640,0,0,None,None,0,0,0,0,0.0279,0.0555,0.490,0.000,0
63.81,Sindhu,AUIT_Multi,CAB,0.630,1.521,1.014,324.0,29.1,0.282,1.524,1.209,0.509,1.524,1.646,World,EggBowl,37.7,37.9,0.399,0.644,0,0,None,None,0,0,0,0,0.0575,0.0691,0.492,0.000,0
63.91,Sindhu,AUIT_Multi,CAB,0.621,1.521,1.010,325.2,29.1,0.281,1.522,1.208,0.509,1.522,1.645,World,EggBowl,37.7,37.6,0.394,0.645,0,0,None,None,0,0,0,0,0.0267,0.0204,0.493,0.000,0
64.01,Sindhu,AUIT_Multi,CAB,0.610,1.519,1.008,325.3,28.5,0.278,1.520,1.208,0.509,1.520,1.645,World,EggBowl,36.9,37.7,0.388,0.645,0,0,None,None,0,0,0,0,0.0328,0.0127,0.494,0.000,0
64.10,Sindhu,AUIT_Multi,CAB,0.596,1.519,1.007,323.5,26.8,0.268,1.519,1.203,0.493,1.519,1.645,World,EggBowl,34.6,37.6,0.382,0.646,0,0,None,None,0,0,0,0,0.1183,0.1574,0.497,0.000,0
64.20,Sindhu,AUIT_Multi,CAB,0.576,1.520,1.008,321.1,24.8,0.248,1.519,1.192,0.459,1.519,1.646,World,EggBowl,32.5,36.9,0.376,0.648,0,0,None,None,0,0,0,0,0.2298,0.3548,0.500,0.000,0
64.31,Sindhu,AUIT_Multi,CAB,0.549,1.524,1.011,317.7,22.0,0.209,1.521,1.179,0.402,1.521,1.646,World,CabinetD04,30.0,35.9,0.379,0.652,0,0,None,None,0,0,0,0,0.3719,0.5113,0.506,0.000,0
64.41,Sindhu,AUIT_Multi,CAB,0.523,1.525,1.015,315.8,20.1,0.161,1.524,1.172,0.347,1.524,1.647,World,Wall4m,29.5,34.5,0.395,0.656,0,0,None,None,0,0,0,0,0.5002,0.5612,0.511,0.000,0
64.51,Sindhu,AUIT_Multi,CAB,0.496,1.526,1.020,314.4,20.1,0.098,1.525,1.175,0.299,1.525,1.648,World,Wall4m,30.3,34.1,0.428,0.658,0,0,None,None,0,0,0,0,0.6509,0.4918,0.514,0.000,0
64.60,Sindhu,AUIT_Multi,CAB,0.472,1.525,1.028,312.7,21.0,0.025,1.525,1.184,0.256,1.525,1.649,World,Wall4m,31.1,34.6,0.474,0.658,0,0,None,None,0,0,0,0,0.7586,0.4496,0.519,0.000,0
64.70,Sindhu,AUIT_Multi,CAB,0.454,1.523,1.038,311.7,23.1,-0.006,1.525,1.180,0.215,1.525,1.650,World,Wall4m,33.3,35.0,0.481,0.657,0,0,None,None,0,0,0,0,0.3244,0.4280,0.519,0.000,0
64.81,Sindhu,AUIT_Multi,CAB,0.443,1.523,1.057,312.2,25.2,0.046,1.524,1.166,0.193,1.524,1.650,World,CabinetD04,36.2,34.9,0.411,0.644,0,0,None,None,0,0,0,0,0.4836,0.1944,0.506,0.000,0
64.91,Sindhu,AUIT_Multi,CAB,0.439,1.522,1.077,312.4,27.2,0.071,1.518,1.175,0.180,1.501,1.599,World,CabinetD04,37.5,32.3,0.381,0.584,0,0,None,None,0,0,0,0,0.2773,0.5926,0.438,0.000,0
65.01,Sindhu,AUIT_Multi,CAB,0.440,1.522,1.099,312.0,29.3,0.085,1.509,1.190,0.158,1.464,1.516,World,EggBowl,37.9,26.3,0.366,0.507,0,0,None,None,0,0,0,0,0.2327,0.9707,0.337,0.000,0
65.10,Sindhu,AUIT_Multi,CAB,0.440,1.525,1.119,311.0,30.6,0.097,1.501,1.205,0.151,1.449,1.482,World,EggBowl,37.0,23.4,0.354,0.470,0,0,None,None,0,1,0,0,0.2153,0.3915,0.287,0.000,0
65.20,Sindhu,AUIT_Multi,CAB,0.440,1.524,1.135,309.7,31.5,0.105,1.493,1.220,0.191,1.511,1.625,World,EggBowl,35.5,37.3,0.347,0.550,0,0,None,None,0,0,0,0,0.1990,1.6648,0.414,0.000,0
65.30,Sindhu,AUIT_Multi,CAB,0.439,1.522,1.148,308.2,32.3,0.111,1.484,1.236,0.190,1.522,1.651,World,EggBowl,33.8,40.3,0.342,0.562,0,0,None,None,0,0,0,0,0.1917,0.2874,0.425,0.000,0
65.41,Sindhu,AUIT_Multi,CAB,0.434,1.520,1.161,307.2,33.0,0.118,1.474,1.253,0.183,1.521,1.649,World,EggBowl,31.6,40.9,0.333,0.548,0,0,None,None,0,0,0,0,0.1892,0.0663,0.404,0.000,0
65.51,Sindhu,AUIT_Multi,CAB,0.427,1.521,1.172,306.8,33.1,0.124,1.465,1.269,0.182,1.521,1.639,World,EggBowl,29.1,40.9,0.323,0.528,0,0,None,None,0,0,0,0,0.1928,0.0959,0.379,0.000,0
65.61,Sindhu,AUIT_Multi,CAB,0.419,1.520,1.181,305.7,33.6,0.130,1.457,1.283,0.182,1.521,1.623,World,EggBowl,26.4,41.6,0.313,0.502,0,0,None,None,0,0,0,0,0.1853,0.1658,0.350,0.000,0
65.70,Sindhu,AUIT_Multi,CAB,0.411,1.520,1.189,304.1,34.0,0.135,1.448,1.298,0.182,1.520,1.598,World,EggBowl,23.3,42.2,0.305,0.468,0,0,None,None,1,0,0,0,0.1799,0.2647,0.312,0.000,0
65.81,Sindhu,AUIT_Multi,CAB,0.401,1.520,1.197,302.6,33.9,0.140,1.439,1.314,0.183,1.520,1.564,World,EggBowl,19.7,42.1,0.298,0.427,0,0,None,None,1,0,0,0,0.1769,0.3029,0.267,0.000,0
65.91,Sindhu,AUIT_Multi,CAB,0.394,1.519,1.202,301.4,33.9,0.133,1.493,1.260,0.183,1.520,1.539,World,EggBowl,33.3,42.2,0.269,0.398,0,0,None,None,0,0,0,0,0.7861,0.2538,0.285,0.000,0
66.01,Sindhu,AUIT_Multi,CAB,0.389,1.518,1.206,300.4,34.1,0.119,1.515,1.236,0.183,1.519,1.519,World,EggBowl,40.3,42.1,0.272,0.374,0,0,None,None,0,0,0,0,0.3652,0.2154,0.289,0.000,0
66.11,Sindhu,AUIT_Multi,CAB,0.387,1.516,1.210,300.6,34.6,0.120,1.517,1.233,0.183,1.517,1.507,World,EggBowl,42.2,41.9,0.268,0.360,0,0,None,None,0,0,0,0,0.0432,0.1213,0.281,0.000,0
66.20,Sindhu,AUIT_Multi,CAB,0.387,1.516,1.213,302.4,34.8,0.171,1.516,1.233,0.183,1.516,1.513,World,EggBowl,43.2,41.1,0.218,0.364,0,0,None,None,0,0,0,0,0.5122,0.0693,0.281,0.000,0
66.31,Sindhu,AUIT_Multi,CAB,0.388,1.516,1.214,305.7,34.7,0.194,1.516,1.241,0.180,1.516,1.549,World,EggBowl,43.3,40.5,0.196,0.394,0,0,None,None,0,0,0,0,0.2256,0.3193,0.308,0.000,0
66.41,Sindhu,AUIT_Multi,CAB,0.391,1.516,1.215,309.9,34.8,0.213,1.517,1.249,0.178,1.517,1.601,World,EggBowl,44.1,40.0,0.182,0.442,0,0,None,None,0,0,0,0,0.2100,0.5415,0.354,0.000,0
66.51,Sindhu,AUIT_Multi,CAB,0.395,1.516,1.215,316.6,35.0,0.231,1.516,1.261,0.201,1.516,1.646,World,EggBowl,45.4,39.3,0.170,0.473,0,0,None,None,0,0,0,0,0.2216,0.5154,0.387,0.000,0
66.60,Sindhu,AUIT_Multi,CAB,0.401,1.515,1.213,324.9,35.5,0.244,1.516,1.278,0.259,1.516,1.653,World,EggBowl,46.8,39.0,0.170,0.462,0,0,None,None,0,0,0,0,0.2255,0.6102,0.375,0.000,0
66.70,Sindhu,AUIT_Multi,CAB,0.409,1.513,1.210,335.3,36.3,0.248,1.515,1.308,0.334,1.515,1.652,World,EggBowl,48.7,39.2,0.189,0.448,0,0,None,None,0,0,0,0,0.3105,0.7687,0.355,0.000,0
66.80,Sindhu,AUIT_Multi,CAB,0.420,1.510,1.207,346.4,37.5,0.244,1.513,1.363,0.424,1.513,1.652,World,CabinetD02,49.8,39.9,0.235,0.445,0,0,None,None,0,0,0,0,0.5666,0.9262,0.341,0.000,0
66.91,Sindhu,AUIT_Multi,CAB,0.434,1.507,1.205,358.3,38.2,0.242,1.510,1.465,0.506,1.489,1.686,World,CabinetD02,50.2,37.4,0.323,0.487,0,0,None,None,0,0,0,0,0.9105,0.8229,0.345,0.000,0
67.01,Sindhu,AUIT_Multi,CAB,0.449,1.502,1.203,6.0,39.1,0.273,1.506,1.542,0.473,1.419,1.652,World,CabinetD02,50.2,28.8,0.381,0.457,0,0,None,None,0,0,0,0,0.8632,0.8807,0.244,0.000,0
67.11,Sindhu,AUIT_Multi,CAB,0.470,1.499,1.205,11.6,39.2,0.336,1.502,1.547,0.436,1.349,1.622,World,CabinetD01,49.8,24.0,0.367,0.445,0,0,None,None,0,1,0,0,0.6443,0.8650,0.198,0.000,0
67.20,Sindhu,AUIT_Multi,CAB,0.497,1.499,1.211,14.5,38.6,0.392,1.500,1.545,0.709,1.444,1.650,World,CabinetD01,48.4,33.7,0.350,0.491,0,0,None,None,0,0,0,0,0.5738,2.9530,0.338,0.000,0
67.30,Sindhu,AUIT_Multi,CAB,0.528,1.500,1.223,15.6,38.6,0.437,1.500,1.547,0.857,1.492,1.665,World,CabinetD01,48.0,42.3,0.336,0.550,0,0,None,None,0,0,0,0,0.4712,1.6239,0.436,0.000,0
67.41,Sindhu,AUIT_Multi,CAB,0.570,1.500,1.238,17.4,39.0,0.483,1.497,1.550,0.896,1.486,1.662,World,CabinetD01,48.9,41.7,0.325,0.535,0,0,None,None,0,0,0,0,0.4139,0.3573,0.428,0.000,0
67.51,Sindhu,AUIT_Multi,CAB,0.605,1.498,1.250,18.4,39.2,0.509,1.481,1.555,0.800,1.403,1.629,World,CabinetDCorner01,48.6,27.8,0.320,0.437,0,0,None,None,0,0,0,0,0.3184,1.3507,0.310,0.000,0
67.61,Sindhu,AUIT_Multi,CAB,0.636,1.496,1.263,17.4,40.0,0.533,1.464,1.560,0.701,1.322,1.596,World,CabinetDCorner01,47.4,13.9,0.316,0.382,0,0,None,None,0,1,0,0,0.3072,1.3546,0.223,0.000,0
67.70,Sindhu,AUIT_Multi,CAB,0.662,1.495,1.273,15.9,41.1,0.555,1.448,1.564,0.850,1.408,1.621,World,CabinetDCorner01,45.5,30.7,0.314,0.405,0,0,None,None,0,0,0,0,0.2790,1.7694,0.304,0.000,0
67.80,Sindhu,AUIT_Multi,CAB,0.682,1.495,1.281,13.9,41.2,0.576,1.432,1.567,0.968,1.482,1.648,World,CabinetDCorner01,42.1,45.2,0.312,0.466,0,0,None,None,0,0,0,0,0.2768,1.4701,0.403,0.000,0
67.91,Sindhu,AUIT_Multi,CAB,0.698,1.491,1.286,11.3,42.1,0.597,1.412,1.571,0.984,1.492,1.663,World,CabinetDCorner01,38.1,48.2,0.313,0.474,0,0,None,None,0,0,0,0,0.2606,0.2166,0.406,0.000,0
68.01,Sindhu,AUIT_Multi,CAB,0.707,1.489,1.287,9.8,42.6,0.616,1.396,1.575,0.977,1.491,1.665,World,CabinetDCorner01,34.4,48.6,0.316,0.464,0,0,None,None,0,0,0,0,0.2616,0.0826,0.384,0.000,0
68.11,Sindhu,AUIT_Multi,CAB,0.713,1.489,1.287,9.1,42.8,0.635,1.377,1.578,0.970,1.490,1.665,World,CabinetDCorner01,30.2,48.5,0.321,0.457,0,0,None,None,0,0,0,0,0.2746,0.0646,0.365,0.000,0
68.20,Sindhu,AUIT_Multi,CAB,0.715,1.489,1.284,8.8,42.9,0.654,1.362,1.581,0.969,1.489,1.664,World,CabinetDCorner01,26.4,48.4,0.329,0.457,0,0,None,None,0,0,0,0,0.2479,0.0182,0.350,0.000,0
68.30,Sindhu,AUIT_Multi,CAB,0.714,1.489,1.277,8.9,42.7,0.672,1.346,1.583,0.969,1.489,1.664,World,CabinetDCorner01,22.5,48.0,0.340,0.463,0,0,None,None,1,0,0,0,0.2568,0.0055,0.339,0.000,0
68.41,Sindhu,AUIT_Multi,CAB,0.708,1.490,1.269,9.0,42.0,0.682,1.356,1.579,0.968,1.489,1.664,World,CabinetDCorner01,21.9,47.3,0.339,0.473,0,0,None,None,1,0,0,0,0.1266,0.0045,0.327,0.000,0
68.51,Sindhu,AUIT_Multi,CAB,0.700,1.492,1.261,7.6,40.9,0.630,1.468,1.568,0.967,1.491,1.663,World,CabinetD01,40.9,47.1,0.315,0.483,0,0,None,None,0,0,0,0,1.2666,0.0197,0.351,0.000,0
68.61,Sindhu,AUIT_Multi,CAB,0.690,1.493,1.254,5.8,40.1,0.603,1.489,1.567,0.953,1.492,1.662,World,CabinetD01,43.9,46.9,0.326,0.486,0,0,None,None,0,0,0,0,0.3500,0.1447,0.363,0.000,0
68.70,Sindhu,AUIT_Multi,CAB,0.677,1.495,1.246,0.7,39.0,0.578,1.493,1.561,0.926,1.493,1.661,World,CabinetD01,42.0,47.7,0.330,0.484,0,0,None,None,0,0,0,0,0.2707,0.2812,0.362,0.000,0
68.80,Sindhu,AUIT_Multi,CAB,0.654,1.499,1.237,347.4,36.9,0.513,1.496,1.561,0.853,1.496,1.657,World,CabinetD02,37.8,50.6,0.353,0.464,0,0,None,None,0,0,0,0,0.6641,0.7554,0.353,0.000,0
68.91,Sindhu,AUIT_Multi,CAB,0.627,1.504,1.223,329.4,34.4,0.364,1.500,1.543,0.705,1.500,1.683,World,CabinetD02,34.9,50.7,0.414,0.467,0,0,None,None,0,0,0,0,1.3543,1.3466,0.369,0.000,0
69.01,Sindhu,AUIT_Multi,CAB,0.609,1.508,1.210,318.5,32.7,0.313,1.504,1.433,0.573,1.504,1.704,World,EggBowl,33.9,47.7,0.370,0.496,0,0,None,None,0,0,0,0,1.2454,1.3784,0.375,0.000,0
69.11,Sindhu,AUIT_Multi,CAB,0.596,1.509,1.201,312.7,32.2,0.307,1.508,1.343,0.475,1.508,1.663,World,EggBowl,35.5,44.4,0.322,0.478,0,0,None,None,0,0,0,0,0.9258,1.0934,0.361,0.000,0
69.20,Sindhu,AUIT_Multi,CAB,0.586,1.510,1.194,308.5,32.3,0.301,1.509,1.295,0.407,1.509,1.657,World,EggBowl,36.9,43.1,0.303,0.497,0,0,None,None,0,0,0,0,0.5031,0.7055,0.378,0.000,0
69.30,Sindhu,AUIT_Multi,CAB,0.577,1.510,1.188,304.4,32.2,0.286,1.510,1.264,0.349,1.510,1.658,World,EggBowl,37.2,42.7,0.300,0.522,0,0,None,None,0,0,0,0,0.3520,0.5892,0.399,0.000,0
69.41,Sindhu,AUIT_Multi,CAB,0.565,1.510,1.180,298.8,32.2,0.250,1.510,1.232,0.278,1.510,1.660,World,EggBowl,36.9,43.1,0.320,0.560,0,0,None,None,0,0,0,0,0.4354,0.6419,0.429,0.000,0
69.51,Sindhu,AUIT_Multi,CAB,0.556,1.511,1.172,295.2,32.2,0.148,1.510,1.203,0.262,1.481,1.585,World,CabinetD04,37.7,39.9,0.409,0.508,0,0,None,None,0,0,0,0,1.0777,0.8403,0.400,0.000,0
69.61,Sindhu,AUIT_Multi,CAB,0.549,1.510,1.167,294.1,32.6,0.121,1.510,1.175,0.288,1.432,1.461,World,CabinetD04,39.2,30.8,0.429,0.401,0,0,None,None,0,0,0,0,0.4001,1.3975,0.341,0.000,0
69.70,Sindhu,AUIT_Multi,CAB,0.544,1.509,1.164,294.2,33.1,0.133,1.510,1.173,0.285,1.414,1.392,World,CabinetD04,39.6,23.5,0.411,0.358,0,0,None,None,0,1,0,0,0.1280,0.7400,0.284,0.000,0
69.80,Sindhu,AUIT_Multi,CAB,0.541,1.509,1.163,296.1,33.7,0.128,1.509,1.173,0.209,1.492,1.524,World,CabinetD04,41.0,37.5,0.413,0.490,0,0,None,None,0,0,0,0,0.0467,1.7641,0.361,0.000,0
69.91,Sindhu,AUIT_Multi,CAB,0.538,1.508,1.163,299.3,34.2,0.175,1.509,1.177,0.194,1.507,1.600,World,EggBowl,42.6,40.0,0.363,0.556,0,0,None,None,0,0,0,0,0.4225,0.7137,0.424,0.000,0
70.01,Sindhu,AUIT_Multi,CAB,0.535,1.509,1.164,301.0,34.6,0.194,1.508,1.190,0.193,1.508,1.644,World,EggBowl,42.7,41.0,0.342,0.590,0,0,None,None,0,0,0,0,0.2358,0.4532,0.455,0.000,0
70.11,Sindhu,AUIT_Multi,CAB,0.531,1.509,1.165,302.4,34.8,0.209,1.509,1.199,0.203,1.509,1.657,World,EggBowl,42.6,41.3,0.323,0.591,0,0,None,None,0,0,0,0,0.1807,0.1683,0.458,0.000,0
70.20,Sindhu,AUIT_Multi,CAB,0.523,1.510,1.168,304.1,34.7,0.222,1.509,1.207,0.217,1.509,1.658,World,EggBowl,42.6,41.3,0.304,0.578,0,0,None,None,0,0,0,0,0.1522,0.1473,0.451,0.000,0
70.30,Sindhu,AUIT_Multi,CAB,0.511,1.511,1.170,305.0,34.6,0.229,1.510,1.215,0.229,1.510,1.658,World,EggBowl,42.1,41.7,0.285,0.564,0,0,None,None,0,0,0,0,0.1132,0.1166,0.443,0.000,0
70.41,Sindhu,AUIT_Multi,CAB,0.488,1.511,1.172,304.9,34.8,0.225,1.511,1.220,0.225,1.511,1.658,World,EggBowl,41.7,42.8,0.267,0.552,0,0,None,None,0,0,0,0,0.0599,0.0350,0.438,0.000,0
70.51,Sindhu,AUIT_Multi,CAB,0.462,1.508,1.175,303.0,36.2,0.199,1.510,1.221,0.201,1.510,1.654,World,EggBowl,42.5,45.0,0.267,0.546,0,0,None,None,0,0,0,0,0.2735,0.2434,0.434,0.000,0
70.61,Sindhu,AUIT_Multi,CAB,0.433,1.504,1.176,299.6,38.1,0.123,1.507,1.218,0.190,1.507,1.598,World,CabinetD04,43.7,47.5,0.313,0.487,0,0,None,None,0,0,0,0,0.7774,0.5929,0.385,0.000,0
70.70,Sindhu,AUIT_Multi,CAB,0.406,1.500,1.177,296.0,39.2,0.023,1.503,1.205,0.189,1.503,1.514,World,CabinetD04,44.5,48.9,0.384,0.401,0,0,None,None,0,0,0,0,1.0437,0.8725,0.351,0.000,0
70.80,Sindhu,AUIT_Multi,CAB,0.382,1.495,1.179,292.7,39.8,-0.032,1.500,1.182,0.190,1.500,1.441,World,CabinetD04,45.2,49.4,0.414,0.325,0,0,None,None,0,0,0,0,0.6179,0.7509,0.341,0.000,0
70.91,Sindhu,AUIT_Multi,CAB,0.357,1.490,1.185,291.2,41.2,-0.072,1.494,1.161,0.190,1.494,1.385,World,Floor,47.3,49.7,0.429,0.260,0,0,None,None,0,0,0,0,0.4101,0.5077,0.345,0.000,0
71.01,Sindhu,AUIT_Multi,CAB,0.339,1.484,1.195,292.0,41.9,-0.044,1.489,1.163,0.187,1.481,1.360,World,Floor,49.0,47.0,0.384,0.225,0,0,None,None,0,0,0,0,0.2946,0.2853,0.304,0.000,0
71.10,Sindhu,AUIT_Multi,CAB,0.330,1.479,1.204,294.1,43.3,-0.012,1.484,1.177,0.175,1.431,1.337,World,CabinetD04,51.0,33.3,0.343,0.211,0,0,None,None,0,0,0,0,0.3898,0.6265,0.251,0.000,0
71.21,Sindhu,AUIT_Multi,CAB,0.329,1.477,1.215,298.9,44.5,0.035,1.479,1.206,0.159,1.366,1.311,World,CabinetD04,52.5,15.0,0.294,0.225,0,0,None,None,0,1,0,0,0.5003,0.6478,0.197,0.000,0
71.30,Sindhu,AUIT_Multi,CAB,0.340,1.479,1.225,305.5,44.4,0.156,1.477,1.228,0.169,1.430,1.401,World,CabinetD03,53.5,34.3,0.185,0.251,0,0,None,None,0,0,0,0,1.3534,1.2319,0.180,0.000,0
71.41,Sindhu,AUIT_Multi,CAB,0.366,1.484,1.238,315.1,43.4,0.212,1.480,1.256,0.173,1.475,1.566,World,EggBowl,54.0,44.0,0.154,0.380,0,0,None,None,0,0,0,0,0.5707,1.5373,0.312,0.000,0
71.51,Sindhu,AUIT_Multi,CAB,0.398,1.489,1.251,325.7,42.6,0.241,1.485,1.291,0.236,1.484,1.641,World,EggBowl,55.4,43.3,0.162,0.422,0,0,None,None,0,0,0,0,0.4599,1.0107,0.350,0.000,0
71.61,Sindhu,AUIT_Multi,CAB,0.437,1.492,1.263,336.9,41.4,0.237,1.466,1.323,0.216,1.384,1.638,World,CabinetD03,56.0,28.2,0.211,0.449,0,0,None,None,0,0,0,0,0.3946,1.0609,0.326,0.000,0
71.70,Sindhu,AUIT_Multi,CAB,0.480,1.495,1.272,347.7,40.1,0.234,1.447,1.364,0.204,1.287,1.649,World,CabinetD02,58.4,25.7,0.267,0.512,0,0,None,None,0,0,0,0,0.4592,1.0131,0.329,0.000,0
71.80,Sindhu,AUIT_Multi,CAB,0.521,1.497,1.277,356.4,38.6,0.240,1.429,1.398,0.399,1.356,1.652,World,CabinetD02,61.3,22.7,0.313,0.420,0,0,None,None,0,1,0,0,0.4070,2.1279,0.308,0.000,0
71.91,Sindhu,AUIT_Multi,CAB,0.566,1.497,1.280,4.6,38.3,0.254,1.408,1.420,0.674,1.480,1.660,World,CabinetD01,65.8,37.4,0.354,0.395,0,0,None,None,0,0,0,0,0.3034,2.7232,0.489,0.000,0
72.01,Sindhu,AUIT_Multi,CAB,0.602,1.494,1.283,9.9,38.8,0.262,1.388,1.439,0.790,1.494,1.664,World,CabinetD01,68.8,41.6,0.389,0.425,0,0,None,None,0,0,0,0,0.2917,1.1926,0.583,1.000,0
72.11,Sindhu,AUIT_Multi,CAB,0.632,1.492,1.288,12.4,39.0,0.267,1.369,1.460,0.767,1.443,1.623,World,CabinetD01,69.6,32.5,0.422,0.364,0,0,None,None,0,0,0,0,0.2905,0.7069,0.532,1.000,0
72.20,Sindhu,AUIT_Multi,CAB,0.658,1.490,1.297,13.1,39.9,0.264,1.348,1.481,0.724,1.385,1.575,World,CabinetDCorner01,69.5,19.7,0.457,0.304,0,0,None,None,0,1,0,0,0.3059,0.8952,0.471,1.000,0
72.30,Sindhu,AUIT_Multi,CAB,0.680,1.486,1.310,12.9,41.8,0.269,1.331,1.501,0.823,1.416,1.607,World,CabinetDCorner01,68.7,31.9,0.480,0.338,0,0,None,None,0,0,0,0,0.2805,1.1220,0.571,1.000,0
72.41,Sindhu,AUIT_Multi,CAB,0.701,1.479,1.324,11.6,44.3,0.268,1.308,1.524,0.944,1.476,1.663,World,CabinetDCorner01,67.0,48.7,0.506,0.418,0,0,None,None,0,0,0,0,0.2888,1.3099,0.710,0.000,0
72.51,Sindhu,AUIT_Multi,CAB,0.714,1.474,1.333,10.1,46.3,0.267,1.288,1.544,0.954,1.478,1.667,World,CabinetDCorner01,65.0,52.0,0.529,0.411,0,0,None,None,0,0,0,0,0.2962,0.1088,0.723,0.000,0
72.61,Sindhu,AUIT_Multi,CAB,0.724,1.470,1.341,8.3,47.5,0.584,1.438,1.553,0.947,1.473,1.667,World,CabinetD01,53.7,53.2,0.256,0.395,0,0,None,None,0,0,0,0,3.6246,0.0837,0.382,0.000,0
72.70,Sindhu,AUIT_Multi,CAB,0.729,1.467,1.346,7.1,48.3,0.641,1.465,1.585,0.937,1.470,1.666,World,CabinetD01,53.3,53.5,0.255,0.382,0,0,None,None,0,0,0,0,0.7227,0.1088,0.307,0.000,0
72.80,Sindhu,AUIT_Multi,CAB,0.733,1.466,1.348,6.0,48.5,0.650,1.467,1.587,0.930,1.467,1.666,World,CabinetD01,53.2,53.5,0.253,0.374,0,0,None,None,0,0,0,0,0.1039,0.0714,0.291,0.000,0
72.91,Sindhu,AUIT_Multi,CAB,0.736,1.466,1.346,4.4,48.3,0.648,1.466,1.589,0.921,1.466,1.665,World,CabinetD01,52.7,53.2,0.258,0.369,0,0,None,None,0,0,0,0,0.0269,0.0829,0.283,0.000,0
73.01,Sindhu,AUIT_Multi,CAB,0.738,1.467,1.341,3.8,47.9,0.645,1.467,1.590,0.917,1.467,1.664,World,CabinetD01,52.2,52.6,0.265,0.369,0,0,None,None,0,0,0,0,0.0358,0.0447,0.282,0.000,0
73.11,Sindhu,AUIT_Multi,CAB,0.737,1.469,1.335,3.0,47.2,0.651,1.455,1.590,0.876,1.406,1.669,World,CabinetD01,47.9,40.7,0.270,0.367,0,0,None,None,0,0,0,0,0.1379,0.7556,0.243,0.000,0
73.20,Sindhu,AUIT_Multi,CAB,0.736,1.472,1.328,1.1,46.2,0.664,1.435,1.591,0.810,1.306,1.675,World,CabinetD01,41.1,22.9,0.276,0.392,0,0,None,None,0,1,0,0,0.2385,1.2308,0.213,0.000,0
73.30,Sindhu,AUIT_Multi,CAB,0.729,1.475,1.319,356.0,44.9,0.672,1.416,1.593,0.761,1.264,1.676,World,CabinetD01,33.5,16.1,0.286,0.416,0,0,None,None,0,1,0,0,0.2202,0.6605,0.194,0.000,0
73.41,Sindhu,AUIT_Multi,CAB,0.717,1.480,1.309,347.2,42.5,0.670,1.393,1.596,0.780,1.449,1.658,World,CabinetD02,26.1,42.7,0.304,0.356,0,0,None,None,0,0,0,0,0.2033,1.6732,0.138,0.000,0
73.51,Sindhu,AUIT_Multi,CAB,0.705,1.484,1.298,339.2,41.1,0.660,1.374,1.599,0.769,1.477,1.656,World,CabinetD02,23.8,48.9,0.323,0.364,0,0,None,None,1,0,0,0,0.2196,0.3168,0.160,0.000,0
73.61,Sindhu,AUIT_Multi,CAB,0.692,1.486,1.284,331.3,40.2,0.653,1.355,1.601,0.722,1.484,1.655,World,CabinetD02,25.6,50.0,0.345,0.371,0,0,None,None,0,0,0,0,0.2195,0.4950,0.156,0.000,0
73.70,Sindhu,AUIT_Multi,CAB,0.682,1.487,1.271,326.1,39.5,0.661,1.334,1.593,0.655,1.486,1.723,World,CabinetD02,28.9,48.1,0.357,0.452,0,0,None,None,0,0,0,0,0.2391,0.9821,0.200,0.000,0
73.80,Sindhu,AUIT_Multi,CAB,0.677,1.488,1.261,325.2,39.2,0.672,1.315,1.589,0.593,1.487,1.847,World,CabinetD02,30.3,46.1,0.371,0.592,0,0,None,None,0,0,0,0,0.2381,1.4335,0.321,0.000,0
73.91,Sindhu,AUIT_Multi,CAB,0.675,1.488,1.254,326.9,39.3,0.683,1.292,1.591,0.581,1.488,1.856,World,CabinetD02,29.5,45.0,0.390,0.610,0,0,None,None,0,0,0,0,0.2274,0.1321,0.345,0.000,0
74.01,Sindhu,AUIT_Multi,CAB,0.677,1.489,1.251,329.0,39.0,0.694,1.273,1.594,0.598,1.488,1.815,World,CabinetD02,28.1,44.3,0.406,0.570,0,0,None,None,0,0,0,0,0.2275,0.4537,0.323,0.000,0
74.11,Sindhu,AUIT_Multi,CAB,0.681,1.489,1.251,332.8,39.1,0.442,1.418,1.548,0.612,1.489,1.792,World,CabinetD02,30.3,43.1,0.387,0.546,0,0,None,None,0,0,0,0,3.0270,0.2737,0.306,0.000,0
74.20,Sindhu,AUIT_Multi,CAB,0.688,1.489,1.253,338.5,39.5,0.359,1.479,1.570,0.638,1.489,1.696,World,CabinetD02,44.4,41.9,0.457,0.446,0,0,None,None,0,0,0,0,1.0847,1.0291,0.306,0.000,0
74.30,Sindhu,AUIT_Multi,CAB,0.695,1.489,1.255,343.1,39.6,0.374,1.487,1.571,0.707,1.489,1.659,World,CabinetD02,47.3,43.2,0.450,0.405,0,0,None,None,0,0,0,0,0.1752,0.8084,0.345,0.000,0
74.41,Sindhu,AUIT_Multi,CAB,0.706,1.488,1.255,351.4,40.2,0.432,1.489,1.570,0.766,1.489,1.655,World,CabinetD02,49.9,43.2,0.417,0.404,0,0,None,None,0,0,0,0,0.5274,0.5330,0.345,0.000,0
74.51,Sindhu,AUIT_Multi,CAB,0.716,1.486,1.254,359.0,41.3,0.507,1.488,1.565,0.835,1.488,1.657,World,CabinetD01,51.2,44.5,0.375,0.419,0,0,None,None,0,0,0,0,0.7721,0.7008,0.340,0.000,0
74.61,Sindhu,AUIT_Multi,CAB,0.723,1.483,1.254,3.1,42.2,0.565,1.485,1.564,0.898,1.485,1.659,World,CabinetD01,50.4,46.2,0.348,0.442,0,0,None,None,0,0,0,0,0.5947,0.6534,0.346,0.000,0
74.70,Sindhu,AUIT_Multi,CAB,0.726,1.483,1.252,5.7,42.3,0.597,1.484,1.567,0.941,1.484,1.661,World,CabinetD01,49.3,46.8,0.341,0.462,0,0,None,None,0,0,0,0,0.3284,0.4472,0.357,0.000,0
74.80,Sindhu,AUIT_Multi,CAB,0.726,1.483,1.250,6.0,42.0,0.613,1.483,1.570,0.966,1.483,1.662,World,CabinetD01,47.9,47.4,0.339,0.476,0,0,None,None,0,0,0,0,0.1660,0.2587,0.366,0.000,0
74.91,Sindhu,AUIT_Multi,CAB,0.723,1.483,1.248,6.2,42.0,0.616,1.483,1.570,0.973,1.483,1.662,World,CabinetD01,47.6,47.6,0.340,0.483,0,0,None,None,0,0,0,0,0.0263,0.0548,0.369,0.000,0
75.01,Sindhu,AUIT_Multi,CAB,0.720,1.484,1.245,6.5,41.9,0.615,1.483,1.569,0.973,1.483,1.661,World,CabinetD01,47.2,47.4,0.340,0.487,0,0,None,None,0,0,0,0,0.0099,0.0010,0.369,0.000,0
75.11,Sindhu,AUIT_Multi,CAB,0.715,1.484,1.242,6.9,41.7,0.613,1.484,1.568,0.973,1.484,1.661,World,CabinetD01,47.0,47.2,0.342,0.493,0,0,None,None,0,0,0,0,0.0231,0.0047,0.371,0.000,0
75.20,Sindhu,AUIT_Multi,CAB,0.706,1.485,1.239,5.0,41.5,0.607,1.484,1.564,0.969,1.484,1.661,World,CabinetD01,46.0,48.0,0.340,0.498,0,0,None,None,0,0,0,0,0.0784,0.0342,0.375,0.000,0
75.30,Sindhu,AUIT_Multi,CAB,0.693,1.486,1.236,359.6,41.1,0.582,1.485,1.558,0.939,1.485,1.660,World,CabinetD01,44.2,49.4,0.341,0.490,0,0,None,None,0,0,0,0,0.2572,0.3149,0.371,0.000,0
75.41,Sindhu,AUIT_Multi,CAB,0.670,1.489,1.229,349.0,39.5,0.512,1.487,1.559,0.858,1.487,1.656,World,CabinetD02,41.4,50.4,0.366,0.466,0,0,None,None,0,0,0,0,0.6345,0.7329,0.359,0.000,0
75.51,Sindhu,AUIT_Multi,CAB,0.649,1.492,1.222,340.6,38.9,0.413,1.490,1.563,0.767,1.490,1.653,World,CabinetD02,41.1,50.0,0.415,0.447,0,0,None,None,0,0,0,0,1.0175,0.9280,0.366,0.000,0
75.61,Sindhu,AUIT_Multi,CAB,0.629,1.493,1.213,333.9,38.7,0.331,1.492,1.537,0.686,1.492,1.652,World,CabinetD02,41.4,49.2,0.441,0.443,0,0,None,None,0,0,0,0,0.8765,0.8294,0.373,0.000,0
75.70,Sindhu,AUIT_Multi,CAB,0.611,1.495,1.205,329.9,38.5,0.307,1.493,1.472,0.607,1.493,1.891,World,CabinetD02,41.9,47.1,0.404,0.687,0,0,None,None,0,0,0,0,0.7271,2.6343,0.516,0.000,0
75.80,Sindhu,AUIT_Multi,CAB,0.593,1.497,1.198,327.4,38.4,0.302,1.495,1.420,0.566,1.495,1.716,World,CabinetD02,42.4,47.0,0.366,0.519,0,0,None,None,0,0,0,0,0.5377,1.8560,0.397,0.000,0
75.91,Sindhu,AUIT_Multi,CAB,0.568,1.499,1.190,324.1,38.1,0.298,1.497,1.375,0.520,1.497,1.658,World,CabinetD03,41.9,46.9,0.327,0.470,0,0,None,None,0,0,0,0,0.4036,0.6609,0.360,0.000,0
76.01,Sindhu,AUIT_Multi,CAB,0.543,1.503,1.185,321.3,37.1,0.294,1.500,1.340,0.474,1.500,1.653,World,EggBowl,40.6,46.2,0.293,0.473,0,0,None,None,0,0,0,0,0.3642,0.4807,0.361,0.000,0
76.11,Sindhu,AUIT_Multi,CAB,0.515,1.507,1.180,318.2,35.7,0.287,1.503,1.308,0.422,1.503,1.653,World,EggBowl,39.1,45.4,0.261,0.482,0,0,None,None,0,0,0,0,0.3395,0.5326,0.371,0.000,0
76.20,Sindhu,AUIT_Multi,CAB,0.483,1.508,1.177,314.5,34.9,0.273,1.507,1.280,0.367,1.462,1.612,World,EggBowl,38.4,40.4,0.233,0.453,0,0,None,None,0,0,0,0,0.3217,0.8284,0.348,0.000,0
76.30,Sindhu,AUIT_Multi,CAB,0.446,1.509,1.175,309.6,34.3,0.247,1.508,1.256,0.307,1.405,1.559,World,EggBowl,38.0,34.0,0.215,0.421,0,0,None,None,0,0,0,0,0.3674,1.0008,0.326,0.000,0
76.41,Sindhu,AUIT_Multi,CAB,0.399,1.503,1.178,304.3,35.2,0.139,1.507,1.244,0.230,1.405,1.541,World,EggBowl,40.6,35.0,0.269,0.412,0,0,None,None,0,0,0,0,0.9790,0.7103,0.327,0.000,0
76.51,Sindhu,AUIT_Multi,CAB,0.356,1.492,1.183,300.8,37.3,0.054,1.501,1.232,0.189,1.484,1.517,World,CabinetD04,44.0,47.1,0.306,0.373,0,0,None,None,0,0,0,0,0.8913,0.9566,0.316,0.000,0
76.61,Sindhu,AUIT_Multi,CAB,0.319,1.477,1.187,298.9,40.2,-0.019,1.489,1.221,0.184,1.487,1.434,World,CabinetD04,47.4,51.7,0.340,0.282,0,0,None,None,0,0,0,0,0.7707,0.8473,0.295,0.000,0
76.70,Sindhu,AUIT_Multi,CAB,0.298,1.466,1.191,299.8,43.0,-0.034,1.476,1.214,0.169,1.446,1.379,World,CabinetD04,50.3,44.4,0.333,0.229,0,0,None,None,0,0,0,0,0.2139,0.7207,0.263,0.000,0
76.80,Sindhu,AUIT_Multi,CAB,0.292,1.464,1.192,302.6,43.9,0.018,1.467,1.216,0.148,1.387,1.338,World,CabinetD04,50.8,25.7,0.275,0.220,0,0,None,None,0,0,0,0,0.5449,0.7745,0.195,0.000,0
76.91,Sindhu,AUIT_Multi,CAB,0.300,1.470,1.193,306.7,43.1,0.053,1.466,1.228,0.134,1.353,1.320,World,CabinetD04,49.3,13.9,0.250,0.240,0,0,None,None,0,1,0,0,0.3298,0.3732,0.167,0.000,0
77.01,Sindhu,AUIT_Multi,CAB,0.317,1.479,1.194,311.9,41.1,0.127,1.472,1.230,0.163,1.452,1.437,World,EggBowl,47.9,38.3,0.194,0.290,0,0,None,None,0,0,0,0,0.7663,1.6045,0.211,0.000,0
77.11,Sindhu,AUIT_Multi,CAB,0.342,1.489,1.196,318.9,38.7,0.180,1.481,1.238,0.169,1.478,1.576,World,EggBowl,47.3,40.1,0.168,0.417,0,0,None,None,0,0,0,0,0.5623,1.4506,0.337,0.000,0
77.20,Sindhu,AUIT_Multi,CAB,0.374,1.497,1.199,327.7,36.6,0.204,1.475,1.259,0.192,1.450,1.615,World,EggBowl,45.9,31.6,0.181,0.456,0,0,None,None,0,0,0,0,0.3237,0.5423,0.357,0.000,0
77.30,Sindhu,AUIT_Multi,CAB,0.413,1.501,1.204,338.4,36.0,0.206,1.452,1.291,0.192,1.372,1.598,World,EggBowl,47.5,21.3,0.230,0.470,0,0,None,None,0,1,0,0,0.4091,0.8155,0.318,0.000,0
77.41,Sindhu,AUIT_Multi,CAB,0.464,1.502,1.210,352.2,36.0,0.207,1.426,1.341,0.265,1.330,1.631,World,CabinetD02,53.5,22.0,0.298,0.497,0,0,None,None,0,1,0,0,0.5141,0.8223,0.311,0.000,0
77.51,Sindhu,AUIT_Multi,CAB,0.508,1.501,1.215,2.1,36.4,0.215,1.402,1.380,0.579,1.471,1.664,World,CabinetD02,58.5,33.2,0.350,0.455,0,0,None,None,0,0,0,0,0.4808,3.5648,0.467,0.000,0
77.61,Sindhu,AUIT_Multi,CAB,0.548,1.502,1.219,9.2,36.3,0.228,1.376,1.398,0.741,1.497,1.662,World,CabinetD01,63.1,38.2,0.388,0.483,0,0,None,None,0,0,0,0,0.3526,1.6928,0.590,0.000,0
77.70,Sindhu,AUIT_Multi,CAB,0.584,1.503,1.225,12.4,35.6,0.239,1.353,1.421,0.814,1.477,1.664,World,CabinetD01,64.4,35.5,0.425,0.497,0,0,None,None,0,0,0,0,0.3475,0.7678,0.637,0.000,0
77.80,Sindhu,AUIT_Multi,CAB,0.616,1.504,1.232,13.5,35.4,0.249,1.331,1.444,0.787,1.402,1.668,World,CabinetDCorner01,64.3,24.2,0.458,0.480,0,0,None,None,0,1,0,0,0.3414,0.8205,0.587,0.000,0
77.91,Sindhu,AUIT_Multi,CAB,0.647,1.504,1.241,12.9,35.4,0.256,1.305,1.470,0.753,1.317,1.672,World,CabinetDCorner01,62.8,12.6,0.495,0.482,0,0,None,None,0,1,0,0,0.3419,0.8389,0.536,0.000,0
78.01,Sindhu,AUIT_Multi,CAB,0.670,1.504,1.248,11.1,35.5,0.256,1.280,1.492,0.919,1.453,1.668,World,CabinetDCorner01,60.7,34.6,0.530,0.491,0,0,None,None,0,0,0,0,0.3389,2.2099,0.708,0.000,0
78.11,Sindhu,AUIT_Multi,CAB,0.689,1.503,1.253,8.4,35.6,0.256,1.255,1.514,0.963,1.497,1.665,World,CabinetDCorner01,57.5,42.1,0.563,0.495,0,0,None,None,0,0,0,0,0.3428,0.6325,0.762,0.000,0
78.20,Sindhu,AUIT_Multi,CAB,0.702,1.502,1.249,8.1,36.6,0.429,1.366,1.521,0.963,1.502,1.663,World,CabinetDCorner01,49.3,42.9,0.409,0.489,0,0,None,None,0,0,0,0,2.1175,0.0553,0.569,0.000,0
78.30,Sindhu,AUIT_Multi,CAB,0.711,1.501,1.236,9.1,37.6,0.581,1.480,1.561,0.977,1.502,1.663,World,CabinetDCorner01,44.4,43.1,0.351,0.503,0,0,None,None,0,0,0,0,1.9984,0.1458,0.409,0.000,0
78.41,Sindhu,AUIT_Multi,CAB,0.714,1.501,1.212,10.7,37.7,0.618,1.499,1.559,0.989,1.501,1.633,World,CabinetDCorner01,44.5,43.1,0.360,0.503,0,0,None,None,0,0,0,0,0.3786,0.2892,0.378,0.000,0
78.51,Sindhu,AUIT_Multi,CAB,0.713,1.496,1.188,12.8,38.6,0.628,1.500,1.550,0.990,1.500,1.592,World,CabinetDCorner01,45.9,43.8,0.373,0.490,0,0,None,None,0,0,0,0,0.1297,0.4223,0.365,0.000,0
78.61,Sindhu,AUIT_Multi,CAB,0.712,1.486,1.159,18.7,42.8,0.644,1.494,1.539,0.988,1.495,1.524,World,CabinetDCorner01,51.2,46.9,0.387,0.458,0,0,None,None,0,0,0,0,0.2104,0.6891,0.344,0.000,0
78.70,Sindhu,AUIT_Multi,CAB,0.709,1.473,1.125,23.9,47.0,0.675,1.484,1.529,0.983,1.484,1.435,World,CabinetDCorner01,54.7,50.9,0.406,0.414,0,0,None,None,0,0,0,0,0.3529,0.9425,0.323,0.000,0
78.80,Sindhu,AUIT_Multi,CAB,0.707,1.462,1.092,27.6,49.7,0.695,1.452,1.528,0.937,1.365,1.453,World,CabinetD01,54.4,37.2,0.436,0.439,0,0,None,None,0,0,0,0,0.3867,1.3192,0.268,0.000,0
78.91,Sindhu,AUIT_Multi,CAB,0.709,1.453,1.057,32.9,52.0,0.721,1.416,1.526,0.891,1.231,1.475,World,CabinetDCorner01,54.2,27.0,0.471,0.507,0,0,None,None,0,0,0,0,0.3981,1.2885,0.257,0.000,0
79.01,Sindhu,AUIT_Multi,CAB,0.713,1.457,1.033,34.4,51.8,0.743,1.387,1.525,1.085,1.342,1.406,World,CabinetDCorner01,50.5,40.3,0.498,0.539,0,0,None,None,0,0,0,0,0.3744,2.3703,0.365,0.000,0
79.11,Sindhu,AUIT_Multi,CAB,0.717,1.465,1.016,30.5,49.9,0.758,1.360,1.523,1.230,1.442,1.367,World,CabinetDCorner01,43.8,52.4,0.519,0.623,0,0,None,None,0,0,0,0,0.3249,1.8827,0.504,0.000,0
79.20,Sindhu,AUIT_Multi,CAB,0.722,1.472,1.006,25.4,47.2,0.769,1.330,1.522,1.120,1.463,1.299,World,CabinetD01,36.1,52.3,0.538,0.495,0,0,None,None,0,0,0,0,0.3204,1.3521,0.437,0.000,0
79.30,Sindhu,AUIT_Multi,CAB,0.731,1.480,1.001,20.6,43.4,0.781,1.302,1.522,1.036,1.472,1.266,World,CabinetD01,27.7,49.4,0.552,0.405,0,0,None,None,0,0,0,0,0.3161,0.9260,0.399,0.000,0
79.41,Sindhu,AUIT_Multi,CAB,0.749,1.492,1.000,15.2,37.3,0.794,1.273,1.520,1.000,1.483,1.270,World,MixingBowl,17.0,43.9,0.566,0.369,0,0,None,None,1,0,0,0,0.2835,0.3474,0.385,0.000,0
79.51,Sindhu,AUIT_Multi,CAB,0.772,1.506,1.000,11.5,32.1,0.809,1.245,1.520,0.993,1.494,1.288,World,Quad,8.5,39.0,0.582,0.363,0,0,None,None,1,0,0,0,0.3311,0.2235,0.387,0.000,0
79.61,Sindhu,AUIT_Multi,CAB,0.799,1.514,0.998,8.5,28.6,0.827,1.216,1.519,0.995,1.506,1.298,World,Quad,4.9,36.1,0.601,0.359,0,0,None,None,1,0,0,0,0.3472,0.1622,0.402,0.000,0
79.70,Sindhu,AUIT_Multi,CAB,0.827,1.520,0.999,5.3,25.6,0.846,1.186,1.519,0.999,1.515,1.305,World,Quad,7.6,34.0,0.619,0.351,0,0,None,None,1,0,0,0,0.3750,0.1172,0.421,0.000,0
79.80,Sindhu,AUIT_Multi,CAB,0.853,1.524,1.003,2.3,23.0,0.699,1.460,1.482,1.004,1.520,1.313,World,Wall4m,25.0,32.1,0.507,0.345,0,0,None,None,0,0,0,0,3.2253,0.1166,0.354,0.000,0
79.91,Sindhu,AUIT_Multi,CAB,0.880,1.527,1.008,0.1,21.0,0.670,1.518,1.494,1.009,1.525,1.321,World,Wall4m,30.4,30.0,0.529,0.339,0,0,None,None,0,0,0,0,0.5891,0.0894,0.380,0.000,0
80.01,Sindhu,AUIT_Multi,CAB,0.897,1.528,1.011,358.4,19.7,0.669,1.526,1.496,1.012,1.527,1.311,World,Wall4m,30.2,29.5,0.536,0.321,0,0,None,None,0,0,0,0,0.0871,0.1120,0.390,0.000,0
80.11,Sindhu,AUIT_Multi,CAB,0.909,1.531,1.014,356.8,19.3,0.668,1.529,1.498,1.014,1.529,1.303,World,Wall4m,29.7,29.5,0.541,0.307,0,0,None,None,0,0,0,0,0.0308,0.0883,0.397,0.000,0
80.20,Sindhu,AUIT_Multi,CAB,0.914,1.536,1.014,354.0,17.4,0.654,1.532,1.503,1.017,1.532,1.307,World,Wall4m,27.6,29.9,0.553,0.310,0,0,None,None,0,0,0,0,0.1585,0.0626,0.412,0.000,0
80.30,Sindhu,AUIT_Multi,CAB,0.916,1.538,1.014,352.1,16.9,0.620,1.535,1.505,1.019,1.535,1.325,World,Wall4m,28.3,30.5,0.573,0.327,0,0,None,None,0,0,0,0,0.3433,0.1861,0.437,0.000,0
80.41,Sindhu,AUIT_Multi,CAB,0.915,1.540,1.014,348.9,16.0,0.591,1.538,1.503,1.021,1.538,1.373,World,Wall4m,27.2,31.3,0.587,0.375,0,0,None,None,0,0,0,0,0.2636,0.4335,0.449,0.000,0
80.51,Sindhu,AUIT_Multi,CAB,0.914,1.541,1.013,345.8,15.5,0.552,1.540,1.504,1.023,1.540,1.468,World,Wall4m,26.7,31.3,0.610,0.468,0,0,None,None,0,0,0,0,0.4072,0.9889,0.472,0.000,0
80.61,Sindhu,AUIT_Multi,CAB,0.912,1.542,1.013,344.7,15.2,0.512,1.541,1.505,1.023,1.541,1.589,World,Wall4m,27.9,30.0,0.634,0.587,0,0,None,None,0,0,0,0,0.4047,1.2374,0.517,0.000,0
80.70,Sindhu,AUIT_Multi,CAB,0.913,1.541,1.015,344.8,15.8,0.496,1.541,1.506,1.019,1.541,1.636,World,Wall4m,29.5,29.2,0.644,0.630,0,0,None,None,0,0,0,0,0.1680,0.4764,0.539,0.000,0
80.80,Sindhu,AUIT_Multi,CAB,0.915,1.539,1.018,344.9,16.1,0.500,1.540,1.506,1.019,1.540,1.620,World,Wall4m,29.8,29.4,0.641,0.610,0,0,None,None,0,0,0,0,0.0420,0.1661,0.531,0.000,0
80.91,Sindhu,AUIT_Multi,CAB,0.918,1.538,1.022,343.8,16.3,0.499,1.539,1.508,1.019,1.539,1.633,World,Wall4m,29.3,30.1,0.641,0.619,0,0,None,None,0,0,0,0,0.0229,0.1220,0.535,0.000,0
81.01,Sindhu,AUIT_Multi,CAB,0.921,1.537,1.024,343.8,16.5,0.492,1.538,1.509,1.015,1.538,1.644,World,Wall4m,29.9,29.6,0.647,0.627,0,0,None,None,0,0,0,0,0.0660,0.1169,0.539,0.000,0
81.11,Sindhu,AUIT_Multi,CAB,0.925,1.536,1.025,344.8,17.0,0.501,1.537,1.509,1.018,1.537,1.630,World,Wall4m,30.8,29.1,0.643,0.612,0,0,None,None,0,0,0,0,0.0834,0.1408,0.531,0.000,0
81.20,Sindhu,AUIT_Multi,CAB,0.931,1.535,1.026,347.4,17.8,0.523,1.536,1.509,1.019,1.536,1.549,World,Wall4m,32.4,28.3,0.632,0.531,0,0,None,None,0,0,0,0,0.2302,0.8262,0.498,0.000,0
81.30,Sindhu,AUIT_Multi,CAB,0.939,1.533,1.026,351.9,19.3,0.571,1.535,1.508,1.019,1.535,1.407,World,Wall4m,34.7,27.6,0.606,0.390,0,0,None,None,0,0,0,0,0.4989,1.4787,0.459,0.000,0
81.41,Sindhu,AUIT_Multi,CAB,0.949,1.528,1.024,357.2,21.2,0.640,1.532,1.506,1.023,1.532,1.284,World,Wall4m,36.3,28.6,0.573,0.270,0,0,None,None,0,0,0,0,0.6123,1.1002,0.443,0.000,0
81.51,Sindhu,AUIT_Multi,CAB,0.958,1.522,1.020,3.3,24.4,0.706,1.527,1.501,1.047,1.527,1.253,World,CabinetDCorner01,38.9,30.7,0.543,0.250,0,0,None,None,0,0,0,0,0.6882,0.4043,0.421,0.000,0
81.61,Sindhu,AUIT_Multi,CAB,0.965,1.518,1.014,7.1,26.0,0.769,1.522,1.497,1.103,1.522,1.281,World,CabinetDCorner01,38.6,33.1,0.522,0.301,0,0,None,None,0,0,0,0,0.6552,0.6470,0.398,0.000,0
81.70,Sindhu,AUIT_Multi,CAB,0.969,1.515,1.008,9.3,27.1,0.814,1.518,1.479,1.168,1.518,1.334,World,MixingBowl,38.2,34.8,0.496,0.382,0,0,None,None,0,0,0,0,0.4957,0.8739,0.383,0.000,0
81.80,Sindhu,AUIT_Multi,CAB,0.969,1.513,1.004,10.1,27.7,0.840,1.515,1.464,1.197,1.515,1.343,World,MixingBowl,37.3,36.1,0.478,0.409,0,0,None,None,0,0,0,0,0.3097,0.3117,0.378,0.000,0
81.91,Sindhu,AUIT_Multi,CAB,0.966,1.513,1.000,9.2,27.6,0.838,1.513,1.483,1.205,1.513,1.344,World,MixingBowl,36.0,36.9,0.500,0.419,0,0,None,None,0,0,0,0,0.1677,0.0722,0.392,0.000,0
82.01,Sindhu,AUIT_Multi,CAB,0.961,1.514,0.998,7.7,27.5,0.825,1.513,1.491,1.197,1.513,1.343,World,MixingBowl,35.2,37.4,0.512,0.418,0,0,None,None,0,0,0,0,0.1599,0.0823,0.401,0.000,0
82.11,Sindhu,AUIT_Multi,CAB,0.954,1.515,0.997,5.2,27.1,0.802,1.514,1.491,1.177,1.514,1.340,World,CabinetDCorner01,34.4,37.9,0.517,0.410,0,0,None,None,0,0,0,0,0.2316,0.2104,0.403,0.000,0
82.21,Sindhu,AUIT_Multi,CAB,0.948,1.517,0.997,2.4,26.7,0.772,1.515,1.491,1.112,1.515,1.271,World,CabinetDCorner01,34.0,38.2,0.525,0.320,0,0,None,None,0,0,0,0,0.3096,0.9679,0.405,0.000,0
82.30,Sindhu,AUIT_Multi,CAB,0.942,1.517,0.996,359.7,26.0,0.737,1.517,1.492,1.077,1.517,1.250,World,CabinetDCorner01,33.6,37.6,0.537,0.287,0,0,None,None,0,0,0,0,0.3643,0.4233,0.418,0.000,0
82.41,Sindhu,AUIT_Multi,CAB,0.939,1.517,0.995,357.4,25.7,0.703,1.517,1.494,1.055,1.517,1.246,World,CabinetDCorner01,33.9,36.9,0.552,0.276,0,0,None,None,0,0,0,0,0.3085,0.1989,0.431,0.000,0
82.51,Sindhu,AUIT_Multi,CAB,0.939,1.517,0.994,355.5,25.1,0.676,1.517,1.495,1.042,1.517,1.246,World,CabinetDCorner01,33.5,36.0,0.566,0.273,0,0,None,None,0,0,0,0,0.2726,0.1342,0.443,0.000,0
82.61,Sindhu,AUIT_Multi,CAB,0.940,1.519,0.993,353.7,24.3,0.651,1.518,1.499,1.034,1.518,1.249,World,Wall4m,33.1,35.1,0.583,0.273,0,0,None,None,0,0,0,0,0.2615,0.0921,0.457,0.000,0
82.70,Sindhu,AUIT_Multi,CAB,0.940,1.521,0.993,351.8,23.6,0.628,1.519,1.501,1.028,1.519,1.255,World,Wall4m,32.6,34.8,0.596,0.277,0,0,None,None,0,0,0,0,0.2328,0.0927,0.469,0.000,0
82.80,Sindhu,AUIT_Multi,CAB,0.940,1.521,0.993,349.7,23.5,0.606,1.521,1.498,1.024,1.521,1.278,World,Wall4m,32.5,35.0,0.606,0.296,0,0,None,None,0,0,0,0,0.2375,0.2314,0.473,0.000,0
82.91,Sindhu,AUIT_Multi,CAB,0.941,1.521,0.995,348.1,23.5,0.579,1.521,1.498,1.025,1.521,1.325,World,Wall4m,33.0,34.6,0.620,0.340,0,0,None,None,0,0,0,0,0.2425,0.4268,0.479,0.000,0
83.01,Sindhu,AUIT_Multi,CAB,0.941,1.521,0.996,347.2,23.6,0.562,1.521,1.499,1.025,1.521,1.359,World,Wall4m,33.4,34.4,0.631,0.373,0,0,None,None,0,0,0,0,0.1736,0.3507,0.484,0.000,0
83.11,Sindhu,AUIT_Multi,CAB,0.942,1.520,0.996,346.7,23.7,0.551,1.521,1.500,1.025,1.521,1.382,World,Wall4m,33.7,34.2,0.638,0.395,0,0,None,None,0,0,0,0,0.1154,0.2401,0.489,0.000,0
83.20,Sindhu,AUIT_Multi,CAB,0.943,1.521,0.996,346.7,23.6,0.545,1.520,1.500,1.025,1.520,1.392,World,Wall4m,33.8,33.8,0.642,0.404,0,0,None,None,0,0,0,0,0.0549,0.1005,0.492,0.000,0
83.30,Sindhu,AUIT_Multi,CAB,0.944,1.521,0.997,346.9,23.3,0.546,1.521,1.500,1.025,1.521,1.387,World,Wall4m,33.8,33.5,0.641,0.398,0,0,None,None,0,0,0,0,0.0120,0.0514,0.491,0.000,0
83.40,Sindhu,AUIT_Multi,CAB,0.944,1.522,0.998,346.9,22.8,0.549,1.521,1.500,1.025,1.521,1.383,World,Wall4m,33.3,33.2,0.639,0.393,0,0,None,None,0,0,0,0,0.0253,0.0419,0.490,0.000,0
83.51,Sindhu,AUIT_Multi,CAB,0.942,1.524,0.999,347.3,21.8,0.549,1.523,1.501,1.025,1.523,1.386,World,Wall4m,32.9,32.4,0.637,0.396,0,0,None,None,0,0,0,0,0.0142,0.0323,0.489,0.000,0
83.61,Sindhu,AUIT_Multi,CAB,0.944,1.524,0.998,349.8,21.6,0.562,1.524,1.500,1.024,1.524,1.358,World,Wall4m,34.2,30.9,0.631,0.368,0,0,None,None,0,0,0,0,0.1267,0.2936,0.484,0.000,0
83.71,Sindhu,AUIT_Multi,CAB,0.947,1.523,0.996,352.5,21.8,0.596,1.524,1.500,1.023,1.524,1.289,World,Wall4m,34.5,30.7,0.614,0.302,0,0,None,None,0,0,0,0,0.3484,0.7024,0.477,0.000,0
83.80,Sindhu,AUIT_Multi,CAB,0.950,1.523,0.995,354.2,21.7,0.627,1.523,1.502,1.030,1.523,1.257,World,Wall4m,33.9,31.2,0.601,0.273,0,0,None,None,0,0,0,0,0.3207,0.3392,0.472,0.000,0
83.90,Sindhu,AUIT_Multi,CAB,0.951,1.523,0.995,355.3,21.6,0.650,1.523,1.498,1.037,1.523,1.248,World,Wall4m,33.4,31.5,0.587,0.267,0,0,None,None,0,0,0,0,0.2395,0.1224,0.462,0.000,0
84.01,Sindhu,AUIT_Multi,CAB,0.952,1.523,0.994,356.1,21.5,0.667,1.523,1.495,1.045,1.523,1.245,World,Wall4m,33.0,31.9,0.577,0.268,0,0,None,None,0,0,0,0,0.1615,0.0719,0.453,0.000,0
84.11,Sindhu,AUIT_Multi,CAB,0.952,1.524,0.993,356.0,21.2,0.674,1.523,1.495,1.049,1.523,1.245,World,Wall4m,32.3,32.2,0.573,0.269,0,0,None,None,0,0,0,0,0.0726,0.0371,0.450,0.000,0
84.20,Sindhu,AUIT_Multi,CAB,0.953,1.524,0.993,356.0,20.8,0.675,1.524,1.495,1.049,1.524,1.245,World,Wall4m,32.1,31.9,0.573,0.269,0,0,None,None,0,0,0,0,0.0067,0.0071,0.450,0.000,0
84.30,Sindhu,AUIT_Multi,CAB,0.954,1.525,0.993,355.8,20.3,0.675,1.524,1.495,1.049,1.524,1.245,World,Wall4m,31.7,31.6,0.574,0.269,0,0,None,None,0,0,0,0,0.0065,0.0084,0.450,0.000,0
84.41,Sindhu,AUIT_Multi,CAB,0.956,1.526,0.992,355.5,19.3,0.673,1.525,1.495,1.049,1.525,1.245,World,Wall4m,31.0,30.9,0.577,0.270,0,0,None,None,0,0,0,0,0.0216,0.0069,0.452,0.000,0
84.51,Sindhu,AUIT_Multi,CAB,0.958,1.529,0.990,355.6,17.8,0.673,1.527,1.494,1.051,1.527,1.245,World,Wall4m,30.2,29.6,0.579,0.271,0,0,None,None,0,0,0,0,0.0152,0.0199,0.453,0.000,0
84.61,Sindhu,AUIT_Multi,CAB,0.960,1.530,0.988,356.3,17.2,0.676,1.529,1.494,1.054,1.529,1.245,World,Wall4m,30.5,29.0,0.580,0.273,0,0,None,None,0,0,0,0,0.0425,0.0452,0.453,0.000,0
84.71,Sindhu,AUIT_Multi,CAB,0.963,1.531,0.985,358.4,16.9,0.690,1.530,1.492,1.063,1.530,1.245,World,Wall4m,31.3,28.0,0.576,0.278,0,0,None,None,0,0,0,0,0.1408,0.0917,0.448,0.000,0
84.80,Sindhu,AUIT_Multi,CAB,0.965,1.531,0.983,359.6,16.4,0.711,1.531,1.490,1.076,1.531,1.246,World,Wall4m,30.6,28.4,0.567,0.285,0,0,None,None,0,0,0,0,0.2229,0.1359,0.440,0.000,0
84.91,Sindhu,AUIT_Multi,CAB,0.964,1.531,0.982,359.8,16.2,0.723,1.531,1.490,1.084,1.531,1.246,World,Wall4m,29.7,29.2,0.562,0.290,0,0,None,None,0,0,0,0,0.1073,0.0715,0.436,0.000,0
85.01,Sindhu,AUIT_Multi,CAB,0.964,1.530,0.981,0.3,16.5,0.726,1.531,1.489,1.087,1.531,1.246,World,Wall4m,30.0,29.3,0.561,0.293,0,0,None,None,0,0,0,0,0.0342,0.0247,0.435,0.000,0
85.11,Sindhu,AUIT_Multi,CAB,0.963,1.529,0.979,0.3,16.4,0.730,1.530,1.489,1.089,1.530,1.246,World,Wall4m,29.6,29.7,0.561,0.296,0,0,None,None,0,0,0,0,0.0388,0.0293,0.434,0.000,0
85.21,Sindhu,AUIT_Multi,CAB,0.962,1.529,0.977,359.4,16.4,0.726,1.529,1.488,1.088,1.529,1.246,World,Wall4m,28.9,30.3,0.562,0.297,0,0,None,None,0,0,0,0,0.0340,0.0129,0.435,0.000,0
85.30,Sindhu,AUIT_Multi,CAB,0.959,1.529,0.976,357.4,16.2,0.712,1.529,1.488,1.081,1.529,1.245,World,Wall4m,27.9,31.2,0.569,0.296,0,0,None,None,0,0,0,0,0.1481,0.0766,0.441,0.000,0
85.41,Sindhu,AUIT_Multi,CAB,0.955,1.530,0.975,354.8,15.8,0.682,1.530,1.490,1.065,1.530,1.244,World,Wall4m,27.5,31.3,0.583,0.291,0,0,None,None,0,0,0,0,0.2771,0.1419,0.456,0.000,0
85.51,Sindhu,AUIT_Multi,CAB,0.953,1.532,0.975,353.5,15.0,0.652,1.530,1.494,1.051,1.530,1.244,World,Wall4m,27.7,30.2,0.600,0.286,0,0,None,None,0,0,0,0,0.3042,0.1416,0.471,0.000,0
85.61,Sindhu,AUIT_Multi,CAB,0.950,1.534,0.974,352.9,13.5,0.633,1.532,1.497,1.043,1.532,1.244,World,Wall4m,27.3,29.0,0.611,0.286,0,0,None,None,0,0,0,0,0.1997,0.0902,0.481,0.000,0
85.70,Sindhu,AUIT_Multi,CAB,0.947,1.536,0.974,351.9,12.6,0.621,1.534,1.495,1.037,1.534,1.247,World,Wall4m,26.8,28.8,0.615,0.287,0,0,None,None,0,0,0,0,0.1297,0.0708,0.485,0.000,0
85.80,Sindhu,AUIT_Multi,CAB,0.944,1.536,0.975,350.8,12.1,0.606,1.536,1.493,1.030,1.536,1.253,World,Wall4m,26.6,28.8,0.619,0.291,0,0,None,None,0,0,0,0,0.1524,0.0903,0.488,0.000,0
85.91,Sindhu,AUIT_Multi,CAB,0.941,1.537,0.975,349.6,11.8,0.589,1.537,1.493,1.025,1.537,1.268,World,Wall4m,26.4,28.7,0.626,0.304,0,0,None,None,0,0,0,0,0.1551,0.1442,0.491,0.000,0
86.01,Sindhu,AUIT_Multi,CAB,0.940,1.538,0.977,348.5,11.3,0.572,1.537,1.493,1.025,1.537,1.300,World,Wall4m,26.3,28.4,0.634,0.334,0,0,None,None,0,0,0,0,0.1788,0.3278,0.493,0.000,0
86.11,Sindhu,AUIT_Multi,CAB,0.939,1.539,0.979,347.8,11.0,0.557,1.538,1.494,1.025,1.538,1.333,World,Wall4m,26.6,27.9,0.641,0.365,0,0,None,None,0,0,0,0,0.1554,0.3460,0.495,0.000,0
86.20,Sindhu,AUIT_Multi,CAB,0.939,1.540,0.982,347.6,10.8,0.549,1.539,1.495,1.025,1.539,1.354,World,Wall4m,26.9,27.4,0.645,0.382,0,0,None,None,0,0,0,0,0.0815,0.2148,0.496,0.000,0
86.30,Sindhu,AUIT_Multi,CAB,0.940,1.540,0.985,346.4,10.8,0.544,1.540,1.496,1.025,1.540,1.371,World,Wall4m,26.3,28.0,0.647,0.395,0,0,None,None,0,0,0,0,0.0545,0.1730,0.497,0.000,0
86.41,Sindhu,AUIT_Multi,CAB,0.939,1.540,0.988,344.6,10.9,0.524,1.540,1.498,1.026,1.540,1.433,World,Wall4m,26.0,28.4,0.658,0.454,0,0,None,None,0,0,0,0,0.1794,0.5598,0.506,0.000,0
86.51,Sindhu,AUIT_Multi,CAB,0.938,1.541,0.991,343.4,10.9,0.502,1.540,1.500,1.025,1.540,1.510,World,Wall4m,26.2,28.2,0.670,0.526,0,0,None,None,0,0,0,0,0.2226,0.7885,0.523,0.000,0
86.61,Sindhu,AUIT_Multi,CAB,0.937,1.542,0.995,343.2,11.0,0.487,1.541,1.501,1.024,1.541,1.574,World,Wall4m,27.0,27.4,0.677,0.585,0,0,None,None,0,0,0,0,0.1581,0.6601,0.542,0.000,0
86.70,Sindhu,AUIT_Multi,CAB,0.938,1.541,0.998,343.8,11.8,0.488,1.541,1.502,1.023,1.541,1.571,World,Wall4m,28.0,27.2,0.675,0.579,0,0,None,None,0,0,0,0,0.0166,0.0332,0.539,0.000,0
86.80,Sindhu,AUIT_Multi,CAB,0.940,1.539,1.000,344.4,12.5,0.498,1.540,1.503,1.022,1.540,1.540,World,Wall4m,28.4,27.2,0.669,0.546,0,0,None,None,0,0,0,0,0.0987,0.3237,0.526,0.000,0
86.91,Sindhu,AUIT_Multi,CAB,0.943,1.539,1.000,345.8,12.7,0.515,1.539,1.502,1.023,1.539,1.481,World,Wall4m,29.0,26.7,0.660,0.488,0,0,None,None,0,0,0,0,0.1507,0.5202,0.508,0.000,0
87.01,Sindhu,AUIT_Multi,CAB,0.947,1.538,0.999,347.8,13.0,0.538,1.539,1.501,1.023,1.539,1.409,World,Wall4m,29.7,26.1,0.648,0.418,0,0,None,None,0,0,0,0,0.2413,0.7483,0.494,0.000,0
87.11,Sindhu,AUIT_Multi,CAB,0.951,1.537,0.997,350.4,13.3,0.571,1.538,1.500,1.023,1.538,1.326,World,Wall4m,30.3,25.5,0.630,0.337,0,0,None,None,0,0,0,0,0.3446,0.8581,0.484,0.000,0
87.20,Sindhu,AUIT_Multi,CAB,0.954,1.536,0.996,352.4,13.5,0.606,1.537,1.501,1.026,1.537,1.269,World,Wall4m,30.0,26.1,0.614,0.282,0,0,None,None,0,0,0,0,0.3554,0.5888,0.481,0.000,0
87.30,Sindhu,AUIT_Multi,CAB,0.955,1.535,0.995,353.3,13.8,0.628,1.536,1.503,1.033,1.536,1.251,World,Wall4m,29.2,27.3,0.604,0.268,0,0,None,None,0,0,0,0,0.2340,0.1930,0.477,0.000,0
87.41,Sindhu,AUIT_Multi,CAB,0.955,1.534,0.993,353.8,14.1,0.643,1.535,1.500,1.039,1.535,1.246,World,Wall4m,28.8,28.1,0.595,0.267,0,0,None,None,0,0,0,0,0.1377,0.0676,0.470,0.000,0
87.51,Sindhu,AUIT_Multi,CAB,0.954,1.534,0.991,354.0,14.2,0.648,1.534,1.498,1.041,1.534,1.245,World,Wall4m,28.7,28.4,0.592,0.268,0,0,None,None,0,0,0,0,0.0535,0.0263,0.467,0.000,0
87.61,Sindhu,AUIT_Multi,CAB,0.954,1.533,0.990,354.3,14.1,0.651,1.534,1.497,1.042,1.534,1.245,World,Wall4m,28.6,28.3,0.591,0.270,0,0,None,None,0,0,0,0,0.0338,0.0167,0.465,0.000,0
87.71,Sindhu,AUIT_Multi,CAB,0.953,1.534,0.989,354.3,13.8,0.653,1.534,1.497,1.043,1.534,1.245,World,Wall4m,28.2,28.3,0.590,0.271,0,0,None,None,0,0,0,0,0.0163,0.0087,0.465,0.000,0
87.80,Sindhu,AUIT_Multi,CAB,0.952,1.535,0.989,354.5,13.8,0.653,1.534,1.497,1.043,1.534,1.245,World,Wall4m,28.4,28.3,0.590,0.272,0,0,None,None,0,0,0,0,0.0063,0.0059,0.464,0.000,0
87.90,Sindhu,AUIT_Multi,CAB,0.952,1.535,0.990,355.0,14.1,0.655,1.535,1.496,1.044,1.535,1.245,World,Wall4m,28.8,28.2,0.587,0.271,0,0,None,None,0,0,0,0,0.0244,0.0052,0.463,0.000,0
88.01,Sindhu,AUIT_Multi,CAB,0.951,1.537,0.992,356.0,13.9,0.663,1.535,1.495,1.045,1.535,1.245,World,Wall4m,29.0,27.8,0.579,0.269,0,0,None,None,0,0,0,0,0.0734,0.0167,0.457,0.000,0
88.11,Sindhu,AUIT_Multi,CAB,0.951,1.538,0.993,356.4,13.6,0.673,1.537,1.494,1.048,1.537,1.245,World,Wall4m,28.6,27.8,0.573,0.270,0,0,None,None,0,0,0,0,0.1035,0.0342,0.450,0.000,0
88.21,Sindhu,AUIT_Multi,CAB,0.953,1.538,0.993,356.5,13.3,0.678,1.538,1.494,1.050,1.538,1.245,World,Wall4m,28.3,27.8,0.571,0.270,0,0,None,None,0,0,0,0,0.0521,0.0230,0.448,0.000,0
88.30,Sindhu,AUIT_Multi,CAB,0.954,1.537,0.993,356.6,13.4,0.681,1.538,1.494,1.052,1.538,1.245,World,Wall4m,28.4,27.8,0.571,0.270,0,0,None,None,0,0,0,0,0.0288,0.0198,0.447,0.000,0
88.40,Sindhu,AUIT_Multi,CAB,0.956,1.537,0.992,357.0,13.6,0.685,1.537,1.494,1.055,1.537,1.245,World,Wall4m,28.6,27.8,0.570,0.272,0,0,None,None,0,0,0,0,0.0405,0.0285,0.446,0.000,0
88.51,Sindhu,AUIT_Multi,CAB,0.958,1.536,0.992,357.8,13.6,0.692,1.537,1.493,1.060,1.537,1.245,World,Wall4m,28.9,27.5,0.567,0.273,0,0,None,None,0,0,0,0,0.0668,0.0415,0.443,0.000,0
88.61,Sindhu,AUIT_Multi,CAB,0.959,1.536,0.991,358.5,13.6,0.701,1.536,1.493,1.065,1.536,1.246,World,Wall4m,28.9,27.6,0.564,0.276,0,0,None,None,0,0,0,0,0.0957,0.0576,0.439,0.000,0
88.71,Sindhu,AUIT_Multi,CAB,0.960,1.535,0.991,358.3,13.7,0.708,1.536,1.492,1.069,1.536,1.246,World,Wall4m,28.3,28.3,0.561,0.278,0,0,None,None,0,0,0,0,0.0656,0.0417,0.437,0.000,0
88.80,Sindhu,AUIT_Multi,CAB,0.959,1.535,0.991,357.7,13.5,0.705,1.535,1.492,1.068,1.535,1.246,World,Wall4m,27.8,28.6,0.562,0.277,0,0,None,None,0,0,0,0,0.0288,0.0112,0.439,0.000,0
88.91,Sindhu,AUIT_Multi,CAB,0.959,1.535,0.992,357.4,13.8,0.699,1.535,1.493,1.065,1.535,1.245,World,Wall4m,28.2,28.6,0.564,0.275,0,0,None,None,0,0,0,0,0.0512,0.0281,0.441,0.000,0
89.01,Sindhu,AUIT_Multi,CAB,0.959,1.534,0.993,357.6,14.0,0.699,1.535,1.493,1.064,1.535,1.245,World,Wall4m,28.5,28.6,0.564,0.274,0,0,None,None,0,0,0,0,0.0077,0.0092,0.441,0.000,0
89.11,Sindhu,AUIT_Multi,CAB,0.958,1.534,0.995,357.1,14.3,0.698,1.534,1.493,1.063,1.534,1.245,World,Wall4m,28.3,29.1,0.563,0.272,0,0,None,None,0,0,0,0,0.0083,0.0117,0.441,0.000,0
89.20,Sindhu,AUIT_Multi,CAB,0.957,1.534,0.996,356.4,14.5,0.692,1.534,1.494,1.059,1.534,1.245,World,Wall4m,28.1,29.5,0.564,0.270,0,0,None,None,0,0,0,0,0.0588,0.0393,0.443,0.000,0
89.30,Sindhu,AUIT_Multi,CAB,0.955,1.533,0.997,355.3,14.8,0.682,1.534,1.495,1.053,1.534,1.245,World,Wall4m,28.0,30.0,0.568,0.267,0,0,None,None,0,0,0,0,0.1105,0.0642,0.448,0.000,0
89.41,Sindhu,AUIT_Multi,CAB,0.953,1.533,0.998,354.3,15.2,0.666,1.533,1.497,1.045,1.533,1.245,World,Wall4m,28.3,30.0,0.576,0.263,0,0,None,None,0,0,0,0,0.1418,0.0733,0.455,0.000,0
89.51,Sindhu,AUIT_Multi,CAB,0.951,1.532,0.999,353.6,15.4,0.654,1.533,1.500,1.039,1.533,1.246,World,Wall4m,28.6,29.9,0.582,0.262,0,0,None,None,0,0,0,0,0.1298,0.0623,0.461,0.000,0
89.61,Sindhu,AUIT_Multi,CAB,0.950,1.532,1.000,353.1,15.7,0.644,1.532,1.502,1.035,1.532,1.249,World,Wall4m,28.8,29.9,0.588,0.262,0,0,None,None,0,0,0,0,0.1064,0.0490,0.466,0.000,0
89.70,Sindhu,AUIT_Multi,CAB,0.950,1.532,1.001,353.1,16.0,0.637,1.532,1.504,1.032,1.532,1.251,World,Wall4m,29.4,29.5,0.593,0.263,0,0,None,None,0,0,0,0,0.0774,0.0354,0.470,0.000,0
89.80,Sindhu,AUIT_Multi,CAB,0.952,1.532,1.002,354.6,17.2,0.643,1.532,1.502,1.034,1.532,1.249,World,Wall4m,31.2,28.9,0.588,0.260,0,0,None,None,0,0,0,0,0.0688,0.0192,0.465,0.000,0
89.91,Sindhu,AUIT_Multi,CAB,0.956,1.530,1.007,356.4,18.8,0.669,1.531,1.498,1.042,1.531,1.246,World,Wall4m,32.3,29.8,0.569,0.255,0,0,None,None,0,0,0,0,0.2361,0.0845,0.450,0.000,0
90.01,Sindhu,AUIT_Multi,CAB,0.958,1.530,1.013,356.9,20.1,0.688,1.530,1.498,1.049,1.530,1.246,World,Wall4m,32.4,31.5,0.554,0.250,0,0,None,None,0,0,0,0,0.1954,0.0701,0.440,0.000,0
90.11,Sindhu,AUIT_Multi,CAB,0.957,1.532,1.023,356.7,21.1,0.697,1.530,1.499,1.050,1.530,1.246,World,Wall4m,32.4,32.8,0.543,0.242,0,0,None,None,0,0,0,0,0.0910,0.0057,0.435,0.000,0
90.21,Sindhu,AUIT_Multi,CAB,0.953,1.532,1.034,356.5,20.8,0.698,1.532,1.502,1.044,1.532,1.247,World,Wall4m,32.2,33.3,0.533,0.231,0,0,None,None,0,0,0,0,0.0342,0.0597,0.431,0.000,0
90.30,Sindhu,AUIT_Multi,CAB,0.945,1.534,1.049,356.5,21.3,0.697,1.533,1.506,1.036,1.533,1.249,World,Wall4m,32.3,34.3,0.520,0.220,0,0,None,None,0,0,0,0,0.0371,0.0936,0.425,0.000,0
90.40,Sindhu,AUIT_Multi,CAB,0.937,1.535,1.065,356.4,20.8,0.695,1.534,1.510,1.026,1.534,1.258,World,Wall4m,32.0,34.5,0.506,0.212,0,0,None,None,0,0,0,0,0.0458,0.1337,0.415,0.000,0
90.51,Sindhu,AUIT_Multi,CAB,0.927,1.536,1.084,355.7,20.4,0.689,1.535,1.515,1.020,1.535,1.290,World,Wall4m,31.5,34.5,0.492,0.225,0,0,None,None,0,0,0,0,0.0713,0.2928,0.400,0.000,0
90.61,Sindhu,AUIT_Multi,CAB,0.921,1.536,1.101,356.0,20.8,0.685,1.536,1.520,1.019,1.536,1.329,World,Wall4m,32.3,33.8,0.481,0.248,0,0,None,None,0,0,0,0,0.0675,0.3973,0.385,0.000,0
90.71,Sindhu,AUIT_Multi,CAB,0.915,1.536,1.115,356.3,21.1,0.687,1.536,1.524,1.018,1.536,1.356,World,Wall4m,32.6,33.6,0.468,0.262,0,0,None,None,0,0,0,0,0.0456,0.2847,0.371,0.000,0
90.80,Sindhu,AUIT_Multi,CAB,0.910,1.536,1.127,356.2,21.3,0.688,1.536,1.527,1.017,1.536,1.380,World,Wall4m,32.5,33.7,0.458,0.275,0,0,None,None,0,0,0,0,0.0407,0.2468,0.360,0.000,0
90.90,Sindhu,AUIT_Multi,CAB,0.909,1.534,1.135,356.9,21.8,0.690,1.535,1.530,1.017,1.535,1.400,World,Wall4m,33.5,33.0,0.451,0.286,0,0,None,None,0,0,0,0,0.0333,0.2046,0.352,0.000,0
91.01,Sindhu,AUIT_Multi,CAB,0.911,1.534,1.143,359.3,22.3,0.704,1.534,1.532,1.015,1.534,1.391,World,Wall4m,34.8,32.0,0.440,0.268,0,0,None,None,0,0,0,0,0.1359,0.0888,0.341,0.000,0
91.11,Sindhu,AUIT_Multi,CAB,0.909,1.534,1.147,1.0,22.4,0.725,1.534,1.533,1.013,1.534,1.368,World,Wall4m,34.2,32.5,0.427,0.244,0,0,None,None,0,0,0,0,0.2129,0.2336,0.331,0.000,0
91.21,Sindhu,AUIT_Multi,CAB,0.907,1.534,1.149,360.0,22.3,0.733,1.534,1.533,1.012,1.534,1.364,World,Wall4m,32.6,33.8,0.422,0.240,0,0,None,None,0,0,0,0,0.0791,0.0383,0.327,0.000,0
91.30,Sindhu,AUIT_Multi,CAB,0.906,1.535,1.149,359.6,22.4,0.727,1.535,1.534,1.013,1.535,1.376,World,Wall4m,32.7,33.4,0.425,0.251,0,0,None,None,0,0,0,0,0.0582,0.1231,0.327,0.000,0
91.40,Sindhu,AUIT_Multi,CAB,0.906,1.535,1.148,359.3,22.2,0.723,1.535,1.534,1.013,1.535,1.382,World,Wall4m,32.7,33.1,0.427,0.257,0,0,None,None,0,0,0,0,0.0392,0.0655,0.327,0.000,0
91.51,Sindhu,AUIT_Multi,CAB,0.908,1.534,1.145,359.7,22.5,0.723,1.534,1.534,1.013,1.534,1.380,World,Wall4m,33.3,32.7,0.431,0.257,0,0,None,None,0,0,0,0,0.0084,0.0243,0.328,0.000,0
91.61,Sindhu,AUIT_Multi,CAB,0.910,1.534,1.142,359.6,22.1,0.725,1.534,1.533,1.013,1.534,1.371,World,Wall4m,32.8,32.6,0.432,0.251,0,0,None,None,0,0,0,0,0.0270,0.0881,0.330,0.000,0
91.71,Sindhu,AUIT_Multi,CAB,0.912,1.534,1.139,359.4,22.3,0.726,1.534,1.532,1.014,1.534,1.371,World,Wall4m,32.8,32.5,0.435,0.253,0,0,None,None,0,0,0,0,0.0090,0.0089,0.330,0.000,0
91.80,Sindhu,AUIT_Multi,CAB,0.913,1.534,1.135,359.2,21.9,0.726,1.534,1.531,1.014,1.534,1.367,World,Wall4m,32.3,32.3,0.437,0.253,0,0,None,None,0,0,0,0,0.0109,0.0388,0.331,0.000,0
91.90,Sindhu,AUIT_Multi,CAB,0.914,1.534,1.131,359.2,22.3,0.727,1.534,1.530,1.014,1.534,1.366,World,Wall4m,32.6,32.2,0.441,0.256,0,0,None,None,0,0,0,0,0.0112,0.0098,0.331,0.000,0
92.01,Sindhu,AUIT_Multi,CAB,0.915,1.534,1.126,358.6,21.8,0.727,1.534,1.529,1.015,1.534,1.361,World,Wall4m,31.7,32.2,0.445,0.255,0,0,None,None,0,0,0,0,0.0129,0.0469,0.333,0.000,0
92.11,Sindhu,AUIT_Multi,CAB,0.915,1.535,1.122,357.5,21.7,0.718,1.534,1.528,1.015,1.534,1.362,World,Wall4m,31.4,32.6,0.452,0.261,0,0,None,None,0,0,0,0,0.1003,0.0142,0.341,0.000,0
92.20,Sindhu,AUIT_Multi,CAB,0.915,1.536,1.117,355.5,20.7,0.702,1.535,1.528,1.016,1.535,1.369,World,Wall4m,30.5,32.9,0.463,0.271,0,0,None,None,0,0,0,0,0.1615,0.0727,0.352,0.000,0
92.30,Sindhu,AUIT_Multi,CAB,0.915,1.537,1.113,353.0,20.4,0.679,1.536,1.529,1.018,1.536,1.397,World,Wall4m,29.9,33.2,0.478,0.303,0,0,None,None,0,0,0,0,0.2351,0.2903,0.364,0.000,0
92.40,Sindhu,AUIT_Multi,CAB,0.913,1.538,1.109,350.4,19.4,0.647,1.537,1.534,1.020,1.537,1.447,World,Wall4m,29.3,32.8,0.502,0.354,0,0,None,None,0,0,0,0,0.3270,0.4991,0.383,0.000,0
92.51,Sindhu,AUIT_Multi,CAB,0.914,1.538,1.105,348.8,19.5,0.617,1.538,1.532,1.021,1.538,1.511,World,Wall4m,30.2,32.0,0.520,0.421,0,0,None,None,0,0,0,0,0.2746,0.5925,0.405,0.000,0
92.61,Sindhu,AUIT_Multi,CAB,0.916,1.539,1.102,348.4,18.9,0.605,1.538,1.530,1.021,1.538,1.535,World,Wall4m,30.5,31.2,0.528,0.445,0,0,None,None,0,0,0,0,0.1271,0.2409,0.416,0.000,0
92.70,Sindhu,AUIT_Multi,CAB,0.918,1.539,1.100,348.2,19.1,0.599,1.539,1.529,1.021,1.539,1.543,World,Wall4m,31.0,30.9,0.534,0.454,0,0,None,None,0,0,0,0,0.0594,0.0785,0.422,0.000,0
92.80,Sindhu,AUIT_Multi,CAB,0.922,1.539,1.098,348.2,18.9,0.599,1.539,1.528,1.021,1.539,1.536,World,Wall4m,31.0,30.7,0.538,0.448,0,0,None,None,0,0,0,0,0.0059,0.0724,0.422,0.000,0
92.90,Sindhu,AUIT_Multi,CAB,0.925,1.540,1.097,348.4,18.5,0.601,1.539,1.528,1.021,1.539,1.520,World,Wall4m,30.9,30.3,0.539,0.434,0,0,None,None,0,0,0,0,0.0175,0.1562,0.420,0.000,0
93.01,Sindhu,AUIT_Multi,CAB,0.928,1.540,1.096,348.9,18.3,0.606,1.540,1.528,1.021,1.540,1.498,World,Wall4m,31.2,30.0,0.539,0.412,0,0,None,None,0,0,0,0,0.0454,0.2039,0.417,0.000,0
93.11,Sindhu,AUIT_Multi,CAB,0.931,1.538,1.097,351.2,19.3,0.617,1.539,1.530,1.021,1.539,1.459,World,Wall4m,32.9,29.6,0.535,0.373,0,0,None,None,0,0,0,0,0.1211,0.3985,0.410,0.000,0
93.20,Sindhu,AUIT_Multi,CAB,0.935,1.536,1.098,353.3,20.6,0.644,1.538,1.529,1.020,1.538,1.401,World,Wall4m,33.8,30.3,0.520,0.315,0,0,None,None,0,0,0,0,0.2725,0.5965,0.397,0.000,0
93.30,Sindhu,AUIT_Multi,CAB,0.937,1.536,1.100,355.6,21.2,0.675,1.536,1.524,1.019,1.536,1.350,World,Wall4m,34.2,30.7,0.499,0.263,0,0,None,None,0,0,0,0,0.3216,0.5229,0.385,0.000,0
93.41,Sindhu,AUIT_Multi,CAB,0.938,1.535,1.100,355.8,21.3,0.697,1.536,1.523,1.018,1.536,1.319,World,Wall4m,32.7,32.0,0.486,0.233,0,0,None,None,0,0,0,0,0.1999,0.2836,0.381,0.000,0
93.51,Sindhu,AUIT_Multi,CAB,0.937,1.536,1.101,355.8,20.8,0.701,1.536,1.523,1.019,1.536,1.315,World,Wall4m,32.1,32.1,0.483,0.230,0,0,None,None,0,0,0,0,0.0387,0.0345,0.380,0.000,0
93.61,Sindhu,AUIT_Multi,CAB,0.936,1.536,1.101,355.7,20.9,0.700,1.536,1.523,1.019,1.536,1.318,World,Wall4m,32.1,32.4,0.483,0.232,0,0,None,None,0,0,0,0,0.0069,0.0329,0.379,0.000,0
93.70,Sindhu,AUIT_Multi,CAB,0.935,1.536,1.103,355.8,21.1,0.699,1.536,1.523,1.019,1.536,1.322,World,Wall4m,32.4,32.4,0.482,0.235,0,0,None,None,0,0,0,0,0.0084,0.0335,0.378,0.000,0
93.80,Sindhu,AUIT_Multi,CAB,0.934,1.535,1.103,356.0,21.6,0.700,1.535,1.523,1.019,1.535,1.323,World,Wall4m,32.7,32.7,0.481,0.235,0,0,None,None,0,0,0,0,0.0110,0.0117,0.376,0.000,0
93.90,Sindhu,AUIT_Multi,CAB,0.934,1.535,1.103,355.9,21.5,0.701,1.535,1.524,1.018,1.535,1.323,World,Wall4m,32.4,32.7,0.480,0.235,0,0,None,None,0,0,0,0,0.0108,0.0055,0.375,0.000,0
94.01,Sindhu,AUIT_Multi,CAB,0.932,1.535,1.102,355.5,21.4,0.698,1.535,1.524,1.019,1.535,1.328,World,Wall4m,32.1,32.8,0.482,0.242,0,0,None,None,0,0,0,0,0.0276,0.0463,0.376,0.000,0
94.11,Sindhu,AUIT_Multi,CAB,0.931,1.535,1.101,355.0,21.1,0.692,1.535,1.524,1.019,1.535,1.336,World,Wall4m,31.9,32.5,0.486,0.251,0,0,None,None,0,0,0,0,0.0596,0.0843,0.377,0.000,0
94.20,Sindhu,AUIT_Multi,CAB,0.935,1.535,1.099,356.8,21.4,0.692,1.535,1.523,1.019,1.535,1.334,World,Wall4m,33.8,30.9,0.489,0.249,0,0,None,None,0,0,0,0,0.0067,0.0279,0.378,0.000,0
94.30,Sindhu,AUIT_Multi,CAB,0.946,1.531,1.098,2.7,24.3,0.721,1.534,1.521,1.017,1.534,1.291,World,Wall4m,38.6,30.5,0.480,0.207,0,0,None,None,0,0,0,0,0.3018,0.4362,0.375,0.000,0
94.41,Sindhu,AUIT_Multi,CAB,0.960,1.522,1.092,10.0,29.4,0.790,1.529,1.518,1.041,1.529,1.259,World,MixingBowl,42.9,34.8,0.458,0.186,0,0,None,None,0,0,0,0,0.6180,0.3555,0.360,0.000,0
94.51,Sindhu,AUIT_Multi,CAB,0.973,1.516,1.085,16.6,33.3,0.872,1.521,1.441,1.124,1.521,1.309,World,MixingBowl,45.8,38.1,0.371,0.270,0,0,None,None,0,0,0,0,1.1504,1.0002,0.285,0.000,0
94.61,Sindhu,AUIT_Multi,CAB,0.984,1.513,1.077,20.6,34.1,0.932,1.516,1.361,1.212,1.516,1.347,World,MixingBowl,45.1,39.1,0.288,0.354,0,0,None,None,0,0,0,0,1.0412,0.9865,0.280,0.000,0
94.70,Sindhu,AUIT_Multi,CAB,0.993,1.511,1.070,23.5,35.0,0.966,1.513,1.305,1.271,1.513,1.355,World,MixingBowl,45.3,40.3,0.237,0.398,0,0,None,None,0,0,0,0,0.6811,0.6169,0.308,0.000,0
94.80,Sindhu,AUIT_Multi,CAB,1.002,1.507,1.064,25.8,37.1,0.989,1.510,1.240,1.323,1.510,1.357,World,MixingBowl,47.3,42.7,0.177,0.434,0,0,None,None,0,0,0,0,0.6990,0.5310,0.353,0.000,0
94.91,Sindhu,AUIT_Multi,CAB,1.012,1.503,1.058,28.1,38.6,1.008,1.506,1.219,1.375,1.506,1.358,World,MixingBowl,48.0,44.0,0.162,0.471,0,0,None,None,0,0,0,0,0.2583,0.4762,0.392,0.000,0
95.01,Sindhu,AUIT_Multi,CAB,1.017,1.500,1.050,28.2,39.4,1.020,1.503,1.210,1.413,1.503,1.359,World,CabinetDCorner01,47.4,45.3,0.160,0.503,0,0,None,None,0,0,0,0,0.1615,0.3970,0.421,0.000,0
95.11,Sindhu,AUIT_Multi,CAB,1.015,1.497,1.042,26.4,41.2,1.024,1.500,1.207,1.423,1.500,1.358,World,CabinetDCorner01,47.3,47.7,0.165,0.516,0,0,None,None,0,0,0,0,0.0543,0.0999,0.426,0.000,0
95.20,Sindhu,AUIT_Multi,CAB,1.003,1.496,1.034,22.2,41.7,1.014,1.497,1.218,1.395,1.497,1.355,World,CabinetDCorner01,45.3,49.1,0.184,0.506,0,0,None,None,0,0,0,0,0.1515,0.2907,0.405,0.000,0
95.30,Sindhu,AUIT_Multi,CAB,0.983,1.497,1.021,17.1,41.7,0.974,1.496,1.360,1.335,1.496,1.351,World,CabinetDCorner01,44.8,49.6,0.339,0.483,0,0,None,None,0,0,0,0,1.5008,0.6049,0.361,0.000,0
95.40,Sindhu,AUIT_Multi,CAB,0.958,1.500,1.005,13.1,40.0,0.914,1.498,1.444,1.272,1.498,1.347,World,CabinetDCorner01,43.2,47.9,0.442,0.465,0,0,None,None,0,0,0,0,1.0653,0.6495,0.371,0.000,0
95.51,Sindhu,AUIT_Multi,CAB,0.922,1.503,0.984,9.8,38.0,0.841,1.500,1.491,1.214,1.500,1.344,World,CabinetDCorner01,41.5,46.3,0.513,0.463,0,0,None,None,0,0,0,0,0.7805,0.5238,0.401,0.000,0
95.61,Sindhu,AUIT_Multi,CAB,0.885,1.507,0.967,4.7,37.3,0.774,1.504,1.486,1.125,1.504,1.285,World,CabinetDCorner01,40.0,47.3,0.531,0.398,0,0,None,None,0,0,0,0,0.6865,1.1015,0.404,0.000,0
95.70,Sindhu,AUIT_Multi,CAB,0.847,1.506,0.948,356.8,37.6,0.674,1.506,1.485,1.044,1.506,1.264,World,CabinetD01,40.0,49.6,0.565,0.372,0,0,None,None,0,0,0,0,1.0372,0.8703,0.431,0.000,0
95.86,Sindhu,AUIT_Multi,CAB,0.827,1.504,0.937,352.7,38.6,0.558,1.505,1.482,1.018,1.505,1.388,World,CabinetD01,42.5,47.7,0.608,0.489,0,0,None,None,0,0,0,0,0.7315,0.7899,0.470,0.000,0
95.91,Sindhu,AUIT_Multi,CAB,0.799,1.501,0.916,352.1,39.4,0.489,1.504,1.482,1.014,1.504,1.512,World,CabinetD01,44.0,47.1,0.645,0.634,0,0,None,None,0,0,0,0,1.5390,2.8072,0.525,0.000,0
96.01,Sindhu,AUIT_Multi,CAB,0.797,1.498,0.905,360.0,40.4,0.469,1.500,1.474,1.007,1.500,1.517,World,CabinetD01,48.9,44.1,0.656,0.647,0,0,None,None,0,0,0,0,0.2219,0.0942,0.540,0.000,0
96.11,Sindhu,AUIT_Multi,CAB,0.804,1.498,0.892,13.7,41.6,0.564,1.498,1.468,1.013,1.498,1.330,World,MixingBowl,53.0,43.0,0.623,0.484,0,0,None,None,0,0,0,0,0.9840,1.9283,0.469,0.000,0
96.20,Sindhu,AUIT_Multi,CAB,0.814,1.497,0.881,24.5,40.7,0.699,1.498,1.460,1.173,1.498,1.323,World,MixingBowl,52.0,42.8,0.590,0.570,0,0,None,None,0,0,0,0,1.3901,1.6482,0.493,0.000,0
96.30,Sindhu,AUIT_Multi,CAB,0.827,1.497,0.872,33.0,40.6,0.810,1.497,1.358,1.395,1.497,1.348,World,CabinetDCorner01,51.6,43.4,0.487,0.741,0,0,None,None,0,0,0,0,1.5398,2.2938,0.585,0.000,0
96.41,Sindhu,AUIT_Multi,CAB,0.846,1.498,0.865,40.2,40.5,0.886,1.497,1.225,1.673,1.497,1.356,World,CabinetDCorner01,50.8,44.1,0.362,0.962,0,0,None,None,0,0,0,0,1.3827,2.5031,0.798,0.000,0
96.51,Sindhu,AUIT_Multi,CAB,0.870,1.496,0.863,45.2,41.0,0.936,1.497,1.182,1.900,1.497,1.338,World,KitchenOven07,51.2,44.9,0.325,1.134,0,0,None,None,0,0,0,0,0.6765,2.3385,0.976,0.000,0
96.61,Sindhu,AUIT_Multi,CAB,0.901,1.491,0.864,48.4,42.5,0.983,1.495,1.158,1.939,1.485,1.260,World,KitchenOven07,52.3,46.1,0.306,1.111,0,0,None,None,0,0,0,0,0.5372,0.8985,0.962,0.000,0
96.70,Sindhu,AUIT_Multi,CAB,0.941,1.486,0.864,50.4,44.5,1.031,1.491,1.151,1.651,1.421,1.169,World,KitchenOven07,54.0,42.1,0.301,0.776,0,0,None,None,0,0,0,0,0.4954,3.1685,0.625,0.000,0
96.80,Sindhu,AUIT_Multi,CAB,0.990,1.481,0.864,51.6,46.5,1.084,1.486,1.153,1.364,1.356,1.079,World,KitchenOven07,55.7,31.2,0.303,0.450,0,0,None,None,0,0,0,0,0.5521,3.1554,0.317,0.000,0
96.91,Sindhu,AUIT_Multi,CAB,1.047,1.479,0.867,52.2,48.8,1.169,1.481,1.193,1.957,1.444,1.111,World,KitchenOven07,56.3,50.6,0.348,0.943,0,0,None,None,0,0,0,0,0.8509,5.4297,0.793,0.000,0
97.01,Sindhu,AUIT_Multi,CAB,1.090,1.476,0.872,50.1,50.7,1.229,1.478,1.222,2.188,1.473,1.139,World,KitchenOven07,56.4,55.3,0.377,1.131,0,0,None,None,0,0,0,0,0.6930,2.4159,0.962,0.000,0
97.11,Sindhu,AUIT_Multi,CAB,1.121,1.480,0.880,48.0,50.2,1.255,1.477,1.224,2.247,1.477,1.186,World,KitchenOven07,54.7,55.0,0.369,1.167,0,0,None,None,0,0,0,0,0.2523,0.7537,0.993,0.000,0
97.20,Sindhu,AUIT_Multi,CAB,1.136,1.486,0.889,43.0,48.8,1.261,1.481,1.224,1.925,1.394,1.149,World,KitchenOven07,51.7,49.0,0.358,0.836,0,0,None,None,0,0,0,0,0.0722,3.4673,0.674,0.000,0
97.30,Sindhu,AUIT_Multi,CAB,1.140,1.496,0.898,36.9,43.9,1.233,1.488,1.205,1.618,1.318,1.128,World,KitchenOven07,46.1,34.2,0.320,0.559,0,0,None,None,0,0,0,0,0.3600,3.2739,0.428,0.000,0
97.40,Sindhu,AUIT_Multi,CAB,1.138,1.498,0.903,34.9,42.7,1.222,1.496,1.211,1.596,1.374,1.222,World,KitchenOven07,45.8,34.9,0.320,0.572,0,0,None,None,0,0,0,0,0.1488,1.1523,0.393,0.000,0
97.51,Sindhu,AUIT_Multi,CAB,1.137,1.499,0.915,34.9,41.2,1.217,1.498,1.205,1.768,1.484,1.340,World,KitchenOven07,44.6,44.3,0.301,0.761,0,0,None,None,0,0,0,0,0.0780,2.1239,0.567,0.000,0
97.61,Sindhu,AUIT_Multi,CAB,1.135,1.501,0.927,32.2,40.5,1.197,1.499,1.186,1.783,1.497,1.351,World,CabinetDCorner01,43.6,46.1,0.267,0.775,0,0,None,None,0,0,0,0,0.2788,0.2384,0.609,0.000,0
97.71,Sindhu,AUIT_Multi,CAB,1.136,1.499,0.938,30.9,39.5,1.171,1.500,1.172,1.775,1.500,1.352,World,CabinetDCorner01,44.9,46.2,0.237,0.761,0,0,None,None,0,0,0,0,0.3039,0.0881,0.631,0.000,0
97.80,Sindhu,AUIT_Multi,CAB,1.139,1.496,0.948,31.4,41.1,1.163,1.498,1.174,1.752,1.498,1.352,World,CabinetDCorner01,47.5,47.1,0.227,0.734,0,0,None,None,0,0,0,0,0.0842,0.2508,0.615,0.000,0
97.90,Sindhu,AUIT_Multi,CAB,1.144,1.496,0.957,32.9,41.4,1.168,1.497,1.181,1.760,1.497,1.354,World,CabinetDCorner01,48.0,46.9,0.225,0.733,0,0,None,None,0,0,0,0,0.0881,0.0911,0.617,0.000,0
98.01,Sindhu,AUIT_Multi,CAB,1.154,1.495,0.974,32.0,40.0,1.176,1.496,1.188,1.763,1.496,1.355,World,CabinetDCorner01,46.8,46.5,0.216,0.718,0,0,None,None,0,0,0,0,0.1009,0.0312,0.611,0.000,0
98.11,Sindhu,AUIT_Multi,CAB,1.172,1.491,0.999,29.9,39.5,1.182,1.495,1.197,1.729,1.495,1.354,World,CabinetDCorner01,47.4,47.1,0.198,0.661,0,0,None,None,0,0,0,0,0.1100,0.3537,0.569,0.000,0
98.20,Sindhu,AUIT_Multi,CAB,1.200,1.482,1.034,29.1,39.9,1.194,1.489,1.218,1.621,1.441,1.338,World,CabinetDCorner01,50.7,42.0,0.185,0.522,0,0,None,None,0,0,0,0,0.2562,1.2464,0.446,0.000,0
98.30,Sindhu,AUIT_Multi,CAB,1.235,1.481,1.077,28.0,40.1,1.220,1.483,1.261,1.500,1.373,1.317,World,CabinetDCorner01,50.5,28.9,0.185,0.374,0,0,None,None,0,0,0,0,0.5242,1.4534,0.306,0.000,0
98.40,Sindhu,AUIT_Multi,CAB,1.269,1.470,1.120,25.4,38.4,1.247,1.479,1.275,1.452,1.361,1.318,World,CabinetDCorner01,52.0,22.1,0.157,0.290,0,0,None,None,0,1,0,0,0.3070,0.5002,0.240,0.000,0
98.51,Sindhu,AUIT_Multi,CAB,1.308,1.452,1.173,23.3,38.5,1.278,1.466,1.288,1.537,1.451,1.356,World,CabinetDCorner01,57.3,46.2,0.120,0.293,0,0,None,None,0,0,0,0,0.3291,1.1814,0.267,0.000,0
98.61,Sindhu,AUIT_Multi,CAB,1.335,1.431,1.218,19.9,38.4,1.306,1.449,1.301,1.511,1.447,1.360,World,CabinetDCorner01,62.6,51.5,0.090,0.226,0,0,None,None,0,0,0,0,0.3538,0.2710,0.213,0.000,0
98.70,Sindhu,AUIT_Multi,CAB,1.359,1.403,1.255,19.6,39.9,1.322,1.422,1.320,1.495,1.383,1.426,World,CabinetDCorner01,70.6,38.5,0.078,0.219,0,0,None,None,0,0,0,0,0.3817,0.9667,0.206,0.000,0
98.80,Sindhu,AUIT_Multi,CAB,1.378,1.372,1.284,19.8,43.0,1.333,1.390,1.347,1.578,1.287,1.619,World,CabinetDCorner01,75.4,32.2,0.080,0.399,0,0,None,None,0,0,0,0,0.4430,2.3580,0.380,1.000,0
98.90,Sindhu,AUIT_Multi,CAB,1.395,1.342,1.302,20.0,45.7,1.340,1.358,1.401,1.730,1.230,1.828,World,CabinetDCorner01,69.0,37.1,0.115,0.634,0,0,None,None,0,0,0,0,0.6531,2.7115,0.592,0.000,0
99.01,Sindhu,AUIT_Multi,CAB,1.413,1.312,1.316,22.1,48.0,1.347,1.321,1.523,2.192,1.317,2.105,World,CabinetDCorner01,61.2,52.0,0.218,1.109,0,0,None,None,0,0,0,0,1.1555,4.9532,1.026,0.000,0
99.11,Sindhu,AUIT_Multi,CAB,1.426,1.288,1.319,23.0,47.6,1.358,1.291,1.567,2.286,1.307,2.124,World,CabinetDCorner01,58.5,52.8,0.257,1.178,0,0,None,None,0,0,0,0,0.5596,0.9966,1.083,0.000,0
99.20,Sindhu,AUIT_Multi,CAB,1.437,1.263,1.320,23.2,47.8,1.367,1.259,1.589,2.316,1.285,2.123,World,CabinetDCorner01,57.1,53.3,0.278,1.191,0,0,None,None,0,0,0,0,0.4097,0.3851,1.089,0.000,0
99.30,Sindhu,AUIT_Multi,CAB,1.445,1.241,1.319,24.9,49.9,1.380,1.229,1.611,2.340,1.261,2.111,World,CabinetDCorner01,57.2,54.7,0.299,1.195,0,0,None,None,0,0,0,0,0.4065,0.3661,1.083,0.000,0
99.40,Sindhu,AUIT_Multi,CAB,1.451,1.224,1.322,24.7,51.9,1.388,1.198,1.631,2.361,1.240,2.096,World,CabinetDCorner01,56.0,56.7,0.316,1.195,0,0,None,None,0,0,0,0,0.3797,0.3486,1.079,0.000,0
99.51,Sindhu,AUIT_Multi,CAB,1.457,1.210,1.327,24.3,53.4,1.396,1.165,1.656,2.367,1.221,2.100,World,CabinetDCorner01,53.6,57.9,0.338,1.194,0,0,None,None,0,0,0,0,0.3874,0.1786,1.069,0.000,0
99.61,Sindhu,AUIT_Multi,CAB,1.462,1.200,1.332,23.9,54.1,1.403,1.135,1.671,2.367,1.209,2.109,World,CabinetDCorner01,51.0,58.5,0.349,1.193,0,0,None,None,0,0,0,0,0.3451,0.1583,1.062,0.000,0
99.71,Sindhu,AUIT_Multi,CAB,1.468,1.190,1.339,24.1,55.5,1.440,1.173,1.800,2.281,1.186,2.048,World,CabinetDCorner01,57.9,58.8,0.463,1.079,0,0,None,None,0,0,0,0,1.4445,1.1175,0.877,0.000,0
99.80,Sindhu,AUIT_Multi,CAB,1.474,1.182,1.344,23.5,56.8,1.459,1.185,1.754,2.001,1.135,1.831,World,KitchenOven07,60.9,56.4,0.411,0.719,0,0,None,None,0,0,0,0,0.5364,3.7345,0.550,0.000,0
99.91,Sindhu,AUIT_Multi,CAB,1.481,1.180,1.348,22.8,57.7,1.462,1.181,1.786,1.667,1.077,1.572,World,KitchenOven07,61.3,40.2,0.438,0.309,0,0,None,None,0,0,0,0,0.2840,3.8460,0.314,0.000,0
100.01,Sindhu,AUIT_Multi,CAB,1.488,1.183,1.346,23.0,57.7,1.468,1.181,1.722,2.191,1.153,2.006,World,KitchenOven07,60.9,59.0,0.376,0.965,0,0,None,None,0,0,0,0,0.6465,6.9492,0.777,0.000,0
100.11,Sindhu,AUIT_Multi,CAB,1.490,1.190,1.337,25.0,57.5,1.477,1.184,1.692,2.363,1.181,2.120,World,KitchenOven07,60.6,59.9,0.355,1.172,0,0,None,None,0,0,0,0,0.3276,2.1450,0.984,0.000,0
100.21,Sindhu,AUIT_Multi,CAB,1.486,1.195,1.324,25.0,56.3,1.488,1.190,1.728,2.404,1.190,2.105,World,KitchenOven07,59.0,59.4,0.404,1.205,0,0,None,None,0,0,0,0,0.3914,0.4571,0.990,0.000,0
100.30,Sindhu,AUIT_Multi,CAB,1.483,1.202,1.312,24.4,56.4,1.484,1.196,1.769,2.400,1.196,2.100,World,KitchenOven07,59.0,59.6,0.458,1.209,0,0,None,None,0,0,0,0,0.4333,0.0904,0.974,0.000,0
100.41,Sindhu,AUIT_Multi,CAB,1.480,1.213,1.295,26.1,55.7,1.482,1.204,1.725,2.398,1.204,2.084,World,KitchenOven07,58.4,58.4,0.430,1.211,0,0,None,None,0,0,0,0,0.4123,0.1640,0.984,0.000,0
100.51,Sindhu,AUIT_Multi,CAB,1.473,1.226,1.276,28.5,54.6,1.490,1.215,1.736,2.417,1.215,2.041,World,KitchenOven07,57.4,57.1,0.460,1.214,0,0,None,None,0,0,0,0,0.1794,0.4873,0.975,0.000,0
100.61,Sindhu,AUIT_Multi,CAB,1.462,1.243,1.254,31.3,53.3,1.499,1.228,1.671,2.442,1.228,1.979,World,KitchenOven07,55.6,55.7,0.419,1.219,0,0,None,None,0,0,0,0,0.6855,0.7005,0.992,0.000,0
100.70,Sindhu,AUIT_Multi,CAB,1.442,1.265,1.226,33.4,51.4,1.494,1.246,1.567,2.459,1.246,1.912,World,KitchenOven07,52.4,53.9,0.346,1.227,0,0,None,None,0,0,0,0,1.0977,0.7415,1.026,0.000,0
100.80,Sindhu,AUIT_Multi,CAB,1.413,1.294,1.190,35.9,49.1,1.481,1.269,1.489,2.459,1.269,1.850,World,KitchenOven07,48.6,51.5,0.307,1.237,0,0,None,None,0,0,0,0,0.8484,0.6791,1.043,0.000,0
100.91,Sindhu,AUIT_Multi,CAB,1.371,1.332,1.140,38.9,47.2,1.447,1.302,1.367,2.434,1.302,1.793,World,KitchenOven07,43.8,48.9,0.241,1.248,0,0,None,None,0,0,0,0,1.1782,0.6384,1.075,0.000,0
101.01,Sindhu,AUIT_Multi,CAB,1.330,1.366,1.092,42.7,47.9,1.428,1.336,1.311,2.238,1.336,1.649,World,KitchenOven07,43.7,48.3,0.241,1.066,0,0,None,None,0,0,0,0,0.6983,2.5231,0.878,0.000,0
101.11,Sindhu,AUIT_Multi,CAB,1.292,1.395,1.047,45.8,48.9,1.416,1.369,1.285,1.940,1.369,1.423,World,KitchenOven07,45.9,48.4,0.270,0.749,0,0,None,None,0,0,0,0,0.4436,3.8659,0.541,0.000,0
101.20,Sindhu,AUIT_Multi,CAB,1.261,1.421,1.009,48.1,49.9,1.408,1.398,1.270,2.204,1.398,1.462,World,KitchenOven07,48.1,50.5,0.300,1.046,0,0,None,None,0,0,0,0,0.3509,2.7675,0.819,0.000,0
101.30,Sindhu,AUIT_Multi,CAB,1.242,1.443,0.980,49.5,50.7,1.402,1.423,1.260,2.338,1.423,1.461,World,KitchenOven07,50.0,51.7,0.324,1.197,0,0,None,None,0,0,0,0,0.2850,1.4017,0.957,0.000,0
101.41,Sindhu,AUIT_Multi,CAB,1.233,1.459,0.953,53.1,51.7,1.398,1.447,1.252,2.372,1.447,1.362,World,KitchenOven07,53.6,53.1,0.342,1.211,0,0,None,None,0,0,0,0,0.2250,0.9578,0.981,0.000,0
101.51,Sindhu,AUIT_Multi,CAB,1.230,1.466,0.933,57.1,52.4,1.403,1.459,1.246,2.403,1.459,1.206,World,Floor,56.5,54.7,0.358,1.205,0,0,None,None,0,0,0,0,0.1522,1.6611,1.001,0.000,0
101.61,Sindhu,AUIT_Multi,CAB,1.229,1.468,0.919,59.3,51.8,1.427,1.465,1.243,2.418,1.465,1.100,World,Floor,56.4,54.8,0.379,1.202,0,0,None,None,0,0,0,0,0.2564,1.0922,1.001,0.000,0
101.70,Sindhu,AUIT_Multi,CAB,1.226,1.470,0.913,58.6,50.7,1.444,1.468,1.240,2.421,1.468,1.048,World,Floor,54.6,54.8,0.393,1.204,0,0,None,None,0,0,0,0,0.1809,0.5399,0.996,0.000,0
101.80,Sindhu,AUIT_Multi,CAB,1.223,1.469,0.914,56.6,50.6,1.437,1.470,1.238,2.417,1.470,1.058,World,KitchenOven07,54.4,55.4,0.388,1.202,0,0,None,None,0,0,0,0,0.0752,0.1075,0.996,0.000,0
101.92,Sindhu,AUIT_Multi,CAB,1.220,1.467,0.916,55.8,51.6,1.421,1.469,1.237,2.410,1.469,1.090,World,KitchenOven07,55.5,56.0,0.379,1.203,0,0,None,None,0,0,0,0,0.1360,0.2903,0.999,0.000,0
102.01,Sindhu,AUIT_Multi,CAB,1.217,1.468,0.920,56.0,51.6,1.412,1.468,1.238,2.404,1.468,1.106,World,KitchenOven07,55.5,55.7,0.373,1.202,0,0,None,None,0,0,0,0,0.1064,0.1785,1.001,0.000,0
102.11,Sindhu,AUIT_Multi,CAB,1.213,1.470,0.922,55.6,51.1,1.407,1.469,1.239,2.401,1.469,1.110,World,KitchenOven07,54.8,55.4,0.371,1.203,0,0,None,None,0,0,0,0,0.0529,0.0553,1.002,0.000,0
102.20,Sindhu,AUIT_Multi,CAB,1.208,1.472,0.922,56.2,51.3,1.402,1.470,1.239,2.397,1.470,1.114,World,KitchenOven07,55.3,55.3,0.372,1.204,0,0,None,None,0,0,0,0,0.0540,0.0640,1.003,0.000,0
102.30,Sindhu,AUIT_Multi,CAB,1.201,1.472,0.920,56.6,51.0,1.402,1.472,1.240,2.393,1.472,1.107,World,KitchenOven07,55.0,55.0,0.377,1.206,0,0,None,None,0,0,0,0,0.0145,0.0895,1.000,0.000,0
102.41,Sindhu,AUIT_Multi,CAB,1.191,1.471,0.917,57.5,51.3,1.401,1.472,1.240,2.385,1.472,1.100,World,Floor,55.4,55.1,0.385,1.208,0,0,None,None,0,0,0,0,0.0071,0.0909,0.994,0.000,0
102.51,Sindhu,AUIT_Multi,CAB,1.185,1.469,0.914,58.4,51.6,1.401,1.471,1.239,2.379,1.471,1.081,World,Floor,55.9,55.4,0.391,1.206,0,0,None,None,0,0,0,0,0.0114,0.2078,0.991,0.000,0
102.61,Sindhu,AUIT_Multi,CAB,1.181,1.468,0.907,58.8,52.5,1.401,1.469,1.238,2.376,1.469,1.053,World,Floor,56.8,56.4,0.398,1.204,0,0,None,None,0,0,0,0,0.0195,0.2866,0.993,0.000,0
102.70,Sindhu,AUIT_Multi,CAB,1.177,1.467,0.896,58.7,53.1,1.402,1.468,1.236,2.373,1.468,1.037,World,Floor,57.2,56.9,0.407,1.204,0,0,None,None,0,0,0,0,0.0284,0.1745,0.992,0.000,0
102.80,Sindhu,AUIT_Multi,CAB,1.177,1.468,0.884,56.8,51.8,1.400,1.468,1.233,2.370,1.468,1.034,World,Floor,55.5,56.2,0.414,1.202,0,0,None,None,0,0,0,0,0.0356,0.0422,0.990,0.000,0
102.91,Sindhu,AUIT_Multi,CAB,1.177,1.473,0.862,52.9,50.0,1.384,1.469,1.227,2.361,1.469,1.073,World,KitchenOven07,53.4,55.0,0.420,1.203,0,0,None,None,0,0,0,0,0.1599,0.3568,0.989,0.000,0
103.01,Sindhu,AUIT_Multi,CAB,1.179,1.477,0.834,51.2,49.5,1.368,1.473,1.220,2.350,1.473,1.111,World,KitchenOven07,53.5,53.9,0.430,1.203,0,0,None,None,0,0,0,0,0.1794,0.4060,0.988,0.000,0
103.11,Sindhu,AUIT_Multi,CAB,1.182,1.478,0.800,50.4,49.3,1.368,1.477,1.212,2.345,1.477,1.113,World,KitchenOven07,54.0,53.5,0.452,1.205,0,0,None,None,0,0,0,0,0.0931,0.0616,0.982,0.000,0
103.20,Sindhu,AUIT_Multi,CAB,1.184,1.477,0.762,48.4,49.3,1.372,1.477,1.202,2.342,1.477,1.103,World,KitchenOven07,53.9,53.8,0.479,1.207,0,0,None,None,0,0,0,0,0.1097,0.1073,0.974,0.000,0
103.30,Sindhu,AUIT_Multi,CAB,1.184,1.477,0.725,46.4,49.4,1.371,1.468,1.185,2.192,1.439,1.078,World,KitchenOven07,52.6,51.7,0.497,1.069,0,0,None,None,0,0,0,0,0.2019,1.6223,0.829,0.000,0
103.40,Sindhu,AUIT_Multi,CAB,1.185,1.478,0.697,43.8,49.6,1.371,1.447,1.162,1.871,1.356,1.031,World,KitchenOven07,49.7,43.9,0.502,0.773,0,0,None,None,0,0,0,0,0.3160,3.4257,0.525,0.000,0
103.51,Sindhu,AUIT_Multi,CAB,1.184,1.482,0.672,41.9,50.0,1.371,1.424,1.136,1.672,1.309,1.022,World,KitchenOven07,46.5,35.4,0.504,0.625,0,0,None,None,0,0,0,0,0.3087,1.8472,0.342,0.000,0
103.61,Sindhu,AUIT_Multi,CAB,1.181,1.486,0.655,40.1,48.6,1.370,1.404,1.114,2.128,1.452,1.216,World,KitchenOven07,42.0,49.7,0.502,1.101,0,0,None,None,0,0,0,0,0.3095,5.2939,0.767,0.000,0
103.70,Sindhu,AUIT_Multi,CAB,1.177,1.489,0.643,39.6,47.6,1.368,1.385,1.092,2.201,1.482,1.258,World,KitchenOven07,38.2,50.2,0.499,1.194,0,0,None,None,0,0,0,0,0.2967,0.9215,0.855,0.000,0
103.80,Sindhu,AUIT_Multi,CAB,1.171,1.492,0.633,38.4,45.8,1.363,1.363,1.069,2.203,1.489,1.260,World,KitchenOven07,33.1,49.1,0.494,1.208,0,0,None,None,0,0,0,0,0.3320,0.0747,0.871,0.000,0
103.91,Sindhu,AUIT_Multi,CAB,1.165,1.494,0.621,37.1,44.5,1.357,1.341,1.045,2.194,1.492,1.254,World,KitchenOven07,28.3,48.2,0.490,1.209,0,0,None,None,0,0,0,0,0.3014,0.1015,0.876,0.000,0
104.01,Sindhu,AUIT_Multi,CAB,1.161,1.498,0.614,36.3,42.4,1.353,1.322,1.023,2.187,1.495,1.249,World,KitchenOven07,23.2,46.6,0.485,1.207,0,0,None,None,1,0,0,0,0.2989,0.0970,0.881,0.000,0
104.11,Sindhu,AUIT_Multi,CAB,1.156,1.499,0.607,35.4,41.7,1.349,1.301,1.001,2.180,1.497,1.245,World,KitchenOven07,19.1,46.4,0.481,1.207,0,0,None,None,1,0,0,0,0.3179,0.0794,0.889,0.000,0
104.20,Sindhu,AUIT_Multi,CAB,1.150,1.501,0.601,34.6,41.3,1.345,1.280,0.978,2.174,1.499,1.241,World,KitchenOven07,15.1,46.3,0.478,1.207,0,0,None,None,1,0,0,0,0.3213,0.0844,0.897,0.000,0
104.30,Sindhu,AUIT_Multi,CAB,1.146,1.501,0.598,34.3,40.9,1.300,1.380,1.063,2.167,1.500,1.237,World,KitchenOven07,30.4,46.2,0.504,1.205,0,0,None,None,0,0,0,0,1.4084,0.0749,0.893,0.000,0
104.41,Sindhu,AUIT_Multi,CAB,1.142,1.500,0.596,35.3,40.7,1.257,1.486,1.119,2.163,1.501,1.234,World,KitchenOven07,44.3,45.6,0.535,1.203,0,0,None,None,0,0,0,0,1.1521,0.0501,0.913,0.000,0
104.51,Sindhu,AUIT_Multi,CAB,1.138,1.501,0.595,35.0,40.7,1.256,1.499,1.120,2.162,1.500,1.228,World,KitchenOven07,45.3,45.9,0.538,1.204,0,0,None,None,0,0,0,0,0.1280,0.0699,0.913,0.000,0
104.61,Sindhu,AUIT_Multi,CAB,1.134,1.501,0.595,33.7,40.3,1.236,1.500,1.103,2.159,1.501,1.225,World,KitchenOven07,45.1,46.1,0.518,1.203,0,0,None,None,0,0,0,0,0.2760,0.0422,0.932,0.000,0
104.70,Sindhu,AUIT_Multi,CAB,1.131,1.501,0.593,33.7,40.3,1.215,1.501,1.093,2.156,1.501,1.223,World,KitchenOven07,45.9,46.1,0.506,1.203,0,0,None,None,0,0,0,0,0.2299,0.0372,0.950,0.000,0
104.80,Sindhu,AUIT_Multi,CAB,1.131,1.500,0.592,34.0,40.5,1.212,1.501,1.093,2.154,1.501,1.221,World,KitchenOven07,46.4,46.2,0.508,1.201,0,0,None,None,0,0,0,0,0.0372,0.0319,0.951,0.000,0
104.90,Sindhu,AUIT_Multi,CAB,1.132,1.499,0.589,34.9,40.7,1.213,1.500,1.093,2.159,1.500,1.210,World,KitchenOven07,47.1,46.2,0.511,1.201,0,0,None,None,0,0,0,0,0.0136,0.1255,0.954,0.000,0
105.01,Sindhu,AUIT_Multi,CAB,1.135,1.497,0.585,36.7,41.5,1.227,1.499,1.101,2.176,1.499,1.181,World,KitchenOven07,48.1,46.7,0.525,1.199,0,0,None,None,0,0,0,0,0.1478,0.2971,0.952,0.000,0
105.11,Sindhu,AUIT_Multi,CAB,1.138,1.496,0.579,38.3,42.5,1.246,1.497,1.113,2.193,1.497,1.150,World,KitchenOven07,48.9,47.4,0.544,1.200,0,0,None,None,0,0,0,0,0.2336,0.3664,0.947,0.000,0
105.20,Sindhu,AUIT_Multi,CAB,1.139,1.495,0.574,39.1,42.7,1.267,1.496,1.127,2.209,1.496,1.118,World,KitchenOven07,48.7,47.8,0.568,1.201,0,0,None,None,0,0,0,0,0.2572,0.3685,0.942,0.000,0
105.30,Sindhu,AUIT_Multi,CAB,1.141,1.494,0.569,39.1,43.4,1.279,1.495,1.132,2.218,1.495,1.099,World,KitchenOven07,49.0,48.7,0.579,1.201,0,0,None,None,0,0,0,0,0.1296,0.2124,0.940,0.000,0
105.41,Sindhu,AUIT_Multi,CAB,1.140,1.490,0.562,38.5,44.5,1.280,1.493,1.127,2.219,1.493,1.095,World,KitchenOven07,49.8,49.9,0.582,1.203,0,0,None,None,0,0,0,0,0.0467,0.0474,0.940,0.000,0
105.51,Sindhu,AUIT_Multi,CAB,1.137,1.487,0.556,38.2,46.3,1.274,1.490,1.119,2.214,1.490,1.097,World,KitchenOven07,51.3,51.4,0.579,1.205,0,0,None,None,0,0,0,0,0.1058,0.0631,0.940,0.000,0
105.61,Sindhu,AUIT_Multi,CAB,1.132,1.487,0.550,37.2,46.7,1.264,1.488,1.109,2.205,1.488,1.101,World,KitchenOven07,51.3,51.9,0.574,1.206,0,0,None,None,0,0,0,0,0.1484,0.1000,0.941,0.000,0
105.71,Sindhu,AUIT_Multi,CAB,1.126,1.485,0.544,37.3,47.5,1.251,1.486,1.098,2.193,1.486,1.106,World,KitchenOven07,52.2,52.2,0.568,1.206,0,0,None,None,0,0,0,0,0.1618,0.1270,0.943,0.000,0
105.80,Sindhu,AUIT_Multi,CAB,1.115,1.483,0.537,38.0,48.4,1.249,1.485,1.097,2.186,1.485,1.100,World,KitchenOven07,53.0,52.9,0.576,1.211,0,0,None,None,0,0,0,0,0.0283,0.1031,0.938,0.000,0
105.91,Sindhu,AUIT_Multi,CAB,1.098,1.481,0.528,37.6,49.4,1.245,1.483,1.093,2.175,1.483,1.090,World,Floor,53.4,53.9,0.584,1.215,0,0,None,None,0,0,0,0,0.0538,0.1404,0.930,0.000,0
106.01,Sindhu,AUIT_Multi,CAB,1.080,1.478,0.517,35.6,49.6,1.216,1.481,1.074,2.155,1.481,1.090,World,Floor,53.4,54.7,0.574,1.218,0,0,None,None,0,0,0,0,0.3588,0.2023,0.939,0.000,0
106.11,Sindhu,AUIT_Multi,CAB,1.061,1.476,0.501,32.9,49.9,1.175,1.478,1.058,2.118,1.478,1.113,World,Floor,53.2,55.0,0.569,1.221,0,0,None,None,0,0,0,0,0.4536,0.4542,0.944,0.000,0
106.20,Sindhu,AUIT_Multi,CAB,1.043,1.478,0.479,31.9,49.3,1.136,1.477,1.048,2.076,1.477,1.135,World,KitchenOven07,52.8,54.0,0.576,1.223,0,0,None,None,0,0,0,0,0.4170,0.4874,0.944,0.000,0
106.30,Sindhu,AUIT_Multi,CAB,1.029,1.480,0.461,31.1,48.3,1.110,1.478,1.042,2.047,1.478,1.133,World,KitchenOven07,52.2,53.1,0.587,1.220,0,0,None,None,0,0,0,0,0.2732,0.2976,0.941,0.000,0
106.41,Sindhu,AUIT_Multi,CAB,1.018,1.482,0.443,30.8,47.7,1.087,1.481,1.037,2.021,1.481,1.129,World,KitchenOven07,52.0,52.2,0.598,1.215,0,0,None,None,0,0,0,0,0.2137,0.2379,0.938,0.000,0
106.51,Sindhu,AUIT_Multi,CAB,1.011,1.483,0.429,31.8,47.1,1.083,1.482,1.033,2.010,1.482,1.116,World,KitchenOven07,51.8,51.4,0.608,1.213,0,0,None,None,0,0,0,0,0.0643,0.1773,0.931,0.000,0
106.61,Sindhu,AUIT_Multi,CAB,1.006,1.486,0.419,32.5,46.2,1.084,1.484,1.029,2.014,1.484,1.086,World,KitchenOven07,51.1,50.6,0.615,1.209,0,0,None,None,0,0,0,0,0.0420,0.3200,0.932,0.000,0
106.70,Sindhu,AUIT_Multi,CAB,1.001,1.487,0.411,32.8,45.5,1.086,1.486,1.027,2.018,1.486,1.063,World,KitchenOven07,50.4,50.4,0.622,1.208,0,0,None,None,0,0,0,0,0.0406,0.2397,0.932,0.000,0
106.80,Sindhu,AUIT_Multi,CAB,0.997,1.487,0.407,32.3,44.9,1.084,1.487,1.025,2.013,1.487,1.055,World,KitchenOven07,49.8,50.1,0.624,1.206,0,0,None,None,0,0,0,0,0.0342,0.0915,0.930,0.000,0
106.91,Sindhu,AUIT_Multi,CAB,0.992,1.486,0.403,32.3,44.8,1.075,1.487,1.024,2.006,1.487,1.054,World,KitchenOven07,49.9,50.0,0.626,1.205,0,0,None,None,0,0,0,0,0.0736,0.0656,0.931,0.000,0
107.01,Sindhu,AUIT_Multi,CAB,0.987,1.487,0.401,32.0,44.2,1.071,1.486,1.023,2.001,1.486,1.052,World,KitchenOven07,49.1,49.6,0.627,1.204,0,0,None,None,0,0,0,0,0.0515,0.0552,0.931,0.000,0
107.11,Sindhu,AUIT_Multi,CAB,0.982,1.488,0.400,31.5,43.5,1.062,1.487,1.022,1.992,1.487,1.057,World,KitchenOven07,48.5,49.0,0.627,1.205,0,0,None,None,0,0,0,0,0.0924,0.1108,0.931,0.000,0
107.20,Sindhu,AUIT_Multi,CAB,0.977,1.489,0.399,31.5,43.0,1.053,1.488,1.022,1.983,1.488,1.062,World,KitchenOven07,48.2,48.5,0.628,1.205,0,0,None,None,0,0,0,0,0.0896,0.1021,0.931,0.000,0
107.30,Sindhu,AUIT_Multi,CAB,0.972,1.490,0.398,31.4,42.9,1.047,1.489,1.022,1.977,1.489,1.061,World,KitchenOven07,48.1,48.4,0.628,1.204,0,0,None,None,0,0,0,0,0.0608,0.0624,0.930,0.000,0
107.40,Sindhu,AUIT_Multi,CAB,0.968,1.491,0.399,31.0,42.6,1.041,1.490,1.023,1.970,1.490,1.064,World,KitchenOven07,47.8,48.4,0.628,1.203,0,0,None,None,0,0,0,0,0.0665,0.0736,0.930,0.000,0
107.51,Sindhu,AUIT_Multi,CAB,0.963,1.491,0.400,30.2,42.8,1.031,1.491,1.024,1.960,1.491,1.073,World,KitchenOven07,47.9,48.6,0.627,1.202,0,0,None,None,0,0,0,0,0.0920,0.1236,0.930,0.000,0
107.61,Sindhu,AUIT_Multi,CAB,0.960,1.490,0.402,29.3,42.7,1.019,1.491,1.026,1.947,1.491,1.087,World,KitchenOven07,47.8,48.6,0.627,1.201,0,0,None,None,0,0,0,0,0.1227,0.1944,0.930,0.000,0
107.71,Sindhu,AUIT_Multi,CAB,0.958,1.490,0.404,28.4,42.8,1.006,1.490,1.029,1.933,1.490,1.104,World,KitchenOven07,47.9,48.7,0.627,1.201,0,0,None,None,0,0,0,0,0.1374,0.2278,0.930,0.000,0
107.80,Sindhu,AUIT_Multi,CAB,0.956,1.490,0.406,27.8,43.0,0.994,1.490,1.032,1.920,1.490,1.120,World,CabinetDCorner01,48.2,48.7,0.628,1.200,0,0,None,None,0,0,0,0,0.1206,0.2095,0.930,0.000,0
107.90,Sindhu,AUIT_Multi,CAB,0.956,1.489,0.407,27.2,43.0,0.986,1.490,1.035,1.911,1.490,1.133,World,CabinetDCorner01,48.2,48.7,0.629,1.200,0,0,None,None,0,0,0,0,0.0909,0.1623,0.930,0.000,0
108.01,Sindhu,AUIT_Multi,CAB,0.955,1.489,0.408,26.9,43.0,0.979,1.490,1.037,1.903,1.490,1.144,World,CabinetDCorner01,48.4,48.6,0.629,1.199,0,0,None,None,0,0,0,0,0.0689,0.1266,0.930,0.000,0
108.11,Sindhu,AUIT_Multi,CAB,0.955,1.489,0.409,27.0,43.1,0.977,1.489,1.038,1.900,1.489,1.148,World,CabinetDCorner01,48.6,48.5,0.629,1.200,0,0,None,None,0,0,0,0,0.0225,0.0483,0.930,0.000,0
108.20,Sindhu,AUIT_Multi,CAB,0.955,1.490,0.409,27.5,43.0,0.978,1.489,1.038,1.902,1.489,1.146,World,CabinetDCorner01,48.6,48.3,0.629,1.200,0,0,None,None,0,0,0,0,0.0154,0.0264,0.930,0.000,0
108.30,Sindhu,AUIT_Multi,CAB,0.955,1.490,0.409,28.4,42.8,0.984,1.490,1.035,1.909,1.490,1.137,World,KitchenOven07,48.6,48.0,0.627,1.200,0,0,None,None,0,0,0,0,0.0653,0.1181,0.931,0.000,0
108.40,Sindhu,AUIT_Multi,CAB,0.956,1.491,0.408,29.0,42.5,0.993,1.490,1.033,1.919,1.490,1.124,World,KitchenOven07,48.3,47.8,0.626,1.200,0,0,None,None,0,0,0,0,0.0901,0.1657,0.931,0.000,0
108.51,Sindhu,AUIT_Multi,CAB,0.957,1.492,0.407,29.3,41.8,0.999,1.491,1.031,1.926,1.491,1.114,World,KitchenOven07,47.6,47.3,0.626,1.200,0,0,None,None,0,0,0,0,0.0619,0.1185,0.931,0.000,0
108.61,Sindhu,AUIT_Multi,CAB,0.957,1.493,0.404,29.8,41.1,1.005,1.492,1.029,1.932,1.492,1.105,World,KitchenOven07,47.0,46.6,0.627,1.201,0,0,None,None,0,0,0,0,0.0594,0.1080,0.931,0.000,0
108.70,Sindhu,AUIT_Multi,CAB,0.957,1.495,0.403,29.7,40.2,1.010,1.493,1.028,1.938,1.493,1.096,World,KitchenOven07,46.0,46.1,0.627,1.201,0,0,None,None,0,0,0,0,0.0559,0.1092,0.931,0.000,0
108.80,Sindhu,AUIT_Multi,CAB,0.955,1.498,0.402,28.1,38.8,1.005,1.495,1.029,1.932,1.495,1.102,World,KitchenOven07,44.2,45.5,0.629,1.202,0,0,None,None,0,0,0,0,0.0553,0.0834,0.930,0.000,0
108.90,Sindhu,AUIT_Multi,CAB,0.950,1.504,0.401,25.8,36.2,0.985,1.499,1.035,1.909,1.499,1.128,World,CabinetDCorner01,41.6,43.9,0.635,1.203,0,0,None,None,0,0,0,0,0.2188,0.3577,0.929,0.000,0
109.01,Sindhu,AUIT_Multi,CAB,0.942,1.511,0.400,21.3,32.3,0.944,1.506,1.055,1.862,1.506,1.177,World,CabinetDCorner01,37.5,41.8,0.655,1.205,0,0,None,None,0,0,0,0,0.4066,0.6131,0.927,0.000,0
109.11,Sindhu,AUIT_Multi,CAB,0.935,1.517,0.398,17.0,29.1,0.889,1.512,1.097,1.801,1.512,1.235,World,CabinetDCorner01,34.8,40.0,0.701,1.205,0,0,None,None,0,0,0,0,0.7240,0.8754,0.922,0.000,0
109.21,Sindhu,AUIT_Multi,CAB,0.927,1.522,0.396,12.8,26.2,0.802,1.517,1.264,1.729,1.517,1.295,World,CabinetDCorner01,32.9,38.2,0.877,1.204,0,0,None,None,0,0,0,0,1.8271,0.9055,0.928,0.000,0
109.30,Sindhu,AUIT_Multi,CAB,0.921,1.529,0.394,8.8,22.5,0.717,1.523,1.327,1.653,1.523,1.345,World,CabinetDCorner01,30.2,35.8,0.955,1.200,0,0,None,None,0,0,0,0,1.1382,0.9938,0.936,0.000,0
109.40,Sindhu,AUIT_Multi,CAB,0.915,1.535,0.391,4.5,18.7,0.638,1.529,1.331,1.533,1.529,1.324,World,CabinetDCorner01,27.6,33.9,0.980,1.120,0,0,None,None,0,0,0,0,0.8215,1.2580,0.895,0.000,0
109.51,Sindhu,AUIT_Multi,CAB,0.911,1.539,0.386,0.6,16.4,0.546,1.536,1.327,1.420,1.536,1.315,World,Wall4m,26.9,32.2,1.009,1.059,0,0,None,None,0,0,0,0,0.8276,1.0202,0.874,0.000,0
109.61,Sindhu,AUIT_Multi,CAB,0.910,1.537,0.383,358.8,17.0,0.506,1.538,1.278,1.356,1.538,1.314,World,Wall4m,28.4,31.4,0.982,1.032,0,0,None,None,0,0,0,0,0.6561,0.6683,0.850,0.000,0
109.70,Sindhu,AUIT_Multi,CAB,0.907,1.537,0.382,356.9,17.5,0.485,1.537,1.239,1.316,1.537,1.313,World,Wall4m,28.8,31.7,0.955,1.017,0,0,None,None,0,0,0,0,0.4605,0.4071,0.834,0.000,0
109.80,Sindhu,AUIT_Multi,CAB,0.904,1.535,0.382,355.2,17.5,0.466,1.537,1.203,1.278,1.537,1.313,World,Wall4m,28.9,31.6,0.931,1.003,0,0,None,None,0,0,0,0,0.4128,0.3885,0.820,0.000,0
109.90,Sindhu,AUIT_Multi,CAB,0.901,1.534,0.381,353.5,18.1,0.447,1.535,1.175,1.244,1.535,1.312,World,Wall4m,29.2,31.9,0.915,0.993,0,0,None,None,0,0,0,0,0.3502,0.3541,0.809,0.000,0
110.00,Sindhu,AUIT_Multi,CAB,0.898,1.535,0.380,351.2,17.9,0.427,1.534,1.150,1.104,1.516,1.137,World,Wall4m,28.6,28.8,0.903,0.785,0,0,None,None,0,0,0,0,0.3177,2.2285,0.677,0.000,0
110.11,Sindhu,AUIT_Multi,CAB,0.896,1.533,0.383,349.8,18.8,0.421,1.534,1.152,0.951,1.496,0.946,World,Wall4m,28.3,21.6,0.904,0.566,0,0,None,None,0,1,0,0,0.0587,2.2872,0.570,0.000,0
110.21,Sindhu,AUIT_Multi,CAB,0.896,1.531,0.388,350.2,20.1,0.420,1.533,1.153,1.016,1.519,1.122,World,CabinetD01,29.6,26.8,0.901,0.744,0,0,None,None,0,0,0,0,0.0213,1.9320,0.597,0.000,0
110.30,Sindhu,AUIT_Multi,CAB,0.898,1.529,0.393,351.6,21.5,0.419,1.531,1.154,1.080,1.529,1.209,World,CabinetD01,31.6,29.6,0.899,0.836,0,0,None,None,0,0,0,0,0.0236,1.1295,0.663,0.000,0
110.40,Sindhu,AUIT_Multi,CAB,0.901,1.529,0.397,353.7,22.2,0.419,1.530,1.157,1.146,1.529,1.264,World,CabinetD01,33.8,30.9,0.900,0.901,0,0,None,None,0,0,0,0,0.0267,0.8818,0.735,0.000,0
110.51,Sindhu,AUIT_Multi,CAB,0.907,1.528,0.401,357.2,23.2,0.434,1.529,1.199,1.225,1.529,1.309,World,CabinetDCorner01,35.6,31.7,0.928,0.962,0,0,None,None,0,0,0,0,0.4083,0.8135,0.798,0.000,0
110.61,Sindhu,AUIT_Multi,CAB,0.912,1.528,0.404,0.8,23.3,0.456,1.528,1.276,1.288,1.528,1.315,World,CabinetDCorner01,36.1,31.4,0.984,0.985,0,0,None,None,0,0,0,0,0.8168,0.6531,0.833,0.000,0
110.71,Sindhu,AUIT_Multi,CAB,0.918,1.526,0.406,4.4,23.7,0.504,1.527,1.331,1.362,1.527,1.316,World,CabinetDCorner01,36.5,31.7,1.014,1.013,0,0,None,None,0,0,0,0,0.7470,0.7560,0.858,0.000,0
110.80,Sindhu,AUIT_Multi,CAB,0.923,1.526,0.407,7.7,24.3,0.575,1.526,1.335,1.440,1.526,1.318,World,CabinetDCorner01,36.6,32.3,0.992,1.047,0,0,None,None,0,0,0,0,0.7262,0.7972,0.865,0.000,0
110.90,Sindhu,AUIT_Multi,CAB,0.926,1.526,0.406,10.1,24.3,0.638,1.526,1.333,1.514,1.526,1.319,World,CabinetDCorner01,36.0,32.7,0.970,1.086,0,0,None,None,0,0,0,0,0.6521,0.7669,0.876,0.000,0
111.01,Sindhu,AUIT_Multi,CAB,0.927,1.527,0.405,12.0,24.1,0.686,1.527,1.331,1.605,1.527,1.359,World,CabinetDCorner01,35.2,33.1,0.957,1.171,0,0,None,None,0,0,0,0,0.4345,0.9049,0.920,0.000,0
111.11,Sindhu,AUIT_Multi,CAB,0.930,1.529,0.403,14.5,23.2,0.734,1.527,1.257,1.651,1.527,1.356,World,CabinetDCorner01,35.3,31.9,0.876,1.195,0,0,None,None,0,0,0,0,0.9036,0.4709,0.923,0.000,0
111.21,Sindhu,AUIT_Multi,CAB,0.932,1.533,0.400,18.0,20.3,0.799,1.530,1.143,1.702,1.530,1.319,World,CabinetDCorner01,34.0,29.5,0.755,1.200,0,0,None,None,0,0,0,0,1.3560,0.6529,0.920,0.000,0
111.30,Sindhu,AUIT_Multi,CAB,0.934,1.536,0.396,19.8,18.2,0.847,1.534,1.102,1.753,1.534,1.274,World,CabinetDCorner01,31.9,29.1,0.711,1.200,0,0,None,None,0,0,0,0,0.6477,0.6890,0.922,0.000,0
111.40,Sindhu,AUIT_Multi,CAB,0.937,1.537,0.394,20.3,17.8,0.871,1.536,1.088,1.779,1.536,1.248,World,KitchenOven07,30.9,29.7,0.698,1.200,0,0,None,None,0,0,0,0,0.2807,0.3804,0.922,0.000,0
111.51,Sindhu,AUIT_Multi,CAB,0.937,1.538,0.392,19.2,17.2,0.876,1.537,1.088,1.785,1.537,1.242,World,Wall4m,29.4,30.6,0.699,1.201,0,0,None,None,0,0,0,0,0.0514,0.0755,0.922,0.000,0
111.61,Sindhu,AUIT_Multi,CAB,0.936,1.540,0.391,17.4,16.1,0.860,1.538,1.109,1.768,1.538,1.257,World,Wall4m,28.1,30.7,0.722,1.201,0,0,None,None,0,0,0,0,0.2692,0.2258,0.921,0.000,0
111.71,Sindhu,AUIT_Multi,CAB,0.935,1.542,0.389,15.2,14.6,0.827,1.540,1.162,1.740,1.540,1.282,World,Wall4m,27.0,30.3,0.780,1.202,0,0,None,None,0,0,0,0,0.6371,0.3905,0.920,0.000,0
111.80,Sindhu,AUIT_Multi,CAB,0.935,1.542,0.387,12.8,14.2,0.776,1.542,1.270,1.704,1.542,1.310,World,Wall4m,26.8,30.3,0.897,1.202,0,0,None,None,0,0,0,0,1.2179,0.4610,0.929,0.000,0
111.90,Sindhu,AUIT_Multi,CAB,0.934,1.541,0.385,10.5,14.9,0.733,1.542,1.300,1.667,1.542,1.337,World,Wall4m,27.2,30.6,0.937,1.201,0,0,None,None,0,0,0,0,0.5395,0.4725,0.934,0.000,0
112.01,Sindhu,AUIT_Multi,CAB,0.932,1.538,0.385,5.7,16.0,0.671,1.540,1.327,1.592,1.540,1.342,World,Wall4m,26.4,32.8,0.978,1.163,0,0,None,None,0,0,0,0,0.6141,0.6850,0.921,0.000,0
112.11,Sindhu,AUIT_Multi,CAB,0.928,1.537,0.384,1.2,16.9,0.589,1.538,1.328,1.475,1.538,1.318,World,Wall4m,26.7,33.4,1.003,1.083,0,0,None,None,0,0,0,0,0.8378,1.2130,0.886,0.000,0
112.21,Sindhu,AUIT_Multi,CAB,0.925,1.537,0.384,358.8,16.6,0.522,1.537,1.302,1.385,1.537,1.314,World,Wall4m,27.7,31.8,1.002,1.038,0,0,None,None,0,0,0,0,0.7512,0.9377,0.863,0.000,0
112.30,Sindhu,AUIT_Multi,CAB,0.922,1.538,0.385,358.0,17.1,0.496,1.537,1.264,1.338,1.537,1.313,World,Wall4m,29.1,30.9,0.977,1.017,0,0,None,None,0,0,0,0,0.4760,0.4787,0.844,0.000,0
112.40,Sindhu,AUIT_Multi,CAB,0.919,1.537,0.387,357.2,17.4,0.482,1.537,1.247,1.315,1.537,1.313,World,CabinetDCorner01,29.5,30.9,0.964,1.008,0,0,None,None,0,0,0,0,0.2215,0.2406,0.835,0.000,0
112.51,Sindhu,AUIT_Multi,CAB,0.915,1.537,0.388,356.8,17.8,0.472,1.537,1.230,1.295,1.537,1.313,World,CabinetDCorner01,30.0,30.8,0.951,1.000,0,0,None,None,0,0,0,0,0.1750,0.1822,0.827,0.000,0
112.61,Sindhu,AUIT_Multi,CAB,0.913,1.536,0.390,357.2,18.5,0.467,1.537,1.228,1.288,1.537,1.314,World,CabinetDCorner01,30.9,30.7,0.950,0.997,0,0,None,None,0,0,0,0,0.0547,0.0722,0.825,0.000,0
112.71,Sindhu,AUIT_Multi,CAB,0.912,1.535,0.390,357.8,19.0,0.468,1.536,1.237,1.292,1.536,1.314,World,CabinetDCorner01,31.5,30.7,0.956,0.999,0,0,None,None,0,0,0,0,0.0959,0.0417,0.828,0.000,0
112.80,Sindhu,AUIT_Multi,CAB,0.911,1.535,0.390,359.4,19.1,0.471,1.535,1.255,1.304,1.535,1.314,World,CabinetDCorner01,32.2,30.1,0.970,1.004,0,0,None,None,0,0,0,0,0.1909,0.1298,0.835,0.000,0
112.90,Sindhu,AUIT_Multi,CAB,0.913,1.534,0.390,2.2,19.7,0.481,1.534,1.309,1.340,1.534,1.315,World,CabinetDCorner01,33.3,29.7,1.015,1.019,0,0,None,None,0,0,0,0,0.5641,0.3702,0.859,0.000,0
113.01,Sindhu,AUIT_Multi,CAB,0.915,1.532,0.389,5.3,20.2,0.531,1.533,1.329,1.404,1.533,1.316,World,CabinetDCorner01,33.7,30.0,1.015,1.048,0,0,None,None,0,0,0,0,0.4847,0.5685,0.873,0.000,0
113.11,Sindhu,AUIT_Multi,CAB,0.914,1.532,0.389,6.0,20.1,0.575,1.532,1.329,1.454,1.532,1.317,World,CabinetDCorner01,32.3,31.1,0.999,1.073,0,0,None,None,0,0,0,0,0.4584,0.5227,0.879,0.000,0
113.20,Sindhu,AUIT_Multi,CAB,0.910,1.534,0.390,4.8,19.3,0.583,1.533,1.329,1.462,1.533,1.316,World,CabinetDCorner01,30.4,31.9,0.995,1.078,0,0,None,None,0,0,0,0,0.0774,0.0834,0.879,0.000,0
113.30,Sindhu,AUIT_Multi,CAB,0.907,1.534,0.391,3.3,19.1,0.560,1.534,1.329,1.435,1.534,1.315,World,CabinetDCorner01,30.0,32.2,1.000,1.064,0,0,None,None,0,0,0,0,0.2341,0.2810,0.875,0.000,0
113.40,Sindhu,AUIT_Multi,CAB,0.905,1.534,0.392,2.1,19.5,0.531,1.534,1.330,1.401,1.534,1.315,World,CabinetDCorner01,30.4,32.3,1.010,1.048,0,0,None,None,0,0,0,0,0.3031,0.3451,0.871,0.000,0
113.51,Sindhu,AUIT_Multi,CAB,0.905,1.533,0.392,1.3,19.7,0.507,1.534,1.327,1.374,1.534,1.315,World,CabinetDCorner01,31.0,31.9,1.016,1.035,0,0,None,None,0,0,0,0,0.2179,0.2490,0.867,0.000,0
113.61,Sindhu,AUIT_Multi,CAB,0.906,1.533,0.391,0.8,19.8,0.500,1.533,1.315,1.361,1.533,1.315,World,CabinetDCorner01,31.1,31.8,1.010,1.030,0,0,None,None,0,0,0,0,0.1390,0.1274,0.862,0.000,0
113.71,Sindhu,AUIT_Multi,CAB,0.907,1.533,0.390,0.5,19.8,0.496,1.533,1.304,1.353,1.533,1.315,World,CabinetDCorner01,31.3,31.6,1.002,1.026,0,0,None,None,0,0,0,0,0.1227,0.0871,0.857,0.000,0
113.80,Sindhu,AUIT_Multi,CAB,0.910,1.533,0.389,1.0,19.9,0.493,1.533,1.308,1.353,1.533,1.315,World,CabinetDCorner01,31.9,31.2,1.009,1.026,0,0,None,None,0,0,0,0,0.0489,0.0040,0.859,0.000,0
113.90,Sindhu,AUIT_Multi,CAB,0.913,1.533,0.388,1.8,20.2,0.496,1.533,1.326,1.365,1.533,1.315,World,CabinetDCorner01,32.3,31.2,1.026,1.031,0,0,None,None,0,0,0,0,0.1864,0.1249,0.869,0.000,0
114.01,Sindhu,AUIT_Multi,CAB,0.915,1.532,0.386,3.3,20.3,0.517,1.533,1.329,1.389,1.533,1.315,World,CabinetDCorner01,32.7,30.8,1.023,1.043,0,0,None,None,0,0,0,0,0.1880,0.2212,0.872,0.000,0
114.11,Sindhu,AUIT_Multi,CAB,0.917,1.532,0.384,4.5,20.2,0.544,1.532,1.328,1.420,1.532,1.316,World,CabinetDCorner01,32.5,30.9,1.014,1.059,0,0,None,None,0,0,0,0,0.2716,0.3061,0.876,0.000,0
114.21,Sindhu,AUIT_Multi,CAB,0.918,1.532,0.382,5.1,20.3,0.564,1.532,1.327,1.444,1.532,1.316,World,CabinetDCorner01,32.4,31.3,1.009,1.071,0,0,None,None,0,0,0,0,0.2079,0.2480,0.880,0.000,0
114.30,Sindhu,AUIT_Multi,CAB,0.921,1.531,0.380,6.2,20.6,0.579,1.532,1.327,1.463,1.532,1.316,World,CabinetDCorner01,32.8,31.2,1.006,1.081,0,0,None,None,0,0,0,0,0.1587,0.2014,0.884,0.000,0
114.40,Sindhu,AUIT_Multi,CAB,0.923,1.531,0.378,7.3,20.7,0.600,1.531,1.328,1.490,1.531,1.316,World,CabinetDCorner01,32.8,31.2,1.003,1.097,0,0,None,None,0,0,0,0,0.2144,0.2805,0.890,0.000,0
114.51,Sindhu,AUIT_Multi,CAB,0.925,1.531,0.375,8.1,20.7,0.623,1.531,1.326,1.533,1.531,1.335,World,CabinetDCorner01,32.5,31.4,0.998,1.137,0,0,None,None,0,0,0,0,0.2081,0.4156,0.910,0.000,0
114.61,Sindhu,AUIT_Multi,CAB,0.927,1.531,0.372,9.0,20.4,0.638,1.531,1.324,1.575,1.531,1.368,World,CabinetDCorner01,32.5,31.2,0.995,1.189,0,0,None,None,0,0,0,0,0.1550,0.5584,0.938,0.000,0
114.71,Sindhu,AUIT_Multi,CAB,0.930,1.530,0.370,10.5,20.4,0.658,1.531,1.322,1.601,1.531,1.363,World,CabinetDCorner01,32.9,30.8,0.991,1.199,0,0,None,None,0,0,0,0,0.2121,0.2717,0.943,0.000,0
114.80,Sindhu,AUIT_Multi,CAB,0.933,1.530,0.367,11.8,20.9,0.692,1.530,1.296,1.629,1.530,1.345,World,CabinetDCorner01,33.1,31.2,0.960,1.200,0,0,None,None,0,0,0,0,0.4338,0.3432,0.938,0.000,0
114.90,Sindhu,AUIT_Multi,CAB,0.935,1.530,0.366,12.6,20.7,0.725,1.530,1.253,1.652,1.530,1.328,World,CabinetDCorner01,32.7,31.4,0.912,1.200,0,0,None,None,0,0,0,0,0.5624,0.2963,0.930,0.000,0
115.01,Sindhu,AUIT_Multi,CAB,0.936,1.530,0.365,13.2,20.6,0.744,1.530,1.243,1.669,1.530,1.315,World,CabinetDCorner01,32.4,31.6,0.899,1.200,0,0,None,None,0,0,0,0,0.1887,0.1882,0.928,0.000,0
115.11,Sindhu,AUIT_Multi,CAB,0.936,1.530,0.365,13.9,20.7,0.758,1.530,1.220,1.679,1.530,1.307,World,CabinetDCorner01,32.5,31.6,0.874,1.200,0,0,None,None,0,0,0,0,0.2826,0.1368,0.925,0.000,0
115.21,Sindhu,AUIT_Multi,CAB,0.937,1.530,0.365,14.6,20.7,0.778,1.530,1.179,1.691,1.530,1.298,World,CabinetDCorner01,32.5,31.5,0.830,1.199,0,0,None,None,0,0,0,0,0.4677,0.1540,0.921,0.000,0
115.30,Sindhu,AUIT_Multi,CAB,0.937,1.531,0.366,15.5,20.3,0.793,1.530,1.158,1.704,1.530,1.288,World,CabinetDCorner01,32.4,31.2,0.805,1.199,0,0,None,None,0,0,0,0,0.2676,0.1621,0.920,0.000,0
115.40,Sindhu,AUIT_Multi,CAB,0.938,1.532,0.367,16.6,19.9,0.810,1.531,1.136,1.719,1.531,1.277,World,CabinetDCorner01,32.3,30.9,0.779,1.199,0,0,None,None,0,0,0,0,0.2878,0.1965,0.919,0.000,0
115.51,Sindhu,AUIT_Multi,CAB,0.939,1.532,0.370,18.1,19.9,0.832,1.531,1.113,1.740,1.531,1.261,World,CabinetDCorner01,32.5,30.7,0.751,1.198,0,0,None,None,0,0,0,0,0.2857,0.2362,0.920,0.000,0
115.61,Sindhu,AUIT_Multi,CAB,0.939,1.532,0.373,19.1,19.8,0.852,1.532,1.095,1.760,1.532,1.245,World,CabinetDCorner01,32.2,30.9,0.728,1.198,0,0,None,None,0,0,0,0,0.2742,0.2633,0.920,0.000,0
115.71,Sindhu,AUIT_Multi,CAB,0.938,1.532,0.377,19.1,19.8,0.863,1.532,1.089,1.772,1.532,1.237,World,CabinetDCorner01,31.6,31.5,0.717,1.198,0,0,None,None,0,0,0,0,0.1338,0.1535,0.921,0.000,0
115.80,Sindhu,AUIT_Multi,CAB,0.936,1.532,0.381,18.9,19.9,0.864,1.532,1.094,1.773,1.532,1.239,World,CabinetDCorner01,31.4,31.8,0.716,1.198,0,0,None,None,0,0,0,0,0.0453,0.0280,0.921,0.000,0
115.90,Sindhu,AUIT_Multi,CAB,0.934,1.532,0.386,18.3,20.1,0.858,1.532,1.102,1.767,1.532,1.247,World,CabinetDCorner01,31.2,32.3,0.720,1.199,0,0,None,None,0,0,0,0,0.0991,0.0992,0.920,0.000,0
116.02,Sindhu,AUIT_Multi,CAB,1.000,0.000,0.000,0.0,0.0,0.852,1.532,1.111,1.760,1.532,1.255,World,Wall4m,54.2,53.7,1.898,2.121,0,0,None,None,0,0,0,0,0.0958,0.0858,0.920,0.000,0
