Time,ParticipantID,Scenario,Sequence,HeadX,HeadY,HeadZ,HeadYaw,HeadPitch,VideoX,VideoY,VideoZ,InstX,InstY,InstZ,GazeTarget,HitObjectName,AngleToVideo,AngleToInst,VideoDist,InstDist,VideoOcc,InstOcc,VideoOccHitName,InstOccHitName,VideoInCone,InstInCone,VideoVisible,InstVisible,VideoSpeed,InstSpeed,PanelSeparation,ScreenOverlapPct,BothVisible
0.00,Tarun,AUIT_Multi,BAC,1.000,0.000,0.500,0.0,0.0,-2.197,1.378,13.812,-26.067,0.000,792.755,World,CabinetDCorner01,14.7,2.0,13.760,792.717,1,1,CabinetD01,CabinetDCorner01,1,1,0,0,0.0000,0.0000,779.309,0.000,0
0.15,Tarun,AUIT_Multi,BAC,1.000,0.000,0.500,0.0,0.0,-1.463,1.055,10.528,-18.765,0.000,583.235,World,CabinetDCorner01,15.0,1.9,10.380,583.070,1,1,CabinetD01,CabinetDCorner01,1,1,0,0,22.5529,1398.6030,572.969,0.047,0
0.21,Tarun,AUIT_Multi,BAC,1.000,0.000,0.500,0.0,0.0,0.373,0.069,2.140,-5.492,0.005,192.891,World,CabinetDCorner01,21.0,1.9,1.757,192.501,1,1,CabinetD02,CabinetD01,1,1,0,0,151.8205,6860.7840,190.841,0.000,0
0.30,Tarun,AUIT_Multi,BAC,1.000,0.000,0.500,0.0,0.0,0.482,0.008,1.657,1.196,0.016,1.638,World,CabinetDCorner01,24.1,9.8,1.267,1.155,1,1,CabinetD02,CabinetDCorner01,1,1,0,0,5.1348,1967.6820,0.715,0.000,0
0.40,Tarun,AUIT_Multi,BAC,1.000,0.000,0.500,0.0,0.0,0.504,0.001,1.601,1.430,0.120,1.457,World,CabinetDCorner01,24.3,25.0,1.208,1.056,1,0,CabinetD02,None,1,0,0,0,0.6223,3.2303,0.945,0.000,0
0.51,Tarun,AUIT_Multi,BAC,1.000,0.000,0.500,0.0,0.0,0.507,0.000,1.595,1.431,0.120,1.458,World,CabinetDCorner01,24.3,25.1,1.201,1.057,1,0,CabinetD02,None,1,0,0,0,0.0634,0.0166,0.942,0.000,0
0.61,Tarun,AUIT_Multi,BAC,1.000,0.000,0.500,0.0,0.0,0.513,0.000,1.586,1.408,0.114,1.445,World,CabinetDCorner01,24.2,24.1,1.190,1.036,1,0,CabinetD02,None,1,1,0,1,0.1072,0.2816,0.914,0.000,0
0.71,Tarun,AUIT_Multi,BAC,1.000,0.000,0.500,0.0,0.0,0.549,0.001,1.534,1.256,0.077,1.363,World,CabinetDCorner01,23.6,17.2,1.128,0.904,0,0,None,None,1,1,1,1,0.6552,1.8177,0.732,0.000,1
0.80,Tarun,AUIT_Multi,BAC,1.000,0.000,0.500,0.0,0.0,0.584,0.001,1.483,1.108,0.041,1.284,World,CabinetDCorner01,22.9,8.4,1.067,0.792,0,0,None,None,1,1,1,0,0.6384,1.7724,0.562,0.000,0
0.91,Tarun,AUIT_Multi,BAC,0.662,1.584,0.102,66.4,359.9,0.616,0.002,1.446,1.270,0.086,1.388,World,Wall4m,76.3,58.9,2.076,2.066,0,0,None,None,0,0,0,0,0.4679,1.8837,0.662,0.000,0
1.00,Tarun,AUIT_Multi,BAC,0.661,1.587,0.116,64.7,359.3,0.749,0.222,1.254,1.681,1.078,0.543,World,Wall4m,72.0,25.6,1.779,1.217,0,0,None,None,0,0,0,0,3.4324,14.6107,1.451,1.000,0
1.10,Tarun,AUIT_Multi,BAC,0.661,1.588,0.133,62.0,359.2,0.786,0.262,1.183,1.836,1.515,0.201,World,Wall4m,69.8,25.1,1.696,1.179,0,0,None,None,0,0,0,0,0.8982,5.8090,1.907,0.000,0
1.21,Tarun,AUIT_Multi,BAC,0.659,1.591,0.157,59.6,358.9,0.817,0.258,1.128,1.581,1.546,0.325,World,Wall4m,68.7,20.4,1.656,0.938,0,0,None,None,0,1,0,1,0.5610,2.5389,1.699,0.000,0
1.31,Tarun,AUIT_Multi,BAC,0.653,1.593,0.179,56.7,358.3,0.844,0.259,1.079,1.368,1.581,0.426,World,Wall4m,67.7,14.5,1.620,0.756,0,0,None,None,0,1,0,0,0.5754,2.4558,1.564,0.000,0
1.41,Tarun,AUIT_Multi,BAC,0.647,1.597,0.202,53.7,357.2,0.865,0.261,1.022,1.662,1.594,0.413,World,Wall4m,68.0,24.7,1.583,1.036,0,0,None,None,0,1,0,1,0.6286,3.0265,1.669,0.000,0
1.51,Tarun,AUIT_Multi,BAC,0.646,1.599,0.223,52.0,356.6,0.891,0.262,0.967,1.798,1.597,0.447,World,Wall4m,68.4,27.2,1.550,1.174,0,0,None,None,0,0,0,0,0.6190,1.4464,1.697,0.000,0
1.60,Tarun,AUIT_Multi,BAC,0.649,1.598,0.240,52.7,357.5,0.918,0.505,0.890,1.814,1.598,0.489,World,Wall4m,64.5,25.3,1.300,1.191,0,0,None,None,0,0,0,0,2.6312,0.4572,1.470,0.000,0
1.70,Tarun,AUIT_Multi,BAC,0.655,1.597,0.250,55.9,358.0,0.951,0.601,0.888,1.603,1.597,0.482,World,Wall4m,62.3,20.4,1.219,0.976,0,0,None,None,0,1,0,1,1.0467,2.1754,1.257,0.000,0
1.81,Tarun,AUIT_Multi,BAC,0.663,1.595,0.252,61.9,358.6,0.996,0.741,0.876,1.371,1.595,0.465,World,Wall4m,59.3,11.4,1.110,0.739,0,0,None,None,0,1,0,0,1.3227,2.0906,1.019,0.000,0
1.91,Tarun,AUIT_Multi,BAC,0.668,1.595,0.249,66.9,358.6,1.045,0.857,0.869,1.684,1.595,0.330,World,Wall4m,56.5,18.6,1.035,1.020,0,0,None,None,0,1,0,1,1.2941,3.4992,1.115,0.000,0
2.01,Tarun,AUIT_Multi,BAC,0.672,1.595,0.246,70.0,358.7,1.092,0.979,0.858,1.841,1.595,0.210,World,Wall4m,52.3,21.8,0.964,1.169,0,0,None,None,0,1,0,1,1.3506,2.0285,1.166,0.000,0
2.10,Tarun,AUIT_Multi,BAC,0.676,1.596,0.244,72.1,358.8,1.118,1.097,0.831,1.864,1.595,0.141,World,Wall4m,48.4,22.8,0.889,1.193,0,0,None,None,0,1,0,1,1.2715,0.7507,1.132,0.000,0
2.20,Tarun,AUIT_Multi,BAC,0.678,1.598,0.243,73.8,358.5,1.142,1.216,0.804,1.866,1.596,0.093,World,Wall4m,44.0,23.4,0.821,1.197,0,0,None,None,0,1,0,1,1.2843,0.4961,1.084,0.000,0
2.31,Tarun,AUIT_Multi,BAC,0.681,1.596,0.241,74.9,359.0,1.168,1.354,0.775,1.864,1.597,0.054,World,Wall4m,37.4,24.1,0.762,1.198,0,0,None,None,0,1,0,1,1.2853,0.3500,1.031,0.000,0
2.41,Tarun,AUIT_Multi,BAC,0.680,1.596,0.237,74.6,359.3,1.187,1.473,0.752,1.863,1.596,0.037,World,Wall4m,31.7,25.0,0.733,1.199,0,0,None,None,0,1,0,1,1.2626,0.1711,0.991,0.000,0
2.51,Tarun,AUIT_Multi,BAC,0.679,1.597,0.233,72.7,359.0,1.204,1.592,0.732,1.864,1.596,0.043,World,Wall4m,26.3,26.4,0.724,1.201,0,0,None,None,0,0,0,0,1.2565,0.0661,0.954,0.000,0
2.60,Tarun,AUIT_Multi,BAC,0.675,1.599,0.230,69.4,358.5,1.272,1.680,0.782,1.869,1.597,0.083,World,Wall4m,22.5,27.7,0.817,1.202,0,0,None,None,1,0,1,0,1.2546,0.4123,0.922,0.000,0
2.70,Tarun,AUIT_Multi,BAC,0.671,1.602,0.228,66.6,357.4,1.461,1.615,1.045,1.871,1.600,0.144,World,Wall4m,22.6,27.5,1.136,1.203,0,0,None,None,1,0,1,0,3.3914,0.6291,0.990,0.000,0
2.81,Tarun,AUIT_Multi,BAC,0.666,1.604,0.223,65.2,356.5,1.406,1.604,1.063,1.869,1.602,0.199,World,Wall4m,24.1,26.2,1.120,1.204,0,0,None,None,1,0,1,0,0.5306,0.4897,0.981,0.000,0
2.91,Tarun,AUIT_Multi,BAC,0.662,1.604,0.216,65.6,356.1,1.377,1.604,1.057,1.865,1.604,0.213,World,Wall4m,25.5,24.9,1.103,1.203,0,0,None,None,0,1,0,1,0.3053,0.1551,0.975,0.000,0
3.01,Tarun,AUIT_Multi,BAC,0.660,1.605,0.209,66.3,355.6,1.388,1.605,1.058,1.862,1.605,0.201,World,Wall4m,26.1,24.5,1.118,1.202,0,0,None,None,0,1,0,1,0.1152,0.1370,0.980,0.000,0
3.10,Tarun,AUIT_Multi,BAC,0.660,1.606,0.202,67.3,355.0,1.441,1.606,1.092,1.860,1.606,0.179,World,Wall4m,26.5,24.3,1.184,1.200,0,0,None,None,0,1,0,1,0.6458,0.2264,1.005,0.000,0
3.20,Tarun,AUIT_Multi,BAC,0.661,1.606,0.195,68.8,355.0,1.470,1.606,1.082,1.859,1.606,0.147,World,Wall4m,26.9,23.9,1.201,1.199,0,0,None,None,0,1,0,1,0.3217,0.3240,1.013,0.000,0
3.31,Tarun,AUIT_Multi,BAC,0.662,1.607,0.187,70.2,355.0,1.497,1.606,1.054,1.858,1.606,0.107,World,Wall4m,26.7,24.1,1.203,1.199,0,0,None,None,0,1,0,1,0.3464,0.3617,1.014,0.000,0
3.41,Tarun,AUIT_Multi,BAC,0.661,1.607,0.181,71.4,354.8,1.515,1.607,1.030,1.857,1.607,0.076,World,Wall4m,26.7,24.2,1.204,1.200,0,0,None,None,0,1,0,1,0.3083,0.3218,1.014,0.000,0
3.51,Tarun,AUIT_Multi,BAC,0.661,1.607,0.175,72.5,354.7,1.532,1.607,1.007,1.854,1.607,0.045,World,Wall4m,26.6,24.3,1.204,1.200,0,0,None,None,0,1,0,1,0.3016,0.3188,1.014,0.000,0
3.60,Tarun,AUIT_Multi,BAC,0.659,1.605,0.171,73.6,355.1,1.547,1.607,0.984,1.850,1.607,0.016,World,Wall4m,26.5,24.2,1.204,1.201,0,0,None,None,0,1,0,1,0.2808,0.2983,1.014,0.000,0
3.70,Tarun,AUIT_Multi,BAC,0.652,1.606,0.169,74.3,354.9,1.559,1.605,0.963,1.844,1.605,-0.010,World,Wall4m,26.1,24.7,1.205,1.205,0,0,None,None,0,1,0,1,0.2455,0.2792,1.014,0.000,0
3.81,Tarun,AUIT_Multi,BAC,0.643,1.610,0.172,73.7,353.2,1.558,1.608,0.954,1.835,1.608,-0.021,World,Wall4m,25.1,26.4,1.204,1.207,0,0,None,None,0,0,0,0,0.0816,0.1278,1.014,0.000,0
3.91,Tarun,AUIT_Multi,BAC,0.638,1.609,0.176,73.3,354.0,1.542,1.609,0.967,1.830,1.609,-0.005,World,Wall4m,25.2,26.0,1.201,1.205,0,0,None,None,0,0,0,0,0.2107,0.1722,1.014,0.000,0
4.01,Tarun,AUIT_Multi,BAC,0.634,1.609,0.180,74.7,354.2,1.539,1.609,0.969,1.824,1.609,-0.004,World,Wall4m,26.4,24.8,1.200,1.204,0,0,None,None,0,1,0,1,0.0348,0.0572,1.014,0.000,0
4.10,Tarun,AUIT_Multi,BAC,0.630,1.608,0.184,76.3,354.6,1.552,1.609,0.953,1.816,1.609,-0.026,World,Wall4m,26.6,24.3,1.201,1.204,0,0,None,None,0,1,0,1,0.2103,0.2440,1.014,0.000,0
4.20,Tarun,AUIT_Multi,BAC,0.627,1.609,0.187,78.0,354.7,1.568,1.608,0.932,1.805,1.608,-0.055,World,Wall4m,26.8,24.2,1.200,1.203,0,0,None,None,0,1,0,1,0.2804,0.3126,1.014,0.000,0
4.31,Tarun,AUIT_Multi,BAC,0.624,1.608,0.191,79.7,354.9,1.589,1.608,0.904,1.793,1.608,-0.089,World,Wall4m,26.6,24.3,1.200,1.203,0,0,None,None,0,1,0,1,0.3060,0.3278,1.014,0.000,0
4.41,Tarun,AUIT_Multi,BAC,0.622,1.608,0.193,81.1,355.1,1.604,1.608,0.883,1.784,1.608,-0.116,World,Wall4m,26.6,24.3,1.200,1.202,0,0,None,None,0,1,0,1,0.2755,0.2918,1.014,0.000,0
4.51,Tarun,AUIT_Multi,BAC,0.621,1.608,0.195,82.0,355.2,1.618,1.608,0.862,1.775,1.608,-0.140,World,Wall4m,26.1,24.7,1.200,1.202,0,0,None,None,0,1,0,1,0.2546,0.2662,1.014,0.000,0
4.60,Tarun,AUIT_Multi,BAC,0.619,1.608,0.198,82.4,355.2,1.626,1.608,0.850,1.769,1.608,-0.154,World,Wall4m,25.7,25.1,1.200,1.202,0,0,None,None,0,0,0,0,0.1462,0.1573,1.014,0.000,0
4.70,Tarun,AUIT_Multi,BAC,0.618,1.608,0.200,82.4,355.3,1.629,1.608,0.846,1.765,1.608,-0.159,World,Wall4m,25.4,25.4,1.200,1.201,0,0,None,None,0,0,0,0,0.0571,0.0669,1.014,0.000,0
4.81,Tarun,AUIT_Multi,BAC,0.617,1.608,0.201,82.4,355.2,1.629,1.608,0.846,1.763,1.608,-0.159,World,Wall4m,25.4,25.4,1.201,1.202,0,0,None,None,0,0,0,0,0.0081,0.0167,1.014,0.000,0
4.91,Tarun,AUIT_Multi,BAC,0.614,1.609,0.200,82.8,354.7,1.628,1.608,0.845,1.761,1.608,-0.160,World,Wall4m,25.8,25.1,1.202,1.202,0,0,None,None,0,0,0,0,0.0139,0.0274,1.014,0.000,0
5.01,Tarun,AUIT_Multi,BAC,0.612,1.610,0.198,83.3,354.2,1.631,1.609,0.837,1.756,1.609,-0.170,World,Wall4m,26.0,25.1,1.203,1.201,0,0,None,None,0,0,0,0,0.0917,0.1106,1.014,0.000,0
5.10,Tarun,AUIT_Multi,BAC,0.610,1.609,0.196,83.4,354.3,1.633,1.609,0.829,1.751,1.609,-0.179,World,Wall4m,25.7,25.4,1.202,1.201,0,0,None,None,0,0,0,0,0.0874,0.1044,1.014,0.000,0
5.20,Tarun,AUIT_Multi,BAC,0.610,1.609,0.195,83.0,354.5,1.631,1.610,0.827,1.750,1.610,-0.180,World,Wall4m,25.3,25.8,1.201,1.201,0,0,None,None,0,0,0,0,0.0215,0.0191,1.014,0.000,0
5.31,Tarun,AUIT_Multi,BAC,0.608,1.609,0.194,82.3,354.7,1.625,1.609,0.834,1.752,1.609,-0.172,World,Wall4m,25.0,25.9,1.201,1.201,0,0,None,None,0,0,0,0,0.0827,0.0723,1.014,0.000,0
5.41,Tarun,AUIT_Multi,BAC,0.608,1.609,0.193,81.5,354.9,1.617,1.609,0.844,1.755,1.609,-0.161,World,Wall4m,24.8,26.1,1.201,1.200,0,0,None,None,1,0,1,0,0.1324,0.1226,1.014,0.000,0
5.51,Tarun,AUIT_Multi,BAC,0.607,1.608,0.194,80.4,355.4,1.607,1.609,0.858,1.759,1.609,-0.145,World,Wall4m,24.5,26.3,1.200,1.200,0,0,None,None,1,0,1,0,0.1771,0.1706,1.014,0.000,0
5.60,Tarun,AUIT_Multi,BAC,0.608,1.608,0.193,80.0,355.9,1.596,1.608,0.874,1.764,1.608,-0.127,World,Wall4m,24.9,25.8,1.200,1.200,0,0,None,None,1,0,1,0,0.1940,0.1906,1.014,0.000,0
5.70,Tarun,AUIT_Multi,BAC,0.609,1.607,0.193,80.1,356.2,1.592,1.608,0.880,1.766,1.608,-0.119,World,Wall4m,25.3,25.2,1.199,1.199,0,0,None,None,0,0,0,0,0.0769,0.0812,1.014,0.000,0
5.80,Tarun,AUIT_Multi,BAC,0.610,1.606,0.193,80.9,356.8,1.596,1.607,0.876,1.766,1.607,-0.124,World,Wall4m,25.8,24.6,1.199,1.199,0,0,None,None,0,1,0,1,0.0537,0.0455,1.014,0.000,0
5.91,Tarun,AUIT_Multi,BAC,0.611,1.604,0.192,82.6,357.7,1.609,1.606,0.858,1.762,1.606,-0.145,World,Wall4m,26.4,23.8,1.200,1.199,0,0,None,None,0,1,0,1,0.2036,0.1957,1.014,0.000,0
6.01,Tarun,AUIT_Multi,BAC,0.610,1.604,0.193,83.7,357.9,1.624,1.605,0.834,1.754,1.605,-0.172,World,Wall4m,26.1,24.1,1.200,1.201,0,0,None,None,0,1,0,1,0.2942,0.2925,1.014,0.000,0
6.11,Tarun,AUIT_Multi,BAC,0.608,1.604,0.195,84.0,357.7,1.634,1.604,0.818,1.746,1.604,-0.190,World,Wall4m,25.4,24.7,1.200,1.201,0,0,None,None,0,1,0,1,0.1938,0.2018,1.014,0.000,0
6.20,Tarun,AUIT_Multi,BAC,0.607,1.604,0.197,83.9,357.8,1.636,1.604,0.814,1.743,1.604,-0.194,World,Wall4m,24.9,25.2,1.200,1.202,0,0,None,None,1,0,1,0,0.0431,0.0549,1.014,0.000,0
6.31,Tarun,AUIT_Multi,BAC,0.605,1.604,0.199,83.8,357.6,1.633,1.604,0.818,1.742,1.604,-0.190,World,Wall4m,24.9,25.2,1.201,1.202,0,0,None,None,1,0,1,0,0.0463,0.0412,1.014,0.000,0
6.41,Tarun,AUIT_Multi,BAC,0.602,1.604,0.199,83.6,357.5,1.630,1.604,0.822,1.741,1.604,-0.187,World,Wall4m,25.0,25.2,1.202,1.202,0,0,None,None,1,0,1,0,0.0452,0.0365,1.014,0.000,0
6.51,Tarun,AUIT_Multi,BAC,0.600,1.604,0.198,83.9,357.3,1.628,1.604,0.822,1.739,1.604,-0.186,World,Wall4m,25.2,24.9,1.202,1.202,0,0,None,None,0,1,0,1,0.0234,0.0242,1.014,0.000,0
6.61,Tarun,AUIT_Multi,BAC,0.597,1.604,0.197,84.2,357.2,1.628,1.604,0.817,1.734,1.604,-0.192,World,Wall4m,25.4,24.8,1.203,1.202,0,0,None,None,0,1,0,1,0.0511,0.0722,1.014,0.000,0
6.70,Tarun,AUIT_Multi,BAC,0.594,1.603,0.195,84.4,357.5,1.628,1.604,0.811,1.730,1.604,-0.199,World,Wall4m,25.3,24.8,1.203,1.202,0,0,None,None,0,1,0,1,0.0641,0.0840,1.014,0.000,0
6.81,Tarun,AUIT_Multi,BAC,0.591,1.603,0.194,84.4,357.6,1.627,1.603,0.806,1.725,1.603,-0.204,World,Wall4m,25.1,25.1,1.202,1.202,0,0,None,None,0,0,0,0,0.0439,0.0600,1.014,0.000,0
6.91,Tarun,AUIT_Multi,BAC,0.590,1.602,0.194,84.2,358.1,1.623,1.603,0.807,1.724,1.603,-0.203,World,Wall4m,24.9,25.2,1.202,1.201,0,0,None,None,1,0,1,0,0.0335,0.0202,1.014,0.000,0
7.01,Tarun,AUIT_Multi,BAC,0.588,1.601,0.193,84.1,358.7,1.620,1.602,0.808,1.723,1.602,-0.201,World,Wall4m,25.0,25.0,1.202,1.201,0,0,None,None,1,0,1,0,0.0393,0.0235,1.014,0.000,0
7.11,Tarun,AUIT_Multi,BAC,0.588,1.595,0.192,84.0,2.0,1.618,1.600,0.809,1.722,1.600,-0.200,World,Wall4m,25.0,25.2,1.201,1.200,0,0,None,None,1,0,1,0,0.0346,0.0287,1.014,0.000,0
7.20,Tarun,AUIT_Multi,BAC,0.587,1.592,0.192,84.2,3.8,1.617,1.595,0.809,1.722,1.595,-0.200,World,Wall4m,25.4,25.1,1.201,1.200,0,0,None,None,0,0,0,0,0.0484,0.0474,1.014,0.000,0
7.31,Tarun,AUIT_Multi,BAC,0.586,1.589,0.192,84.3,5.1,1.618,1.591,0.806,1.720,1.591,-0.204,World,Wall4m,25.5,25.5,1.201,1.201,0,0,None,None,0,0,0,0,0.0473,0.0514,1.014,0.000,0
7.40,Tarun,AUIT_Multi,BAC,0.586,1.585,0.191,84.4,6.8,1.618,1.589,0.805,1.719,1.589,-0.205,World,Wall4m,26.0,25.8,1.200,1.200,0,0,None,None,0,0,0,0,0.0314,0.0332,1.014,0.000,0
7.51,Tarun,AUIT_Multi,BAC,0.587,1.578,0.190,85.0,9.9,1.621,1.584,0.799,1.717,1.584,-0.211,World,Wall4m,27.3,26.4,1.200,1.199,0,0,None,None,0,0,0,0,0.0762,0.0763,1.014,0.000,0
7.61,Tarun,AUIT_Multi,BAC,0.589,1.570,0.189,85.6,13.8,1.628,1.577,0.789,1.715,1.577,-0.222,World,Wall4m,29.1,28.0,1.199,1.198,0,0,None,None,0,0,0,0,0.1428,0.1361,1.014,0.000,0
7.70,Tarun,AUIT_Multi,BAC,0.591,1.564,0.187,86.4,16.6,1.636,1.569,0.775,1.712,1.569,-0.236,World,Wall4m,30.5,29.3,1.200,1.198,0,0,None,None,0,0,0,0,0.1819,0.1706,1.014,0.000,0
7.81,Tarun,AUIT_Multi,BAC,0.592,1.564,0.186,86.6,16.4,1.645,1.565,0.761,1.708,1.565,-0.252,World,Wall4m,29.8,29.5,1.199,1.199,0,0,None,None,0,0,0,0,0.1574,0.1481,1.014,0.000,0
7.91,Tarun,AUIT_Multi,BAC,0.593,1.564,0.186,86.5,16.7,1.647,1.564,0.759,1.708,1.564,-0.254,World,Wall4m,29.8,29.9,1.199,1.199,0,0,None,None,0,0,0,0,0.0287,0.0234,1.014,0.000,0
8.01,Tarun,AUIT_Multi,BAC,0.594,1.562,0.187,86.4,17.5,1.647,1.563,0.760,1.710,1.563,-0.253,World,Wall4m,30.2,30.3,1.199,1.199,0,0,None,None,0,0,0,0,0.0164,0.0210,1.014,0.000,0
8.11,Tarun,AUIT_Multi,BAC,0.597,1.559,0.187,86.4,18.4,1.648,1.561,0.761,1.712,1.561,-0.251,World,Wall4m,30.7,30.8,1.198,1.198,0,0,None,None,0,0,0,0,0.0262,0.0324,1.014,0.000,0
8.20,Tarun,AUIT_Multi,BAC,0.599,1.557,0.187,86.5,19.0,1.650,1.559,0.761,1.714,1.559,-0.251,World,Wall4m,31.2,31.1,1.198,1.198,0,0,None,None,0,0,0,0,0.0306,0.0308,1.014,0.000,0
8.30,Tarun,AUIT_Multi,BAC,0.600,1.557,0.187,86.5,19.2,1.653,1.558,0.760,1.715,1.558,-0.253,World,Wall4m,31.2,31.1,1.199,1.199,0,0,None,None,0,0,0,0,0.0311,0.0246,1.014,0.000,0
8.41,Tarun,AUIT_Multi,BAC,0.602,1.557,0.187,86.5,19.3,1.655,1.557,0.760,1.717,1.557,-0.253,World,Wall4m,31.2,31.2,1.199,1.199,0,0,None,None,0,0,0,0,0.0204,0.0179,1.014,0.000,0
8.51,Tarun,AUIT_Multi,BAC,0.603,1.558,0.186,86.5,18.7,1.656,1.557,0.760,1.719,1.557,-0.253,World,Wall4m,30.9,30.7,1.199,1.199,0,0,None,None,0,0,0,0,0.0141,0.0150,1.014,0.000,0
8.61,Tarun,AUIT_Multi,BAC,0.604,1.566,0.185,87.0,15.6,1.659,1.560,0.756,1.719,1.560,-0.256,World,Wall4m,29.4,28.7,1.200,1.199,0,0,None,None,0,0,0,0,0.0498,0.0432,1.014,0.000,0
8.70,Tarun,AUIT_Multi,BAC,0.603,1.577,0.184,87.8,10.1,1.665,1.568,0.745,1.715,1.568,-0.268,World,Wall4m,27.3,26.0,1.201,1.200,0,0,None,None,0,0,0,0,0.1553,0.1538,1.014,0.000,0
8.81,Tarun,AUIT_Multi,BAC,0.601,1.586,0.184,87.9,5.8,1.669,1.579,0.733,1.709,1.579,-0.281,World,Wall4m,25.7,25.4,1.201,1.201,0,0,None,None,0,0,0,0,0.1575,0.1641,1.014,0.000,0
8.91,Tarun,AUIT_Multi,BAC,0.600,1.590,0.184,88.0,4.3,1.669,1.586,0.730,1.706,1.586,-0.283,World,Wall4m,25.4,25.2,1.201,1.201,0,0,None,None,0,0,0,0,0.0749,0.0795,1.014,0.000,0
9.01,Tarun,AUIT_Multi,BAC,0.599,1.592,0.183,88.4,3.3,1.670,1.590,0.727,1.704,1.590,-0.287,World,Wall4m,25.5,24.9,1.201,1.200,0,0,None,None,0,1,0,1,0.0528,0.0590,1.014,0.000,0
9.11,Tarun,AUIT_Multi,BAC,0.599,1.593,0.183,88.3,2.5,1.672,1.592,0.722,1.701,1.592,-0.292,World,Wall4m,25.1,25.1,1.201,1.201,0,0,None,None,0,0,0,0,0.0567,0.0619,1.014,0.000,0
9.20,Tarun,AUIT_Multi,BAC,0.598,1.595,0.183,88.3,1.7,1.671,1.593,0.723,1.701,1.593,-0.291,World,Wall4m,25.1,25.0,1.201,1.201,0,0,None,None,0,0,0,0,0.0235,0.0197,1.014,0.000,0
9.31,Tarun,AUIT_Multi,BAC,0.597,1.596,0.182,88.8,0.9,1.671,1.595,0.719,1.698,1.595,-0.295,World,Wall4m,25.4,24.6,1.201,1.200,0,0,None,None,0,1,0,1,0.0372,0.0431,1.014,0.000,0
9.41,Tarun,AUIT_Multi,BAC,0.596,1.597,0.181,89.2,0.5,1.674,1.596,0.711,1.694,1.596,-0.303,World,Wall4m,25.4,24.6,1.201,1.200,0,0,None,None,0,1,0,1,0.0913,0.0974,1.014,0.000,0
9.51,Tarun,AUIT_Multi,BAC,0.597,1.598,0.179,89.6,0.3,1.678,1.597,0.701,1.690,1.597,-0.313,World,Wall4m,25.4,24.6,1.200,1.199,0,0,None,None,0,1,0,1,0.1048,0.1071,1.014,0.000,0
9.61,Tarun,AUIT_Multi,BAC,0.597,1.598,0.179,89.7,0.1,1.680,1.598,0.695,1.688,1.598,-0.320,World,Wall4m,25.1,24.9,1.200,1.199,0,0,None,None,0,1,0,1,0.0735,0.0726,1.014,0.000,0
9.70,Tarun,AUIT_Multi,BAC,0.597,1.599,0.178,89.7,359.9,1.682,1.598,0.692,1.687,1.598,-0.322,World,Wall4m,25.1,24.9,1.200,1.199,0,0,None,None,0,1,0,1,0.0300,0.0287,1.014,0.000,0
9.81,Tarun,AUIT_Multi,BAC,0.598,1.599,0.177,89.5,359.7,1.682,1.599,0.691,1.688,1.599,-0.323,World,Wall4m,24.9,25.1,1.200,1.200,0,0,None,None,1,0,1,0,0.0130,0.0119,1.014,0.000,0
9.91,Tarun,AUIT_Multi,BAC,0.597,1.600,0.177,89.5,359.5,1.681,1.599,0.693,1.689,1.599,-0.321,World,Wall4m,25.0,25.0,1.200,1.200,0,0,None,None,1,0,1,0,0.0300,0.0308,1.014,0.000,0
10.01,Tarun,AUIT_Multi,BAC,0.598,1.601,0.177,89.7,359.1,1.681,1.600,0.693,1.689,1.600,-0.321,World,Wall4m,25.2,24.8,1.200,1.200,0,0,None,None,0,1,0,1,0.0067,0.0066,1.014,0.000,0
10.11,Tarun,AUIT_Multi,BAC,0.598,1.601,0.177,90.3,359.0,1.684,1.601,0.688,1.687,1.601,-0.326,World,Wall4m,25.6,24.5,1.200,1.199,0,0,None,None,0,1,0,1,0.0635,0.0612,1.014,0.000,0
10.20,Tarun,AUIT_Multi,BAC,0.600,1.601,0.175,91.2,359.0,1.690,1.601,0.675,1.682,1.601,-0.339,World,Wall4m,25.9,24.2,1.199,1.198,0,0,None,None,0,1,0,1,0.1468,0.1405,1.014,0.000,0
10.31,Tarun,AUIT_Multi,BAC,0.601,1.601,0.173,92.7,358.9,1.701,1.601,0.652,1.673,1.601,-0.362,World,Wall4m,26.2,23.9,1.200,1.198,0,0,None,None,0,1,0,1,0.2283,0.2180,1.014,0.000,0
10.41,Tarun,AUIT_Multi,BAC,0.602,1.602,0.170,94.3,358.5,1.713,1.602,0.624,1.662,1.602,-0.389,World,Wall4m,26.6,23.5,1.200,1.198,0,0,None,None,0,1,0,1,0.3114,0.3017,1.014,0.000,0
10.51,Tarun,AUIT_Multi,BAC,0.604,1.603,0.167,96.2,358.1,1.727,1.602,0.589,1.646,1.602,-0.422,World,Wall4m,26.8,23.4,1.200,1.198,0,0,None,None,0,1,0,1,0.3938,0.3824,1.014,0.000,0
10.61,Tarun,AUIT_Multi,BAC,0.605,1.603,0.166,97.6,358.1,1.740,1.603,0.552,1.629,1.603,-0.456,World,Wall4m,26.4,23.8,1.199,1.198,0,0,None,None,0,1,0,1,0.4041,0.3915,1.014,0.000,0
10.70,Tarun,AUIT_Multi,BAC,0.607,1.603,0.166,98.1,358.1,1.750,1.603,0.526,1.616,1.603,-0.480,World,Wall4m,25.7,24.5,1.199,1.199,0,0,None,None,0,1,0,1,0.2829,0.2697,1.014,0.000,0
10.81,Tarun,AUIT_Multi,BAC,0.608,1.603,0.168,97.3,358.0,1.754,1.603,0.519,1.614,1.603,-0.485,World,Wall4m,24.4,25.8,1.198,1.200,0,0,None,None,1,0,1,0,0.0687,0.0550,1.014,0.000,0
10.91,Tarun,AUIT_Multi,BAC,0.610,1.602,0.173,95.1,358.4,1.749,1.603,0.543,1.628,1.603,-0.464,World,Wall4m,23.2,27.0,1.197,1.200,0,0,None,None,1,0,1,0,0.2455,0.2561,1.014,0.000,0
11.01,Tarun,AUIT_Multi,BAC,0.612,1.602,0.178,92.3,358.5,1.736,1.602,0.590,1.653,1.602,-0.421,World,Wall4m,22.5,27.7,1.196,1.200,0,0,None,None,1,0,1,0,0.4980,0.5114,1.014,0.000,0
11.11,Tarun,AUIT_Multi,BAC,0.614,1.602,0.184,89.4,358.6,1.717,1.602,0.648,1.682,1.602,-0.365,World,Wall4m,22.3,27.9,1.196,1.201,0,0,None,None,1,0,1,0,0.6368,0.6506,1.014,0.000,0
11.20,Tarun,AUIT_Multi,BAC,0.616,1.602,0.189,86.8,358.6,1.694,1.602,0.708,1.709,1.602,-0.306,World,Wall4m,22.5,27.6,1.196,1.200,0,0,None,None,1,0,1,0,0.6574,0.6701,1.014,0.000,0
11.31,Tarun,AUIT_Multi,BAC,0.617,1.602,0.194,84.7,358.6,1.669,1.602,0.765,1.733,1.602,-0.247,World,Wall4m,23.2,26.9,1.197,1.200,0,0,None,None,1,0,1,0,0.5646,0.5775,1.014,0.000,0
11.41,Tarun,AUIT_Multi,BAC,0.619,1.602,0.196,83.7,358.8,1.653,1.602,0.800,1.747,1.602,-0.210,World,Wall4m,24.0,26.2,1.198,1.199,0,0,None,None,1,0,1,0,0.3938,0.4061,1.014,0.000,0
11.51,Tarun,AUIT_Multi,BAC,0.620,1.602,0.198,83.2,358.9,1.644,1.602,0.820,1.755,1.602,-0.188,World,Wall4m,24.5,25.6,1.198,1.199,0,0,None,None,1,0,1,0,0.2204,0.2339,1.014,0.000,0
11.61,Tarun,AUIT_Multi,BAC,0.622,1.602,0.199,83.3,358.9,1.641,1.602,0.828,1.760,1.602,-0.179,World,Wall4m,25.1,25.1,1.198,1.199,0,0,None,None,0,0,0,0,0.0900,0.1026,1.014,0.000,0
11.70,Tarun,AUIT_Multi,BAC,0.625,1.601,0.199,83.9,359.2,1.646,1.602,0.826,1.761,1.602,-0.182,World,Wall4m,25.5,24.6,1.198,1.198,0,0,None,None,0,1,0,1,0.0482,0.0274,1.014,0.000,0
11.81,Tarun,AUIT_Multi,BAC,0.628,1.601,0.201,84.6,359.4,1.655,1.601,0.816,1.760,1.601,-0.192,World,Wall4m,25.5,24.6,1.197,1.198,0,0,None,None,0,1,0,1,0.1207,0.0956,1.014,0.000,0
11.91,Tarun,AUIT_Multi,BAC,0.630,1.601,0.203,84.8,359.6,1.662,1.601,0.810,1.759,1.601,-0.200,World,Wall4m,25.3,24.8,1.198,1.199,0,0,None,None,0,1,0,1,0.1041,0.0809,1.014,0.000,0
12.01,Tarun,AUIT_Multi,BAC,0.631,1.601,0.205,84.9,359.6,1.667,1.601,0.806,1.759,1.601,-0.204,World,Wall4m,25.1,25.0,1.198,1.200,0,0,None,None,0,1,0,1,0.0592,0.0384,1.014,0.000,0
12.11,Tarun,AUIT_Multi,BAC,0.631,1.601,0.207,84.6,359.5,1.668,1.601,0.808,1.760,1.601,-0.202,World,Wall4m,24.7,25.3,1.198,1.200,0,0,None,None,1,0,1,0,0.0209,0.0176,1.014,0.000,0
12.20,Tarun,AUIT_Multi,BAC,0.632,1.601,0.211,84.1,359.4,1.666,1.601,0.816,1.762,1.601,-0.194,World,Wall4m,24.4,25.6,1.198,1.201,0,0,None,None,1,0,1,0,0.0854,0.0905,1.014,0.000,0
12.31,Tarun,AUIT_Multi,BAC,0.632,1.601,0.217,82.9,359.4,1.658,1.601,0.834,1.768,1.601,-0.175,World,Wall4m,23.9,26.1,1.197,1.201,0,0,None,None,1,0,1,0,0.1745,0.1802,1.014,0.000,0
12.41,Tarun,AUIT_Multi,BAC,0.632,1.601,0.224,81.2,359.6,1.646,1.601,0.859,1.775,1.601,-0.147,World,Wall4m,23.3,26.8,1.197,1.202,0,0,None,None,1,0,1,0,0.2946,0.3008,1.014,0.000,0
12.51,Tarun,AUIT_Multi,BAC,0.630,1.600,0.235,78.1,359.8,1.623,1.600,0.901,1.786,1.600,-0.100,World,Wall4m,21.9,28.1,1.196,1.204,0,0,None,None,1,0,1,0,0.4859,0.4913,1.014,0.000,0
12.60,Tarun,AUIT_Multi,BAC,0.626,1.599,0.249,73.0,0.2,1.579,1.600,0.970,1.801,1.600,-0.019,World,Wall4m,20.2,29.8,1.195,1.205,0,0,None,None,1,0,1,0,0.8472,0.8479,1.014,0.000,0
12.70,Tarun,AUIT_Multi,BAC,0.619,1.598,0.265,65.6,0.5,1.460,1.599,1.027,1.814,1.599,0.106,World,Quad,17.8,32.0,1.134,1.206,0,0,None,None,1,0,1,0,1.3542,1.2919,0.987,0.000,0
12.81,Tarun,AUIT_Multi,BAC,0.609,1.597,0.286,55.3,1.5,1.208,1.598,1.008,1.812,1.598,0.307,World,Quad,15.7,33.7,0.938,1.203,0,0,None,None,1,0,1,0,2.2695,1.8097,0.925,0.000,0
12.91,Tarun,AUIT_Multi,BAC,0.602,1.594,0.300,46.4,2.5,1.019,1.597,1.007,1.783,1.597,0.509,World,Quad,16.1,33.7,0.821,1.199,0,0,None,None,1,0,1,0,1.9501,2.0974,0.912,0.000,0
13.01,Tarun,AUIT_Multi,BAC,0.598,1.593,0.309,38.4,3.9,0.888,1.594,1.057,1.730,1.594,0.696,World,Quad,17.7,32.9,0.802,1.196,0,0,None,None,1,0,1,0,1.4444,2.0054,0.916,0.000,0
13.11,Tarun,AUIT_Multi,BAC,0.598,1.591,0.313,30.2,4.7,0.789,1.593,1.193,1.660,1.593,0.860,World,Quad,18.6,32.8,0.900,1.194,0,0,None,None,1,0,1,0,1.7249,1.8319,0.932,0.000,0
13.20,Tarun,AUIT_Multi,BAC,0.603,1.588,0.311,21.4,6.0,0.669,1.590,1.303,1.569,1.590,1.012,World,Quad,18.6,33.1,0.994,1.193,0,0,None,None,1,0,1,0,1.6807,1.8197,0.946,0.000,0
13.31,Tarun,AUIT_Multi,BAC,0.613,1.588,0.304,11.8,6.9,0.519,1.588,1.221,1.440,1.588,1.165,World,Quad,18.9,32.7,0.921,1.194,0,0,None,None,1,0,1,0,1.5365,1.8055,0.922,0.000,0
13.41,Tarun,AUIT_Multi,BAC,0.622,1.584,0.299,4.2,7.5,0.421,1.587,1.100,1.270,1.586,1.151,World,Quad,19.8,33.8,0.826,1.071,0,0,None,None,1,0,1,0,1.6058,1.7573,0.851,0.000,0
13.51,Tarun,AUIT_Multi,BAC,0.628,1.580,0.295,357.7,9.0,0.333,1.583,1.041,1.029,1.582,0.961,World,Wall4m,21.3,34.4,0.802,0.778,0,0,None,None,1,0,1,0,1.0808,3.1396,0.700,0.000,0
13.60,Tarun,AUIT_Multi,BAC,0.630,1.577,0.293,352.0,9.8,0.250,1.580,1.011,0.812,1.578,0.816,World,Wall4m,22.2,28.8,0.813,0.554,0,0,None,None,1,0,1,0,0.9139,2.6967,0.595,0.000,0
13.70,Tarun,AUIT_Multi,BAC,0.626,1.575,0.293,346.7,9.9,0.157,1.577,1.004,0.897,1.577,1.286,World,Wall4m,22.3,30.2,0.851,1.029,0,0,None,None,1,0,1,0,0.9593,4.9091,0.792,0.000,0
13.81,Tarun,AUIT_Multi,BAC,0.614,1.571,0.300,341.0,9.9,0.038,1.574,1.000,0.831,1.574,1.457,World,Wall4m,22.7,31.2,0.907,1.177,0,0,None,None,1,0,1,0,1.0735,1.6539,0.916,0.000,0
13.91,Tarun,AUIT_Multi,BAC,0.600,1.567,0.312,337.1,10.4,0.019,1.570,0.945,0.733,1.566,1.401,World,Wall4m,22.3,31.5,0.859,1.096,0,0,None,None,1,0,1,0,0.6024,1.1698,0.848,0.000,0
14.01,Tarun,AUIT_Multi,BAC,0.583,1.565,0.326,334.7,11.1,0.058,1.566,0.915,0.644,1.548,1.128,World,Wall4m,19.7,31.1,0.789,0.805,0,0,None,None,1,0,0,0,0.5150,2.9500,0.624,0.000,0
14.10,Tarun,AUIT_Multi,BAC,0.565,1.567,0.342,333.5,11.1,0.098,1.561,0.889,0.561,1.531,0.857,World,Wall4m,17.5,26.8,0.720,0.517,0,0,None,None,1,0,0,0,0.4864,2.9243,0.465,0.000,0
14.20,Tarun,AUIT_Multi,BAC,0.547,1.571,0.357,333.0,11.4,0.137,1.558,0.868,0.507,1.555,1.297,World,Quad,15.5,26.5,0.656,0.941,0,0,None,None,1,0,0,0,0.4576,4.5619,0.566,0.000,0
14.31,Tarun,AUIT_Multi,BAC,0.530,1.570,0.372,333.2,11.9,0.181,1.553,0.842,0.497,1.569,1.532,World,Quad,14.1,27.7,0.585,1.161,0,0,None,None,1,0,0,0,0.4692,2.1288,0.759,0.000,0
14.41,Tarun,AUIT_Multi,BAC,0.518,1.569,0.386,333.6,12.7,0.221,1.548,0.822,0.491,1.570,1.570,World,Wall4m,13.0,28.0,0.528,1.184,0,0,None,None,1,0,0,0,0.4586,0.3899,0.796,0.000,0
14.51,Tarun,AUIT_Multi,BAC,0.507,1.567,0.401,333.4,12.9,0.260,1.544,0.802,0.486,1.569,1.587,World,Quad,11.3,28.5,0.472,1.187,0,0,None,None,1,0,0,0,0.4491,0.1858,0.818,0.000,0
14.61,Tarun,AUIT_Multi,BAC,0.497,1.564,0.417,332.4,13.4,0.300,1.539,0.779,0.469,1.567,1.602,World,Quad,9.9,29.3,0.413,1.185,0,0,None,None,1,0,0,0,0.4801,0.2340,0.840,0.000,0
14.70,Tarun,AUIT_Multi,BAC,0.488,1.561,0.438,331.3,13.8,0.338,1.534,0.757,0.438,1.564,1.618,World,Quad,10.1,29.6,0.353,1.181,0,0,None,None,1,0,0,0,0.4583,0.3582,0.867,0.000,0
14.81,Tarun,AUIT_Multi,BAC,0.477,1.557,0.472,330.2,14.2,0.383,1.529,0.733,0.403,1.560,1.643,World,Quad,12.9,29.6,0.279,1.173,0,0,None,None,1,0,0,0,0.4595,0.3897,0.910,0.400,0
14.91,Tarun,AUIT_Multi,BAC,0.467,1.554,0.509,329.2,14.3,0.138,1.540,0.819,0.374,1.557,1.672,World,Wall4m,20.2,29.7,0.452,1.167,0,0,None,None,1,0,0,0,2.6726,0.4223,0.885,0.000,0
15.01,Tarun,AUIT_Multi,BAC,0.456,1.553,0.553,328.3,14.3,-0.060,1.551,0.888,0.348,1.543,1.389,World,Wall4m,28.7,27.6,0.615,0.843,0,0,None,None,0,0,0,0,2.1548,2.9259,0.646,0.000,0
15.10,Tarun,AUIT_Multi,BAC,0.443,1.554,0.597,327.4,14.7,-0.062,1.553,0.898,0.323,1.529,1.126,World,Wall4m,30.1,22.9,0.588,0.543,0,0,None,None,0,1,0,0,0.1139,2.7241,0.448,0.000,0
15.20,Tarun,AUIT_Multi,BAC,0.430,1.557,0.638,326.9,15.0,-0.063,1.554,0.922,0.300,1.537,1.292,World,Wall4m,30.5,25.4,0.569,0.667,0,0,None,None,0,0,0,0,0.2469,1.7279,0.519,0.000,0
15.31,Tarun,AUIT_Multi,BAC,0.414,1.560,0.678,326.7,15.4,-0.067,1.557,0.954,0.285,1.555,1.599,World,Wall4m,30.7,29.2,0.555,0.929,0,0,None,None,0,0,0,0,0.2904,2.7668,0.734,0.000,0
15.41,Tarun,AUIT_Multi,BAC,0.403,1.561,0.708,326.2,15.4,-0.071,1.560,0.979,0.273,1.559,1.630,World,Wall4m,30.2,29.7,0.546,0.932,0,0,None,None,0,0,0,0,0.2595,0.3496,0.736,0.000,0
15.51,Tarun,AUIT_Multi,BAC,0.393,1.563,0.733,325.4,15.0,-0.050,1.557,0.989,0.253,1.548,1.454,World,Wall4m,29.0,27.1,0.512,0.734,0,0,None,None,0,0,0,0,0.2363,1.8263,0.555,0.000,0
15.61,Tarun,AUIT_Multi,BAC,0.385,1.563,0.755,324.6,15.2,-0.028,1.554,1.000,0.230,1.536,1.257,World,Wall4m,27.5,21.8,0.480,0.526,0,0,None,None,0,1,0,0,0.2569,2.0422,0.365,0.000,0
15.70,Tarun,AUIT_Multi,BAC,0.378,1.562,0.772,324.1,15.7,-0.005,1.550,1.011,0.198,1.538,1.295,World,Wall4m,26.0,21.3,0.451,0.553,0,0,None,None,0,1,0,0,0.2649,0.5088,0.349,0.000,0
15.81,Tarun,AUIT_Multi,BAC,0.372,1.560,0.786,324.4,16.4,0.021,1.546,1.025,0.174,1.558,1.520,World,Wall4m,24.5,25.9,0.425,0.760,0,0,None,None,1,0,0,0,0.2655,2.0470,0.518,0.000,0
15.91,Tarun,AUIT_Multi,BAC,0.366,1.561,0.795,325.0,16.3,0.044,1.542,1.035,0.173,1.560,1.523,World,Wall4m,22.7,25.6,0.402,0.753,0,0,None,None,1,0,0,0,0.2651,0.0407,0.505,0.000,0
16.01,Tarun,AUIT_Multi,BAC,0.361,1.560,0.802,325.5,16.5,0.067,1.539,1.045,0.173,1.560,1.525,World,Wall4m,20.6,25.6,0.382,0.747,0,0,None,None,1,0,0,0,0.2533,0.0181,0.492,0.000,0
16.11,Tarun,AUIT_Multi,BAC,0.359,1.559,0.802,326.3,17.1,0.089,1.535,1.055,0.172,1.559,1.527,World,Wall4m,18.6,25.6,0.370,0.749,0,0,None,None,1,0,0,0,0.2583,0.0225,0.480,0.000,0
16.20,Tarun,AUIT_Multi,BAC,0.365,1.560,0.790,328.0,16.3,0.113,1.532,1.067,0.172,1.559,1.527,World,Wall4m,15.7,23.6,0.375,0.761,0,0,None,None,1,1,0,0,0.2768,0.0019,0.464,0.000,0
16.31,Tarun,AUIT_Multi,BAC,0.381,1.562,0.761,331.7,15.3,0.098,1.528,1.133,0.173,1.560,1.532,World,Wall4m,14.2,20.0,0.468,0.798,0,0,None,None,1,1,0,0,0.6041,0.0483,0.408,0.000,0
16.41,Tarun,AUIT_Multi,BAC,0.399,1.563,0.723,336.4,14.0,0.193,1.525,1.074,0.196,1.562,1.611,World,Quad,11.0,17.5,0.409,0.911,0,0,None,None,1,1,0,1,1.1429,0.8431,0.538,0.444,0
16.51,Tarun,AUIT_Multi,BAC,0.416,1.563,0.682,342.6,13.2,0.110,1.556,1.119,0.284,1.563,1.631,World,Wall4m,21.4,16.2,0.533,0.958,0,0,None,None,1,1,0,1,1.0213,0.9336,0.541,0.000,0
16.61,Tarun,AUIT_Multi,BAC,0.432,1.559,0.640,346.8,13.4,0.118,1.561,1.106,0.432,1.562,1.633,World,Wall4m,24.7,18.8,0.562,0.992,0,0,None,None,1,1,0,1,0.1655,1.5209,0.613,0.000,0
16.70,Tarun,AUIT_Multi,BAC,0.451,1.557,0.603,351.5,13.1,0.126,1.559,1.094,0.591,1.559,1.652,World,Wall4m,28.1,20.8,0.588,1.058,0,0,None,None,0,1,0,1,0.1488,1.6436,0.726,0.000,0
16.81,Tarun,AUIT_Multi,BAC,0.470,1.555,0.567,357.2,12.9,0.156,1.556,1.083,0.787,1.556,1.654,World,Wall4m,31.2,22.9,0.604,1.131,0,0,None,None,0,1,0,1,0.2887,1.7697,0.851,0.000,0
16.91,Tarun,AUIT_Multi,BAC,0.485,1.558,0.541,1.3,13.1,0.204,1.556,1.082,0.924,1.556,1.657,World,Wall4m,31.3,23.8,0.609,1.199,0,0,None,None,0,1,0,1,0.4934,1.4132,0.922,0.000,0
17.01,Tarun,AUIT_Multi,BAC,0.501,1.562,0.522,6.0,12.0,0.251,1.559,1.093,0.970,1.559,1.501,World,Wall4m,31.6,22.8,0.623,1.086,0,0,None,None,0,1,0,1,0.4983,1.6730,0.826,0.000,0
17.10,Tarun,AUIT_Multi,BAC,0.516,1.565,0.509,10.8,11.7,0.301,1.562,1.124,0.984,1.562,1.314,World,Wall4m,31.9,22.4,0.651,0.931,0,0,None,None,0,1,0,1,0.6132,1.9308,0.708,0.000,0
17.20,Tarun,AUIT_Multi,BAC,0.530,1.568,0.503,15.6,11.3,0.353,1.565,1.195,1.080,1.565,1.272,World,Wall4m,31.8,22.7,0.714,0.946,0,0,None,None,0,1,0,1,0.8935,1.0784,0.732,0.000,0
17.31,Tarun,AUIT_Multi,BAC,0.546,1.568,0.502,20.6,11.0,0.414,1.568,1.343,1.286,1.568,1.341,World,Wall4m,31.3,23.5,0.851,1.119,0,0,None,None,0,1,0,1,1.4423,1.9549,0.872,0.000,0
17.41,Tarun,AUIT_Multi,BAC,0.560,1.568,0.504,23.3,11.2,0.483,1.568,1.356,1.398,1.568,1.331,World,Wall4m,30.4,24.6,0.856,1.178,0,0,None,None,0,1,0,1,0.7238,1.1551,0.915,0.000,0
17.51,Tarun,AUIT_Multi,BAC,0.575,1.569,0.510,24.8,10.6,0.537,1.568,1.357,1.378,1.566,1.266,World,Wall4m,29.2,24.1,0.848,1.103,0,0,None,None,0,1,0,1,0.5531,0.7093,0.846,0.000,0
17.60,Tarun,AUIT_Multi,BAC,0.591,1.571,0.520,24.6,10.4,0.571,1.569,1.361,1.171,1.560,1.126,World,Wall4m,27.9,21.3,0.841,0.839,0,0,None,None,0,1,0,1,0.3490,2.5649,0.645,0.000,0
17.70,Tarun,AUIT_Multi,BAC,0.608,1.572,0.536,23.5,10.4,0.584,1.571,1.365,0.960,1.553,0.990,World,Wall4m,27.1,16.5,0.829,0.575,0,0,None,None,0,1,0,0,0.1487,2.5892,0.531,0.000,0
17.81,Tarun,AUIT_Multi,BAC,0.625,1.573,0.558,21.5,10.6,0.586,1.572,1.370,1.349,1.567,1.255,World,Wall4m,26.3,26.6,0.812,1.005,0,0,None,None,0,0,0,0,0.0474,4.2469,0.772,0.000,0
17.91,Tarun,AUIT_Multi,BAC,0.640,1.574,0.578,19.7,11.0,0.576,1.573,1.373,1.416,1.573,1.326,World,Wall4m,26.6,28.4,0.798,1.078,0,0,None,None,0,0,0,0,0.1133,1.0045,0.842,0.000,0
18.01,Tarun,AUIT_Multi,BAC,0.654,1.574,0.597,18.5,11.4,0.567,1.574,1.378,1.379,1.574,1.328,World,Wall4m,27.2,28.5,0.786,1.030,0,0,None,None,0,0,0,0,0.1035,0.3850,0.814,0.000,0
18.10,Tarun,AUIT_Multi,BAC,0.667,1.575,0.615,17.6,11.2,0.565,1.574,1.383,1.347,1.574,1.329,World,Wall4m,27.4,28.1,0.775,0.986,0,0,None,None,0,0,0,0,0.0536,0.3278,0.784,0.000,0
18.20,Tarun,AUIT_Multi,BAC,0.680,1.576,0.633,16.7,10.8,0.567,1.575,1.388,1.322,1.575,1.329,World,Wall4m,27.2,28.0,0.763,0.947,0,0,None,None,0,0,0,0,0.0550,0.2615,0.757,0.000,0
18.31,Tarun,AUIT_Multi,BAC,0.694,1.576,0.653,15.6,10.8,0.569,1.576,1.394,1.295,1.576,1.330,World,Wall4m,27.2,27.9,0.751,0.905,0,0,None,None,0,0,0,0,0.0561,0.2448,0.728,0.000,0
18.41,Tarun,AUIT_Multi,BAC,0.706,1.577,0.669,14.2,10.6,0.570,1.576,1.398,1.271,1.576,1.330,World,Wall4m,26.8,28.2,0.742,0.870,0,0,None,None,0,0,0,0,0.0488,0.2388,0.705,0.000,0
18.51,Tarun,AUIT_Multi,BAC,0.717,1.577,0.682,12.6,10.2,0.565,1.577,1.402,1.242,1.577,1.330,World,Wall4m,26.4,28.2,0.736,0.834,0,0,None,None,0,0,0,0,0.0669,0.3003,0.681,0.000,0
18.60,Tarun,AUIT_Multi,BAC,0.726,1.576,0.694,11.4,10.2,0.558,1.577,1.406,1.215,1.577,1.330,World,Wall4m,26.6,28.0,0.731,0.802,0,0,None,None,0,0,0,0,0.0799,0.2835,0.661,0.000,0
18.70,Tarun,AUIT_Multi,BAC,0.732,1.575,0.705,9.9,10.0,0.551,1.576,1.409,1.192,1.576,1.331,World,Wall4m,26.3,28.1,0.727,0.776,0,0,None,None,0,0,0,0,0.0746,0.2353,0.645,0.000,0
18.81,Tarun,AUIT_Multi,BAC,0.737,1.573,0.715,8.8,10.6,0.540,1.574,1.412,1.118,1.574,1.262,World,Wall4m,26.6,28.1,0.724,0.666,0,0,None,None,0,0,0,0,0.1053,0.9092,0.597,0.000,0
18.91,Tarun,AUIT_Multi,BAC,0.740,1.571,0.721,8.5,11.1,0.535,1.572,1.415,1.091,1.572,1.243,World,Wall4m,27.3,27.6,0.724,0.629,0,0,None,None,0,0,0,0,0.0663,0.3418,0.582,0.000,0
19.01,Tarun,AUIT_Multi,BAC,0.742,1.570,0.723,8.5,11.2,0.535,1.571,1.416,1.085,1.571,1.240,World,Wall4m,27.4,27.3,0.724,0.621,0,0,None,None,0,0,0,0,0.0213,0.0652,0.578,0.000,0
19.10,Tarun,AUIT_Multi,BAC,0.743,1.570,0.723,8.7,11.2,0.537,1.570,1.417,1.085,1.570,1.240,World,Wall4m,27.4,27.1,0.723,0.620,0,0,None,None,0,0,0,0,0.0241,0.0055,0.576,0.000,0
19.20,Tarun,AUIT_Multi,BAC,0.742,1.570,0.722,9.0,11.1,0.540,1.570,1.417,1.088,1.570,1.241,World,Wall4m,27.4,27.0,0.724,0.624,0,0,None,None,0,0,0,0,0.0266,0.0280,0.576,0.000,0
19.31,Tarun,AUIT_Multi,BAC,0.740,1.571,0.717,9.6,11.1,0.544,1.570,1.416,1.096,1.570,1.244,World,Wall4m,27.4,26.7,0.725,0.636,0,0,None,None,0,0,0,0,0.0403,0.0792,0.578,0.000,0
19.41,Tarun,AUIT_Multi,BAC,0.736,1.572,0.712,10.3,10.7,0.548,1.571,1.414,1.139,1.571,1.294,World,Wall4m,27.2,26.5,0.727,0.708,0,0,None,None,0,0,0,0,0.0443,0.6771,0.603,0.000,0
19.51,Tarun,AUIT_Multi,BAC,0.730,1.574,0.709,10.5,10.5,0.551,1.572,1.413,1.170,1.572,1.327,World,Wall4m,26.8,26.8,0.727,0.759,0,0,None,None,0,0,0,0,0.0328,0.4675,0.625,0.000,0
19.60,Tarun,AUIT_Multi,BAC,0.727,1.574,0.708,10.1,10.8,0.547,1.573,1.412,1.149,1.573,1.299,World,Wall4m,26.6,27.4,0.727,0.726,0,0,None,None,0,0,0,0,0.0389,0.3649,0.612,0.000,0
19.70,Tarun,AUIT_Multi,BAC,0.727,1.575,0.709,10.0,10.7,0.540,1.574,1.412,1.112,1.574,1.255,World,Wall4m,26.9,27.3,0.727,0.668,0,0,None,None,0,0,0,0,0.0702,0.5861,0.593,0.000,0
19.81,Tarun,AUIT_Multi,BAC,0.729,1.575,0.715,9.0,10.8,0.536,1.575,1.413,1.097,1.575,1.244,World,Wall4m,26.6,27.8,0.725,0.645,0,0,None,None,0,0,0,0,0.0424,0.1685,0.586,0.000,0
19.91,Tarun,AUIT_Multi,BAC,0.731,1.575,0.714,8.3,11.1,0.528,1.575,1.414,1.083,1.575,1.240,World,Wall4m,26.7,27.7,0.729,0.633,0,0,None,None,0,0,0,0,0.0843,0.1473,0.582,0.000,0
20.01,Tarun,AUIT_Multi,BAC,0.733,1.577,0.707,8.3,10.2,0.522,1.576,1.414,1.078,1.576,1.239,World,Wall4m,26.8,26.4,0.738,0.634,0,0,None,None,0,0,0,0,0.0634,0.0597,0.583,0.000,0
20.11,Tarun,AUIT_Multi,BAC,0.734,1.580,0.692,9.5,9.1,0.525,1.578,1.412,1.093,1.578,1.246,World,Wall4m,27.1,25.0,0.749,0.659,0,0,None,None,0,0,0,0,0.0490,0.1673,0.591,0.000,0
20.20,Tarun,AUIT_Multi,BAC,0.731,1.582,0.672,11.6,8.4,0.538,1.580,1.407,1.167,1.580,1.312,World,Wall4m,27.4,24.1,0.760,0.775,0,0,None,None,0,1,0,0,0.1491,1.0284,0.636,0.000,0
20.31,Tarun,AUIT_Multi,BAC,0.721,1.584,0.643,14.2,7.7,0.562,1.582,1.400,1.235,1.582,1.329,World,Wall4m,27.1,23.7,0.774,0.858,0,0,None,None,0,1,0,1,0.2215,0.6273,0.676,0.000,0
20.41,Tarun,AUIT_Multi,BAC,0.708,1.584,0.615,16.2,7.4,0.578,1.584,1.394,1.288,1.584,1.331,World,Wall4m,26.7,23.9,0.790,0.921,0,0,None,None,0,1,0,1,0.1762,0.5512,0.713,0.000,0
20.51,Tarun,AUIT_Multi,BAC,0.694,1.582,0.594,18.1,7.3,0.589,1.583,1.388,1.339,1.583,1.330,World,Wall4m,26.6,24.2,0.801,0.979,0,0,None,None,0,1,0,1,0.1314,0.5263,0.752,0.000,0
20.60,Tarun,AUIT_Multi,BAC,0.683,1.580,0.582,19.1,7.7,0.597,1.582,1.384,1.382,1.582,1.330,World,Wall4m,26.3,25.2,0.806,1.024,0,0,None,None,0,0,0,0,0.0968,0.4432,0.787,0.000,0
20.70,Tarun,AUIT_Multi,BAC,0.679,1.579,0.582,19.5,7.7,0.600,1.580,1.381,1.405,1.580,1.329,World,Wall4m,26.2,25.8,0.803,1.042,0,0,None,None,0,0,0,0,0.0461,0.2381,0.807,0.000,0
20.81,Tarun,AUIT_Multi,BAC,0.687,1.574,0.600,18.5,9.3,0.601,1.578,1.382,1.403,1.578,1.329,World,Wall4m,26.5,27.6,0.787,1.022,0,0,None,None,0,0,0,0,0.0244,0.0290,0.804,0.000,0
20.91,Tarun,AUIT_Multi,BAC,0.703,1.568,0.624,16.6,10.8,0.597,1.573,1.387,1.371,1.573,1.329,World,Wall4m,26.8,29.0,0.770,0.971,0,0,None,None,0,0,0,0,0.0843,0.3313,0.777,0.000,0
21.01,Tarun,AUIT_Multi,BAC,0.724,1.569,0.653,14.2,10.7,0.588,1.569,1.393,1.320,1.569,1.329,World,Wall4m,26.8,29.1,0.752,0.901,0,0,None,None,0,0,0,0,0.1142,0.5279,0.735,0.000,0
21.10,Tarun,AUIT_Multi,BAC,0.745,1.567,0.679,13.7,12.2,0.587,1.568,1.401,1.280,1.568,1.330,World,Wall4m,28.7,28.3,0.739,0.842,0,0,None,None,0,0,0,0,0.0812,0.4113,0.697,0.000,0
21.20,Tarun,AUIT_Multi,BAC,0.762,1.568,0.700,13.9,12.8,0.604,1.567,1.409,1.271,1.567,1.331,World,Wall4m,29.2,27.9,0.726,0.811,0,0,None,None,0,0,0,0,0.1937,0.0912,0.672,0.000,0
21.31,Tarun,AUIT_Multi,BAC,0.776,1.568,0.720,13.1,12.9,0.624,1.568,1.413,1.269,1.568,1.332,World,Wall4m,28.4,28.5,0.710,0.786,0,0,None,None,0,0,0,0,0.1840,0.0268,0.650,0.000,0
21.41,Tarun,AUIT_Multi,BAC,0.785,1.568,0.735,12.5,13.1,0.629,1.568,1.418,1.255,1.568,1.333,World,Wall4m,28.3,28.6,0.700,0.761,0,0,None,None,0,0,0,0,0.0739,0.1384,0.632,0.000,0
21.51,Tarun,AUIT_Multi,BAC,0.793,1.568,0.748,12.2,13.1,0.634,1.568,1.421,1.244,1.568,1.333,World,Wall4m,28.5,28.4,0.691,0.739,0,0,None,None,0,0,0,0,0.0625,0.1131,0.616,0.000,0
21.60,Tarun,AUIT_Multi,BAC,0.799,1.568,0.761,11.7,13.1,0.644,1.564,1.414,1.183,1.566,1.316,World,Wall4m,28.0,26.2,0.672,0.675,0,0,None,None,0,0,0,0,0.1282,0.6559,0.548,0.000,0
21.70,Tarun,AUIT_Multi,BAC,0.805,1.569,0.771,10.7,12.3,0.658,1.557,1.396,1.056,1.563,1.278,World,Wall4m,26.3,19.5,0.642,0.566,0,0,None,None,0,1,0,0,0.2501,1.3624,0.416,0.000,0
21.81,Tarun,AUIT_Multi,BAC,0.809,1.569,0.781,9.6,11.8,0.674,1.548,1.374,0.968,1.561,1.254,World,Wall4m,24.3,14.0,0.609,0.498,0,0,None,None,1,1,0,0,0.2545,0.8273,0.318,0.000,0
21.91,Tarun,AUIT_Multi,BAC,0.810,1.569,0.786,8.8,12.1,0.689,1.540,1.356,1.071,1.568,1.252,World,Wall4m,22.5,23.6,0.583,0.534,0,0,None,None,1,1,0,0,0.2573,1.0586,0.397,0.000,0
22.01,Tarun,AUIT_Multi,BAC,0.808,1.568,0.785,8.5,12.3,0.700,1.532,1.337,1.070,1.569,1.242,World,Wall4m,21.2,24.5,0.564,0.527,0,0,None,None,1,1,0,0,0.2401,0.0970,0.384,0.000,0
22.10,Tarun,AUIT_Multi,BAC,0.805,1.568,0.776,9.6,12.2,0.715,1.524,1.318,1.069,1.568,1.241,World,Wall4m,20.3,23.3,0.551,0.534,0,0,None,None,1,1,0,0,0.2659,0.0195,0.365,0.000,0
22.20,Tarun,AUIT_Multi,BAC,0.798,1.571,0.761,11.2,11.3,0.734,1.516,1.298,1.069,1.569,1.240,World,Quad,18.7,21.2,0.543,0.550,0,0,None,None,1,1,0,0,0.2896,0.0107,0.344,0.000,0
22.31,Tarun,AUIT_Multi,BAC,0.785,1.573,0.735,13.0,10.5,0.753,1.507,1.275,1.068,1.571,1.239,World,Quad,16.5,19.3,0.544,0.578,0,0,None,None,1,1,0,0,0.2865,0.0207,0.323,0.000,0
22.41,Tarun,AUIT_Multi,BAC,0.769,1.578,0.706,16.3,8.8,0.772,1.500,1.254,1.075,1.573,1.239,World,Quad,15.8,15.8,0.553,0.614,0,0,None,None,1,1,0,0,0.3010,0.0699,0.311,0.000,0
22.51,Tarun,AUIT_Multi,BAC,0.748,1.582,0.673,19.2,6.6,0.791,1.493,1.234,1.144,1.578,1.298,World,Quad,14.9,14.6,0.569,0.740,0,0,None,None,1,1,0,0,0.2867,0.9442,0.369,0.000,0
22.60,Tarun,AUIT_Multi,BAC,0.723,1.586,0.641,21.2,4.9,0.803,1.534,1.332,1.194,1.583,1.326,World,Quad,14.6,14.1,0.697,0.831,0,0,None,None,1,1,0,1,1.1020,0.5834,0.393,0.000,0
22.70,Tarun,AUIT_Multi,BAC,0.698,1.588,0.609,23.6,2.9,0.795,1.579,1.294,1.237,1.586,1.329,World,Quad,15.7,13.5,0.692,0.899,0,0,None,None,1,1,0,1,0.6057,0.4484,0.444,0.000,0
22.81,Tarun,AUIT_Multi,BAC,0.672,1.590,0.577,26.0,1.4,0.792,1.588,1.274,1.300,1.588,1.329,World,Quad,16.3,13.9,0.708,0.980,0,0,None,None,1,1,0,1,0.2005,0.5661,0.511,0.000,0
22.91,Tarun,AUIT_Multi,BAC,0.653,1.591,0.552,28.1,0.5,0.788,1.590,1.255,1.363,1.590,1.329,World,Quad,17.2,14.3,0.716,1.053,0,0,None,None,1,1,0,1,0.2044,0.6475,0.579,0.000,0
23.01,Tarun,AUIT_Multi,BAC,0.639,1.594,0.531,30.9,0.4,0.786,1.591,1.240,1.479,1.591,1.343,World,CabinetDCorner02,19.3,15.1,0.725,1.169,0,0,None,None,1,1,0,1,0.1490,1.2092,0.701,0.000,0
23.10,Tarun,AUIT_Multi,BAC,0.629,1.597,0.512,33.4,359.1,0.783,1.594,1.229,1.561,1.594,1.282,World,CabinetDCorner02,21.3,17.0,0.734,1.209,0,0,None,None,1,1,0,1,0.1205,1.0435,0.779,0.000,0
23.20,Tarun,AUIT_Multi,BAC,0.622,1.600,0.497,35.3,358.2,0.781,1.597,1.220,1.610,1.597,1.198,World,CabinetDCorner02,23.0,19.5,0.740,1.211,0,0,None,None,1,1,0,1,0.0988,1.0009,0.829,0.000,0
23.31,Tarun,AUIT_Multi,BAC,0.623,1.602,0.484,37.9,357.0,0.780,1.600,1.213,1.654,1.600,1.106,World,CabinetDCorner02,25.9,21.2,0.745,1.204,0,0,None,None,0,1,0,1,0.0776,0.9270,0.881,0.000,0
23.41,Tarun,AUIT_Multi,BAC,0.630,1.601,0.478,40.3,357.4,0.790,1.602,1.177,1.693,1.602,1.030,World,CabinetDCorner02,27.5,22.4,0.717,1.198,0,0,None,None,0,1,0,1,0.3819,0.8710,0.914,0.000,0
23.51,Tarun,AUIT_Multi,BAC,0.638,1.601,0.475,41.6,357.4,0.813,1.601,1.144,1.720,1.601,0.980,World,CabinetDCorner02,27.0,23.5,0.692,1.195,0,0,None,None,0,1,0,1,0.4163,0.5921,0.922,0.000,0
23.60,Tarun,AUIT_Multi,BAC,0.647,1.601,0.472,42.6,357.5,0.833,1.601,1.125,1.740,1.601,0.950,World,CabinetDCorner02,26.7,23.9,0.679,1.194,0,0,None,None,0,1,0,1,0.2793,0.3624,0.924,0.000,0
23.70,Tarun,AUIT_Multi,BAC,0.655,1.602,0.469,42.8,357.5,0.850,1.601,1.111,1.757,1.601,0.930,World,CabinetDCorner02,26.1,24.6,0.671,1.194,0,0,None,None,0,1,0,1,0.2218,0.2660,0.925,0.000,0
23.81,Tarun,AUIT_Multi,BAC,0.663,1.602,0.467,41.0,357.6,0.857,1.602,1.108,1.765,1.602,0.930,World,CabinetDCorner02,24.2,26.3,0.670,1.195,0,0,None,None,1,0,0,0,0.0730,0.0734,0.925,0.000,0
23.91,Tarun,AUIT_Multi,BAC,0.667,1.604,0.467,38.4,357.6,0.845,1.603,1.125,1.755,1.603,0.965,World,CabinetDCorner02,23.4,27.1,0.682,1.196,0,0,None,None,1,0,0,0,0.2139,0.3709,0.924,0.000,0
24.01,Tarun,AUIT_Multi,BAC,0.674,1.605,0.465,37.8,357.3,0.831,1.604,1.140,1.743,1.604,1.001,World,CabinetDCorner02,24.9,25.7,0.693,1.195,0,0,None,None,1,0,0,0,0.2122,0.3893,0.923,0.000,0
24.10,Tarun,AUIT_Multi,BAC,0.680,1.605,0.462,37.8,357.3,0.829,1.605,1.135,1.743,1.605,1.010,World,CabinetDCorner02,25.5,25.1,0.689,1.196,0,0,None,None,0,0,0,0,0.0497,0.0996,0.923,0.000,0
24.20,Tarun,AUIT_Multi,BAC,0.686,1.606,0.459,37.6,357.1,0.832,1.605,1.130,1.748,1.605,1.011,World,CabinetDCorner02,25.5,25.1,0.687,1.197,0,0,None,None,0,0,0,0,0.0618,0.0451,0.923,0.000,0
24.31,Tarun,AUIT_Multi,BAC,0.692,1.606,0.456,37.6,356.9,0.836,1.606,1.125,1.753,1.606,1.011,World,CabinetDCorner02,25.6,25.0,0.685,1.197,0,0,None,None,0,1,0,1,0.0573,0.0441,0.923,0.000,0
24.41,Tarun,AUIT_Multi,BAC,0.695,1.606,0.454,37.7,357.0,0.841,1.606,1.120,1.757,1.606,1.008,World,CabinetDCorner02,25.5,24.9,0.682,1.198,0,0,None,None,0,1,0,1,0.0688,0.0584,0.924,0.000,0
24.51,Tarun,AUIT_Multi,BAC,0.697,1.607,0.452,37.6,357.0,0.844,1.606,1.116,1.761,1.606,1.004,World,CabinetDCorner02,25.3,25.1,0.680,1.199,0,0,None,None,0,0,0,0,0.0550,0.0531,0.924,0.000,0
24.60,Tarun,AUIT_Multi,BAC,0.699,1.607,0.451,37.6,356.9,0.846,1.607,1.115,1.763,1.607,1.004,World,CabinetDCorner02,25.3,25.1,0.681,1.199,0,0,None,None,0,0,0,0,0.0218,0.0188,0.924,0.000,0
24.70,Tarun,AUIT_Multi,BAC,0.700,1.607,0.449,37.7,356.9,0.847,1.607,1.113,1.765,1.607,1.002,World,CabinetDCorner02,25.4,25.0,0.680,1.199,0,0,None,None,0,0,0,0,0.0243,0.0226,0.924,0.000,0
24.81,Tarun,AUIT_Multi,BAC,0.701,1.607,0.448,37.8,356.8,0.850,1.607,1.111,1.767,1.607,0.999,World,CabinetDCorner02,25.3,25.0,0.679,1.200,0,0,None,None,0,0,0,0,0.0312,0.0343,0.924,0.000,0
24.91,Tarun,AUIT_Multi,BAC,0.701,1.607,0.447,37.9,356.8,0.851,1.607,1.109,1.768,1.607,0.996,World,CabinetDCorner02,25.3,25.1,0.679,1.201,0,0,None,None,0,0,0,0,0.0255,0.0376,0.924,0.000,0
25.01,Tarun,AUIT_Multi,BAC,0.700,1.607,0.446,37.9,356.8,0.852,1.607,1.109,1.769,1.607,0.994,World,CabinetDCorner02,25.2,25.1,0.679,1.201,0,0,None,None,0,0,0,0,0.0063,0.0184,0.924,0.000,0
25.10,Tarun,AUIT_Multi,BAC,0.699,1.608,0.444,38.5,356.3,0.853,1.607,1.107,1.769,1.607,0.990,World,CabinetDCorner02,25.7,24.8,0.680,1.201,0,0,None,None,0,1,0,1,0.0175,0.0388,0.924,0.000,0
25.20,Tarun,AUIT_Multi,BAC,0.700,1.610,0.442,40.4,355.0,0.861,1.608,1.097,1.777,1.608,0.972,World,CabinetDCorner02,27.1,23.8,0.675,1.200,0,0,None,None,0,1,0,1,0.1327,0.2037,0.924,0.000,0
25.31,Tarun,AUIT_Multi,BAC,0.701,1.613,0.438,43.3,353.2,0.884,1.611,1.078,1.797,1.611,0.927,World,CabinetDCorner02,28.2,23.6,0.666,1.200,0,0,None,None,0,1,0,1,0.2713,0.4457,0.925,0.000,0
25.41,Tarun,AUIT_Multi,BAC,0.702,1.616,0.435,45.8,351.7,0.911,1.614,1.062,1.818,1.614,0.875,World,CabinetDCorner02,28.6,24.1,0.661,1.200,0,0,None,None,0,1,0,1,0.3265,0.5722,0.926,0.000,0
25.51,Tarun,AUIT_Multi,BAC,0.702,1.616,0.435,47.1,351.5,0.937,1.615,1.052,1.836,1.615,0.829,World,CabinetDCorner02,27.5,25.1,0.660,1.200,0,0,None,None,0,0,0,0,0.2843,0.5119,0.926,0.000,0
25.60,Tarun,AUIT_Multi,BAC,0.700,1.615,0.438,46.7,351.9,0.947,1.615,1.050,1.841,1.615,0.811,World,CabinetDCorner02,25.9,26.4,0.660,1.201,0,0,None,None,0,0,0,0,0.1062,0.1960,0.926,0.000,0
25.70,Tarun,AUIT_Multi,BAC,0.698,1.615,0.441,46.6,351.9,0.952,1.615,1.047,1.743,1.616,0.799,World,CabinetDCorner02,25.2,25.7,0.656,1.105,0,0,None,None,0,0,0,0,0.0570,1.0147,0.830,0.000,0
25.81,Tarun,AUIT_Multi,BAC,0.696,1.614,0.444,46.8,351.8,0.978,1.616,1.027,1.387,1.621,0.754,World,CabinetDCorner02,22.4,20.5,0.648,0.757,0,0,None,None,1,1,0,0,0.2953,3.2396,0.491,0.000,0
25.91,Tarun,AUIT_Multi,BAC,0.696,1.614,0.446,46.8,351.7,1.001,1.616,1.011,1.076,1.625,0.714,World,Quad,20.1,10.6,0.643,0.465,0,0,None,None,1,1,0,0,0.2863,3.2254,0.307,0.000,0
26.01,Tarun,AUIT_Multi,BAC,0.695,1.614,0.446,46.8,351.7,1.025,1.617,0.996,1.640,1.616,0.921,World,Quad,17.8,18.3,0.641,1.057,0,0,None,None,1,1,0,1,0.2876,6.1715,0.620,0.000,0
26.10,Tarun,AUIT_Multi,BAC,0.695,1.615,0.447,46.5,351.5,1.041,1.617,0.981,1.751,1.615,0.975,World,Quad,15.8,18.9,0.637,1.181,0,0,None,None,1,1,0,1,0.2335,1.2742,0.710,0.000,0
26.20,Tarun,AUIT_Multi,BAC,0.693,1.614,0.448,46.2,351.6,1.058,1.618,0.966,1.766,1.614,0.983,World,Quad,13.7,19.2,0.633,1.198,0,0,None,None,1,1,0,1,0.2318,0.1707,0.708,0.000,0
26.31,Tarun,AUIT_Multi,BAC,0.691,1.614,0.449,45.4,351.7,1.075,1.618,0.948,1.766,1.614,0.983,World,Quad,11.0,20.0,0.630,1.201,0,0,None,None,1,1,0,1,0.2224,0.0105,0.692,0.000,0
26.41,Tarun,AUIT_Multi,BAC,0.685,1.613,0.450,42.9,351.9,1.086,1.618,0.934,1.765,1.614,0.982,World,Quad,8.3,22.3,0.628,1.203,0,0,None,None,1,1,0,1,0.1799,0.0207,0.681,0.000,0
26.51,Tarun,AUIT_Multi,BAC,0.676,1.614,0.452,36.8,351.8,1.088,1.619,0.937,1.760,1.613,0.981,World,Quad,8.5,28.3,0.636,1.207,0,0,None,None,1,0,0,0,0.0322,0.0489,0.674,0.000,0
26.60,Tarun,AUIT_Multi,BAC,0.661,1.614,0.454,27.1,351.8,1.087,1.619,0.964,1.708,1.614,1.057,World,Quad,14.9,33.9,0.665,1.208,0,0,None,None,1,0,0,0,0.2824,0.9486,0.627,0.000,0
26.70,Tarun,AUIT_Multi,BAC,0.645,1.614,0.452,17.9,351.7,0.853,1.617,1.202,1.588,1.614,1.205,World,Quad,8.4,34.4,0.778,1.207,0,0,None,None,1,0,0,0,3.4362,1.9543,0.735,0.000,0
26.81,Tarun,AUIT_Multi,BAC,0.629,1.615,0.447,9.4,351.1,0.533,1.615,1.303,1.403,1.615,1.315,World,Quad,18.1,33.4,0.861,1.163,0,0,None,None,1,0,1,0,3.0196,1.9396,0.870,0.000,0
26.91,Tarun,AUIT_Multi,BAC,0.615,1.616,0.441,2.9,351.1,0.427,1.615,1.163,1.195,1.615,1.279,World,Quad,19.6,32.9,0.746,1.019,0,0,None,None,1,0,0,0,1.7997,2.1718,0.776,0.000,0
27.01,Tarun,AUIT_Multi,BAC,0.602,1.614,0.436,356.9,351.5,0.344,1.615,1.092,1.041,1.615,1.262,World,Quad,20.2,32.1,0.705,0.936,0,0,None,None,1,0,0,0,1.1285,1.5973,0.717,0.000,0
27.10,Tarun,AUIT_Multi,BAC,0.588,1.614,0.430,352.2,351.9,0.265,1.614,1.055,0.998,1.614,1.457,World,CabinetD06,21.1,30.6,0.704,1.106,0,0,None,None,1,0,0,0,0.8984,2.0504,0.836,0.000,0
27.20,Tarun,AUIT_Multi,BAC,0.575,1.613,0.422,348.9,352.3,0.189,1.614,1.041,0.931,1.614,1.560,World,CabinetD06,22.2,29.4,0.729,1.192,0,0,None,None,1,0,0,0,0.7888,1.2669,0.906,0.000,0
27.31,Tarun,AUIT_Multi,BAC,0.561,1.613,0.412,346.1,352.4,0.110,1.613,1.039,0.787,1.631,1.369,World,CabinetD06,23.1,27.9,0.773,0.984,0,0,None,None,1,0,0,0,0.7187,2.1598,0.754,0.000,0
27.41,Tarun,AUIT_Multi,BAC,0.551,1.613,0.403,345.4,352.6,0.064,1.613,1.041,0.655,1.647,1.181,World,CabinetD06,23.9,22.6,0.803,0.786,0,0,None,None,1,1,1,0,0.4724,2.3670,0.609,0.000,0
27.51,Tarun,AUIT_Multi,BAC,0.541,1.612,0.398,344.7,352.5,0.066,1.612,1.036,0.634,1.636,1.315,World,CabinetD06,22.6,21.8,0.795,0.922,0,0,None,None,1,1,0,1,0.0564,1.4003,0.633,0.000,0
27.60,Tarun,AUIT_Multi,BAC,0.531,1.613,0.397,344.3,352.8,0.052,1.612,1.038,0.667,1.616,1.547,World,CabinetD06,22.3,23.4,0.800,1.157,0,0,None,None,1,1,0,1,0.1410,2.4134,0.798,0.000,0
27.70,Tarun,AUIT_Multi,BAC,0.524,1.613,0.401,344.5,352.9,0.027,1.613,1.043,0.671,1.613,1.584,World,CabinetD06,23.2,23.6,0.812,1.192,0,0,None,None,1,1,1,1,0.2614,0.3880,0.840,0.000,1
27.81,Tarun,AUIT_Multi,BAC,0.520,1.613,0.410,344.3,353.2,0.063,1.617,1.036,0.612,1.630,1.409,World,CabinetD06,21.4,21.6,0.775,1.003,0,0,None,None,1,1,0,1,0.3271,1.6735,0.664,0.000,0
27.91,Tarun,AUIT_Multi,BAC,0.519,1.613,0.425,344.1,353.1,0.109,1.623,1.029,0.541,1.650,1.209,World,Quad,19.2,17.9,0.730,0.785,0,0,None,None,1,1,0,0,0.4864,2.1975,0.468,0.000,0
28.01,Tarun,AUIT_Multi,BAC,0.520,1.613,0.445,343.7,353.1,0.153,1.628,1.022,0.513,1.639,1.350,World,Quad,17.0,16.7,0.684,0.906,0,0,None,None,1,1,0,1,0.4599,1.4803,0.487,0.000,0
28.10,Tarun,AUIT_Multi,BAC,0.522,1.615,0.469,343.2,352.5,0.193,1.633,1.016,0.515,1.617,1.604,World,Quad,15.4,17.9,0.639,1.135,0,0,None,None,1,1,0,1,0.4156,2.6286,0.670,0.000,0
28.20,Tarun,AUIT_Multi,BAC,0.525,1.619,0.496,342.2,351.9,0.229,1.639,1.011,0.514,1.616,1.667,World,Quad,13.5,19.0,0.594,1.171,0,0,None,None,1,1,0,1,0.3810,0.6465,0.716,0.000,0
28.31,Tarun,AUIT_Multi,BAC,0.528,1.623,0.523,341.3,351.7,0.270,1.645,1.005,0.514,1.620,1.656,World,Quad,11.1,19.9,0.548,1.133,0,0,None,None,1,1,0,1,0.3742,0.1038,0.696,0.000,0
28.41,Tarun,AUIT_Multi,BAC,0.529,1.624,0.542,340.2,351.5,0.305,1.651,0.999,0.515,1.623,1.632,World,Quad,8.3,20.8,0.509,1.090,0,0,None,None,1,1,0,1,0.3755,0.2490,0.667,0.000,0
28.51,Tarun,AUIT_Multi,BAC,0.530,1.625,0.558,339.6,351.6,0.340,1.656,0.993,0.515,1.624,1.628,World,Quad,5.7,21.2,0.476,1.070,0,0,None,None,1,1,0,1,0.3716,0.0380,0.659,0.000,0
28.60,Tarun,AUIT_Multi,BAC,0.531,1.626,0.573,338.8,351.6,0.376,1.662,0.988,0.515,1.625,1.629,World,Quad,3.9,22.0,0.445,1.056,0,0,None,None,1,1,0,1,0.3710,0.0114,0.656,0.000,0
28.70,Tarun,AUIT_Multi,BAC,0.530,1.628,0.587,337.0,351.1,0.388,1.667,0.999,0.515,1.627,1.629,World,Quad,5.6,23.9,0.438,1.042,0,0,None,None,1,1,0,1,0.1829,0.0150,0.644,0.285,0
28.81,Tarun,AUIT_Multi,BAC,0.530,1.631,0.603,335.1,350.3,0.008,1.637,1.135,0.515,1.629,1.629,World,CabinetD06Door,21.6,25.8,0.745,1.026,0,0,None,None,1,0,0,0,3.6456,0.0205,0.708,0.000,0
28.91,Tarun,AUIT_Multi,BAC,0.532,1.632,0.617,334.3,349.7,-0.045,1.632,1.113,0.515,1.631,1.630,World,CabinetD06Door,25.6,26.7,0.761,1.013,0,0,None,None,0,0,0,0,0.5959,0.0196,0.762,0.000,0
29.01,Tarun,AUIT_Multi,BAC,0.534,1.633,0.629,333.6,349.4,-0.043,1.632,1.093,0.514,1.632,1.630,World,CabinetD06Door,26.9,27.3,0.740,1.002,0,0,None,None,0,0,0,0,0.2126,0.0182,0.774,0.000,0
29.10,Tarun,AUIT_Multi,BAC,0.536,1.634,0.640,333.1,349.3,-0.042,1.633,1.090,0.508,1.633,1.631,World,CabinetD06Door,27.3,27.4,0.732,0.991,0,0,None,None,0,0,0,0,0.0352,0.0582,0.772,0.000,0
29.20,Tarun,AUIT_Multi,BAC,0.538,1.635,0.650,332.8,348.9,-0.041,1.634,1.093,0.503,1.634,1.631,World,CabinetD06Door,27.6,27.4,0.729,0.982,0,0,None,None,0,0,0,0,0.0363,0.0579,0.765,0.000,0
29.31,Tarun,AUIT_Multi,BAC,0.540,1.635,0.660,332.6,348.8,-0.040,1.635,1.100,0.500,1.635,1.632,World,CabinetD06Door,27.7,27.3,0.728,0.973,0,0,None,None,0,0,0,0,0.0631,0.0290,0.758,0.000,0
29.41,Tarun,AUIT_Multi,BAC,0.540,1.637,0.669,332.9,349.0,-0.040,1.636,1.109,0.501,1.636,1.632,World,CabinetD06Door,27.8,26.9,0.729,0.964,0,0,None,None,0,0,0,0,0.0963,0.0179,0.752,0.000,0
29.51,Tarun,AUIT_Multi,BAC,0.539,1.638,0.678,332.6,349.1,-0.040,1.637,1.121,0.504,1.637,1.633,World,CabinetD06Door,27.4,27.5,0.729,0.955,0,0,None,None,0,0,0,0,0.1198,0.0334,0.747,0.000,0
29.60,Tarun,AUIT_Multi,BAC,0.538,1.636,0.689,332.2,350.0,-0.040,1.637,1.123,0.497,1.637,1.633,World,CabinetD06Door,27.0,27.1,0.723,0.945,0,0,None,None,0,0,0,0,0.0264,0.0776,0.740,0.000,0
29.70,Tarun,AUIT_Multi,BAC,0.539,1.635,0.697,333.2,350.7,-0.010,1.636,1.110,0.497,1.636,1.633,World,CabinetD06Door,27.7,25.9,0.687,0.937,0,0,None,None,0,0,0,0,0.3390,0.0127,0.729,0.000,0
29.81,Tarun,AUIT_Multi,BAC,0.539,1.634,0.702,333.9,351.0,0.026,1.635,1.103,0.511,1.635,1.633,World,CabinetD06Door,27.3,25.9,0.651,0.932,0,0,None,None,0,0,0,0,0.3253,0.1335,0.719,0.000,0
29.91,Tarun,AUIT_Multi,BAC,0.537,1.635,0.706,334.2,351.0,0.038,1.634,1.106,0.521,1.634,1.633,World,CabinetD06Door,26.9,26.3,0.640,0.928,0,0,None,None,0,0,0,0,0.1346,0.1008,0.715,0.000,0
30.01,Tarun,AUIT_Multi,BAC,0.535,1.640,0.717,333.4,350.3,0.039,1.637,1.111,0.521,1.637,1.634,World,CabinetD06Door,26.8,27.4,0.634,0.917,0,0,None,None,0,0,0,0,0.0550,0.0224,0.711,0.000,0
30.10,Tarun,AUIT_Multi,BAC,0.534,1.642,0.740,332.0,349.5,0.030,1.640,1.117,0.505,1.640,1.634,World,CabinetD06Door,27.2,28.1,0.630,0.895,0,0,None,None,0,0,0,0,0.1169,0.1678,0.702,0.000,0
30.20,Tarun,AUIT_Multi,BAC,0.533,1.642,0.767,331.4,350.2,0.046,1.642,1.112,0.487,1.642,1.635,World,CabinetD06Door,27.8,27.3,0.597,0.869,0,0,None,None,0,0,0,0,0.1712,0.1823,0.685,0.000,0
30.31,Tarun,AUIT_Multi,BAC,0.533,1.641,0.789,331.9,352.0,0.078,1.641,1.111,0.483,1.641,1.636,World,CabinetD06Door,27.6,26.0,0.558,0.849,0,0,None,None,0,0,0,0,0.2909,0.0402,0.663,0.000,0
30.41,Tarun,AUIT_Multi,BAC,0.533,1.642,0.797,332.0,351.7,0.095,1.641,1.117,0.487,1.641,1.637,World,CabinetD06Door,27.1,26.1,0.543,0.841,0,0,None,None,0,0,0,0,0.1857,0.0385,0.651,0.000,0
30.51,Tarun,AUIT_Multi,BAC,0.531,1.648,0.805,331.5,350.6,0.101,1.643,1.122,0.487,1.643,1.637,World,CabinetD06Door,26.8,27.2,0.535,0.834,0,0,None,None,0,0,0,0,0.0806,0.0266,0.644,0.000,0
30.60,Tarun,AUIT_Multi,BAC,0.529,1.653,0.818,330.8,350.7,0.097,1.648,1.125,0.477,1.648,1.637,World,CabinetD06Door,27.1,27.2,0.529,0.821,0,0,None,None,0,0,0,0,0.0699,0.1186,0.638,0.000,0
30.70,Tarun,AUIT_Multi,BAC,0.527,1.659,0.835,330.6,350.5,0.106,1.654,1.126,0.469,1.654,1.638,World,CabinetD06Door,27.7,27.0,0.511,0.805,0,0,None,None,0,0,0,0,0.1110,0.0993,0.628,0.000,0
30.81,Tarun,AUIT_Multi,BAC,0.523,1.660,0.851,330.3,351.3,0.117,1.659,1.130,0.463,1.659,1.639,World,CabinetD06Door,27.1,26.8,0.492,0.790,0,0,None,None,0,0,0,0,0.1168,0.0675,0.615,0.000,0
30.91,Tarun,AUIT_Multi,BAC,0.522,1.658,0.858,329.8,352.4,0.121,1.659,1.134,0.457,1.659,1.639,World,CabinetD06Door,26.2,26.5,0.486,0.784,0,0,None,None,0,0,0,0,0.0583,0.0650,0.606,0.000,0
31.01,Tarun,AUIT_Multi,BAC,0.523,1.657,0.859,330.4,352.4,0.124,1.658,1.136,0.454,1.658,1.639,World,CabinetD06Door,26.6,25.6,0.487,0.784,0,0,None,None,0,0,0,0,0.0340,0.0347,0.601,0.000,0
31.10,Tarun,AUIT_Multi,BAC,0.524,1.656,0.852,330.8,352.2,0.129,1.657,1.137,0.460,1.657,1.639,World,CabinetD06Door,26.1,25.7,0.487,0.789,0,0,None,None,0,0,0,0,0.0580,0.0687,0.601,0.000,0
31.20,Tarun,AUIT_Multi,BAC,0.524,1.653,0.841,331.7,352.1,0.129,1.656,1.137,0.466,1.656,1.639,World,CabinetD06Door,25.9,25.3,0.493,0.800,0,0,None,None,0,0,0,0,0.0078,0.0601,0.604,0.000,0
31.31,Tarun,AUIT_Multi,BAC,0.525,1.641,0.822,334.1,351.9,0.132,1.650,1.136,0.485,1.650,1.638,World,CabinetD06Door,26.3,24.2,0.504,0.818,0,0,None,None,0,1,0,1,0.0593,0.1768,0.614,0.000,0
31.41,Tarun,AUIT_Multi,BAC,0.519,1.630,0.799,336.0,352.6,0.137,1.639,1.135,0.513,1.639,1.638,World,CabinetD06Door,25.4,24.5,0.509,0.838,0,0,None,None,0,1,0,1,0.1228,0.3091,0.627,0.000,0
31.51,Tarun,AUIT_Multi,BAC,0.510,1.622,0.771,337.9,354.0,0.136,1.629,1.136,0.529,1.629,1.638,World,CabinetD06,24.1,24.0,0.523,0.867,0,0,None,None,1,1,0,1,0.1047,0.1975,0.637,0.000,0
31.60,Tarun,AUIT_Multi,BAC,0.501,1.621,0.739,339.5,354.5,0.134,1.623,1.135,0.531,1.623,1.636,World,CabinetD06,22.9,23.0,0.540,0.898,0,0,None,None,1,1,0,1,0.0682,0.0683,0.640,0.000,0
31.70,Tarun,AUIT_Multi,BAC,0.490,1.616,0.711,340.9,353.5,0.141,1.620,1.126,0.534,1.620,1.636,World,CabinetD06,21.7,22.6,0.542,0.927,0,0,None,None,1,1,0,1,0.1160,0.0384,0.644,0.000,0
31.81,Tarun,AUIT_Multi,BAC,0.474,1.615,0.691,341.4,354.5,0.128,1.615,1.117,0.534,1.615,1.635,World,CabinetD06,21.2,22.9,0.549,0.946,0,0,None,None,1,1,0,1,0.1508,0.0473,0.658,0.000,0
31.91,Tarun,AUIT_Multi,BAC,0.462,1.619,0.688,341.5,354.0,0.104,1.617,1.114,0.534,1.617,1.635,World,CabinetD06Door,22.4,23.6,0.556,0.950,0,0,None,None,1,1,0,1,0.2472,0.0148,0.675,0.000,0
32.01,Tarun,AUIT_Multi,BAC,0.452,1.617,0.694,341.4,354.2,0.087,1.618,1.115,0.534,1.618,1.635,World,CabinetD06Door,23.0,24.2,0.557,0.944,0,0,None,None,1,1,0,1,0.1695,0.0132,0.686,0.000,0
32.10,Tarun,AUIT_Multi,BAC,0.447,1.617,0.708,339.6,354.3,0.028,1.616,1.148,0.533,1.616,1.636,World,CabinetD06Door,23.8,26.4,0.607,0.931,0,0,None,None,1,0,0,0,0.6983,0.0185,0.702,0.000,0
32.20,Tarun,AUIT_Multi,BAC,0.448,1.621,0.728,338.4,353.1,-0.004,1.618,1.157,0.517,1.618,1.634,World,CabinetD06Door,25.9,26.8,0.624,0.909,0,0,None,None,0,0,0,0,0.3493,0.1732,0.707,0.000,0
32.31,Tarun,AUIT_Multi,BAC,0.449,1.622,0.752,338.3,353.0,0.024,1.621,1.136,0.503,1.621,1.635,World,CabinetD06Door,27.0,26.2,0.573,0.885,0,0,None,None,0,0,0,0,0.3213,0.1230,0.691,0.000,0
32.41,Tarun,AUIT_Multi,BAC,0.450,1.623,0.769,338.1,353.2,0.043,1.622,1.135,0.499,1.622,1.635,World,CabinetD06Door,26.9,26.0,0.547,0.868,0,0,None,None,0,0,0,0,0.1947,0.0500,0.677,0.000,0
32.51,Tarun,AUIT_Multi,BAC,0.451,1.623,0.782,338.2,353.3,0.060,1.623,1.135,0.497,1.623,1.636,World,CabinetD06Door,26.9,25.8,0.527,0.855,0,0,None,None,0,0,0,0,0.1705,0.0188,0.665,0.000,0
32.60,Tarun,AUIT_Multi,BAC,0.451,1.623,0.791,338.3,353.3,0.073,1.623,1.137,0.498,1.623,1.636,World,CabinetD06Door,26.6,25.8,0.512,0.846,0,0,None,None,0,0,0,0,0.1394,0.0129,0.656,0.000,0
32.70,Tarun,AUIT_Multi,BAC,0.451,1.624,0.797,338.6,353.1,0.082,1.623,1.139,0.500,1.623,1.637,World,CabinetD06Door,26.5,25.7,0.503,0.841,0,0,None,None,0,0,0,0,0.0967,0.0212,0.650,0.000,0
32.81,Tarun,AUIT_Multi,BAC,0.450,1.624,0.800,339.0,352.7,0.090,1.624,1.141,0.504,1.624,1.637,World,CabinetD06Door,26.5,25.7,0.496,0.839,0,0,None,None,0,0,0,0,0.0711,0.0343,0.646,0.000,0
32.91,Tarun,AUIT_Multi,BAC,0.450,1.624,0.801,339.2,352.5,0.095,1.624,1.143,0.509,1.624,1.637,World,CabinetD06Door,26.2,25.9,0.493,0.838,0,0,None,None,0,0,0,0,0.0543,0.0461,0.644,0.000,0
33.01,Tarun,AUIT_Multi,BAC,0.449,1.624,0.799,339.8,352.3,0.098,1.625,1.144,0.512,1.625,1.637,World,CabinetD06Door,26.4,25.6,0.493,0.840,0,0,None,None,0,0,0,0,0.0290,0.0383,0.644,0.000,0
33.10,Tarun,AUIT_Multi,BAC,0.449,1.620,0.794,340.2,353.1,0.099,1.623,1.145,0.518,1.623,1.637,World,CabinetD06Door,25.9,25.3,0.495,0.846,0,0,None,None,0,0,0,0,0.0246,0.0638,0.646,0.000,0
33.20,Tarun,AUIT_Multi,BAC,0.449,1.619,0.780,342.2,354.0,0.105,1.620,1.143,0.532,1.620,1.641,World,CabinetD06,26.3,24.1,0.500,0.865,0,0,None,None,0,1,0,1,0.0633,0.1515,0.656,0.000,0
33.31,Tarun,AUIT_Multi,BAC,0.446,1.618,0.752,344.2,354.3,0.118,1.619,1.136,0.575,1.619,1.707,World,CabinetD06,25.3,24.1,0.506,0.964,0,0,None,None,0,1,0,1,0.1328,0.7082,0.731,0.000,0
33.41,Tarun,AUIT_Multi,BAC,0.445,1.615,0.724,346.4,354.8,0.125,1.617,1.128,0.590,1.617,1.672,World,CabinetD06,25.2,22.9,0.516,0.960,0,0,None,None,0,1,0,1,0.1142,0.3832,0.716,0.000,0
33.51,Tarun,AUIT_Multi,BAC,0.447,1.607,0.695,351.0,355.7,0.138,1.613,1.119,0.641,1.613,1.643,World,CabinetD06,27.3,20.9,0.525,0.968,0,0,None,None,0,1,0,1,0.1701,0.6056,0.726,0.000,0
33.60,Tarun,AUIT_Multi,BAC,0.448,1.601,0.667,355.9,356.6,0.172,1.607,1.111,0.730,1.607,1.636,World,CabinetD06,27.9,20.5,0.523,1.010,0,0,None,None,0,1,0,1,0.3650,0.9319,0.767,0.000,0
33.70,Tarun,AUIT_Multi,BAC,0.449,1.597,0.642,359.1,357.8,0.202,1.601,1.108,0.822,1.601,1.636,World,CabinetD06,27.0,21.6,0.527,1.062,0,0,None,None,0,1,0,1,0.3221,0.9455,0.814,0.000,0
33.81,Tarun,AUIT_Multi,BAC,0.453,1.594,0.615,2.4,358.4,0.227,1.597,1.107,0.918,1.597,1.653,World,CabinetD06,27.1,21.8,0.542,1.137,0,0,None,None,0,1,0,1,0.2244,0.8813,0.881,0.000,0
33.91,Tarun,AUIT_Multi,BAC,0.460,1.594,0.593,6.5,357.4,0.252,1.594,1.114,0.969,1.594,1.583,World,CabinetD05,28.4,20.8,0.561,1.113,0,0,None,None,0,1,0,1,0.2710,0.8875,0.856,0.000,0
34.01,Tarun,AUIT_Multi,BAC,0.470,1.595,0.575,10.8,357.1,0.286,1.595,1.134,0.973,1.595,1.415,World,CabinetD05,29.2,20.3,0.588,0.979,0,0,None,None,0,1,0,1,0.4053,1.7300,0.742,0.000,0
34.10,Tarun,AUIT_Multi,BAC,0.482,1.595,0.563,15.1,357.5,0.326,1.595,1.178,0.990,1.595,1.284,World,CabinetD05,29.5,20.1,0.635,0.882,0,0,None,None,0,1,0,1,0.6054,1.3595,0.672,0.000,0
34.20,Tarun,AUIT_Multi,BAC,0.495,1.594,0.554,18.9,358.0,0.365,1.595,1.293,1.102,1.595,1.282,World,CabinetD05,29.0,21.0,0.750,0.948,0,0,None,None,0,1,0,1,1.2493,1.1569,0.737,0.000,0
34.31,Tarun,AUIT_Multi,BAC,0.512,1.593,0.550,22.9,359.3,0.425,1.594,1.369,1.278,1.594,1.336,World,CabinetD05,28.9,21.4,0.824,1.099,0,0,None,None,0,1,0,1,0.8725,1.6618,0.854,0.000,0
34.41,Tarun,AUIT_Multi,BAC,0.527,1.593,0.549,25.9,359.9,0.487,1.593,1.368,1.396,1.593,1.338,World,CabinetD05Door,28.7,21.9,0.820,1.173,0,0,None,None,0,1,0,1,0.6430,1.2033,0.909,0.000,0
34.51,Tarun,AUIT_Multi,BAC,0.544,1.593,0.554,27.6,0.5,0.542,1.593,1.369,1.459,1.593,1.305,World,CabinetD05Door,27.7,23.0,0.815,1.183,0,0,None,None,0,1,0,1,0.5633,0.7315,0.919,0.000,0
34.60,Tarun,AUIT_Multi,BAC,0.564,1.591,0.563,28.6,1.7,0.583,1.592,1.372,1.499,1.592,1.284,World,CabinetD05Door,27.2,23.9,0.810,1.181,0,0,None,None,0,1,0,1,0.4240,0.4678,0.920,0.000,0
34.70,Tarun,AUIT_Multi,BAC,0.588,1.591,0.573,28.7,2.6,0.616,1.591,1.373,1.531,1.591,1.279,World,CabinetD05Door,26.9,24.6,0.801,1.178,0,0,None,None,0,1,0,1,0.3347,0.3328,0.920,0.000,0
34.81,Tarun,AUIT_Multi,BAC,0.619,1.591,0.588,27.8,2.8,0.644,1.591,1.375,1.560,1.591,1.290,World,CabinetD05Door,26.1,25.6,0.788,1.174,0,0,None,None,0,0,0,0,0.2577,0.2801,0.920,0.000,0
34.91,Tarun,AUIT_Multi,BAC,0.646,1.592,0.603,25.4,3.0,0.654,1.591,1.379,1.528,1.591,1.292,World,CabinetD05Door,24.9,26.8,0.776,1.119,0,0,None,None,1,0,0,0,0.1118,0.3299,0.878,0.000,0
35.01,Tarun,AUIT_Multi,BAC,0.672,1.591,0.618,22.5,3.2,0.648,1.592,1.383,1.240,1.592,1.128,World,CabinetD05Door,24.4,25.8,0.766,0.764,0,0,None,None,1,0,0,0,0.0767,3.4026,0.645,0.000,0
35.10,Tarun,AUIT_Multi,BAC,0.695,1.588,0.633,19.5,3.3,0.645,1.590,1.387,0.957,1.592,0.971,World,CabinetD05Door,23.6,18.7,0.756,0.427,0,0,None,None,1,1,0,0,0.0578,3.3335,0.520,0.000,0
35.20,Tarun,AUIT_Multi,BAC,0.716,1.584,0.650,16.4,3.5,0.644,1.587,1.391,1.113,1.588,1.163,World,CabinetD05,22.3,21.6,0.745,0.649,0,0,None,None,1,1,0,0,0.0556,2.5518,0.521,0.000,0
35.31,Tarun,AUIT_Multi,BAC,0.736,1.582,0.668,12.5,3.6,0.618,1.584,1.399,1.247,1.584,1.316,World,CabinetD05,22.0,26.0,0.740,0.825,0,0,None,None,1,0,0,0,0.2487,1.8323,0.635,0.000,0
35.41,Tarun,AUIT_Multi,BAC,0.749,1.583,0.683,9.0,3.5,0.573,1.583,1.403,1.229,1.583,1.329,World,CabinetD05,23.0,27.8,0.741,0.804,0,0,None,None,1,0,0,0,0.4605,0.2276,0.660,0.000,0
35.51,Tarun,AUIT_Multi,BAC,0.760,1.583,0.694,6.8,3.9,0.542,1.583,1.407,1.160,1.583,1.293,World,CabinetD05,24.2,27.2,0.745,0.720,0,0,None,None,1,0,0,0,0.3303,0.7974,0.629,0.000,0
35.60,Tarun,AUIT_Multi,BAC,0.768,1.583,0.701,6.0,4.1,0.527,1.583,1.410,1.106,1.583,1.247,World,CabinetD05,25.1,26.1,0.749,0.642,0,0,None,None,0,0,0,0,0.1547,0.7330,0.601,0.000,0
35.70,Tarun,AUIT_Multi,BAC,0.773,1.582,0.705,5.7,4.2,0.524,1.583,1.412,1.092,1.583,1.239,World,CabinetD05,25.5,25.5,0.749,0.622,0,0,None,None,0,0,0,0,0.0365,0.1645,0.594,0.000,0
35.81,Tarun,AUIT_Multi,BAC,0.775,1.581,0.707,6.1,4.8,0.527,1.582,1.413,1.091,1.582,1.239,World,CabinetD05,25.9,25.1,0.748,0.619,0,0,None,None,0,0,0,0,0.0323,0.0103,0.590,0.000,0
35.91,Tarun,AUIT_Multi,BAC,0.773,1.582,0.702,6.7,4.6,0.534,1.582,1.413,1.099,1.582,1.241,World,CabinetD05,25.7,24.9,0.749,0.630,0,0,None,None,0,1,0,0,0.0670,0.0839,0.591,0.000,0
36.01,Tarun,AUIT_Multi,BAC,0.767,1.585,0.695,7.0,3.8,0.537,1.583,1.411,1.110,1.583,1.249,World,CabinetD05,25.0,25.1,0.753,0.652,0,0,None,None,1,0,0,0,0.0429,0.1396,0.596,0.000,0
36.10,Tarun,AUIT_Multi,BAC,0.756,1.589,0.683,5.7,2.8,0.528,1.586,1.409,1.105,1.586,1.244,World,CabinetD05,23.2,26.3,0.761,0.662,0,0,None,None,1,0,0,0,0.1004,0.0757,0.600,0.000,0
36.20,Tarun,AUIT_Multi,BAC,0.743,1.594,0.668,4.1,1.5,0.496,1.589,1.406,1.081,1.589,1.238,World,CabinetD05,22.7,26.5,0.779,0.663,0,0,None,None,1,0,0,0,0.3386,0.2638,0.609,0.000,0
36.31,Tarun,AUIT_Multi,BAC,0.728,1.600,0.648,3.3,359.7,0.455,1.595,1.402,1.056,1.595,1.235,World,CabinetD05,23.3,25.8,0.802,0.672,0,0,None,None,1,0,1,0,0.3750,0.2341,0.623,0.000,0
36.41,Tarun,AUIT_Multi,BAC,0.718,1.605,0.629,5.0,358.2,0.438,1.600,1.397,1.050,1.600,1.235,World,CabinetD05,25.2,23.8,0.818,0.691,0,0,None,None,0,1,0,0,0.1916,0.0794,0.633,0.000,0
36.51,Tarun,AUIT_Multi,BAC,0.709,1.609,0.608,7.8,356.7,0.447,1.605,1.391,1.077,1.605,1.236,World,CabinetD05,26.5,22.8,0.825,0.728,0,0,None,None,0,1,0,0,0.1242,0.2771,0.648,0.000,0
36.60,Tarun,AUIT_Multi,BAC,0.699,1.613,0.587,10.9,355.1,0.473,1.609,1.385,1.166,1.609,1.302,World,CabinetD05,27.2,22.8,0.829,0.855,0,0,None,None,0,1,0,1,0.2731,1.1444,0.698,0.000,0
36.70,Tarun,AUIT_Multi,BAC,0.688,1.616,0.567,14.0,353.2,0.504,1.613,1.378,1.243,1.613,1.324,World,CabinetD05,27.6,23.2,0.832,0.939,0,0,None,None,0,1,0,1,0.3319,0.8209,0.740,0.000,0
36.81,Tarun,AUIT_Multi,BAC,0.669,1.616,0.548,15.2,352.3,0.530,1.616,1.372,1.310,1.616,1.327,World,CabinetD05,25.8,25.4,0.835,1.009,0,0,None,None,0,0,0,0,0.2448,0.6066,0.781,0.000,0
36.91,Tarun,AUIT_Multi,BAC,0.652,1.616,0.535,14.7,352.0,0.521,1.616,1.367,1.315,1.616,1.326,World,CabinetD05,24.9,26.4,0.842,1.031,0,0,None,None,1,0,1,0,0.1080,0.0524,0.795,0.000,0
37.01,Tarun,AUIT_Multi,BAC,0.641,1.615,0.525,16.1,351.7,0.508,1.615,1.364,1.313,1.615,1.325,World,CabinetD05,26.4,25.2,0.849,1.045,0,0,None,None,0,0,0,0,0.1381,0.0183,0.806,0.000,0
37.10,Tarun,AUIT_Multi,BAC,0.635,1.614,0.519,18.0,351.6,0.515,1.615,1.361,1.346,1.615,1.326,World,CabinetD05,27.3,24.8,0.851,1.076,0,0,None,None,0,1,0,1,0.0825,0.3404,0.832,0.000,0
37.20,Tarun,AUIT_Multi,BAC,0.632,1.611,0.515,19.8,353.0,0.534,1.613,1.360,1.406,1.613,1.341,World,CabinetD05Door,27.2,24.3,0.850,1.131,0,0,None,None,0,1,0,1,0.1941,0.6327,0.872,0.000,0
37.31,Tarun,AUIT_Multi,BAC,0.632,1.608,0.513,21.8,354.8,0.563,1.610,1.360,1.478,1.610,1.352,World,CabinetD05Door,26.9,23.9,0.850,1.191,0,0,None,None,0,1,0,1,0.2639,0.6603,0.915,0.000,0
37.41,Tarun,AUIT_Multi,BAC,0.631,1.609,0.510,22.4,353.8,0.584,1.608,1.362,1.505,1.608,1.333,World,CabinetD05Door,26.2,25.1,0.853,1.201,0,0,None,None,0,0,0,0,0.2153,0.3341,0.922,0.000,0
37.51,Tarun,AUIT_Multi,BAC,0.630,1.608,0.509,22.3,354.2,0.590,1.608,1.361,1.512,1.608,1.324,World,CabinetD05Door,25.7,25.5,0.854,1.201,0,0,None,None,0,0,0,0,0.0627,0.1159,0.923,0.000,0
37.60,Tarun,AUIT_Multi,BAC,0.632,1.607,0.508,22.7,354.6,0.592,1.607,1.361,1.514,1.607,1.321,World,CabinetD05Door,25.9,25.2,0.853,1.199,0,0,None,None,0,0,0,0,0.0248,0.0442,0.923,0.000,0
37.70,Tarun,AUIT_Multi,BAC,0.635,1.607,0.508,23.4,354.8,0.600,1.607,1.360,1.521,1.607,1.315,World,CabinetD05Door,26.3,24.8,0.853,1.198,0,0,None,None,0,1,0,1,0.0788,0.0988,0.923,0.000,0
37.81,Tarun,AUIT_Multi,BAC,0.642,1.610,0.506,25.6,353.2,0.621,1.608,1.357,1.542,1.608,1.296,World,CabinetD05Door,27.8,24.1,0.851,1.197,0,0,None,None,0,1,0,1,0.1954,0.2506,0.923,0.000,0
37.91,Tarun,AUIT_Multi,BAC,0.647,1.610,0.506,27.5,352.6,0.655,1.610,1.356,1.573,1.610,1.264,World,CabinetD05Door,27.9,24.3,0.850,1.196,0,0,None,None,0,1,0,1,0.3505,0.4619,0.922,0.000,0
38.01,Tarun,AUIT_Multi,BAC,0.652,1.610,0.507,28.6,352.7,0.685,1.610,1.356,1.600,1.610,1.237,World,CabinetD05Door,27.3,24.9,0.849,1.196,0,0,None,None,0,1,0,1,0.3041,0.3886,0.923,0.000,0
38.10,Tarun,AUIT_Multi,BAC,0.656,1.610,0.508,29.5,352.9,0.706,1.610,1.356,1.619,1.610,1.218,World,CabinetDCorner02,27.0,25.0,0.850,1.197,0,0,None,None,0,0,0,0,0.2228,0.2726,0.923,0.000,0
38.20,Tarun,AUIT_Multi,BAC,0.660,1.610,0.508,30.5,352.8,0.725,1.610,1.356,1.635,1.610,1.203,World,CabinetDCorner02,27.0,25.0,0.850,1.197,0,0,None,None,0,0,0,0,0.1874,0.2288,0.923,0.000,0
38.31,Tarun,AUIT_Multi,BAC,0.663,1.610,0.508,31.3,352.9,0.740,1.610,1.318,1.651,1.610,1.185,World,CabinetDCorner02,26.7,25.3,0.813,1.198,0,0,None,None,0,0,0,0,0.3663,0.2144,0.920,0.000,0
38.41,Tarun,AUIT_Multi,BAC,0.663,1.610,0.509,31.4,352.8,0.750,1.610,1.310,1.660,1.610,1.176,World,CabinetDCorner02,26.1,25.8,0.805,1.199,0,0,None,None,0,0,0,0,0.1298,0.1326,0.920,0.000,0
38.51,Tarun,AUIT_Multi,BAC,0.663,1.611,0.510,31.5,352.5,0.752,1.611,1.309,1.662,1.611,1.174,World,CabinetDCorner02,26.2,25.9,0.804,1.200,0,0,None,None,0,0,0,0,0.0306,0.0347,0.920,0.000,0
38.60,Tarun,AUIT_Multi,BAC,0.661,1.612,0.511,31.4,352.2,0.754,1.611,1.311,1.663,1.611,1.172,World,CabinetDCorner02,25.9,26.3,0.806,1.201,0,0,None,None,0,0,0,0,0.0274,0.0187,0.920,0.000,0
38.70,Tarun,AUIT_Multi,BAC,0.657,1.612,0.513,30.1,352.2,0.750,1.612,1.344,1.657,1.612,1.179,World,CabinetDCorner02,24.9,27.2,0.837,1.202,0,0,None,None,1,0,1,0,0.3417,0.0954,0.922,0.000,0
38.81,Tarun,AUIT_Multi,BAC,0.653,1.612,0.514,29.4,352.1,0.728,1.612,1.358,1.638,1.612,1.203,World,CabinetD05Door,25.4,26.7,0.848,1.202,0,0,None,None,0,0,0,0,0.2353,0.2762,0.922,0.000,0
38.91,Tarun,AUIT_Multi,BAC,0.650,1.611,0.515,29.0,352.2,0.718,1.611,1.358,1.629,1.611,1.213,World,CabinetD05Door,25.6,26.6,0.846,1.202,0,0,None,None,0,0,0,0,0.1094,0.1365,0.922,0.000,0
39.01,Tarun,AUIT_Multi,BAC,0.646,1.610,0.516,28.1,352.4,0.707,1.611,1.359,1.619,1.611,1.223,World,CabinetD05Door,25.1,26.9,0.844,1.202,0,0,None,None,0,0,0,0,0.1163,0.1452,0.922,0.000,0
39.10,Tarun,AUIT_Multi,BAC,0.640,1.610,0.517,26.7,352.7,0.687,1.610,1.359,1.602,1.610,1.241,World,CabinetD05Door,24.5,27.3,0.843,1.203,0,0,None,None,1,0,1,0,0.1985,0.2559,0.922,0.000,0
39.20,Tarun,AUIT_Multi,BAC,0.633,1.609,0.518,24.2,353.0,0.659,1.610,1.359,1.576,1.610,1.268,World,CabinetD05Door,23.4,28.2,0.841,1.204,0,0,None,None,1,0,1,0,0.2955,0.3826,0.922,0.000,0
39.31,Tarun,AUIT_Multi,BAC,0.616,1.608,0.523,15.1,354.2,0.584,1.609,1.361,1.493,1.609,1.324,World,Quad,18.1,33.0,0.839,1.189,0,0,None,None,1,0,1,0,0.6708,0.9045,0.910,0.000,0
39.41,Tarun,AUIT_Multi,BAC,0.596,1.605,0.526,1.3,356.4,0.465,1.608,1.251,1.223,1.608,1.285,World,Quad,12.0,38.4,0.737,0.985,0,0,None,None,1,0,0,0,1.6689,2.8132,0.758,0.000,0
39.51,Tarun,AUIT_Multi,BAC,0.578,1.601,0.519,344.9,359.2,0.320,1.604,1.101,1.007,1.604,1.476,World,Quad,8.8,39.3,0.636,1.049,0,0,None,None,1,0,0,0,2.1437,2.9658,0.783,0.000,0
39.60,Tarun,AUIT_Multi,BAC,0.571,1.599,0.504,327.5,0.9,0.077,1.601,1.055,0.791,1.604,1.322,World,Quad,9.4,47.6,0.740,0.847,0,0,None,None,1,0,0,0,2.5467,2.7296,0.762,0.000,0
39.70,Tarun,AUIT_Multi,BAC,0.578,1.596,0.485,310.6,2.2,-0.022,1.599,0.859,0.578,1.604,1.090,World,Quad,8.9,49.5,0.707,0.606,0,0,None,None,1,0,0,0,2.2598,3.2430,0.643,0.000,0
39.81,Tarun,AUIT_Multi,BAC,0.606,1.592,0.468,295.0,3.9,-0.070,1.595,0.623,0.226,1.599,1.110,World,Quad,12.8,34.6,0.693,0.746,0,0,None,None,1,0,0,0,2.1685,3.1744,0.569,0.000,0
39.91,Tarun,AUIT_Multi,BAC,0.638,1.589,0.461,284.0,4.7,-0.086,1.592,0.456,-0.130,1.592,1.293,World,Quad,15.2,33.6,0.724,1.132,0,0,None,None,1,0,0,0,1.7280,4.1110,0.838,0.000,0
40.01,Tarun,AUIT_Multi,BAC,0.668,1.583,0.458,275.0,5.8,-0.080,1.588,0.309,-0.201,1.588,1.128,World,Quad,17.3,33.2,0.762,1.098,0,0,None,None,1,0,0,0,1.5079,1.8410,0.828,0.000,0
40.10,Tarun,AUIT_Multi,BAC,0.693,1.583,0.456,267.7,6.8,-0.070,1.584,0.178,-0.093,1.588,0.899,World,Quad,19.0,32.4,0.811,0.902,0,0,None,None,1,0,1,0,1.3539,2.6148,0.721,0.000,0
40.20,Tarun,AUIT_Multi,BAC,0.717,1.580,0.452,262.3,8.2,-0.025,1.582,0.076,0.055,1.589,0.659,World,Refrigerator03,20.9,26.5,0.832,0.694,0,0,None,None,1,0,1,0,1.1478,2.8974,0.589,0.000,0
40.31,Tarun,AUIT_Multi,BAC,0.743,1.581,0.445,258.8,8.4,-0.013,1.581,0.049,-0.073,1.585,0.532,World,Quad,18.4,19.3,0.853,0.821,0,0,None,None,1,1,1,1,0.2623,1.6270,0.486,0.000,1
40.41,Tarun,AUIT_Multi,BAC,0.759,1.584,0.438,256.7,7.4,0.005,1.582,0.016,-0.272,1.583,0.560,World,Quad,17.5,21.3,0.864,1.038,0,0,None,None,1,1,1,1,0.3922,2.0681,0.610,0.000,1
40.51,Tarun,AUIT_Multi,BAC,0.769,1.585,0.429,255.7,7.0,0.020,1.584,-0.053,-0.300,1.584,0.563,World,Refrigerator03,19.7,22.5,0.891,1.078,0,0,None,None,1,1,1,1,0.7299,0.2877,0.695,0.000,1
40.60,Tarun,AUIT_Multi,BAC,0.776,1.585,0.419,255.3,6.8,0.040,1.582,-0.057,-0.192,1.583,0.527,World,Quad,19.3,22.1,0.876,0.974,0,0,None,None,1,1,1,1,0.2052,1.1736,0.628,0.000,1
40.70,Tarun,AUIT_Multi,BAC,0.780,1.587,0.409,255.1,6.1,0.069,1.579,-0.017,-0.012,1.580,0.464,World,Quad,16.9,19.7,0.829,0.794,0,0,None,None,1,1,1,0,0.5096,1.9620,0.488,0.000,0
40.81,Tarun,AUIT_Multi,BAC,0.780,1.592,0.399,255.3,3.9,0.101,1.576,0.035,-0.010,1.582,0.408,World,Quad,13.7,15.7,0.770,0.789,0,0,None,None,1,1,0,0,0.5499,0.5090,0.389,0.000,0
40.91,Tarun,AUIT_Multi,BAC,0.776,1.593,0.389,255.2,3.5,0.129,1.573,0.069,-0.260,1.590,0.411,World,Quad,11.7,16.3,0.721,1.035,0,0,None,None,1,1,0,1,0.4558,2.5676,0.518,0.000,0
41.01,Tarun,AUIT_Multi,BAC,0.768,1.594,0.379,254.7,2.8,0.157,1.570,0.101,-0.298,1.593,0.412,World,Quad,9.2,17.3,0.672,1.067,0,0,None,None,1,1,0,1,0.4344,0.3980,0.552,0.000,0
41.10,Tarun,AUIT_Multi,BAC,0.758,1.596,0.369,254.1,1.9,0.185,1.566,0.130,-0.302,1.594,0.412,World,Quad,6.7,18.3,0.622,1.062,0,0,None,None,1,1,0,1,0.4201,0.0469,0.564,0.000,0
41.20,Tarun,AUIT_Multi,BAC,0.747,1.596,0.360,253.4,1.7,0.212,1.563,0.159,-0.303,1.595,0.412,World,Quad,4.3,19.5,0.573,1.052,0,0,None,None,1,1,0,1,0.4067,0.0134,0.575,0.000,0
41.31,Tarun,AUIT_Multi,BAC,0.733,1.596,0.352,252.4,0.9,0.243,1.560,0.191,-0.304,1.596,0.412,World,Quad,3.2,20.9,0.517,1.038,0,0,None,None,1,1,0,1,0.4021,0.0060,0.591,0.000,0
41.41,Tarun,AUIT_Multi,BAC,0.720,1.595,0.344,251.0,0.9,0.272,1.556,0.218,-0.304,1.596,0.412,World,Quad,5.2,22.9,0.467,1.026,0,0,None,None,1,1,0,1,0.4093,0.0056,0.609,0.341,0
41.51,Tarun,AUIT_Multi,BAC,0.707,1.593,0.336,250.2,1.8,0.297,1.552,0.239,-0.305,1.595,0.413,World,Quad,7.5,24.2,0.423,1.014,0,0,None,None,1,1,0,1,0.3374,0.0169,0.627,0.354,0
41.60,Tarun,AUIT_Multi,BAC,0.697,1.592,0.329,249.8,1.9,0.063,1.575,-0.178,-0.305,1.593,0.419,World,Quad,18.4,25.5,0.812,1.006,0,0,None,None,1,0,1,0,4.9223,0.0691,0.701,0.000,0
41.70,Tarun,AUIT_Multi,BAC,0.690,1.592,0.321,249.3,1.8,-0.009,1.590,-0.366,-0.305,1.592,0.409,World,Refrigerator03,23.9,25.8,0.980,0.999,0,0,None,None,1,0,1,0,2.0778,0.1027,0.830,0.000,0
41.81,Tarun,AUIT_Multi,BAC,0.682,1.592,0.311,248.7,1.4,-0.005,1.592,-0.392,-0.306,1.593,0.392,World,Refrigerator03,24.4,26.0,0.982,0.991,0,0,None,None,1,0,1,0,0.2347,0.1555,0.839,0.000,0
41.91,Tarun,AUIT_Multi,BAC,0.676,1.589,0.300,248.0,2.8,-0.002,1.591,-0.409,-0.306,1.591,0.372,World,Refrigerator03_Door02,24.4,26.4,0.981,0.985,0,0,None,None,1,0,1,0,0.1796,0.2102,0.837,0.000,0
42.01,Tarun,AUIT_Multi,BAC,0.671,1.585,0.289,247.4,4.7,0.000,1.588,-0.429,-0.306,1.588,0.348,World,Refrigerator03_Door02,24.8,26.5,0.984,0.979,0,0,None,None,1,0,1,0,0.2151,0.2433,0.835,0.000,0
42.10,Tarun,AUIT_Multi,BAC,0.666,1.583,0.281,246.8,5.6,0.002,1.585,-0.445,-0.306,1.585,0.328,World,Refrigerator03_Door02,25.0,26.6,0.984,0.973,0,0,None,None,1,0,1,0,0.1707,0.2092,0.833,0.000,0
42.20,Tarun,AUIT_Multi,BAC,0.661,1.582,0.275,246.4,5.9,0.005,1.583,-0.459,-0.306,1.583,0.310,World,Refrigerator03_Door02,25.3,26.3,0.985,0.968,0,0,None,None,0,0,0,0,0.1478,0.1825,0.830,0.000,0
42.31,Tarun,AUIT_Multi,BAC,0.656,1.582,0.270,246.8,5.6,0.007,1.582,-0.462,-0.307,1.582,0.301,World,Refrigerator03_Door02,25.8,25.6,0.978,0.963,0,0,None,None,0,0,0,0,0.0304,0.0870,0.825,0.000,0
42.41,Tarun,AUIT_Multi,BAC,0.651,1.583,0.266,247.3,5.2,0.005,1.583,-0.455,-0.307,1.583,0.301,World,Refrigerator03_Door02,25.9,25.3,0.968,0.958,0,0,None,None,0,0,0,0,0.0706,0.0050,0.818,0.000,0
42.51,Tarun,AUIT_Multi,BAC,0.646,1.583,0.261,247.7,4.7,0.002,1.583,-0.446,-0.307,1.583,0.304,World,Refrigerator03_Door02,25.7,25.4,0.957,0.954,0,0,None,None,0,0,0,0,0.0984,0.0343,0.812,0.000,0
42.60,Tarun,AUIT_Multi,BAC,0.641,1.583,0.255,247.7,4.2,-0.002,1.583,-0.445,-0.307,1.583,0.303,World,Refrigerator03_Door02,25.5,25.5,0.950,0.949,0,0,None,None,0,0,0,0,0.0458,0.0174,0.808,0.000,0
42.70,Tarun,AUIT_Multi,BAC,0.636,1.581,0.249,248.2,4.9,0.007,1.582,-0.413,-0.112,1.575,0.260,World,Refrigerator03_Door02,25.1,23.0,0.914,0.748,0,0,None,None,0,1,0,0,0.3422,2.0611,0.683,0.000,0
42.81,Tarun,AUIT_Multi,BAC,0.631,1.579,0.244,249.0,5.3,0.015,1.581,-0.377,0.101,1.567,0.212,World,Refrigerator03_Door02,24.8,18.0,0.874,0.530,0,0,None,None,1,1,1,0,0.3315,1.9654,0.596,0.000,0
42.91,Tarun,AUIT_Multi,BAC,0.627,1.577,0.239,249.3,5.7,0.023,1.579,-0.344,-0.112,1.572,0.250,World,Refrigerator03_Door02,24.0,22.2,0.839,0.739,0,0,None,None,1,1,1,0,0.3460,2.2239,0.610,0.000,0
43.01,Tarun,AUIT_Multi,BAC,0.624,1.576,0.233,248.8,5.6,0.032,1.578,-0.316,-0.283,1.576,0.271,World,Refrigerator03_Door02,22.3,24.3,0.807,0.907,0,0,None,None,1,1,1,1,0.3100,1.7742,0.666,0.000,1
43.10,Tarun,AUIT_Multi,BAC,0.621,1.576,0.226,247.6,5.4,0.041,1.577,-0.298,-0.306,1.576,0.272,World,Refrigerator03_Door02,20.4,25.8,0.782,0.928,0,0,None,None,1,0,0,0,0.2045,0.2340,0.667,0.000,0
43.20,Tarun,AUIT_Multi,BAC,0.618,1.576,0.218,246.9,5.2,0.048,1.576,-0.275,-0.308,1.576,0.263,World,Quad,18.5,26.4,0.753,0.926,0,0,None,None,1,0,0,0,0.2442,0.0970,0.646,0.000,0
43.31,Tarun,AUIT_Multi,BAC,0.612,1.576,0.209,246.5,4.7,0.055,1.575,-0.250,-0.308,1.576,0.244,World,Quad,16.6,26.1,0.721,0.920,0,0,None,None,1,0,0,0,0.2371,0.1710,0.613,0.000,0
43.41,Tarun,AUIT_Multi,BAC,0.606,1.577,0.203,246.3,4.2,0.062,1.575,-0.223,-0.308,1.576,0.232,World,Quad,14.9,25.8,0.690,0.914,0,0,None,None,1,0,0,0,0.2876,0.1237,0.587,0.000,0
43.51,Tarun,AUIT_Multi,BAC,0.598,1.578,0.198,246.1,3.4,0.057,1.574,-0.210,-0.308,1.577,0.223,World,Quad,13.5,25.7,0.677,0.906,0,0,None,None,1,0,0,0,0.1377,0.0965,0.567,0.000,0
43.60,Tarun,AUIT_Multi,BAC,0.587,1.579,0.193,246.2,2.1,0.065,1.573,-0.182,-0.309,1.579,0.215,World,Quad,12.0,25.2,0.643,0.896,0,0,None,None,1,0,0,0,0.3048,0.0852,0.545,0.000,0
43.70,Tarun,AUIT_Multi,BAC,0.576,1.577,0.186,247.4,2.1,-0.050,1.578,-0.483,-0.309,1.579,0.213,World,Refrigerator03_Door02,24.4,24.4,0.916,0.886,0,0,None,None,1,1,1,1,3.3133,0.0185,0.742,0.000,1
43.81,Tarun,AUIT_Multi,BAC,0.569,1.573,0.179,249.6,4.7,-0.025,1.576,-0.453,-0.310,1.576,0.228,World,Refrigerator03_Door02,26.8,24.1,0.867,0.880,0,0,None,None,0,1,0,1,0.3487,0.1414,0.739,0.000,0
43.91,Tarun,AUIT_Multi,BAC,0.569,1.574,0.177,252.1,4.7,-0.030,1.574,-0.419,-0.310,1.574,0.256,World,Refrigerator03_Door02,27.3,23.5,0.845,0.883,0,0,None,None,0,1,0,1,0.3565,0.2864,0.731,0.000,0
44.01,Tarun,AUIT_Multi,BAC,0.572,1.575,0.178,254.2,4.9,-0.035,1.574,-0.383,-0.310,1.574,0.288,World,Refrigerator03,27.3,23.5,0.826,0.889,0,0,None,None,0,1,0,1,0.3702,0.3277,0.726,0.000,0
44.10,Tarun,AUIT_Multi,BAC,0.574,1.577,0.182,257.8,4.8,-0.032,1.575,-0.335,-0.311,1.575,0.330,World,Refrigerator03,28.6,22.1,0.797,0.897,0,0,None,None,0,1,0,1,0.4966,0.4264,0.720,0.000,0
44.20,Tarun,AUIT_Multi,BAC,0.577,1.576,0.194,263.6,5.7,-0.029,1.576,-0.260,-0.311,1.576,0.401,World,Refrigerator03,31.0,20.3,0.758,0.912,0,0,None,None,0,1,0,1,0.7683,0.7336,0.719,0.000,0
44.31,Tarun,AUIT_Multi,BAC,0.583,1.574,0.216,271.9,7.6,-0.025,1.575,-0.144,-0.313,1.575,0.535,World,Refrigerator03,33.4,19.2,0.706,0.951,0,0,None,None,0,1,0,1,1.0536,1.2060,0.737,0.000,0
44.41,Tarun,AUIT_Multi,BAC,0.592,1.574,0.241,279.8,8.2,-0.038,1.574,-0.034,-0.260,1.574,0.665,World,Refrigerator03,34.4,18.5,0.687,0.951,0,0,None,None,0,1,0,1,1.1299,1.4469,0.734,0.000,0
44.51,Tarun,AUIT_Multi,BAC,0.605,1.574,0.270,288.6,8.0,-0.083,1.574,0.075,-0.224,1.574,0.840,World,Refrigerator03,35.2,17.8,0.714,1.006,0,0,None,None,0,1,0,1,1.2196,1.8346,0.777,0.000,0
44.60,Tarun,AUIT_Multi,BAC,0.622,1.572,0.300,299.3,8.5,-0.088,1.574,0.213,-0.201,1.574,1.091,World,Refrigerator03_Door01,37.2,16.8,0.715,1.141,0,0,None,None,0,1,0,1,1.4163,2.5933,0.885,0.000,0
44.70,Tarun,AUIT_Multi,BAC,0.643,1.574,0.330,310.3,9.1,-0.083,1.573,0.374,-0.026,1.573,1.088,World,Refrigerator03_Door01,37.8,12.2,0.727,1.011,0,0,None,None,0,1,0,1,1.6560,1.7945,0.716,0.000,0
44.81,Tarun,AUIT_Multi,BAC,0.670,1.576,0.361,321.8,9.2,-0.034,1.574,0.557,0.182,1.575,0.877,World,Wall4m,37.3,10.5,0.730,0.710,0,0,None,None,0,1,0,0,1.7054,2.6718,0.386,0.000,0
44.91,Tarun,AUIT_Multi,BAC,0.694,1.577,0.384,329.9,9.5,0.000,1.576,0.717,0.381,1.576,0.851,World,Wall4m,35.5,10.1,0.770,0.562,0,0,None,None,0,1,0,0,1.6816,2.0644,0.405,0.000,0
45.01,Tarun,AUIT_Multi,BAC,0.718,1.577,0.405,336.2,9.9,0.003,1.577,0.882,0.593,1.577,1.458,World,Wall4m,33.8,19.6,0.860,1.061,0,0,None,None,0,1,0,1,1.7061,6.6201,0.824,0.000,0
45.10,Tarun,AUIT_Multi,BAC,0.744,1.577,0.424,341.9,10.5,0.067,1.577,0.991,0.758,1.577,1.588,World,Wall4m,33.5,21.4,0.883,1.164,0,0,None,None,0,1,0,1,1.2952,2.1495,0.912,0.000,0
45.20,Tarun,AUIT_Multi,BAC,0.769,1.577,0.440,346.7,10.3,0.184,1.577,1.034,0.841,1.578,1.543,World,Wall4m,32.7,19.9,0.833,1.105,0,0,None,None,0,1,0,1,1.2799,0.9712,0.831,0.000,0
45.31,Tarun,AUIT_Multi,BAC,0.792,1.577,0.458,351.1,10.6,0.282,1.577,1.084,0.763,1.582,1.251,World,Wall4m,31.9,12.9,0.808,0.794,0,0,None,None,0,1,0,0,0.9939,2.7153,0.509,0.000,0
45.41,Tarun,AUIT_Multi,BAC,0.809,1.576,0.475,355.0,10.4,0.347,1.577,1.136,0.698,1.586,1.035,World,Wall4m,31.5,13.0,0.806,0.571,0,0,None,None,0,1,0,0,0.8497,2.3192,0.365,0.000,0
45.51,Tarun,AUIT_Multi,BAC,0.819,1.575,0.492,357.5,10.2,0.393,1.576,1.200,1.023,1.578,1.193,World,Wall4m,30.1,21.4,0.826,0.730,0,0,None,None,0,1,0,0,0.8208,3.7217,0.629,0.000,0
45.60,Tarun,AUIT_Multi,BAC,0.826,1.575,0.507,359.8,10.6,0.421,1.575,1.264,1.144,1.575,1.287,World,Wall4m,29.7,24.7,0.858,0.843,0,0,None,None,0,1,0,1,0.7092,1.5813,0.724,0.000,0
45.70,Tarun,AUIT_Multi,BAC,0.832,1.576,0.518,3.5,10.5,0.445,1.575,1.325,1.178,1.573,1.296,World,Wall4m,30.8,22.8,0.895,0.851,0,0,None,None,0,1,0,1,0.6583,0.3430,0.733,0.000,0
45.80,Tarun,AUIT_Multi,BAC,0.835,1.577,0.523,7.9,10.3,0.487,1.574,1.290,1.049,1.558,1.181,World,Wall4m,33.7,13.3,0.842,0.692,0,0,None,None,0,1,0,0,0.5582,1.7661,0.573,0.000,0
45.91,Tarun,AUIT_Multi,BAC,0.828,1.580,0.529,13.4,8.9,0.529,1.573,1.247,0.890,1.541,1.044,World,Wall4m,36.8,8.0,0.778,0.520,0,0,None,None,0,1,0,0,0.5434,1.8936,0.415,0.000,0
46.00,Tarun,AUIT_Multi,BAC,0.819,1.579,0.542,14.4,8.9,0.566,1.573,1.222,1.304,1.568,1.251,World,Wall4m,35.7,21.5,0.726,0.859,0,0,None,None,0,1,0,1,0.4946,5.2202,0.739,0.000,0
46.10,Tarun,AUIT_Multi,BAC,0.812,1.578,0.562,14.5,10.0,0.595,1.572,1.189,1.439,1.577,1.319,World,Wall4m,34.7,26.9,0.664,0.983,0,0,None,None,0,0,0,0,0.4496,1.5255,0.854,0.000,0
46.20,Tarun,AUIT_Multi,BAC,0.811,1.576,0.582,13.5,9.9,0.623,1.570,1.157,1.433,1.577,1.326,World,Wall4m,32.8,28.1,0.604,0.969,0,0,None,None,0,0,0,0,0.4326,0.0888,0.828,0.000,0
46.31,Tarun,AUIT_Multi,BAC,0.817,1.578,0.608,11.3,9.8,0.652,1.569,1.121,1.389,1.576,1.326,World,Wall4m,30.3,28.8,0.538,0.918,0,0,None,None,0,0,0,0,0.4186,0.3973,0.765,0.000,0
46.41,Tarun,AUIT_Multi,BAC,0.824,1.580,0.634,9.2,8.8,0.678,1.569,1.086,1.338,1.578,1.326,World,Wall4m,27.9,28.7,0.476,0.862,0,0,None,None,0,0,0,0,0.4358,0.5266,0.702,0.000,0
46.51,Tarun,AUIT_Multi,BAC,0.829,1.580,0.661,7.2,8.2,0.703,1.568,1.055,1.289,1.580,1.327,World,Wall4m,25.6,28.6,0.413,0.809,0,0,None,None,0,0,0,0,0.4217,0.4968,0.646,0.000,0
46.60,Tarun,AUIT_Multi,BAC,0.835,1.580,0.686,5.3,7.9,0.728,1.567,1.023,1.244,1.580,1.327,World,Wall4m,23.5,28.3,0.354,0.760,0,0,None,None,1,0,0,0,0.4103,0.4658,0.599,0.000,0
46.70,Tarun,AUIT_Multi,BAC,0.840,1.579,0.707,3.9,7.7,0.709,1.568,1.097,1.208,1.580,1.328,World,Wall4m,23.3,27.8,0.411,0.721,0,0,None,None,1,0,0,0,0.7815,0.3681,0.550,0.000,0
46.81,Tarun,AUIT_Multi,BAC,0.845,1.577,0.727,2.6,8.1,0.567,1.577,1.419,1.173,1.578,1.318,World,Wall4m,25.7,27.6,0.746,0.677,0,0,None,None,0,0,0,0,3.1648,0.3250,0.615,0.000,0
46.91,Tarun,AUIT_Multi,BAC,0.847,1.575,0.738,1.9,9.1,0.557,1.577,1.422,1.121,1.577,1.257,World,Wall4m,26.4,27.5,0.743,0.587,0,0,None,None,0,0,0,0,0.1044,0.8321,0.588,0.000,0
47.01,Tarun,AUIT_Multi,BAC,0.849,1.575,0.741,3.0,9.7,0.559,1.575,1.423,1.108,1.575,1.243,World,Wall4m,27.7,26.0,0.740,0.565,0,0,None,None,0,0,0,0,0.0281,0.1970,0.577,0.000,0
47.10,Tarun,AUIT_Multi,BAC,0.848,1.577,0.737,4.6,9.4,0.575,1.576,1.424,1.155,1.576,1.309,World,Wall4m,27.7,25.2,0.740,0.650,0,0,None,None,0,0,0,0,0.1651,0.8345,0.591,0.000,0
47.20,Tarun,AUIT_Multi,BAC,0.845,1.581,0.725,6.4,8.2,0.595,1.578,1.424,1.189,1.578,1.328,World,Wall4m,27.2,24.5,0.742,0.694,0,0,None,None,0,1,0,0,0.2022,0.4023,0.602,0.000,0
47.31,Tarun,AUIT_Multi,BAC,0.840,1.586,0.707,8.5,6.4,0.615,1.582,1.420,1.223,1.582,1.331,World,CabinetD05,26.6,23.8,0.748,0.732,0,0,None,None,0,1,0,0,0.1850,0.3106,0.615,0.000,0
47.41,Tarun,AUIT_Multi,BAC,0.835,1.591,0.685,10.4,4.6,0.632,1.587,1.413,1.258,1.587,1.331,World,CabinetD05,26.3,23.2,0.755,0.771,0,0,None,None,0,1,0,0,0.1991,0.3598,0.631,0.000,0
47.51,Tarun,AUIT_Multi,BAC,0.830,1.595,0.661,12.6,2.4,0.651,1.591,1.405,1.302,1.591,1.331,World,CabinetD05Door,26.2,22.6,0.765,0.819,0,0,None,None,0,1,0,1,0.2154,0.4532,0.655,0.000,0
47.60,Tarun,AUIT_Multi,BAC,0.823,1.600,0.637,14.3,0.8,0.669,1.596,1.397,1.351,1.596,1.331,World,CabinetD05Door,25.8,22.9,0.776,0.872,0,0,None,None,0,1,0,1,0.2092,0.5092,0.685,0.000,0
47.70,Tarun,AUIT_Multi,BAC,0.813,1.603,0.615,14.5,359.2,0.678,1.600,1.391,1.388,1.600,1.330,World,CabinetD05Door,24.4,24.3,0.788,0.918,0,0,None,None,1,1,0,1,0.1164,0.3799,0.713,0.000,0
47.81,Tarun,AUIT_Multi,BAC,0.794,1.607,0.591,11.4,357.3,0.656,1.604,1.385,1.382,1.604,1.328,World,CabinetD05,21.4,27.4,0.806,0.943,0,0,None,None,1,0,1,0,0.2060,0.0679,0.728,0.000,0
47.91,Tarun,AUIT_Multi,BAC,0.775,1.610,0.569,5.9,355.6,0.585,1.607,1.381,1.315,1.607,1.325,World,CabinetD05,19.6,30.0,0.833,0.929,0,0,None,None,1,0,1,0,0.7310,0.6904,0.732,0.000,0
48.01,Tarun,AUIT_Multi,BAC,0.757,1.613,0.548,0.4,353.8,0.492,1.611,1.347,1.199,1.611,1.296,World,CabinetD05,19.8,30.8,0.842,0.870,0,0,None,None,1,0,1,0,1.0189,1.2221,0.709,0.000,0
48.10,Tarun,AUIT_Multi,BAC,0.743,1.615,0.528,357.0,352.6,0.440,1.613,1.234,1.084,1.613,1.240,World,CabinetD05,21.5,29.6,0.768,0.790,0,0,None,None,1,0,0,0,1.2819,1.3181,0.645,0.000,0
48.20,Tarun,AUIT_Multi,BAC,0.734,1.615,0.512,355.6,352.0,0.399,1.615,1.177,1.031,1.615,1.235,World,Wall4m,23.7,27.9,0.745,0.782,0,0,None,None,1,0,0,0,0.7188,0.5553,0.635,0.000,0
48.31,Tarun,AUIT_Multi,BAC,0.728,1.616,0.497,354.4,351.4,0.370,1.616,1.147,1.008,1.616,1.250,World,Wall4m,24.7,27.3,0.742,0.803,0,0,None,None,1,0,0,0,0.3724,0.2407,0.646,0.000,0
48.41,Tarun,AUIT_Multi,BAC,0.727,1.617,0.486,353.1,350.7,0.352,1.617,1.127,1.001,1.617,1.281,World,CabinetD06,25.1,27.5,0.743,0.841,0,0,None,None,0,0,0,0,0.2753,0.3225,0.667,0.000,0
48.51,Tarun,AUIT_Multi,BAC,0.731,1.618,0.477,352.3,350.1,0.337,1.617,1.112,1.000,1.617,1.321,World,CabinetD06,26.0,27.1,0.748,0.886,0,0,None,None,0,0,0,0,0.2223,0.4137,0.695,0.000,0
48.60,Tarun,AUIT_Multi,BAC,0.740,1.619,0.471,352.4,349.3,0.330,1.618,1.107,0.999,1.618,1.328,World,CabinetD06,27.2,26.6,0.757,0.896,0,0,None,None,0,0,0,0,0.0862,0.0770,0.705,0.000,0
48.70,Tarun,AUIT_Multi,BAC,0.750,1.620,0.468,353.2,348.7,0.335,1.619,1.111,1.000,1.619,1.288,World,Wall4m,28.2,26.2,0.765,0.857,0,0,None,None,0,0,0,0,0.0652,0.4145,0.688,0.000,0
48.81,Tarun,AUIT_Multi,BAC,0.763,1.622,0.468,354.6,348.3,0.350,1.621,1.125,1.013,1.621,1.246,World,Wall4m,29.0,25.9,0.776,0.816,0,0,None,None,0,0,0,0,0.1882,0.3969,0.673,0.000,0
48.91,Tarun,AUIT_Multi,BAC,0.773,1.622,0.470,355.9,348.3,0.369,1.622,1.146,1.036,1.622,1.229,World,CabinetD05,29.1,25.9,0.787,0.803,0,0,None,None,0,0,0,0,0.2815,0.2967,0.673,0.000,0
49.01,Tarun,AUIT_Multi,BAC,0.783,1.620,0.472,356.9,349.2,0.387,1.621,1.167,1.063,1.621,1.226,World,CabinetD05,28.5,25.7,0.800,0.804,0,0,None,None,0,0,0,0,0.2921,0.2793,0.679,0.000,0
49.10,Tarun,AUIT_Multi,BAC,0.791,1.621,0.473,358.1,349.1,0.403,1.621,1.191,1.089,1.621,1.226,World,CabinetD05,28.6,25.8,0.816,0.810,0,0,None,None,0,0,0,0,0.2897,0.2709,0.688,0.000,0
49.20,Tarun,AUIT_Multi,BAC,0.798,1.621,0.475,359.4,349.1,0.417,1.621,1.217,1.130,1.621,1.259,World,CabinetD05,28.5,25.8,0.834,0.852,0,0,None,None,0,0,0,0,0.3120,0.5406,0.714,0.000,0
49.31,Tarun,AUIT_Multi,BAC,0.804,1.621,0.477,0.9,349.4,0.432,1.621,1.255,1.185,1.621,1.312,World,CabinetD05,28.4,25.8,0.862,0.918,0,0,None,None,0,0,0,0,0.3640,0.6835,0.755,0.000,0
49.41,Tarun,AUIT_Multi,BAC,0.806,1.621,0.478,1.7,349.1,0.443,1.621,1.286,1.213,1.621,1.318,World,CabinetD05,27.9,26.4,0.885,0.934,0,0,None,None,0,0,0,0,0.3358,0.2975,0.771,0.000,0
49.51,Tarun,AUIT_Multi,BAC,0.805,1.621,0.478,2.0,349.1,0.452,1.621,1.296,1.227,1.621,1.319,World,CabinetD05,27.5,26.8,0.891,0.940,0,0,None,None,0,0,0,0,0.1375,0.1398,0.775,0.000,0
49.60,Tarun,AUIT_Multi,BAC,0.804,1.620,0.478,2.4,349.3,0.456,1.621,1.304,1.234,1.621,1.319,World,CabinetD05,27.3,26.8,0.896,0.944,0,0,None,None,0,0,0,0,0.0884,0.0747,0.779,0.000,0
49.70,Tarun,AUIT_Multi,BAC,0.803,1.619,0.478,2.8,349.6,0.458,1.620,1.310,1.240,1.620,1.319,World,CabinetD05,27.2,26.6,0.901,0.947,0,0,None,None,0,0,0,0,0.0686,0.0586,0.782,0.000,0
49.81,Tarun,AUIT_Multi,BAC,0.804,1.617,0.478,3.6,350.6,0.461,1.619,1.326,1.251,1.619,1.319,World,CabinetD05,27.1,26.0,0.915,0.953,0,0,None,None,0,0,0,0,0.1521,0.1036,0.790,0.000,0
49.91,Tarun,AUIT_Multi,BAC,0.805,1.618,0.477,4.3,350.8,0.466,1.617,1.345,1.264,1.617,1.319,World,CabinetD05,27.2,25.9,0.931,0.959,0,0,None,None,0,0,0,0,0.1951,0.1350,0.799,0.000,0
50.01,Tarun,AUIT_Multi,BAC,0.805,1.620,0.475,4.5,349.2,0.474,1.618,1.352,1.277,1.618,1.319,World,CabinetD05,27.3,26.9,0.937,0.967,0,0,None,None,0,0,0,0,0.1110,0.1333,0.804,0.000,0
50.10,Tarun,AUIT_Multi,BAC,0.806,1.620,0.475,5.1,349.3,0.479,1.620,1.351,1.285,1.620,1.319,World,CabinetD05,27.5,26.6,0.935,0.971,0,0,None,None,0,0,0,0,0.0602,0.0787,0.806,0.000,0
50.20,Tarun,AUIT_Multi,BAC,0.806,1.620,0.476,5.5,349.1,0.489,1.620,1.351,1.296,1.620,1.320,World,CabinetD05,27.5,26.8,0.931,0.976,0,0,None,None,0,0,0,0,0.1027,0.1175,0.807,0.000,0
50.31,Tarun,AUIT_Multi,BAC,0.807,1.619,0.476,5.7,349.4,0.496,1.619,1.351,1.304,1.619,1.320,World,CabinetD05,27.3,26.8,0.929,0.979,0,0,None,None,0,0,0,0,0.0630,0.0673,0.808,0.000,0
50.41,Tarun,AUIT_Multi,BAC,0.809,1.620,0.475,6.5,349.2,0.505,1.619,1.351,1.313,1.619,1.320,World,CabinetD05,27.7,26.5,0.928,0.984,0,0,None,None,0,0,0,0,0.0835,0.0967,0.809,0.000,0
50.51,Tarun,AUIT_Multi,BAC,0.811,1.620,0.473,7.0,348.9,0.517,1.620,1.350,1.329,1.620,1.320,World,CabinetD05,27.7,26.7,0.925,0.993,0,0,None,None,0,0,0,0,0.1295,0.1600,0.812,0.000,0
50.60,Tarun,AUIT_Multi,BAC,0.812,1.620,0.471,7.4,349.0,0.527,1.620,1.350,1.342,1.620,1.320,World,CabinetD05,27.5,26.8,0.924,1.001,0,0,None,None,0,0,0,0,0.1005,0.1326,0.815,0.000,0
50.70,Tarun,AUIT_Multi,BAC,0.811,1.620,0.469,7.1,349.0,0.531,1.620,1.349,1.348,1.620,1.320,World,CabinetD05,27.0,27.3,0.923,1.006,0,0,None,None,0,0,0,0,0.0456,0.0678,0.817,0.000,0
50.81,Tarun,AUIT_Multi,BAC,0.809,1.621,0.467,6.7,348.2,0.524,1.620,1.349,1.341,1.620,1.320,World,CabinetD05,27.2,27.8,0.927,1.005,0,0,None,None,0,0,0,0,0.0659,0.0613,0.818,0.000,0
50.91,Tarun,AUIT_Multi,BAC,0.810,1.623,0.466,7.9,347.1,0.523,1.621,1.348,1.342,1.621,1.320,World,CabinetD05,28.8,27.1,0.928,1.006,0,0,None,None,0,0,0,0,0.0176,0.0178,0.820,0.000,0
51.01,Tarun,AUIT_Multi,BAC,0.813,1.622,0.464,9.7,347.1,0.544,1.622,1.348,1.370,1.622,1.321,World,CabinetD05,29.4,26.5,0.923,1.021,0,0,None,None,0,0,0,0,0.2134,0.2827,0.826,0.000,0
51.10,Tarun,AUIT_Multi,BAC,0.816,1.621,0.463,10.7,347.6,0.572,1.622,1.348,1.408,1.622,1.321,World,CabinetD05,28.7,26.7,0.918,1.042,0,0,None,None,0,0,0,0,0.2932,0.3926,0.836,0.000,0
51.20,Tarun,AUIT_Multi,BAC,0.817,1.621,0.462,11.1,347.9,0.589,1.621,1.349,1.431,1.621,1.321,World,Wall4m,28.1,27.0,0.916,1.056,0,0,None,None,0,0,0,0,0.1678,0.2340,0.842,0.000,0
51.31,Tarun,AUIT_Multi,BAC,0.818,1.620,0.459,12.1,348.2,0.602,1.620,1.349,1.451,1.620,1.321,World,CabinetD05Door,28.2,26.7,0.916,1.069,0,0,None,None,0,0,0,0,0.1210,0.1839,0.849,0.000,0
51.41,Tarun,AUIT_Multi,BAC,0.818,1.620,0.458,12.7,348.1,0.616,1.620,1.348,1.472,1.620,1.321,World,CabinetD05Door,28.0,27.0,0.912,1.083,0,0,None,None,0,0,0,0,0.1443,0.2184,0.857,0.000,0
51.51,Tarun,AUIT_Multi,BAC,0.817,1.619,0.457,12.8,348.3,0.623,1.619,1.346,1.484,1.619,1.321,World,CabinetD05Door,27.5,27.3,0.911,1.092,0,0,None,None,0,0,0,0,0.0755,0.1219,0.861,0.000,0
51.60,Tarun,AUIT_Multi,BAC,0.815,1.618,0.455,12.6,348.5,0.623,1.619,1.346,1.485,1.619,1.321,World,CabinetD05Door,27.1,27.5,0.912,1.095,0,0,None,None,0,0,0,0,0.0053,0.0144,0.863,0.000,0
51.70,Tarun,AUIT_Multi,BAC,0.812,1.617,0.453,12.1,348.9,0.617,1.618,1.347,1.479,1.618,1.321,World,CabinetD05Door,26.7,27.6,0.915,1.094,0,0,None,None,0,0,0,0,0.0662,0.0689,0.862,0.000,0
51.81,Tarun,AUIT_Multi,BAC,0.808,1.616,0.451,11.3,349.1,0.604,1.617,1.347,1.464,1.617,1.320,World,CabinetD05,26.3,27.8,0.919,1.089,0,0,None,None,0,0,0,0,0.1123,0.1319,0.860,0.000,0
51.91,Tarun,AUIT_Multi,BAC,0.800,1.616,0.448,8.7,349.3,0.581,1.616,1.344,1.434,1.616,1.320,World,CabinetD05,24.8,29.2,0.923,1.078,0,0,None,None,1,0,1,0,0.2439,0.3076,0.854,0.000,0
52.01,Tarun,AUIT_Multi,BAC,0.789,1.616,0.444,4.8,348.9,0.527,1.616,1.342,1.368,1.616,1.318,World,CabinetD05,23.7,30.6,0.935,1.048,0,0,None,None,1,0,1,0,0.5534,0.6857,0.841,0.000,0
52.10,Tarun,AUIT_Multi,BAC,0.776,1.615,0.441,1.3,349.0,0.482,1.616,1.262,1.280,1.616,1.317,World,CabinetD05,23.6,30.5,0.872,1.010,0,0,None,None,1,0,1,0,0.9430,0.8997,0.801,0.000,0
52.20,Tarun,AUIT_Multi,BAC,0.764,1.614,0.439,359.0,349.3,0.443,1.615,1.195,1.200,1.615,1.304,World,CabinetD05,24.3,29.6,0.822,0.969,0,0,None,None,1,0,1,0,0.7944,0.8318,0.765,0.000,0
52.31,Tarun,AUIT_Multi,BAC,0.753,1.613,0.437,357.2,349.4,0.407,1.614,1.155,1.113,1.614,1.237,World,CabinetD05,25.0,28.9,0.797,0.877,0,0,None,None,0,0,0,0,0.4821,0.9956,0.710,0.000,0
52.41,Tarun,AUIT_Multi,BAC,0.745,1.613,0.437,356.1,349.5,0.384,1.613,1.133,1.073,1.613,1.225,World,CabinetD05,25.6,28.4,0.784,0.853,0,0,None,None,0,0,0,0,0.3310,0.4269,0.695,0.000,0
52.51,Tarun,AUIT_Multi,BAC,0.738,1.614,0.443,355.6,350.2,0.367,1.613,1.121,1.047,1.613,1.224,World,Wall4m,26.1,27.7,0.773,0.840,0,0,None,None,0,0,0,0,0.2107,0.2620,0.688,0.000,0
52.60,Tarun,AUIT_Multi,BAC,0.735,1.614,0.453,355.5,350.7,0.359,1.614,1.119,1.033,1.614,1.226,World,Wall4m,26.5,27.1,0.765,0.829,0,0,None,None,0,0,0,0,0.0858,0.1470,0.682,0.000,0
52.70,Tarun,AUIT_Multi,BAC,0.733,1.614,0.465,354.4,350.9,0.355,1.614,1.121,1.023,1.614,1.232,World,Wall4m,25.9,27.7,0.756,0.820,0,0,None,None,0,0,0,0,0.0420,0.1202,0.677,0.000,0
52.81,Tarun,AUIT_Multi,BAC,0.736,1.615,0.480,351.6,351.0,0.343,1.614,1.113,1.006,1.614,1.273,World,CabinetD06,25.1,28.6,0.745,0.838,0,0,None,None,0,0,0,0,0.1360,0.4021,0.683,0.000,0
52.91,Tarun,AUIT_Multi,BAC,0.741,1.620,0.494,349.2,349.6,0.323,1.616,1.102,1.003,1.616,1.396,World,CabinetD06,25.8,28.9,0.738,0.940,0,0,None,None,0,0,0,0,0.2289,1.2656,0.741,0.000,0
53.01,Tarun,AUIT_Multi,BAC,0.746,1.624,0.508,347.4,348.3,0.305,1.620,1.097,1.005,1.620,1.555,World,CabinetD06,27.0,28.8,0.735,1.079,0,0,None,None,0,0,0,0,0.1941,1.6410,0.836,0.000,0
53.10,Tarun,AUIT_Multi,BAC,0.750,1.626,0.523,346.5,348.0,0.295,1.624,1.097,1.000,1.624,1.663,World,CabinetD06,27.5,28.4,0.733,1.168,0,0,None,None,0,0,0,0,0.1142,1.1109,0.904,0.000,0
53.20,Tarun,AUIT_Multi,BAC,0.751,1.625,0.536,346.4,348.8,0.293,1.625,1.102,0.985,1.625,1.664,World,CabinetD06,27.6,27.5,0.728,1.153,0,0,None,None,0,0,0,0,0.0538,0.1553,0.892,0.000,0
53.31,Tarun,AUIT_Multi,BAC,0.751,1.623,0.547,346.8,349.8,0.297,1.625,1.109,0.974,1.625,1.633,World,CabinetD06,27.6,26.7,0.722,1.108,0,0,None,None,0,0,0,0,0.0731,0.3015,0.856,0.000,0
53.41,Tarun,AUIT_Multi,BAC,0.754,1.623,0.556,348.4,350.2,0.307,1.623,1.120,0.983,1.623,1.628,World,CabinetD06,28.4,25.5,0.719,1.096,0,0,None,None,0,0,0,0,0.1547,0.1154,0.846,0.000,0
53.51,Tarun,AUIT_Multi,BAC,0.756,1.623,0.563,350.0,350.5,0.326,1.623,1.139,0.994,1.623,1.549,World,CabinetD06,28.3,25.3,0.719,1.015,0,0,None,None,0,0,0,0,0.2742,0.8062,0.785,0.000,0
53.60,Tarun,AUIT_Multi,BAC,0.757,1.623,0.567,350.6,350.4,0.342,1.623,1.154,0.998,1.623,1.468,World,CabinetD06,27.5,26.1,0.719,0.933,0,0,None,None,0,0,0,0,0.2311,0.8387,0.727,0.000,0
53.70,Tarun,AUIT_Multi,BAC,0.757,1.623,0.569,349.9,349.7,0.349,1.623,1.158,1.000,1.623,1.454,World,CabinetD06,26.7,27.3,0.716,0.918,0,0,None,None,0,0,0,0,0.0758,0.1481,0.716,0.000,0
53.81,Tarun,AUIT_Multi,BAC,0.756,1.623,0.569,349.6,349.4,0.346,1.623,1.153,1.001,1.623,1.489,World,CabinetD06,26.7,27.3,0.714,0.952,0,0,None,None,0,0,0,0,0.0471,0.3160,0.736,0.000,0
53.91,Tarun,AUIT_Multi,BAC,0.755,1.621,0.564,350.6,350.2,0.345,1.622,1.153,1.000,1.622,1.487,World,CabinetD06,27.1,26.0,0.718,0.955,0,0,None,None,0,0,0,0,0.0150,0.0280,0.736,0.000,0
54.01,Tarun,AUIT_Multi,BAC,0.749,1.621,0.558,351.6,349.3,0.350,1.622,1.157,0.999,1.622,1.433,World,CabinetD06,27.3,26.5,0.720,0.910,0,0,None,None,0,0,0,0,0.0690,0.5557,0.706,0.000,0
54.10,Tarun,AUIT_Multi,BAC,0.737,1.616,0.558,350.8,350.5,0.350,1.619,1.154,1.000,1.619,1.425,World,CabinetD06,25.4,27.6,0.711,0.905,0,0,None,None,0,0,0,0,0.0442,0.0874,0.704,0.000,0
54.20,Tarun,AUIT_Multi,BAC,0.728,1.615,0.565,350.1,352.1,0.339,1.616,1.142,1.000,1.616,1.501,World,CabinetD06,25.2,27.3,0.695,0.975,0,0,None,None,0,0,0,0,0.1697,0.7832,0.752,0.000,0
54.31,Tarun,AUIT_Multi,BAC,0.723,1.614,0.580,349.7,351.7,0.329,1.615,1.139,0.999,1.615,1.576,World,CabinetD06,26.1,26.9,0.684,1.033,0,0,None,None,0,0,0,0,0.0933,0.6743,0.799,0.000,0
54.41,Tarun,AUIT_Multi,BAC,0.723,1.612,0.598,348.2,352.0,0.324,1.614,1.140,0.990,1.614,1.618,World,CabinetD06,25.7,27.5,0.673,1.055,0,0,None,None,0,0,0,0,0.0583,0.4506,0.819,0.000,0
54.51,Tarun,AUIT_Multi,BAC,0.728,1.615,0.620,347.5,351.0,0.318,1.613,1.143,0.965,1.613,1.629,World,CabinetD06,27.0,27.2,0.664,1.037,0,0,None,None,0,0,0,0,0.0642,0.2761,0.809,0.000,0
54.60,Tarun,AUIT_Multi,BAC,0.733,1.617,0.643,347.8,350.6,0.322,1.615,1.156,0.956,1.615,1.631,World,CabinetD06,28.1,26.5,0.658,1.013,0,0,None,None,0,0,0,0,0.1449,0.1012,0.792,0.000,0
54.70,Tarun,AUIT_Multi,BAC,0.737,1.620,0.666,348.3,350.8,0.332,1.617,1.177,0.960,1.617,1.633,World,CabinetD06,28.2,26.3,0.653,0.992,0,0,None,None,0,0,0,0,0.2413,0.0549,0.776,0.000,0
54.81,Tarun,AUIT_Multi,BAC,0.740,1.624,0.692,347.7,350.2,0.342,1.621,1.200,0.963,1.621,1.633,World,CabinetD06,27.6,27.4,0.644,0.967,0,0,None,None,0,0,0,0,0.2250,0.0414,0.757,0.000,0
54.91,Tarun,AUIT_Multi,BAC,0.742,1.628,0.718,346.8,350.2,0.345,1.624,1.210,0.949,1.624,1.634,World,CabinetD06,27.5,27.6,0.633,0.939,0,0,None,None,0,0,0,0,0.1189,0.1533,0.738,0.000,0
55.01,Tarun,AUIT_Multi,BAC,0.746,1.631,0.745,346.1,350.0,0.346,1.628,1.224,0.933,1.628,1.635,World,CabinetD06,27.8,27.6,0.624,0.910,0,0,None,None,0,0,0,0,0.1487,0.1653,0.717,0.000,0
55.10,Tarun,AUIT_Multi,BAC,0.748,1.631,0.773,345.4,350.5,0.346,1.630,1.241,0.919,1.630,1.636,World,CabinetD06,27.6,27.3,0.617,0.880,0,0,None,None,0,0,0,0,0.1765,0.1510,0.695,0.000,0
55.20,Tarun,AUIT_Multi,BAC,0.750,1.629,0.797,345.3,351.7,0.347,1.631,1.261,0.907,1.631,1.637,World,CabinetD06,27.5,26.5,0.615,0.854,0,0,None,None,0,0,0,0,0.2036,0.1184,0.675,0.000,0
55.31,Tarun,AUIT_Multi,BAC,0.753,1.627,0.816,345.8,352.6,0.347,1.629,1.290,0.906,1.629,1.638,World,CabinetD06,27.3,25.7,0.624,0.836,0,0,None,None,0,0,0,0,0.2597,0.0223,0.658,0.000,0
55.41,Tarun,AUIT_Multi,BAC,0.753,1.628,0.827,346.0,352.4,0.350,1.628,1.311,0.910,1.628,1.638,World,CabinetD06,26.8,26.0,0.630,0.827,0,0,None,None,0,0,0,0,0.2136,0.0456,0.649,0.000,0
55.51,Tarun,AUIT_Multi,BAC,0.751,1.628,0.834,345.8,352.1,0.353,1.628,1.320,0.864,1.637,1.587,World,CabinetD06,26.4,23.7,0.629,0.761,0,0,None,None,0,1,0,0,0.1034,0.7150,0.577,0.000,0
55.60,Tarun,AUIT_Multi,BAC,0.749,1.628,0.842,345.5,352.1,0.353,1.628,1.322,0.801,1.650,1.519,World,CabinetD06,26.2,19.7,0.623,0.679,0,0,None,None,0,1,0,0,0.0221,0.9612,0.490,0.000,0
55.70,Tarun,AUIT_Multi,BAC,0.749,1.629,0.851,345.6,352.3,0.352,1.628,1.327,0.803,1.649,1.528,World,CabinetD06,26.5,19.9,0.620,0.679,0,0,None,None,0,1,0,0,0.0486,0.0972,0.495,0.000,0
55.81,Tarun,AUIT_Multi,BAC,0.747,1.630,0.862,345.2,352.5,0.350,1.629,1.336,0.883,1.632,1.628,World,CabinetD06,26.1,25.8,0.619,0.778,0,0,None,None,0,0,0,0,0.0874,1.1614,0.607,0.000,0
55.91,Tarun,AUIT_Multi,BAC,0.744,1.629,0.869,344.5,353.0,0.350,1.630,1.336,0.883,1.630,1.639,World,CabinetD06,25.6,26.6,0.611,0.782,0,0,None,None,0,0,0,0,0.0107,0.1124,0.613,0.000,0
56.01,Tarun,AUIT_Multi,BAC,0.743,1.627,0.874,344.7,354.0,0.362,1.629,1.333,0.846,1.637,1.598,World,CabinetD06,25.0,24.0,0.596,0.731,0,0,None,None,0,1,0,0,0.1263,0.5676,0.552,0.000,0
56.10,Tarun,AUIT_Multi,BAC,0.742,1.625,0.876,345.6,354.7,0.383,1.629,1.330,0.795,1.649,1.529,World,CabinetD06,24.5,19.2,0.579,0.655,0,0,None,None,1,1,0,0,0.2204,0.8968,0.458,0.000,0
56.20,Tarun,AUIT_Multi,BAC,0.744,1.623,0.873,347.5,355.5,0.404,1.629,1.327,0.747,1.660,1.460,World,CabinetD06,24.6,12.8,0.567,0.588,0,0,None,None,1,1,0,0,0.2205,0.8696,0.369,0.000,0
56.31,Tarun,AUIT_Multi,BAC,0.747,1.620,0.859,350.2,356.8,0.429,1.628,1.325,0.897,1.627,1.618,World,CabinetD06,24.5,21.2,0.564,0.773,0,0,None,None,1,1,0,0,0.2264,1.9791,0.552,0.000,0
56.41,Tarun,AUIT_Multi,BAC,0.748,1.618,0.836,352.1,357.4,0.451,1.628,1.325,0.944,1.620,1.638,World,Wall4m,23.3,21.8,0.572,0.826,0,0,None,None,1,1,0,1,0.2273,0.5266,0.584,0.000,0
56.51,Tarun,AUIT_Multi,BAC,0.750,1.614,0.803,354.9,358.0,0.479,1.627,1.318,0.970,1.617,1.640,World,CabinetD05,22.7,19.9,0.582,0.865,0,0,None,None,1,1,0,1,0.2923,0.2703,0.587,0.000,0
56.60,Tarun,AUIT_Multi,BAC,0.752,1.612,0.767,359.4,358.1,0.507,1.627,1.309,0.992,1.614,1.531,World,CabinetD05,23.7,18.1,0.594,0.801,0,0,None,None,1,1,0,1,0.3090,1.1424,0.533,0.000,0
56.70,Tarun,AUIT_Multi,BAC,0.752,1.605,0.732,3.5,359.7,0.536,1.626,1.299,0.997,1.611,1.344,World,CabinetD05,24.5,18.3,0.607,0.659,0,0,None,None,1,1,0,0,0.3101,1.9249,0.463,0.000,0
56.81,Tarun,AUIT_Multi,BAC,0.753,1.596,0.696,8.0,1.4,0.568,1.625,1.288,1.045,1.603,1.252,World,CabinetD05,25.7,19.7,0.621,0.628,0,0,None,None,0,1,0,0,0.3049,0.9349,0.479,0.000,0
56.91,Tarun,AUIT_Multi,BAC,0.754,1.591,0.671,10.6,2.0,0.595,1.623,1.280,1.156,1.595,1.307,World,CabinetD05,25.7,21.8,0.630,0.752,0,0,None,None,0,1,0,0,0.2944,1.2754,0.562,0.000,0
57.01,Tarun,AUIT_Multi,BAC,0.761,1.591,0.654,11.4,2.1,0.584,1.604,1.372,1.222,1.592,1.328,World,CabinetD05,25.5,23.1,0.739,0.816,0,0,None,None,0,1,0,1,0.9698,0.7125,0.640,0.000,0
57.10,Tarun,AUIT_Multi,BAC,0.772,1.590,0.644,12.6,2.2,0.585,1.593,1.401,1.263,1.591,1.330,World,CabinetD05,26.6,23.1,0.780,0.843,0,0,None,None,0,1,0,1,0.3230,0.4185,0.681,0.000,0
57.20,Tarun,AUIT_Multi,BAC,0.788,1.588,0.641,12.7,3.0,0.607,1.590,1.398,1.300,1.590,1.330,World,CabinetD05,26.2,24.2,0.778,0.859,0,0,None,None,0,1,0,1,0.2327,0.3858,0.696,0.000,0
57.31,Tarun,AUIT_Multi,BAC,0.809,1.587,0.648,11.4,4.3,0.625,1.588,1.396,1.318,1.588,1.329,World,CabinetD05,25.6,25.8,0.770,0.851,0,0,None,None,0,0,0,0,0.1594,0.1629,0.697,0.000,0
57.41,Tarun,AUIT_Multi,BAC,0.825,1.587,0.666,8.1,3.9,0.620,1.587,1.400,1.299,1.587,1.329,World,CabinetD05,24.0,27.7,0.762,0.815,0,0,None,None,1,0,0,0,0.0658,0.1999,0.682,0.000,0
57.51,Tarun,AUIT_Multi,BAC,0.839,1.584,0.691,4.4,4.4,0.595,1.586,1.405,1.247,1.586,1.328,World,CabinetD05,23.7,28.6,0.755,0.756,0,0,None,None,1,0,0,0,0.2659,0.5340,0.657,0.000,0
57.60,Tarun,AUIT_Multi,BAC,0.854,1.581,0.718,1.7,5.0,0.569,1.584,1.411,1.195,1.584,1.325,World,CabinetD05,24.6,28.0,0.750,0.696,0,0,None,None,1,0,0,0,0.2783,0.5378,0.632,0.000,0
57.70,Tarun,AUIT_Multi,BAC,0.867,1.579,0.744,359.6,5.1,0.553,1.581,1.419,1.127,1.581,1.260,World,CabinetD05,25.1,27.6,0.745,0.578,0,0,None,None,0,0,0,0,0.1881,0.9690,0.596,0.000,0
57.81,Tarun,AUIT_Multi,BAC,0.877,1.576,0.769,356.8,4.6,0.537,1.578,1.428,1.087,1.578,1.239,World,CabinetD05,24.5,27.7,0.741,0.514,0,0,None,None,1,0,0,0,0.1610,0.4082,0.581,0.000,0
57.91,Tarun,AUIT_Multi,BAC,0.883,1.574,0.786,354.5,4.1,0.518,1.576,1.435,1.063,1.576,1.237,World,CabinetD05,24.2,27.5,0.745,0.485,0,0,None,None,1,0,0,0,0.2089,0.2531,0.579,0.000,0
58.01,Tarun,AUIT_Multi,BAC,0.887,1.570,0.799,353.3,4.9,0.498,1.573,1.440,1.043,1.573,1.238,World,CabinetD05,25.1,26.8,0.750,0.466,0,0,None,None,0,0,0,0,0.2195,0.2050,0.581,0.000,0
58.10,Tarun,AUIT_Multi,BAC,0.893,1.566,0.802,354.1,6.8,0.494,1.569,1.443,1.036,1.569,1.240,World,CabinetD05,26.8,25.1,0.755,0.460,0,0,None,None,0,0,0,0,0.0711,0.0831,0.580,0.000,0
58.20,Tarun,AUIT_Multi,BAC,0.897,1.569,0.795,355.1,6.2,0.510,1.567,1.443,1.046,1.567,1.238,World,CabinetD05,26.5,24.2,0.755,0.467,0,0,None,None,0,1,0,0,0.1689,0.1004,0.574,0.000,0
58.31,Tarun,AUIT_Multi,BAC,0.899,1.573,0.776,357.0,5.3,0.530,1.570,1.440,1.065,1.570,1.237,World,CabinetD05,26.5,23.3,0.759,0.490,0,0,None,None,0,1,0,0,0.1859,0.1741,0.572,0.000,0
58.41,Tarun,AUIT_Multi,BAC,0.896,1.578,0.754,358.7,3.8,0.550,1.574,1.434,1.088,1.574,1.238,World,CabinetD05,25.9,23.1,0.763,0.521,0,0,None,None,0,1,0,0,0.2166,0.2440,0.573,0.000,0
58.51,Tarun,AUIT_Multi,BAC,0.891,1.585,0.727,0.6,2.0,0.564,1.579,1.427,1.132,1.579,1.282,World,CabinetD05,25.6,23.0,0.773,0.605,0,0,None,None,0,1,0,0,0.1719,0.6487,0.586,0.000,0
58.60,Tarun,AUIT_Multi,BAC,0.883,1.591,0.698,2.8,0.3,0.578,1.585,1.419,1.181,1.585,1.323,World,CabinetD05,25.7,22.7,0.783,0.692,0,0,None,None,0,1,0,0,0.1725,0.6522,0.611,0.000,0
58.70,Tarun,AUIT_Multi,BAC,0.872,1.596,0.671,4.6,359.1,0.591,1.591,1.412,1.217,1.591,1.327,World,CabinetD05,25.4,23.2,0.793,0.742,0,0,None,None,0,1,0,0,0.1667,0.3816,0.632,0.000,0
58.81,Tarun,AUIT_Multi,BAC,0.858,1.598,0.641,6.4,358.5,0.598,1.596,1.404,1.250,1.596,1.327,World,CabinetD05,25.2,23.4,0.806,0.790,0,0,None,None,0,1,0,0,0.1077,0.3016,0.657,0.000,0
58.91,Tarun,AUIT_Multi,BAC,0.847,1.599,0.616,8.8,357.8,0.606,1.598,1.398,1.283,1.598,1.327,World,CabinetD05,26.1,22.8,0.818,0.834,0,0,None,None,0,1,0,1,0.1080,0.3385,0.680,0.000,0
59.01,Tarun,AUIT_Multi,BAC,0.838,1.599,0.591,11.7,357.3,0.627,1.599,1.388,1.333,1.599,1.327,World,CabinetD05Door,26.6,22.4,0.825,0.887,0,0,None,None,0,1,0,1,0.2350,0.5094,0.708,0.000,0
59.10,Tarun,AUIT_Multi,BAC,0.831,1.600,0.569,14.5,356.2,0.656,1.599,1.379,1.397,1.599,1.328,World,CabinetD05Door,26.9,22.5,0.829,0.947,0,0,None,None,0,1,0,1,0.3124,0.6578,0.742,0.000,0
59.20,Tarun,AUIT_Multi,BAC,0.824,1.603,0.550,15.8,354.9,0.680,1.601,1.373,1.457,1.601,1.328,World,CabinetD05Door,26.1,24.0,0.835,1.003,0,0,None,None,0,1,0,1,0.2564,0.6181,0.778,0.000,0
59.31,Tarun,AUIT_Multi,BAC,0.818,1.603,0.535,16.7,353.9,0.691,1.603,1.367,1.498,1.603,1.327,World,CabinetD05Door,26.1,24.7,0.842,1.044,0,0,None,None,0,1,0,1,0.1105,0.3710,0.808,0.000,0
59.41,Tarun,AUIT_Multi,BAC,0.815,1.604,0.526,17.7,353.2,0.699,1.603,1.364,1.528,1.603,1.326,World,CabinetD05Door,26.4,24.9,0.846,1.072,0,0,None,None,0,1,0,1,0.0907,0.3042,0.829,0.000,0
59.51,Tarun,AUIT_Multi,BAC,0.812,1.605,0.521,17.9,352.5,0.706,1.604,1.361,1.551,1.604,1.326,World,CabinetD05Door,26.1,25.7,0.847,1.093,0,0,None,None,0,0,0,0,0.0751,0.2401,0.846,0.000,0
59.60,Tarun,AUIT_Multi,BAC,0.810,1.606,0.519,18.0,352.1,0.708,1.605,1.360,1.560,1.605,1.326,World,CabinetD05Door,26.1,26.1,0.847,1.101,0,0,None,None,0,0,0,0,0.0226,0.0944,0.853,0.000,0
59.70,Tarun,AUIT_Multi,BAC,0.810,1.605,0.521,18.1,352.7,0.709,1.605,1.360,1.564,1.605,1.326,World,CabinetD05Door,26.0,25.9,0.846,1.103,0,0,None,None,0,0,0,0,0.0098,0.0375,0.856,0.000,0
59.81,Tarun,AUIT_Multi,BAC,0.810,1.603,0.522,18.0,353.3,0.708,1.604,1.360,1.562,1.604,1.326,World,CabinetD05Door,25.8,25.9,0.845,1.100,0,0,None,None,0,0,0,0,0.0128,0.0213,0.855,0.000,0
59.91,Tarun,AUIT_Multi,BAC,0.812,1.603,0.521,17.8,353.3,0.707,1.603,1.361,1.560,1.603,1.326,World,CabinetD05Door,25.7,25.9,0.846,1.099,0,0,None,None,0,0,0,0,0.0102,0.0206,0.853,0.000,0
60.01,Tarun,AUIT_Multi,BAC,0.814,1.603,0.520,18.1,353.5,0.707,1.603,1.360,1.559,1.603,1.326,World,CabinetD05Door,26.1,25.5,0.847,1.097,0,0,None,None,0,0,0,0,0.0053,0.0121,0.852,0.000,0
60.10,Tarun,AUIT_Multi,BAC,0.818,1.603,0.518,19.0,353.2,0.715,1.603,1.360,1.573,1.603,1.326,World,CabinetD05Door,26.7,25.0,0.848,1.106,0,0,None,None,0,1,0,1,0.0861,0.1481,0.858,0.000,0
60.20,Tarun,AUIT_Multi,BAC,0.822,1.604,0.515,20.1,352.7,0.735,1.603,1.337,1.636,1.603,1.358,World,CabinetDCorner02,27.1,24.9,0.827,1.173,0,0,None,None,0,1,0,1,0.3120,0.7333,0.902,0.000,0
60.31,Tarun,AUIT_Multi,BAC,0.825,1.604,0.512,20.8,352.6,0.757,1.604,1.311,1.673,1.604,1.356,World,CabinetDCorner02,26.7,25.3,0.802,1.197,0,0,None,None,0,0,0,0,0.3047,0.3299,0.918,0.000,0
60.41,Tarun,AUIT_Multi,BAC,0.827,1.604,0.510,21.2,352.8,0.769,1.604,1.280,1.685,1.604,1.348,World,CabinetDCorner02,26.4,25.4,0.772,1.200,0,0,None,None,0,0,0,0,0.3411,0.1548,0.919,0.000,0
60.51,Tarun,AUIT_Multi,BAC,0.827,1.603,0.508,21.5,352.7,0.776,1.604,1.276,1.693,1.604,1.340,World,CabinetDCorner02,26.2,25.7,0.770,1.201,0,0,None,None,0,0,0,0,0.0888,0.1188,0.919,0.000,0
60.60,Tarun,AUIT_Multi,BAC,0.827,1.603,0.505,21.7,352.7,0.780,1.603,1.280,1.697,1.603,1.334,World,CabinetDCorner02,26.2,25.7,0.777,1.202,0,0,None,None,0,0,0,0,0.0573,0.0715,0.919,0.000,0
60.70,Tarun,AUIT_Multi,BAC,0.826,1.603,0.502,22.2,352.5,0.785,1.603,1.253,1.702,1.603,1.326,World,CabinetDCorner02,26.4,25.6,0.752,1.202,0,0,None,None,0,0,0,0,0.2857,0.0928,0.919,0.000,0
60.81,Tarun,AUIT_Multi,BAC,0.824,1.603,0.500,22.3,352.2,0.789,1.603,1.252,1.707,1.603,1.317,World,CabinetDCorner02,26.0,26.1,0.753,1.202,0,0,None,None,0,0,0,0,0.0377,0.0925,0.919,0.000,0
60.91,Tarun,AUIT_Multi,BAC,0.821,1.603,0.499,22.3,352.0,0.788,1.603,1.247,1.705,1.603,1.315,World,CabinetDCorner02,26.0,26.2,0.749,1.202,0,0,None,None,0,0,0,0,0.0516,0.0290,0.919,0.000,0
61.01,Tarun,AUIT_Multi,BAC,0.819,1.603,0.500,22.4,352.2,0.785,1.603,1.251,1.703,1.603,1.313,World,CabinetDCorner02,26.1,26.1,0.753,1.201,0,0,None,None,0,0,0,0,0.0474,0.0251,0.920,0.000,0
61.10,Tarun,AUIT_Multi,BAC,0.817,1.601,0.501,22.6,352.9,0.786,1.602,1.255,1.703,1.602,1.311,World,CabinetDCorner02,25.9,25.9,0.754,1.200,0,0,None,None,0,0,0,0,0.0394,0.0206,0.919,0.000,0
61.20,Tarun,AUIT_Multi,BAC,0.814,1.599,0.505,21.5,354.0,0.781,1.601,1.285,1.700,1.601,1.315,World,CabinetDCorner02,24.6,26.6,0.780,1.200,0,0,None,None,1,0,0,0,0.3090,0.0524,0.919,0.000,0
61.31,Tarun,AUIT_Multi,BAC,0.809,1.595,0.512,19.1,356.0,0.752,1.598,1.353,1.674,1.598,1.342,World,CabinetD05Door,23.3,27.4,0.843,1.199,0,0,None,None,1,0,1,0,0.6690,0.3373,0.923,0.000,0
61.41,Tarun,AUIT_Multi,BAC,0.806,1.589,0.522,16.7,359.0,0.716,1.594,1.359,1.597,1.594,1.336,World,CabinetD05Door,22.8,27.5,0.842,1.135,0,0,None,None,1,0,1,0,0.3707,0.7956,0.881,0.000,0
61.51,Tarun,AUIT_Multi,BAC,0.806,1.582,0.536,15.1,2.7,0.683,1.588,1.362,1.519,1.588,1.325,World,CabinetD05Door,23.8,27.1,0.835,1.064,0,0,None,None,1,0,1,0,0.3501,0.8122,0.837,0.000,0
61.60,Tarun,AUIT_Multi,BAC,0.808,1.580,0.550,13.9,4.4,0.661,1.583,1.366,1.469,1.583,1.324,World,CabinetD05Door,24.5,26.9,0.828,1.018,0,0,None,None,1,0,1,0,0.2313,0.5208,0.808,0.000,0
61.70,Tarun,AUIT_Multi,BAC,0.809,1.580,0.567,12.1,5.0,0.643,1.580,1.371,1.425,1.580,1.325,World,CabinetD05,24.2,27.5,0.821,0.977,0,0,None,None,1,0,1,0,0.1970,0.4465,0.784,0.000,0
61.81,Tarun,AUIT_Multi,BAC,0.813,1.579,0.591,9.5,6.5,0.614,1.580,1.379,1.365,1.580,1.325,World,CabinetD05,24.5,28.1,0.813,0.918,0,0,None,None,1,0,1,0,0.2716,0.5478,0.752,0.000,0
61.91,Tarun,AUIT_Multi,BAC,0.820,1.578,0.615,8.5,7.5,0.596,1.579,1.385,1.319,1.579,1.325,World,Wall4m,25.8,27.5,0.801,0.868,0,0,None,None,0,0,0,0,0.1918,0.4674,0.725,0.000,0
62.01,Tarun,AUIT_Multi,BAC,0.832,1.578,0.642,7.1,8.2,0.591,1.578,1.391,1.288,1.578,1.326,World,Wall4m,26.2,27.7,0.787,0.822,0,0,None,None,0,0,0,0,0.0875,0.3196,0.700,0.000,0
62.10,Tarun,AUIT_Multi,BAC,0.847,1.578,0.670,5.9,8.6,0.589,1.578,1.399,1.260,1.578,1.327,World,Wall4m,26.7,27.5,0.773,0.776,0,0,None,None,0,0,0,0,0.0782,0.2863,0.675,0.000,0
62.20,Tarun,AUIT_Multi,BAC,0.865,1.577,0.701,4.4,9.1,0.593,1.578,1.407,1.239,1.578,1.327,World,Wall4m,27.0,27.8,0.757,0.729,0,0,None,None,0,0,0,0,0.0983,0.2214,0.650,0.000,0
62.31,Tarun,AUIT_Multi,BAC,0.888,1.575,0.736,2.9,10.3,0.598,1.577,1.418,1.214,1.577,1.328,World,Wall4m,27.8,27.9,0.740,0.676,0,0,None,None,0,0,0,0,0.1068,0.2224,0.622,0.000,0
62.41,Tarun,AUIT_Multi,BAC,0.906,1.573,0.760,3.2,11.1,0.613,1.575,1.428,1.206,1.575,1.329,World,Wall4m,28.9,27.0,0.729,0.643,0,0,None,None,0,0,0,0,0.1844,0.0861,0.601,0.000,0
62.51,Tarun,AUIT_Multi,BAC,0.918,1.570,0.774,4.1,11.5,0.640,1.572,1.431,1.214,1.572,1.330,World,Wall4m,29.3,26.5,0.713,0.630,0,0,None,None,0,0,0,0,0.2788,0.0827,0.582,0.000,0
62.60,Tarun,AUIT_Multi,BAC,0.924,1.568,0.779,5.5,12.5,0.668,1.570,1.432,1.230,1.570,1.331,World,Wall4m,29.5,26.6,0.701,0.632,0,0,None,None,0,0,0,0,0.2916,0.1729,0.571,0.000,0
62.70,Tarun,AUIT_Multi,BAC,0.926,1.567,0.775,8.2,13.0,0.697,1.568,1.432,1.256,1.568,1.332,World,Wall4m,30.2,25.8,0.696,0.648,0,0,None,None,0,0,0,0,0.2913,0.2632,0.568,0.000,0
62.81,Tarun,AUIT_Multi,BAC,0.925,1.567,0.760,11.8,12.7,0.737,1.567,1.429,1.306,1.567,1.334,World,Wall4m,30.1,25.1,0.695,0.689,0,0,None,None,0,0,0,0,0.3636,0.4538,0.577,0.000,0
62.91,Tarun,AUIT_Multi,BAC,0.922,1.567,0.742,15.5,12.4,0.783,1.567,1.371,1.365,1.567,1.335,World,Wall4m,30.4,24.5,0.644,0.740,0,0,None,None,0,1,0,0,0.7653,0.6048,0.582,0.000,0
63.01,Tarun,AUIT_Multi,BAC,0.919,1.566,0.727,19.0,12.5,0.833,1.566,1.291,1.441,1.566,1.336,World,Wall4m,30.2,24.7,0.571,0.803,0,0,None,None,0,1,0,1,0.9651,0.7805,0.610,0.000,0
63.10,Tarun,AUIT_Multi,BAC,0.909,1.569,0.718,18.1,11.9,0.850,1.567,1.323,1.498,1.567,1.337,World,Wall4m,26.2,27.9,0.607,0.854,0,0,None,None,0,0,0,0,0.3704,0.5877,0.648,0.000,0
63.20,Tarun,AUIT_Multi,BAC,0.898,1.572,0.718,14.0,10.7,0.812,1.570,1.402,1.464,1.570,1.334,World,Wall4m,23.5,30.2,0.689,0.837,0,0,None,None,1,0,0,0,0.9048,0.3471,0.655,0.000,0
63.31,Tarun,AUIT_Multi,BAC,0.895,1.572,0.729,10.2,10.5,0.752,1.572,1.416,1.379,1.572,1.331,World,Wall4m,24.2,30.3,0.702,0.774,0,0,None,None,1,0,0,0,0.5573,0.7679,0.633,0.000,0
63.41,Tarun,AUIT_Multi,BAC,0.901,1.570,0.749,7.7,10.6,0.713,1.571,1.419,1.317,1.571,1.331,World,Wall4m,25.6,29.7,0.696,0.716,0,0,None,None,0,0,0,0,0.4076,0.6371,0.611,0.000,0
63.51,Tarun,AUIT_Multi,BAC,0.914,1.568,0.780,5.5,10.5,0.692,1.570,1.425,1.273,1.570,1.331,World,Wall4m,26.6,29.4,0.683,0.658,0,0,None,None,0,0,0,0,0.2239,0.4580,0.588,0.000,0
63.60,Tarun,AUIT_Multi,BAC,0.930,1.564,0.817,3.3,10.7,0.683,1.568,1.435,1.236,1.568,1.331,World,Wall4m,27.3,29.4,0.666,0.599,0,0,None,None,0,0,0,0,0.1367,0.3790,0.563,0.000,0
63.70,Tarun,AUIT_Multi,BAC,0.947,1.558,0.851,2.1,11.6,0.683,1.563,1.446,1.208,1.563,1.332,World,Wall4m,28.5,28.9,0.650,0.547,0,0,None,None,0,0,0,0,0.1179,0.2894,0.537,0.000,0
63.81,Tarun,AUIT_Multi,BAC,0.961,1.551,0.884,0.6,12.2,0.694,1.557,1.456,1.191,1.557,1.334,World,Wall4m,28.5,29.2,0.631,0.505,0,0,None,None,0,0,0,0,0.1491,0.1642,0.512,0.000,0
63.91,Tarun,AUIT_Multi,BAC,0.970,1.545,0.905,359.8,13.2,0.700,1.550,1.464,1.179,1.550,1.339,World,Wall4m,28.8,29.2,0.621,0.483,0,0,None,None,0,0,0,0,0.1169,0.1461,0.496,0.000,0
64.01,Tarun,AUIT_Multi,BAC,0.975,1.541,0.914,359.3,13.8,0.704,1.545,1.469,1.174,1.545,1.344,World,Wall4m,28.8,29.0,0.618,0.474,0,0,None,None,0,0,0,0,0.0924,0.0995,0.485,0.000,0
64.10,Tarun,AUIT_Multi,BAC,0.980,1.540,0.915,359.0,14.3,0.707,1.541,1.471,1.171,1.541,1.347,World,Wall4m,28.8,28.5,0.620,0.472,0,0,None,None,0,0,0,0,0.0500,0.0505,0.481,0.000,0
64.20,Tarun,AUIT_Multi,BAC,0.986,1.542,0.908,359.8,13.9,0.713,1.540,1.471,1.175,1.540,1.343,World,Wall4m,28.9,27.2,0.626,0.475,0,0,None,None,0,0,0,0,0.0618,0.0556,0.480,0.000,0
64.31,Tarun,AUIT_Multi,BAC,0.991,1.545,0.896,0.1,13.3,0.722,1.543,1.468,1.187,1.543,1.337,World,Wall4m,28.2,27.0,0.633,0.483,0,0,None,None,0,0,0,0,0.0878,0.1142,0.483,0.000,0
64.41,Tarun,AUIT_Multi,BAC,0.994,1.548,0.880,1.6,12.8,0.729,1.545,1.465,1.200,1.545,1.335,World,Wall4m,28.7,25.8,0.643,0.500,0,0,None,None,0,0,0,0,0.0849,0.1481,0.489,0.000,0
64.51,Tarun,AUIT_Multi,BAC,0.995,1.550,0.862,2.5,12.8,0.742,1.548,1.460,1.223,1.548,1.334,World,Wall4m,28.2,26.3,0.650,0.525,0,0,None,None,0,0,0,0,0.1485,0.2348,0.497,0.000,0
64.60,Tarun,AUIT_Multi,BAC,0.994,1.550,0.843,4.3,13.3,0.752,1.550,1.455,1.246,1.550,1.334,World,Wall4m,28.9,26.2,0.658,0.552,0,0,None,None,0,0,0,0,0.1211,0.2339,0.508,0.000,0
64.70,Tarun,AUIT_Multi,BAC,0.989,1.552,0.824,5.5,13.9,0.766,1.551,1.449,1.272,1.551,1.334,World,Wall4m,28.5,27.0,0.663,0.583,0,0,None,None,0,0,0,0,0.1495,0.2740,0.519,0.000,0
64.81,Tarun,AUIT_Multi,BAC,0.983,1.556,0.803,5.9,13.3,0.769,1.553,1.443,1.287,1.553,1.334,World,Wall4m,27.4,27.0,0.675,0.612,0,0,None,None,0,0,0,0,0.0686,0.1358,0.529,0.000,0
64.91,Tarun,AUIT_Multi,BAC,0.975,1.560,0.781,7.2,12.7,0.771,1.556,1.437,1.297,1.556,1.333,World,Wall4m,27.2,26.0,0.687,0.639,0,0,None,None,0,0,0,0,0.0688,0.1062,0.536,0.000,0
65.01,Tarun,AUIT_Multi,BAC,0.962,1.564,0.758,8.3,12.0,0.773,1.560,1.431,1.316,1.560,1.333,World,Wall4m,26.6,25.9,0.699,0.675,0,0,None,None,0,0,0,0,0.0795,0.2058,0.552,0.000,0
65.10,Tarun,AUIT_Multi,BAC,0.946,1.565,0.737,9.3,12.4,0.775,1.564,1.424,1.324,1.564,1.332,World,Wall4m,26.1,26.0,0.709,0.705,0,0,None,None,0,0,0,0,0.0771,0.0821,0.556,0.000,0
65.20,Tarun,AUIT_Multi,BAC,0.930,1.561,0.718,10.4,13.5,0.776,1.564,1.418,1.327,1.564,1.331,World,Wall4m,26.4,26.2,0.717,0.731,0,0,None,None,0,0,0,0,0.0633,0.0345,0.557,0.000,0
65.31,Tarun,AUIT_Multi,BAC,0.916,1.556,0.704,11.1,15.5,0.778,1.559,1.413,1.331,1.559,1.331,World,Wall4m,26.9,27.2,0.722,0.752,0,0,None,None,0,0,0,0,0.0687,0.0580,0.560,0.000,0
65.41,Tarun,AUIT_Multi,BAC,0.911,1.562,0.701,10.5,14.5,0.767,1.558,1.410,1.331,1.558,1.330,World,Wall4m,25.9,27.0,0.723,0.756,0,0,None,None,0,0,0,0,0.1081,0.0095,0.569,0.000,0
65.51,Tarun,AUIT_Multi,BAC,0.913,1.564,0.711,9.6,13.3,0.749,1.562,1.410,1.331,1.562,1.330,World,Wall4m,26.1,27.6,0.719,0.748,0,0,None,None,0,0,0,0,0.1959,0.0428,0.588,0.000,0
65.60,Tarun,AUIT_Multi,BAC,0.919,1.563,0.731,7.9,14.0,0.722,1.564,1.414,1.326,1.564,1.331,World,Wall4m,27.6,29.6,0.711,0.725,0,0,None,None,0,0,0,0,0.2747,0.0561,0.609,0.000,0
65.70,Tarun,AUIT_Multi,BAC,0.930,1.561,0.752,7.1,14.8,0.711,1.563,1.420,1.307,1.563,1.331,World,Wall4m,29.1,29.7,0.703,0.691,0,0,None,None,0,0,0,0,0.1350,0.1976,0.603,0.000,0
65.81,Tarun,AUIT_Multi,BAC,0.944,1.562,0.772,6.1,14.2,0.713,1.561,1.427,1.290,1.561,1.331,World,Wall4m,29.0,29.0,0.694,0.658,0,0,None,None,0,0,0,0,0.0637,0.1511,0.585,0.000,0
65.91,Tarun,AUIT_Multi,BAC,0.958,1.569,0.782,8.3,10.6,0.728,1.564,1.431,1.292,1.564,1.332,World,Wall4m,29.5,24.9,0.689,0.644,0,0,None,None,0,1,0,0,0.1629,0.0353,0.572,0.000,0
66.01,Tarun,AUIT_Multi,BAC,0.969,1.574,0.784,11.4,8.5,0.788,1.570,1.370,1.332,1.570,1.334,World,CabinetD05Door,29.6,23.4,0.613,0.659,0,0,None,None,0,1,0,0,0.8801,0.4129,0.545,0.000,0
66.10,Tarun,AUIT_Multi,BAC,0.969,1.576,0.783,12.3,7.4,0.827,1.574,1.361,1.374,1.574,1.336,World,CabinetD05Door,27.0,24.9,0.596,0.685,0,0,None,None,0,1,0,0,0.4079,0.4367,0.548,0.000,0
66.20,Tarun,AUIT_Multi,BAC,0.963,1.576,0.781,10.7,7.0,0.821,1.576,1.402,1.380,1.576,1.335,World,CabinetD05Door,24.4,27.2,0.637,0.694,0,0,None,None,1,0,0,0,0.4202,0.0692,0.563,0.000,0
66.31,Tarun,AUIT_Multi,BAC,0.955,1.573,0.780,9.7,8.2,0.791,1.575,1.432,1.354,1.575,1.334,World,CabinetD05Door,25.2,27.3,0.673,0.683,0,0,None,None,0,0,0,0,0.3861,0.2326,0.572,0.000,0
66.41,Tarun,AUIT_Multi,BAC,0.952,1.572,0.781,9.5,9.0,0.779,1.573,1.432,1.341,1.573,1.334,World,CabinetD05Door,25.9,27.1,0.674,0.676,0,0,None,None,0,0,0,0,0.1275,0.1407,0.570,0.000,0
66.51,Tarun,AUIT_Multi,BAC,0.952,1.572,0.783,8.9,8.6,0.770,1.572,1.432,1.330,1.572,1.334,World,CabinetD05Door,25.9,26.9,0.674,0.668,0,0,None,None,0,0,0,0,0.0918,0.1107,0.569,0.000,0
66.60,Tarun,AUIT_Multi,BAC,0.958,1.574,0.788,9.4,7.1,0.767,1.572,1.433,1.324,1.572,1.334,World,CabinetD05Door,26.7,25.3,0.673,0.658,0,0,None,None,0,0,0,0,0.0332,0.0621,0.566,0.000,0
66.70,Tarun,AUIT_Multi,BAC,0.967,1.576,0.796,10.0,5.9,0.790,1.575,1.405,1.336,1.575,1.334,World,CabinetD05Door,26.8,25.1,0.634,0.652,0,0,None,None,0,0,0,0,0.3649,0.1228,0.551,0.000,0
66.81,Tarun,AUIT_Multi,BAC,0.976,1.571,0.817,8.2,6.7,0.791,1.574,1.436,1.334,1.574,1.335,World,CabinetD05Door,25.7,27.4,0.646,0.630,0,0,None,None,0,0,0,0,0.2779,0.0175,0.552,0.000,0
66.91,Tarun,AUIT_Multi,BAC,0.982,1.564,0.842,6.3,7.8,0.785,1.570,1.444,1.310,1.570,1.334,World,CabinetD05Door,25.8,28.5,0.633,0.592,0,0,None,None,0,0,0,0,0.1120,0.2546,0.536,0.000,0
67.01,Tarun,AUIT_Multi,BAC,0.985,1.555,0.868,4.1,9.2,0.774,1.562,1.451,1.277,1.562,1.334,World,Wall4m,25.9,29.5,0.620,0.550,0,0,None,None,0,0,0,0,0.1579,0.3471,0.516,0.000,0
67.10,Tarun,AUIT_Multi,BAC,0.988,1.546,0.888,2.6,10.9,0.759,1.554,1.458,1.243,1.554,1.334,World,Wall4m,27.0,29.4,0.614,0.514,0,0,None,None,0,0,0,0,0.1902,0.3570,0.500,0.000,0
67.20,Tarun,AUIT_Multi,BAC,0.990,1.541,0.898,3.0,12.7,0.754,1.546,1.463,1.225,1.546,1.335,World,Wall4m,28.6,28.3,0.613,0.496,0,0,None,None,0,0,0,0,0.1066,0.2037,0.488,0.000,0
67.31,Tarun,AUIT_Multi,BAC,0.990,1.544,0.897,4.3,12.5,0.765,1.543,1.465,1.227,1.543,1.336,World,Wall4m,28.5,26.9,0.611,0.499,0,0,None,None,0,0,0,0,0.0982,0.0389,0.480,0.000,0
67.41,Tarun,AUIT_Multi,BAC,0.989,1.544,0.887,6.1,13.2,0.778,1.544,1.464,1.240,1.544,1.336,World,Wall4m,29.1,26.4,0.614,0.515,0,0,None,None,0,0,0,0,0.1370,0.1356,0.480,0.000,0
67.51,Tarun,AUIT_Multi,BAC,0.989,1.547,0.864,10.4,14.0,0.821,1.544,1.395,1.272,1.544,1.337,World,Wall4m,30.9,24.5,0.557,0.552,0,0,None,None,0,1,0,0,0.8347,0.3291,0.455,0.000,0
67.60,Tarun,AUIT_Multi,BAC,0.985,1.551,0.835,15.3,14.4,0.883,1.547,1.281,1.342,1.547,1.339,World,Wall4m,31.3,24.2,0.458,0.617,0,0,None,None,0,1,0,0,1.3372,0.7155,0.462,0.000,0
67.70,Tarun,AUIT_Multi,BAC,0.983,1.552,0.806,18.1,14.9,0.918,1.551,1.218,1.419,1.551,1.340,World,Wall4m,30.5,25.6,0.417,0.690,0,0,None,None,0,0,0,0,0.7439,0.7941,0.515,0.000,0
67.81,Tarun,AUIT_Multi,BAC,0.983,1.551,0.774,22.1,15.6,0.943,1.551,1.179,1.421,1.547,1.316,World,Wall4m,31.7,22.6,0.407,0.697,0,0,None,None,0,1,0,0,0.4143,0.2226,0.498,0.000,0
67.91,Tarun,AUIT_Multi,BAC,0.986,1.551,0.751,25.8,16.1,0.968,1.551,1.148,1.319,1.537,1.263,World,Wall4m,32.4,16.4,0.398,0.611,0,0,None,None,0,1,0,0,0.4144,1.1928,0.369,0.000,0
68.01,Tarun,AUIT_Multi,BAC,0.990,1.550,0.733,28.9,16.1,0.994,1.550,1.127,1.223,1.528,1.211,World,Wall4m,32.3,14.1,0.394,0.532,0,0,None,None,0,1,0,0,0.3442,1.1261,0.244,0.000,0
68.10,Tarun,AUIT_Multi,BAC,0.996,1.550,0.722,30.7,15.9,1.017,1.550,1.115,1.745,1.546,1.325,World,Wall4m,31.6,25.6,0.394,0.961,0,0,None,None,0,0,0,0,0.2651,5.5016,0.757,0.000,0
68.20,Tarun,AUIT_Multi,BAC,1.008,1.549,0.718,31.7,15.9,1.036,1.550,1.110,1.913,1.549,1.352,World,Wall4m,31.6,27.9,0.393,1.105,0,0,None,None,0,0,0,0,0.2033,1.7533,0.909,0.000,0
68.31,Tarun,AUIT_Multi,BAC,1.033,1.546,0.718,32.8,16.2,1.059,1.546,1.108,1.910,1.540,1.342,World,KitchenOven07,32.8,26.7,0.391,1.076,0,0,None,None,0,0,0,0,0.2056,0.1273,0.883,0.000,0
68.41,Tarun,AUIT_Multi,BAC,1.062,1.541,0.724,33.0,16.7,1.075,1.538,1.110,1.652,1.513,1.262,World,KitchenOven07,34.7,20.6,0.386,0.798,0,0,None,None,0,1,0,0,0.1864,2.7948,0.597,0.000,0
68.51,Tarun,AUIT_Multi,BAC,1.099,1.535,0.733,32.5,17.6,1.091,1.529,1.113,1.395,1.486,1.185,World,KitchenOven07,37.1,12.5,0.380,0.543,0,0,None,None,0,1,0,0,0.1934,2.7712,0.315,0.000,0
68.60,Tarun,AUIT_Multi,BAC,1.143,1.529,0.746,31.3,18.2,1.108,1.520,1.117,1.930,1.520,1.334,World,KitchenOven07,39.7,27.8,0.372,0.983,0,0,None,None,0,0,0,0,0.1989,5.7289,0.850,0.000,0
68.70,Tarun,AUIT_Multi,BAC,1.190,1.522,0.762,29.8,20.5,1.125,1.512,1.122,2.116,1.526,1.414,World,KitchenOven07,43.4,32.1,0.366,1.133,0,0,None,None,0,0,0,0,0.2046,2.0836,1.033,0.000,0
68.81,Tarun,AUIT_Multi,BAC,1.241,1.516,0.779,29.9,21.6,1.147,1.502,1.134,2.183,1.521,1.452,World,KitchenOven07,47.6,32.4,0.368,1.157,0,0,None,None,0,0,0,0,0.2441,0.6918,1.084,0.000,0
68.91,Tarun,AUIT_Multi,BAC,1.280,1.507,0.795,28.6,23.0,1.164,1.493,1.137,2.222,1.515,1.477,World,KitchenOven07,50.3,34.1,0.362,1.163,0,0,None,None,0,0,0,0,0.1963,0.4823,1.112,0.000,0
69.01,Tarun,AUIT_Multi,BAC,1.311,1.496,0.812,28.7,25.9,1.180,1.483,1.140,2.249,1.505,1.508,World,KitchenOven07,53.9,35.5,0.354,1.168,0,0,None,None,0,0,0,0,0.1987,0.4376,1.131,0.000,0
69.10,Tarun,AUIT_Multi,BAC,1.328,1.488,0.827,29.9,27.1,1.196,1.474,1.143,2.282,1.496,1.518,World,KitchenOven07,55.9,36.0,0.343,1.179,0,0,None,None,0,0,0,0,0.1864,0.3699,1.150,0.000,0
69.20,Tarun,AUIT_Multi,BAC,1.334,1.484,0.838,30.4,27.0,1.209,1.465,1.146,2.309,1.488,1.517,World,KitchenOven07,55.4,36.1,0.332,1.188,0,0,None,None,0,0,0,0,0.1678,0.2825,1.161,0.000,0
69.31,Tarun,AUIT_Multi,BAC,1.334,1.479,0.846,30.1,26.8,1.291,1.470,1.187,2.320,1.483,1.523,World,KitchenOven07,43.8,36.4,0.344,1.196,0,0,None,None,0,0,0,0,0.8244,0.1208,1.082,0.000,0
69.41,Tarun,AUIT_Multi,BAC,1.330,1.478,0.849,29.1,26.8,1.353,1.477,1.212,2.044,1.431,1.442,World,KitchenOven07,36.2,31.3,0.364,0.929,0,0,None,None,0,0,0,0,0.6973,2.9966,0.730,0.000,0
69.51,Tarun,AUIT_Multi,BAC,1.326,1.480,0.851,27.0,26.2,1.357,1.478,1.212,1.729,1.382,1.336,World,KitchenOven07,33.6,21.1,0.362,0.638,0,0,None,None,0,1,0,0,0.0370,3.4601,0.404,0.000,0
69.60,Tarun,AUIT_Multi,BAC,1.328,1.482,0.854,25.1,25.5,1.357,1.480,1.212,1.751,1.430,1.326,World,KitchenOven07,32.1,26.4,0.359,0.636,0,0,None,None,0,0,0,0,0.0196,0.5593,0.413,0.000,0
69.70,Tarun,AUIT_Multi,BAC,1.334,1.479,0.861,23.6,25.6,1.356,1.481,1.213,1.808,1.474,1.341,World,KitchenOven07,32.3,32.3,0.354,0.675,0,0,None,None,0,0,0,0,0.0155,0.7555,0.470,0.000,0
69.81,Tarun,AUIT_Multi,BAC,1.349,1.474,0.870,22.1,26.1,1.349,1.478,1.215,1.810,1.477,1.343,World,KitchenOven07,34.3,34.0,0.346,0.660,0,0,None,None,0,0,0,0,0.0741,0.0396,0.479,0.000,0
69.91,Tarun,AUIT_Multi,BAC,1.366,1.466,0.879,21.6,26.8,1.348,1.473,1.217,1.821,1.473,1.343,World,KitchenOven07,36.7,35.1,0.339,0.650,0,0,None,None,0,0,0,0,0.0609,0.1182,0.489,0.000,0
70.01,Tarun,AUIT_Multi,BAC,1.382,1.456,0.888,21.5,28.4,1.351,1.465,1.220,1.851,1.465,1.345,World,KitchenOven07,39.3,37.2,0.334,0.656,0,0,None,None,0,0,0,0,0.0921,0.3250,0.515,0.000,0
70.10,Tarun,AUIT_Multi,BAC,1.393,1.449,0.896,20.9,29.2,1.361,1.456,1.222,1.859,1.456,1.345,World,KitchenOven07,39.5,38.3,0.328,0.647,0,0,None,None,0,0,0,0,0.1403,0.1246,0.513,0.000,0
70.20,Tarun,AUIT_Multi,BAC,1.402,1.444,0.903,20.7,29.1,1.370,1.449,1.225,1.857,1.449,1.345,World,KitchenOven07,39.1,38.0,0.323,0.634,0,0,None,None,0,0,0,0,0.1179,0.0759,0.501,0.000,0
70.31,Tarun,AUIT_Multi,BAC,1.409,1.440,0.912,19.8,28.6,1.378,1.444,1.227,1.851,1.444,1.345,World,KitchenOven07,38.0,38.0,0.316,0.619,0,0,None,None,0,0,0,0,0.0859,0.0675,0.488,0.000,0
70.41,Tarun,AUIT_Multi,BAC,1.414,1.436,0.920,18.9,27.9,1.380,1.440,1.229,1.837,1.440,1.345,World,KitchenOven07,37.4,37.7,0.311,0.599,0,0,None,None,0,0,0,0,0.0485,0.1575,0.471,0.000,0
70.51,Tarun,AUIT_Multi,BAC,1.418,1.431,0.930,18.4,26.6,1.381,1.435,1.231,1.822,1.435,1.345,World,KitchenOven07,36.8,36.7,0.304,0.579,0,0,None,None,0,0,0,0,0.0520,0.1587,0.455,0.000,0
70.60,Tarun,AUIT_Multi,BAC,1.422,1.419,0.944,16.6,24.2,1.382,1.429,1.234,1.805,1.429,1.345,World,KitchenOven07,35.3,36.4,0.293,0.554,0,0,None,None,0,0,0,0,0.0719,0.1885,0.437,0.000,0
70.70,Tarun,AUIT_Multi,BAC,1.425,1.403,0.961,15.4,23.0,1.379,1.417,1.239,1.775,1.417,1.345,World,KitchenOven07,35.4,36.0,0.282,0.520,0,0,None,None,0,0,0,0,0.1386,0.3289,0.410,0.000,0
70.81,Tarun,AUIT_Multi,BAC,1.427,1.384,0.977,14.7,23.0,1.377,1.398,1.245,1.751,1.398,1.349,World,KitchenOven07,35.8,35.5,0.273,0.494,0,0,None,None,0,0,0,0,0.1753,0.2767,0.388,0.000,0
70.91,Tarun,AUIT_Multi,BAC,1.429,1.368,0.988,14.7,24.4,1.385,1.384,1.259,1.769,1.368,1.446,World,KitchenOven07,36.3,32.3,0.275,0.571,0,0,None,None,0,0,0,0,0.2186,1.0658,0.428,0.000,0
71.01,Tarun,AUIT_Multi,BAC,1.430,1.357,0.996,14.9,24.8,1.398,1.372,1.277,1.710,1.328,1.492,World,KitchenOven07,34.7,26.0,0.283,0.571,0,0,None,None,0,0,0,0,0.2669,0.8697,0.381,0.000,0
71.10,Tarun,AUIT_Multi,BAC,1.428,1.349,1.003,14.5,25.9,1.412,1.361,1.296,1.640,1.289,1.529,World,KitchenOven07,33.0,21.1,0.293,0.570,0,0,None,None,0,1,0,0,0.2632,0.9160,0.334,0.000,0
71.20,Tarun,AUIT_Multi,BAC,1.429,1.348,1.005,15.3,26.6,1.425,1.350,1.313,1.975,1.336,1.936,World,KitchenOven07,31.1,29.8,0.309,1.080,0,0,None,None,0,0,0,0,0.2513,5.4465,0.831,0.000,0
71.31,Tarun,AUIT_Multi,BAC,1.426,1.357,1.000,16.8,26.0,1.439,1.340,1.332,1.939,1.349,1.855,World,KitchenOven07,26.9,29.0,0.333,0.997,0,0,None,None,0,0,0,0,0.2341,0.8057,0.723,0.000,0
71.41,Tarun,AUIT_Multi,BAC,1.422,1.367,0.991,18.8,25.3,1.451,1.331,1.348,1.844,1.358,1.665,World,KitchenOven07,23.7,27.8,0.360,0.795,0,0,None,None,1,0,0,0,0.2235,2.1898,0.505,0.000,0
71.51,Tarun,AUIT_Multi,BAC,1.412,1.378,0.977,20.2,24.4,1.462,1.323,1.364,1.739,1.368,1.469,World,KitchenOven07,20.3,26.8,0.394,0.591,0,0,None,None,1,0,0,0,0.2180,2.2867,0.300,0.000,0
71.60,Tarun,AUIT_Multi,BAC,1.396,1.391,0.958,21.9,23.3,1.472,1.315,1.380,1.691,1.380,1.372,World,KitchenOven07,17.3,25.7,0.436,0.509,0,0,None,None,1,0,0,0,0.2100,1.1159,0.228,0.000,0
71.70,Tarun,AUIT_Multi,BAC,1.374,1.405,0.932,23.9,21.8,1.482,1.307,1.396,1.694,1.393,1.351,World,KitchenOven07,14.5,24.3,0.486,0.527,0,0,None,None,1,1,0,0,0.2053,0.2591,0.233,0.000,0
71.81,Tarun,AUIT_Multi,BAC,1.341,1.421,0.893,26.6,19.5,1.492,1.298,1.413,1.713,1.408,1.344,World,Quad,12.0,22.2,0.556,0.585,0,0,None,None,1,1,0,0,0.2004,0.2255,0.256,0.000,0
71.91,Tarun,AUIT_Multi,BAC,1.301,1.437,0.850,29.0,16.5,1.425,1.386,1.247,1.746,1.423,1.343,World,Quad,14.8,19.9,0.418,0.664,0,0,None,None,1,1,0,0,2.0605,0.3734,0.338,0.000,0
72.01,Tarun,AUIT_Multi,BAC,1.253,1.456,0.801,31.1,13.6,1.389,1.434,1.208,1.780,1.439,1.342,World,Wall4m,16.5,17.9,0.429,0.755,0,0,None,None,1,1,0,0,0.7356,0.3917,0.414,0.000,0
72.10,Tarun,AUIT_Multi,BAC,1.199,1.476,0.749,32.9,9.6,1.366,1.457,1.198,1.822,1.458,1.341,World,Quad,14.4,15.9,0.480,0.861,0,0,None,None,1,1,0,1,0.3498,0.4751,0.478,0.000,0
72.20,Tarun,AUIT_Multi,BAC,1.144,1.501,0.698,32.7,5.5,1.332,1.479,1.185,1.844,1.479,1.339,World,Quad,11.9,15.4,0.522,0.950,0,0,None,None,1,1,0,1,0.4383,0.3111,0.534,0.000,0
72.31,Tarun,AUIT_Multi,BAC,1.094,1.524,0.645,32.8,5.5,1.285,1.506,1.164,1.845,1.506,1.335,World,Quad,13.1,15.2,0.553,1.020,0,0,None,None,1,1,0,1,0.5199,0.2417,0.585,0.000,0
72.41,Tarun,AUIT_Multi,BAC,1.065,1.540,0.604,33.4,6.7,1.252,1.525,1.130,1.861,1.525,1.333,World,Quad,14.8,15.3,0.559,1.080,0,0,None,None,1,1,0,1,0.5292,0.2603,0.642,0.000,0
72.51,Tarun,AUIT_Multi,BAC,1.047,1.549,0.568,33.9,9.2,1.235,1.540,1.110,1.910,1.540,1.349,World,Quad,16.9,16.4,0.574,1.164,0,0,None,None,1,1,0,1,0.3107,0.5460,0.716,0.000,0
72.60,Tarun,AUIT_Multi,BAC,1.040,1.556,0.535,34.6,10.7,1.229,1.549,1.098,1.946,1.549,1.342,World,Quad,18.9,17.1,0.594,1.214,0,0,None,None,1,1,0,1,0.1674,0.3946,0.757,0.000,0
72.70,Tarun,AUIT_Multi,BAC,1.039,1.559,0.503,35.3,12.5,1.225,1.556,1.086,1.973,1.556,1.284,World,Wall4m,21.3,19.1,0.611,1.217,0,0,None,None,1,1,0,1,0.1506,0.6549,0.774,0.000,0
72.81,Tarun,AUIT_Multi,BAC,1.048,1.557,0.470,35.4,14.3,1.221,1.558,1.072,2.005,1.558,1.210,World,KitchenOven07,24.0,22.0,0.626,1.210,0,0,None,None,1,1,0,1,0.1299,0.7263,0.796,0.000,0
72.91,Tarun,AUIT_Multi,BAC,1.066,1.557,0.447,34.8,13.7,1.218,1.557,1.062,2.031,1.557,1.161,World,KitchenOven07,24.9,23.0,0.633,1.200,0,0,None,None,1,1,0,1,0.1123,0.5758,0.819,0.000,0
73.01,Tarun,AUIT_Multi,BAC,1.088,1.556,0.427,34.5,13.5,1.216,1.556,1.053,2.064,1.556,1.116,World,KitchenOven07,26.5,24.2,0.638,1.194,0,0,None,None,0,1,0,1,0.0930,0.5759,0.851,0.000,0
73.10,Tarun,AUIT_Multi,BAC,1.107,1.556,0.408,35.3,14.0,1.214,1.556,1.045,2.109,1.556,1.060,World,KitchenOven07,29.1,25.6,0.646,1.195,0,0,None,None,0,0,0,0,0.0767,0.7390,0.895,0.000,0
73.20,Tarun,AUIT_Multi,BAC,1.114,1.558,0.387,37.2,13.9,1.233,1.556,1.050,2.151,1.556,0.996,World,KitchenOven07,30.1,26.1,0.673,1.203,0,0,None,None,0,0,0,0,0.2001,0.7877,0.919,0.000,0
73.31,Tarun,AUIT_Multi,BAC,1.107,1.564,0.364,36.8,12.6,1.254,1.559,1.051,2.171,1.559,0.946,World,Wall4m,27.4,27.4,0.703,1.213,0,0,None,None,0,0,0,0,0.1900,0.4828,0.923,0.000,0
73.41,Tarun,AUIT_Multi,BAC,1.093,1.568,0.348,35.7,11.5,1.242,1.564,1.036,2.158,1.564,0.937,World,Wall4m,25.9,27.6,0.704,1.217,0,0,None,None,0,0,0,0,0.2056,0.1695,0.922,0.000,0
73.51,Tarun,AUIT_Multi,BAC,1.075,1.572,0.338,36.1,10.3,1.221,1.569,1.024,2.139,1.569,0.931,World,Wall4m,26.0,26.6,0.701,1.218,0,0,None,None,0,0,0,0,0.2463,0.2092,0.922,0.000,0
73.60,Tarun,AUIT_Multi,BAC,1.054,1.575,0.334,37.0,9.2,1.214,1.572,1.021,2.121,1.572,0.921,World,Wall4m,25.4,25.7,0.706,1.218,0,0,None,None,0,0,0,0,0.0882,0.2131,0.912,0.000,0
73.70,Tarun,AUIT_Multi,BAC,1.031,1.575,0.336,38.1,9.2,1.210,1.574,1.020,2.104,1.574,0.912,World,Wall4m,25.1,25.3,0.708,1.217,0,0,None,None,0,0,0,0,0.0442,0.2063,0.900,0.000,0
73.81,Tarun,AUIT_Multi,BAC,1.004,1.578,0.343,38.4,9.2,1.202,1.576,1.019,2.085,1.576,0.902,World,Wall4m,23.8,25.8,0.704,1.217,0,0,None,None,1,0,0,0,0.0820,0.1955,0.891,0.000,0
73.91,Tarun,AUIT_Multi,BAC,0.981,1.579,0.351,37.7,8.7,1.165,1.578,1.012,2.067,1.578,0.895,World,Wall4m,23.7,27.0,0.687,1.215,0,0,None,None,1,0,0,0,0.3850,0.1898,0.910,0.000,0
74.01,Tarun,AUIT_Multi,BAC,0.964,1.581,0.356,38.4,8.1,1.131,1.579,1.010,2.046,1.579,0.900,World,Wall4m,25.2,26.1,0.676,1.212,0,0,None,None,0,0,0,0,0.3485,0.2246,0.922,0.000,0
74.10,Tarun,AUIT_Multi,BAC,0.951,1.583,0.358,40.2,6.9,1.125,1.581,1.012,2.037,1.581,0.889,World,Wall4m,26.1,24.6,0.677,1.210,0,0,None,None,0,1,0,1,0.0670,0.1463,0.921,0.000,0
74.20,Tarun,AUIT_Multi,BAC,0.941,1.588,0.358,42.8,4.3,1.134,1.584,1.014,2.042,1.584,0.855,World,CabinetDCorner02,26.7,23.3,0.684,1.208,0,0,None,None,0,1,0,1,0.0966,0.3616,0.923,0.000,0
74.31,Tarun,AUIT_Multi,BAC,0.934,1.593,0.358,45.3,2.4,1.160,1.589,1.020,2.055,1.589,0.800,World,Wall4m,26.5,23.3,0.700,1.205,0,0,None,None,0,1,0,1,0.2516,0.5122,0.922,0.000,0
74.41,Tarun,AUIT_Multi,BAC,0.929,1.596,0.359,46.4,1.2,1.180,1.593,1.025,2.063,1.593,0.764,World,Wall4m,25.8,24.0,0.712,1.204,0,0,None,None,0,1,0,1,0.2083,0.3794,0.921,0.000,0
74.51,Tarun,AUIT_Multi,BAC,0.926,1.599,0.359,47.1,359.9,1.192,1.596,1.029,1.918,1.594,0.768,World,Wall4m,25.4,20.5,0.720,1.073,0,0,None,None,0,1,0,1,0.1348,1.4952,0.771,0.000,0
74.60,Tarun,AUIT_Multi,BAC,0.924,1.599,0.361,47.1,359.8,1.196,1.598,1.030,1.674,1.594,0.794,World,Wall4m,25.0,12.9,0.722,0.866,0,0,None,None,1,1,0,1,0.0492,2.5217,0.533,0.000,0
74.70,Tarun,AUIT_Multi,BAC,0.925,1.600,0.362,47.2,359.2,1.197,1.599,1.030,1.431,1.594,0.819,World,Wall4m,25.1,1.5,0.721,0.682,0,0,None,None,0,1,0,0,0.0130,2.5097,0.315,0.000,0
74.81,Tarun,AUIT_Multi,BAC,0.927,1.601,0.364,47.1,358.9,1.199,1.600,1.031,1.975,1.600,0.742,World,Wall4m,25.0,23.1,0.721,1.114,0,0,None,None,1,1,0,1,0.0256,4.9436,0.828,0.000,0
74.91,Tarun,AUIT_Multi,BAC,0.929,1.601,0.366,46.7,359.0,1.199,1.601,1.032,2.056,1.601,0.738,World,Wall4m,24.6,25.1,0.719,1.187,0,0,None,None,1,0,0,0,0.0046,0.8345,0.906,0.000,0
75.01,Tarun,AUIT_Multi,BAC,0.932,1.599,0.367,46.0,0.3,1.191,1.600,1.029,2.066,1.600,0.747,World,Wall4m,24.5,25.5,0.711,1.196,0,0,None,None,1,0,0,0,0.0844,0.1398,0.919,0.000,0
75.10,Tarun,AUIT_Multi,BAC,0.934,1.599,0.367,46.3,359.8,1.187,1.599,1.028,2.067,1.599,0.755,World,Wall4m,25.3,24.8,0.708,1.198,0,0,None,None,0,1,0,1,0.0401,0.0870,0.921,0.000,0
75.20,Tarun,AUIT_Multi,BAC,0.935,1.600,0.367,46.2,359.4,1.191,1.600,1.030,2.070,1.600,0.753,World,Wall4m,25.1,25.0,0.711,1.199,0,0,None,None,0,1,0,1,0.0437,0.0361,0.921,0.000,0
75.31,Tarun,AUIT_Multi,BAC,0.936,1.601,0.368,46.1,359.3,1.192,1.600,1.030,2.071,1.600,0.755,World,Wall4m,25.0,25.0,0.710,1.199,0,0,None,None,0,0,0,0,0.0082,0.0165,0.921,0.000,0
75.41,Tarun,AUIT_Multi,BAC,0.936,1.601,0.366,46.2,359.1,1.192,1.601,1.030,2.072,1.601,0.755,World,Wall4m,25.1,24.9,0.711,1.200,0,0,None,None,0,1,0,1,0.0071,0.0078,0.921,0.000,0
75.51,Tarun,AUIT_Multi,BAC,0.937,1.602,0.364,46.6,358.9,1.195,1.601,1.031,2.073,1.601,0.751,World,Wall4m,25.4,24.6,0.715,1.200,0,0,None,None,0,1,0,1,0.0317,0.0413,0.921,0.000,0
75.60,Tarun,AUIT_Multi,BAC,0.936,1.603,0.362,47.2,358.4,1.202,1.602,1.033,2.076,1.602,0.741,World,Wall4m,25.6,24.5,0.722,1.201,0,0,None,None,0,1,0,1,0.0783,0.1064,0.921,0.000,0
75.70,Tarun,AUIT_Multi,BAC,0.936,1.605,0.360,47.8,357.4,1.213,1.603,1.037,2.079,1.603,0.728,World,Wall4m,25.7,24.5,0.731,1.201,0,0,None,None,0,1,0,1,0.1119,0.1469,0.920,0.000,0
75.81,Tarun,AUIT_Multi,BAC,0.934,1.611,0.355,49.3,353.5,1.230,1.607,1.044,2.084,1.607,0.705,World,Wall4m,26.9,24.7,0.750,1.202,0,0,None,None,0,1,0,1,0.1720,0.2125,0.919,0.000,0
75.91,Tarun,AUIT_Multi,BAC,0.932,1.612,0.353,50.0,353.2,1.249,1.611,1.053,2.089,1.611,0.680,World,Wall4m,26.5,25.1,0.768,1.202,0,0,None,None,0,0,0,0,0.2228,0.2668,0.919,0.000,0
76.01,Tarun,AUIT_Multi,BAC,0.931,1.611,0.353,50.0,353.7,1.258,1.611,1.056,2.090,1.611,0.666,World,Wall4m,25.8,25.6,0.776,1.201,0,0,None,None,0,0,0,0,0.0959,0.1362,0.919,0.000,0
76.10,Tarun,AUIT_Multi,BAC,0.928,1.611,0.353,49.7,353.6,1.256,1.611,1.053,2.089,1.611,0.665,World,Wall4m,25.4,26.0,0.774,1.202,0,0,None,None,0,0,0,0,0.0335,0.0241,0.919,0.000,0
76.20,Tarun,AUIT_Multi,BAC,0.926,1.611,0.352,49.2,353.6,1.247,1.611,1.048,2.085,1.611,0.671,World,Wall4m,25.3,26.1,0.766,1.202,0,0,None,None,0,0,0,0,0.1112,0.0719,0.919,0.000,0
76.31,Tarun,AUIT_Multi,BAC,0.925,1.610,0.351,49.0,353.6,1.237,1.611,1.043,2.081,1.611,0.677,World,Wall4m,25.5,25.9,0.760,1.201,0,0,None,None,0,0,0,0,0.0958,0.0731,0.919,0.000,0
76.41,Tarun,AUIT_Multi,BAC,0.924,1.610,0.349,49.1,353.6,1.234,1.610,1.042,2.079,1.610,0.679,World,Wall4m,25.7,25.7,0.759,1.201,0,0,None,None,0,0,0,0,0.0403,0.0298,0.919,0.000,0
76.51,Tarun,AUIT_Multi,BAC,0.923,1.610,0.347,49.0,353.6,1.233,1.610,1.041,2.077,1.610,0.679,World,Wall4m,25.7,25.8,0.759,1.201,0,0,None,None,0,0,0,0,0.0146,0.0133,0.919,0.000,0
76.60,Tarun,AUIT_Multi,BAC,0.922,1.611,0.346,49.0,353.5,1.231,1.610,1.039,2.076,1.610,0.679,World,Wall4m,25.8,25.7,0.759,1.201,0,0,None,None,0,0,0,0,0.0234,0.0125,0.919,0.000,0
76.70,Tarun,AUIT_Multi,BAC,0.922,1.611,0.346,49.1,353.5,1.231,1.611,1.040,2.076,1.611,0.677,World,Wall4m,25.9,25.7,0.760,1.200,0,0,None,None,0,0,0,0,0.0044,0.0181,0.919,0.000,0
76.81,Tarun,AUIT_Multi,BAC,0.922,1.610,0.346,49.6,353.6,1.235,1.611,1.042,2.077,1.611,0.672,World,Wall4m,26.1,25.4,0.763,1.200,0,0,None,None,0,0,0,0,0.0443,0.0461,0.919,0.000,0
76.91,Tarun,AUIT_Multi,BAC,0.921,1.610,0.348,49.6,353.6,1.240,1.610,1.045,2.078,1.610,0.667,World,Wall4m,25.8,25.7,0.767,1.200,0,0,None,None,0,0,0,0,0.0579,0.0575,0.919,0.000,0
77.01,Tarun,AUIT_Multi,BAC,0.920,1.609,0.350,49.6,354.0,1.240,1.610,1.044,2.078,1.610,0.666,World,Wall4m,25.5,25.8,0.764,1.200,0,0,None,None,0,0,0,0,0.0067,0.0051,0.919,0.000,0
77.10,Tarun,AUIT_Multi,BAC,0.920,1.608,0.352,49.9,354.3,1.240,1.609,1.045,2.078,1.609,0.667,World,Wall4m,25.8,25.5,0.763,1.200,0,0,None,None,0,0,0,0,0.0135,0.0106,0.919,0.000,0
77.20,Tarun,AUIT_Multi,BAC,0.920,1.607,0.356,49.9,355.0,1.243,1.608,1.048,2.079,1.608,0.665,World,Wall4m,25.4,25.5,0.764,1.199,0,0,None,None,0,0,0,0,0.0411,0.0227,0.919,0.000,0
77.31,Tarun,AUIT_Multi,BAC,0.920,1.606,0.358,50.1,355.3,1.242,1.607,1.048,2.079,1.607,0.668,World,Wall4m,25.5,25.4,0.762,1.200,0,0,None,None,0,0,0,0,0.0147,0.0246,0.919,0.000,0
77.41,Tarun,AUIT_Multi,BAC,0.919,1.605,0.358,50.5,355.6,1.245,1.606,1.051,2.080,1.606,0.665,World,Wall4m,25.6,25.1,0.766,1.200,0,0,None,None,0,0,0,0,0.0472,0.0273,0.919,0.000,0
77.51,Tarun,AUIT_Multi,BAC,0.918,1.605,0.358,50.9,355.4,1.251,1.605,1.055,2.081,1.605,0.659,World,Wall4m,25.7,25.0,0.773,1.201,0,0,None,None,0,1,0,1,0.0751,0.0699,0.919,0.000,0
77.60,Tarun,AUIT_Multi,BAC,0.916,1.605,0.357,51.6,355.3,1.261,1.605,1.061,2.082,1.605,0.648,World,Wall4m,25.9,24.8,0.784,1.202,0,0,None,None,0,1,0,1,0.1111,0.1117,0.919,0.000,0
77.70,Tarun,AUIT_Multi,BAC,0.913,1.605,0.357,52.4,355.1,1.274,1.605,1.069,2.083,1.605,0.633,World,Wall4m,26.0,24.8,0.799,1.203,0,0,None,None,0,1,0,1,0.1616,0.1522,0.920,0.000,0
77.81,Tarun,AUIT_Multi,BAC,0.909,1.604,0.358,53.3,355.3,1.291,1.605,1.083,2.084,1.605,0.615,World,Wall4m,25.9,24.8,0.819,1.203,0,0,None,None,0,1,0,1,0.1991,0.1674,0.920,0.000,0
77.91,Tarun,AUIT_Multi,BAC,0.905,1.604,0.361,54.4,355.3,1.303,1.604,1.087,2.084,1.604,0.598,World,Wall4m,26.0,24.7,0.829,1.203,0,0,None,None,0,1,0,1,0.1336,0.1671,0.921,0.000,0
78.01,Tarun,AUIT_Multi,BAC,0.901,1.603,0.363,55.5,355.6,1.316,1.603,1.088,2.084,1.603,0.579,World,Wall4m,26.0,24.5,0.836,1.203,0,0,None,None,0,1,0,1,0.1306,0.1933,0.921,0.000,0
78.11,Tarun,AUIT_Multi,BAC,0.897,1.601,0.366,56.5,356.0,1.330,1.602,1.090,2.084,1.602,0.559,World,Wall4m,25.8,24.6,0.843,1.203,0,0,None,None,0,1,0,1,0.1315,0.1871,0.922,0.000,0
78.20,Tarun,AUIT_Multi,BAC,0.892,1.600,0.369,57.1,356.3,1.339,1.601,1.091,2.083,1.601,0.545,World,Wall4m,25.5,24.8,0.849,1.204,0,0,None,None,0,1,0,1,0.1072,0.1638,0.922,0.000,0
78.31,Tarun,AUIT_Multi,BAC,0.887,1.599,0.371,58.0,356.4,1.348,1.600,1.092,2.080,1.600,0.531,World,Wall4m,25.6,24.7,0.855,1.204,0,0,None,None,0,1,0,1,0.0755,0.1330,0.923,0.000,0
78.41,Tarun,AUIT_Multi,BAC,0.883,1.599,0.373,58.7,356.5,1.356,1.599,1.093,2.078,1.599,0.517,World,Wall4m,25.6,24.7,0.862,1.204,0,0,None,None,0,1,0,1,0.0844,0.1423,0.924,0.000,0
78.51,Tarun,AUIT_Multi,BAC,0.878,1.599,0.373,59.1,356.4,1.363,1.599,1.094,2.075,1.599,0.504,World,Wall4m,25.4,24.9,0.868,1.204,0,0,None,None,0,1,0,1,0.0753,0.1343,0.924,0.000,0
78.60,Tarun,AUIT_Multi,BAC,0.874,1.599,0.373,59.4,356.2,1.366,1.599,1.094,2.071,1.599,0.496,World,Wall4m,25.3,25.0,0.873,1.204,0,0,None,None,0,1,0,1,0.0328,0.0919,0.925,0.000,0
78.70,Tarun,AUIT_Multi,BAC,0.870,1.599,0.372,59.7,356.0,1.368,1.599,1.094,2.068,1.599,0.489,World,Wall4m,25.4,25.0,0.878,1.204,0,0,None,None,0,0,0,0,0.0200,0.0833,0.925,0.000,0
78.81,Tarun,AUIT_Multi,BAC,0.866,1.600,0.371,59.8,355.8,1.369,1.599,1.094,2.064,1.599,0.482,World,Wall4m,25.3,25.2,0.881,1.203,0,0,None,None,0,0,0,0,0.0113,0.0713,0.925,0.000,0
78.91,Tarun,AUIT_Multi,BAC,0.863,1.599,0.370,59.8,356.1,1.369,1.599,1.094,2.060,1.599,0.481,World,Wall4m,25.1,25.2,0.883,1.203,0,0,None,None,0,0,0,0,0.0074,0.0383,0.924,0.000,0
79.01,Tarun,AUIT_Multi,BAC,0.861,1.598,0.370,59.7,356.5,1.367,1.599,1.093,2.058,1.599,0.480,World,Wall4m,25.0,25.3,0.882,1.201,0,0,None,None,1,0,1,0,0.0186,0.0277,0.924,0.000,0
79.10,Tarun,AUIT_Multi,BAC,0.862,1.597,0.372,59.3,357.2,1.361,1.598,1.093,2.056,1.598,0.483,World,Wall4m,24.8,25.5,0.878,1.200,0,0,None,None,1,0,1,0,0.0606,0.0354,0.925,0.000,0
79.20,Tarun,AUIT_Multi,BAC,0.864,1.597,0.374,58.1,358.1,1.351,1.597,1.094,2.056,1.597,0.495,World,Wall4m,24.0,26.2,0.869,1.198,0,0,None,None,1,0,1,0,0.0994,0.1145,0.925,0.000,0
79.31,Tarun,AUIT_Multi,BAC,0.869,1.593,0.373,55.2,0.0,1.321,1.596,1.092,2.054,1.596,0.532,World,Wall4m,23.0,27.2,0.850,1.196,0,0,None,None,1,0,1,0,0.2696,0.3418,0.922,0.000,0
79.42,Tarun,AUIT_Multi,BAC,0.877,1.589,0.368,51.7,2.8,1.264,1.593,1.061,2.050,1.593,0.587,World,Wall4m,22.7,27.9,0.793,1.194,0,0,None,None,1,0,0,0,0.6075,0.5061,0.918,0.000,0
79.60,Tarun,AUIT_Multi,BAC,1.000,0.000,0.500,0.0,0.0,1.211,1.588,1.035,2.044,1.588,0.649,World,CabinetD01,71.5,85.5,1.689,1.906,0,0,None,None,0,0,0,0,0.3282,0.3473,0.918,0.000,0
